timestamp,open,high,low,close,volume
2025-10-12 04:00:00,110654.1,111933.2,110566.8,111473.7,279687.29
2025-10-12 05:00:00,111473.7,111763.0,111121.8,111652.0,151530.82
2025-10-12 05:00:00,111473.7,111763.0,111121.8,111652.0,151530.82
2025-10-12 06:00:00,111652.0,112075.8,111558.3,111622.0,190321.03
2025-10-12 06:00:00,111652.0,112075.8,111558.3,111622.0,190321.03
2025-10-12 06:00:00,111652.0,112075.8,111558.3,111622.0,190321.03
2025-10-12 07:00:00,111622.0,111884.1,111435.3,111478.9,191551.8
2025-10-12 07:00:00,111622.0,111884.1,111435.3,111478.9,191551.8
2025-10-12 07:00:00,111622.0,111884.1,111435.3,111478.9,191551.8
2025-10-12 07:00:00,111622.0,111884.1,111435.3,111478.9,191551.8
2025-10-12 08:00:00,111478.9,111767.1,111235.3,111256.1,207219.64
2025-10-12 08:00:00,111478.9,111767.1,111235.3,111256.1,207219.64
2025-10-12 08:00:00,111478.9,111767.1,111235.3,111256.1,207219.64
2025-10-12 08:00:00,111478.9,111767.1,111235.3,111256.1,207219.64
2025-10-12 08:00:00,111478.9,111767.1,111235.3,111256.1,207219.64
2025-10-12 09:00:00,111256.2,111855.0,111074.9,111764.1,196776.67
2025-10-12 09:00:00,111256.2,111855.0,111074.9,111764.1,196776.67
2025-10-12 09:00:00,111256.2,111855.0,111074.9,111764.1,196776.67
2025-10-12 09:00:00,111256.2,111855.0,111074.9,111764.1,196776.67
2025-10-12 09:00:00,111256.2,111855.0,111074.9,111764.1,196776.67
2025-10-12 09:00:00,111256.2,111855.0,111074.9,111764.1,196776.67
2025-10-12 10:00:00,111764.2,111974.6,111373.1,111592.0,169554.31
2025-10-12 10:00:00,111764.2,111974.6,111373.1,111592.0,169554.31
2025-10-12 10:00:00,111764.2,111974.6,111373.1,111592.0,169554.31
2025-10-12 10:00:00,111764.2,111974.6,111373.1,111592.0,169554.31
2025-10-12 10:00:00,111764.2,111974.6,111373.1,111592.0,169554.31
2025-10-12 10:00:00,111764.2,111974.6,111373.1,111592.0,169554.31
2025-10-12 10:00:00,111764.2,111974.6,111373.1,111592.0,169554.31
2025-10-12 11:00:00,111592.1,112064.7,111408.1,111778.9,157086.05
2025-10-12 11:00:00,111592.1,112064.7,111408.1,111778.9,157086.05
2025-10-12 11:00:00,111592.1,112064.7,111408.1,111778.9,157086.05
2025-10-12 11:00:00,111592.1,112064.7,111408.1,111778.9,157086.05
2025-10-12 11:00:00,111592.1,112064.7,111408.1,111778.9,157086.05
2025-10-12 11:00:00,111592.1,112064.7,111408.1,111778.9,157086.05
2025-10-12 11:00:00,111592.1,112064.7,111408.1,111778.9,157086.05
2025-10-12 11:00:00,111592.1,112064.7,111408.1,111778.9,157086.05
2025-10-12 12:00:00,111778.9,112199.8,111448.7,111725.0,216331.02
2025-10-12 12:00:00,111778.9,112199.8,111448.7,111725.0,216331.02
2025-10-12 12:00:00,111778.9,112199.8,111448.7,111725.0,216331.02
2025-10-12 12:00:00,111778.9,112199.8,111448.7,111725.0,216331.02
2025-10-12 12:00:00,111778.9,112199.8,111448.7,111725.0,216331.02
2025-10-12 12:00:00,111778.9,112199.8,111448.7,111725.0,216331.02
2025-10-12 12:00:00,111778.9,112199.8,111448.7,111725.0,216331.02
2025-10-12 12:00:00,111778.9,112199.8,111448.7,111725.0,216331.02
2025-10-12 12:00:00,111778.9,112199.8,111448.7,111725.0,216331.02
2025-10-12 13:00:00,111725.6,111887.9,111181.6,111246.0,228983.4
2025-10-12 13:00:00,111725.6,111887.9,111181.6,111246.0,228983.4
2025-10-12 13:00:00,111725.6,111887.9,111181.6,111246.0,228983.4
2025-10-12 13:00:00,111725.6,111887.9,111181.6,111246.0,228983.4
2025-10-12 13:00:00,111725.6,111887.9,111181.6,111246.0,228983.4
2025-10-12 13:00:00,111725.6,111887.9,111181.6,111246.0,228983.4
2025-10-12 13:00:00,111725.6,111887.9,111181.6,111246.0,228983.4
2025-10-12 13:00:00,111725.6,111887.9,111181.6,111246.0,228983.4
2025-10-12 13:00:00,111725.6,111887.9,111181.6,111246.0,228983.4
2025-10-12 13:00:00,111725.6,111887.9,111181.6,111246.0,228983.4
2025-10-12 14:00:00,111245.9,112967.4,111131.4,112312.4,888045.94
2025-10-12 14:00:00,111245.9,112967.4,111131.4,112312.4,888045.94
2025-10-12 14:00:00,111245.9,112967.4,111131.4,112312.4,888045.94
2025-10-12 14:00:00,111245.9,112967.4,111131.4,112312.4,888045.94
2025-10-12 14:00:00,111245.9,112967.4,111131.4,112312.4,888045.94
2025-10-12 14:00:00,111245.9,112967.4,111131.4,112312.4,888045.94
2025-10-12 14:00:00,111245.9,112967.4,111131.4,112312.4,888045.94
2025-10-12 14:00:00,111245.9,112967.4,111131.4,112312.4,888045.94
2025-10-12 14:00:00,111245.9,112967.4,111131.4,112312.4,888045.94
2025-10-12 14:00:00,111245.9,112967.4,111131.4,112312.4,888045.94
2025-10-12 14:00:00,111245.9,112967.4,111131.4,112312.4,888045.94
2025-10-12 15:00:00,112312.3,113707.4,112033.4,113168.9,1212103.93
2025-10-12 15:00:00,112312.3,113707.4,112033.4,113168.9,1212103.93
2025-10-12 15:00:00,112312.3,113707.4,112033.4,113168.9,1212103.93
2025-10-12 15:00:00,112312.3,113707.4,112033.4,113168.9,1212103.93
2025-10-12 15:00:00,112312.3,113707.4,112033.4,113168.9,1212103.93
2025-10-12 15:00:00,112312.3,113707.4,112033.4,113168.9,1212103.93
2025-10-12 15:00:00,112312.3,113707.4,112033.4,113168.9,1212103.93
2025-10-12 15:00:00,112312.3,113707.4,112033.4,113168.9,1212103.93
2025-10-12 15:00:00,112312.3,113707.4,112033.4,113168.9,1212103.93
2025-10-12 15:00:00,112312.3,113707.4,112033.4,113168.9,1212103.93
2025-10-12 15:00:00,112312.3,113707.4,112033.4,113168.9,1212103.93
2025-10-12 15:00:00,112312.3,113707.4,112033.4,113168.9,1212103.93
2025-10-12 16:00:00,113168.8,114685.8,113168.8,114028.3,979932.04
2025-10-12 16:00:00,113168.8,114685.8,113168.8,114028.3,979932.04
2025-10-12 16:00:00,113168.8,114685.8,113168.8,114028.3,979932.04
2025-10-12 16:00:00,113168.8,114685.8,113168.8,114028.3,979932.04
2025-10-12 16:00:00,113168.8,114685.8,113168.8,114028.3,979932.04
2025-10-12 16:00:00,113168.8,114685.8,113168.8,114028.3,979932.04
2025-10-12 16:00:00,113168.8,114685.8,113168.8,114028.3,979932.04
2025-10-12 16:00:00,113168.8,114685.8,113168.8,114028.3,979932.04
2025-10-12 16:00:00,113168.8,114685.8,113168.8,114028.3,979932.04
2025-10-12 16:00:00,113168.8,114685.8,113168.8,114028.3,979932.04
2025-10-12 16:00:00,113168.8,114685.8,113168.8,114028.3,979932.04
2025-10-12 16:00:00,113168.8,114685.8,113168.8,114028.3,979932.04
2025-10-12 16:00:00,113168.8,114685.8,113168.8,114028.3,979932.04
2025-10-12 17:00:00,114028.4,114404.9,113469.7,113765.0,388856.86
2025-10-12 17:00:00,114028.4,114404.9,113469.7,113765.0,388856.86
2025-10-12 17:00:00,114028.4,114404.9,113469.7,113765.0,388856.86
2025-10-12 17:00:00,114028.4,114404.9,113469.7,113765.0,388856.86
2025-10-12 17:00:00,114028.4,114404.9,113469.7,113765.0,388856.86
2025-10-12 17:00:00,114028.4,114404.9,113469.7,113765.0,388856.86
2025-10-12 17:00:00,114028.4,114404.9,113469.7,113765.0,388856.86
2025-10-12 17:00:00,114028.4,114404.9,113469.7,113765.0,388856.86
2025-10-12 17:00:00,114028.4,114404.9,113469.7,113765.0,388856.86
2025-10-12 17:00:00,114028.4,114404.9,113469.7,113765.0,388856.86
2025-10-12 17:00:00,114028.4,114404.9,113469.7,113765.0,388856.86
2025-10-12 17:00:00,114028.4,114404.9,113469.7,113765.0,388856.86
2025-10-12 17:00:00,114028.4,114404.9,113469.7,113765.0,388856.86
2025-10-12 17:00:00,114028.4,114404.9,113469.7,113765.0,388856.86
2025-10-12 18:00:00,113765.1,114190.0,113505.0,113825.0,195897.56
2025-10-12 18:00:00,113765.1,114190.0,113505.0,113825.0,195897.56
2025-10-12 18:00:00,113765.1,114190.0,113505.0,113825.0,195897.56
2025-10-12 18:00:00,113765.1,114190.0,113505.0,113825.0,195897.56
2025-10-12 18:00:00,113765.1,114190.0,113505.0,113825.0,195897.56
2025-10-12 18:00:00,113765.1,114190.0,113505.0,113825.0,195897.56
2025-10-12 18:00:00,113765.1,114190.0,113505.0,113825.0,195897.56
2025-10-12 18:00:00,113765.1,114190.0,113505.0,113825.0,195897.56
2025-10-12 18:00:00,113765.1,114190.0,113505.0,113825.0,195897.56
2025-10-12 18:00:00,113765.1,114190.0,113505.0,113825.0,195897.56
2025-10-12 18:00:00,113765.1,114190.0,113505.0,113825.0,195897.56
2025-10-12 18:00:00,113765.1,114190.0,113505.0,113825.0,195897.56
2025-10-12 18:00:00,113765.1,114190.0,113505.0,113825.0,195897.56
2025-10-12 18:00:00,113765.1,114190.0,113505.0,113825.0,195897.56
2025-10-12 18:00:00,113765.1,114190.0,113505.0,113825.0,195897.56
2025-10-12 19:00:00,113825.1,114349.8,113775.0,114286.6,152002.52
2025-10-12 19:00:00,113825.1,114349.8,113775.0,114286.6,152002.52
2025-10-12 19:00:00,113825.1,114349.8,113775.0,114286.6,152002.52
2025-10-12 19:00:00,113825.1,114349.8,113775.0,114286.6,152002.52
2025-10-12 19:00:00,113825.1,114349.8,113775.0,114286.6,152002.52
2025-10-12 19:00:00,113825.1,114349.8,113775.0,114286.6,152002.52
2025-10-12 19:00:00,113825.1,114349.8,113775.0,114286.6,152002.52
2025-10-12 19:00:00,113825.1,114349.8,113775.0,114286.6,152002.52
2025-10-12 19:00:00,113825.1,114349.8,113775.0,114286.6,152002.52
2025-10-12 19:00:00,113825.1,114349.8,113775.0,114286.6,152002.52
2025-10-12 19:00:00,113825.1,114349.8,113775.0,114286.6,152002.52
2025-10-12 19:00:00,113825.1,114349.8,113775.0,114286.6,152002.52
2025-10-12 19:00:00,113825.1,114349.8,113775.0,114286.6,152002.52
2025-10-12 19:00:00,113825.1,114349.8,113775.0,114286.6,152002.52
2025-10-12 19:00:00,113825.1,114349.8,113775.0,114286.6,152002.52
2025-10-12 20:00:00,114286.7,115395.0,114286.6,114868.8,417352.04
2025-10-12 20:00:00,114286.7,115395.0,114286.6,114868.8,417352.04
2025-10-12 20:00:00,114286.7,115395.0,114286.6,114868.8,417352.04
2025-10-12 20:00:00,114286.7,115395.0,114286.6,114868.8,417352.04
2025-10-12 20:00:00,114286.7,115395.0,114286.6,114868.8,417352.04
2025-10-12 20:00:00,114286.7,115395.0,114286.6,114868.8,417352.04
2025-10-12 20:00:00,114286.7,115395.0,114286.6,114868.8,417352.04
2025-10-12 20:00:00,114286.7,115395.0,114286.6,114868.8,417352.04
2025-10-12 20:00:00,114286.7,115395.0,114286.6,114868.8,417352.04
2025-10-12 20:00:00,114286.7,115395.0,114286.6,114868.8,417352.04
2025-10-12 20:00:00,114286.7,115395.0,114286.6,114868.8,417352.04
2025-10-12 20:00:00,114286.7,115395.0,114286.6,114868.8,417352.04
2025-10-12 20:00:00,114286.7,115395.0,114286.6,114868.8,417352.04
2025-10-12 20:00:00,114286.7,115395.0,114286.6,114868.8,417352.04
2025-10-12 20:00:00,114286.7,115395.0,114286.6,114868.8,417352.04
2025-10-12 21:00:00,114868.8,115599.9,114174.9,114826.8,367971.86
2025-10-12 21:00:00,114868.8,115599.9,114174.9,114826.8,367971.86
2025-10-12 21:00:00,114868.8,115599.9,114174.9,114826.8,367971.86
2025-10-12 21:00:00,114868.8,115599.9,114174.9,114826.8,367971.86
2025-10-12 21:00:00,114868.8,115599.9,114174.9,114826.8,367971.86
2025-10-12 21:00:00,114868.8,115599.9,114174.9,114826.8,367971.86
2025-10-12 21:00:00,114868.8,115599.9,114174.9,114826.8,367971.86
2025-10-12 21:00:00,114868.8,115599.9,114174.9,114826.8,367971.86
2025-10-12 21:00:00,114868.8,115599.9,114174.9,114826.8,367971.86
2025-10-12 21:00:00,114868.8,115599.9,114174.9,114826.8,367971.86
2025-10-12 21:00:00,114868.8,115599.9,114174.9,114826.8,367971.86
2025-10-12 21:00:00,114868.8,115599.9,114174.9,114826.8,367971.86
2025-10-12 21:00:00,114868.8,115599.9,114174.9,114826.8,367971.86
2025-10-12 21:00:00,114868.8,115599.9,114174.9,114826.8,367971.86
2025-10-12 21:00:00,114868.8,115599.9,114174.9,114826.8,367971.86
2025-10-12 22:00:00,114826.8,115744.3,114820.3,115161.8,395334.1
2025-10-12 22:00:00,114826.8,115744.3,114820.3,115161.8,395334.1
2025-10-12 22:00:00,114826.8,115744.3,114820.3,115161.8,395334.1
2025-10-12 22:00:00,114826.8,115744.3,114820.3,115161.8,395334.1
2025-10-12 22:00:00,114826.8,115744.3,114820.3,115161.8,395334.1
2025-10-12 22:00:00,114826.8,115744.3,114820.3,115161.8,395334.1
2025-10-12 22:00:00,114826.8,115744.3,114820.3,115161.8,395334.1
2025-10-12 22:00:00,114826.8,115744.3,114820.3,115161.8,395334.1
2025-10-12 22:00:00,114826.8,115744.3,114820.3,115161.8,395334.1
2025-10-12 22:00:00,114826.8,115744.3,114820.3,115161.8,395334.1
2025-10-12 22:00:00,114826.8,115744.3,114820.3,115161.8,395334.1
2025-10-12 22:00:00,114826.8,115744.3,114820.3,115161.8,395334.1
2025-10-12 22:00:00,114826.8,115744.3,114820.3,115161.8,395334.1
2025-10-12 22:00:00,114826.8,115744.3,114820.3,115161.8,395334.1
2025-10-12 22:00:00,114826.8,115744.3,114820.3,115161.8,395334.1
2025-10-12 23:00:00,115161.8,115300.0,114666.0,114911.4,248984.13
2025-10-12 23:00:00,115161.8,115300.0,114666.0,114911.4,248984.13
2025-10-12 23:00:00,115161.8,115300.0,114666.0,114911.4,248984.13
2025-10-12 23:00:00,115161.8,115300.0,114666.0,114911.4,248984.13
2025-10-12 23:00:00,115161.8,115300.0,114666.0,114911.4,248984.13
2025-10-12 23:00:00,115161.8,115300.0,114666.0,114911.4,248984.13
2025-10-12 23:00:00,115161.8,115300.0,114666.0,114911.4,248984.13
2025-10-12 23:00:00,115161.8,115300.0,114666.0,114911.4,248984.13
2025-10-12 23:00:00,115161.8,115300.0,114666.0,114911.4,248984.13
2025-10-12 23:00:00,115161.8,115300.0,114666.0,114911.4,248984.13
2025-10-12 23:00:00,115161.8,115300.0,114666.0,114911.4,248984.13
2025-10-12 23:00:00,115161.8,115300.0,114666.0,114911.4,248984.13
2025-10-12 23:00:00,115161.8,115300.0,114666.0,114911.4,248984.13
2025-10-12 23:00:00,115161.8,115300.0,114666.0,114911.4,248984.13
2025-10-12 23:00:00,115161.8,115300.0,114666.0,114911.4,248984.13
2025-10-13 00:00:00,114911.4,115860.0,114722.5,115225.9,317130.48
2025-10-13 00:00:00,114911.4,115860.0,114722.5,115225.9,317130.48
2025-10-13 00:00:00,114911.4,115860.0,114722.5,115225.9,317130.48
2025-10-13 00:00:00,114911.4,115860.0,114722.5,115225.9,317130.48
2025-10-13 00:00:00,114911.4,115860.0,114722.5,115225.9,317130.48
2025-10-13 00:00:00,114911.4,115860.0,114722.5,115225.9,317130.48
2025-10-13 00:00:00,114911.4,115860.0,114722.5,115225.9,317130.48
2025-10-13 00:00:00,114911.4,115860.0,114722.5,115225.9,317130.48
2025-10-13 00:00:00,114911.4,115860.0,114722.5,115225.9,317130.48
2025-10-13 00:00:00,114911.4,115860.0,114722.5,115225.9,317130.48
2025-10-13 00:00:00,114911.4,115860.0,114722.5,115225.9,317130.48
2025-10-13 00:00:00,114911.4,115860.0,114722.5,115225.9,317130.48
2025-10-13 00:00:00,114911.4,115860.0,114722.5,115225.9,317130.48
2025-10-13 00:00:00,114911.4,115860.0,114722.5,115225.9,317130.48
2025-10-13 00:00:00,114911.4,115860.0,114722.5,115225.9,317130.48
2025-10-13 01:00:00,115225.9,115699.0,115023.2,115653.5,211481.63
2025-10-13 01:00:00,115225.9,115699.0,115023.2,115653.5,211481.63
2025-10-13 01:00:00,115225.9,115699.0,115023.2,115653.5,211481.63
2025-10-13 01:00:00,115225.9,115699.0,115023.2,115653.5,211481.63
2025-10-13 01:00:00,115225.9,115699.0,115023.2,115653.5,211481.63
2025-10-13 01:00:00,115225.9,115699.0,115023.2,115653.5,211481.63
2025-10-13 01:00:00,115225.9,115699.0,115023.2,115653.5,211481.63
2025-10-13 01:00:00,115225.9,115699.0,115023.2,115653.5,211481.63
2025-10-13 01:00:00,115225.9,115699.0,115023.2,115653.5,211481.63
2025-10-13 01:00:00,115225.9,115699.0,115023.2,115653.5,211481.63
2025-10-13 01:00:00,115225.9,115699.0,115023.2,115653.5,211481.63
2025-10-13 01:00:00,115225.9,115699.0,115023.2,115653.5,211481.63
2025-10-13 01:00:00,115225.9,115699.0,115023.2,115653.5,211481.63
2025-10-13 01:00:00,115225.9,115699.0,115023.2,115653.5,211481.63
2025-10-13 01:00:00,115225.9,115699.0,115023.2,115653.5,211481.63
2025-10-13 02:00:00,115653.5,115920.3,114949.9,115275.0,264728.55
2025-10-13 02:00:00,115653.5,115920.3,114949.9,115275.0,264728.55
2025-10-13 02:00:00,115653.5,115920.3,114949.9,115275.0,264728.55
2025-10-13 02:00:00,115653.5,115920.3,114949.9,115275.0,264728.55
2025-10-13 02:00:00,115653.5,115920.3,114949.9,115275.0,264728.55
2025-10-13 02:00:00,115653.5,115920.3,114949.9,115275.0,264728.55
2025-10-13 02:00:00,115653.5,115920.3,114949.9,115275.0,264728.55
2025-10-13 02:00:00,115653.5,115920.3,114949.9,115275.0,264728.55
2025-10-13 02:00:00,115653.5,115920.3,114949.9,115275.0,264728.55
2025-10-13 02:00:00,115653.5,115920.3,114949.9,115275.0,264728.55
2025-10-13 02:00:00,115653.5,115920.3,114949.9,115275.0,264728.55
2025-10-13 02:00:00,115653.5,115920.3,114949.9,115275.0,264728.55
2025-10-13 02:00:00,115653.5,115920.3,114949.9,115275.0,264728.55
2025-10-13 02:00:00,115653.5,115920.3,114949.9,115275.0,264728.55
2025-10-13 02:00:00,115653.5,115920.3,114949.9,115275.0,264728.55
2025-10-13 03:00:00,115275.0,115579.5,114578.3,114779.1,215317.19
2025-10-13 03:00:00,115275.0,115579.5,114578.3,114779.1,215317.19
2025-10-13 03:00:00,115275.0,115579.5,114578.3,114779.1,215317.19
2025-10-13 03:00:00,115275.0,115579.5,114578.3,114779.1,215317.19
2025-10-13 03:00:00,115275.0,115579.5,114578.3,114779.1,215317.19
2025-10-13 03:00:00,115275.0,115579.5,114578.3,114779.1,215317.19
2025-10-13 03:00:00,115275.0,115579.5,114578.3,114779.1,215317.19
2025-10-13 03:00:00,115275.0,115579.5,114578.3,114779.1,215317.19
2025-10-13 03:00:00,115275.0,115579.5,114578.3,114779.1,215317.19
2025-10-13 03:00:00,115275.0,115579.5,114578.3,114779.1,215317.19
2025-10-13 03:00:00,115275.0,115579.5,114578.3,114779.1,215317.19
2025-10-13 03:00:00,115275.0,115579.5,114578.3,114779.1,215317.19
2025-10-13 03:00:00,115275.0,115579.5,114578.3,114779.1,215317.19
2025-10-13 03:00:00,115275.0,115579.5,114578.3,114779.1,215317.19
2025-10-13 03:00:00,115275.0,115579.5,114578.3,114779.1,215317.19
2025-10-13 04:00:00,114779.1,114959.4,114368.4,114668.0,325361.39
2025-10-13 04:00:00,114779.1,114959.4,114368.4,114668.0,325361.39
2025-10-13 04:00:00,114779.1,114959.4,114368.4,114668.0,325361.39
2025-10-13 04:00:00,114779.1,114959.4,114368.4,114668.0,325361.39
2025-10-13 04:00:00,114779.1,114959.4,114368.4,114668.0,325361.39
2025-10-13 04:00:00,114779.1,114959.4,114368.4,114668.0,325361.39
2025-10-13 04:00:00,114779.1,114959.4,114368.4,114668.0,325361.39
2025-10-13 04:00:00,114779.1,114959.4,114368.4,114668.0,325361.39
2025-10-13 04:00:00,114779.1,114959.4,114368.4,114668.0,325361.39
2025-10-13 04:00:00,114779.1,114959.4,114368.4,114668.0,325361.39
2025-10-13 04:00:00,114779.1,114959.4,114368.4,114668.0,325361.39
2025-10-13 04:00:00,114779.1,114959.4,114368.4,114668.0,325361.39
2025-10-13 04:00:00,114779.1,114959.4,114368.4,114668.0,325361.39
2025-10-13 04:00:00,114779.1,114959.4,114368.4,114668.0,325361.39
2025-10-13 04:00:00,114779.1,114959.4,114368.4,114668.0,325361.39
2025-10-13 05:00:00,114667.9,114799.0,114463.1,114584.6,122086.5
2025-10-13 05:00:00,114667.9,114799.0,114463.1,114584.6,122086.5
2025-10-13 05:00:00,114667.9,114799.0,114463.1,114584.6,122086.5
2025-10-13 05:00:00,114667.9,114799.0,114463.1,114584.6,122086.5
2025-10-13 05:00:00,114667.9,114799.0,114463.1,114584.6,122086.5
2025-10-13 05:00:00,114667.9,114799.0,114463.1,114584.6,122086.5
2025-10-13 05:00:00,114667.9,114799.0,114463.1,114584.6,122086.5
2025-10-13 05:00:00,114667.9,114799.0,114463.1,114584.6,122086.5
2025-10-13 05:00:00,114667.9,114799.0,114463.1,114584.6,122086.5
2025-10-13 05:00:00,114667.9,114799.0,114463.1,114584.6,122086.5
2025-10-13 05:00:00,114667.9,114799.0,114463.1,114584.6,122086.5
2025-10-13 05:00:00,114667.9,114799.0,114463.1,114584.6,122086.5
2025-10-13 05:00:00,114667.9,114799.0,114463.1,114584.6,122086.5
2025-10-13 05:00:00,114667.9,114799.0,114463.1,114584.6,122086.5
2025-10-13 05:00:00,114667.9,114799.0,114463.1,114584.6,122086.5
2025-10-13 06:00:00,114584.5,115330.0,114381.3,115179.1,226521.05
2025-10-13 06:00:00,114584.5,115330.0,114381.3,115179.1,226521.05
2025-10-13 06:00:00,114584.5,115330.0,114381.3,115179.1,226521.05
2025-10-13 06:00:00,114584.5,115330.0,114381.3,115179.1,226521.05
2025-10-13 06:00:00,114584.5,115330.0,114381.3,115179.1,226521.05
2025-10-13 06:00:00,114584.5,115330.0,114381.3,115179.1,226521.05
2025-10-13 06:00:00,114584.5,115330.0,114381.3,115179.1,226521.05
2025-10-13 06:00:00,114584.5,115330.0,114381.3,115179.1,226521.05
2025-10-13 06:00:00,114584.5,115330.0,114381.3,115179.1,226521.05
2025-10-13 06:00:00,114584.5,115330.0,114381.3,115179.1,226521.05
2025-10-13 06:00:00,114584.5,115330.0,114381.3,115179.1,226521.05
2025-10-13 06:00:00,114584.5,115330.0,114381.3,115179.1,226521.05
2025-10-13 06:00:00,114584.5,115330.0,114381.3,115179.1,226521.05
2025-10-13 06:00:00,114584.5,115330.0,114381.3,115179.1,226521.05
2025-10-13 06:00:00,114584.5,115330.0,114381.3,115179.1,226521.05
2025-10-13 07:00:00,115179.1,115516.4,114987.0,115340.0,302336.62
2025-10-13 07:00:00,115179.1,115516.4,114987.0,115340.0,302336.62
2025-10-13 07:00:00,115179.1,115516.4,114987.0,115340.0,302336.62
2025-10-13 07:00:00,115179.1,115516.4,114987.0,115340.0,302336.62
2025-10-13 07:00:00,115179.1,115516.4,114987.0,115340.0,302336.62
2025-10-13 07:00:00,115179.1,115516.4,114987.0,115340.0,302336.62
2025-10-13 07:00:00,115179.1,115516.4,114987.0,115340.0,302336.62
2025-10-13 07:00:00,115179.1,115516.4,114987.0,115340.0,302336.62
2025-10-13 07:00:00,115179.1,115516.4,114987.0,115340.0,302336.62
2025-10-13 07:00:00,115179.1,115516.4,114987.0,115340.0,302336.62
2025-10-13 07:00:00,115179.1,115516.4,114987.0,115340.0,302336.62
2025-10-13 07:00:00,115179.1,115516.4,114987.0,115340.0,302336.62
2025-10-13 07:00:00,115179.1,115516.4,114987.0,115340.0,302336.62
2025-10-13 07:00:00,115179.1,115516.4,114987.0,115340.0,302336.62
2025-10-13 07:00:00,115179.1,115516.4,114987.0,115340.0,302336.62
2025-10-13 08:00:00,115339.9,115379.4,115080.0,115201.0,170760.78
2025-10-13 08:00:00,115339.9,115379.4,115080.0,115201.0,170760.78
2025-10-13 08:00:00,115339.9,115379.4,115080.0,115201.0,170760.78
2025-10-13 08:00:00,115339.9,115379.4,115080.0,115201.0,170760.78
2025-10-13 08:00:00,115339.9,115379.4,115080.0,115201.0,170760.78
2025-10-13 08:00:00,115339.9,115379.4,115080.0,115201.0,170760.78
2025-10-13 08:00:00,115339.9,115379.4,115080.0,115201.0,170760.78
2025-10-13 08:00:00,115339.9,115379.4,115080.0,115201.0,170760.78
2025-10-13 08:00:00,115339.9,115379.4,115080.0,115201.0,170760.78
2025-10-13 08:00:00,115339.9,115379.4,115080.0,115201.0,170760.78
2025-10-13 08:00:00,115339.9,115379.4,115080.0,115201.0,170760.78
2025-10-13 08:00:00,115339.9,115379.4,115080.0,115201.0,170760.78
2025-10-13 08:00:00,115339.9,115379.4,115080.0,115201.0,170760.78
2025-10-13 08:00:00,115339.9,115379.4,115080.0,115201.0,170760.78
2025-10-13 08:00:00,115339.9,115379.4,115080.0,115201.0,170760.78
2025-10-13 09:00:00,115201.0,115201.1,114675.0,115061.3,186446.94
2025-10-13 09:00:00,115201.0,115201.1,114675.0,115061.3,186446.94
2025-10-13 09:00:00,115201.0,115201.1,114675.0,115061.3,186446.94
2025-10-13 09:00:00,115201.0,115201.1,114675.0,115061.3,186446.94
2025-10-13 09:00:00,115201.0,115201.1,114675.0,115061.3,186446.94
2025-10-13 09:00:00,115201.0,115201.1,114675.0,115061.3,186446.94
2025-10-13 09:00:00,115201.0,115201.1,114675.0,115061.3,186446.94
2025-10-13 09:00:00,115201.0,115201.1,114675.0,115061.3,186446.94
2025-10-13 09:00:00,115201.0,115201.1,114675.0,115061.3,186446.94
2025-10-13 09:00:00,115201.0,115201.1,114675.0,115061.3,186446.94
2025-10-13 09:00:00,115201.0,115201.1,114675.0,115061.3,186446.94
2025-10-13 09:00:00,115201.0,115201.1,114675.0,115061.3,186446.94
2025-10-13 09:00:00,115201.0,115201.1,114675.0,115061.3,186446.94
2025-10-13 09:00:00,115201.0,115201.1,114675.0,115061.3,186446.94
2025-10-13 09:00:00,115201.0,115201.1,114675.0,115061.3,186446.94
2025-10-13 10:00:00,115061.2,115100.0,114688.3,114760.0,115281.17
2025-10-13 10:00:00,115061.2,115100.0,114688.3,114760.0,115281.17
2025-10-13 10:00:00,115061.2,115100.0,114688.3,114760.0,115281.17
2025-10-13 10:00:00,115061.2,115100.0,114688.3,114760.0,115281.17
2025-10-13 10:00:00,115061.2,115100.0,114688.3,114760.0,115281.17
2025-10-13 10:00:00,115061.2,115100.0,114688.3,114760.0,115281.17
2025-10-13 10:00:00,115061.2,115100.0,114688.3,114760.0,115281.17
2025-10-13 10:00:00,115061.2,115100.0,114688.3,114760.0,115281.17
2025-10-13 10:00:00,115061.2,115100.0,114688.3,114760.0,115281.17
2025-10-13 10:00:00,115061.2,115100.0,114688.3,114760.0,115281.17
2025-10-13 10:00:00,115061.2,115100.0,114688.3,114760.0,115281.17
2025-10-13 10:00:00,115061.2,115100.0,114688.3,114760.0,115281.17
2025-10-13 10:00:00,115061.2,115100.0,114688.3,114760.0,115281.17
2025-10-13 10:00:00,115061.2,115100.0,114688.3,114760.0,115281.17
2025-10-13 10:00:00,115061.2,115100.0,114688.3,114760.0,115281.17
2025-10-13 11:00:00,114760.0,114760.0,113560.1,114134.9,624666.79
2025-10-13 11:00:00,114760.0,114760.0,113560.1,114134.9,624666.79
2025-10-13 11:00:00,114760.0,114760.0,113560.1,114134.9,624666.79
2025-10-13 11:00:00,114760.0,114760.0,113560.1,114134.9,624666.79
2025-10-13 11:00:00,114760.0,114760.0,113560.1,114134.9,624666.79
2025-10-13 11:00:00,114760.0,114760.0,113560.1,114134.9,624666.79
2025-10-13 11:00:00,114760.0,114760.0,113560.1,114134.9,624666.79
2025-10-13 11:00:00,114760.0,114760.0,113560.1,114134.9,624666.79
2025-10-13 11:00:00,114760.0,114760.0,113560.1,114134.9,624666.79
2025-10-13 11:00:00,114760.0,114760.0,113560.1,114134.9,624666.79
2025-10-13 11:00:00,114760.0,114760.0,113560.1,114134.9,624666.79
2025-10-13 11:00:00,114760.0,114760.0,113560.1,114134.9,624666.79
2025-10-13 11:00:00,114760.0,114760.0,113560.1,114134.9,624666.79
2025-10-13 11:00:00,114760.0,114760.0,113560.1,114134.9,624666.79
2025-10-13 11:00:00,114760.0,114760.0,113560.1,114134.9,624666.79
2025-10-13 12:00:00,114134.8,114732.9,113883.1,114360.5,285450.71
2025-10-13 12:00:00,114134.8,114732.9,113883.1,114360.5,285450.71
2025-10-13 12:00:00,114134.8,114732.9,113883.1,114360.5,285450.71
2025-10-13 12:00:00,114134.8,114732.9,113883.1,114360.5,285450.71
2025-10-13 12:00:00,114134.8,114732.9,113883.1,114360.5,285450.71
2025-10-13 12:00:00,114134.8,114732.9,113883.1,114360.5,285450.71
2025-10-13 12:00:00,114134.8,114732.9,113883.1,114360.5,285450.71
2025-10-13 12:00:00,114134.8,114732.9,113883.1,114360.5,285450.71
2025-10-13 12:00:00,114134.8,114732.9,113883.1,114360.5,285450.71
2025-10-13 12:00:00,114134.8,114732.9,113883.1,114360.5,285450.71
2025-10-13 12:00:00,114134.8,114732.9,113883.1,114360.5,285450.71
2025-10-13 12:00:00,114134.8,114732.9,113883.1,114360.5,285450.71
2025-10-13 12:00:00,114134.8,114732.9,113883.1,114360.5,285450.71
2025-10-13 12:00:00,114134.8,114732.9,113883.1,114360.5,285450.71
2025-10-13 12:00:00,114134.8,114732.9,113883.1,114360.5,285450.71
2025-10-13 13:00:00,114360.4,115510.9,114180.0,115300.0,755247.22
2025-10-13 13:00:00,114360.4,115510.9,114180.0,115300.0,755247.22
2025-10-13 13:00:00,114360.4,115510.9,114180.0,115300.0,755247.22
2025-10-13 13:00:00,114360.4,115510.9,114180.0,115300.0,755247.22
2025-10-13 13:00:00,114360.4,115510.9,114180.0,115300.0,755247.22
2025-10-13 13:00:00,114360.4,115510.9,114180.0,115300.0,755247.22
2025-10-13 13:00:00,114360.4,115510.9,114180.0,115300.0,755247.22
2025-10-13 13:00:00,114360.4,115510.9,114180.0,115300.0,755247.22
2025-10-13 13:00:00,114360.4,115510.9,114180.0,115300.0,755247.22
2025-10-13 13:00:00,114360.4,115510.9,114180.0,115300.0,755247.22
2025-10-13 13:00:00,114360.4,115510.9,114180.0,115300.0,755247.22
2025-10-13 13:00:00,114360.4,115510.9,114180.0,115300.0,755247.22
2025-10-13 13:00:00,114360.4,115510.9,114180.0,115300.0,755247.22
2025-10-13 13:00:00,114360.4,115510.9,114180.0,115300.0,755247.22
2025-10-13 13:00:00,114360.4,115510.9,114180.0,115300.0,755247.22
2025-10-13 14:00:00,115300.0,115429.9,113735.8,113976.4,552789.34
2025-10-13 14:00:00,115300.0,115429.9,113735.8,113976.4,552789.34
2025-10-13 14:00:00,115300.0,115429.9,113735.8,113976.4,552789.34
2025-10-13 14:00:00,115300.0,115429.9,113735.8,113976.4,552789.34
2025-10-13 14:00:00,115300.0,115429.9,113735.8,113976.4,552789.34
2025-10-13 14:00:00,115300.0,115429.9,113735.8,113976.4,552789.34
2025-10-13 14:00:00,115300.0,115429.9,113735.8,113976.4,552789.34
2025-10-13 14:00:00,115300.0,115429.9,113735.8,113976.4,552789.34
2025-10-13 14:00:00,115300.0,115429.9,113735.8,113976.4,552789.34
2025-10-13 14:00:00,115300.0,115429.9,113735.8,113976.4,552789.34
2025-10-13 14:00:00,115300.0,115429.9,113735.8,113976.4,552789.34
2025-10-13 14:00:00,115300.0,115429.9,113735.8,113976.4,552789.34
2025-10-13 14:00:00,115300.0,115429.9,113735.8,113976.4,552789.34
2025-10-13 14:00:00,115300.0,115429.9,113735.8,113976.4,552789.34
2025-10-13 14:00:00,115300.0,115429.9,113735.8,113976.4,552789.34
2025-10-13 15:00:00,113976.3,114699.0,113917.0,114268.0,247203.24
2025-10-13 15:00:00,113976.3,114699.0,113917.0,114268.0,247203.24
2025-10-13 15:00:00,113976.3,114699.0,113917.0,114268.0,247203.24
2025-10-13 15:00:00,113976.3,114699.0,113917.0,114268.0,247203.24
2025-10-13 15:00:00,113976.3,114699.0,113917.0,114268.0,247203.24
2025-10-13 15:00:00,113976.3,114699.0,113917.0,114268.0,247203.24
2025-10-13 15:00:00,113976.3,114699.0,113917.0,114268.0,247203.24
2025-10-13 15:00:00,113976.3,114699.0,113917.0,114268.0,247203.24
2025-10-13 15:00:00,113976.3,114699.0,113917.0,114268.0,247203.24
2025-10-13 15:00:00,113976.3,114699.0,113917.0,114268.0,247203.24
2025-10-13 15:00:00,113976.3,114699.0,113917.0,114268.0,247203.24
2025-10-13 15:00:00,113976.3,114699.0,113917.0,114268.0,247203.24
2025-10-13 15:00:00,113976.3,114699.0,113917.0,114268.0,247203.24
2025-10-13 15:00:00,113976.3,114699.0,113917.0,114268.0,247203.24
2025-10-13 15:00:00,113976.3,114699.0,113917.0,114268.0,247203.24
2025-10-13 16:00:00,114268.1,115144.3,114205.6,114608.0,370628.38
2025-10-13 16:00:00,114268.1,115144.3,114205.6,114608.0,370628.38
2025-10-13 16:00:00,114268.1,115144.3,114205.6,114608.0,370628.38
2025-10-13 16:00:00,114268.1,115144.3,114205.6,114608.0,370628.38
2025-10-13 16:00:00,114268.1,115144.3,114205.6,114608.0,370628.38
2025-10-13 16:00:00,114268.1,115144.3,114205.6,114608.0,370628.38
2025-10-13 16:00:00,114268.1,115144.3,114205.6,114608.0,370628.38
2025-10-13 16:00:00,114268.1,115144.3,114205.6,114608.0,370628.38
2025-10-13 16:00:00,114268.1,115144.3,114205.6,114608.0,370628.38
2025-10-13 16:00:00,114268.1,115144.3,114205.6,114608.0,370628.38
2025-10-13 16:00:00,114268.1,115144.3,114205.6,114608.0,370628.38
2025-10-13 16:00:00,114268.1,115144.3,114205.6,114608.0,370628.38
2025-10-13 16:00:00,114268.1,115144.3,114205.6,114608.0,370628.38
2025-10-13 16:00:00,114268.1,115144.3,114205.6,114608.0,370628.38
2025-10-13 16:00:00,114268.1,115144.3,114205.6,114608.0,370628.38
2025-10-13 17:00:00,114608.0,115017.5,114170.0,114983.5,258485.61
2025-10-13 17:00:00,114608.0,115017.5,114170.0,114983.5,258485.61
2025-10-13 17:00:00,114608.0,115017.5,114170.0,114983.5,258485.61
2025-10-13 17:00:00,114608.0,115017.5,114170.0,114983.5,258485.61
2025-10-13 17:00:00,114608.0,115017.5,114170.0,114983.5,258485.61
2025-10-13 17:00:00,114608.0,115017.5,114170.0,114983.5,258485.61
2025-10-13 17:00:00,114608.0,115017.5,114170.0,114983.5,258485.61
2025-10-13 17:00:00,114608.0,115017.5,114170.0,114983.5,258485.61
2025-10-13 17:00:00,114608.0,115017.5,114170.0,114983.5,258485.61
2025-10-13 17:00:00,114608.0,115017.5,114170.0,114983.5,258485.61
2025-10-13 17:00:00,114608.0,115017.5,114170.0,114983.5,258485.61
2025-10-13 17:00:00,114608.0,115017.5,114170.0,114983.5,258485.61
2025-10-13 17:00:00,114608.0,115017.5,114170.0,114983.5,258485.61
2025-10-13 17:00:00,114608.0,115017.5,114170.0,114983.5,258485.61
2025-10-13 17:00:00,114608.0,115017.5,114170.0,114983.5,258485.61
2025-10-13 18:00:00,114983.5,115328.9,114656.2,115097.6,285483.45
2025-10-13 18:00:00,114983.5,115328.9,114656.2,115097.6,285483.45
2025-10-13 18:00:00,114983.5,115328.9,114656.2,115097.6,285483.45
2025-10-13 18:00:00,114983.5,115328.9,114656.2,115097.6,285483.45
2025-10-13 18:00:00,114983.5,115328.9,114656.2,115097.6,285483.45
2025-10-13 18:00:00,114983.5,115328.9,114656.2,115097.6,285483.45
2025-10-13 18:00:00,114983.5,115328.9,114656.2,115097.6,285483.45
2025-10-13 18:00:00,114983.5,115328.9,114656.2,115097.6,285483.45
2025-10-13 18:00:00,114983.5,115328.9,114656.2,115097.6,285483.45
2025-10-13 18:00:00,114983.5,115328.9,114656.2,115097.6,285483.45
2025-10-13 18:00:00,114983.5,115328.9,114656.2,115097.6,285483.45
2025-10-13 18:00:00,114983.5,115328.9,114656.2,115097.6,285483.45
2025-10-13 18:00:00,114983.5,115328.9,114656.2,115097.6,285483.45
2025-10-13 18:00:00,114983.5,115328.9,114656.2,115097.6,285483.45
2025-10-13 18:00:00,114983.5,115328.9,114656.2,115097.6,285483.45
2025-10-13 19:00:00,115097.5,115829.0,115005.6,115741.3,289577.08
2025-10-13 19:00:00,115097.5,115829.0,115005.6,115741.3,289577.08
2025-10-13 19:00:00,115097.5,115829.0,115005.6,115741.3,289577.08
2025-10-13 19:00:00,115097.5,115829.0,115005.6,115741.3,289577.08
2025-10-13 19:00:00,115097.5,115829.0,115005.6,115741.3,289577.08
2025-10-13 19:00:00,115097.5,115829.0,115005.6,115741.3,289577.08
2025-10-13 19:00:00,115097.5,115829.0,115005.6,115741.3,289577.08
2025-10-13 19:00:00,115097.5,115829.0,115005.6,115741.3,289577.08
2025-10-13 19:00:00,115097.5,115829.0,115005.6,115741.3,289577.08
2025-10-13 19:00:00,115097.5,115829.0,115005.6,115741.3,289577.08
2025-10-13 19:00:00,115097.5,115829.0,115005.6,115741.3,289577.08
2025-10-13 19:00:00,115097.5,115829.0,115005.6,115741.3,289577.08
2025-10-13 19:00:00,115097.5,115829.0,115005.6,115741.3,289577.08
2025-10-13 19:00:00,115097.5,115829.0,115005.6,115741.3,289577.08
2025-10-13 19:00:00,115097.5,115829.0,115005.6,115741.3,289577.08
2025-10-13 20:00:00,115741.3,115819.6,115346.4,115665.2,173019.43
2025-10-13 20:00:00,115741.3,115819.6,115346.4,115665.2,173019.43
2025-10-13 20:00:00,115741.3,115819.6,115346.4,115665.2,173019.43
2025-10-13 20:00:00,115741.3,115819.6,115346.4,115665.2,173019.43
2025-10-13 20:00:00,115741.3,115819.6,115346.4,115665.2,173019.43
2025-10-13 20:00:00,115741.3,115819.6,115346.4,115665.2,173019.43
2025-10-13 20:00:00,115741.3,115819.6,115346.4,115665.2,173019.43
2025-10-13 20:00:00,115741.3,115819.6,115346.4,115665.2,173019.43
2025-10-13 20:00:00,115741.3,115819.6,115346.4,115665.2,173019.43
2025-10-13 20:00:00,115741.3,115819.6,115346.4,115665.2,173019.43
2025-10-13 20:00:00,115741.3,115819.6,115346.4,115665.2,173019.43
2025-10-13 20:00:00,115741.3,115819.6,115346.4,115665.2,173019.43
2025-10-13 20:00:00,115741.3,115819.6,115346.4,115665.2,173019.43
2025-10-13 20:00:00,115741.3,115819.6,115346.4,115665.2,173019.43
2025-10-13 20:00:00,115741.3,115819.6,115346.4,115665.2,173019.43
2025-10-13 21:00:00,115665.3,115746.8,115503.2,115656.2,85096.46
2025-10-13 21:00:00,115665.3,115746.8,115503.2,115656.2,85096.46
2025-10-13 21:00:00,115665.3,115746.8,115503.2,115656.2,85096.46
2025-10-13 21:00:00,115665.3,115746.8,115503.2,115656.2,85096.46
2025-10-13 21:00:00,115665.3,115746.8,115503.2,115656.2,85096.46
2025-10-13 21:00:00,115665.3,115746.8,115503.2,115656.2,85096.46
2025-10-13 21:00:00,115665.3,115746.8,115503.2,115656.2,85096.46
2025-10-13 21:00:00,115665.3,115746.8,115503.2,115656.2,85096.46
2025-10-13 21:00:00,115665.3,115746.8,115503.2,115656.2,85096.46
2025-10-13 21:00:00,115665.3,115746.8,115503.2,115656.2,85096.46
2025-10-13 21:00:00,115665.3,115746.8,115503.2,115656.2,85096.46
2025-10-13 21:00:00,115665.3,115746.8,115503.2,115656.2,85096.46
2025-10-13 21:00:00,115665.3,115746.8,115503.2,115656.2,85096.46
2025-10-13 21:00:00,115665.3,115746.8,115503.2,115656.2,85096.46
2025-10-13 21:00:00,115665.3,115746.8,115503.2,115656.2,85096.46
2025-10-13 22:00:00,115656.2,115780.0,115380.0,115450.9,107220.52
2025-10-13 22:00:00,115656.2,115780.0,115380.0,115450.9,107220.52
2025-10-13 22:00:00,115656.2,115780.0,115380.0,115450.9,107220.52
2025-10-13 22:00:00,115656.2,115780.0,115380.0,115450.9,107220.52
2025-10-13 22:00:00,115656.2,115780.0,115380.0,115450.9,107220.52
2025-10-13 22:00:00,115656.2,115780.0,115380.0,115450.9,107220.52
2025-10-13 22:00:00,115656.2,115780.0,115380.0,115450.9,107220.52
2025-10-13 22:00:00,115656.2,115780.0,115380.0,115450.9,107220.52
2025-10-13 22:00:00,115656.2,115780.0,115380.0,115450.9,107220.52
2025-10-13 22:00:00,115656.2,115780.0,115380.0,115450.9,107220.52
2025-10-13 22:00:00,115656.2,115780.0,115380.0,115450.9,107220.52
2025-10-13 22:00:00,115656.2,115780.0,115380.0,115450.9,107220.52
2025-10-13 22:00:00,115656.2,115780.0,115380.0,115450.9,107220.52
2025-10-13 22:00:00,115656.2,115780.0,115380.0,115450.9,107220.52
2025-10-13 22:00:00,115656.2,115780.0,115380.0,115450.9,107220.52
2025-10-13 23:00:00,115451.0,115451.0,114944.7,115115.1,203660.62
2025-10-13 23:00:00,115451.0,115451.0,114944.7,115115.1,203660.62
2025-10-13 23:00:00,115451.0,115451.0,114944.7,115115.1,203660.62
2025-10-13 23:00:00,115451.0,115451.0,114944.7,115115.1,203660.62
2025-10-13 23:00:00,115451.0,115451.0,114944.7,115115.1,203660.62
2025-10-13 23:00:00,115451.0,115451.0,114944.7,115115.1,203660.62
2025-10-13 23:00:00,115451.0,115451.0,114944.7,115115.1,203660.62
2025-10-13 23:00:00,115451.0,115451.0,114944.7,115115.1,203660.62
2025-10-13 23:00:00,115451.0,115451.0,114944.7,115115.1,203660.62
2025-10-13 23:00:00,115451.0,115451.0,114944.7,115115.1,203660.62
2025-10-13 23:00:00,115451.0,115451.0,114944.7,115115.1,203660.62
2025-10-13 23:00:00,115451.0,115451.0,114944.7,115115.1,203660.62
2025-10-13 23:00:00,115451.0,115451.0,114944.7,115115.1,203660.62
2025-10-13 23:00:00,115451.0,115451.0,114944.7,115115.1,203660.62
2025-10-13 23:00:00,115451.0,115451.0,114944.7,115115.1,203660.62
2025-10-14 00:00:00,115115.2,115369.2,114805.9,114915.8,164921.59
2025-10-14 00:00:00,115115.2,115369.2,114805.9,114915.8,164921.59
2025-10-14 00:00:00,115115.2,115369.2,114805.9,114915.8,164921.59
2025-10-14 00:00:00,115115.2,115369.2,114805.9,114915.8,164921.59
2025-10-14 00:00:00,115115.2,115369.2,114805.9,114915.8,164921.59
2025-10-14 00:00:00,115115.2,115369.2,114805.9,114915.8,164921.59
2025-10-14 00:00:00,115115.2,115369.2,114805.9,114915.8,164921.59
2025-10-14 00:00:00,115115.2,115369.2,114805.9,114915.8,164921.59
2025-10-14 00:00:00,115115.2,115369.2,114805.9,114915.8,164921.59
2025-10-14 00:00:00,115115.2,115369.2,114805.9,114915.8,164921.59
2025-10-14 00:00:00,115115.2,115369.2,114805.9,114915.8,164921.59
2025-10-14 00:00:00,115115.2,115369.2,114805.9,114915.8,164921.59
2025-10-14 00:00:00,115115.2,115369.2,114805.9,114915.8,164921.59
2025-10-14 00:00:00,115115.2,115369.2,114805.9,114915.8,164921.59
2025-10-14 00:00:00,115115.2,115369.2,114805.9,114915.8,164921.59
2025-10-14 01:00:00,114915.7,114950.0,114080.0,114218.7,254784.29
2025-10-14 01:00:00,114915.7,114950.0,114080.0,114218.7,254784.29
2025-10-14 01:00:00,114915.7,114950.0,114080.0,114218.7,254784.29
2025-10-14 01:00:00,114915.7,114950.0,114080.0,114218.7,254784.29
2025-10-14 01:00:00,114915.7,114950.0,114080.0,114218.7,254784.29
2025-10-14 01:00:00,114915.7,114950.0,114080.0,114218.7,254784.29
2025-10-14 01:00:00,114915.7,114950.0,114080.0,114218.7,254784.29
2025-10-14 01:00:00,114915.7,114950.0,114080.0,114218.7,254784.29
2025-10-14 01:00:00,114915.7,114950.0,114080.0,114218.7,254784.29
2025-10-14 01:00:00,114915.7,114950.0,114080.0,114218.7,254784.29
2025-10-14 01:00:00,114915.7,114950.0,114080.0,114218.7,254784.29
2025-10-14 01:00:00,114915.7,114950.0,114080.0,114218.7,254784.29
2025-10-14 01:00:00,114915.7,114950.0,114080.0,114218.7,254784.29
2025-10-14 01:00:00,114915.7,114950.0,114080.0,114218.7,254784.29
2025-10-14 01:00:00,114915.7,114950.0,114080.0,114218.7,254784.29
2025-10-14 02:00:00,114218.7,114244.0,113571.2,113583.3,355627.9
2025-10-14 02:00:00,114218.7,114244.0,113571.2,113583.3,355627.9
2025-10-14 02:00:00,114218.7,114244.0,113571.2,113583.3,355627.9
2025-10-14 02:00:00,114218.7,114244.0,113571.2,113583.3,355627.9
2025-10-14 02:00:00,114218.7,114244.0,113571.2,113583.3,355627.9
2025-10-14 02:00:00,114218.7,114244.0,113571.2,113583.3,355627.9
2025-10-14 02:00:00,114218.7,114244.0,113571.2,113583.3,355627.9
2025-10-14 02:00:00,114218.7,114244.0,113571.2,113583.3,355627.9
2025-10-14 02:00:00,114218.7,114244.0,113571.2,113583.3,355627.9
2025-10-14 02:00:00,114218.7,114244.0,113571.2,113583.3,355627.9
2025-10-14 02:00:00,114218.7,114244.0,113571.2,113583.3,355627.9
2025-10-14 02:00:00,114218.7,114244.0,113571.2,113583.3,355627.9
2025-10-14 02:00:00,114218.7,114244.0,113571.2,113583.3,355627.9
2025-10-14 02:00:00,114218.7,114244.0,113571.2,113583.3,355627.9
2025-10-14 02:00:00,114218.7,114244.0,113571.2,113583.3,355627.9
2025-10-14 03:00:00,113583.4,113650.0,113213.1,113448.8,398914.62
2025-10-14 03:00:00,113583.4,113650.0,113213.1,113448.8,398914.62
2025-10-14 03:00:00,113583.4,113650.0,113213.1,113448.8,398914.62
2025-10-14 03:00:00,113583.4,113650.0,113213.1,113448.8,398914.62
2025-10-14 03:00:00,113583.4,113650.0,113213.1,113448.8,398914.62
2025-10-14 03:00:00,113583.4,113650.0,113213.1,113448.8,398914.62
2025-10-14 03:00:00,113583.4,113650.0,113213.1,113448.8,398914.62
2025-10-14 03:00:00,113583.4,113650.0,113213.1,113448.8,398914.62
2025-10-14 03:00:00,113583.4,113650.0,113213.1,113448.8,398914.62
2025-10-14 03:00:00,113583.4,113650.0,113213.1,113448.8,398914.62
2025-10-14 03:00:00,113583.4,113650.0,113213.1,113448.8,398914.62
2025-10-14 03:00:00,113583.4,113650.0,113213.1,113448.8,398914.62
2025-10-14 03:00:00,113583.4,113650.0,113213.1,113448.8,398914.62
2025-10-14 03:00:00,113583.4,113650.0,113213.1,113448.8,398914.62
2025-10-14 03:00:00,113583.4,113650.0,113213.1,113448.8,398914.62
2025-10-14 04:00:00,113448.8,113540.4,112726.1,113015.1,491536.49
2025-10-14 04:00:00,113448.8,113540.4,112726.1,113015.1,491536.49
2025-10-14 04:00:00,113448.8,113540.4,112726.1,113015.1,491536.49
2025-10-14 04:00:00,113448.8,113540.4,112726.1,113015.1,491536.49
2025-10-14 04:00:00,113448.8,113540.4,112726.1,113015.1,491536.49
2025-10-14 04:00:00,113448.8,113540.4,112726.1,113015.1,491536.49
2025-10-14 04:00:00,113448.8,113540.4,112726.1,113015.1,491536.49
2025-10-14 04:00:00,113448.8,113540.4,112726.1,113015.1,491536.49
2025-10-14 04:00:00,113448.8,113540.4,112726.1,113015.1,491536.49
2025-10-14 04:00:00,113448.8,113540.4,112726.1,113015.1,491536.49
2025-10-14 04:00:00,113448.8,113540.4,112726.1,113015.1,491536.49
2025-10-14 04:00:00,113448.8,113540.4,112726.1,113015.1,491536.49
2025-10-14 04:00:00,113448.8,113540.4,112726.1,113015.1,491536.49
2025-10-14 04:00:00,113448.8,113540.4,112726.1,113015.1,491536.49
2025-10-14 04:00:00,113448.8,113540.4,112726.1,113015.1,491536.49
2025-10-14 05:00:00,113015.1,113630.0,112318.5,112441.2,759025.13
2025-10-14 05:00:00,113015.1,113630.0,112318.5,112441.2,759025.13
2025-10-14 05:00:00,113015.1,113630.0,112318.5,112441.2,759025.13
2025-10-14 05:00:00,113015.1,113630.0,112318.5,112441.2,759025.13
2025-10-14 05:00:00,113015.1,113630.0,112318.5,112441.2,759025.13
2025-10-14 05:00:00,113015.1,113630.0,112318.5,112441.2,759025.13
2025-10-14 05:00:00,113015.1,113630.0,112318.5,112441.2,759025.13
2025-10-14 05:00:00,113015.1,113630.0,112318.5,112441.2,759025.13
2025-10-14 05:00:00,113015.1,113630.0,112318.5,112441.2,759025.13
2025-10-14 05:00:00,113015.1,113630.0,112318.5,112441.2,759025.13
2025-10-14 05:00:00,113015.1,113630.0,112318.5,112441.2,759025.13
2025-10-14 05:00:00,113015.1,113630.0,112318.5,112441.2,759025.13
2025-10-14 05:00:00,113015.1,113630.0,112318.5,112441.2,759025.13
2025-10-14 05:00:00,113015.1,113630.0,112318.5,112441.2,759025.13
2025-10-14 05:00:00,113015.1,113630.0,112318.5,112441.2,759025.13
2025-10-14 06:00:00,112441.2,112650.0,111306.0,111947.4,663883.29
2025-10-14 06:00:00,112441.2,112650.0,111306.0,111947.4,663883.29
2025-10-14 06:00:00,112441.2,112650.0,111306.0,111947.4,663883.29
2025-10-14 06:00:00,112441.2,112650.0,111306.0,111947.4,663883.29
2025-10-14 06:00:00,112441.2,112650.0,111306.0,111947.4,663883.29
2025-10-14 06:00:00,112441.2,112650.0,111306.0,111947.4,663883.29
2025-10-14 06:00:00,112441.2,112650.0,111306.0,111947.4,663883.29
2025-10-14 06:00:00,112441.2,112650.0,111306.0,111947.4,663883.29
2025-10-14 06:00:00,112441.2,112650.0,111306.0,111947.4,663883.29
2025-10-14 06:00:00,112441.2,112650.0,111306.0,111947.4,663883.29
2025-10-14 06:00:00,112441.2,112650.0,111306.0,111947.4,663883.29
2025-10-14 06:00:00,112441.2,112650.0,111306.0,111947.4,663883.29
2025-10-14 06:00:00,112441.2,112650.0,111306.0,111947.4,663883.29
2025-10-14 06:00:00,112441.2,112650.0,111306.0,111947.4,663883.29
2025-10-14 06:00:00,112441.2,112650.0,111306.0,111947.4,663883.29
2025-10-14 07:00:00,111947.4,112152.9,111416.2,111669.6,456937.42
2025-10-14 07:00:00,111947.4,112152.9,111416.2,111669.6,456937.42
2025-10-14 07:00:00,111947.4,112152.9,111416.2,111669.6,456937.42
2025-10-14 07:00:00,111947.4,112152.9,111416.2,111669.6,456937.42
2025-10-14 07:00:00,111947.4,112152.9,111416.2,111669.6,456937.42
2025-10-14 07:00:00,111947.4,112152.9,111416.2,111669.6,456937.42
2025-10-14 07:00:00,111947.4,112152.9,111416.2,111669.6,456937.42
2025-10-14 07:00:00,111947.4,112152.9,111416.2,111669.6,456937.42
2025-10-14 07:00:00,111947.4,112152.9,111416.2,111669.6,456937.42
2025-10-14 07:00:00,111947.4,112152.9,111416.2,111669.6,456937.42
2025-10-14 07:00:00,111947.4,112152.9,111416.2,111669.6,456937.42
2025-10-14 07:00:00,111947.4,112152.9,111416.2,111669.6,456937.42
2025-10-14 07:00:00,111947.4,112152.9,111416.2,111669.6,456937.42
2025-10-14 07:00:00,111947.4,112152.9,111416.2,111669.6,456937.42
2025-10-14 07:00:00,111947.4,112152.9,111416.2,111669.6,456937.42
2025-10-14 08:00:00,111669.6,112096.9,111474.3,111756.9,309624.12
2025-10-14 08:00:00,111669.6,112096.9,111474.3,111756.9,309624.12
2025-10-14 08:00:00,111669.6,112096.9,111474.3,111756.9,309624.12
2025-10-14 08:00:00,111669.6,112096.9,111474.3,111756.9,309624.12
2025-10-14 08:00:00,111669.6,112096.9,111474.3,111756.9,309624.12
2025-10-14 08:00:00,111669.6,112096.9,111474.3,111756.9,309624.12
2025-10-14 08:00:00,111669.6,112096.9,111474.3,111756.9,309624.12
2025-10-14 08:00:00,111669.6,112096.9,111474.3,111756.9,309624.12
2025-10-14 08:00:00,111669.6,112096.9,111474.3,111756.9,309624.12
2025-10-14 08:00:00,111669.6,112096.9,111474.3,111756.9,309624.12
2025-10-14 08:00:00,111669.6,112096.9,111474.3,111756.9,309624.12
2025-10-14 08:00:00,111669.6,112096.9,111474.3,111756.9,309624.12
2025-10-14 08:00:00,111669.6,112096.9,111474.3,111756.9,309624.12
2025-10-14 08:00:00,111669.6,112096.9,111474.3,111756.9,309624.12
2025-10-14 08:00:00,111669.6,112096.9,111474.3,111756.9,309624.12
2025-10-14 09:00:00,111756.9,111952.6,111011.0,111245.5,405260.16
2025-10-14 09:00:00,111756.9,111952.6,111011.0,111245.5,405260.16
2025-10-14 09:00:00,111756.9,111952.6,111011.0,111245.5,405260.16
2025-10-14 09:00:00,111756.9,111952.6,111011.0,111245.5,405260.16
2025-10-14 09:00:00,111756.9,111952.6,111011.0,111245.5,405260.16
2025-10-14 09:00:00,111756.9,111952.6,111011.0,111245.5,405260.16
2025-10-14 09:00:00,111756.9,111952.6,111011.0,111245.5,405260.16
2025-10-14 09:00:00,111756.9,111952.6,111011.0,111245.5,405260.16
2025-10-14 09:00:00,111756.9,111952.6,111011.0,111245.5,405260.16
2025-10-14 09:00:00,111756.9,111952.6,111011.0,111245.5,405260.16
2025-10-14 09:00:00,111756.9,111952.6,111011.0,111245.5,405260.16
2025-10-14 09:00:00,111756.9,111952.6,111011.0,111245.5,405260.16
2025-10-14 09:00:00,111756.9,111952.6,111011.0,111245.5,405260.16
2025-10-14 09:00:00,111756.9,111952.6,111011.0,111245.5,405260.16
2025-10-14 09:00:00,111756.9,111952.6,111011.0,111245.5,405260.16
2025-10-14 10:00:00,111245.5,111299.1,110000.1,110593.9,744094.26
2025-10-14 10:00:00,111245.5,111299.1,110000.1,110593.9,744094.26
2025-10-14 10:00:00,111245.5,111299.1,110000.1,110593.9,744094.26
2025-10-14 10:00:00,111245.5,111299.1,110000.1,110593.9,744094.26
2025-10-14 10:00:00,111245.5,111299.1,110000.1,110593.9,744094.26
2025-10-14 10:00:00,111245.5,111299.1,110000.1,110593.9,744094.26
2025-10-14 10:00:00,111245.5,111299.1,110000.1,110593.9,744094.26
2025-10-14 10:00:00,111245.5,111299.1,110000.1,110593.9,744094.26
2025-10-14 10:00:00,111245.5,111299.1,110000.1,110593.9,744094.26
2025-10-14 10:00:00,111245.5,111299.1,110000.1,110593.9,744094.26
2025-10-14 10:00:00,111245.5,111299.1,110000.1,110593.9,744094.26
2025-10-14 10:00:00,111245.5,111299.1,110000.1,110593.9,744094.26
2025-10-14 10:00:00,111245.5,111299.1,110000.1,110593.9,744094.26
2025-10-14 10:00:00,111245.5,111299.1,110000.1,110593.9,744094.26
2025-10-14 10:00:00,111245.5,111299.1,110000.1,110593.9,744094.26
2025-10-14 11:00:00,110593.9,111595.9,110570.7,111261.0,452222.49
2025-10-14 11:00:00,110593.9,111595.9,110570.7,111261.0,452222.49
2025-10-14 11:00:00,110593.9,111595.9,110570.7,111261.0,452222.49
2025-10-14 11:00:00,110593.9,111595.9,110570.7,111261.0,452222.49
2025-10-14 11:00:00,110593.9,111595.9,110570.7,111261.0,452222.49
2025-10-14 11:00:00,110593.9,111595.9,110570.7,111261.0,452222.49
2025-10-14 11:00:00,110593.9,111595.9,110570.7,111261.0,452222.49
2025-10-14 11:00:00,110593.9,111595.9,110570.7,111261.0,452222.49
2025-10-14 11:00:00,110593.9,111595.9,110570.7,111261.0,452222.49
2025-10-14 11:00:00,110593.9,111595.9,110570.7,111261.0,452222.49
2025-10-14 11:00:00,110593.9,111595.9,110570.7,111261.0,452222.49
2025-10-14 11:00:00,110593.9,111595.9,110570.7,111261.0,452222.49
2025-10-14 11:00:00,110593.9,111595.9,110570.7,111261.0,452222.49
2025-10-14 11:00:00,110593.9,111595.9,110570.7,111261.0,452222.49
2025-10-14 11:00:00,110593.9,111595.9,110570.7,111261.0,452222.49
2025-10-14 12:00:00,111261.0,111311.7,110674.2,110758.3,293755.33
2025-10-14 12:00:00,111261.0,111311.7,110674.2,110758.3,293755.33
2025-10-14 12:00:00,111261.0,111311.7,110674.2,110758.3,293755.33
2025-10-14 12:00:00,111261.0,111311.7,110674.2,110758.3,293755.33
2025-10-14 12:00:00,111261.0,111311.7,110674.2,110758.3,293755.33
2025-10-14 12:00:00,111261.0,111311.7,110674.2,110758.3,293755.33
2025-10-14 12:00:00,111261.0,111311.7,110674.2,110758.3,293755.33
2025-10-14 12:00:00,111261.0,111311.7,110674.2,110758.3,293755.33
2025-10-14 12:00:00,111261.0,111311.7,110674.2,110758.3,293755.33
2025-10-14 12:00:00,111261.0,111311.7,110674.2,110758.3,293755.33
2025-10-14 12:00:00,111261.0,111311.7,110674.2,110758.3,293755.33
2025-10-14 12:00:00,111261.0,111311.7,110674.2,110758.3,293755.33
2025-10-14 12:00:00,111261.0,111311.7,110674.2,110758.3,293755.33
2025-10-14 12:00:00,111261.0,111311.7,110674.2,110758.3,293755.33
2025-10-14 12:00:00,111261.0,111311.7,110674.2,110758.3,293755.33
2025-10-14 13:00:00,110758.2,111300.0,109802.0,110970.0,919921.06
2025-10-14 13:00:00,110758.2,111300.0,109802.0,110970.0,919921.06
2025-10-14 13:00:00,110758.2,111300.0,109802.0,110970.0,919921.06
2025-10-14 13:00:00,110758.2,111300.0,109802.0,110970.0,919921.06
2025-10-14 13:00:00,110758.2,111300.0,109802.0,110970.0,919921.06
2025-10-14 13:00:00,110758.2,111300.0,109802.0,110970.0,919921.06
2025-10-14 13:00:00,110758.2,111300.0,109802.0,110970.0,919921.06
2025-10-14 13:00:00,110758.2,111300.0,109802.0,110970.0,919921.06
2025-10-14 13:00:00,110758.2,111300.0,109802.0,110970.0,919921.06
2025-10-14 13:00:00,110758.2,111300.0,109802.0,110970.0,919921.06
2025-10-14 13:00:00,110758.2,111300.0,109802.0,110970.0,919921.06
2025-10-14 13:00:00,110758.2,111300.0,109802.0,110970.0,919921.06
2025-10-14 13:00:00,110758.2,111300.0,109802.0,110970.0,919921.06
2025-10-14 13:00:00,110758.2,111300.0,109802.0,110970.0,919921.06
2025-10-14 13:00:00,110758.2,111300.0,109802.0,110970.0,919921.06
2025-10-14 14:00:00,110970.0,112149.7,110865.7,111374.9,720045.33
2025-10-14 14:00:00,110970.0,112149.7,110865.7,111374.9,720045.33
2025-10-14 14:00:00,110970.0,112149.7,110865.7,111374.9,720045.33
2025-10-14 14:00:00,110970.0,112149.7,110865.7,111374.9,720045.33
2025-10-14 14:00:00,110970.0,112149.7,110865.7,111374.9,720045.33
2025-10-14 14:00:00,110970.0,112149.7,110865.7,111374.9,720045.33
2025-10-14 14:00:00,110970.0,112149.7,110865.7,111374.9,720045.33
2025-10-14 14:00:00,110970.0,112149.7,110865.7,111374.9,720045.33
2025-10-14 14:00:00,110970.0,112149.7,110865.7,111374.9,720045.33
2025-10-14 14:00:00,110970.0,112149.7,110865.7,111374.9,720045.33
2025-10-14 14:00:00,110970.0,112149.7,110865.7,111374.9,720045.33
2025-10-14 14:00:00,110970.0,112149.7,110865.7,111374.9,720045.33
2025-10-14 14:00:00,110970.0,112149.7,110865.7,111374.9,720045.33
2025-10-14 14:00:00,110970.0,112149.7,110865.7,111374.9,720045.33
2025-10-14 14:00:00,110970.0,112149.7,110865.7,111374.9,720045.33
2025-10-14 15:00:00,111374.9,112846.0,111001.7,112827.7,674228.06
2025-10-14 15:00:00,111374.9,112846.0,111001.7,112827.7,674228.06
2025-10-14 15:00:00,111374.9,112846.0,111001.7,112827.7,674228.06
2025-10-14 15:00:00,111374.9,112846.0,111001.7,112827.7,674228.06
2025-10-14 15:00:00,111374.9,112846.0,111001.7,112827.7,674228.06
2025-10-14 15:00:00,111374.9,112846.0,111001.7,112827.7,674228.06
2025-10-14 15:00:00,111374.9,112846.0,111001.7,112827.7,674228.06
2025-10-14 15:00:00,111374.9,112846.0,111001.7,112827.7,674228.06
2025-10-14 15:00:00,111374.9,112846.0,111001.7,112827.7,674228.06
2025-10-14 15:00:00,111374.9,112846.0,111001.7,112827.7,674228.06
2025-10-14 15:00:00,111374.9,112846.0,111001.7,112827.7,674228.06
2025-10-14 15:00:00,111374.9,112846.0,111001.7,112827.7,674228.06
2025-10-14 15:00:00,111374.9,112846.0,111001.7,112827.7,674228.06
2025-10-14 15:00:00,111374.9,112846.0,111001.7,112827.7,674228.06
2025-10-14 15:00:00,111374.9,112846.0,111001.7,112827.7,674228.06
2025-10-14 16:00:00,112827.6,113140.0,112130.0,112279.9,717979.28
2025-10-14 16:00:00,112827.6,113140.0,112130.0,112279.9,717979.28
2025-10-14 16:00:00,112827.6,113140.0,112130.0,112279.9,717979.28
2025-10-14 16:00:00,112827.6,113140.0,112130.0,112279.9,717979.28
2025-10-14 16:00:00,112827.6,113140.0,112130.0,112279.9,717979.28
2025-10-14 16:00:00,112827.6,113140.0,112130.0,112279.9,717979.28
2025-10-14 16:00:00,112827.6,113140.0,112130.0,112279.9,717979.28
2025-10-14 16:00:00,112827.6,113140.0,112130.0,112279.9,717979.28
2025-10-14 16:00:00,112827.6,113140.0,112130.0,112279.9,717979.28
2025-10-14 16:00:00,112827.6,113140.0,112130.0,112279.9,717979.28
2025-10-14 16:00:00,112827.6,113140.0,112130.0,112279.9,717979.28
2025-10-14 16:00:00,112827.6,113140.0,112130.0,112279.9,717979.28
2025-10-14 16:00:00,112827.6,113140.0,112130.0,112279.9,717979.28
2025-10-14 16:00:00,112827.6,113140.0,112130.0,112279.9,717979.28
2025-10-14 16:00:00,112827.6,113140.0,112130.0,112279.9,717979.28
2025-10-14 17:00:00,112279.9,112888.0,111629.4,112729.1,493535.39
2025-10-14 17:00:00,112279.9,112888.0,111629.4,112729.1,493535.39
2025-10-14 17:00:00,112279.9,112888.0,111629.4,112729.1,493535.39
2025-10-14 17:00:00,112279.9,112888.0,111629.4,112729.1,493535.39
2025-10-14 17:00:00,112279.9,112888.0,111629.4,112729.1,493535.39
2025-10-14 17:00:00,112279.9,112888.0,111629.4,112729.1,493535.39
2025-10-14 17:00:00,112279.9,112888.0,111629.4,112729.1,493535.39
2025-10-14 17:00:00,112279.9,112888.0,111629.4,112729.1,493535.39
2025-10-14 17:00:00,112279.9,112888.0,111629.4,112729.1,493535.39
2025-10-14 17:00:00,112279.9,112888.0,111629.4,112729.1,493535.39
2025-10-14 17:00:00,112279.9,112888.0,111629.4,112729.1,493535.39
2025-10-14 17:00:00,112279.9,112888.0,111629.4,112729.1,493535.39
2025-10-14 17:00:00,112279.9,112888.0,111629.4,112729.1,493535.39
2025-10-14 17:00:00,112279.9,112888.0,111629.4,112729.1,493535.39
2025-10-14 17:00:00,112279.9,112888.0,111629.4,112729.1,493535.39
2025-10-14 18:00:00,112729.0,113421.8,112610.2,112806.3,379662.79
2025-10-14 18:00:00,112729.0,113421.8,112610.2,112806.3,379662.79
2025-10-14 18:00:00,112729.0,113421.8,112610.2,112806.3,379662.79
2025-10-14 18:00:00,112729.0,113421.8,112610.2,112806.3,379662.79
2025-10-14 18:00:00,112729.0,113421.8,112610.2,112806.3,379662.79
2025-10-14 18:00:00,112729.0,113421.8,112610.2,112806.3,379662.79
2025-10-14 18:00:00,112729.0,113421.8,112610.2,112806.3,379662.79
2025-10-14 18:00:00,112729.0,113421.8,112610.2,112806.3,379662.79
2025-10-14 18:00:00,112729.0,113421.8,112610.2,112806.3,379662.79
2025-10-14 18:00:00,112729.0,113421.8,112610.2,112806.3,379662.79
2025-10-14 18:00:00,112729.0,113421.8,112610.2,112806.3,379662.79
2025-10-14 18:00:00,112729.0,113421.8,112610.2,112806.3,379662.79
2025-10-14 18:00:00,112729.0,113421.8,112610.2,112806.3,379662.79
2025-10-14 18:00:00,112729.0,113421.8,112610.2,112806.3,379662.79
2025-10-14 18:00:00,112729.0,113421.8,112610.2,112806.3,379662.79
2025-10-14 19:00:00,112806.3,113480.2,111958.0,112553.8,530657.91
2025-10-14 19:00:00,112806.3,113480.2,111958.0,112553.8,530657.91
2025-10-14 19:00:00,112806.3,113480.2,111958.0,112553.8,530657.91
2025-10-14 19:00:00,112806.3,113480.2,111958.0,112553.8,530657.91
2025-10-14 19:00:00,112806.3,113480.2,111958.0,112553.8,530657.91
2025-10-14 19:00:00,112806.3,113480.2,111958.0,112553.8,530657.91
2025-10-14 19:00:00,112806.3,113480.2,111958.0,112553.8,530657.91
2025-10-14 19:00:00,112806.3,113480.2,111958.0,112553.8,530657.91
2025-10-14 19:00:00,112806.3,113480.2,111958.0,112553.8,530657.91
2025-10-14 19:00:00,112806.3,113480.2,111958.0,112553.8,530657.91
2025-10-14 19:00:00,112806.3,113480.2,111958.0,112553.8,530657.91
2025-10-14 19:00:00,112806.3,113480.2,111958.0,112553.8,530657.91
2025-10-14 19:00:00,112806.3,113480.2,111958.0,112553.8,530657.91
2025-10-14 19:00:00,112806.3,113480.2,111958.0,112553.8,530657.91
2025-10-14 19:00:00,112806.3,113480.2,111958.0,112553.8,530657.91
2025-10-14 20:00:00,112553.8,112961.9,112175.2,112959.9,179423.69
2025-10-14 20:00:00,112553.8,112961.9,112175.2,112959.9,179423.69
2025-10-14 20:00:00,112553.8,112961.9,112175.2,112959.9,179423.69
2025-10-14 20:00:00,112553.8,112961.9,112175.2,112959.9,179423.69
2025-10-14 20:00:00,112553.8,112961.9,112175.2,112959.9,179423.69
2025-10-14 20:00:00,112553.8,112961.9,112175.2,112959.9,179423.69
2025-10-14 20:00:00,112553.8,112961.9,112175.2,112959.9,179423.69
2025-10-14 20:00:00,112553.8,112961.9,112175.2,112959.9,179423.69
2025-10-14 20:00:00,112553.8,112961.9,112175.2,112959.9,179423.69
2025-10-14 20:00:00,112553.8,112961.9,112175.2,112959.9,179423.69
2025-10-14 20:00:00,112553.8,112961.9,112175.2,112959.9,179423.69
2025-10-14 20:00:00,112553.8,112961.9,112175.2,112959.9,179423.69
2025-10-14 20:00:00,112553.8,112961.9,112175.2,112959.9,179423.69
2025-10-14 20:00:00,112553.8,112961.9,112175.2,112959.9,179423.69
2025-10-14 20:00:00,112553.8,112961.9,112175.2,112959.9,179423.69
2025-10-14 21:00:00,112959.9,113154.0,112648.1,113069.2,107748.04
2025-10-14 21:00:00,112959.9,113154.0,112648.1,113069.2,107748.04
2025-10-14 21:00:00,112959.9,113154.0,112648.1,113069.2,107748.04
2025-10-14 21:00:00,112959.9,113154.0,112648.1,113069.2,107748.04
2025-10-14 21:00:00,112959.9,113154.0,112648.1,113069.2,107748.04
2025-10-14 21:00:00,112959.9,113154.0,112648.1,113069.2,107748.04
2025-10-14 21:00:00,112959.9,113154.0,112648.1,113069.2,107748.04
2025-10-14 21:00:00,112959.9,113154.0,112648.1,113069.2,107748.04
2025-10-14 21:00:00,112959.9,113154.0,112648.1,113069.2,107748.04
2025-10-14 21:00:00,112959.9,113154.0,112648.1,113069.2,107748.04
2025-10-14 21:00:00,112959.9,113154.0,112648.1,113069.2,107748.04
2025-10-14 21:00:00,112959.9,113154.0,112648.1,113069.2,107748.04
2025-10-14 21:00:00,112959.9,113154.0,112648.1,113069.2,107748.04
2025-10-14 21:00:00,112959.9,113154.0,112648.1,113069.2,107748.04
2025-10-14 21:00:00,112959.9,113154.0,112648.1,113069.2,107748.04
2025-10-14 22:00:00,113069.2,113530.0,112759.5,113161.0,197067.94
2025-10-14 22:00:00,113069.2,113530.0,112759.5,113161.0,197067.94
2025-10-14 22:00:00,113069.2,113530.0,112759.5,113161.0,197067.94
2025-10-14 22:00:00,113069.2,113530.0,112759.5,113161.0,197067.94
2025-10-14 22:00:00,113069.2,113530.0,112759.5,113161.0,197067.94
2025-10-14 22:00:00,113069.2,113530.0,112759.5,113161.0,197067.94
2025-10-14 22:00:00,113069.2,113530.0,112759.5,113161.0,197067.94
2025-10-14 22:00:00,113069.2,113530.0,112759.5,113161.0,197067.94
2025-10-14 22:00:00,113069.2,113530.0,112759.5,113161.0,197067.94
2025-10-14 22:00:00,113069.2,113530.0,112759.5,113161.0,197067.94
2025-10-14 22:00:00,113069.2,113530.0,112759.5,113161.0,197067.94
2025-10-14 22:00:00,113069.2,113530.0,112759.5,113161.0,197067.94
2025-10-14 22:00:00,113069.2,113530.0,112759.5,113161.0,197067.94
2025-10-14 22:00:00,113069.2,113530.0,112759.5,113161.0,197067.94
2025-10-14 22:00:00,113069.2,113530.0,112759.5,113161.0,197067.94
2025-10-14 23:00:00,113161.0,113475.8,112963.6,112982.0,144975.17
2025-10-14 23:00:00,113161.0,113475.8,112963.6,112982.0,144975.17
2025-10-14 23:00:00,113161.0,113475.8,112963.6,112982.0,144975.17
2025-10-14 23:00:00,113161.0,113475.8,112963.6,112982.0,144975.17
2025-10-14 23:00:00,113161.0,113475.8,112963.6,112982.0,144975.17
2025-10-14 23:00:00,113161.0,113475.8,112963.6,112982.0,144975.17
2025-10-14 23:00:00,113161.0,113475.8,112963.6,112982.0,144975.17
2025-10-14 23:00:00,113161.0,113475.8,112963.6,112982.0,144975.17
2025-10-14 23:00:00,113161.0,113475.8,112963.6,112982.0,144975.17
2025-10-14 23:00:00,113161.0,113475.8,112963.6,112982.0,144975.17
2025-10-14 23:00:00,113161.0,113475.8,112963.6,112982.0,144975.17
2025-10-14 23:00:00,113161.0,113475.8,112963.6,112982.0,144975.17
2025-10-14 23:00:00,113161.0,113475.8,112963.6,112982.0,144975.17
2025-10-14 23:00:00,113161.0,113475.8,112963.6,112982.0,144975.17
2025-10-14 23:00:00,113161.0,113475.8,112963.6,112982.0,144975.17
2025-10-15 00:00:00,112982.0,113076.0,112555.7,112940.2,221352.22
2025-10-15 00:00:00,112982.0,113076.0,112555.7,112940.2,221352.22
2025-10-15 00:00:00,112982.0,113076.0,112555.7,112940.2,221352.22
2025-10-15 00:00:00,112982.0,113076.0,112555.7,112940.2,221352.22
2025-10-15 00:00:00,112982.0,113076.0,112555.7,112940.2,221352.22
2025-10-15 00:00:00,112982.0,113076.0,112555.7,112940.2,221352.22
2025-10-15 00:00:00,112982.0,113076.0,112555.7,112940.2,221352.22
2025-10-15 00:00:00,112982.0,113076.0,112555.7,112940.2,221352.22
2025-10-15 00:00:00,112982.0,113076.0,112555.7,112940.2,221352.22
2025-10-15 00:00:00,112982.0,113076.0,112555.7,112940.2,221352.22
2025-10-15 00:00:00,112982.0,113076.0,112555.7,112940.2,221352.22
2025-10-15 00:00:00,112982.0,113076.0,112555.7,112940.2,221352.22
2025-10-15 00:00:00,112982.0,113076.0,112555.7,112940.2,221352.22
2025-10-15 00:00:00,112982.0,113076.0,112555.7,112940.2,221352.22
2025-10-15 00:00:00,112982.0,113076.0,112555.7,112940.2,221352.22
2025-10-15 01:00:00,112940.2,112971.8,112280.0,112687.9,263427.46
2025-10-15 01:00:00,112940.2,112971.8,112280.0,112687.9,263427.46
2025-10-15 01:00:00,112940.2,112971.8,112280.0,112687.9,263427.46
2025-10-15 01:00:00,112940.2,112971.8,112280.0,112687.9,263427.46
2025-10-15 01:00:00,112940.2,112971.8,112280.0,112687.9,263427.46
2025-10-15 01:00:00,112940.2,112971.8,112280.0,112687.9,263427.46
2025-10-15 01:00:00,112940.2,112971.8,112280.0,112687.9,263427.46
2025-10-15 01:00:00,112940.2,112971.8,112280.0,112687.9,263427.46
2025-10-15 01:00:00,112940.2,112971.8,112280.0,112687.9,263427.46
2025-10-15 01:00:00,112940.2,112971.8,112280.0,112687.9,263427.46
2025-10-15 01:00:00,112940.2,112971.8,112280.0,112687.9,263427.46
2025-10-15 01:00:00,112940.2,112971.8,112280.0,112687.9,263427.46
2025-10-15 01:00:00,112940.2,112971.8,112280.0,112687.9,263427.46
2025-10-15 01:00:00,112940.2,112971.8,112280.0,112687.9,263427.46
2025-10-15 01:00:00,112940.2,112971.8,112280.0,112687.9,263427.46
2025-10-15 02:00:00,112688.0,113575.5,112628.9,112751.4,293432.88
2025-10-15 02:00:00,112688.0,113575.5,112628.9,112751.4,293432.88
2025-10-15 02:00:00,112688.0,113575.5,112628.9,112751.4,293432.88
2025-10-15 02:00:00,112688.0,113575.5,112628.9,112751.4,293432.88
2025-10-15 02:00:00,112688.0,113575.5,112628.9,112751.4,293432.88
2025-10-15 02:00:00,112688.0,113575.5,112628.9,112751.4,293432.88
2025-10-15 02:00:00,112688.0,113575.5,112628.9,112751.4,293432.88
2025-10-15 02:00:00,112688.0,113575.5,112628.9,112751.4,293432.88
2025-10-15 02:00:00,112688.0,113575.5,112628.9,112751.4,293432.88
2025-10-15 02:00:00,112688.0,113575.5,112628.9,112751.4,293432.88
2025-10-15 02:00:00,112688.0,113575.5,112628.9,112751.4,293432.88
2025-10-15 02:00:00,112688.0,113575.5,112628.9,112751.4,293432.88
2025-10-15 02:00:00,112688.0,113575.5,112628.9,112751.4,293432.88
2025-10-15 02:00:00,112688.0,113575.5,112628.9,112751.4,293432.88
2025-10-15 02:00:00,112688.0,113575.5,112628.9,112751.4,293432.88
2025-10-15 03:00:00,112751.3,112814.8,111763.6,111989.6,366645.28
2025-10-15 03:00:00,112751.3,112814.8,111763.6,111989.6,366645.28
2025-10-15 03:00:00,112751.3,112814.8,111763.6,111989.6,366645.28
2025-10-15 03:00:00,112751.3,112814.8,111763.6,111989.6,366645.28
2025-10-15 03:00:00,112751.3,112814.8,111763.6,111989.6,366645.28
2025-10-15 03:00:00,112751.3,112814.8,111763.6,111989.6,366645.28
2025-10-15 03:00:00,112751.3,112814.8,111763.6,111989.6,366645.28
2025-10-15 03:00:00,112751.3,112814.8,111763.6,111989.6,366645.28
2025-10-15 03:00:00,112751.3,112814.8,111763.6,111989.6,366645.28
2025-10-15 03:00:00,112751.3,112814.8,111763.6,111989.6,366645.28
2025-10-15 03:00:00,112751.3,112814.8,111763.6,111989.6,366645.28
2025-10-15 03:00:00,112751.3,112814.8,111763.6,111989.6,366645.28
2025-10-15 03:00:00,112751.3,112814.8,111763.6,111989.6,366645.28
2025-10-15 03:00:00,112751.3,112814.8,111763.6,111989.6,366645.28
2025-10-15 03:00:00,112751.3,112814.8,111763.6,111989.6,366645.28
2025-10-15 04:00:00,111989.6,112432.5,111684.0,112307.3,232158.13
2025-10-15 04:00:00,111989.6,112432.5,111684.0,112307.3,232158.13
2025-10-15 04:00:00,111989.6,112432.5,111684.0,112307.3,232158.13
2025-10-15 04:00:00,111989.6,112432.5,111684.0,112307.3,232158.13
2025-10-15 04:00:00,111989.6,112432.5,111684.0,112307.3,232158.13
2025-10-15 04:00:00,111989.6,112432.5,111684.0,112307.3,232158.13
2025-10-15 04:00:00,111989.6,112432.5,111684.0,112307.3,232158.13
2025-10-15 04:00:00,111989.6,112432.5,111684.0,112307.3,232158.13
2025-10-15 04:00:00,111989.6,112432.5,111684.0,112307.3,232158.13
2025-10-15 04:00:00,111989.6,112432.5,111684.0,112307.3,232158.13
2025-10-15 04:00:00,111989.6,112432.5,111684.0,112307.3,232158.13
2025-10-15 04:00:00,111989.6,112432.5,111684.0,112307.3,232158.13
2025-10-15 04:00:00,111989.6,112432.5,111684.0,112307.3,232158.13
2025-10-15 04:00:00,111989.6,112432.5,111684.0,112307.3,232158.13
2025-10-15 04:00:00,111989.6,112432.5,111684.0,112307.3,232158.13
2025-10-15 05:00:00,112307.3,112623.2,112125.6,112379.4,201498.73
2025-10-15 05:00:00,112307.3,112623.2,112125.6,112379.4,201498.73
2025-10-15 05:00:00,112307.3,112623.2,112125.6,112379.4,201498.73
2025-10-15 05:00:00,112307.3,112623.2,112125.6,112379.4,201498.73
2025-10-15 05:00:00,112307.3,112623.2,112125.6,112379.4,201498.73
2025-10-15 05:00:00,112307.3,112623.2,112125.6,112379.4,201498.73
2025-10-15 05:00:00,112307.3,112623.2,112125.6,112379.4,201498.73
2025-10-15 05:00:00,112307.3,112623.2,112125.6,112379.4,201498.73
2025-10-15 05:00:00,112307.3,112623.2,112125.6,112379.4,201498.73
2025-10-15 05:00:00,112307.3,112623.2,112125.6,112379.4,201498.73
2025-10-15 05:00:00,112307.3,112623.2,112125.6,112379.4,201498.73
2025-10-15 05:00:00,112307.3,112623.2,112125.6,112379.4,201498.73
2025-10-15 05:00:00,112307.3,112623.2,112125.6,112379.4,201498.73
2025-10-15 05:00:00,112307.3,112623.2,112125.6,112379.4,201498.73
2025-10-15 05:00:00,112307.3,112623.2,112125.6,112379.4,201498.73
2025-10-15 06:00:00,112379.4,112536.1,111827.6,112407.7,211342.4
2025-10-15 06:00:00,112379.4,112536.1,111827.6,112407.7,211342.4
2025-10-15 06:00:00,112379.4,112536.1,111827.6,112407.7,211342.4
2025-10-15 06:00:00,112379.4,112536.1,111827.6,112407.7,211342.4
2025-10-15 06:00:00,112379.4,112536.1,111827.6,112407.7,211342.4
2025-10-15 06:00:00,112379.4,112536.1,111827.6,112407.7,211342.4
2025-10-15 06:00:00,112379.4,112536.1,111827.6,112407.7,211342.4
2025-10-15 06:00:00,112379.4,112536.1,111827.6,112407.7,211342.4
2025-10-15 06:00:00,112379.4,112536.1,111827.6,112407.7,211342.4
2025-10-15 06:00:00,112379.4,112536.1,111827.6,112407.7,211342.4
2025-10-15 06:00:00,112379.4,112536.1,111827.6,112407.7,211342.4
2025-10-15 06:00:00,112379.4,112536.1,111827.6,112407.7,211342.4
2025-10-15 06:00:00,112379.4,112536.1,111827.6,112407.7,211342.4
2025-10-15 06:00:00,112379.4,112536.1,111827.6,112407.7,211342.4
2025-10-15 06:00:00,112379.4,112536.1,111827.6,112407.7,211342.4
2025-10-15 07:00:00,112407.8,112654.0,112159.4,112520.8,176635.24
2025-10-15 07:00:00,112407.8,112654.0,112159.4,112520.8,176635.24
2025-10-15 07:00:00,112407.8,112654.0,112159.4,112520.8,176635.24
2025-10-15 07:00:00,112407.8,112654.0,112159.4,112520.8,176635.24
2025-10-15 07:00:00,112407.8,112654.0,112159.4,112520.8,176635.24
2025-10-15 07:00:00,112407.8,112654.0,112159.4,112520.8,176635.24
2025-10-15 07:00:00,112407.8,112654.0,112159.4,112520.8,176635.24
2025-10-15 07:00:00,112407.8,112654.0,112159.4,112520.8,176635.24
2025-10-15 07:00:00,112407.8,112654.0,112159.4,112520.8,176635.24
2025-10-15 07:00:00,112407.8,112654.0,112159.4,112520.8,176635.24
2025-10-15 07:00:00,112407.8,112654.0,112159.4,112520.8,176635.24
2025-10-15 07:00:00,112407.8,112654.0,112159.4,112520.8,176635.24
2025-10-15 07:00:00,112407.8,112654.0,112159.4,112520.8,176635.24
2025-10-15 07:00:00,112407.8,112654.0,112159.4,112520.8,176635.24
2025-10-15 07:00:00,112407.8,112654.0,112159.4,112520.8,176635.24
2025-10-15 08:00:00,112520.9,113461.0,112484.5,112900.8,442637.24
2025-10-15 08:00:00,112520.9,113461.0,112484.5,112900.8,442637.24
2025-10-15 08:00:00,112520.9,113461.0,112484.5,112900.8,442637.24
2025-10-15 08:00:00,112520.9,113461.0,112484.5,112900.8,442637.24
2025-10-15 08:00:00,112520.9,113461.0,112484.5,112900.8,442637.24
2025-10-15 08:00:00,112520.9,113461.0,112484.5,112900.8,442637.24
2025-10-15 08:00:00,112520.9,113461.0,112484.5,112900.8,442637.24
2025-10-15 08:00:00,112520.9,113461.0,112484.5,112900.8,442637.24
2025-10-15 08:00:00,112520.9,113461.0,112484.5,112900.8,442637.24
2025-10-15 08:00:00,112520.9,113461.0,112484.5,112900.8,442637.24
2025-10-15 08:00:00,112520.9,113461.0,112484.5,112900.8,442637.24
2025-10-15 08:00:00,112520.9,113461.0,112484.5,112900.8,442637.24
2025-10-15 08:00:00,112520.9,113461.0,112484.5,112900.8,442637.24
2025-10-15 08:00:00,112520.9,113461.0,112484.5,112900.8,442637.24
2025-10-15 08:00:00,112520.9,113461.0,112484.5,112900.8,442637.24
2025-10-15 09:00:00,112900.8,113068.3,112326.0,112506.1,267710.11
2025-10-15 09:00:00,112900.8,113068.3,112326.0,112506.1,267710.11
2025-10-15 09:00:00,112900.8,113068.3,112326.0,112506.1,267710.11
2025-10-15 09:00:00,112900.8,113068.3,112326.0,112506.1,267710.11
2025-10-15 09:00:00,112900.8,113068.3,112326.0,112506.1,267710.11
2025-10-15 09:00:00,112900.8,113068.3,112326.0,112506.1,267710.11
2025-10-15 09:00:00,112900.8,113068.3,112326.0,112506.1,267710.11
2025-10-15 09:00:00,112900.8,113068.3,112326.0,112506.1,267710.11
2025-10-15 09:00:00,112900.8,113068.3,112326.0,112506.1,267710.11
2025-10-15 09:00:00,112900.8,113068.3,112326.0,112506.1,267710.11
2025-10-15 09:00:00,112900.8,113068.3,112326.0,112506.1,267710.11
2025-10-15 09:00:00,112900.8,113068.3,112326.0,112506.1,267710.11
2025-10-15 09:00:00,112900.8,113068.3,112326.0,112506.1,267710.11
2025-10-15 09:00:00,112900.8,113068.3,112326.0,112506.1,267710.11
2025-10-15 09:00:00,112900.8,113068.3,112326.0,112506.1,267710.11
2025-10-15 10:00:00,112506.1,112610.6,112012.1,112224.1,282566.4
2025-10-15 10:00:00,112506.1,112610.6,112012.1,112224.1,282566.4
2025-10-15 10:00:00,112506.1,112610.6,112012.1,112224.1,282566.4
2025-10-15 10:00:00,112506.1,112610.6,112012.1,112224.1,282566.4
2025-10-15 10:00:00,112506.1,112610.6,112012.1,112224.1,282566.4
2025-10-15 10:00:00,112506.1,112610.6,112012.1,112224.1,282566.4
2025-10-15 10:00:00,112506.1,112610.6,112012.1,112224.1,282566.4
2025-10-15 10:00:00,112506.1,112610.6,112012.1,112224.1,282566.4
2025-10-15 10:00:00,112506.1,112610.6,112012.1,112224.1,282566.4
2025-10-15 10:00:00,112506.1,112610.6,112012.1,112224.1,282566.4
2025-10-15 10:00:00,112506.1,112610.6,112012.1,112224.1,282566.4
2025-10-15 10:00:00,112506.1,112610.6,112012.1,112224.1,282566.4
2025-10-15 10:00:00,112506.1,112610.6,112012.1,112224.1,282566.4
2025-10-15 10:00:00,112506.1,112610.6,112012.1,112224.1,282566.4
2025-10-15 10:00:00,112506.1,112610.6,112012.1,112224.1,282566.4
2025-10-15 11:00:00,112224.0,112576.6,111627.7,111859.0,303638.66
2025-10-15 11:00:00,112224.0,112576.6,111627.7,111859.0,303638.66
2025-10-15 11:00:00,112224.0,112576.6,111627.7,111859.0,303638.66
2025-10-15 11:00:00,112224.0,112576.6,111627.7,111859.0,303638.66
2025-10-15 11:00:00,112224.0,112576.6,111627.7,111859.0,303638.66
2025-10-15 11:00:00,112224.0,112576.6,111627.7,111859.0,303638.66
2025-10-15 11:00:00,112224.0,112576.6,111627.7,111859.0,303638.66
2025-10-15 11:00:00,112224.0,112576.6,111627.7,111859.0,303638.66
2025-10-15 11:00:00,112224.0,112576.6,111627.7,111859.0,303638.66
2025-10-15 11:00:00,112224.0,112576.6,111627.7,111859.0,303638.66
2025-10-15 11:00:00,112224.0,112576.6,111627.7,111859.0,303638.66
2025-10-15 11:00:00,112224.0,112576.6,111627.7,111859.0,303638.66
2025-10-15 11:00:00,112224.0,112576.6,111627.7,111859.0,303638.66
2025-10-15 11:00:00,112224.0,112576.6,111627.7,111859.0,303638.66
2025-10-15 11:00:00,112224.0,112576.6,111627.7,111859.0,303638.66
2025-10-15 12:00:00,111859.0,112047.8,111305.0,111666.7,350943.54
2025-10-15 12:00:00,111859.0,112047.8,111305.0,111666.7,350943.54
2025-10-15 12:00:00,111859.0,112047.8,111305.0,111666.7,350943.54
2025-10-15 12:00:00,111859.0,112047.8,111305.0,111666.7,350943.54
2025-10-15 12:00:00,111859.0,112047.8,111305.0,111666.7,350943.54
2025-10-15 12:00:00,111859.0,112047.8,111305.0,111666.7,350943.54
2025-10-15 12:00:00,111859.0,112047.8,111305.0,111666.7,350943.54
2025-10-15 12:00:00,111859.0,112047.8,111305.0,111666.7,350943.54
2025-10-15 12:00:00,111859.0,112047.8,111305.0,111666.7,350943.54
2025-10-15 12:00:00,111859.0,112047.8,111305.0,111666.7,350943.54
2025-10-15 12:00:00,111859.0,112047.8,111305.0,111666.7,350943.54
2025-10-15 12:00:00,111859.0,112047.8,111305.0,111666.7,350943.54
2025-10-15 12:00:00,111859.0,112047.8,111305.0,111666.7,350943.54
2025-10-15 12:00:00,111859.0,112047.8,111305.0,111666.7,350943.54
2025-10-15 12:00:00,111859.0,112047.8,111305.0,111666.7,350943.54
2025-10-15 13:00:00,111666.8,111960.0,110657.1,111339.4,609067.59
2025-10-15 13:00:00,111666.8,111960.0,110657.1,111339.4,609067.59
2025-10-15 13:00:00,111666.8,111960.0,110657.1,111339.4,609067.59
2025-10-15 13:00:00,111666.8,111960.0,110657.1,111339.4,609067.59
2025-10-15 13:00:00,111666.8,111960.0,110657.1,111339.4,609067.59
2025-10-15 13:00:00,111666.8,111960.0,110657.1,111339.4,609067.59
2025-10-15 13:00:00,111666.8,111960.0,110657.1,111339.4,609067.59
2025-10-15 13:00:00,111666.8,111960.0,110657.1,111339.4,609067.59
2025-10-15 13:00:00,111666.8,111960.0,110657.1,111339.4,609067.59
2025-10-15 13:00:00,111666.8,111960.0,110657.1,111339.4,609067.59
2025-10-15 13:00:00,111666.8,111960.0,110657.1,111339.4,609067.59
2025-10-15 13:00:00,111666.8,111960.0,110657.1,111339.4,609067.59
2025-10-15 13:00:00,111666.8,111960.0,110657.1,111339.4,609067.59
2025-10-15 13:00:00,111666.8,111960.0,110657.1,111339.4,609067.59
2025-10-15 13:00:00,111666.8,111960.0,110657.1,111339.4,609067.59
2025-10-15 14:00:00,111339.4,112200.0,110728.0,111017.5,663314.86
2025-10-15 14:00:00,111339.4,112200.0,110728.0,111017.5,663314.86
2025-10-15 14:00:00,111339.4,112200.0,110728.0,111017.5,663314.86
2025-10-15 14:00:00,111339.4,112200.0,110728.0,111017.5,663314.86
2025-10-15 14:00:00,111339.4,112200.0,110728.0,111017.5,663314.86
2025-10-15 14:00:00,111339.4,112200.0,110728.0,111017.5,663314.86
2025-10-15 14:00:00,111339.4,112200.0,110728.0,111017.5,663314.86
2025-10-15 14:00:00,111339.4,112200.0,110728.0,111017.5,663314.86
2025-10-15 14:00:00,111339.4,112200.0,110728.0,111017.5,663314.86
2025-10-15 14:00:00,111339.4,112200.0,110728.0,111017.5,663314.86
2025-10-15 14:00:00,111339.4,112200.0,110728.0,111017.5,663314.86
2025-10-15 14:00:00,111339.4,112200.0,110728.0,111017.5,663314.86
2025-10-15 14:00:00,111339.4,112200.0,110728.0,111017.5,663314.86
2025-10-15 14:00:00,111339.4,112200.0,110728.0,111017.5,663314.86
2025-10-15 14:00:00,111339.4,112200.0,110728.0,111017.5,663314.86
2025-10-15 15:00:00,111017.5,111547.7,110329.8,110745.0,610630.3
2025-10-15 15:00:00,111017.5,111547.7,110329.8,110745.0,610630.3
2025-10-15 15:00:00,111017.5,111547.7,110329.8,110745.0,610630.3
2025-10-15 15:00:00,111017.5,111547.7,110329.8,110745.0,610630.3
2025-10-15 15:00:00,111017.5,111547.7,110329.8,110745.0,610630.3
2025-10-15 15:00:00,111017.5,111547.7,110329.8,110745.0,610630.3
2025-10-15 15:00:00,111017.5,111547.7,110329.8,110745.0,610630.3
2025-10-15 15:00:00,111017.5,111547.7,110329.8,110745.0,610630.3
2025-10-15 15:00:00,111017.5,111547.7,110329.8,110745.0,610630.3
2025-10-15 15:00:00,111017.5,111547.7,110329.8,110745.0,610630.3
2025-10-15 15:00:00,111017.5,111547.7,110329.8,110745.0,610630.3
2025-10-15 15:00:00,111017.5,111547.7,110329.8,110745.0,610630.3
2025-10-15 15:00:00,111017.5,111547.7,110329.8,110745.0,610630.3
2025-10-15 15:00:00,111017.5,111547.7,110329.8,110745.0,610630.3
2025-10-15 15:00:00,111017.5,111547.7,110329.8,110745.0,610630.3
2025-10-15 16:00:00,110745.0,111053.6,110540.3,110688.6,330121.45
2025-10-15 16:00:00,110745.0,111053.6,110540.3,110688.6,330121.45
2025-10-15 16:00:00,110745.0,111053.6,110540.3,110688.6,330121.45
2025-10-15 16:00:00,110745.0,111053.6,110540.3,110688.6,330121.45
2025-10-15 16:00:00,110745.0,111053.6,110540.3,110688.6,330121.45
2025-10-15 16:00:00,110745.0,111053.6,110540.3,110688.6,330121.45
2025-10-15 16:00:00,110745.0,111053.6,110540.3,110688.6,330121.45
2025-10-15 16:00:00,110745.0,111053.6,110540.3,110688.6,330121.45
2025-10-15 16:00:00,110745.0,111053.6,110540.3,110688.6,330121.45
2025-10-15 16:00:00,110745.0,111053.6,110540.3,110688.6,330121.45
2025-10-15 16:00:00,110745.0,111053.6,110540.3,110688.6,330121.45
2025-10-15 16:00:00,110745.0,111053.6,110540.3,110688.6,330121.45
2025-10-15 16:00:00,110745.0,111053.6,110540.3,110688.6,330121.45
2025-10-15 16:00:00,110745.0,111053.6,110540.3,110688.6,330121.45
2025-10-15 16:00:00,110745.0,111053.6,110540.3,110688.6,330121.45
2025-10-15 17:00:00,110688.6,111129.0,110098.8,111118.0,402705.69
2025-10-15 17:00:00,110688.6,111129.0,110098.8,111118.0,402705.69
2025-10-15 17:00:00,110688.6,111129.0,110098.8,111118.0,402705.69
2025-10-15 17:00:00,110688.6,111129.0,110098.8,111118.0,402705.69
2025-10-15 17:00:00,110688.6,111129.0,110098.8,111118.0,402705.69
2025-10-15 17:00:00,110688.6,111129.0,110098.8,111118.0,402705.69
2025-10-15 17:00:00,110688.6,111129.0,110098.8,111118.0,402705.69
2025-10-15 17:00:00,110688.6,111129.0,110098.8,111118.0,402705.69
2025-10-15 17:00:00,110688.6,111129.0,110098.8,111118.0,402705.69
2025-10-15 17:00:00,110688.6,111129.0,110098.8,111118.0,402705.69
2025-10-15 17:00:00,110688.6,111129.0,110098.8,111118.0,402705.69
2025-10-15 17:00:00,110688.6,111129.0,110098.8,111118.0,402705.69
2025-10-15 17:00:00,110688.6,111129.0,110098.8,111118.0,402705.69
2025-10-15 17:00:00,110688.6,111129.0,110098.8,111118.0,402705.69
2025-10-15 17:00:00,110688.6,111129.0,110098.8,111118.0,402705.69
2025-10-15 18:00:00,111118.0,111428.9,110761.0,111361.6,205983.68
2025-10-15 18:00:00,111118.0,111428.9,110761.0,111361.6,205983.68
2025-10-15 18:00:00,111118.0,111428.9,110761.0,111361.6,205983.68
2025-10-15 18:00:00,111118.0,111428.9,110761.0,111361.6,205983.68
2025-10-15 18:00:00,111118.0,111428.9,110761.0,111361.6,205983.68
2025-10-15 18:00:00,111118.0,111428.9,110761.0,111361.6,205983.68
2025-10-15 18:00:00,111118.0,111428.9,110761.0,111361.6,205983.68
2025-10-15 18:00:00,111118.0,111428.9,110761.0,111361.6,205983.68
2025-10-15 18:00:00,111118.0,111428.9,110761.0,111361.6,205983.68
2025-10-15 18:00:00,111118.0,111428.9,110761.0,111361.6,205983.68
2025-10-15 18:00:00,111118.0,111428.9,110761.0,111361.6,205983.68
2025-10-15 18:00:00,111118.0,111428.9,110761.0,111361.6,205983.68
2025-10-15 18:00:00,111118.0,111428.9,110761.0,111361.6,205983.68
2025-10-15 18:00:00,111118.0,111428.9,110761.0,111361.6,205983.68
2025-10-15 18:00:00,111118.0,111428.9,110761.0,111361.6,205983.68
2025-10-15 19:00:00,111361.7,111489.2,111011.3,111204.1,183209.08
2025-10-15 19:00:00,111361.7,111489.2,111011.3,111204.1,183209.08
2025-10-15 19:00:00,111361.7,111489.2,111011.3,111204.1,183209.08
2025-10-15 19:00:00,111361.7,111489.2,111011.3,111204.1,183209.08
2025-10-15 19:00:00,111361.7,111489.2,111011.3,111204.1,183209.08
2025-10-15 19:00:00,111361.7,111489.2,111011.3,111204.1,183209.08
2025-10-15 19:00:00,111361.7,111489.2,111011.3,111204.1,183209.08
2025-10-15 19:00:00,111361.7,111489.2,111011.3,111204.1,183209.08
2025-10-15 19:00:00,111361.7,111489.2,111011.3,111204.1,183209.08
2025-10-15 19:00:00,111361.7,111489.2,111011.3,111204.1,183209.08
2025-10-15 19:00:00,111361.7,111489.2,111011.3,111204.1,183209.08
2025-10-15 19:00:00,111361.7,111489.2,111011.3,111204.1,183209.08
2025-10-15 19:00:00,111361.7,111489.2,111011.3,111204.1,183209.08
2025-10-15 19:00:00,111361.7,111489.2,111011.3,111204.1,183209.08
2025-10-15 19:00:00,111361.7,111489.2,111011.3,111204.1,183209.08
2025-10-15 20:00:00,111204.1,111497.0,110425.9,111046.5,283577.08
2025-10-15 20:00:00,111204.1,111497.0,110425.9,111046.5,283577.08
2025-10-15 20:00:00,111204.1,111497.0,110425.9,111046.5,283577.08
2025-10-15 20:00:00,111204.1,111497.0,110425.9,111046.5,283577.08
2025-10-15 20:00:00,111204.1,111497.0,110425.9,111046.5,283577.08
2025-10-15 20:00:00,111204.1,111497.0,110425.9,111046.5,283577.08
2025-10-15 20:00:00,111204.1,111497.0,110425.9,111046.5,283577.08
2025-10-15 20:00:00,111204.1,111497.0,110425.9,111046.5,283577.08
2025-10-15 20:00:00,111204.1,111497.0,110425.9,111046.5,283577.08
2025-10-15 20:00:00,111204.1,111497.0,110425.9,111046.5,283577.08
2025-10-15 20:00:00,111204.1,111497.0,110425.9,111046.5,283577.08
2025-10-15 20:00:00,111204.1,111497.0,110425.9,111046.5,283577.08
2025-10-15 20:00:00,111204.1,111497.0,110425.9,111046.5,283577.08
2025-10-15 20:00:00,111204.1,111497.0,110425.9,111046.5,283577.08
2025-10-15 20:00:00,111204.1,111497.0,110425.9,111046.5,283577.08
2025-10-15 21:00:00,111046.4,111376.5,110425.0,110798.5,272149.05
2025-10-15 21:00:00,111046.4,111376.5,110425.0,110798.5,272149.05
2025-10-15 21:00:00,111046.4,111376.5,110425.0,110798.5,272149.05
2025-10-15 21:00:00,111046.4,111376.5,110425.0,110798.5,272149.05
2025-10-15 21:00:00,111046.4,111376.5,110425.0,110798.5,272149.05
2025-10-15 21:00:00,111046.4,111376.5,110425.0,110798.5,272149.05
2025-10-15 21:00:00,111046.4,111376.5,110425.0,110798.5,272149.05
2025-10-15 21:00:00,111046.4,111376.5,110425.0,110798.5,272149.05
2025-10-15 21:00:00,111046.4,111376.5,110425.0,110798.5,272149.05
2025-10-15 21:00:00,111046.4,111376.5,110425.0,110798.5,272149.05
2025-10-15 21:00:00,111046.4,111376.5,110425.0,110798.5,272149.05
2025-10-15 21:00:00,111046.4,111376.5,110425.0,110798.5,272149.05
2025-10-15 21:00:00,111046.4,111376.5,110425.0,110798.5,272149.05
2025-10-15 21:00:00,111046.4,111376.5,110425.0,110798.5,272149.05
2025-10-15 21:00:00,111046.4,111376.5,110425.0,110798.5,272149.05
2025-10-15 22:00:00,110798.4,111334.4,110600.3,110605.7,134854.78
2025-10-15 22:00:00,110798.4,111334.4,110600.3,110605.7,134854.78
2025-10-15 22:00:00,110798.4,111334.4,110600.3,110605.7,134854.78
2025-10-15 22:00:00,110798.4,111334.4,110600.3,110605.7,134854.78
2025-10-15 22:00:00,110798.4,111334.4,110600.3,110605.7,134854.78
2025-10-15 22:00:00,110798.4,111334.4,110600.3,110605.7,134854.78
2025-10-15 22:00:00,110798.4,111334.4,110600.3,110605.7,134854.78
2025-10-15 22:00:00,110798.4,111334.4,110600.3,110605.7,134854.78
2025-10-15 22:00:00,110798.4,111334.4,110600.3,110605.7,134854.78
2025-10-15 22:00:00,110798.4,111334.4,110600.3,110605.7,134854.78
2025-10-15 22:00:00,110798.4,111334.4,110600.3,110605.7,134854.78
2025-10-15 22:00:00,110798.4,111334.4,110600.3,110605.7,134854.78
2025-10-15 22:00:00,110798.4,111334.4,110600.3,110605.7,134854.78
2025-10-15 22:00:00,110798.4,111334.4,110600.3,110605.7,134854.78
2025-10-15 22:00:00,110798.4,111334.4,110600.3,110605.7,134854.78
2025-10-15 23:00:00,110605.7,110969.2,110530.3,110714.3,229775.74
2025-10-15 23:00:00,110605.7,110969.2,110530.3,110714.3,229775.74
2025-10-15 23:00:00,110605.7,110969.2,110530.3,110714.3,229775.74
2025-10-15 23:00:00,110605.7,110969.2,110530.3,110714.3,229775.74
2025-10-15 23:00:00,110605.7,110969.2,110530.3,110714.3,229775.74
2025-10-15 23:00:00,110605.7,110969.2,110530.3,110714.3,229775.74
2025-10-15 23:00:00,110605.7,110969.2,110530.3,110714.3,229775.74
2025-10-15 23:00:00,110605.7,110969.2,110530.3,110714.3,229775.74
2025-10-15 23:00:00,110605.7,110969.2,110530.3,110714.3,229775.74
2025-10-15 23:00:00,110605.7,110969.2,110530.3,110714.3,229775.74
2025-10-15 23:00:00,110605.7,110969.2,110530.3,110714.3,229775.74
2025-10-15 23:00:00,110605.7,110969.2,110530.3,110714.3,229775.74
2025-10-15 23:00:00,110605.7,110969.2,110530.3,110714.3,229775.74
2025-10-15 23:00:00,110605.7,110969.2,110530.3,110714.3,229775.74
2025-10-15 23:00:00,110605.7,110969.2,110530.3,110714.3,229775.74
2025-10-16 00:00:00,110714.2,110807.1,110311.0,110396.2,180815.14
2025-10-16 00:00:00,110714.2,110807.1,110311.0,110396.2,180815.14
2025-10-16 00:00:00,110714.2,110807.1,110311.0,110396.2,180815.14
2025-10-16 00:00:00,110714.2,110807.1,110311.0,110396.2,180815.14
2025-10-16 00:00:00,110714.2,110807.1,110311.0,110396.2,180815.14
2025-10-16 00:00:00,110714.2,110807.1,110311.0,110396.2,180815.14
2025-10-16 00:00:00,110714.2,110807.1,110311.0,110396.2,180815.14
2025-10-16 00:00:00,110714.2,110807.1,110311.0,110396.2,180815.14
2025-10-16 00:00:00,110714.2,110807.1,110311.0,110396.2,180815.14
2025-10-16 00:00:00,110714.2,110807.1,110311.0,110396.2,180815.14
2025-10-16 00:00:00,110714.2,110807.1,110311.0,110396.2,180815.14
2025-10-16 00:00:00,110714.2,110807.1,110311.0,110396.2,180815.14
2025-10-16 00:00:00,110714.2,110807.1,110311.0,110396.2,180815.14
2025-10-16 00:00:00,110714.2,110807.1,110311.0,110396.2,180815.14
2025-10-16 00:00:00,110714.2,110807.1,110311.0,110396.2,180815.14
2025-10-16 01:00:00,110396.2,111288.0,110380.0,111261.9,208956.8
2025-10-16 01:00:00,110396.2,111288.0,110380.0,111261.9,208956.8
2025-10-16 01:00:00,110396.2,111288.0,110380.0,111261.9,208956.8
2025-10-16 01:00:00,110396.2,111288.0,110380.0,111261.9,208956.8
2025-10-16 01:00:00,110396.2,111288.0,110380.0,111261.9,208956.8
2025-10-16 01:00:00,110396.2,111288.0,110380.0,111261.9,208956.8
2025-10-16 01:00:00,110396.2,111288.0,110380.0,111261.9,208956.8
2025-10-16 01:00:00,110396.2,111288.0,110380.0,111261.9,208956.8
2025-10-16 01:00:00,110396.2,111288.0,110380.0,111261.9,208956.8
2025-10-16 01:00:00,110396.2,111288.0,110380.0,111261.9,208956.8
2025-10-16 01:00:00,110396.2,111288.0,110380.0,111261.9,208956.8
2025-10-16 01:00:00,110396.2,111288.0,110380.0,111261.9,208956.8
2025-10-16 01:00:00,110396.2,111288.0,110380.0,111261.9,208956.8
2025-10-16 01:00:00,110396.2,111288.0,110380.0,111261.9,208956.8
2025-10-16 01:00:00,110396.2,111288.0,110380.0,111261.9,208956.8
2025-10-16 02:00:00,111261.9,111550.0,110969.0,111460.6,232827.95
2025-10-16 02:00:00,111261.9,111550.0,110969.0,111460.6,232827.95
2025-10-16 02:00:00,111261.9,111550.0,110969.0,111460.6,232827.95
2025-10-16 02:00:00,111261.9,111550.0,110969.0,111460.6,232827.95
2025-10-16 02:00:00,111261.9,111550.0,110969.0,111460.6,232827.95
2025-10-16 02:00:00,111261.9,111550.0,110969.0,111460.6,232827.95
2025-10-16 02:00:00,111261.9,111550.0,110969.0,111460.6,232827.95
2025-10-16 02:00:00,111261.9,111550.0,110969.0,111460.6,232827.95
2025-10-16 02:00:00,111261.9,111550.0,110969.0,111460.6,232827.95
2025-10-16 02:00:00,111261.9,111550.0,110969.0,111460.6,232827.95
2025-10-16 02:00:00,111261.9,111550.0,110969.0,111460.6,232827.95
2025-10-16 02:00:00,111261.9,111550.0,110969.0,111460.6,232827.95
2025-10-16 02:00:00,111261.9,111550.0,110969.0,111460.6,232827.95
2025-10-16 02:00:00,111261.9,111550.0,110969.0,111460.6,232827.95
2025-10-16 02:00:00,111261.9,111550.0,110969.0,111460.6,232827.95
2025-10-16 03:00:00,111460.5,111817.4,111222.0,111283.5,229832.54
2025-10-16 03:00:00,111460.5,111817.4,111222.0,111283.5,229832.54
2025-10-16 03:00:00,111460.5,111817.4,111222.0,111283.5,229832.54
2025-10-16 03:00:00,111460.5,111817.4,111222.0,111283.5,229832.54
2025-10-16 03:00:00,111460.5,111817.4,111222.0,111283.5,229832.54
2025-10-16 03:00:00,111460.5,111817.4,111222.0,111283.5,229832.54
2025-10-16 03:00:00,111460.5,111817.4,111222.0,111283.5,229832.54
2025-10-16 03:00:00,111460.5,111817.4,111222.0,111283.5,229832.54
2025-10-16 03:00:00,111460.5,111817.4,111222.0,111283.5,229832.54
2025-10-16 03:00:00,111460.5,111817.4,111222.0,111283.5,229832.54
2025-10-16 03:00:00,111460.5,111817.4,111222.0,111283.5,229832.54
2025-10-16 03:00:00,111460.5,111817.4,111222.0,111283.5,229832.54
2025-10-16 03:00:00,111460.5,111817.4,111222.0,111283.5,229832.54
2025-10-16 03:00:00,111460.5,111817.4,111222.0,111283.5,229832.54
2025-10-16 03:00:00,111460.5,111817.4,111222.0,111283.5,229832.54
2025-10-16 04:00:00,111283.5,111611.3,110755.0,110917.2,283484.17
2025-10-16 04:00:00,111283.5,111611.3,110755.0,110917.2,283484.17
2025-10-16 04:00:00,111283.5,111611.3,110755.0,110917.2,283484.17
2025-10-16 04:00:00,111283.5,111611.3,110755.0,110917.2,283484.17
2025-10-16 04:00:00,111283.5,111611.3,110755.0,110917.2,283484.17
2025-10-16 04:00:00,111283.5,111611.3,110755.0,110917.2,283484.17
2025-10-16 04:00:00,111283.5,111611.3,110755.0,110917.2,283484.17
2025-10-16 04:00:00,111283.5,111611.3,110755.0,110917.2,283484.17
2025-10-16 04:00:00,111283.5,111611.3,110755.0,110917.2,283484.17
2025-10-16 04:00:00,111283.5,111611.3,110755.0,110917.2,283484.17
2025-10-16 04:00:00,111283.5,111611.3,110755.0,110917.2,283484.17
2025-10-16 04:00:00,111283.5,111611.3,110755.0,110917.2,283484.17
2025-10-16 04:00:00,111283.5,111611.3,110755.0,110917.2,283484.17
2025-10-16 04:00:00,111283.5,111611.3,110755.0,110917.2,283484.17
2025-10-16 04:00:00,111283.5,111611.3,110755.0,110917.2,283484.17
2025-10-16 05:00:00,110917.1,111409.6,110652.5,110890.0,270608.45
2025-10-16 05:00:00,110917.1,111409.6,110652.5,110890.0,270608.45
2025-10-16 05:00:00,110917.1,111409.6,110652.5,110890.0,270608.45
2025-10-16 05:00:00,110917.1,111409.6,110652.5,110890.0,270608.45
2025-10-16 05:00:00,110917.1,111409.6,110652.5,110890.0,270608.45
2025-10-16 05:00:00,110917.1,111409.6,110652.5,110890.0,270608.45
2025-10-16 05:00:00,110917.1,111409.6,110652.5,110890.0,270608.45
2025-10-16 05:00:00,110917.1,111409.6,110652.5,110890.0,270608.45
2025-10-16 05:00:00,110917.1,111409.6,110652.5,110890.0,270608.45
2025-10-16 05:00:00,110917.1,111409.6,110652.5,110890.0,270608.45
2025-10-16 05:00:00,110917.1,111409.6,110652.5,110890.0,270608.45
2025-10-16 05:00:00,110917.1,111409.6,110652.5,110890.0,270608.45
2025-10-16 05:00:00,110917.1,111409.6,110652.5,110890.0,270608.45
2025-10-16 05:00:00,110917.1,111409.6,110652.5,110890.0,270608.45
2025-10-16 05:00:00,110917.1,111409.6,110652.5,110890.0,270608.45
2025-10-16 06:00:00,110890.0,111666.0,110859.0,111605.1,219724.65
2025-10-16 06:00:00,110890.0,111666.0,110859.0,111605.1,219724.65
2025-10-16 06:00:00,110890.0,111666.0,110859.0,111605.1,219724.65
2025-10-16 06:00:00,110890.0,111666.0,110859.0,111605.1,219724.65
2025-10-16 06:00:00,110890.0,111666.0,110859.0,111605.1,219724.65
2025-10-16 06:00:00,110890.0,111666.0,110859.0,111605.1,219724.65
2025-10-16 06:00:00,110890.0,111666.0,110859.0,111605.1,219724.65
2025-10-16 06:00:00,110890.0,111666.0,110859.0,111605.1,219724.65
2025-10-16 06:00:00,110890.0,111666.0,110859.0,111605.1,219724.65
2025-10-16 06:00:00,110890.0,111666.0,110859.0,111605.1,219724.65
2025-10-16 06:00:00,110890.0,111666.0,110859.0,111605.1,219724.65
2025-10-16 06:00:00,110890.0,111666.0,110859.0,111605.1,219724.65
2025-10-16 06:00:00,110890.0,111666.0,110859.0,111605.1,219724.65
2025-10-16 06:00:00,110890.0,111666.0,110859.0,111605.1,219724.65
2025-10-16 06:00:00,110890.0,111666.0,110859.0,111605.1,219724.65
2025-10-16 07:00:00,111605.1,111711.0,110505.0,110511.8,406112.62
2025-10-16 07:00:00,111605.1,111711.0,110505.0,110511.8,406112.62
2025-10-16 07:00:00,111605.1,111711.0,110505.0,110511.8,406112.62
2025-10-16 07:00:00,111605.1,111711.0,110505.0,110511.8,406112.62
2025-10-16 07:00:00,111605.1,111711.0,110505.0,110511.8,406112.62
2025-10-16 07:00:00,111605.1,111711.0,110505.0,110511.8,406112.62
2025-10-16 07:00:00,111605.1,111711.0,110505.0,110511.8,406112.62
2025-10-16 07:00:00,111605.1,111711.0,110505.0,110511.8,406112.62
2025-10-16 07:00:00,111605.1,111711.0,110505.0,110511.8,406112.62
2025-10-16 07:00:00,111605.1,111711.0,110505.0,110511.8,406112.62
2025-10-16 07:00:00,111605.1,111711.0,110505.0,110511.8,406112.62
2025-10-16 07:00:00,111605.1,111711.0,110505.0,110511.8,406112.62
2025-10-16 07:00:00,111605.1,111711.0,110505.0,110511.8,406112.62
2025-10-16 07:00:00,111605.1,111711.0,110505.0,110511.8,406112.62
2025-10-16 07:00:00,111605.1,111711.0,110505.0,110511.8,406112.62
2025-10-16 08:00:00,110511.8,110854.4,110340.8,110757.3,218677.42
2025-10-16 08:00:00,110511.8,110854.4,110340.8,110757.3,218677.42
2025-10-16 08:00:00,110511.8,110854.4,110340.8,110757.3,218677.42
2025-10-16 08:00:00,110511.8,110854.4,110340.8,110757.3,218677.42
2025-10-16 08:00:00,110511.8,110854.4,110340.8,110757.3,218677.42
2025-10-16 08:00:00,110511.8,110854.4,110340.8,110757.3,218677.42
2025-10-16 08:00:00,110511.8,110854.4,110340.8,110757.3,218677.42
2025-10-16 08:00:00,110511.8,110854.4,110340.8,110757.3,218677.42
2025-10-16 08:00:00,110511.8,110854.4,110340.8,110757.3,218677.42
2025-10-16 08:00:00,110511.8,110854.4,110340.8,110757.3,218677.42
2025-10-16 08:00:00,110511.8,110854.4,110340.8,110757.3,218677.42
2025-10-16 08:00:00,110511.8,110854.4,110340.8,110757.3,218677.42
2025-10-16 08:00:00,110511.8,110854.4,110340.8,110757.3,218677.42
2025-10-16 08:00:00,110511.8,110854.4,110340.8,110757.3,218677.42
2025-10-16 08:00:00,110511.8,110854.4,110340.8,110757.3,218677.42
2025-10-16 09:00:00,110757.3,111600.0,109500.0,111103.7,959183.47
2025-10-16 09:00:00,110757.3,111600.0,109500.0,111103.7,959183.47
2025-10-16 09:00:00,110757.3,111600.0,109500.0,111103.7,959183.47
2025-10-16 09:00:00,110757.3,111600.0,109500.0,111103.7,959183.47
2025-10-16 09:00:00,110757.3,111600.0,109500.0,111103.7,959183.47
2025-10-16 09:00:00,110757.3,111600.0,109500.0,111103.7,959183.47
2025-10-16 09:00:00,110757.3,111600.0,109500.0,111103.7,959183.47
2025-10-16 09:00:00,110757.3,111600.0,109500.0,111103.7,959183.47
2025-10-16 09:00:00,110757.3,111600.0,109500.0,111103.7,959183.47
2025-10-16 09:00:00,110757.3,111600.0,109500.0,111103.7,959183.47
2025-10-16 09:00:00,110757.3,111600.0,109500.0,111103.7,959183.47
2025-10-16 09:00:00,110757.3,111600.0,109500.0,111103.7,959183.47
2025-10-16 09:00:00,110757.3,111600.0,109500.0,111103.7,959183.47
2025-10-16 09:00:00,110757.3,111600.0,109500.0,111103.7,959183.47
2025-10-16 09:00:00,110757.3,111600.0,109500.0,111103.7,959183.47
2025-10-16 10:00:00,111103.8,111684.0,110966.6,111426.0,325954.35
2025-10-16 10:00:00,111103.8,111684.0,110966.6,111426.0,325954.35
2025-10-16 10:00:00,111103.8,111684.0,110966.6,111426.0,325954.35
2025-10-16 10:00:00,111103.8,111684.0,110966.6,111426.0,325954.35
2025-10-16 10:00:00,111103.8,111684.0,110966.6,111426.0,325954.35
2025-10-16 10:00:00,111103.8,111684.0,110966.6,111426.0,325954.35
2025-10-16 10:00:00,111103.8,111684.0,110966.6,111426.0,325954.35
2025-10-16 10:00:00,111103.8,111684.0,110966.6,111426.0,325954.35
2025-10-16 10:00:00,111103.8,111684.0,110966.6,111426.0,325954.35
2025-10-16 10:00:00,111103.8,111684.0,110966.6,111426.0,325954.35
2025-10-16 10:00:00,111103.8,111684.0,110966.6,111426.0,325954.35
2025-10-16 10:00:00,111103.8,111684.0,110966.6,111426.0,325954.35
2025-10-16 10:00:00,111103.8,111684.0,110966.6,111426.0,325954.35
2025-10-16 10:00:00,111103.8,111684.0,110966.6,111426.0,325954.35
2025-10-16 10:00:00,111103.8,111684.0,110966.6,111426.0,325954.35
2025-10-16 11:00:00,111426.2,111523.3,110951.2,111361.6,210156.86
2025-10-16 11:00:00,111426.2,111523.3,110951.2,111361.6,210156.86
2025-10-16 11:00:00,111426.2,111523.3,110951.2,111361.6,210156.86
2025-10-16 11:00:00,111426.2,111523.3,110951.2,111361.6,210156.86
2025-10-16 11:00:00,111426.2,111523.3,110951.2,111361.6,210156.86
2025-10-16 11:00:00,111426.2,111523.3,110951.2,111361.6,210156.86
2025-10-16 11:00:00,111426.2,111523.3,110951.2,111361.6,210156.86
2025-10-16 11:00:00,111426.2,111523.3,110951.2,111361.6,210156.86
2025-10-16 11:00:00,111426.2,111523.3,110951.2,111361.6,210156.86
2025-10-16 11:00:00,111426.2,111523.3,110951.2,111361.6,210156.86
2025-10-16 11:00:00,111426.2,111523.3,110951.2,111361.6,210156.86
2025-10-16 11:00:00,111426.2,111523.3,110951.2,111361.6,210156.86
2025-10-16 11:00:00,111426.2,111523.3,110951.2,111361.6,210156.86
2025-10-16 11:00:00,111426.2,111523.3,110951.2,111361.6,210156.86
2025-10-16 11:00:00,111426.2,111523.3,110951.2,111361.6,210156.86
2025-10-16 12:00:00,111361.7,111950.0,111276.6,111466.8,332821.88
2025-10-16 12:00:00,111361.7,111950.0,111276.6,111466.8,332821.88
2025-10-16 12:00:00,111361.7,111950.0,111276.6,111466.8,332821.88
2025-10-16 12:00:00,111361.7,111950.0,111276.6,111466.8,332821.88
2025-10-16 12:00:00,111361.7,111950.0,111276.6,111466.8,332821.88
2025-10-16 12:00:00,111361.7,111950.0,111276.6,111466.8,332821.88
2025-10-16 12:00:00,111361.7,111950.0,111276.6,111466.8,332821.88
2025-10-16 12:00:00,111361.7,111950.0,111276.6,111466.8,332821.88
2025-10-16 12:00:00,111361.7,111950.0,111276.6,111466.8,332821.88
2025-10-16 12:00:00,111361.7,111950.0,111276.6,111466.8,332821.88
2025-10-16 12:00:00,111361.7,111950.0,111276.6,111466.8,332821.88
2025-10-16 12:00:00,111361.7,111950.0,111276.6,111466.8,332821.88
2025-10-16 12:00:00,111361.7,111950.0,111276.6,111466.8,332821.88
2025-10-16 12:00:00,111361.7,111950.0,111276.6,111466.8,332821.88
2025-10-16 12:00:00,111361.7,111950.0,111276.6,111466.8,332821.88
2025-10-16 13:00:00,111466.7,111502.1,110617.6,110804.6,404048.43
2025-10-16 13:00:00,111466.7,111502.1,110617.6,110804.6,404048.43
2025-10-16 13:00:00,111466.7,111502.1,110617.6,110804.6,404048.43
2025-10-16 13:00:00,111466.7,111502.1,110617.6,110804.6,404048.43
2025-10-16 13:00:00,111466.7,111502.1,110617.6,110804.6,404048.43
2025-10-16 13:00:00,111466.7,111502.1,110617.6,110804.6,404048.43
2025-10-16 13:00:00,111466.7,111502.1,110617.6,110804.6,404048.43
2025-10-16 13:00:00,111466.7,111502.1,110617.6,110804.6,404048.43
2025-10-16 13:00:00,111466.7,111502.1,110617.6,110804.6,404048.43
2025-10-16 13:00:00,111466.7,111502.1,110617.6,110804.6,404048.43
2025-10-16 13:00:00,111466.7,111502.1,110617.6,110804.6,404048.43
2025-10-16 13:00:00,111466.7,111502.1,110617.6,110804.6,404048.43
2025-10-16 13:00:00,111466.7,111502.1,110617.6,110804.6,404048.43
2025-10-16 13:00:00,111466.7,111502.1,110617.6,110804.6,404048.43
2025-10-16 13:00:00,111466.7,111502.1,110617.6,110804.6,404048.43
2025-10-16 14:00:00,110804.7,111360.0,109660.0,110462.9,875403.52
2025-10-16 14:00:00,110804.7,111360.0,109660.0,110462.9,875403.52
2025-10-16 14:00:00,110804.7,111360.0,109660.0,110462.9,875403.52
2025-10-16 14:00:00,110804.7,111360.0,109660.0,110462.9,875403.52
2025-10-16 14:00:00,110804.7,111360.0,109660.0,110462.9,875403.52
2025-10-16 14:00:00,110804.7,111360.0,109660.0,110462.9,875403.52
2025-10-16 14:00:00,110804.7,111360.0,109660.0,110462.9,875403.52
2025-10-16 14:00:00,110804.7,111360.0,109660.0,110462.9,875403.52
2025-10-16 14:00:00,110804.7,111360.0,109660.0,110462.9,875403.52
2025-10-16 14:00:00,110804.7,111360.0,109660.0,110462.9,875403.52
2025-10-16 14:00:00,110804.7,111360.0,109660.0,110462.9,875403.52
2025-10-16 14:00:00,110804.7,111360.0,109660.0,110462.9,875403.52
2025-10-16 14:00:00,110804.7,111360.0,109660.0,110462.9,875403.52
2025-10-16 14:00:00,110804.7,111360.0,109660.0,110462.9,875403.52
2025-10-16 14:00:00,110804.7,111360.0,109660.0,110462.9,875403.52
2025-10-16 15:00:00,110463.0,110675.7,108285.1,108489.8,1209856.03
2025-10-16 15:00:00,110463.0,110675.7,108285.1,108489.8,1209856.03
2025-10-16 15:00:00,110463.0,110675.7,108285.1,108489.8,1209856.03
2025-10-16 15:00:00,110463.0,110675.7,108285.1,108489.8,1209856.03
2025-10-16 15:00:00,110463.0,110675.7,108285.1,108489.8,1209856.03
2025-10-16 15:00:00,110463.0,110675.7,108285.1,108489.8,1209856.03
2025-10-16 15:00:00,110463.0,110675.7,108285.1,108489.8,1209856.03
2025-10-16 15:00:00,110463.0,110675.7,108285.1,108489.8,1209856.03
2025-10-16 15:00:00,110463.0,110675.7,108285.1,108489.8,1209856.03
2025-10-16 15:00:00,110463.0,110675.7,108285.1,108489.8,1209856.03
2025-10-16 15:00:00,110463.0,110675.7,108285.1,108489.8,1209856.03
2025-10-16 15:00:00,110463.0,110675.7,108285.1,108489.8,1209856.03
2025-10-16 15:00:00,110463.0,110675.7,108285.1,108489.8,1209856.03
2025-10-16 15:00:00,110463.0,110675.7,108285.1,108489.8,1209856.03
2025-10-16 15:00:00,110463.0,110675.7,108285.1,108489.8,1209856.03
2025-10-16 16:00:00,108489.8,109212.1,107517.6,109170.1,1181308.11
2025-10-16 16:00:00,108489.8,109212.1,107517.6,109170.1,1181308.11
2025-10-16 16:00:00,108489.8,109212.1,107517.6,109170.1,1181308.11
2025-10-16 16:00:00,108489.8,109212.1,107517.6,109170.1,1181308.11
2025-10-16 16:00:00,108489.8,109212.1,107517.6,109170.1,1181308.11
2025-10-16 16:00:00,108489.8,109212.1,107517.6,109170.1,1181308.11
2025-10-16 16:00:00,108489.8,109212.1,107517.6,109170.1,1181308.11
2025-10-16 16:00:00,108489.8,109212.1,107517.6,109170.1,1181308.11
2025-10-16 16:00:00,108489.8,109212.1,107517.6,109170.1,1181308.11
2025-10-16 16:00:00,108489.8,109212.1,107517.6,109170.1,1181308.11
2025-10-16 16:00:00,108489.8,109212.1,107517.6,109170.1,1181308.11
2025-10-16 16:00:00,108489.8,109212.1,107517.6,109170.1,1181308.11
2025-10-16 16:00:00,108489.8,109212.1,107517.6,109170.1,1181308.11
2025-10-16 16:00:00,108489.8,109212.1,107517.6,109170.1,1181308.11
2025-10-16 16:00:00,108489.8,109212.1,107517.6,109170.1,1181308.11
2025-10-16 17:00:00,109170.0,109186.1,108142.9,108214.9,505086.21
2025-10-16 17:00:00,109170.0,109186.1,108142.9,108214.9,505086.21
2025-10-16 17:00:00,109170.0,109186.1,108142.9,108214.9,505086.21
2025-10-16 17:00:00,109170.0,109186.1,108142.9,108214.9,505086.21
2025-10-16 17:00:00,109170.0,109186.1,108142.9,108214.9,505086.21
2025-10-16 17:00:00,109170.0,109186.1,108142.9,108214.9,505086.21
2025-10-16 17:00:00,109170.0,109186.1,108142.9,108214.9,505086.21
2025-10-16 17:00:00,109170.0,109186.1,108142.9,108214.9,505086.21
2025-10-16 17:00:00,109170.0,109186.1,108142.9,108214.9,505086.21
2025-10-16 17:00:00,109170.0,109186.1,108142.9,108214.9,505086.21
2025-10-16 17:00:00,109170.0,109186.1,108142.9,108214.9,505086.21
2025-10-16 17:00:00,109170.0,109186.1,108142.9,108214.9,505086.21
2025-10-16 17:00:00,109170.0,109186.1,108142.9,108214.9,505086.21
2025-10-16 17:00:00,109170.0,109186.1,108142.9,108214.9,505086.21
2025-10-16 17:00:00,109170.0,109186.1,108142.9,108214.9,505086.21
2025-10-16 18:00:00,108214.9,108599.0,107621.7,108588.8,408192.2
2025-10-16 18:00:00,108214.9,108599.0,107621.7,108588.8,408192.2
2025-10-16 18:00:00,108214.9,108599.0,107621.7,108588.8,408192.2
2025-10-16 18:00:00,108214.9,108599.0,107621.7,108588.8,408192.2
2025-10-16 18:00:00,108214.9,108599.0,107621.7,108588.8,408192.2
2025-10-16 18:00:00,108214.9,108599.0,107621.7,108588.8,408192.2
2025-10-16 18:00:00,108214.9,108599.0,107621.7,108588.8,408192.2
2025-10-16 18:00:00,108214.9,108599.0,107621.7,108588.8,408192.2
2025-10-16 18:00:00,108214.9,108599.0,107621.7,108588.8,408192.2
2025-10-16 18:00:00,108214.9,108599.0,107621.7,108588.8,408192.2
2025-10-16 18:00:00,108214.9,108599.0,107621.7,108588.8,408192.2
2025-10-16 18:00:00,108214.9,108599.0,107621.7,108588.8,408192.2
2025-10-16 18:00:00,108214.9,108599.0,107621.7,108588.8,408192.2
2025-10-16 18:00:00,108214.9,108599.0,107621.7,108588.8,408192.2
2025-10-16 18:00:00,108214.9,108599.0,107621.7,108588.8,408192.2
2025-10-16 19:00:00,108588.8,108684.5,107624.6,108145.6,430448.38
2025-10-16 19:00:00,108588.8,108684.5,107624.6,108145.6,430448.38
2025-10-16 19:00:00,108588.8,108684.5,107624.6,108145.6,430448.38
2025-10-16 19:00:00,108588.8,108684.5,107624.6,108145.6,430448.38
2025-10-16 19:00:00,108588.8,108684.5,107624.6,108145.6,430448.38
2025-10-16 19:00:00,108588.8,108684.5,107624.6,108145.6,430448.38
2025-10-16 19:00:00,108588.8,108684.5,107624.6,108145.6,430448.38
2025-10-16 19:00:00,108588.8,108684.5,107624.6,108145.6,430448.38
2025-10-16 19:00:00,108588.8,108684.5,107624.6,108145.6,430448.38
2025-10-16 19:00:00,108588.8,108684.5,107624.6,108145.6,430448.38
2025-10-16 19:00:00,108588.8,108684.5,107624.6,108145.6,430448.38
2025-10-16 19:00:00,108588.8,108684.5,107624.6,108145.6,430448.38
2025-10-16 19:00:00,108588.8,108684.5,107624.6,108145.6,430448.38
2025-10-16 19:00:00,108588.8,108684.5,107624.6,108145.6,430448.38
2025-10-16 19:00:00,108588.8,108684.5,107624.6,108145.6,430448.38
2025-10-16 20:00:00,108144.0,108375.0,107333.3,107789.2,261341.72
2025-10-16 20:00:00,108144.0,108375.0,107333.3,107789.2,261341.72
2025-10-16 20:00:00,108144.0,108375.0,107333.3,107789.2,261341.72
2025-10-16 20:00:00,108144.0,108375.0,107333.3,107789.2,261341.72
2025-10-16 20:00:00,108144.0,108375.0,107333.3,107789.2,261341.72
2025-10-16 20:00:00,108144.0,108375.0,107333.3,107789.2,261341.72
2025-10-16 20:00:00,108144.0,108375.0,107333.3,107789.2,261341.72
2025-10-16 20:00:00,108144.0,108375.0,107333.3,107789.2,261341.72
2025-10-16 20:00:00,108144.0,108375.0,107333.3,107789.2,261341.72
2025-10-16 20:00:00,108144.0,108375.0,107333.3,107789.2,261341.72
2025-10-16 20:00:00,108144.0,108375.0,107333.3,107789.2,261341.72
2025-10-16 20:00:00,108144.0,108375.0,107333.3,107789.2,261341.72
2025-10-16 20:00:00,108144.0,108375.0,107333.3,107789.2,261341.72
2025-10-16 20:00:00,108144.0,108375.0,107333.3,107789.2,261341.72
2025-10-16 20:00:00,108144.0,108375.0,107333.3,107789.2,261341.72
2025-10-16 21:00:00,107789.2,108416.7,107532.8,108377.6,142475.07
2025-10-16 21:00:00,107789.2,108416.7,107532.8,108377.6,142475.07
2025-10-16 21:00:00,107789.2,108416.7,107532.8,108377.6,142475.07
2025-10-16 21:00:00,107789.2,108416.7,107532.8,108377.6,142475.07
2025-10-16 21:00:00,107789.2,108416.7,107532.8,108377.6,142475.07
2025-10-16 21:00:00,107789.2,108416.7,107532.8,108377.6,142475.07
2025-10-16 21:00:00,107789.2,108416.7,107532.8,108377.6,142475.07
2025-10-16 21:00:00,107789.2,108416.7,107532.8,108377.6,142475.07
2025-10-16 21:00:00,107789.2,108416.7,107532.8,108377.6,142475.07
2025-10-16 21:00:00,107789.2,108416.7,107532.8,108377.6,142475.07
2025-10-16 21:00:00,107789.2,108416.7,107532.8,108377.6,142475.07
2025-10-16 21:00:00,107789.2,108416.7,107532.8,108377.6,142475.07
2025-10-16 21:00:00,107789.2,108416.7,107532.8,108377.6,142475.07
2025-10-16 21:00:00,107789.2,108416.7,107532.8,108377.6,142475.07
2025-10-16 21:00:00,107789.2,108416.7,107532.8,108377.6,142475.07
2025-10-16 22:00:00,108377.6,108452.5,107718.9,107751.5,140229.3
2025-10-16 22:00:00,108377.6,108452.5,107718.9,107751.5,140229.3
2025-10-16 22:00:00,108377.6,108452.5,107718.9,107751.5,140229.3
2025-10-16 22:00:00,108377.6,108452.5,107718.9,107751.5,140229.3
2025-10-16 22:00:00,108377.6,108452.5,107718.9,107751.5,140229.3
2025-10-16 22:00:00,108377.6,108452.5,107718.9,107751.5,140229.3
2025-10-16 22:00:00,108377.6,108452.5,107718.9,107751.5,140229.3
2025-10-16 22:00:00,108377.6,108452.5,107718.9,107751.5,140229.3
2025-10-16 22:00:00,108377.6,108452.5,107718.9,107751.5,140229.3
2025-10-16 22:00:00,108377.6,108452.5,107718.9,107751.5,140229.3
2025-10-16 22:00:00,108377.6,108452.5,107718.9,107751.5,140229.3
2025-10-16 22:00:00,108377.6,108452.5,107718.9,107751.5,140229.3
2025-10-16 22:00:00,108377.6,108452.5,107718.9,107751.5,140229.3
2025-10-16 22:00:00,108377.6,108452.5,107718.9,107751.5,140229.3
2025-10-16 22:00:00,108377.6,108452.5,107718.9,107751.5,140229.3
2025-10-16 23:00:00,107751.5,108387.8,107678.3,108140.1,170920.3
2025-10-16 23:00:00,107751.5,108387.8,107678.3,108140.1,170920.3
2025-10-16 23:00:00,107751.5,108387.8,107678.3,108140.1,170920.3
2025-10-16 23:00:00,107751.5,108387.8,107678.3,108140.1,170920.3
2025-10-16 23:00:00,107751.5,108387.8,107678.3,108140.1,170920.3
2025-10-16 23:00:00,107751.5,108387.8,107678.3,108140.1,170920.3
2025-10-16 23:00:00,107751.5,108387.8,107678.3,108140.1,170920.3
2025-10-16 23:00:00,107751.5,108387.8,107678.3,108140.1,170920.3
2025-10-16 23:00:00,107751.5,108387.8,107678.3,108140.1,170920.3
2025-10-16 23:00:00,107751.5,108387.8,107678.3,108140.1,170920.3
2025-10-16 23:00:00,107751.5,108387.8,107678.3,108140.1,170920.3
2025-10-16 23:00:00,107751.5,108387.8,107678.3,108140.1,170920.3
2025-10-16 23:00:00,107751.5,108387.8,107678.3,108140.1,170920.3
2025-10-16 23:00:00,107751.5,108387.8,107678.3,108140.1,170920.3
2025-10-16 23:00:00,107751.5,108387.8,107678.3,108140.1,170920.3
2025-10-17 00:00:00,108140.1,108783.2,107883.1,108737.5,220545.72
2025-10-17 00:00:00,108140.1,108783.2,107883.1,108737.5,220545.72
2025-10-17 00:00:00,108140.1,108783.2,107883.1,108737.5,220545.72
2025-10-17 00:00:00,108140.1,108783.2,107883.1,108737.5,220545.72
2025-10-17 00:00:00,108140.1,108783.2,107883.1,108737.5,220545.72
2025-10-17 00:00:00,108140.1,108783.2,107883.1,108737.5,220545.72
2025-10-17 00:00:00,108140.1,108783.2,107883.1,108737.5,220545.72
2025-10-17 00:00:00,108140.1,108783.2,107883.1,108737.5,220545.72
2025-10-17 00:00:00,108140.1,108783.2,107883.1,108737.5,220545.72
2025-10-17 00:00:00,108140.1,108783.2,107883.1,108737.5,220545.72
2025-10-17 00:00:00,108140.1,108783.2,107883.1,108737.5,220545.72
2025-10-17 00:00:00,108140.1,108783.2,107883.1,108737.5,220545.72
2025-10-17 00:00:00,108140.1,108783.2,107883.1,108737.5,220545.72
2025-10-17 00:00:00,108140.1,108783.2,107883.1,108737.5,220545.72
2025-10-17 00:00:00,108140.1,108783.2,107883.1,108737.5,220545.72
2025-10-17 01:00:00,108738.1,109059.6,108440.5,108775.7,225675.21
2025-10-17 01:00:00,108738.1,109059.6,108440.5,108775.7,225675.21
2025-10-17 01:00:00,108738.1,109059.6,108440.5,108775.7,225675.21
2025-10-17 01:00:00,108738.1,109059.6,108440.5,108775.7,225675.21
2025-10-17 01:00:00,108738.1,109059.6,108440.5,108775.7,225675.21
2025-10-17 01:00:00,108738.1,109059.6,108440.5,108775.7,225675.21
2025-10-17 01:00:00,108738.1,109059.6,108440.5,108775.7,225675.21
2025-10-17 01:00:00,108738.1,109059.6,108440.5,108775.7,225675.21
2025-10-17 01:00:00,108738.1,109059.6,108440.5,108775.7,225675.21
2025-10-17 01:00:00,108738.1,109059.6,108440.5,108775.7,225675.21
2025-10-17 01:00:00,108738.1,109059.6,108440.5,108775.7,225675.21
2025-10-17 01:00:00,108738.1,109059.6,108440.5,108775.7,225675.21
2025-10-17 01:00:00,108738.1,109059.6,108440.5,108775.7,225675.21
2025-10-17 01:00:00,108738.1,109059.6,108440.5,108775.7,225675.21
2025-10-17 01:00:00,108738.1,109059.6,108440.5,108775.7,225675.21
2025-10-17 02:00:00,108775.7,109022.0,108333.3,108913.5,205729.67
2025-10-17 02:00:00,108775.7,109022.0,108333.3,108913.5,205729.67
2025-10-17 02:00:00,108775.7,109022.0,108333.3,108913.5,205729.67
2025-10-17 02:00:00,108775.7,109022.0,108333.3,108913.5,205729.67
2025-10-17 02:00:00,108775.7,109022.0,108333.3,108913.5,205729.67
2025-10-17 02:00:00,108775.7,109022.0,108333.3,108913.5,205729.67
2025-10-17 02:00:00,108775.7,109022.0,108333.3,108913.5,205729.67
2025-10-17 02:00:00,108775.7,109022.0,108333.3,108913.5,205729.67
2025-10-17 02:00:00,108775.7,109022.0,108333.3,108913.5,205729.67
2025-10-17 02:00:00,108775.7,109022.0,108333.3,108913.5,205729.67
2025-10-17 02:00:00,108775.7,109022.0,108333.3,108913.5,205729.67
2025-10-17 02:00:00,108775.7,109022.0,108333.3,108913.5,205729.67
2025-10-17 02:00:00,108775.7,109022.0,108333.3,108913.5,205729.67
2025-10-17 02:00:00,108775.7,109022.0,108333.3,108913.5,205729.67
2025-10-17 02:00:00,108775.7,109022.0,108333.3,108913.5,205729.67
2025-10-17 03:00:00,108913.5,109169.5,108825.7,109117.4,160468.78
2025-10-17 03:00:00,108913.5,109169.5,108825.7,109117.4,160468.78
2025-10-17 03:00:00,108913.5,109169.5,108825.7,109117.4,160468.78
2025-10-17 03:00:00,108913.5,109169.5,108825.7,109117.4,160468.78
2025-10-17 03:00:00,108913.5,109169.5,108825.7,109117.4,160468.78
2025-10-17 03:00:00,108913.5,109169.5,108825.7,109117.4,160468.78
2025-10-17 03:00:00,108913.5,109169.5,108825.7,109117.4,160468.78
2025-10-17 03:00:00,108913.5,109169.5,108825.7,109117.4,160468.78
2025-10-17 03:00:00,108913.5,109169.5,108825.7,109117.4,160468.78
2025-10-17 03:00:00,108913.5,109169.5,108825.7,109117.4,160468.78
2025-10-17 03:00:00,108913.5,109169.5,108825.7,109117.4,160468.78
2025-10-17 03:00:00,108913.5,109169.5,108825.7,109117.4,160468.78
2025-10-17 03:00:00,108913.5,109169.5,108825.7,109117.4,160468.78
2025-10-17 03:00:00,108913.5,109169.5,108825.7,109117.4,160468.78
2025-10-17 03:00:00,108913.5,109169.5,108825.7,109117.4,160468.78
2025-10-17 04:00:00,109117.4,109184.1,108723.1,108730.0,157308.93
2025-10-17 04:00:00,109117.4,109184.1,108723.1,108730.0,157308.93
2025-10-17 04:00:00,109117.4,109184.1,108723.1,108730.0,157308.93
2025-10-17 04:00:00,109117.4,109184.1,108723.1,108730.0,157308.93
2025-10-17 04:00:00,109117.4,109184.1,108723.1,108730.0,157308.93
2025-10-17 04:00:00,109117.4,109184.1,108723.1,108730.0,157308.93
2025-10-17 04:00:00,109117.4,109184.1,108723.1,108730.0,157308.93
2025-10-17 04:00:00,109117.4,109184.1,108723.1,108730.0,157308.93
2025-10-17 04:00:00,109117.4,109184.1,108723.1,108730.0,157308.93
2025-10-17 04:00:00,109117.4,109184.1,108723.1,108730.0,157308.93
2025-10-17 04:00:00,109117.4,109184.1,108723.1,108730.0,157308.93
2025-10-17 04:00:00,109117.4,109184.1,108723.1,108730.0,157308.93
2025-10-17 04:00:00,109117.4,109184.1,108723.1,108730.0,157308.93
2025-10-17 04:00:00,109117.4,109184.1,108723.1,108730.0,157308.93
2025-10-17 04:00:00,109117.4,109184.1,108723.1,108730.0,157308.93
2025-10-17 05:00:00,108730.0,108865.3,108250.0,108332.4,224469.48
2025-10-17 05:00:00,108730.0,108865.3,108250.0,108332.4,224469.48
2025-10-17 05:00:00,108730.0,108865.3,108250.0,108332.4,224469.48
2025-10-17 05:00:00,108730.0,108865.3,108250.0,108332.4,224469.48
2025-10-17 05:00:00,108730.0,108865.3,108250.0,108332.4,224469.48
2025-10-17 05:00:00,108730.0,108865.3,108250.0,108332.4,224469.48
2025-10-17 05:00:00,108730.0,108865.3,108250.0,108332.4,224469.48
2025-10-17 05:00:00,108730.0,108865.3,108250.0,108332.4,224469.48
2025-10-17 05:00:00,108730.0,108865.3,108250.0,108332.4,224469.48
2025-10-17 05:00:00,108730.0,108865.3,108250.0,108332.4,224469.48
2025-10-17 05:00:00,108730.0,108865.3,108250.0,108332.4,224469.48
2025-10-17 05:00:00,108730.0,108865.3,108250.0,108332.4,224469.48
2025-10-17 05:00:00,108730.0,108865.3,108250.0,108332.4,224469.48
2025-10-17 05:00:00,108730.0,108865.3,108250.0,108332.4,224469.48
2025-10-17 05:00:00,108730.0,108865.3,108250.0,108332.4,224469.48
2025-10-17 06:00:00,108332.4,108464.4,106600.0,106717.6,903456.36
2025-10-17 06:00:00,108332.4,108464.4,106600.0,106717.6,903456.36
2025-10-17 06:00:00,108332.4,108464.4,106600.0,106717.6,903456.36
2025-10-17 06:00:00,108332.4,108464.4,106600.0,106717.6,903456.36
2025-10-17 06:00:00,108332.4,108464.4,106600.0,106717.6,903456.36
2025-10-17 06:00:00,108332.4,108464.4,106600.0,106717.6,903456.36
2025-10-17 06:00:00,108332.4,108464.4,106600.0,106717.6,903456.36
2025-10-17 06:00:00,108332.4,108464.4,106600.0,106717.6,903456.36
2025-10-17 06:00:00,108332.4,108464.4,106600.0,106717.6,903456.36
2025-10-17 06:00:00,108332.4,108464.4,106600.0,106717.6,903456.36
2025-10-17 06:00:00,108332.4,108464.4,106600.0,106717.6,903456.36
2025-10-17 06:00:00,108332.4,108464.4,106600.0,106717.6,903456.36
2025-10-17 06:00:00,108332.4,108464.4,106600.0,106717.6,903456.36
2025-10-17 06:00:00,108332.4,108464.4,106600.0,106717.6,903456.36
2025-10-17 06:00:00,108332.4,108464.4,106600.0,106717.6,903456.36
2025-10-17 07:00:00,106717.6,106880.0,105472.6,105575.3,1019891.41
2025-10-17 07:00:00,106717.6,106880.0,105472.6,105575.3,1019891.41
2025-10-17 07:00:00,106717.6,106880.0,105472.6,105575.3,1019891.41
2025-10-17 07:00:00,106717.6,106880.0,105472.6,105575.3,1019891.41
2025-10-17 07:00:00,106717.6,106880.0,105472.6,105575.3,1019891.41
2025-10-17 07:00:00,106717.6,106880.0,105472.6,105575.3,1019891.41
2025-10-17 07:00:00,106717.6,106880.0,105472.6,105575.3,1019891.41
2025-10-17 07:00:00,106717.6,106880.0,105472.6,105575.3,1019891.41
2025-10-17 07:00:00,106717.6,106880.0,105472.6,105575.3,1019891.41
2025-10-17 07:00:00,106717.6,106880.0,105472.6,105575.3,1019891.41
2025-10-17 07:00:00,106717.6,106880.0,105472.6,105575.3,1019891.41
2025-10-17 07:00:00,106717.6,106880.0,105472.6,105575.3,1019891.41
2025-10-17 07:00:00,106717.6,106880.0,105472.6,105575.3,1019891.41
2025-10-17 07:00:00,106717.6,106880.0,105472.6,105575.3,1019891.41
2025-10-17 07:00:00,106717.6,106880.0,105472.6,105575.3,1019891.41
2025-10-17 08:00:00,105575.3,105655.5,104390.4,104829.4,1277819.44
2025-10-17 08:00:00,105575.3,105655.5,104390.4,104829.4,1277819.44
2025-10-17 08:00:00,105575.3,105655.5,104390.4,104829.4,1277819.44
2025-10-17 08:00:00,105575.3,105655.5,104390.4,104829.4,1277819.44
2025-10-17 08:00:00,105575.3,105655.5,104390.4,104829.4,1277819.44
2025-10-17 08:00:00,105575.3,105655.5,104390.4,104829.4,1277819.44
2025-10-17 08:00:00,105575.3,105655.5,104390.4,104829.4,1277819.44
2025-10-17 08:00:00,105575.3,105655.5,104390.4,104829.4,1277819.44
2025-10-17 08:00:00,105575.3,105655.5,104390.4,104829.4,1277819.44
2025-10-17 08:00:00,105575.3,105655.5,104390.4,104829.4,1277819.44
2025-10-17 08:00:00,105575.3,105655.5,104390.4,104829.4,1277819.44
2025-10-17 08:00:00,105575.3,105655.5,104390.4,104829.4,1277819.44
2025-10-17 08:00:00,105575.3,105655.5,104390.4,104829.4,1277819.44
2025-10-17 08:00:00,105575.3,105655.5,104390.4,104829.4,1277819.44
2025-10-17 08:00:00,105575.3,105655.5,104390.4,104829.4,1277819.44
2025-10-17 09:00:00,104829.3,105582.4,104444.1,104468.8,451902.08
2025-10-17 09:00:00,104829.3,105582.4,104444.1,104468.8,451902.08
2025-10-17 09:00:00,104829.3,105582.4,104444.1,104468.8,451902.08
2025-10-17 09:00:00,104829.3,105582.4,104444.1,104468.8,451902.08
2025-10-17 09:00:00,104829.3,105582.4,104444.1,104468.8,451902.08
2025-10-17 09:00:00,104829.3,105582.4,104444.1,104468.8,451902.08
2025-10-17 09:00:00,104829.3,105582.4,104444.1,104468.8,451902.08
2025-10-17 09:00:00,104829.3,105582.4,104444.1,104468.8,451902.08
2025-10-17 09:00:00,104829.3,105582.4,104444.1,104468.8,451902.08
2025-10-17 09:00:00,104829.3,105582.4,104444.1,104468.8,451902.08
2025-10-17 09:00:00,104829.3,105582.4,104444.1,104468.8,451902.08
2025-10-17 09:00:00,104829.3,105582.4,104444.1,104468.8,451902.08
2025-10-17 09:00:00,104829.3,105582.4,104444.1,104468.8,451902.08
2025-10-17 09:00:00,104829.3,105582.4,104444.1,104468.8,451902.08
2025-10-17 09:00:00,104829.3,105582.4,104444.1,104468.8,451902.08
2025-10-17 10:00:00,104468.8,104880.0,103450.0,104714.2,950725.66
2025-10-17 10:00:00,104468.8,104880.0,103450.0,104714.2,950725.66
2025-10-17 10:00:00,104468.8,104880.0,103450.0,104714.2,950725.66
2025-10-17 10:00:00,104468.8,104880.0,103450.0,104714.2,950725.66
2025-10-17 10:00:00,104468.8,104880.0,103450.0,104714.2,950725.66
2025-10-17 10:00:00,104468.8,104880.0,103450.0,104714.2,950725.66
2025-10-17 10:00:00,104468.8,104880.0,103450.0,104714.2,950725.66
2025-10-17 10:00:00,104468.8,104880.0,103450.0,104714.2,950725.66
2025-10-17 10:00:00,104468.8,104880.0,103450.0,104714.2,950725.66
2025-10-17 10:00:00,104468.8,104880.0,103450.0,104714.2,950725.66
2025-10-17 10:00:00,104468.8,104880.0,103450.0,104714.2,950725.66
2025-10-17 10:00:00,104468.8,104880.0,103450.0,104714.2,950725.66
2025-10-17 10:00:00,104468.8,104880.0,103450.0,104714.2,950725.66
2025-10-17 10:00:00,104468.8,104880.0,103450.0,104714.2,950725.66
2025-10-17 10:00:00,104468.8,104880.0,103450.0,104714.2,950725.66
2025-10-17 11:00:00,104714.1,106554.9,104602.7,105632.8,1207406.9
2025-10-17 11:00:00,104714.1,106554.9,104602.7,105632.8,1207406.9
2025-10-17 11:00:00,104714.1,106554.9,104602.7,105632.8,1207406.9
2025-10-17 11:00:00,104714.1,106554.9,104602.7,105632.8,1207406.9
2025-10-17 11:00:00,104714.1,106554.9,104602.7,105632.8,1207406.9
2025-10-17 11:00:00,104714.1,106554.9,104602.7,105632.8,1207406.9
2025-10-17 11:00:00,104714.1,106554.9,104602.7,105632.8,1207406.9
2025-10-17 11:00:00,104714.1,106554.9,104602.7,105632.8,1207406.9
2025-10-17 11:00:00,104714.1,106554.9,104602.7,105632.8,1207406.9
2025-10-17 11:00:00,104714.1,106554.9,104602.7,105632.8,1207406.9
2025-10-17 11:00:00,104714.1,106554.9,104602.7,105632.8,1207406.9
2025-10-17 11:00:00,104714.1,106554.9,104602.7,105632.8,1207406.9
2025-10-17 11:00:00,104714.1,106554.9,104602.7,105632.8,1207406.9
2025-10-17 11:00:00,104714.1,106554.9,104602.7,105632.8,1207406.9
2025-10-17 11:00:00,104714.1,106554.9,104602.7,105632.8,1207406.9
2025-10-17 12:00:00,105632.8,106035.2,105173.8,105302.8,403470.11
2025-10-17 12:00:00,105632.8,106035.2,105173.8,105302.8,403470.11
2025-10-17 12:00:00,105632.8,106035.2,105173.8,105302.8,403470.11
2025-10-17 12:00:00,105632.8,106035.2,105173.8,105302.8,403470.11
2025-10-17 12:00:00,105632.8,106035.2,105173.8,105302.8,403470.11
2025-10-17 12:00:00,105632.8,106035.2,105173.8,105302.8,403470.11
2025-10-17 12:00:00,105632.8,106035.2,105173.8,105302.8,403470.11
2025-10-17 12:00:00,105632.8,106035.2,105173.8,105302.8,403470.11
2025-10-17 12:00:00,105632.8,106035.2,105173.8,105302.8,403470.11
2025-10-17 12:00:00,105632.8,106035.2,105173.8,105302.8,403470.11
2025-10-17 12:00:00,105632.8,106035.2,105173.8,105302.8,403470.11
2025-10-17 12:00:00,105632.8,106035.2,105173.8,105302.8,403470.11
2025-10-17 12:00:00,105632.8,106035.2,105173.8,105302.8,403470.11
2025-10-17 12:00:00,105632.8,106035.2,105173.8,105302.8,403470.11
2025-10-17 12:00:00,105632.8,106035.2,105173.8,105302.8,403470.11
2025-10-17 13:00:00,105302.7,106122.7,104823.0,105782.3,700906.36
2025-10-17 13:00:00,105302.7,106122.7,104823.0,105782.3,700906.36
2025-10-17 13:00:00,105302.7,106122.7,104823.0,105782.3,700906.36
2025-10-17 13:00:00,105302.7,106122.7,104823.0,105782.3,700906.36
2025-10-17 13:00:00,105302.7,106122.7,104823.0,105782.3,700906.36
2025-10-17 13:00:00,105302.7,106122.7,104823.0,105782.3,700906.36
2025-10-17 13:00:00,105302.7,106122.7,104823.0,105782.3,700906.36
2025-10-17 13:00:00,105302.7,106122.7,104823.0,105782.3,700906.36
2025-10-17 13:00:00,105302.7,106122.7,104823.0,105782.3,700906.36
2025-10-17 13:00:00,105302.7,106122.7,104823.0,105782.3,700906.36
2025-10-17 13:00:00,105302.7,106122.7,104823.0,105782.3,700906.36
2025-10-17 13:00:00,105302.7,106122.7,104823.0,105782.3,700906.36
2025-10-17 13:00:00,105302.7,106122.7,104823.0,105782.3,700906.36
2025-10-17 13:00:00,105302.7,106122.7,104823.0,105782.3,700906.36
2025-10-17 13:00:00,105302.7,106122.7,104823.0,105782.3,700906.36
2025-10-17 14:00:00,105782.2,105947.5,104451.7,105120.0,753962.44
2025-10-17 14:00:00,105782.2,105947.5,104451.7,105120.0,753962.44
2025-10-17 14:00:00,105782.2,105947.5,104451.7,105120.0,753962.44
2025-10-17 14:00:00,105782.2,105947.5,104451.7,105120.0,753962.44
2025-10-17 14:00:00,105782.2,105947.5,104451.7,105120.0,753962.44
2025-10-17 14:00:00,105782.2,105947.5,104451.7,105120.0,753962.44
2025-10-17 14:00:00,105782.2,105947.5,104451.7,105120.0,753962.44
2025-10-17 14:00:00,105782.2,105947.5,104451.7,105120.0,753962.44
2025-10-17 14:00:00,105782.2,105947.5,104451.7,105120.0,753962.44
2025-10-17 14:00:00,105782.2,105947.5,104451.7,105120.0,753962.44
2025-10-17 14:00:00,105782.2,105947.5,104451.7,105120.0,753962.44
2025-10-17 14:00:00,105782.2,105947.5,104451.7,105120.0,753962.44
2025-10-17 14:00:00,105782.2,105947.5,104451.7,105120.0,753962.44
2025-10-17 14:00:00,105782.2,105947.5,104451.7,105120.0,753962.44
2025-10-17 14:00:00,105782.2,105947.5,104451.7,105120.0,753962.44
2025-10-17 15:00:00,105119.9,106772.5,105041.0,106730.1,734138.65
2025-10-17 15:00:00,105119.9,106772.5,105041.0,106730.1,734138.65
2025-10-17 15:00:00,105119.9,106772.5,105041.0,106730.1,734138.65
2025-10-17 15:00:00,105119.9,106772.5,105041.0,106730.1,734138.65
2025-10-17 15:00:00,105119.9,106772.5,105041.0,106730.1,734138.65
2025-10-17 15:00:00,105119.9,106772.5,105041.0,106730.1,734138.65
2025-10-17 15:00:00,105119.9,106772.5,105041.0,106730.1,734138.65
2025-10-17 15:00:00,105119.9,106772.5,105041.0,106730.1,734138.65
2025-10-17 15:00:00,105119.9,106772.5,105041.0,106730.1,734138.65
2025-10-17 15:00:00,105119.9,106772.5,105041.0,106730.1,734138.65
2025-10-17 15:00:00,105119.9,106772.5,105041.0,106730.1,734138.65
2025-10-17 15:00:00,105119.9,106772.5,105041.0,106730.1,734138.65
2025-10-17 15:00:00,105119.9,106772.5,105041.0,106730.1,734138.65
2025-10-17 15:00:00,105119.9,106772.5,105041.0,106730.1,734138.65
2025-10-17 15:00:00,105119.9,106772.5,105041.0,106730.1,734138.65
2025-10-17 16:00:00,106730.1,107515.0,106185.2,106320.0,704139.21
2025-10-17 16:00:00,106730.1,107515.0,106185.2,106320.0,704139.21
2025-10-17 16:00:00,106730.1,107515.0,106185.2,106320.0,704139.21
2025-10-17 16:00:00,106730.1,107515.0,106185.2,106320.0,704139.21
2025-10-17 16:00:00,106730.1,107515.0,106185.2,106320.0,704139.21
2025-10-17 16:00:00,106730.1,107515.0,106185.2,106320.0,704139.21
2025-10-17 16:00:00,106730.1,107515.0,106185.2,106320.0,704139.21
2025-10-17 16:00:00,106730.1,107515.0,106185.2,106320.0,704139.21
2025-10-17 16:00:00,106730.1,107515.0,106185.2,106320.0,704139.21
2025-10-17 16:00:00,106730.1,107515.0,106185.2,106320.0,704139.21
2025-10-17 16:00:00,106730.1,107515.0,106185.2,106320.0,704139.21
2025-10-17 16:00:00,106730.1,107515.0,106185.2,106320.0,704139.21
2025-10-17 16:00:00,106730.1,107515.0,106185.2,106320.0,704139.21
2025-10-17 16:00:00,106730.1,107515.0,106185.2,106320.0,704139.21
2025-10-17 16:00:00,106730.1,107515.0,106185.2,106320.0,704139.21
2025-10-17 17:00:00,106320.0,106680.0,106010.1,106392.1,316662.92
2025-10-17 17:00:00,106320.0,106680.0,106010.1,106392.1,316662.92
2025-10-17 17:00:00,106320.0,106680.0,106010.1,106392.1,316662.92
2025-10-17 17:00:00,106320.0,106680.0,106010.1,106392.1,316662.92
2025-10-17 17:00:00,106320.0,106680.0,106010.1,106392.1,316662.92
2025-10-17 17:00:00,106320.0,106680.0,106010.1,106392.1,316662.92
2025-10-17 17:00:00,106320.0,106680.0,106010.1,106392.1,316662.92
2025-10-17 17:00:00,106320.0,106680.0,106010.1,106392.1,316662.92
2025-10-17 17:00:00,106320.0,106680.0,106010.1,106392.1,316662.92
2025-10-17 17:00:00,106320.0,106680.0,106010.1,106392.1,316662.92
2025-10-17 17:00:00,106320.0,106680.0,106010.1,106392.1,316662.92
2025-10-17 17:00:00,106320.0,106680.0,106010.1,106392.1,316662.92
2025-10-17 17:00:00,106320.0,106680.0,106010.1,106392.1,316662.92
2025-10-17 17:00:00,106320.0,106680.0,106010.1,106392.1,316662.92
2025-10-17 17:00:00,106320.0,106680.0,106010.1,106392.1,316662.92
2025-10-17 18:00:00,106392.0,107049.4,106392.0,106587.3,241938.1
2025-10-17 18:00:00,106392.0,107049.4,106392.0,106587.3,241938.1
2025-10-17 18:00:00,106392.0,107049.4,106392.0,106587.3,241938.1
2025-10-17 18:00:00,106392.0,107049.4,106392.0,106587.3,241938.1
2025-10-17 18:00:00,106392.0,107049.4,106392.0,106587.3,241938.1
2025-10-17 18:00:00,106392.0,107049.4,106392.0,106587.3,241938.1
2025-10-17 18:00:00,106392.0,107049.4,106392.0,106587.3,241938.1
2025-10-17 18:00:00,106392.0,107049.4,106392.0,106587.3,241938.1
2025-10-17 18:00:00,106392.0,107049.4,106392.0,106587.3,241938.1
2025-10-17 18:00:00,106392.0,107049.4,106392.0,106587.3,241938.1
2025-10-17 18:00:00,106392.0,107049.4,106392.0,106587.3,241938.1
2025-10-17 18:00:00,106392.0,107049.4,106392.0,106587.3,241938.1
2025-10-17 18:00:00,106392.0,107049.4,106392.0,106587.3,241938.1
2025-10-17 18:00:00,106392.0,107049.4,106392.0,106587.3,241938.1
2025-10-17 18:00:00,106392.0,107049.4,106392.0,106587.3,241938.1
2025-10-17 19:00:00,106587.3,106836.0,106173.3,106406.0,178341.94
2025-10-17 19:00:00,106587.3,106836.0,106173.3,106406.0,178341.94
2025-10-17 19:00:00,106587.3,106836.0,106173.3,106406.0,178341.94
2025-10-17 19:00:00,106587.3,106836.0,106173.3,106406.0,178341.94
2025-10-17 19:00:00,106587.3,106836.0,106173.3,106406.0,178341.94
2025-10-17 19:00:00,106587.3,106836.0,106173.3,106406.0,178341.94
2025-10-17 19:00:00,106587.3,106836.0,106173.3,106406.0,178341.94
2025-10-17 19:00:00,106587.3,106836.0,106173.3,106406.0,178341.94
2025-10-17 19:00:00,106587.3,106836.0,106173.3,106406.0,178341.94
2025-10-17 19:00:00,106587.3,106836.0,106173.3,106406.0,178341.94
2025-10-17 19:00:00,106587.3,106836.0,106173.3,106406.0,178341.94
2025-10-17 19:00:00,106587.3,106836.0,106173.3,106406.0,178341.94
2025-10-17 19:00:00,106587.3,106836.0,106173.3,106406.0,178341.94
2025-10-17 19:00:00,106587.3,106836.0,106173.3,106406.0,178341.94
2025-10-17 19:00:00,106587.3,106836.0,106173.3,106406.0,178341.94
2025-10-17 20:00:00,106406.1,107122.9,106296.2,106967.0,176173.35
2025-10-17 20:00:00,106406.1,107122.9,106296.2,106967.0,176173.35
2025-10-17 20:00:00,106406.1,107122.9,106296.2,106967.0,176173.35
2025-10-17 20:00:00,106406.1,107122.9,106296.2,106967.0,176173.35
2025-10-17 20:00:00,106406.1,107122.9,106296.2,106967.0,176173.35
2025-10-17 20:00:00,106406.1,107122.9,106296.2,106967.0,176173.35
2025-10-17 20:00:00,106406.1,107122.9,106296.2,106967.0,176173.35
2025-10-17 20:00:00,106406.1,107122.9,106296.2,106967.0,176173.35
2025-10-17 20:00:00,106406.1,107122.9,106296.2,106967.0,176173.35
2025-10-17 20:00:00,106406.1,107122.9,106296.2,106967.0,176173.35
2025-10-17 20:00:00,106406.1,107122.9,106296.2,106967.0,176173.35
2025-10-17 20:00:00,106406.1,107122.9,106296.2,106967.0,176173.35
2025-10-17 20:00:00,106406.1,107122.9,106296.2,106967.0,176173.35
2025-10-17 20:00:00,106406.1,107122.9,106296.2,106967.0,176173.35
2025-10-17 20:00:00,106406.1,107122.9,106296.2,106967.0,176173.35
2025-10-17 21:00:00,106967.3,107386.4,106942.0,107233.2,167851.96
2025-10-17 21:00:00,106967.3,107386.4,106942.0,107233.2,167851.96
2025-10-17 21:00:00,106967.3,107386.4,106942.0,107233.2,167851.96
2025-10-17 21:00:00,106967.3,107386.4,106942.0,107233.2,167851.96
2025-10-17 21:00:00,106967.3,107386.4,106942.0,107233.2,167851.96
2025-10-17 21:00:00,106967.3,107386.4,106942.0,107233.2,167851.96
2025-10-17 21:00:00,106967.3,107386.4,106942.0,107233.2,167851.96
2025-10-17 21:00:00,106967.3,107386.4,106942.0,107233.2,167851.96
2025-10-17 21:00:00,106967.3,107386.4,106942.0,107233.2,167851.96
2025-10-17 21:00:00,106967.3,107386.4,106942.0,107233.2,167851.96
2025-10-17 21:00:00,106967.3,107386.4,106942.0,107233.2,167851.96
2025-10-17 21:00:00,106967.3,107386.4,106942.0,107233.2,167851.96
2025-10-17 21:00:00,106967.3,107386.4,106942.0,107233.2,167851.96
2025-10-17 21:00:00,106967.3,107386.4,106942.0,107233.2,167851.96
2025-10-17 21:00:00,106967.3,107386.4,106942.0,107233.2,167851.96
2025-10-17 22:00:00,107233.2,107371.1,106754.4,106935.3,132670.48
2025-10-17 22:00:00,107233.2,107371.1,106754.4,106935.3,132670.48
2025-10-17 22:00:00,107233.2,107371.1,106754.4,106935.3,132670.48
2025-10-17 22:00:00,107233.2,107371.1,106754.4,106935.3,132670.48
2025-10-17 22:00:00,107233.2,107371.1,106754.4,106935.3,132670.48
2025-10-17 22:00:00,107233.2,107371.1,106754.4,106935.3,132670.48
2025-10-17 22:00:00,107233.2,107371.1,106754.4,106935.3,132670.48
2025-10-17 22:00:00,107233.2,107371.1,106754.4,106935.3,132670.48
2025-10-17 22:00:00,107233.2,107371.1,106754.4,106935.3,132670.48
2025-10-17 22:00:00,107233.2,107371.1,106754.4,106935.3,132670.48
2025-10-17 22:00:00,107233.2,107371.1,106754.4,106935.3,132670.48
2025-10-17 22:00:00,107233.2,107371.1,106754.4,106935.3,132670.48
2025-10-17 22:00:00,107233.2,107371.1,106754.4,106935.3,132670.48
2025-10-17 22:00:00,107233.2,107371.1,106754.4,106935.3,132670.48
2025-10-17 22:00:00,107233.2,107371.1,106754.4,106935.3,132670.48
2025-10-17 23:00:00,106935.3,106940.2,106320.0,106375.9,110869.75
2025-10-17 23:00:00,106935.3,106940.2,106320.0,106375.9,110869.75
2025-10-17 23:00:00,106935.3,106940.2,106320.0,106375.9,110869.75
2025-10-17 23:00:00,106935.3,106940.2,106320.0,106375.9,110869.75
2025-10-17 23:00:00,106935.3,106940.2,106320.0,106375.9,110869.75
2025-10-17 23:00:00,106935.3,106940.2,106320.0,106375.9,110869.75
2025-10-17 23:00:00,106935.3,106940.2,106320.0,106375.9,110869.75
2025-10-17 23:00:00,106935.3,106940.2,106320.0,106375.9,110869.75
2025-10-17 23:00:00,106935.3,106940.2,106320.0,106375.9,110869.75
2025-10-17 23:00:00,106935.3,106940.2,106320.0,106375.9,110869.75
2025-10-17 23:00:00,106935.3,106940.2,106320.0,106375.9,110869.75
2025-10-17 23:00:00,106935.3,106940.2,106320.0,106375.9,110869.75
2025-10-17 23:00:00,106935.3,106940.2,106320.0,106375.9,110869.75
2025-10-17 23:00:00,106935.3,106940.2,106320.0,106375.9,110869.75
2025-10-17 23:00:00,106935.3,106940.2,106320.0,106375.9,110869.75
2025-10-18 00:00:00,106375.9,106795.3,106261.9,106790.0,153744.85
2025-10-18 00:00:00,106375.9,106795.3,106261.9,106790.0,153744.85
2025-10-18 00:00:00,106375.9,106795.3,106261.9,106790.0,153744.85
2025-10-18 00:00:00,106375.9,106795.3,106261.9,106790.0,153744.85
2025-10-18 00:00:00,106375.9,106795.3,106261.9,106790.0,153744.85
2025-10-18 00:00:00,106375.9,106795.3,106261.9,106790.0,153744.85
2025-10-18 00:00:00,106375.9,106795.3,106261.9,106790.0,153744.85
2025-10-18 00:00:00,106375.9,106795.3,106261.9,106790.0,153744.85
2025-10-18 00:00:00,106375.9,106795.3,106261.9,106790.0,153744.85
2025-10-18 00:00:00,106375.9,106795.3,106261.9,106790.0,153744.85
2025-10-18 00:00:00,106375.9,106795.3,106261.9,106790.0,153744.85
2025-10-18 00:00:00,106375.9,106795.3,106261.9,106790.0,153744.85
2025-10-18 00:00:00,106375.9,106795.3,106261.9,106790.0,153744.85
2025-10-18 00:00:00,106375.9,106795.3,106261.9,106790.0,153744.85
2025-10-18 00:00:00,106375.9,106795.3,106261.9,106790.0,153744.85
2025-10-18 01:00:00,106790.2,107246.0,106755.7,107091.1,118235.7
2025-10-18 01:00:00,106790.2,107246.0,106755.7,107091.1,118235.7
2025-10-18 01:00:00,106790.2,107246.0,106755.7,107091.1,118235.7
2025-10-18 01:00:00,106790.2,107246.0,106755.7,107091.1,118235.7
2025-10-18 01:00:00,106790.2,107246.0,106755.7,107091.1,118235.7
2025-10-18 01:00:00,106790.2,107246.0,106755.7,107091.1,118235.7
2025-10-18 01:00:00,106790.2,107246.0,106755.7,107091.1,118235.7
2025-10-18 01:00:00,106790.2,107246.0,106755.7,107091.1,118235.7
2025-10-18 01:00:00,106790.2,107246.0,106755.7,107091.1,118235.7
2025-10-18 01:00:00,106790.2,107246.0,106755.7,107091.1,118235.7
2025-10-18 01:00:00,106790.2,107246.0,106755.7,107091.1,118235.7
2025-10-18 01:00:00,106790.2,107246.0,106755.7,107091.1,118235.7
2025-10-18 01:00:00,106790.2,107246.0,106755.7,107091.1,118235.7
2025-10-18 01:00:00,106790.2,107246.0,106755.7,107091.1,118235.7
2025-10-18 01:00:00,106790.2,107246.0,106755.7,107091.1,118235.7
2025-10-18 02:00:00,107091.1,107239.6,106450.0,106534.1,189691.08
2025-10-18 02:00:00,107091.1,107239.6,106450.0,106534.1,189691.08
2025-10-18 02:00:00,107091.1,107239.6,106450.0,106534.1,189691.08
2025-10-18 02:00:00,107091.1,107239.6,106450.0,106534.1,189691.08
2025-10-18 02:00:00,107091.1,107239.6,106450.0,106534.1,189691.08
2025-10-18 02:00:00,107091.1,107239.6,106450.0,106534.1,189691.08
2025-10-18 02:00:00,107091.1,107239.6,106450.0,106534.1,189691.08
2025-10-18 02:00:00,107091.1,107239.6,106450.0,106534.1,189691.08
2025-10-18 02:00:00,107091.1,107239.6,106450.0,106534.1,189691.08
2025-10-18 02:00:00,107091.1,107239.6,106450.0,106534.1,189691.08
2025-10-18 02:00:00,107091.1,107239.6,106450.0,106534.1,189691.08
2025-10-18 02:00:00,107091.1,107239.6,106450.0,106534.1,189691.08
2025-10-18 02:00:00,107091.1,107239.6,106450.0,106534.1,189691.08
2025-10-18 02:00:00,107091.1,107239.6,106450.0,106534.1,189691.08
2025-10-18 02:00:00,107091.1,107239.6,106450.0,106534.1,189691.08
2025-10-18 03:00:00,106534.1,107085.4,106520.7,107030.2,180473.78
2025-10-18 03:00:00,106534.1,107085.4,106520.7,107030.2,180473.78
2025-10-18 03:00:00,106534.1,107085.4,106520.7,107030.2,180473.78
2025-10-18 03:00:00,106534.1,107085.4,106520.7,107030.2,180473.78
2025-10-18 03:00:00,106534.1,107085.4,106520.7,107030.2,180473.78
2025-10-18 03:00:00,106534.1,107085.4,106520.7,107030.2,180473.78
2025-10-18 03:00:00,106534.1,107085.4,106520.7,107030.2,180473.78
2025-10-18 03:00:00,106534.1,107085.4,106520.7,107030.2,180473.78
2025-10-18 03:00:00,106534.1,107085.4,106520.7,107030.2,180473.78
2025-10-18 03:00:00,106534.1,107085.4,106520.7,107030.2,180473.78
2025-10-18 03:00:00,106534.1,107085.4,106520.7,107030.2,180473.78
2025-10-18 03:00:00,106534.1,107085.4,106520.7,107030.2,180473.78
2025-10-18 03:00:00,106534.1,107085.4,106520.7,107030.2,180473.78
2025-10-18 03:00:00,106534.1,107085.4,106520.7,107030.2,180473.78
2025-10-18 03:00:00,106534.1,107085.4,106520.7,107030.2,180473.78
2025-10-18 04:00:00,107030.3,107037.3,106400.0,106432.7,199871.78
2025-10-18 04:00:00,107030.3,107037.3,106400.0,106432.7,199871.78
2025-10-18 04:00:00,107030.3,107037.3,106400.0,106432.7,199871.78
2025-10-18 04:00:00,107030.3,107037.3,106400.0,106432.7,199871.78
2025-10-18 04:00:00,107030.3,107037.3,106400.0,106432.7,199871.78
2025-10-18 04:00:00,107030.3,107037.3,106400.0,106432.7,199871.78
2025-10-18 04:00:00,107030.3,107037.3,106400.0,106432.7,199871.78
2025-10-18 04:00:00,107030.3,107037.3,106400.0,106432.7,199871.78
2025-10-18 04:00:00,107030.3,107037.3,106400.0,106432.7,199871.78
2025-10-18 04:00:00,107030.3,107037.3,106400.0,106432.7,199871.78
2025-10-18 04:00:00,107030.3,107037.3,106400.0,106432.7,199871.78
2025-10-18 04:00:00,107030.3,107037.3,106400.0,106432.7,199871.78
2025-10-18 04:00:00,107030.3,107037.3,106400.0,106432.7,199871.78
2025-10-18 04:00:00,107030.3,107037.3,106400.0,106432.7,199871.78
2025-10-18 04:00:00,107030.3,107037.3,106400.0,106432.7,199871.78
2025-10-18 05:00:00,106432.7,106800.0,106432.6,106768.6,107954.32
2025-10-18 05:00:00,106432.7,106800.0,106432.6,106768.6,107954.32
2025-10-18 05:00:00,106432.7,106800.0,106432.6,106768.6,107954.32
2025-10-18 05:00:00,106432.7,106800.0,106432.6,106768.6,107954.32
2025-10-18 05:00:00,106432.7,106800.0,106432.6,106768.6,107954.32
2025-10-18 05:00:00,106432.7,106800.0,106432.6,106768.6,107954.32
2025-10-18 05:00:00,106432.7,106800.0,106432.6,106768.6,107954.32
2025-10-18 05:00:00,106432.7,106800.0,106432.6,106768.6,107954.32
2025-10-18 05:00:00,106432.7,106800.0,106432.6,106768.6,107954.32
2025-10-18 05:00:00,106432.7,106800.0,106432.6,106768.6,107954.32
2025-10-18 05:00:00,106432.7,106800.0,106432.6,106768.6,107954.32
2025-10-18 05:00:00,106432.7,106800.0,106432.6,106768.6,107954.32
2025-10-18 05:00:00,106432.7,106800.0,106432.6,106768.6,107954.32
2025-10-18 05:00:00,106432.7,106800.0,106432.6,106768.6,107954.32
2025-10-18 05:00:00,106432.7,106800.0,106432.6,106768.6,107954.32
2025-10-18 06:00:00,106768.5,106926.0,106661.7,106806.4,98125.25
2025-10-18 06:00:00,106768.5,106926.0,106661.7,106806.4,98125.25
2025-10-18 06:00:00,106768.5,106926.0,106661.7,106806.4,98125.25
2025-10-18 06:00:00,106768.5,106926.0,106661.7,106806.4,98125.25
2025-10-18 06:00:00,106768.5,106926.0,106661.7,106806.4,98125.25
2025-10-18 06:00:00,106768.5,106926.0,106661.7,106806.4,98125.25
2025-10-18 06:00:00,106768.5,106926.0,106661.7,106806.4,98125.25
2025-10-18 06:00:00,106768.5,106926.0,106661.7,106806.4,98125.25
2025-10-18 06:00:00,106768.5,106926.0,106661.7,106806.4,98125.25
2025-10-18 06:00:00,106768.5,106926.0,106661.7,106806.4,98125.25
2025-10-18 06:00:00,106768.5,106926.0,106661.7,106806.4,98125.25
2025-10-18 06:00:00,106768.5,106926.0,106661.7,106806.4,98125.25
2025-10-18 06:00:00,106768.5,106926.0,106661.7,106806.4,98125.25
2025-10-18 06:00:00,106768.5,106926.0,106661.7,106806.4,98125.25
2025-10-18 06:00:00,106768.5,106926.0,106661.7,106806.4,98125.25
2025-10-18 07:00:00,106806.5,107460.0,106555.0,106645.0,414535.39
2025-10-18 07:00:00,106806.5,107460.0,106555.0,106645.0,414535.39
2025-10-18 07:00:00,106806.5,107460.0,106555.0,106645.0,414535.39
2025-10-18 07:00:00,106806.5,107460.0,106555.0,106645.0,414535.39
2025-10-18 07:00:00,106806.5,107460.0,106555.0,106645.0,414535.39
2025-10-18 07:00:00,106806.5,107460.0,106555.0,106645.0,414535.39
2025-10-18 07:00:00,106806.5,107460.0,106555.0,106645.0,414535.39
2025-10-18 07:00:00,106806.5,107460.0,106555.0,106645.0,414535.39
2025-10-18 07:00:00,106806.5,107460.0,106555.0,106645.0,414535.39
2025-10-18 07:00:00,106806.5,107460.0,106555.0,106645.0,414535.39
2025-10-18 07:00:00,106806.5,107460.0,106555.0,106645.0,414535.39
2025-10-18 07:00:00,106806.5,107460.0,106555.0,106645.0,414535.39
2025-10-18 07:00:00,106806.5,107460.0,106555.0,106645.0,414535.39
2025-10-18 07:00:00,106806.5,107460.0,106555.0,106645.0,414535.39
2025-10-18 07:00:00,106806.5,107460.0,106555.0,106645.0,414535.39
2025-10-18 08:00:00,106644.9,106926.4,106565.7,106680.0,157047.37
2025-10-18 08:00:00,106644.9,106926.4,106565.7,106680.0,157047.37
2025-10-18 08:00:00,106644.9,106926.4,106565.7,106680.0,157047.37
2025-10-18 08:00:00,106644.9,106926.4,106565.7,106680.0,157047.37
2025-10-18 08:00:00,106644.9,106926.4,106565.7,106680.0,157047.37
2025-10-18 08:00:00,106644.9,106926.4,106565.7,106680.0,157047.37
2025-10-18 08:00:00,106644.9,106926.4,106565.7,106680.0,157047.37
2025-10-18 08:00:00,106644.9,106926.4,106565.7,106680.0,157047.37
2025-10-18 08:00:00,106644.9,106926.4,106565.7,106680.0,157047.37
2025-10-18 08:00:00,106644.9,106926.4,106565.7,106680.0,157047.37
2025-10-18 08:00:00,106644.9,106926.4,106565.7,106680.0,157047.37
2025-10-18 08:00:00,106644.9,106926.4,106565.7,106680.0,157047.37
2025-10-18 08:00:00,106644.9,106926.4,106565.7,106680.0,157047.37
2025-10-18 08:00:00,106644.9,106926.4,106565.7,106680.0,157047.37
2025-10-18 08:00:00,106644.9,106926.4,106565.7,106680.0,157047.37
2025-10-18 09:00:00,106680.0,106900.0,106589.3,106842.5,90213.2
2025-10-18 09:00:00,106680.0,106900.0,106589.3,106842.5,90213.2
2025-10-18 09:00:00,106680.0,106900.0,106589.3,106842.5,90213.2
2025-10-18 09:00:00,106680.0,106900.0,106589.3,106842.5,90213.2
2025-10-18 09:00:00,106680.0,106900.0,106589.3,106842.5,90213.2
2025-10-18 09:00:00,106680.0,106900.0,106589.3,106842.5,90213.2
2025-10-18 09:00:00,106680.0,106900.0,106589.3,106842.5,90213.2
2025-10-18 09:00:00,106680.0,106900.0,106589.3,106842.5,90213.2
2025-10-18 09:00:00,106680.0,106900.0,106589.3,106842.5,90213.2
2025-10-18 09:00:00,106680.0,106900.0,106589.3,106842.5,90213.2
2025-10-18 09:00:00,106680.0,106900.0,106589.3,106842.5,90213.2
2025-10-18 09:00:00,106680.0,106900.0,106589.3,106842.5,90213.2
2025-10-18 09:00:00,106680.0,106900.0,106589.3,106842.5,90213.2
2025-10-18 09:00:00,106680.0,106900.0,106589.3,106842.5,90213.2
2025-10-18 09:00:00,106680.0,106900.0,106589.3,106842.5,90213.2
2025-10-18 10:00:00,106842.5,107100.0,106717.6,106867.1,118274.17
2025-10-18 10:00:00,106842.5,107100.0,106717.6,106867.1,118274.17
2025-10-18 10:00:00,106842.5,107100.0,106717.6,106867.1,118274.17
2025-10-18 10:00:00,106842.5,107100.0,106717.6,106867.1,118274.17
2025-10-18 10:00:00,106842.5,107100.0,106717.6,106867.1,118274.17
2025-10-18 10:00:00,106842.5,107100.0,106717.6,106867.1,118274.17
2025-10-18 10:00:00,106842.5,107100.0,106717.6,106867.1,118274.17
2025-10-18 10:00:00,106842.5,107100.0,106717.6,106867.1,118274.17
2025-10-18 10:00:00,106842.5,107100.0,106717.6,106867.1,118274.17
2025-10-18 10:00:00,106842.5,107100.0,106717.6,106867.1,118274.17
2025-10-18 10:00:00,106842.5,107100.0,106717.6,106867.1,118274.17
2025-10-18 10:00:00,106842.5,107100.0,106717.6,106867.1,118274.17
2025-10-18 10:00:00,106842.5,107100.0,106717.6,106867.1,118274.17
2025-10-18 10:00:00,106842.5,107100.0,106717.6,106867.1,118274.17
2025-10-18 10:00:00,106842.5,107100.0,106717.6,106867.1,118274.17
2025-10-18 11:00:00,106867.1,107171.4,106704.7,107147.3,116346.05
2025-10-18 11:00:00,106867.1,107171.4,106704.7,107147.3,116346.05
2025-10-18 11:00:00,106867.1,107171.4,106704.7,107147.3,116346.05
2025-10-18 11:00:00,106867.1,107171.4,106704.7,107147.3,116346.05
2025-10-18 11:00:00,106867.1,107171.4,106704.7,107147.3,116346.05
2025-10-18 11:00:00,106867.1,107171.4,106704.7,107147.3,116346.05
2025-10-18 11:00:00,106867.1,107171.4,106704.7,107147.3,116346.05
2025-10-18 11:00:00,106867.1,107171.4,106704.7,107147.3,116346.05
2025-10-18 11:00:00,106867.1,107171.4,106704.7,107147.3,116346.05
2025-10-18 11:00:00,106867.1,107171.4,106704.7,107147.3,116346.05
2025-10-18 11:00:00,106867.1,107171.4,106704.7,107147.3,116346.05
2025-10-18 11:00:00,106867.1,107171.4,106704.7,107147.3,116346.05
2025-10-18 11:00:00,106867.1,107171.4,106704.7,107147.3,116346.05
2025-10-18 11:00:00,106867.1,107171.4,106704.7,107147.3,116346.05
2025-10-18 11:00:00,106867.1,107171.4,106704.7,107147.3,116346.05
2025-10-18 12:00:00,107147.4,107250.0,106903.4,106992.5,100110.11
2025-10-18 12:00:00,107147.4,107250.0,106903.4,106992.5,100110.11
2025-10-18 12:00:00,107147.4,107250.0,106903.4,106992.5,100110.11
2025-10-18 12:00:00,107147.4,107250.0,106903.4,106992.5,100110.11
2025-10-18 12:00:00,107147.4,107250.0,106903.4,106992.5,100110.11
2025-10-18 12:00:00,107147.4,107250.0,106903.4,106992.5,100110.11
2025-10-18 12:00:00,107147.4,107250.0,106903.4,106992.5,100110.11
2025-10-18 12:00:00,107147.4,107250.0,106903.4,106992.5,100110.11
2025-10-18 12:00:00,107147.4,107250.0,106903.4,106992.5,100110.11
2025-10-18 12:00:00,107147.4,107250.0,106903.4,106992.5,100110.11
2025-10-18 12:00:00,107147.4,107250.0,106903.4,106992.5,100110.11
2025-10-18 12:00:00,107147.4,107250.0,106903.4,106992.5,100110.11
2025-10-18 12:00:00,107147.4,107250.0,106903.4,106992.5,100110.11
2025-10-18 12:00:00,107147.4,107250.0,106903.4,106992.5,100110.11
2025-10-18 12:00:00,107147.4,107250.0,106903.4,106992.5,100110.11
2025-10-18 13:00:00,106992.5,107037.5,106739.6,106834.3,115826.88
2025-10-18 13:00:00,106992.5,107037.5,106739.6,106834.3,115826.88
2025-10-18 13:00:00,106992.5,107037.5,106739.6,106834.3,115826.88
2025-10-18 13:00:00,106992.5,107037.5,106739.6,106834.3,115826.88
2025-10-18 13:00:00,106992.5,107037.5,106739.6,106834.3,115826.88
2025-10-18 13:00:00,106992.5,107037.5,106739.6,106834.3,115826.88
2025-10-18 13:00:00,106992.5,107037.5,106739.6,106834.3,115826.88
2025-10-18 13:00:00,106992.5,107037.5,106739.6,106834.3,115826.88
2025-10-18 13:00:00,106992.5,107037.5,106739.6,106834.3,115826.88
2025-10-18 13:00:00,106992.5,107037.5,106739.6,106834.3,115826.88
2025-10-18 13:00:00,106992.5,107037.5,106739.6,106834.3,115826.88
2025-10-18 13:00:00,106992.5,107037.5,106739.6,106834.3,115826.88
2025-10-18 13:00:00,106992.5,107037.5,106739.6,106834.3,115826.88
2025-10-18 13:00:00,106992.5,107037.5,106739.6,106834.3,115826.88
2025-10-18 13:00:00,106992.5,107037.5,106739.6,106834.3,115826.88
2025-10-18 14:00:00,106834.2,107070.0,106670.9,106971.0,127682.6
2025-10-18 14:00:00,106834.2,107070.0,106670.9,106971.0,127682.6
2025-10-18 14:00:00,106834.2,107070.0,106670.9,106971.0,127682.6
2025-10-18 14:00:00,106834.2,107070.0,106670.9,106971.0,127682.6
2025-10-18 14:00:00,106834.2,107070.0,106670.9,106971.0,127682.6
2025-10-18 14:00:00,106834.2,107070.0,106670.9,106971.0,127682.6
2025-10-18 14:00:00,106834.2,107070.0,106670.9,106971.0,127682.6
2025-10-18 14:00:00,106834.2,107070.0,106670.9,106971.0,127682.6
2025-10-18 14:00:00,106834.2,107070.0,106670.9,106971.0,127682.6
2025-10-18 14:00:00,106834.2,107070.0,106670.9,106971.0,127682.6
2025-10-18 14:00:00,106834.2,107070.0,106670.9,106971.0,127682.6
2025-10-18 14:00:00,106834.2,107070.0,106670.9,106971.0,127682.6
2025-10-18 14:00:00,106834.2,107070.0,106670.9,106971.0,127682.6
2025-10-18 14:00:00,106834.2,107070.0,106670.9,106971.0,127682.6
2025-10-18 14:00:00,106834.2,107070.0,106670.9,106971.0,127682.6
2025-10-18 15:00:00,106971.1,107093.4,106762.0,106884.5,98001.04
2025-10-18 15:00:00,106971.1,107093.4,106762.0,106884.5,98001.04
2025-10-18 15:00:00,106971.1,107093.4,106762.0,106884.5,98001.04
2025-10-18 15:00:00,106971.1,107093.4,106762.0,106884.5,98001.04
2025-10-18 15:00:00,106971.1,107093.4,106762.0,106884.5,98001.04
2025-10-18 15:00:00,106971.1,107093.4,106762.0,106884.5,98001.04
2025-10-18 15:00:00,106971.1,107093.4,106762.0,106884.5,98001.04
2025-10-18 15:00:00,106971.1,107093.4,106762.0,106884.5,98001.04
2025-10-18 15:00:00,106971.1,107093.4,106762.0,106884.5,98001.04
2025-10-18 15:00:00,106971.1,107093.4,106762.0,106884.5,98001.04
2025-10-18 15:00:00,106971.1,107093.4,106762.0,106884.5,98001.04
2025-10-18 15:00:00,106971.1,107093.4,106762.0,106884.5,98001.04
2025-10-18 15:00:00,106971.1,107093.4,106762.0,106884.5,98001.04
2025-10-18 15:00:00,106971.1,107093.4,106762.0,106884.5,98001.04
2025-10-18 15:00:00,106971.1,107093.4,106762.0,106884.5,98001.04
2025-10-18 16:00:00,106884.5,107002.1,106400.0,106602.4,159567.13
2025-10-18 16:00:00,106884.5,107002.1,106400.0,106602.4,159567.13
2025-10-18 16:00:00,106884.5,107002.1,106400.0,106602.4,159567.13
2025-10-18 16:00:00,106884.5,107002.1,106400.0,106602.4,159567.13
2025-10-18 16:00:00,106884.5,107002.1,106400.0,106602.4,159567.13
2025-10-18 16:00:00,106884.5,107002.1,106400.0,106602.4,159567.13
2025-10-18 16:00:00,106884.5,107002.1,106400.0,106602.4,159567.13
2025-10-18 16:00:00,106884.5,107002.1,106400.0,106602.4,159567.13
2025-10-18 16:00:00,106884.5,107002.1,106400.0,106602.4,159567.13
2025-10-18 16:00:00,106884.5,107002.1,106400.0,106602.4,159567.13
2025-10-18 16:00:00,106884.5,107002.1,106400.0,106602.4,159567.13
2025-10-18 16:00:00,106884.5,107002.1,106400.0,106602.4,159567.13
2025-10-18 16:00:00,106884.5,107002.1,106400.0,106602.4,159567.13
2025-10-18 16:00:00,106884.5,107002.1,106400.0,106602.4,159567.13
2025-10-18 16:00:00,106884.5,107002.1,106400.0,106602.4,159567.13
2025-10-18 17:00:00,106602.4,106908.8,106511.8,106823.0,112697.4
2025-10-18 17:00:00,106602.4,106908.8,106511.8,106823.0,112697.4
2025-10-18 17:00:00,106602.4,106908.8,106511.8,106823.0,112697.4
2025-10-18 17:00:00,106602.4,106908.8,106511.8,106823.0,112697.4
2025-10-18 17:00:00,106602.4,106908.8,106511.8,106823.0,112697.4
2025-10-18 17:00:00,106602.4,106908.8,106511.8,106823.0,112697.4
2025-10-18 17:00:00,106602.4,106908.8,106511.8,106823.0,112697.4
2025-10-18 17:00:00,106602.4,106908.8,106511.8,106823.0,112697.4
2025-10-18 17:00:00,106602.4,106908.8,106511.8,106823.0,112697.4
2025-10-18 17:00:00,106602.4,106908.8,106511.8,106823.0,112697.4
2025-10-18 17:00:00,106602.4,106908.8,106511.8,106823.0,112697.4
2025-10-18 17:00:00,106602.4,106908.8,106511.8,106823.0,112697.4
2025-10-18 17:00:00,106602.4,106908.8,106511.8,106823.0,112697.4
2025-10-18 17:00:00,106602.4,106908.8,106511.8,106823.0,112697.4
2025-10-18 17:00:00,106602.4,106908.8,106511.8,106823.0,112697.4
2025-10-18 18:00:00,106823.0,106873.8,106668.1,106782.2,54100.75
2025-10-18 18:00:00,106823.0,106873.8,106668.1,106782.2,54100.75
2025-10-18 18:00:00,106823.0,106873.8,106668.1,106782.2,54100.75
2025-10-18 18:00:00,106823.0,106873.8,106668.1,106782.2,54100.75
2025-10-18 18:00:00,106823.0,106873.8,106668.1,106782.2,54100.75
2025-10-18 18:00:00,106823.0,106873.8,106668.1,106782.2,54100.75
2025-10-18 18:00:00,106823.0,106873.8,106668.1,106782.2,54100.75
2025-10-18 18:00:00,106823.0,106873.8,106668.1,106782.2,54100.75
2025-10-18 18:00:00,106823.0,106873.8,106668.1,106782.2,54100.75
2025-10-18 18:00:00,106823.0,106873.8,106668.1,106782.2,54100.75
2025-10-18 18:00:00,106823.0,106873.8,106668.1,106782.2,54100.75
2025-10-18 18:00:00,106823.0,106873.8,106668.1,106782.2,54100.75
2025-10-18 18:00:00,106823.0,106873.8,106668.1,106782.2,54100.75
2025-10-18 18:00:00,106823.0,106873.8,106668.1,106782.2,54100.75
2025-10-18 18:00:00,106823.0,106873.8,106668.1,106782.2,54100.75
2025-10-18 19:00:00,106782.3,107040.1,106703.9,107005.9,70699.51
2025-10-18 19:00:00,106782.3,107040.1,106703.9,107005.9,70699.51
2025-10-18 19:00:00,106782.3,107040.1,106703.9,107005.9,70699.51
2025-10-18 19:00:00,106782.3,107040.1,106703.9,107005.9,70699.51
2025-10-18 19:00:00,106782.3,107040.1,106703.9,107005.9,70699.51
2025-10-18 19:00:00,106782.3,107040.1,106703.9,107005.9,70699.51
2025-10-18 19:00:00,106782.3,107040.1,106703.9,107005.9,70699.51
2025-10-18 19:00:00,106782.3,107040.1,106703.9,107005.9,70699.51
2025-10-18 19:00:00,106782.3,107040.1,106703.9,107005.9,70699.51
2025-10-18 19:00:00,106782.3,107040.1,106703.9,107005.9,70699.51
2025-10-18 19:00:00,106782.3,107040.1,106703.9,107005.9,70699.51
2025-10-18 19:00:00,106782.3,107040.1,106703.9,107005.9,70699.51
2025-10-18 19:00:00,106782.3,107040.1,106703.9,107005.9,70699.51
2025-10-18 19:00:00,106782.3,107040.1,106703.9,107005.9,70699.51
2025-10-18 19:00:00,106782.3,107040.1,106703.9,107005.9,70699.51
2025-10-18 20:00:00,107005.8,107282.6,106932.9,106946.2,117899.03
2025-10-18 20:00:00,107005.8,107282.6,106932.9,106946.2,117899.03
2025-10-18 20:00:00,107005.8,107282.6,106932.9,106946.2,117899.03
2025-10-18 20:00:00,107005.8,107282.6,106932.9,106946.2,117899.03
2025-10-18 20:00:00,107005.8,107282.6,106932.9,106946.2,117899.03
2025-10-18 20:00:00,107005.8,107282.6,106932.9,106946.2,117899.03
2025-10-18 20:00:00,107005.8,107282.6,106932.9,106946.2,117899.03
2025-10-18 20:00:00,107005.8,107282.6,106932.9,106946.2,117899.03
2025-10-18 20:00:00,107005.8,107282.6,106932.9,106946.2,117899.03
2025-10-18 20:00:00,107005.8,107282.6,106932.9,106946.2,117899.03
2025-10-18 20:00:00,107005.8,107282.6,106932.9,106946.2,117899.03
2025-10-18 20:00:00,107005.8,107282.6,106932.9,106946.2,117899.03
2025-10-18 20:00:00,107005.8,107282.6,106932.9,106946.2,117899.03
2025-10-18 20:00:00,107005.8,107282.6,106932.9,106946.2,117899.03
2025-10-18 20:00:00,107005.8,107282.6,106932.9,106946.2,117899.03
2025-10-18 21:00:00,106946.2,107173.9,106788.4,107105.5,64984.68
2025-10-18 21:00:00,106946.2,107173.9,106788.4,107105.5,64984.68
2025-10-18 21:00:00,106946.2,107173.9,106788.4,107105.5,64984.68
2025-10-18 21:00:00,106946.2,107173.9,106788.4,107105.5,64984.68
2025-10-18 21:00:00,106946.2,107173.9,106788.4,107105.5,64984.68
2025-10-18 21:00:00,106946.2,107173.9,106788.4,107105.5,64984.68
2025-10-18 21:00:00,106946.2,107173.9,106788.4,107105.5,64984.68
2025-10-18 21:00:00,106946.2,107173.9,106788.4,107105.5,64984.68
2025-10-18 21:00:00,106946.2,107173.9,106788.4,107105.5,64984.68
2025-10-18 21:00:00,106946.2,107173.9,106788.4,107105.5,64984.68
2025-10-18 21:00:00,106946.2,107173.9,106788.4,107105.5,64984.68
2025-10-18 21:00:00,106946.2,107173.9,106788.4,107105.5,64984.68
2025-10-18 21:00:00,106946.2,107173.9,106788.4,107105.5,64984.68
2025-10-18 21:00:00,106946.2,107173.9,106788.4,107105.5,64984.68
2025-10-18 21:00:00,106946.2,107173.9,106788.4,107105.5,64984.68
2025-10-18 22:00:00,107105.4,107233.0,107000.1,107061.9,58431.2
2025-10-18 22:00:00,107105.4,107233.0,107000.1,107061.9,58431.2
2025-10-18 22:00:00,107105.4,107233.0,107000.1,107061.9,58431.2
2025-10-18 22:00:00,107105.4,107233.0,107000.1,107061.9,58431.2
2025-10-18 22:00:00,107105.4,107233.0,107000.1,107061.9,58431.2
2025-10-18 22:00:00,107105.4,107233.0,107000.1,107061.9,58431.2
2025-10-18 22:00:00,107105.4,107233.0,107000.1,107061.9,58431.2
2025-10-18 22:00:00,107105.4,107233.0,107000.1,107061.9,58431.2
2025-10-18 22:00:00,107105.4,107233.0,107000.1,107061.9,58431.2
2025-10-18 22:00:00,107105.4,107233.0,107000.1,107061.9,58431.2
2025-10-18 22:00:00,107105.4,107233.0,107000.1,107061.9,58431.2
2025-10-18 22:00:00,107105.4,107233.0,107000.1,107061.9,58431.2
2025-10-18 22:00:00,107105.4,107233.0,107000.1,107061.9,58431.2
2025-10-18 22:00:00,107105.4,107233.0,107000.1,107061.9,58431.2
2025-10-18 22:00:00,107105.4,107233.0,107000.1,107061.9,58431.2
2025-10-18 23:00:00,107061.8,107145.3,106933.9,107118.7,56315.61
2025-10-18 23:00:00,107061.8,107145.3,106933.9,107118.7,56315.61
2025-10-18 23:00:00,107061.8,107145.3,106933.9,107118.7,56315.61
2025-10-18 23:00:00,107061.8,107145.3,106933.9,107118.7,56315.61
2025-10-18 23:00:00,107061.8,107145.3,106933.9,107118.7,56315.61
2025-10-18 23:00:00,107061.8,107145.3,106933.9,107118.7,56315.61
2025-10-18 23:00:00,107061.8,107145.3,106933.9,107118.7,56315.61
2025-10-18 23:00:00,107061.8,107145.3,106933.9,107118.7,56315.61
2025-10-18 23:00:00,107061.8,107145.3,106933.9,107118.7,56315.61
2025-10-18 23:00:00,107061.8,107145.3,106933.9,107118.7,56315.61
2025-10-18 23:00:00,107061.8,107145.3,106933.9,107118.7,56315.61
2025-10-18 23:00:00,107061.8,107145.3,106933.9,107118.7,56315.61
2025-10-18 23:00:00,107061.8,107145.3,106933.9,107118.7,56315.61
2025-10-18 23:00:00,107061.8,107145.3,106933.9,107118.7,56315.61
2025-10-18 23:00:00,107061.8,107145.3,106933.9,107118.7,56315.61
2025-10-19 00:00:00,107118.7,107204.3,106694.3,106838.7,140291.76
2025-10-19 00:00:00,107118.7,107204.3,106694.3,106838.7,140291.76
2025-10-19 00:00:00,107118.7,107204.3,106694.3,106838.7,140291.76
2025-10-19 00:00:00,107118.7,107204.3,106694.3,106838.7,140291.76
2025-10-19 00:00:00,107118.7,107204.3,106694.3,106838.7,140291.76
2025-10-19 00:00:00,107118.7,107204.3,106694.3,106838.7,140291.76
2025-10-19 00:00:00,107118.7,107204.3,106694.3,106838.7,140291.76
2025-10-19 00:00:00,107118.7,107204.3,106694.3,106838.7,140291.76
2025-10-19 00:00:00,107118.7,107204.3,106694.3,106838.7,140291.76
2025-10-19 00:00:00,107118.7,107204.3,106694.3,106838.7,140291.76
2025-10-19 00:00:00,107118.7,107204.3,106694.3,106838.7,140291.76
2025-10-19 00:00:00,107118.7,107204.3,106694.3,106838.7,140291.76
2025-10-19 00:00:00,107118.7,107204.3,106694.3,106838.7,140291.76
2025-10-19 00:00:00,107118.7,107204.3,106694.3,106838.7,140291.76
2025-10-19 00:00:00,107118.7,107204.3,106694.3,106838.7,140291.76
2025-10-19 01:00:00,106838.7,106944.3,106683.6,106923.3,64421.49
2025-10-19 01:00:00,106838.7,106944.3,106683.6,106923.3,64421.49
2025-10-19 01:00:00,106838.7,106944.3,106683.6,106923.3,64421.49
2025-10-19 01:00:00,106838.7,106944.3,106683.6,106923.3,64421.49
2025-10-19 01:00:00,106838.7,106944.3,106683.6,106923.3,64421.49
2025-10-19 01:00:00,106838.7,106944.3,106683.6,106923.3,64421.49
2025-10-19 01:00:00,106838.7,106944.3,106683.6,106923.3,64421.49
2025-10-19 01:00:00,106838.7,106944.3,106683.6,106923.3,64421.49
2025-10-19 01:00:00,106838.7,106944.3,106683.6,106923.3,64421.49
2025-10-19 01:00:00,106838.7,106944.3,106683.6,106923.3,64421.49
2025-10-19 01:00:00,106838.7,106944.3,106683.6,106923.3,64421.49
2025-10-19 01:00:00,106838.7,106944.3,106683.6,106923.3,64421.49
2025-10-19 01:00:00,106838.7,106944.3,106683.6,106923.3,64421.49
2025-10-19 01:00:00,106838.7,106944.3,106683.6,106923.3,64421.49
2025-10-19 01:00:00,106838.7,106944.3,106683.6,106923.3,64421.49
2025-10-19 02:00:00,106923.2,106960.0,106756.6,106801.9,56601.49
2025-10-19 02:00:00,106923.2,106960.0,106756.6,106801.9,56601.49
2025-10-19 02:00:00,106923.2,106960.0,106756.6,106801.9,56601.49
2025-10-19 02:00:00,106923.2,106960.0,106756.6,106801.9,56601.49
2025-10-19 02:00:00,106923.2,106960.0,106756.6,106801.9,56601.49
2025-10-19 02:00:00,106923.2,106960.0,106756.6,106801.9,56601.49
2025-10-19 02:00:00,106923.2,106960.0,106756.6,106801.9,56601.49
2025-10-19 02:00:00,106923.2,106960.0,106756.6,106801.9,56601.49
2025-10-19 02:00:00,106923.2,106960.0,106756.6,106801.9,56601.49
2025-10-19 02:00:00,106923.2,106960.0,106756.6,106801.9,56601.49
2025-10-19 02:00:00,106923.2,106960.0,106756.6,106801.9,56601.49
2025-10-19 02:00:00,106923.2,106960.0,106756.6,106801.9,56601.49
2025-10-19 02:00:00,106923.2,106960.0,106756.6,106801.9,56601.49
2025-10-19 02:00:00,106923.2,106960.0,106756.6,106801.9,56601.49
2025-10-19 02:00:00,106923.2,106960.0,106756.6,106801.9,56601.49
2025-10-19 03:00:00,106802.0,107315.0,106749.2,107214.8,179762.25
2025-10-19 03:00:00,106802.0,107315.0,106749.2,107214.8,179762.25
2025-10-19 03:00:00,106802.0,107315.0,106749.2,107214.8,179762.25
2025-10-19 03:00:00,106802.0,107315.0,106749.2,107214.8,179762.25
2025-10-19 03:00:00,106802.0,107315.0,106749.2,107214.8,179762.25
2025-10-19 03:00:00,106802.0,107315.0,106749.2,107214.8,179762.25
2025-10-19 03:00:00,106802.0,107315.0,106749.2,107214.8,179762.25
2025-10-19 03:00:00,106802.0,107315.0,106749.2,107214.8,179762.25
2025-10-19 03:00:00,106802.0,107315.0,106749.2,107214.8,179762.25
2025-10-19 03:00:00,106802.0,107315.0,106749.2,107214.8,179762.25
2025-10-19 03:00:00,106802.0,107315.0,106749.2,107214.8,179762.25
2025-10-19 03:00:00,106802.0,107315.0,106749.2,107214.8,179762.25
2025-10-19 03:00:00,106802.0,107315.0,106749.2,107214.8,179762.25
2025-10-19 03:00:00,106802.0,107315.0,106749.2,107214.8,179762.25
2025-10-19 03:00:00,106802.0,107315.0,106749.2,107214.8,179762.25
2025-10-19 04:00:00,107214.9,107244.4,106900.0,106979.0,98680.65
2025-10-19 04:00:00,107214.9,107244.4,106900.0,106979.0,98680.65
2025-10-19 04:00:00,107214.9,107244.4,106900.0,106979.0,98680.65
2025-10-19 04:00:00,107214.9,107244.4,106900.0,106979.0,98680.65
2025-10-19 04:00:00,107214.9,107244.4,106900.0,106979.0,98680.65
2025-10-19 04:00:00,107214.9,107244.4,106900.0,106979.0,98680.65
2025-10-19 04:00:00,107214.9,107244.4,106900.0,106979.0,98680.65
2025-10-19 04:00:00,107214.9,107244.4,106900.0,106979.0,98680.65
2025-10-19 04:00:00,107214.9,107244.4,106900.0,106979.0,98680.65
2025-10-19 04:00:00,107214.9,107244.4,106900.0,106979.0,98680.65
2025-10-19 04:00:00,107214.9,107244.4,106900.0,106979.0,98680.65
2025-10-19 04:00:00,107214.9,107244.4,106900.0,106979.0,98680.65
2025-10-19 04:00:00,107214.9,107244.4,106900.0,106979.0,98680.65
2025-10-19 04:00:00,107214.9,107244.4,106900.0,106979.0,98680.65
2025-10-19 04:00:00,107214.9,107244.4,106900.0,106979.0,98680.65
2025-10-19 05:00:00,106979.0,107128.1,106755.0,106836.3,107925.54
2025-10-19 05:00:00,106979.0,107128.1,106755.0,106836.3,107925.54
2025-10-19 05:00:00,106979.0,107128.1,106755.0,106836.3,107925.54
2025-10-19 05:00:00,106979.0,107128.1,106755.0,106836.3,107925.54
2025-10-19 05:00:00,106979.0,107128.1,106755.0,106836.3,107925.54
2025-10-19 05:00:00,106979.0,107128.1,106755.0,106836.3,107925.54
2025-10-19 05:00:00,106979.0,107128.1,106755.0,106836.3,107925.54
2025-10-19 05:00:00,106979.0,107128.1,106755.0,106836.3,107925.54
2025-10-19 05:00:00,106979.0,107128.1,106755.0,106836.3,107925.54
2025-10-19 05:00:00,106979.0,107128.1,106755.0,106836.3,107925.54
2025-10-19 05:00:00,106979.0,107128.1,106755.0,106836.3,107925.54
2025-10-19 05:00:00,106979.0,107128.1,106755.0,106836.3,107925.54
2025-10-19 05:00:00,106979.0,107128.1,106755.0,106836.3,107925.54
2025-10-19 05:00:00,106979.0,107128.1,106755.0,106836.3,107925.54
2025-10-19 05:00:00,106979.0,107128.1,106755.0,106836.3,107925.54
2025-10-19 06:00:00,106836.3,106858.8,106491.0,106722.1,155101.47
2025-10-19 06:00:00,106836.3,106858.8,106491.0,106722.1,155101.47
2025-10-19 06:00:00,106836.3,106858.8,106491.0,106722.1,155101.47
2025-10-19 06:00:00,106836.3,106858.8,106491.0,106722.1,155101.47
2025-10-19 06:00:00,106836.3,106858.8,106491.0,106722.1,155101.47
2025-10-19 06:00:00,106836.3,106858.8,106491.0,106722.1,155101.47
2025-10-19 06:00:00,106836.3,106858.8,106491.0,106722.1,155101.47
2025-10-19 06:00:00,106836.3,106858.8,106491.0,106722.1,155101.47
2025-10-19 06:00:00,106836.3,106858.8,106491.0,106722.1,155101.47
2025-10-19 06:00:00,106836.3,106858.8,106491.0,106722.1,155101.47
2025-10-19 06:00:00,106836.3,106858.8,106491.0,106722.1,155101.47
2025-10-19 06:00:00,106836.3,106858.8,106491.0,106722.1,155101.47
2025-10-19 06:00:00,106836.3,106858.8,106491.0,106722.1,155101.47
2025-10-19 06:00:00,106836.3,106858.8,106491.0,106722.1,155101.47
2025-10-19 06:00:00,106836.3,106858.8,106491.0,106722.1,155101.47
2025-10-19 07:00:00,106722.2,106868.0,106650.2,106736.7,95079.69
2025-10-19 07:00:00,106722.2,106868.0,106650.2,106736.7,95079.69
2025-10-19 07:00:00,106722.2,106868.0,106650.2,106736.7,95079.69
2025-10-19 07:00:00,106722.2,106868.0,106650.2,106736.7,95079.69
2025-10-19 07:00:00,106722.2,106868.0,106650.2,106736.7,95079.69
2025-10-19 07:00:00,106722.2,106868.0,106650.2,106736.7,95079.69
2025-10-19 07:00:00,106722.2,106868.0,106650.2,106736.7,95079.69
2025-10-19 07:00:00,106722.2,106868.0,106650.2,106736.7,95079.69
2025-10-19 07:00:00,106722.2,106868.0,106650.2,106736.7,95079.69
2025-10-19 07:00:00,106722.2,106868.0,106650.2,106736.7,95079.69
2025-10-19 07:00:00,106722.2,106868.0,106650.2,106736.7,95079.69
2025-10-19 07:00:00,106722.2,106868.0,106650.2,106736.7,95079.69
2025-10-19 07:00:00,106722.2,106868.0,106650.2,106736.7,95079.69
2025-10-19 07:00:00,106722.2,106868.0,106650.2,106736.7,95079.69
2025-10-19 07:00:00,106722.2,106868.0,106650.2,106736.7,95079.69
2025-10-19 08:00:00,106736.7,107188.0,106172.9,106402.2,419077.62
2025-10-19 08:00:00,106736.7,107188.0,106172.9,106402.2,419077.62
2025-10-19 08:00:00,106736.7,107188.0,106172.9,106402.2,419077.62
2025-10-19 08:00:00,106736.7,107188.0,106172.9,106402.2,419077.62
2025-10-19 08:00:00,106736.7,107188.0,106172.9,106402.2,419077.62
2025-10-19 08:00:00,106736.7,107188.0,106172.9,106402.2,419077.62
2025-10-19 08:00:00,106736.7,107188.0,106172.9,106402.2,419077.62
2025-10-19 08:00:00,106736.7,107188.0,106172.9,106402.2,419077.62
2025-10-19 08:00:00,106736.7,107188.0,106172.9,106402.2,419077.62
2025-10-19 08:00:00,106736.7,107188.0,106172.9,106402.2,419077.62
2025-10-19 08:00:00,106736.7,107188.0,106172.9,106402.2,419077.62
2025-10-19 08:00:00,106736.7,107188.0,106172.9,106402.2,419077.62
2025-10-19 08:00:00,106736.7,107188.0,106172.9,106402.2,419077.62
2025-10-19 08:00:00,106736.7,107188.0,106172.9,106402.2,419077.62
2025-10-19 08:00:00,106736.7,107188.0,106172.9,106402.2,419077.62
2025-10-19 09:00:00,106402.2,108188.0,106077.0,107347.1,991467.69
2025-10-19 09:00:00,106402.2,108188.0,106077.0,107347.1,991467.69
2025-10-19 09:00:00,106402.2,108188.0,106077.0,107347.1,991467.69
2025-10-19 09:00:00,106402.2,108188.0,106077.0,107347.1,991467.69
2025-10-19 09:00:00,106402.2,108188.0,106077.0,107347.1,991467.69
2025-10-19 09:00:00,106402.2,108188.0,106077.0,107347.1,991467.69
2025-10-19 09:00:00,106402.2,108188.0,106077.0,107347.1,991467.69
2025-10-19 09:00:00,106402.2,108188.0,106077.0,107347.1,991467.69
2025-10-19 09:00:00,106402.2,108188.0,106077.0,107347.1,991467.69
2025-10-19 09:00:00,106402.2,108188.0,106077.0,107347.1,991467.69
2025-10-19 09:00:00,106402.2,108188.0,106077.0,107347.1,991467.69
2025-10-19 09:00:00,106402.2,108188.0,106077.0,107347.1,991467.69
2025-10-19 09:00:00,106402.2,108188.0,106077.0,107347.1,991467.69
2025-10-19 09:00:00,106402.2,108188.0,106077.0,107347.1,991467.69
2025-10-19 09:00:00,106402.2,108188.0,106077.0,107347.1,991467.69
2025-10-19 10:00:00,107347.1,107829.2,106915.2,107823.0,369932.29
2025-10-19 10:00:00,107347.1,107829.2,106915.2,107823.0,369932.29
2025-10-19 10:00:00,107347.1,107829.2,106915.2,107823.0,369932.29
2025-10-19 10:00:00,107347.1,107829.2,106915.2,107823.0,369932.29
2025-10-19 10:00:00,107347.1,107829.2,106915.2,107823.0,369932.29
2025-10-19 10:00:00,107347.1,107829.2,106915.2,107823.0,369932.29
2025-10-19 10:00:00,107347.1,107829.2,106915.2,107823.0,369932.29
2025-10-19 10:00:00,107347.1,107829.2,106915.2,107823.0,369932.29
2025-10-19 10:00:00,107347.1,107829.2,106915.2,107823.0,369932.29
2025-10-19 10:00:00,107347.1,107829.2,106915.2,107823.0,369932.29
2025-10-19 10:00:00,107347.1,107829.2,106915.2,107823.0,369932.29
2025-10-19 10:00:00,107347.1,107829.2,106915.2,107823.0,369932.29
2025-10-19 10:00:00,107347.1,107829.2,106915.2,107823.0,369932.29
2025-10-19 10:00:00,107347.1,107829.2,106915.2,107823.0,369932.29
2025-10-19 10:00:00,107347.1,107829.2,106915.2,107823.0,369932.29
2025-10-19 11:00:00,107822.9,108187.6,107574.5,107725.9,294684.34
2025-10-19 11:00:00,107822.9,108187.6,107574.5,107725.9,294684.34
2025-10-19 11:00:00,107822.9,108187.6,107574.5,107725.9,294684.34
2025-10-19 11:00:00,107822.9,108187.6,107574.5,107725.9,294684.34
2025-10-19 11:00:00,107822.9,108187.6,107574.5,107725.9,294684.34
2025-10-19 11:00:00,107822.9,108187.6,107574.5,107725.9,294684.34
2025-10-19 11:00:00,107822.9,108187.6,107574.5,107725.9,294684.34
2025-10-19 11:00:00,107822.9,108187.6,107574.5,107725.9,294684.34
2025-10-19 11:00:00,107822.9,108187.6,107574.5,107725.9,294684.34
2025-10-19 11:00:00,107822.9,108187.6,107574.5,107725.9,294684.34
2025-10-19 11:00:00,107822.9,108187.6,107574.5,107725.9,294684.34
2025-10-19 11:00:00,107822.9,108187.6,107574.5,107725.9,294684.34
2025-10-19 11:00:00,107822.9,108187.6,107574.5,107725.9,294684.34
2025-10-19 11:00:00,107822.9,108187.6,107574.5,107725.9,294684.34
2025-10-19 11:00:00,107822.9,108187.6,107574.5,107725.9,294684.34
2025-10-19 12:00:00,107725.9,107800.0,107385.4,107630.8,166422.71
2025-10-19 12:00:00,107725.9,107800.0,107385.4,107630.8,166422.71
2025-10-19 12:00:00,107725.9,107800.0,107385.4,107630.8,166422.71
2025-10-19 12:00:00,107725.9,107800.0,107385.4,107630.8,166422.71
2025-10-19 12:00:00,107725.9,107800.0,107385.4,107630.8,166422.71
2025-10-19 12:00:00,107725.9,107800.0,107385.4,107630.8,166422.71
2025-10-19 12:00:00,107725.9,107800.0,107385.4,107630.8,166422.71
2025-10-19 12:00:00,107725.9,107800.0,107385.4,107630.8,166422.71
2025-10-19 12:00:00,107725.9,107800.0,107385.4,107630.8,166422.71
2025-10-19 12:00:00,107725.9,107800.0,107385.4,107630.8,166422.71
2025-10-19 12:00:00,107725.9,107800.0,107385.4,107630.8,166422.71
2025-10-19 12:00:00,107725.9,107800.0,107385.4,107630.8,166422.71
2025-10-19 12:00:00,107725.9,107800.0,107385.4,107630.8,166422.71
2025-10-19 12:00:00,107725.9,107800.0,107385.4,107630.8,166422.71
2025-10-19 12:00:00,107725.9,107800.0,107385.4,107630.8,166422.71
2025-10-19 13:00:00,107630.8,108168.0,107312.1,108040.0,293122.82
2025-10-19 13:00:00,107630.8,108168.0,107312.1,108040.0,293122.82
2025-10-19 13:00:00,107630.8,108168.0,107312.1,108040.0,293122.82
2025-10-19 13:00:00,107630.8,108168.0,107312.1,108040.0,293122.82
2025-10-19 13:00:00,107630.8,108168.0,107312.1,108040.0,293122.82
2025-10-19 13:00:00,107630.8,108168.0,107312.1,108040.0,293122.82
2025-10-19 13:00:00,107630.8,108168.0,107312.1,108040.0,293122.82
2025-10-19 13:00:00,107630.8,108168.0,107312.1,108040.0,293122.82
2025-10-19 13:00:00,107630.8,108168.0,107312.1,108040.0,293122.82
2025-10-19 13:00:00,107630.8,108168.0,107312.1,108040.0,293122.82
2025-10-19 13:00:00,107630.8,108168.0,107312.1,108040.0,293122.82
2025-10-19 13:00:00,107630.8,108168.0,107312.1,108040.0,293122.82
2025-10-19 13:00:00,107630.8,108168.0,107312.1,108040.0,293122.82
2025-10-19 13:00:00,107630.8,108168.0,107312.1,108040.0,293122.82
2025-10-19 13:00:00,107630.8,108168.0,107312.1,108040.0,293122.82
2025-10-19 14:00:00,108040.0,108465.9,107833.0,108356.5,380522.9
2025-10-19 14:00:00,108040.0,108465.9,107833.0,108356.5,380522.9
2025-10-19 14:00:00,108040.0,108465.9,107833.0,108356.5,380522.9
2025-10-19 14:00:00,108040.0,108465.9,107833.0,108356.5,380522.9
2025-10-19 14:00:00,108040.0,108465.9,107833.0,108356.5,380522.9
2025-10-19 14:00:00,108040.0,108465.9,107833.0,108356.5,380522.9
2025-10-19 14:00:00,108040.0,108465.9,107833.0,108356.5,380522.9
2025-10-19 14:00:00,108040.0,108465.9,107833.0,108356.5,380522.9
2025-10-19 14:00:00,108040.0,108465.9,107833.0,108356.5,380522.9
2025-10-19 14:00:00,108040.0,108465.9,107833.0,108356.5,380522.9
2025-10-19 14:00:00,108040.0,108465.9,107833.0,108356.5,380522.9
2025-10-19 14:00:00,108040.0,108465.9,107833.0,108356.5,380522.9
2025-10-19 14:00:00,108040.0,108465.9,107833.0,108356.5,380522.9
2025-10-19 14:00:00,108040.0,108465.9,107833.0,108356.5,380522.9
2025-10-19 14:00:00,108040.0,108465.9,107833.0,108356.5,380522.9
2025-10-19 15:00:00,108356.5,108562.6,108262.0,108420.0,250336.52
2025-10-19 15:00:00,108356.5,108562.6,108262.0,108420.0,250336.52
2025-10-19 15:00:00,108356.5,108562.6,108262.0,108420.0,250336.52
2025-10-19 15:00:00,108356.5,108562.6,108262.0,108420.0,250336.52
2025-10-19 15:00:00,108356.5,108562.6,108262.0,108420.0,250336.52
2025-10-19 15:00:00,108356.5,108562.6,108262.0,108420.0,250336.52
2025-10-19 15:00:00,108356.5,108562.6,108262.0,108420.0,250336.52
2025-10-19 15:00:00,108356.5,108562.6,108262.0,108420.0,250336.52
2025-10-19 15:00:00,108356.5,108562.6,108262.0,108420.0,250336.52
2025-10-19 15:00:00,108356.5,108562.6,108262.0,108420.0,250336.52
2025-10-19 15:00:00,108356.5,108562.6,108262.0,108420.0,250336.52
2025-10-19 15:00:00,108356.5,108562.6,108262.0,108420.0,250336.52
2025-10-19 15:00:00,108356.5,108562.6,108262.0,108420.0,250336.52
2025-10-19 15:00:00,108356.5,108562.6,108262.0,108420.0,250336.52
2025-10-19 15:00:00,108356.5,108562.6,108262.0,108420.0,250336.52
2025-10-19 16:00:00,108419.9,108922.7,108180.0,108572.3,263510.9
2025-10-19 16:00:00,108419.9,108922.7,108180.0,108572.3,263510.9
2025-10-19 16:00:00,108419.9,108922.7,108180.0,108572.3,263510.9
2025-10-19 16:00:00,108419.9,108922.7,108180.0,108572.3,263510.9
2025-10-19 16:00:00,108419.9,108922.7,108180.0,108572.3,263510.9
2025-10-19 16:00:00,108419.9,108922.7,108180.0,108572.3,263510.9
2025-10-19 16:00:00,108419.9,108922.7,108180.0,108572.3,263510.9
2025-10-19 16:00:00,108419.9,108922.7,108180.0,108572.3,263510.9
2025-10-19 16:00:00,108419.9,108922.7,108180.0,108572.3,263510.9
2025-10-19 16:00:00,108419.9,108922.7,108180.0,108572.3,263510.9
2025-10-19 16:00:00,108419.9,108922.7,108180.0,108572.3,263510.9
2025-10-19 16:00:00,108419.9,108922.7,108180.0,108572.3,263510.9
2025-10-19 16:00:00,108419.9,108922.7,108180.0,108572.3,263510.9
2025-10-19 16:00:00,108419.9,108922.7,108180.0,108572.3,263510.9
2025-10-19 16:00:00,108419.9,108922.7,108180.0,108572.3,263510.9
2025-10-19 17:00:00,108572.4,109385.2,108554.0,109055.6,361821.74
2025-10-19 17:00:00,108572.4,109385.2,108554.0,109055.6,361821.74
2025-10-19 17:00:00,108572.4,109385.2,108554.0,109055.6,361821.74
2025-10-19 17:00:00,108572.4,109385.2,108554.0,109055.6,361821.74
2025-10-19 17:00:00,108572.4,109385.2,108554.0,109055.6,361821.74
2025-10-19 17:00:00,108572.4,109385.2,108554.0,109055.6,361821.74
2025-10-19 17:00:00,108572.4,109385.2,108554.0,109055.6,361821.74
2025-10-19 17:00:00,108572.4,109385.2,108554.0,109055.6,361821.74
2025-10-19 17:00:00,108572.4,109385.2,108554.0,109055.6,361821.74
2025-10-19 17:00:00,108572.4,109385.2,108554.0,109055.6,361821.74
2025-10-19 17:00:00,108572.4,109385.2,108554.0,109055.6,361821.74
2025-10-19 17:00:00,108572.4,109385.2,108554.0,109055.6,361821.74
2025-10-19 17:00:00,108572.4,109385.2,108554.0,109055.6,361821.74
2025-10-19 17:00:00,108572.4,109385.2,108554.0,109055.6,361821.74
2025-10-19 17:00:00,108572.4,109385.2,108554.0,109055.6,361821.74
2025-10-19 18:00:00,109055.6,109398.4,108980.0,109330.2,142978.05
2025-10-19 18:00:00,109055.6,109398.4,108980.0,109330.2,142978.05
2025-10-19 18:00:00,109055.6,109398.4,108980.0,109330.2,142978.05
2025-10-19 18:00:00,109055.6,109398.4,108980.0,109330.2,142978.05
2025-10-19 18:00:00,109055.6,109398.4,108980.0,109330.2,142978.05
2025-10-19 18:00:00,109055.6,109398.4,108980.0,109330.2,142978.05
2025-10-19 18:00:00,109055.6,109398.4,108980.0,109330.2,142978.05
2025-10-19 18:00:00,109055.6,109398.4,108980.0,109330.2,142978.05
2025-10-19 18:00:00,109055.6,109398.4,108980.0,109330.2,142978.05
2025-10-19 18:00:00,109055.6,109398.4,108980.0,109330.2,142978.05
2025-10-19 18:00:00,109055.6,109398.4,108980.0,109330.2,142978.05
2025-10-19 18:00:00,109055.6,109398.4,108980.0,109330.2,142978.05
2025-10-19 18:00:00,109055.6,109398.4,108980.0,109330.2,142978.05
2025-10-19 18:00:00,109055.6,109398.4,108980.0,109330.2,142978.05
2025-10-19 18:00:00,109055.6,109398.4,108980.0,109330.2,142978.05
2025-10-19 19:00:00,109330.2,109330.2,108750.0,108855.6,179109.82
2025-10-19 19:00:00,109330.2,109330.2,108750.0,108855.6,179109.82
2025-10-19 19:00:00,109330.2,109330.2,108750.0,108855.6,179109.82
2025-10-19 19:00:00,109330.2,109330.2,108750.0,108855.6,179109.82
2025-10-19 19:00:00,109330.2,109330.2,108750.0,108855.6,179109.82
2025-10-19 19:00:00,109330.2,109330.2,108750.0,108855.6,179109.82
2025-10-19 19:00:00,109330.2,109330.2,108750.0,108855.6,179109.82
2025-10-19 19:00:00,109330.2,109330.2,108750.0,108855.6,179109.82
2025-10-19 19:00:00,109330.2,109330.2,108750.0,108855.6,179109.82
2025-10-19 19:00:00,109330.2,109330.2,108750.0,108855.6,179109.82
2025-10-19 19:00:00,109330.2,109330.2,108750.0,108855.6,179109.82
2025-10-19 19:00:00,109330.2,109330.2,108750.0,108855.6,179109.82
2025-10-19 19:00:00,109330.2,109330.2,108750.0,108855.6,179109.82
2025-10-19 19:00:00,109330.2,109330.2,108750.0,108855.6,179109.82
2025-10-19 19:00:00,109330.2,109330.2,108750.0,108855.6,179109.82
2025-10-19 20:00:00,108855.6,108941.8,108771.3,108790.8,80077.2
2025-10-19 20:00:00,108855.6,108941.8,108771.3,108790.8,80077.2
2025-10-19 20:00:00,108855.6,108941.8,108771.3,108790.8,80077.2
2025-10-19 20:00:00,108855.6,108941.8,108771.3,108790.8,80077.2
2025-10-19 20:00:00,108855.6,108941.8,108771.3,108790.8,80077.2
2025-10-19 20:00:00,108855.6,108941.8,108771.3,108790.8,80077.2
2025-10-19 20:00:00,108855.6,108941.8,108771.3,108790.8,80077.2
2025-10-19 20:00:00,108855.6,108941.8,108771.3,108790.8,80077.2
2025-10-19 20:00:00,108855.6,108941.8,108771.3,108790.8,80077.2
2025-10-19 20:00:00,108855.6,108941.8,108771.3,108790.8,80077.2
2025-10-19 20:00:00,108855.6,108941.8,108771.3,108790.8,80077.2
2025-10-19 20:00:00,108855.6,108941.8,108771.3,108790.8,80077.2
2025-10-19 20:00:00,108855.6,108941.8,108771.3,108790.8,80077.2
2025-10-19 20:00:00,108855.6,108941.8,108771.3,108790.8,80077.2
2025-10-19 20:00:00,108855.6,108941.8,108771.3,108790.8,80077.2
2025-10-19 21:00:00,108790.8,108830.1,108555.0,108700.9,93677.41
2025-10-19 21:00:00,108790.8,108830.1,108555.0,108700.9,93677.41
2025-10-19 21:00:00,108790.8,108830.1,108555.0,108700.9,93677.41
2025-10-19 21:00:00,108790.8,108830.1,108555.0,108700.9,93677.41
2025-10-19 21:00:00,108790.8,108830.1,108555.0,108700.9,93677.41
2025-10-19 21:00:00,108790.8,108830.1,108555.0,108700.9,93677.41
2025-10-19 21:00:00,108790.8,108830.1,108555.0,108700.9,93677.41
2025-10-19 21:00:00,108790.8,108830.1,108555.0,108700.9,93677.41
2025-10-19 21:00:00,108790.8,108830.1,108555.0,108700.9,93677.41
2025-10-19 21:00:00,108790.8,108830.1,108555.0,108700.9,93677.41
2025-10-19 21:00:00,108790.8,108830.1,108555.0,108700.9,93677.41
2025-10-19 21:00:00,108790.8,108830.1,108555.0,108700.9,93677.41
2025-10-19 21:00:00,108790.8,108830.1,108555.0,108700.9,93677.41
2025-10-19 21:00:00,108790.8,108830.1,108555.0,108700.9,93677.41
2025-10-19 21:00:00,108790.8,108830.1,108555.0,108700.9,93677.41
2025-10-19 22:00:00,108700.9,109316.1,108700.9,109091.7,155732.66
2025-10-19 22:00:00,108700.9,109316.1,108700.9,109091.7,155732.66
2025-10-19 22:00:00,108700.9,109316.1,108700.9,109091.7,155732.66
2025-10-19 22:00:00,108700.9,109316.1,108700.9,109091.7,155732.66
2025-10-19 22:00:00,108700.9,109316.1,108700.9,109091.7,155732.66
2025-10-19 22:00:00,108700.9,109316.1,108700.9,109091.7,155732.66
2025-10-19 22:00:00,108700.9,109316.1,108700.9,109091.7,155732.66
2025-10-19 22:00:00,108700.9,109316.1,108700.9,109091.7,155732.66
2025-10-19 22:00:00,108700.9,109316.1,108700.9,109091.7,155732.66
2025-10-19 22:00:00,108700.9,109316.1,108700.9,109091.7,155732.66
2025-10-19 22:00:00,108700.9,109316.1,108700.9,109091.7,155732.66
2025-10-19 22:00:00,108700.9,109316.1,108700.9,109091.7,155732.66
2025-10-19 22:00:00,108700.9,109316.1,108700.9,109091.7,155732.66
2025-10-19 22:00:00,108700.9,109316.1,108700.9,109091.7,155732.66
2025-10-19 22:00:00,108700.9,109316.1,108700.9,109091.7,155732.66
2025-10-19 23:00:00,109091.7,109091.7,108415.3,108588.5,151676.97
2025-10-19 23:00:00,109091.7,109091.7,108415.3,108588.5,151676.97
2025-10-19 23:00:00,109091.7,109091.7,108415.3,108588.5,151676.97
2025-10-19 23:00:00,109091.7,109091.7,108415.3,108588.5,151676.97
2025-10-19 23:00:00,109091.7,109091.7,108415.3,108588.5,151676.97
2025-10-19 23:00:00,109091.7,109091.7,108415.3,108588.5,151676.97
2025-10-19 23:00:00,109091.7,109091.7,108415.3,108588.5,151676.97
2025-10-19 23:00:00,109091.7,109091.7,108415.3,108588.5,151676.97
2025-10-19 23:00:00,109091.7,109091.7,108415.3,108588.5,151676.97
2025-10-19 23:00:00,109091.7,109091.7,108415.3,108588.5,151676.97
2025-10-19 23:00:00,109091.7,109091.7,108415.3,108588.5,151676.97
2025-10-19 23:00:00,109091.7,109091.7,108415.3,108588.5,151676.97
2025-10-19 23:00:00,109091.7,109091.7,108415.3,108588.5,151676.97
2025-10-19 23:00:00,109091.7,109091.7,108415.3,108588.5,151676.97
2025-10-19 23:00:00,109091.7,109091.7,108415.3,108588.5,151676.97
2025-10-20 00:00:00,108588.5,108588.6,107383.0,108011.1,515769.59
2025-10-20 00:00:00,108588.5,108588.6,107383.0,108011.1,515769.59
2025-10-20 00:00:00,108588.5,108588.6,107383.0,108011.1,515769.59
2025-10-20 00:00:00,108588.5,108588.6,107383.0,108011.1,515769.59
2025-10-20 00:00:00,108588.5,108588.6,107383.0,108011.1,515769.59
2025-10-20 00:00:00,108588.5,108588.6,107383.0,108011.1,515769.59
2025-10-20 00:00:00,108588.5,108588.6,107383.0,108011.1,515769.59
2025-10-20 00:00:00,108588.5,108588.6,107383.0,108011.1,515769.59
2025-10-20 00:00:00,108588.5,108588.6,107383.0,108011.1,515769.59
2025-10-20 00:00:00,108588.5,108588.6,107383.0,108011.1,515769.59
2025-10-20 00:00:00,108588.5,108588.6,107383.0,108011.1,515769.59
2025-10-20 00:00:00,108588.5,108588.6,107383.0,108011.1,515769.59
2025-10-20 00:00:00,108588.5,108588.6,107383.0,108011.1,515769.59
2025-10-20 00:00:00,108588.5,108588.6,107383.0,108011.1,515769.59
2025-10-20 00:00:00,108588.5,108588.6,107383.0,108011.1,515769.59
2025-10-20 01:00:00,108011.1,108249.9,107850.0,108004.1,203503.35
2025-10-20 01:00:00,108011.1,108249.9,107850.0,108004.1,203503.35
2025-10-20 01:00:00,108011.1,108249.9,107850.0,108004.1,203503.35
2025-10-20 01:00:00,108011.1,108249.9,107850.0,108004.1,203503.35
2025-10-20 01:00:00,108011.1,108249.9,107850.0,108004.1,203503.35
2025-10-20 01:00:00,108011.1,108249.9,107850.0,108004.1,203503.35
2025-10-20 01:00:00,108011.1,108249.9,107850.0,108004.1,203503.35
2025-10-20 01:00:00,108011.1,108249.9,107850.0,108004.1,203503.35
2025-10-20 01:00:00,108011.1,108249.9,107850.0,108004.1,203503.35
2025-10-20 01:00:00,108011.1,108249.9,107850.0,108004.1,203503.35
2025-10-20 01:00:00,108011.1,108249.9,107850.0,108004.1,203503.35
2025-10-20 01:00:00,108011.1,108249.9,107850.0,108004.1,203503.35
2025-10-20 01:00:00,108011.1,108249.9,107850.0,108004.1,203503.35
2025-10-20 01:00:00,108011.1,108249.9,107850.0,108004.1,203503.35
2025-10-20 01:00:00,108011.1,108249.9,107850.0,108004.1,203503.35
2025-10-20 02:00:00,108004.0,108935.2,107805.1,108716.3,287864.37
2025-10-20 02:00:00,108004.0,108935.2,107805.1,108716.3,287864.37
2025-10-20 02:00:00,108004.0,108935.2,107805.1,108716.3,287864.37
2025-10-20 02:00:00,108004.0,108935.2,107805.1,108716.3,287864.37
2025-10-20 02:00:00,108004.0,108935.2,107805.1,108716.3,287864.37
2025-10-20 02:00:00,108004.0,108935.2,107805.1,108716.3,287864.37
2025-10-20 02:00:00,108004.0,108935.2,107805.1,108716.3,287864.37
2025-10-20 02:00:00,108004.0,108935.2,107805.1,108716.3,287864.37
2025-10-20 02:00:00,108004.0,108935.2,107805.1,108716.3,287864.37
2025-10-20 02:00:00,108004.0,108935.2,107805.1,108716.3,287864.37
2025-10-20 02:00:00,108004.0,108935.2,107805.1,108716.3,287864.37
2025-10-20 02:00:00,108004.0,108935.2,107805.1,108716.3,287864.37
2025-10-20 02:00:00,108004.0,108935.2,107805.1,108716.3,287864.37
2025-10-20 02:00:00,108004.0,108935.2,107805.1,108716.3,287864.37
2025-10-20 02:00:00,108004.0,108935.2,107805.1,108716.3,287864.37
2025-10-20 03:00:00,108716.4,110395.6,108511.0,110089.9,596279.07
2025-10-20 03:00:00,108716.4,110395.6,108511.0,110089.9,596279.07
2025-10-20 03:00:00,108716.4,110395.6,108511.0,110089.9,596279.07
2025-10-20 03:00:00,108716.4,110395.6,108511.0,110089.9,596279.07
2025-10-20 03:00:00,108716.4,110395.6,108511.0,110089.9,596279.07
2025-10-20 03:00:00,108716.4,110395.6,108511.0,110089.9,596279.07
2025-10-20 03:00:00,108716.4,110395.6,108511.0,110089.9,596279.07
2025-10-20 03:00:00,108716.4,110395.6,108511.0,110089.9,596279.07
2025-10-20 03:00:00,108716.4,110395.6,108511.0,110089.9,596279.07
2025-10-20 03:00:00,108716.4,110395.6,108511.0,110089.9,596279.07
2025-10-20 03:00:00,108716.4,110395.6,108511.0,110089.9,596279.07
2025-10-20 03:00:00,108716.4,110395.6,108511.0,110089.9,596279.07
2025-10-20 03:00:00,108716.4,110395.6,108511.0,110089.9,596279.07
2025-10-20 03:00:00,108716.4,110395.6,108511.0,110089.9,596279.07
2025-10-20 03:00:00,108716.4,110395.6,108511.0,110089.9,596279.07
2025-10-20 04:00:00,110089.9,110490.0,109903.8,110367.0,449666.99
2025-10-20 04:00:00,110089.9,110490.0,109903.8,110367.0,449666.99
2025-10-20 04:00:00,110089.9,110490.0,109903.8,110367.0,449666.99
2025-10-20 04:00:00,110089.9,110490.0,109903.8,110367.0,449666.99
2025-10-20 04:00:00,110089.9,110490.0,109903.8,110367.0,449666.99
2025-10-20 04:00:00,110089.9,110490.0,109903.8,110367.0,449666.99
2025-10-20 04:00:00,110089.9,110490.0,109903.8,110367.0,449666.99
2025-10-20 04:00:00,110089.9,110490.0,109903.8,110367.0,449666.99
2025-10-20 04:00:00,110089.9,110490.0,109903.8,110367.0,449666.99
2025-10-20 04:00:00,110089.9,110490.0,109903.8,110367.0,449666.99
2025-10-20 04:00:00,110089.9,110490.0,109903.8,110367.0,449666.99
2025-10-20 04:00:00,110089.9,110490.0,109903.8,110367.0,449666.99
2025-10-20 04:00:00,110089.9,110490.0,109903.8,110367.0,449666.99
2025-10-20 04:00:00,110089.9,110490.0,109903.8,110367.0,449666.99
2025-10-20 04:00:00,110089.9,110490.0,109903.8,110367.0,449666.99
2025-10-20 05:00:00,110367.0,111066.7,110225.4,110963.0,395500.06
2025-10-20 05:00:00,110367.0,111066.7,110225.4,110963.0,395500.06
2025-10-20 05:00:00,110367.0,111066.7,110225.4,110963.0,395500.06
2025-10-20 05:00:00,110367.0,111066.7,110225.4,110963.0,395500.06
2025-10-20 05:00:00,110367.0,111066.7,110225.4,110963.0,395500.06
2025-10-20 05:00:00,110367.0,111066.7,110225.4,110963.0,395500.06
2025-10-20 05:00:00,110367.0,111066.7,110225.4,110963.0,395500.06
2025-10-20 05:00:00,110367.0,111066.7,110225.4,110963.0,395500.06
2025-10-20 05:00:00,110367.0,111066.7,110225.4,110963.0,395500.06
2025-10-20 05:00:00,110367.0,111066.7,110225.4,110963.0,395500.06
2025-10-20 05:00:00,110367.0,111066.7,110225.4,110963.0,395500.06
2025-10-20 05:00:00,110367.0,111066.7,110225.4,110963.0,395500.06
2025-10-20 05:00:00,110367.0,111066.7,110225.4,110963.0,395500.06
2025-10-20 05:00:00,110367.0,111066.7,110225.4,110963.0,395500.06
2025-10-20 05:00:00,110367.0,111066.7,110225.4,110963.0,395500.06
2025-10-20 06:00:00,110963.0,111315.1,110925.9,111223.9,319530.14
2025-10-20 06:00:00,110963.0,111315.1,110925.9,111223.9,319530.14
2025-10-20 06:00:00,110963.0,111315.1,110925.9,111223.9,319530.14
2025-10-20 06:00:00,110963.0,111315.1,110925.9,111223.9,319530.14
2025-10-20 06:00:00,110963.0,111315.1,110925.9,111223.9,319530.14
2025-10-20 06:00:00,110963.0,111315.1,110925.9,111223.9,319530.14
2025-10-20 06:00:00,110963.0,111315.1,110925.9,111223.9,319530.14
2025-10-20 06:00:00,110963.0,111315.1,110925.9,111223.9,319530.14
2025-10-20 06:00:00,110963.0,111315.1,110925.9,111223.9,319530.14
2025-10-20 06:00:00,110963.0,111315.1,110925.9,111223.9,319530.14
2025-10-20 06:00:00,110963.0,111315.1,110925.9,111223.9,319530.14
2025-10-20 06:00:00,110963.0,111315.1,110925.9,111223.9,319530.14
2025-10-20 06:00:00,110963.0,111315.1,110925.9,111223.9,319530.14
2025-10-20 06:00:00,110963.0,111315.1,110925.9,111223.9,319530.14
2025-10-20 06:00:00,110963.0,111315.1,110925.9,111223.9,319530.14
2025-10-20 07:00:00,111224.0,111366.2,111003.2,111148.0,303053.8
2025-10-20 07:00:00,111224.0,111366.2,111003.2,111148.0,303053.8
2025-10-20 07:00:00,111224.0,111366.2,111003.2,111148.0,303053.8
2025-10-20 07:00:00,111224.0,111366.2,111003.2,111148.0,303053.8
2025-10-20 07:00:00,111224.0,111366.2,111003.2,111148.0,303053.8
2025-10-20 07:00:00,111224.0,111366.2,111003.2,111148.0,303053.8
2025-10-20 07:00:00,111224.0,111366.2,111003.2,111148.0,303053.8
2025-10-20 07:00:00,111224.0,111366.2,111003.2,111148.0,303053.8
2025-10-20 07:00:00,111224.0,111366.2,111003.2,111148.0,303053.8
2025-10-20 07:00:00,111224.0,111366.2,111003.2,111148.0,303053.8
2025-10-20 07:00:00,111224.0,111366.2,111003.2,111148.0,303053.8
2025-10-20 07:00:00,111224.0,111366.2,111003.2,111148.0,303053.8
2025-10-20 07:00:00,111224.0,111366.2,111003.2,111148.0,303053.8
2025-10-20 07:00:00,111224.0,111366.2,111003.2,111148.0,303053.8
2025-10-20 07:00:00,111224.0,111366.2,111003.2,111148.0,303053.8
2025-10-20 08:00:00,111148.1,111643.1,110903.0,111049.6,360135.65
2025-10-20 08:00:00,111148.1,111643.1,110903.0,111049.6,360135.65
2025-10-20 08:00:00,111148.1,111643.1,110903.0,111049.6,360135.65
2025-10-20 08:00:00,111148.1,111643.1,110903.0,111049.6,360135.65
2025-10-20 08:00:00,111148.1,111643.1,110903.0,111049.6,360135.65
2025-10-20 08:00:00,111148.1,111643.1,110903.0,111049.6,360135.65
2025-10-20 08:00:00,111148.1,111643.1,110903.0,111049.6,360135.65
2025-10-20 08:00:00,111148.1,111643.1,110903.0,111049.6,360135.65
2025-10-20 08:00:00,111148.1,111643.1,110903.0,111049.6,360135.65
2025-10-20 08:00:00,111148.1,111643.1,110903.0,111049.6,360135.65
2025-10-20 08:00:00,111148.1,111643.1,110903.0,111049.6,360135.65
2025-10-20 08:00:00,111148.1,111643.1,110903.0,111049.6,360135.65
2025-10-20 08:00:00,111148.1,111643.1,110903.0,111049.6,360135.65
2025-10-20 08:00:00,111148.1,111643.1,110903.0,111049.6,360135.65
2025-10-20 08:00:00,111148.1,111643.1,110903.0,111049.6,360135.65
2025-10-20 09:00:00,111049.5,111150.0,110650.1,110928.3,251830.15
2025-10-20 09:00:00,111049.5,111150.0,110650.1,110928.3,251830.15
2025-10-20 09:00:00,111049.5,111150.0,110650.1,110928.3,251830.15
2025-10-20 09:00:00,111049.5,111150.0,110650.1,110928.3,251830.15
2025-10-20 09:00:00,111049.5,111150.0,110650.1,110928.3,251830.15
2025-10-20 09:00:00,111049.5,111150.0,110650.1,110928.3,251830.15
2025-10-20 09:00:00,111049.5,111150.0,110650.1,110928.3,251830.15
2025-10-20 09:00:00,111049.5,111150.0,110650.1,110928.3,251830.15
2025-10-20 09:00:00,111049.5,111150.0,110650.1,110928.3,251830.15
2025-10-20 09:00:00,111049.5,111150.0,110650.1,110928.3,251830.15
2025-10-20 09:00:00,111049.5,111150.0,110650.1,110928.3,251830.15
2025-10-20 09:00:00,111049.5,111150.0,110650.1,110928.3,251830.15
2025-10-20 09:00:00,111049.5,111150.0,110650.1,110928.3,251830.15
2025-10-20 09:00:00,111049.5,111150.0,110650.1,110928.3,251830.15
2025-10-20 09:00:00,111049.5,111150.0,110650.1,110928.3,251830.15
2025-10-20 10:00:00,110928.3,111065.0,110603.1,110710.0,173221.06
2025-10-20 10:00:00,110928.3,111065.0,110603.1,110710.0,173221.06
2025-10-20 10:00:00,110928.3,111065.0,110603.1,110710.0,173221.06
2025-10-20 10:00:00,110928.3,111065.0,110603.1,110710.0,173221.06
2025-10-20 10:00:00,110928.3,111065.0,110603.1,110710.0,173221.06
2025-10-20 10:00:00,110928.3,111065.0,110603.1,110710.0,173221.06
2025-10-20 10:00:00,110928.3,111065.0,110603.1,110710.0,173221.06
2025-10-20 10:00:00,110928.3,111065.0,110603.1,110710.0,173221.06
2025-10-20 10:00:00,110928.3,111065.0,110603.1,110710.0,173221.06
2025-10-20 10:00:00,110928.3,111065.0,110603.1,110710.0,173221.06
2025-10-20 10:00:00,110928.3,111065.0,110603.1,110710.0,173221.06
2025-10-20 10:00:00,110928.3,111065.0,110603.1,110710.0,173221.06
2025-10-20 10:00:00,110928.3,111065.0,110603.1,110710.0,173221.06
2025-10-20 10:00:00,110928.3,111065.0,110603.1,110710.0,173221.06
2025-10-20 10:00:00,110928.3,111065.0,110603.1,110710.0,173221.06
2025-10-20 11:00:00,110710.0,110985.0,110566.4,110975.7,171175.07
2025-10-20 11:00:00,110710.0,110985.0,110566.4,110975.7,171175.07
2025-10-20 11:00:00,110710.0,110985.0,110566.4,110975.7,171175.07
2025-10-20 11:00:00,110710.0,110985.0,110566.4,110975.7,171175.07
2025-10-20 11:00:00,110710.0,110985.0,110566.4,110975.7,171175.07
2025-10-20 11:00:00,110710.0,110985.0,110566.4,110975.7,171175.07
2025-10-20 11:00:00,110710.0,110985.0,110566.4,110975.7,171175.07
2025-10-20 11:00:00,110710.0,110985.0,110566.4,110975.7,171175.07
2025-10-20 11:00:00,110710.0,110985.0,110566.4,110975.7,171175.07
2025-10-20 11:00:00,110710.0,110985.0,110566.4,110975.7,171175.07
2025-10-20 11:00:00,110710.0,110985.0,110566.4,110975.7,171175.07
2025-10-20 11:00:00,110710.0,110985.0,110566.4,110975.7,171175.07
2025-10-20 11:00:00,110710.0,110985.0,110566.4,110975.7,171175.07
2025-10-20 11:00:00,110710.0,110985.0,110566.4,110975.7,171175.07
2025-10-20 11:00:00,110710.0,110985.0,110566.4,110975.7,171175.07
2025-10-20 12:00:00,110975.8,111189.0,110727.0,110806.7,221259.74
2025-10-20 12:00:00,110975.8,111189.0,110727.0,110806.7,221259.74
2025-10-20 12:00:00,110975.8,111189.0,110727.0,110806.7,221259.74
2025-10-20 12:00:00,110975.8,111189.0,110727.0,110806.7,221259.74
2025-10-20 12:00:00,110975.8,111189.0,110727.0,110806.7,221259.74
2025-10-20 12:00:00,110975.8,111189.0,110727.0,110806.7,221259.74
2025-10-20 12:00:00,110975.8,111189.0,110727.0,110806.7,221259.74
2025-10-20 12:00:00,110975.8,111189.0,110727.0,110806.7,221259.74
2025-10-20 12:00:00,110975.8,111189.0,110727.0,110806.7,221259.74
2025-10-20 12:00:00,110975.8,111189.0,110727.0,110806.7,221259.74
2025-10-20 12:00:00,110975.8,111189.0,110727.0,110806.7,221259.74
2025-10-20 12:00:00,110975.8,111189.0,110727.0,110806.7,221259.74
2025-10-20 12:00:00,110975.8,111189.0,110727.0,110806.7,221259.74
2025-10-20 12:00:00,110975.8,111189.0,110727.0,110806.7,221259.74
2025-10-20 12:00:00,110975.8,111189.0,110727.0,110806.7,221259.74
2025-10-20 13:00:00,110806.7,111165.2,110550.0,111107.3,356004.02
2025-10-20 13:00:00,110806.7,111165.2,110550.0,111107.3,356004.02
2025-10-20 13:00:00,110806.7,111165.2,110550.0,111107.3,356004.02
2025-10-20 13:00:00,110806.7,111165.2,110550.0,111107.3,356004.02
2025-10-20 13:00:00,110806.7,111165.2,110550.0,111107.3,356004.02
2025-10-20 13:00:00,110806.7,111165.2,110550.0,111107.3,356004.02
2025-10-20 13:00:00,110806.7,111165.2,110550.0,111107.3,356004.02
2025-10-20 13:00:00,110806.7,111165.2,110550.0,111107.3,356004.02
2025-10-20 13:00:00,110806.7,111165.2,110550.0,111107.3,356004.02
2025-10-20 13:00:00,110806.7,111165.2,110550.0,111107.3,356004.02
2025-10-20 13:00:00,110806.7,111165.2,110550.0,111107.3,356004.02
2025-10-20 13:00:00,110806.7,111165.2,110550.0,111107.3,356004.02
2025-10-20 13:00:00,110806.7,111165.2,110550.0,111107.3,356004.02
2025-10-20 13:00:00,110806.7,111165.2,110550.0,111107.3,356004.02
2025-10-20 13:00:00,110806.7,111165.2,110550.0,111107.3,356004.02
2025-10-20 14:00:00,111107.3,111346.1,110681.0,111161.3,313411.79
2025-10-20 14:00:00,111107.3,111346.1,110681.0,111161.3,313411.79
2025-10-20 14:00:00,111107.3,111346.1,110681.0,111161.3,313411.79
2025-10-20 14:00:00,111107.3,111346.1,110681.0,111161.3,313411.79
2025-10-20 14:00:00,111107.3,111346.1,110681.0,111161.3,313411.79
2025-10-20 14:00:00,111107.3,111346.1,110681.0,111161.3,313411.79
2025-10-20 14:00:00,111107.3,111346.1,110681.0,111161.3,313411.79
2025-10-20 14:00:00,111107.3,111346.1,110681.0,111161.3,313411.79
2025-10-20 14:00:00,111107.3,111346.1,110681.0,111161.3,313411.79
2025-10-20 14:00:00,111107.3,111346.1,110681.0,111161.3,313411.79
2025-10-20 14:00:00,111107.3,111346.1,110681.0,111161.3,313411.79
2025-10-20 14:00:00,111107.3,111346.1,110681.0,111161.3,313411.79
2025-10-20 14:00:00,111107.3,111346.1,110681.0,111161.3,313411.79
2025-10-20 14:00:00,111107.3,111346.1,110681.0,111161.3,313411.79
2025-10-20 14:00:00,111107.3,111346.1,110681.0,111161.3,313411.79
2025-10-20 15:00:00,111161.4,111694.0,110944.5,111092.5,468609.09
2025-10-20 15:00:00,111161.4,111694.0,110944.5,111092.5,468609.09
2025-10-20 15:00:00,111161.4,111694.0,110944.5,111092.5,468609.09
2025-10-20 15:00:00,111161.4,111694.0,110944.5,111092.5,468609.09
2025-10-20 15:00:00,111161.4,111694.0,110944.5,111092.5,468609.09
2025-10-20 15:00:00,111161.4,111694.0,110944.5,111092.5,468609.09
2025-10-20 15:00:00,111161.4,111694.0,110944.5,111092.5,468609.09
2025-10-20 15:00:00,111161.4,111694.0,110944.5,111092.5,468609.09
2025-10-20 15:00:00,111161.4,111694.0,110944.5,111092.5,468609.09
2025-10-20 15:00:00,111161.4,111694.0,110944.5,111092.5,468609.09
2025-10-20 15:00:00,111161.4,111694.0,110944.5,111092.5,468609.09
2025-10-20 15:00:00,111161.4,111694.0,110944.5,111092.5,468609.09
2025-10-20 15:00:00,111161.4,111694.0,110944.5,111092.5,468609.09
2025-10-20 15:00:00,111161.4,111694.0,110944.5,111092.5,468609.09
2025-10-20 15:00:00,111161.4,111694.0,110944.5,111092.5,468609.09
2025-10-20 16:00:00,111092.4,111271.9,110060.0,110630.0,980730.02
2025-10-20 16:00:00,111092.4,111271.9,110060.0,110630.0,980730.02
2025-10-20 16:00:00,111092.4,111271.9,110060.0,110630.0,980730.02
2025-10-20 16:00:00,111092.4,111271.9,110060.0,110630.0,980730.02
2025-10-20 16:00:00,111092.4,111271.9,110060.0,110630.0,980730.02
2025-10-20 16:00:00,111092.4,111271.9,110060.0,110630.0,980730.02
2025-10-20 16:00:00,111092.4,111271.9,110060.0,110630.0,980730.02
2025-10-20 16:00:00,111092.4,111271.9,110060.0,110630.0,980730.02
2025-10-20 16:00:00,111092.4,111271.9,110060.0,110630.0,980730.02
2025-10-20 16:00:00,111092.4,111271.9,110060.0,110630.0,980730.02
2025-10-20 16:00:00,111092.4,111271.9,110060.0,110630.0,980730.02
2025-10-20 16:00:00,111092.4,111271.9,110060.0,110630.0,980730.02
2025-10-20 16:00:00,111092.4,111271.9,110060.0,110630.0,980730.02
2025-10-20 16:00:00,111092.4,111271.9,110060.0,110630.0,980730.02
2025-10-20 16:00:00,111092.4,111271.9,110060.0,110630.0,980730.02
2025-10-20 17:00:00,110630.1,111039.7,109803.1,110242.3,461158.58
2025-10-20 17:00:00,110630.1,111039.7,109803.1,110242.3,461158.58
2025-10-20 17:00:00,110630.1,111039.7,109803.1,110242.3,461158.58
2025-10-20 17:00:00,110630.1,111039.7,109803.1,110242.3,461158.58
2025-10-20 17:00:00,110630.1,111039.7,109803.1,110242.3,461158.58
2025-10-20 17:00:00,110630.1,111039.7,109803.1,110242.3,461158.58
2025-10-20 17:00:00,110630.1,111039.7,109803.1,110242.3,461158.58
2025-10-20 17:00:00,110630.1,111039.7,109803.1,110242.3,461158.58
2025-10-20 17:00:00,110630.1,111039.7,109803.1,110242.3,461158.58
2025-10-20 17:00:00,110630.1,111039.7,109803.1,110242.3,461158.58
2025-10-20 17:00:00,110630.1,111039.7,109803.1,110242.3,461158.58
2025-10-20 17:00:00,110630.1,111039.7,109803.1,110242.3,461158.58
2025-10-20 17:00:00,110630.1,111039.7,109803.1,110242.3,461158.58
2025-10-20 17:00:00,110630.1,111039.7,109803.1,110242.3,461158.58
2025-10-20 17:00:00,110630.1,111039.7,109803.1,110242.3,461158.58
2025-10-20 18:00:00,110242.3,110929.5,110159.1,110875.0,196065.01
2025-10-20 18:00:00,110242.3,110929.5,110159.1,110875.0,196065.01
2025-10-20 18:00:00,110242.3,110929.5,110159.1,110875.0,196065.01
2025-10-20 18:00:00,110242.3,110929.5,110159.1,110875.0,196065.01
2025-10-20 18:00:00,110242.3,110929.5,110159.1,110875.0,196065.01
2025-10-20 18:00:00,110242.3,110929.5,110159.1,110875.0,196065.01
2025-10-20 18:00:00,110242.3,110929.5,110159.1,110875.0,196065.01
2025-10-20 18:00:00,110242.3,110929.5,110159.1,110875.0,196065.01
2025-10-20 18:00:00,110242.3,110929.5,110159.1,110875.0,196065.01
2025-10-20 18:00:00,110242.3,110929.5,110159.1,110875.0,196065.01
2025-10-20 18:00:00,110242.3,110929.5,110159.1,110875.0,196065.01
2025-10-20 18:00:00,110242.3,110929.5,110159.1,110875.0,196065.01
2025-10-20 18:00:00,110242.3,110929.5,110159.1,110875.0,196065.01
2025-10-20 18:00:00,110242.3,110929.5,110159.1,110875.0,196065.01
2025-10-20 18:00:00,110242.3,110929.5,110159.1,110875.0,196065.01
2025-10-20 19:00:00,110875.1,111025.6,110460.6,110750.0,185632.57
2025-10-20 19:00:00,110875.1,111025.6,110460.6,110750.0,185632.57
2025-10-20 19:00:00,110875.1,111025.6,110460.6,110750.0,185632.57
2025-10-20 19:00:00,110875.1,111025.6,110460.6,110750.0,185632.57
2025-10-20 19:00:00,110875.1,111025.6,110460.6,110750.0,185632.57
2025-10-20 19:00:00,110875.1,111025.6,110460.6,110750.0,185632.57
2025-10-20 19:00:00,110875.1,111025.6,110460.6,110750.0,185632.57
2025-10-20 19:00:00,110875.1,111025.6,110460.6,110750.0,185632.57
2025-10-20 19:00:00,110875.1,111025.6,110460.6,110750.0,185632.57
2025-10-20 19:00:00,110875.1,111025.6,110460.6,110750.0,185632.57
2025-10-20 19:00:00,110875.1,111025.6,110460.6,110750.0,185632.57
2025-10-20 19:00:00,110875.1,111025.6,110460.6,110750.0,185632.57
2025-10-20 19:00:00,110875.1,111025.6,110460.6,110750.0,185632.57
2025-10-20 19:00:00,110875.1,111025.6,110460.6,110750.0,185632.57
2025-10-20 19:00:00,110875.1,111025.6,110460.6,110750.0,185632.57
2025-10-20 20:00:00,110749.9,111289.5,110606.1,111040.2,230144.41
2025-10-20 20:00:00,110749.9,111289.5,110606.1,111040.2,230144.41
2025-10-20 20:00:00,110749.9,111289.5,110606.1,111040.2,230144.41
2025-10-20 20:00:00,110749.9,111289.5,110606.1,111040.2,230144.41
2025-10-20 20:00:00,110749.9,111289.5,110606.1,111040.2,230144.41
2025-10-20 20:00:00,110749.9,111289.5,110606.1,111040.2,230144.41
2025-10-20 20:00:00,110749.9,111289.5,110606.1,111040.2,230144.41
2025-10-20 20:00:00,110749.9,111289.5,110606.1,111040.2,230144.41
2025-10-20 20:00:00,110749.9,111289.5,110606.1,111040.2,230144.41
2025-10-20 20:00:00,110749.9,111289.5,110606.1,111040.2,230144.41
2025-10-20 20:00:00,110749.9,111289.5,110606.1,111040.2,230144.41
2025-10-20 20:00:00,110749.9,111289.5,110606.1,111040.2,230144.41
2025-10-20 20:00:00,110749.9,111289.5,110606.1,111040.2,230144.41
2025-10-20 20:00:00,110749.9,111289.5,110606.1,111040.2,230144.41
2025-10-20 20:00:00,110749.9,111289.5,110606.1,111040.2,230144.41
2025-10-20 21:00:00,111040.2,111199.9,110393.0,110514.0,155004.89
2025-10-20 21:00:00,111040.2,111199.9,110393.0,110514.0,155004.89
2025-10-20 21:00:00,111040.2,111199.9,110393.0,110514.0,155004.89
2025-10-20 21:00:00,111040.2,111199.9,110393.0,110514.0,155004.89
2025-10-20 21:00:00,111040.2,111199.9,110393.0,110514.0,155004.89
2025-10-20 21:00:00,111040.2,111199.9,110393.0,110514.0,155004.89
2025-10-20 21:00:00,111040.2,111199.9,110393.0,110514.0,155004.89
2025-10-20 21:00:00,111040.2,111199.9,110393.0,110514.0,155004.89
2025-10-20 21:00:00,111040.2,111199.9,110393.0,110514.0,155004.89
2025-10-20 21:00:00,111040.2,111199.9,110393.0,110514.0,155004.89
2025-10-20 21:00:00,111040.2,111199.9,110393.0,110514.0,155004.89
2025-10-20 21:00:00,111040.2,111199.9,110393.0,110514.0,155004.89
2025-10-20 21:00:00,111040.2,111199.9,110393.0,110514.0,155004.89
2025-10-20 21:00:00,111040.2,111199.9,110393.0,110514.0,155004.89
2025-10-20 21:00:00,111040.2,111199.9,110393.0,110514.0,155004.89
2025-10-20 22:00:00,110513.9,110817.3,110351.9,110744.3,81750.25
2025-10-20 22:00:00,110513.9,110817.3,110351.9,110744.3,81750.25
2025-10-20 22:00:00,110513.9,110817.3,110351.9,110744.3,81750.25
2025-10-20 22:00:00,110513.9,110817.3,110351.9,110744.3,81750.25
2025-10-20 22:00:00,110513.9,110817.3,110351.9,110744.3,81750.25
2025-10-20 22:00:00,110513.9,110817.3,110351.9,110744.3,81750.25
2025-10-20 22:00:00,110513.9,110817.3,110351.9,110744.3,81750.25
2025-10-20 22:00:00,110513.9,110817.3,110351.9,110744.3,81750.25
2025-10-20 22:00:00,110513.9,110817.3,110351.9,110744.3,81750.25
2025-10-20 22:00:00,110513.9,110817.3,110351.9,110744.3,81750.25
2025-10-20 22:00:00,110513.9,110817.3,110351.9,110744.3,81750.25
2025-10-20 22:00:00,110513.9,110817.3,110351.9,110744.3,81750.25
2025-10-20 22:00:00,110513.9,110817.3,110351.9,110744.3,81750.25
2025-10-20 22:00:00,110513.9,110817.3,110351.9,110744.3,81750.25
2025-10-20 22:00:00,110513.9,110817.3,110351.9,110744.3,81750.25
2025-10-20 23:00:00,110744.4,110776.5,110472.3,110487.8,123580.21
2025-10-20 23:00:00,110744.4,110776.5,110472.3,110487.8,123580.21
2025-10-20 23:00:00,110744.4,110776.5,110472.3,110487.8,123580.21
2025-10-20 23:00:00,110744.4,110776.5,110472.3,110487.8,123580.21
2025-10-20 23:00:00,110744.4,110776.5,110472.3,110487.8,123580.21
2025-10-20 23:00:00,110744.4,110776.5,110472.3,110487.8,123580.21
2025-10-20 23:00:00,110744.4,110776.5,110472.3,110487.8,123580.21
2025-10-20 23:00:00,110744.4,110776.5,110472.3,110487.8,123580.21
2025-10-20 23:00:00,110744.4,110776.5,110472.3,110487.8,123580.21
2025-10-20 23:00:00,110744.4,110776.5,110472.3,110487.8,123580.21
2025-10-20 23:00:00,110744.4,110776.5,110472.3,110487.8,123580.21
2025-10-20 23:00:00,110744.4,110776.5,110472.3,110487.8,123580.21
2025-10-20 23:00:00,110744.4,110776.5,110472.3,110487.8,123580.21
2025-10-20 23:00:00,110744.4,110776.5,110472.3,110487.8,123580.21
2025-10-20 23:00:00,110744.4,110776.5,110472.3,110487.8,123580.21
2025-10-21 00:00:00,110487.8,110488.0,110116.3,110400.6,204931.42
2025-10-21 00:00:00,110487.8,110488.0,110116.3,110400.6,204931.42
2025-10-21 00:00:00,110487.8,110488.0,110116.3,110400.6,204931.42
2025-10-21 00:00:00,110487.8,110488.0,110116.3,110400.6,204931.42
2025-10-21 00:00:00,110487.8,110488.0,110116.3,110400.6,204931.42
2025-10-21 00:00:00,110487.8,110488.0,110116.3,110400.6,204931.42
2025-10-21 00:00:00,110487.8,110488.0,110116.3,110400.6,204931.42
2025-10-21 00:00:00,110487.8,110488.0,110116.3,110400.6,204931.42
2025-10-21 00:00:00,110487.8,110488.0,110116.3,110400.6,204931.42
2025-10-21 00:00:00,110487.8,110488.0,110116.3,110400.6,204931.42
2025-10-21 00:00:00,110487.8,110488.0,110116.3,110400.6,204931.42
2025-10-21 00:00:00,110487.8,110488.0,110116.3,110400.6,204931.42
2025-10-21 00:00:00,110487.8,110488.0,110116.3,110400.6,204931.42
2025-10-21 00:00:00,110487.8,110488.0,110116.3,110400.6,204931.42
2025-10-21 00:00:00,110487.8,110488.0,110116.3,110400.6,204931.42
2025-10-21 01:00:00,110400.6,110441.0,109467.9,109815.0,303985.34
2025-10-21 01:00:00,110400.6,110441.0,109467.9,109815.0,303985.34
2025-10-21 01:00:00,110400.6,110441.0,109467.9,109815.0,303985.34
2025-10-21 01:00:00,110400.6,110441.0,109467.9,109815.0,303985.34
2025-10-21 01:00:00,110400.6,110441.0,109467.9,109815.0,303985.34
2025-10-21 01:00:00,110400.6,110441.0,109467.9,109815.0,303985.34
2025-10-21 01:00:00,110400.6,110441.0,109467.9,109815.0,303985.34
2025-10-21 01:00:00,110400.6,110441.0,109467.9,109815.0,303985.34
2025-10-21 01:00:00,110400.6,110441.0,109467.9,109815.0,303985.34
2025-10-21 01:00:00,110400.6,110441.0,109467.9,109815.0,303985.34
2025-10-21 01:00:00,110400.6,110441.0,109467.9,109815.0,303985.34
2025-10-21 01:00:00,110400.6,110441.0,109467.9,109815.0,303985.34
2025-10-21 01:00:00,110400.6,110441.0,109467.9,109815.0,303985.34
2025-10-21 01:00:00,110400.6,110441.0,109467.9,109815.0,303985.34
2025-10-21 01:00:00,110400.6,110441.0,109467.9,109815.0,303985.34
2025-10-21 02:00:00,109815.0,109877.8,109265.6,109475.6,305832.49
2025-10-21 02:00:00,109815.0,109877.8,109265.6,109475.6,305832.49
2025-10-21 02:00:00,109815.0,109877.8,109265.6,109475.6,305832.49
2025-10-21 02:00:00,109815.0,109877.8,109265.6,109475.6,305832.49
2025-10-21 02:00:00,109815.0,109877.8,109265.6,109475.6,305832.49
2025-10-21 02:00:00,109815.0,109877.8,109265.6,109475.6,305832.49
2025-10-21 02:00:00,109815.0,109877.8,109265.6,109475.6,305832.49
2025-10-21 02:00:00,109815.0,109877.8,109265.6,109475.6,305832.49
2025-10-21 02:00:00,109815.0,109877.8,109265.6,109475.6,305832.49
2025-10-21 02:00:00,109815.0,109877.8,109265.6,109475.6,305832.49
2025-10-21 02:00:00,109815.0,109877.8,109265.6,109475.6,305832.49
2025-10-21 02:00:00,109815.0,109877.8,109265.6,109475.6,305832.49
2025-10-21 02:00:00,109815.0,109877.8,109265.6,109475.6,305832.49
2025-10-21 02:00:00,109815.0,109877.8,109265.6,109475.6,305832.49
2025-10-21 02:00:00,109815.0,109877.8,109265.6,109475.6,305832.49
2025-10-21 03:00:00,109475.7,109576.8,109015.2,109015.2,228184.05
2025-10-21 03:00:00,109475.7,109576.8,109015.2,109015.2,228184.05
2025-10-21 03:00:00,109475.7,109576.8,109015.2,109015.2,228184.05
2025-10-21 03:00:00,109475.7,109576.8,109015.2,109015.2,228184.05
2025-10-21 03:00:00,109475.7,109576.8,109015.2,109015.2,228184.05
2025-10-21 03:00:00,109475.7,109576.8,109015.2,109015.2,228184.05
2025-10-21 03:00:00,109475.7,109576.8,109015.2,109015.2,228184.05
2025-10-21 03:00:00,109475.7,109576.8,109015.2,109015.2,228184.05
2025-10-21 03:00:00,109475.7,109576.8,109015.2,109015.2,228184.05
2025-10-21 03:00:00,109475.7,109576.8,109015.2,109015.2,228184.05
2025-10-21 03:00:00,109475.7,109576.8,109015.2,109015.2,228184.05
2025-10-21 03:00:00,109475.7,109576.8,109015.2,109015.2,228184.05
2025-10-21 03:00:00,109475.7,109576.8,109015.2,109015.2,228184.05
2025-10-21 03:00:00,109475.7,109576.8,109015.2,109015.2,228184.05
2025-10-21 03:00:00,109475.7,109576.8,109015.2,109015.2,228184.05
2025-10-21 04:00:00,109015.2,109015.3,107600.0,107753.2,965481.84
2025-10-21 04:00:00,109015.2,109015.3,107600.0,107753.2,965481.84
2025-10-21 04:00:00,109015.2,109015.3,107600.0,107753.2,965481.84
2025-10-21 04:00:00,109015.2,109015.3,107600.0,107753.2,965481.84
2025-10-21 04:00:00,109015.2,109015.3,107600.0,107753.2,965481.84
2025-10-21 04:00:00,109015.2,109015.3,107600.0,107753.2,965481.84
2025-10-21 04:00:00,109015.2,109015.3,107600.0,107753.2,965481.84
2025-10-21 04:00:00,109015.2,109015.3,107600.0,107753.2,965481.84
2025-10-21 04:00:00,109015.2,109015.3,107600.0,107753.2,965481.84
2025-10-21 04:00:00,109015.2,109015.3,107600.0,107753.2,965481.84
2025-10-21 04:00:00,109015.2,109015.3,107600.0,107753.2,965481.84
2025-10-21 04:00:00,109015.2,109015.3,107600.0,107753.2,965481.84
2025-10-21 04:00:00,109015.2,109015.3,107600.0,107753.2,965481.84
2025-10-21 04:00:00,109015.2,109015.3,107600.0,107753.2,965481.84
2025-10-21 04:00:00,109015.2,109015.3,107600.0,107753.2,965481.84
2025-10-21 05:00:00,107753.3,107948.7,107408.3,107508.8,513596.86
2025-10-21 05:00:00,107753.3,107948.7,107408.3,107508.8,513596.86
2025-10-21 05:00:00,107753.3,107948.7,107408.3,107508.8,513596.86
2025-10-21 05:00:00,107753.3,107948.7,107408.3,107508.8,513596.86
2025-10-21 05:00:00,107753.3,107948.7,107408.3,107508.8,513596.86
2025-10-21 05:00:00,107753.3,107948.7,107408.3,107508.8,513596.86
2025-10-21 05:00:00,107753.3,107948.7,107408.3,107508.8,513596.86
2025-10-21 05:00:00,107753.3,107948.7,107408.3,107508.8,513596.86
2025-10-21 05:00:00,107753.3,107948.7,107408.3,107508.8,513596.86
2025-10-21 05:00:00,107753.3,107948.7,107408.3,107508.8,513596.86
2025-10-21 05:00:00,107753.3,107948.7,107408.3,107508.8,513596.86
2025-10-21 05:00:00,107753.3,107948.7,107408.3,107508.8,513596.86
2025-10-21 05:00:00,107753.3,107948.7,107408.3,107508.8,513596.86
2025-10-21 05:00:00,107753.3,107948.7,107408.3,107508.8,513596.86
2025-10-21 05:00:00,107753.3,107948.7,107408.3,107508.8,513596.86
2025-10-21 06:00:00,107508.7,108162.7,107460.1,107860.1,325282.79
2025-10-21 06:00:00,107508.7,108162.7,107460.1,107860.1,325282.79
2025-10-21 06:00:00,107508.7,108162.7,107460.1,107860.1,325282.79
2025-10-21 06:00:00,107508.7,108162.7,107460.1,107860.1,325282.79
2025-10-21 06:00:00,107508.7,108162.7,107460.1,107860.1,325282.79
2025-10-21 06:00:00,107508.7,108162.7,107460.1,107860.1,325282.79
2025-10-21 06:00:00,107508.7,108162.7,107460.1,107860.1,325282.79
2025-10-21 06:00:00,107508.7,108162.7,107460.1,107860.1,325282.79
2025-10-21 06:00:00,107508.7,108162.7,107460.1,107860.1,325282.79
2025-10-21 06:00:00,107508.7,108162.7,107460.1,107860.1,325282.79
2025-10-21 06:00:00,107508.7,108162.7,107460.1,107860.1,325282.79
2025-10-21 06:00:00,107508.7,108162.7,107460.1,107860.1,325282.79
2025-10-21 06:00:00,107508.7,108162.7,107460.1,107860.1,325282.79
2025-10-21 06:00:00,107508.7,108162.7,107460.1,107860.1,325282.79
2025-10-21 06:00:00,107508.7,108162.7,107460.1,107860.1,325282.79
2025-10-21 07:00:00,107860.1,108143.2,107605.0,108020.0,282404.53
2025-10-21 07:00:00,107860.1,108143.2,107605.0,108020.0,282404.53
2025-10-21 07:00:00,107860.1,108143.2,107605.0,108020.0,282404.53
2025-10-21 07:00:00,107860.1,108143.2,107605.0,108020.0,282404.53
2025-10-21 07:00:00,107860.1,108143.2,107605.0,108020.0,282404.53
2025-10-21 07:00:00,107860.1,108143.2,107605.0,108020.0,282404.53
2025-10-21 07:00:00,107860.1,108143.2,107605.0,108020.0,282404.53
2025-10-21 07:00:00,107860.1,108143.2,107605.0,108020.0,282404.53
2025-10-21 07:00:00,107860.1,108143.2,107605.0,108020.0,282404.53
2025-10-21 07:00:00,107860.1,108143.2,107605.0,108020.0,282404.53
2025-10-21 07:00:00,107860.1,108143.2,107605.0,108020.0,282404.53
2025-10-21 07:00:00,107860.1,108143.2,107605.0,108020.0,282404.53
2025-10-21 07:00:00,107860.1,108143.2,107605.0,108020.0,282404.53
2025-10-21 07:00:00,107860.1,108143.2,107605.0,108020.0,282404.53
2025-10-21 07:00:00,107860.1,108143.2,107605.0,108020.0,282404.53
2025-10-21 08:00:00,108020.0,108045.2,107427.0,107652.0,348070.4
2025-10-21 08:00:00,108020.0,108045.2,107427.0,107652.0,348070.4
2025-10-21 08:00:00,108020.0,108045.2,107427.0,107652.0,348070.4
2025-10-21 08:00:00,108020.0,108045.2,107427.0,107652.0,348070.4
2025-10-21 08:00:00,108020.0,108045.2,107427.0,107652.0,348070.4
2025-10-21 08:00:00,108020.0,108045.2,107427.0,107652.0,348070.4
2025-10-21 08:00:00,108020.0,108045.2,107427.0,107652.0,348070.4
2025-10-21 08:00:00,108020.0,108045.2,107427.0,107652.0,348070.4
2025-10-21 08:00:00,108020.0,108045.2,107427.0,107652.0,348070.4
2025-10-21 08:00:00,108020.0,108045.2,107427.0,107652.0,348070.4
2025-10-21 08:00:00,108020.0,108045.2,107427.0,107652.0,348070.4
2025-10-21 08:00:00,108020.0,108045.2,107427.0,107652.0,348070.4
2025-10-21 08:00:00,108020.0,108045.2,107427.0,107652.0,348070.4
2025-10-21 08:00:00,108020.0,108045.2,107427.0,107652.0,348070.4
2025-10-21 08:00:00,108020.0,108045.2,107427.0,107652.0,348070.4
2025-10-21 09:00:00,107652.0,107827.6,107500.0,107707.3,182080.14
2025-10-21 09:00:00,107652.0,107827.6,107500.0,107707.3,182080.14
2025-10-21 09:00:00,107652.0,107827.6,107500.0,107707.3,182080.14
2025-10-21 09:00:00,107652.0,107827.6,107500.0,107707.3,182080.14
2025-10-21 09:00:00,107652.0,107827.6,107500.0,107707.3,182080.14
2025-10-21 09:00:00,107652.0,107827.6,107500.0,107707.3,182080.14
2025-10-21 09:00:00,107652.0,107827.6,107500.0,107707.3,182080.14
2025-10-21 09:00:00,107652.0,107827.6,107500.0,107707.3,182080.14
2025-10-21 09:00:00,107652.0,107827.6,107500.0,107707.3,182080.14
2025-10-21 09:00:00,107652.0,107827.6,107500.0,107707.3,182080.14
2025-10-21 09:00:00,107652.0,107827.6,107500.0,107707.3,182080.14
2025-10-21 09:00:00,107652.0,107827.6,107500.0,107707.3,182080.14
2025-10-21 09:00:00,107652.0,107827.6,107500.0,107707.3,182080.14
2025-10-21 09:00:00,107652.0,107827.6,107500.0,107707.3,182080.14
2025-10-21 09:00:00,107652.0,107827.6,107500.0,107707.3,182080.14
2025-10-21 10:00:00,107707.3,108778.7,107523.6,108453.7,456679.88
2025-10-21 10:00:00,107707.3,108778.7,107523.6,108453.7,456679.88
2025-10-21 10:00:00,107707.3,108778.7,107523.6,108453.7,456679.88
2025-10-21 10:00:00,107707.3,108778.7,107523.6,108453.7,456679.88
2025-10-21 10:00:00,107707.3,108778.7,107523.6,108453.7,456679.88
2025-10-21 10:00:00,107707.3,108778.7,107523.6,108453.7,456679.88
2025-10-21 10:00:00,107707.3,108778.7,107523.6,108453.7,456679.88
2025-10-21 10:00:00,107707.3,108778.7,107523.6,108453.7,456679.88
2025-10-21 10:00:00,107707.3,108778.7,107523.6,108453.7,456679.88
2025-10-21 10:00:00,107707.3,108778.7,107523.6,108453.7,456679.88
2025-10-21 10:00:00,107707.3,108778.7,107523.6,108453.7,456679.88
2025-10-21 10:00:00,107707.3,108778.7,107523.6,108453.7,456679.88
2025-10-21 10:00:00,107707.3,108778.7,107523.6,108453.7,456679.88
2025-10-21 10:00:00,107707.3,108778.7,107523.6,108453.7,456679.88
2025-10-21 10:00:00,107707.3,108778.7,107523.6,108453.7,456679.88
2025-10-21 11:00:00,108453.7,108587.7,108110.0,108520.3,223664.72
2025-10-21 11:00:00,108453.7,108587.7,108110.0,108520.3,223664.72
2025-10-21 11:00:00,108453.7,108587.7,108110.0,108520.3,223664.72
2025-10-21 11:00:00,108453.7,108587.7,108110.0,108520.3,223664.72
2025-10-21 11:00:00,108453.7,108587.7,108110.0,108520.3,223664.72
2025-10-21 11:00:00,108453.7,108587.7,108110.0,108520.3,223664.72
2025-10-21 11:00:00,108453.7,108587.7,108110.0,108520.3,223664.72
2025-10-21 11:00:00,108453.7,108587.7,108110.0,108520.3,223664.72
2025-10-21 11:00:00,108453.7,108587.7,108110.0,108520.3,223664.72
2025-10-21 11:00:00,108453.7,108587.7,108110.0,108520.3,223664.72
2025-10-21 11:00:00,108453.7,108587.7,108110.0,108520.3,223664.72
2025-10-21 11:00:00,108453.7,108587.7,108110.0,108520.3,223664.72
2025-10-21 11:00:00,108453.7,108587.7,108110.0,108520.3,223664.72
2025-10-21 11:00:00,108453.7,108587.7,108110.0,108520.3,223664.72
2025-10-21 11:00:00,108453.7,108587.7,108110.0,108520.3,223664.72
2025-10-21 12:00:00,108520.4,109428.9,108410.1,108729.3,462816.29
2025-10-21 12:00:00,108520.4,109428.9,108410.1,108729.3,462816.29
2025-10-21 12:00:00,108520.4,109428.9,108410.1,108729.3,462816.29
2025-10-21 12:00:00,108520.4,109428.9,108410.1,108729.3,462816.29
2025-10-21 12:00:00,108520.4,109428.9,108410.1,108729.3,462816.29
2025-10-21 12:00:00,108520.4,109428.9,108410.1,108729.3,462816.29
2025-10-21 12:00:00,108520.4,109428.9,108410.1,108729.3,462816.29
2025-10-21 12:00:00,108520.4,109428.9,108410.1,108729.3,462816.29
2025-10-21 12:00:00,108520.4,109428.9,108410.1,108729.3,462816.29
2025-10-21 12:00:00,108520.4,109428.9,108410.1,108729.3,462816.29
2025-10-21 12:00:00,108520.4,109428.9,108410.1,108729.3,462816.29
2025-10-21 12:00:00,108520.4,109428.9,108410.1,108729.3,462816.29
2025-10-21 12:00:00,108520.4,109428.9,108410.1,108729.3,462816.29
2025-10-21 12:00:00,108520.4,109428.9,108410.1,108729.3,462816.29
2025-10-21 12:00:00,108520.4,109428.9,108410.1,108729.3,462816.29
2025-10-21 13:00:00,108729.2,108849.0,107821.8,108387.1,542290.85
2025-10-21 13:00:00,108729.2,108849.0,107821.8,108387.1,542290.85
2025-10-21 13:00:00,108729.2,108849.0,107821.8,108387.1,542290.85
2025-10-21 13:00:00,108729.2,108849.0,107821.8,108387.1,542290.85
2025-10-21 13:00:00,108729.2,108849.0,107821.8,108387.1,542290.85
2025-10-21 13:00:00,108729.2,108849.0,107821.8,108387.1,542290.85
2025-10-21 13:00:00,108729.2,108849.0,107821.8,108387.1,542290.85
2025-10-21 13:00:00,108729.2,108849.0,107821.8,108387.1,542290.85
2025-10-21 13:00:00,108729.2,108849.0,107821.8,108387.1,542290.85
2025-10-21 13:00:00,108729.2,108849.0,107821.8,108387.1,542290.85
2025-10-21 13:00:00,108729.2,108849.0,107821.8,108387.1,542290.85
2025-10-21 13:00:00,108729.2,108849.0,107821.8,108387.1,542290.85
2025-10-21 13:00:00,108729.2,108849.0,107821.8,108387.1,542290.85
2025-10-21 13:00:00,108729.2,108849.0,107821.8,108387.1,542290.85
2025-10-21 13:00:00,108729.2,108849.0,107821.8,108387.1,542290.85
2025-10-21 14:00:00,108387.9,112303.5,108348.9,112159.5,1683574.33
2025-10-21 14:00:00,108387.9,112303.5,108348.9,112159.5,1683574.33
2025-10-21 14:00:00,108387.9,112303.5,108348.9,112159.5,1683574.33
2025-10-21 14:00:00,108387.9,112303.5,108348.9,112159.5,1683574.33
2025-10-21 14:00:00,108387.9,112303.5,108348.9,112159.5,1683574.33
2025-10-21 14:00:00,108387.9,112303.5,108348.9,112159.5,1683574.33
2025-10-21 14:00:00,108387.9,112303.5,108348.9,112159.5,1683574.33
2025-10-21 14:00:00,108387.9,112303.5,108348.9,112159.5,1683574.33
2025-10-21 14:00:00,108387.9,112303.5,108348.9,112159.5,1683574.33
2025-10-21 14:00:00,108387.9,112303.5,108348.9,112159.5,1683574.33
2025-10-21 14:00:00,108387.9,112303.5,108348.9,112159.5,1683574.33
2025-10-21 14:00:00,108387.9,112303.5,108348.9,112159.5,1683574.33
2025-10-21 14:00:00,108387.9,112303.5,108348.9,112159.5,1683574.33
2025-10-21 14:00:00,108387.9,112303.5,108348.9,112159.5,1683574.33
2025-10-21 14:00:00,108387.9,112303.5,108348.9,112159.5,1683574.33
2025-10-21 15:00:00,112159.4,113541.7,111701.9,113384.5,1313281.33
2025-10-21 15:00:00,112159.4,113541.7,111701.9,113384.5,1313281.33
2025-10-21 15:00:00,112159.4,113541.7,111701.9,113384.5,1313281.33
2025-10-21 15:00:00,112159.4,113541.7,111701.9,113384.5,1313281.33
2025-10-21 15:00:00,112159.4,113541.7,111701.9,113384.5,1313281.33
2025-10-21 15:00:00,112159.4,113541.7,111701.9,113384.5,1313281.33
2025-10-21 15:00:00,112159.4,113541.7,111701.9,113384.5,1313281.33
2025-10-21 15:00:00,112159.4,113541.7,111701.9,113384.5,1313281.33
2025-10-21 15:00:00,112159.4,113541.7,111701.9,113384.5,1313281.33
2025-10-21 15:00:00,112159.4,113541.7,111701.9,113384.5,1313281.33
2025-10-21 15:00:00,112159.4,113541.7,111701.9,113384.5,1313281.33
2025-10-21 15:00:00,112159.4,113541.7,111701.9,113384.5,1313281.33
2025-10-21 15:00:00,112159.4,113541.7,111701.9,113384.5,1313281.33
2025-10-21 15:00:00,112159.4,113541.7,111701.9,113384.5,1313281.33
2025-10-21 15:00:00,112159.4,113541.7,111701.9,113384.5,1313281.33
2025-10-21 16:00:00,113384.5,113988.0,112423.0,112544.2,912248.3
2025-10-21 16:00:00,113384.5,113988.0,112423.0,112544.2,912248.3
2025-10-21 16:00:00,113384.5,113988.0,112423.0,112544.2,912248.3
2025-10-21 16:00:00,113384.5,113988.0,112423.0,112544.2,912248.3
2025-10-21 16:00:00,113384.5,113988.0,112423.0,112544.2,912248.3
2025-10-21 16:00:00,113384.5,113988.0,112423.0,112544.2,912248.3
2025-10-21 16:00:00,113384.5,113988.0,112423.0,112544.2,912248.3
2025-10-21 16:00:00,113384.5,113988.0,112423.0,112544.2,912248.3
2025-10-21 16:00:00,113384.5,113988.0,112423.0,112544.2,912248.3
2025-10-21 16:00:00,113384.5,113988.0,112423.0,112544.2,912248.3
2025-10-21 16:00:00,113384.5,113988.0,112423.0,112544.2,912248.3
2025-10-21 16:00:00,113384.5,113988.0,112423.0,112544.2,912248.3
2025-10-21 16:00:00,113384.5,113988.0,112423.0,112544.2,912248.3
2025-10-21 16:00:00,113384.5,113988.0,112423.0,112544.2,912248.3
2025-10-21 16:00:00,113384.5,113988.0,112423.0,112544.2,912248.3
2025-10-21 17:00:00,112544.3,112975.0,111769.4,111997.2,854722.92
2025-10-21 17:00:00,112544.3,112975.0,111769.4,111997.2,854722.92
2025-10-21 17:00:00,112544.3,112975.0,111769.4,111997.2,854722.92
2025-10-21 17:00:00,112544.3,112975.0,111769.4,111997.2,854722.92
2025-10-21 17:00:00,112544.3,112975.0,111769.4,111997.2,854722.92
2025-10-21 17:00:00,112544.3,112975.0,111769.4,111997.2,854722.92
2025-10-21 17:00:00,112544.3,112975.0,111769.4,111997.2,854722.92
2025-10-21 17:00:00,112544.3,112975.0,111769.4,111997.2,854722.92
2025-10-21 17:00:00,112544.3,112975.0,111769.4,111997.2,854722.92
2025-10-21 17:00:00,112544.3,112975.0,111769.4,111997.2,854722.92
2025-10-21 17:00:00,112544.3,112975.0,111769.4,111997.2,854722.92
2025-10-21 17:00:00,112544.3,112975.0,111769.4,111997.2,854722.92
2025-10-21 17:00:00,112544.3,112975.0,111769.4,111997.2,854722.92
2025-10-21 17:00:00,112544.3,112975.0,111769.4,111997.2,854722.92
2025-10-21 17:00:00,112544.3,112975.0,111769.4,111997.2,854722.92
2025-10-21 18:00:00,111996.1,112300.0,111310.0,111974.8,412897.24
2025-10-21 18:00:00,111996.1,112300.0,111310.0,111974.8,412897.24
2025-10-21 18:00:00,111996.1,112300.0,111310.0,111974.8,412897.24
2025-10-21 18:00:00,111996.1,112300.0,111310.0,111974.8,412897.24
2025-10-21 18:00:00,111996.1,112300.0,111310.0,111974.8,412897.24
2025-10-21 18:00:00,111996.1,112300.0,111310.0,111974.8,412897.24
2025-10-21 18:00:00,111996.1,112300.0,111310.0,111974.8,412897.24
2025-10-21 18:00:00,111996.1,112300.0,111310.0,111974.8,412897.24
2025-10-21 18:00:00,111996.1,112300.0,111310.0,111974.8,412897.24
2025-10-21 18:00:00,111996.1,112300.0,111310.0,111974.8,412897.24
2025-10-21 18:00:00,111996.1,112300.0,111310.0,111974.8,412897.24
2025-10-21 18:00:00,111996.1,112300.0,111310.0,111974.8,412897.24
2025-10-21 18:00:00,111996.1,112300.0,111310.0,111974.8,412897.24
2025-10-21 18:00:00,111996.1,112300.0,111310.0,111974.8,412897.24
2025-10-21 18:00:00,111996.1,112300.0,111310.0,111974.8,412897.24
2025-10-21 19:00:00,111974.8,112177.9,111533.4,111756.4,248561.47
2025-10-21 19:00:00,111974.8,112177.9,111533.4,111756.4,248561.47
2025-10-21 19:00:00,111974.8,112177.9,111533.4,111756.4,248561.47
2025-10-21 19:00:00,111974.8,112177.9,111533.4,111756.4,248561.47
2025-10-21 19:00:00,111974.8,112177.9,111533.4,111756.4,248561.47
2025-10-21 19:00:00,111974.8,112177.9,111533.4,111756.4,248561.47
2025-10-21 19:00:00,111974.8,112177.9,111533.4,111756.4,248561.47
2025-10-21 19:00:00,111974.8,112177.9,111533.4,111756.4,248561.47
2025-10-21 19:00:00,111974.8,112177.9,111533.4,111756.4,248561.47
2025-10-21 19:00:00,111974.8,112177.9,111533.4,111756.4,248561.47
2025-10-21 19:00:00,111974.8,112177.9,111533.4,111756.4,248561.47
2025-10-21 19:00:00,111974.8,112177.9,111533.4,111756.4,248561.47
2025-10-21 19:00:00,111974.8,112177.9,111533.4,111756.4,248561.47
2025-10-21 19:00:00,111974.8,112177.9,111533.4,111756.4,248561.47
2025-10-21 19:00:00,111974.8,112177.9,111533.4,111756.4,248561.47
2025-10-21 20:00:00,111756.4,111776.0,110500.0,110767.3,482686.53
2025-10-21 20:00:00,111756.4,111776.0,110500.0,110767.3,482686.53
2025-10-21 20:00:00,111756.4,111776.0,110500.0,110767.3,482686.53
2025-10-21 20:00:00,111756.4,111776.0,110500.0,110767.3,482686.53
2025-10-21 20:00:00,111756.4,111776.0,110500.0,110767.3,482686.53
2025-10-21 20:00:00,111756.4,111776.0,110500.0,110767.3,482686.53
2025-10-21 20:00:00,111756.4,111776.0,110500.0,110767.3,482686.53
2025-10-21 20:00:00,111756.4,111776.0,110500.0,110767.3,482686.53
2025-10-21 20:00:00,111756.4,111776.0,110500.0,110767.3,482686.53
2025-10-21 20:00:00,111756.4,111776.0,110500.0,110767.3,482686.53
2025-10-21 20:00:00,111756.4,111776.0,110500.0,110767.3,482686.53
2025-10-21 20:00:00,111756.4,111776.0,110500.0,110767.3,482686.53
2025-10-21 20:00:00,111756.4,111776.0,110500.0,110767.3,482686.53
2025-10-21 20:00:00,111756.4,111776.0,110500.0,110767.3,482686.53
2025-10-21 20:00:00,111756.4,111776.0,110500.0,110767.3,482686.53
2025-10-21 21:00:00,110767.3,111098.0,110080.6,110786.4,404695.04
2025-10-21 21:00:00,110767.3,111098.0,110080.6,110786.4,404695.04
2025-10-21 21:00:00,110767.3,111098.0,110080.6,110786.4,404695.04
2025-10-21 21:00:00,110767.3,111098.0,110080.6,110786.4,404695.04
2025-10-21 21:00:00,110767.3,111098.0,110080.6,110786.4,404695.04
2025-10-21 21:00:00,110767.3,111098.0,110080.6,110786.4,404695.04
2025-10-21 21:00:00,110767.3,111098.0,110080.6,110786.4,404695.04
2025-10-21 21:00:00,110767.3,111098.0,110080.6,110786.4,404695.04
2025-10-21 21:00:00,110767.3,111098.0,110080.6,110786.4,404695.04
2025-10-21 21:00:00,110767.3,111098.0,110080.6,110786.4,404695.04
2025-10-21 21:00:00,110767.3,111098.0,110080.6,110786.4,404695.04
2025-10-21 21:00:00,110767.3,111098.0,110080.6,110786.4,404695.04
2025-10-21 21:00:00,110767.3,111098.0,110080.6,110786.4,404695.04
2025-10-21 21:00:00,110767.3,111098.0,110080.6,110786.4,404695.04
2025-10-21 21:00:00,110767.3,111098.0,110080.6,110786.4,404695.04
2025-10-21 22:00:00,110786.5,110786.5,108215.8,109040.1,894749.93
2025-10-21 22:00:00,110786.5,110786.5,108215.8,109040.1,894749.93
2025-10-21 22:00:00,110786.5,110786.5,108215.8,109040.1,894749.93
2025-10-21 22:00:00,110786.5,110786.5,108215.8,109040.1,894749.93
2025-10-21 22:00:00,110786.5,110786.5,108215.8,109040.1,894749.93
2025-10-21 22:00:00,110786.5,110786.5,108215.8,109040.1,894749.93
2025-10-21 22:00:00,110786.5,110786.5,108215.8,109040.1,894749.93
2025-10-21 22:00:00,110786.5,110786.5,108215.8,109040.1,894749.93
2025-10-21 22:00:00,110786.5,110786.5,108215.8,109040.1,894749.93
2025-10-21 22:00:00,110786.5,110786.5,108215.8,109040.1,894749.93
2025-10-21 22:00:00,110786.5,110786.5,108215.8,109040.1,894749.93
2025-10-21 22:00:00,110786.5,110786.5,108215.8,109040.1,894749.93
2025-10-21 22:00:00,110786.5,110786.5,108215.8,109040.1,894749.93
2025-10-21 22:00:00,110786.5,110786.5,108215.8,109040.1,894749.93
2025-10-21 22:00:00,110786.5,110786.5,108215.8,109040.1,894749.93
2025-10-21 23:00:00,109040.1,109420.0,107905.7,108243.0,676748.97
2025-10-21 23:00:00,109040.1,109420.0,107905.7,108243.0,676748.97
2025-10-21 23:00:00,109040.1,109420.0,107905.7,108243.0,676748.97
2025-10-21 23:00:00,109040.1,109420.0,107905.7,108243.0,676748.97
2025-10-21 23:00:00,109040.1,109420.0,107905.7,108243.0,676748.97
2025-10-21 23:00:00,109040.1,109420.0,107905.7,108243.0,676748.97
2025-10-21 23:00:00,109040.1,109420.0,107905.7,108243.0,676748.97
2025-10-21 23:00:00,109040.1,109420.0,107905.7,108243.0,676748.97
2025-10-21 23:00:00,109040.1,109420.0,107905.7,108243.0,676748.97
2025-10-21 23:00:00,109040.1,109420.0,107905.7,108243.0,676748.97
2025-10-21 23:00:00,109040.1,109420.0,107905.7,108243.0,676748.97
2025-10-21 23:00:00,109040.1,109420.0,107905.7,108243.0,676748.97
2025-10-21 23:00:00,109040.1,109420.0,107905.7,108243.0,676748.97
2025-10-21 23:00:00,109040.1,109420.0,107905.7,108243.0,676748.97
2025-10-21 23:00:00,109040.1,109420.0,107905.7,108243.0,676748.97
2025-10-22 00:00:00,108243.1,108654.7,107758.2,107933.6,497956.51
2025-10-22 00:00:00,108243.1,108654.7,107758.2,107933.6,497956.51
2025-10-22 00:00:00,108243.1,108654.7,107758.2,107933.6,497956.51
2025-10-22 00:00:00,108243.1,108654.7,107758.2,107933.6,497956.51
2025-10-22 00:00:00,108243.1,108654.7,107758.2,107933.6,497956.51
2025-10-22 00:00:00,108243.1,108654.7,107758.2,107933.6,497956.51
2025-10-22 00:00:00,108243.1,108654.7,107758.2,107933.6,497956.51
2025-10-22 00:00:00,108243.1,108654.7,107758.2,107933.6,497956.51
2025-10-22 00:00:00,108243.1,108654.7,107758.2,107933.6,497956.51
2025-10-22 00:00:00,108243.1,108654.7,107758.2,107933.6,497956.51
2025-10-22 00:00:00,108243.1,108654.7,107758.2,107933.6,497956.51
2025-10-22 00:00:00,108243.1,108654.7,107758.2,107933.6,497956.51
2025-10-22 00:00:00,108243.1,108654.7,107758.2,107933.6,497956.51
2025-10-22 00:00:00,108243.1,108654.7,107758.2,107933.6,497956.51
2025-10-22 00:00:00,108243.1,108654.7,107758.2,107933.6,497956.51
2025-10-22 01:00:00,107933.7,108446.7,107933.7,108301.1,316300.4
2025-10-22 01:00:00,107933.7,108446.7,107933.7,108301.1,316300.4
2025-10-22 01:00:00,107933.7,108446.7,107933.7,108301.1,316300.4
2025-10-22 01:00:00,107933.7,108446.7,107933.7,108301.1,316300.4
2025-10-22 01:00:00,107933.7,108446.7,107933.7,108301.1,316300.4
2025-10-22 01:00:00,107933.7,108446.7,107933.7,108301.1,316300.4
2025-10-22 01:00:00,107933.7,108446.7,107933.7,108301.1,316300.4
2025-10-22 01:00:00,107933.7,108446.7,107933.7,108301.1,316300.4
2025-10-22 01:00:00,107933.7,108446.7,107933.7,108301.1,316300.4
2025-10-22 01:00:00,107933.7,108446.7,107933.7,108301.1,316300.4
2025-10-22 01:00:00,107933.7,108446.7,107933.7,108301.1,316300.4
2025-10-22 01:00:00,107933.7,108446.7,107933.7,108301.1,316300.4
2025-10-22 01:00:00,107933.7,108446.7,107933.7,108301.1,316300.4
2025-10-22 01:00:00,107933.7,108446.7,107933.7,108301.1,316300.4
2025-10-22 01:00:00,107933.7,108446.7,107933.7,108301.1,316300.4
2025-10-22 02:00:00,108301.1,108648.3,108150.0,108150.0,230392.02
2025-10-22 02:00:00,108301.1,108648.3,108150.0,108150.0,230392.02
2025-10-22 02:00:00,108301.1,108648.3,108150.0,108150.0,230392.02
2025-10-22 02:00:00,108301.1,108648.3,108150.0,108150.0,230392.02
2025-10-22 02:00:00,108301.1,108648.3,108150.0,108150.0,230392.02
2025-10-22 02:00:00,108301.1,108648.3,108150.0,108150.0,230392.02
2025-10-22 02:00:00,108301.1,108648.3,108150.0,108150.0,230392.02
2025-10-22 02:00:00,108301.1,108648.3,108150.0,108150.0,230392.02
2025-10-22 02:00:00,108301.1,108648.3,108150.0,108150.0,230392.02
2025-10-22 02:00:00,108301.1,108648.3,108150.0,108150.0,230392.02
2025-10-22 02:00:00,108301.1,108648.3,108150.0,108150.0,230392.02
2025-10-22 02:00:00,108301.1,108648.3,108150.0,108150.0,230392.02
2025-10-22 02:00:00,108301.1,108648.3,108150.0,108150.0,230392.02
2025-10-22 02:00:00,108301.1,108648.3,108150.0,108150.0,230392.02
2025-10-22 02:00:00,108301.1,108648.3,108150.0,108150.0,230392.02
2025-10-22 03:00:00,108150.0,108204.6,107792.2,108154.0,278396.4
2025-10-22 03:00:00,108150.0,108204.6,107792.2,108154.0,278396.4
2025-10-22 03:00:00,108150.0,108204.6,107792.2,108154.0,278396.4
2025-10-22 03:00:00,108150.0,108204.6,107792.2,108154.0,278396.4
2025-10-22 03:00:00,108150.0,108204.6,107792.2,108154.0,278396.4
2025-10-22 03:00:00,108150.0,108204.6,107792.2,108154.0,278396.4
2025-10-22 03:00:00,108150.0,108204.6,107792.2,108154.0,278396.4
2025-10-22 03:00:00,108150.0,108204.6,107792.2,108154.0,278396.4
2025-10-22 03:00:00,108150.0,108204.6,107792.2,108154.0,278396.4
2025-10-22 03:00:00,108150.0,108204.6,107792.2,108154.0,278396.4
2025-10-22 03:00:00,108150.0,108204.6,107792.2,108154.0,278396.4
2025-10-22 03:00:00,108150.0,108204.6,107792.2,108154.0,278396.4
2025-10-22 03:00:00,108150.0,108204.6,107792.2,108154.0,278396.4
2025-10-22 03:00:00,108150.0,108204.6,107792.2,108154.0,278396.4
2025-10-22 03:00:00,108150.0,108204.6,107792.2,108154.0,278396.4
2025-10-22 04:00:00,108153.9,108566.3,108091.9,108551.2,241800.96
2025-10-22 04:00:00,108153.9,108566.3,108091.9,108551.2,241800.96
2025-10-22 04:00:00,108153.9,108566.3,108091.9,108551.2,241800.96
2025-10-22 04:00:00,108153.9,108566.3,108091.9,108551.2,241800.96
2025-10-22 04:00:00,108153.9,108566.3,108091.9,108551.2,241800.96
2025-10-22 04:00:00,108153.9,108566.3,108091.9,108551.2,241800.96
2025-10-22 04:00:00,108153.9,108566.3,108091.9,108551.2,241800.96
2025-10-22 04:00:00,108153.9,108566.3,108091.9,108551.2,241800.96
2025-10-22 04:00:00,108153.9,108566.3,108091.9,108551.2,241800.96
2025-10-22 04:00:00,108153.9,108566.3,108091.9,108551.2,241800.96
2025-10-22 04:00:00,108153.9,108566.3,108091.9,108551.2,241800.96
2025-10-22 04:00:00,108153.9,108566.3,108091.9,108551.2,241800.96
2025-10-22 04:00:00,108153.9,108566.3,108091.9,108551.2,241800.96
2025-10-22 04:00:00,108153.9,108566.3,108091.9,108551.2,241800.96
2025-10-22 04:00:00,108153.9,108566.3,108091.9,108551.2,241800.96
2025-10-22 05:00:00,108551.1,108576.8,107830.2,108114.5,277470.83
2025-10-22 05:00:00,108551.1,108576.8,107830.2,108114.5,277470.83
2025-10-22 05:00:00,108551.1,108576.8,107830.2,108114.5,277470.83
2025-10-22 05:00:00,108551.1,108576.8,107830.2,108114.5,277470.83
2025-10-22 05:00:00,108551.1,108576.8,107830.2,108114.5,277470.83
2025-10-22 05:00:00,108551.1,108576.8,107830.2,108114.5,277470.83
2025-10-22 05:00:00,108551.1,108576.8,107830.2,108114.5,277470.83
2025-10-22 05:00:00,108551.1,108576.8,107830.2,108114.5,277470.83
2025-10-22 05:00:00,108551.1,108576.8,107830.2,108114.5,277470.83
2025-10-22 05:00:00,108551.1,108576.8,107830.2,108114.5,277470.83
2025-10-22 05:00:00,108551.1,108576.8,107830.2,108114.5,277470.83
2025-10-22 05:00:00,108551.1,108576.8,107830.2,108114.5,277470.83
2025-10-22 05:00:00,108551.1,108576.8,107830.2,108114.5,277470.83
2025-10-22 05:00:00,108551.1,108576.8,107830.2,108114.5,277470.83
2025-10-22 05:00:00,108551.1,108576.8,107830.2,108114.5,277470.83
2025-10-22 06:00:00,108114.5,108292.8,107885.6,107930.0,198781.14
2025-10-22 06:00:00,108114.5,108292.8,107885.6,107930.0,198781.14
2025-10-22 06:00:00,108114.5,108292.8,107885.6,107930.0,198781.14
2025-10-22 06:00:00,108114.5,108292.8,107885.6,107930.0,198781.14
2025-10-22 06:00:00,108114.5,108292.8,107885.6,107930.0,198781.14
2025-10-22 06:00:00,108114.5,108292.8,107885.6,107930.0,198781.14
2025-10-22 06:00:00,108114.5,108292.8,107885.6,107930.0,198781.14
2025-10-22 06:00:00,108114.5,108292.8,107885.6,107930.0,198781.14
2025-10-22 06:00:00,108114.5,108292.8,107885.6,107930.0,198781.14
2025-10-22 06:00:00,108114.5,108292.8,107885.6,107930.0,198781.14
2025-10-22 06:00:00,108114.5,108292.8,107885.6,107930.0,198781.14
2025-10-22 06:00:00,108114.5,108292.8,107885.6,107930.0,198781.14
2025-10-22 06:00:00,108114.5,108292.8,107885.6,107930.0,198781.14
2025-10-22 06:00:00,108114.5,108292.8,107885.6,107930.0,198781.14
2025-10-22 06:00:00,108114.5,108292.8,107885.6,107930.0,198781.14
2025-10-22 07:00:00,107930.0,108277.9,107551.3,108277.8,350105.98
2025-10-22 07:00:00,107930.0,108277.9,107551.3,108277.8,350105.98
2025-10-22 07:00:00,107930.0,108277.9,107551.3,108277.8,350105.98
2025-10-22 07:00:00,107930.0,108277.9,107551.3,108277.8,350105.98
2025-10-22 07:00:00,107930.0,108277.9,107551.3,108277.8,350105.98
2025-10-22 07:00:00,107930.0,108277.9,107551.3,108277.8,350105.98
2025-10-22 07:00:00,107930.0,108277.9,107551.3,108277.8,350105.98
2025-10-22 07:00:00,107930.0,108277.9,107551.3,108277.8,350105.98
2025-10-22 07:00:00,107930.0,108277.9,107551.3,108277.8,350105.98
2025-10-22 07:00:00,107930.0,108277.9,107551.3,108277.8,350105.98
2025-10-22 07:00:00,107930.0,108277.9,107551.3,108277.8,350105.98
2025-10-22 07:00:00,107930.0,108277.9,107551.3,108277.8,350105.98
2025-10-22 07:00:00,107930.0,108277.9,107551.3,108277.8,350105.98
2025-10-22 07:00:00,107930.0,108277.9,107551.3,108277.8,350105.98
2025-10-22 07:00:00,107930.0,108277.9,107551.3,108277.8,350105.98
2025-10-22 08:00:00,108277.8,108303.3,108029.9,108161.0,169159.24
2025-10-22 08:00:00,108277.8,108303.3,108029.9,108161.0,169159.24
2025-10-22 08:00:00,108277.8,108303.3,108029.9,108161.0,169159.24
2025-10-22 08:00:00,108277.8,108303.3,108029.9,108161.0,169159.24
2025-10-22 08:00:00,108277.8,108303.3,108029.9,108161.0,169159.24
2025-10-22 08:00:00,108277.8,108303.3,108029.9,108161.0,169159.24
2025-10-22 08:00:00,108277.8,108303.3,108029.9,108161.0,169159.24
2025-10-22 08:00:00,108277.8,108303.3,108029.9,108161.0,169159.24
2025-10-22 08:00:00,108277.8,108303.3,108029.9,108161.0,169159.24
2025-10-22 08:00:00,108277.8,108303.3,108029.9,108161.0,169159.24
2025-10-22 08:00:00,108277.8,108303.3,108029.9,108161.0,169159.24
2025-10-22 08:00:00,108277.8,108303.3,108029.9,108161.0,169159.24
2025-10-22 08:00:00,108277.8,108303.3,108029.9,108161.0,169159.24
2025-10-22 08:00:00,108277.8,108303.3,108029.9,108161.0,169159.24
2025-10-22 08:00:00,108277.8,108303.3,108029.9,108161.0,169159.24
2025-10-22 09:00:00,108161.0,108228.1,107712.6,107900.5,214630.58
2025-10-22 09:00:00,108161.0,108228.1,107712.6,107900.5,214630.58
2025-10-22 09:00:00,108161.0,108228.1,107712.6,107900.5,214630.58
2025-10-22 09:00:00,108161.0,108228.1,107712.6,107900.5,214630.58
2025-10-22 09:00:00,108161.0,108228.1,107712.6,107900.5,214630.58
2025-10-22 09:00:00,108161.0,108228.1,107712.6,107900.5,214630.58
2025-10-22 09:00:00,108161.0,108228.1,107712.6,107900.5,214630.58
2025-10-22 09:00:00,108161.0,108228.1,107712.6,107900.5,214630.58
2025-10-22 09:00:00,108161.0,108228.1,107712.6,107900.5,214630.58
2025-10-22 09:00:00,108161.0,108228.1,107712.6,107900.5,214630.58
2025-10-22 09:00:00,108161.0,108228.1,107712.6,107900.5,214630.58
2025-10-22 09:00:00,108161.0,108228.1,107712.6,107900.5,214630.58
2025-10-22 09:00:00,108161.0,108228.1,107712.6,107900.5,214630.58
2025-10-22 09:00:00,108161.0,108228.1,107712.6,107900.5,214630.58
2025-10-22 09:00:00,108161.0,108228.1,107712.6,107900.5,214630.58
2025-10-22 10:00:00,107900.5,108061.0,107580.2,107603.9,164340.74
2025-10-22 10:00:00,107900.5,108061.0,107580.2,107603.9,164340.74
2025-10-22 10:00:00,107900.5,108061.0,107580.2,107603.9,164340.74
2025-10-22 10:00:00,107900.5,108061.0,107580.2,107603.9,164340.74
2025-10-22 10:00:00,107900.5,108061.0,107580.2,107603.9,164340.74
2025-10-22 10:00:00,107900.5,108061.0,107580.2,107603.9,164340.74
2025-10-22 10:00:00,107900.5,108061.0,107580.2,107603.9,164340.74
2025-10-22 10:00:00,107900.5,108061.0,107580.2,107603.9,164340.74
2025-10-22 10:00:00,107900.5,108061.0,107580.2,107603.9,164340.74
2025-10-22 10:00:00,107900.5,108061.0,107580.2,107603.9,164340.74
2025-10-22 10:00:00,107900.5,108061.0,107580.2,107603.9,164340.74
2025-10-22 10:00:00,107900.5,108061.0,107580.2,107603.9,164340.74
2025-10-22 10:00:00,107900.5,108061.0,107580.2,107603.9,164340.74
2025-10-22 10:00:00,107900.5,108061.0,107580.2,107603.9,164340.74
2025-10-22 10:00:00,107900.5,108061.0,107580.2,107603.9,164340.74
2025-10-22 11:00:00,107604.9,108169.1,106600.0,107500.1,995655.29
2025-10-22 11:00:00,107604.9,108169.1,106600.0,107500.1,995655.29
2025-10-22 11:00:00,107604.9,108169.1,106600.0,107500.1,995655.29
2025-10-22 11:00:00,107604.9,108169.1,106600.0,107500.1,995655.29
2025-10-22 11:00:00,107604.9,108169.1,106600.0,107500.1,995655.29
2025-10-22 11:00:00,107604.9,108169.1,106600.0,107500.1,995655.29
2025-10-22 11:00:00,107604.9,108169.1,106600.0,107500.1,995655.29
2025-10-22 11:00:00,107604.9,108169.1,106600.0,107500.1,995655.29
2025-10-22 11:00:00,107604.9,108169.1,106600.0,107500.1,995655.29
2025-10-22 11:00:00,107604.9,108169.1,106600.0,107500.1,995655.29
2025-10-22 11:00:00,107604.9,108169.1,106600.0,107500.1,995655.29
2025-10-22 11:00:00,107604.9,108169.1,106600.0,107500.1,995655.29
2025-10-22 11:00:00,107604.9,108169.1,106600.0,107500.1,995655.29
2025-10-22 11:00:00,107604.9,108169.1,106600.0,107500.1,995655.29
2025-10-22 11:00:00,107604.9,108169.1,106600.0,107500.1,995655.29
2025-10-22 12:00:00,107500.0,108350.0,107387.5,107981.2,341544.13
2025-10-22 12:00:00,107500.0,108350.0,107387.5,107981.2,341544.13
2025-10-22 12:00:00,107500.0,108350.0,107387.5,107981.2,341544.13
2025-10-22 12:00:00,107500.0,108350.0,107387.5,107981.2,341544.13
2025-10-22 12:00:00,107500.0,108350.0,107387.5,107981.2,341544.13
2025-10-22 12:00:00,107500.0,108350.0,107387.5,107981.2,341544.13
2025-10-22 12:00:00,107500.0,108350.0,107387.5,107981.2,341544.13
2025-10-22 12:00:00,107500.0,108350.0,107387.5,107981.2,341544.13
2025-10-22 12:00:00,107500.0,108350.0,107387.5,107981.2,341544.13
2025-10-22 12:00:00,107500.0,108350.0,107387.5,107981.2,341544.13
2025-10-22 12:00:00,107500.0,108350.0,107387.5,107981.2,341544.13
2025-10-22 12:00:00,107500.0,108350.0,107387.5,107981.2,341544.13
2025-10-22 12:00:00,107500.0,108350.0,107387.5,107981.2,341544.13
2025-10-22 12:00:00,107500.0,108350.0,107387.5,107981.2,341544.13
2025-10-22 12:00:00,107500.0,108350.0,107387.5,107981.2,341544.13
2025-10-22 13:00:00,107981.2,109000.0,107550.6,108721.0,740698.91
2025-10-22 13:00:00,107981.2,109000.0,107550.6,108721.0,740698.91
2025-10-22 13:00:00,107981.2,109000.0,107550.6,108721.0,740698.91
2025-10-22 13:00:00,107981.2,109000.0,107550.6,108721.0,740698.91
2025-10-22 13:00:00,107981.2,109000.0,107550.6,108721.0,740698.91
2025-10-22 13:00:00,107981.2,109000.0,107550.6,108721.0,740698.91
2025-10-22 13:00:00,107981.2,109000.0,107550.6,108721.0,740698.91
2025-10-22 13:00:00,107981.2,109000.0,107550.6,108721.0,740698.91
2025-10-22 13:00:00,107981.2,109000.0,107550.6,108721.0,740698.91
2025-10-22 13:00:00,107981.2,109000.0,107550.6,108721.0,740698.91
2025-10-22 13:00:00,107981.2,109000.0,107550.6,108721.0,740698.91
2025-10-22 13:00:00,107981.2,109000.0,107550.6,108721.0,740698.91
2025-10-22 13:00:00,107981.2,109000.0,107550.6,108721.0,740698.91
2025-10-22 13:00:00,107981.2,109000.0,107550.6,108721.0,740698.91
2025-10-22 13:00:00,107981.2,109000.0,107550.6,108721.0,740698.91
2025-10-22 14:00:00,108720.9,108971.0,107397.3,108900.3,1174263.6
2025-10-22 14:00:00,108720.9,108971.0,107397.3,108900.3,1174263.6
2025-10-22 14:00:00,108720.9,108971.0,107397.3,108900.3,1174263.6
2025-10-22 14:00:00,108720.9,108971.0,107397.3,108900.3,1174263.6
2025-10-22 14:00:00,108720.9,108971.0,107397.3,108900.3,1174263.6
2025-10-22 14:00:00,108720.9,108971.0,107397.3,108900.3,1174263.6
2025-10-22 14:00:00,108720.9,108971.0,107397.3,108900.3,1174263.6
2025-10-22 14:00:00,108720.9,108971.0,107397.3,108900.3,1174263.6
2025-10-22 14:00:00,108720.9,108971.0,107397.3,108900.3,1174263.6
2025-10-22 14:00:00,108720.9,108971.0,107397.3,108900.3,1174263.6
2025-10-22 14:00:00,108720.9,108971.0,107397.3,108900.3,1174263.6
2025-10-22 14:00:00,108720.9,108971.0,107397.3,108900.3,1174263.6
2025-10-22 14:00:00,108720.9,108971.0,107397.3,108900.3,1174263.6
2025-10-22 14:00:00,108720.9,108971.0,107397.3,108900.3,1174263.6
2025-10-22 14:00:00,108720.9,108971.0,107397.3,108900.3,1174263.6
2025-10-22 15:00:00,108900.2,109144.0,107688.0,108364.9,745816.54
2025-10-22 15:00:00,108900.2,109144.0,107688.0,108364.9,745816.54
2025-10-22 15:00:00,108900.2,109144.0,107688.0,108364.9,745816.54
2025-10-22 15:00:00,108900.2,109144.0,107688.0,108364.9,745816.54
2025-10-22 15:00:00,108900.2,109144.0,107688.0,108364.9,745816.54
2025-10-22 15:00:00,108900.2,109144.0,107688.0,108364.9,745816.54
2025-10-22 15:00:00,108900.2,109144.0,107688.0,108364.9,745816.54
2025-10-22 15:00:00,108900.2,109144.0,107688.0,108364.9,745816.54
2025-10-22 15:00:00,108900.2,109144.0,107688.0,108364.9,745816.54
2025-10-22 15:00:00,108900.2,109144.0,107688.0,108364.9,745816.54
2025-10-22 15:00:00,108900.2,109144.0,107688.0,108364.9,745816.54
2025-10-22 15:00:00,108900.2,109144.0,107688.0,108364.9,745816.54
2025-10-22 15:00:00,108900.2,109144.0,107688.0,108364.9,745816.54
2025-10-22 15:00:00,108900.2,109144.0,107688.0,108364.9,745816.54
2025-10-22 15:00:00,108900.2,109144.0,107688.0,108364.9,745816.54
2025-10-22 16:00:00,108364.9,108766.0,107800.2,108171.7,570726.63
2025-10-22 16:00:00,108364.9,108766.0,107800.2,108171.7,570726.63
2025-10-22 16:00:00,108364.9,108766.0,107800.2,108171.7,570726.63
2025-10-22 16:00:00,108364.9,108766.0,107800.2,108171.7,570726.63
2025-10-22 16:00:00,108364.9,108766.0,107800.2,108171.7,570726.63
2025-10-22 16:00:00,108364.9,108766.0,107800.2,108171.7,570726.63
2025-10-22 16:00:00,108364.9,108766.0,107800.2,108171.7,570726.63
2025-10-22 16:00:00,108364.9,108766.0,107800.2,108171.7,570726.63
2025-10-22 16:00:00,108364.9,108766.0,107800.2,108171.7,570726.63
2025-10-22 16:00:00,108364.9,108766.0,107800.2,108171.7,570726.63
2025-10-22 16:00:00,108364.9,108766.0,107800.2,108171.7,570726.63
2025-10-22 16:00:00,108364.9,108766.0,107800.2,108171.7,570726.63
2025-10-22 16:00:00,108364.9,108766.0,107800.2,108171.7,570726.63
2025-10-22 16:00:00,108364.9,108766.0,107800.2,108171.7,570726.63
2025-10-22 16:00:00,108364.9,108766.0,107800.2,108171.7,570726.63
2025-10-22 17:00:00,108171.7,108292.8,107518.6,107741.7,296043.46
2025-10-22 17:00:00,108171.7,108292.8,107518.6,107741.7,296043.46
2025-10-22 17:00:00,108171.7,108292.8,107518.6,107741.7,296043.46
2025-10-22 17:00:00,108171.7,108292.8,107518.6,107741.7,296043.46
2025-10-22 17:00:00,108171.7,108292.8,107518.6,107741.7,296043.46
2025-10-22 17:00:00,108171.7,108292.8,107518.6,107741.7,296043.46
2025-10-22 17:00:00,108171.7,108292.8,107518.6,107741.7,296043.46
2025-10-22 17:00:00,108171.7,108292.8,107518.6,107741.7,296043.46
2025-10-22 17:00:00,108171.7,108292.8,107518.6,107741.7,296043.46
2025-10-22 17:00:00,108171.7,108292.8,107518.6,107741.7,296043.46
2025-10-22 17:00:00,108171.7,108292.8,107518.6,107741.7,296043.46
2025-10-22 17:00:00,108171.7,108292.8,107518.6,107741.7,296043.46
2025-10-22 17:00:00,108171.7,108292.8,107518.6,107741.7,296043.46
2025-10-22 17:00:00,108171.7,108292.8,107518.6,107741.7,296043.46
2025-10-22 17:00:00,108171.7,108292.8,107518.6,107741.7,296043.46
2025-10-22 18:00:00,107741.6,108173.5,107411.0,107984.5,246003.85
2025-10-22 18:00:00,107741.6,108173.5,107411.0,107984.5,246003.85
2025-10-22 18:00:00,107741.6,108173.5,107411.0,107984.5,246003.85
2025-10-22 18:00:00,107741.6,108173.5,107411.0,107984.5,246003.85
2025-10-22 18:00:00,107741.6,108173.5,107411.0,107984.5,246003.85
2025-10-22 18:00:00,107741.6,108173.5,107411.0,107984.5,246003.85
2025-10-22 18:00:00,107741.6,108173.5,107411.0,107984.5,246003.85
2025-10-22 18:00:00,107741.6,108173.5,107411.0,107984.5,246003.85
2025-10-22 18:00:00,107741.6,108173.5,107411.0,107984.5,246003.85
2025-10-22 18:00:00,107741.6,108173.5,107411.0,107984.5,246003.85
2025-10-22 18:00:00,107741.6,108173.5,107411.0,107984.5,246003.85
2025-10-22 18:00:00,107741.6,108173.5,107411.0,107984.5,246003.85
2025-10-22 18:00:00,107741.6,108173.5,107411.0,107984.5,246003.85
2025-10-22 18:00:00,107741.6,108173.5,107411.0,107984.5,246003.85
2025-10-22 18:00:00,107741.6,108173.5,107411.0,107984.5,246003.85
2025-10-22 19:00:00,107984.5,108385.8,107624.6,107820.3,253394.6
2025-10-22 19:00:00,107984.5,108385.8,107624.6,107820.3,253394.6
2025-10-22 19:00:00,107984.5,108385.8,107624.6,107820.3,253394.6
2025-10-22 19:00:00,107984.5,108385.8,107624.6,107820.3,253394.6
2025-10-22 19:00:00,107984.5,108385.8,107624.6,107820.3,253394.6
2025-10-22 19:00:00,107984.5,108385.8,107624.6,107820.3,253394.6
2025-10-22 19:00:00,107984.5,108385.8,107624.6,107820.3,253394.6
2025-10-22 19:00:00,107984.5,108385.8,107624.6,107820.3,253394.6
2025-10-22 19:00:00,107984.5,108385.8,107624.6,107820.3,253394.6
2025-10-22 19:00:00,107984.5,108385.8,107624.6,107820.3,253394.6
2025-10-22 19:00:00,107984.5,108385.8,107624.6,107820.3,253394.6
2025-10-22 19:00:00,107984.5,108385.8,107624.6,107820.3,253394.6
2025-10-22 19:00:00,107984.5,108385.8,107624.6,107820.3,253394.6
2025-10-22 19:00:00,107984.5,108385.8,107624.6,107820.3,253394.6
2025-10-22 19:00:00,107984.5,108385.8,107624.6,107820.3,253394.6
2025-10-22 20:00:00,107820.1,108023.3,107444.0,107644.4,165416.87
2025-10-22 20:00:00,107820.1,108023.3,107444.0,107644.4,165416.87
2025-10-22 20:00:00,107820.1,108023.3,107444.0,107644.4,165416.87
2025-10-22 20:00:00,107820.1,108023.3,107444.0,107644.4,165416.87
2025-10-22 20:00:00,107820.1,108023.3,107444.0,107644.4,165416.87
2025-10-22 20:00:00,107820.1,108023.3,107444.0,107644.4,165416.87
2025-10-22 20:00:00,107820.1,108023.3,107444.0,107644.4,165416.87
2025-10-22 20:00:00,107820.1,108023.3,107444.0,107644.4,165416.87
2025-10-22 20:00:00,107820.1,108023.3,107444.0,107644.4,165416.87
2025-10-22 20:00:00,107820.1,108023.3,107444.0,107644.4,165416.87
2025-10-22 20:00:00,107820.1,108023.3,107444.0,107644.4,165416.87
2025-10-22 20:00:00,107820.1,108023.3,107444.0,107644.4,165416.87
2025-10-22 20:00:00,107820.1,108023.3,107444.0,107644.4,165416.87
2025-10-22 20:00:00,107820.1,108023.3,107444.0,107644.4,165416.87
2025-10-22 20:00:00,107820.1,108023.3,107444.0,107644.4,165416.87
2025-10-22 21:00:00,107644.9,107706.6,106606.3,107164.5,549395.18
2025-10-22 21:00:00,107644.9,107706.6,106606.3,107164.5,549395.18
2025-10-22 21:00:00,107644.9,107706.6,106606.3,107164.5,549395.18
2025-10-22 21:00:00,107644.9,107706.6,106606.3,107164.5,549395.18
2025-10-22 21:00:00,107644.9,107706.6,106606.3,107164.5,549395.18
2025-10-22 21:00:00,107644.9,107706.6,106606.3,107164.5,549395.18
2025-10-22 21:00:00,107644.9,107706.6,106606.3,107164.5,549395.18
2025-10-22 21:00:00,107644.9,107706.6,106606.3,107164.5,549395.18
2025-10-22 21:00:00,107644.9,107706.6,106606.3,107164.5,549395.18
2025-10-22 21:00:00,107644.9,107706.6,106606.3,107164.5,549395.18
2025-10-22 21:00:00,107644.9,107706.6,106606.3,107164.5,549395.18
2025-10-22 21:00:00,107644.9,107706.6,106606.3,107164.5,549395.18
2025-10-22 21:00:00,107644.9,107706.6,106606.3,107164.5,549395.18
2025-10-22 21:00:00,107644.9,107706.6,106606.3,107164.5,549395.18
2025-10-22 21:00:00,107644.9,107706.6,106606.3,107164.5,549395.18
2025-10-22 22:00:00,107164.5,107640.0,106861.3,107151.4,238203.96
2025-10-22 22:00:00,107164.5,107640.0,106861.3,107151.4,238203.96
2025-10-22 22:00:00,107164.5,107640.0,106861.3,107151.4,238203.96
2025-10-22 22:00:00,107164.5,107640.0,106861.3,107151.4,238203.96
2025-10-22 22:00:00,107164.5,107640.0,106861.3,107151.4,238203.96
2025-10-22 22:00:00,107164.5,107640.0,106861.3,107151.4,238203.96
2025-10-22 22:00:00,107164.5,107640.0,106861.3,107151.4,238203.96
2025-10-22 22:00:00,107164.5,107640.0,106861.3,107151.4,238203.96
2025-10-22 22:00:00,107164.5,107640.0,106861.3,107151.4,238203.96
2025-10-22 22:00:00,107164.5,107640.0,106861.3,107151.4,238203.96
2025-10-22 22:00:00,107164.5,107640.0,106861.3,107151.4,238203.96
2025-10-22 22:00:00,107164.5,107640.0,106861.3,107151.4,238203.96
2025-10-22 22:00:00,107164.5,107640.0,106861.3,107151.4,238203.96
2025-10-22 22:00:00,107164.5,107640.0,106861.3,107151.4,238203.96
2025-10-22 22:00:00,107164.5,107640.0,106861.3,107151.4,238203.96
2025-10-22 23:00:00,107151.5,107920.0,107122.6,107530.5,228219.98
2025-10-22 23:00:00,107151.5,107920.0,107122.6,107530.5,228219.98
2025-10-22 23:00:00,107151.5,107920.0,107122.6,107530.5,228219.98
2025-10-22 23:00:00,107151.5,107920.0,107122.6,107530.5,228219.98
2025-10-22 23:00:00,107151.5,107920.0,107122.6,107530.5,228219.98
2025-10-22 23:00:00,107151.5,107920.0,107122.6,107530.5,228219.98
2025-10-22 23:00:00,107151.5,107920.0,107122.6,107530.5,228219.98
2025-10-22 23:00:00,107151.5,107920.0,107122.6,107530.5,228219.98
2025-10-22 23:00:00,107151.5,107920.0,107122.6,107530.5,228219.98
2025-10-22 23:00:00,107151.5,107920.0,107122.6,107530.5,228219.98
2025-10-22 23:00:00,107151.5,107920.0,107122.6,107530.5,228219.98
2025-10-22 23:00:00,107151.5,107920.0,107122.6,107530.5,228219.98
2025-10-22 23:00:00,107151.5,107920.0,107122.6,107530.5,228219.98
2025-10-22 23:00:00,107151.5,107920.0,107122.6,107530.5,228219.98
2025-10-22 23:00:00,107151.5,107920.0,107122.6,107530.5,228219.98
2025-10-23 00:00:00,107530.5,107955.2,107456.0,107814.1,122279.71
2025-10-23 00:00:00,107530.5,107955.2,107456.0,107814.1,122279.71
2025-10-23 00:00:00,107530.5,107955.2,107456.0,107814.1,122279.71
2025-10-23 00:00:00,107530.5,107955.2,107456.0,107814.1,122279.71
2025-10-23 00:00:00,107530.5,107955.2,107456.0,107814.1,122279.71
2025-10-23 00:00:00,107530.5,107955.2,107456.0,107814.1,122279.71
2025-10-23 00:00:00,107530.5,107955.2,107456.0,107814.1,122279.71
2025-10-23 00:00:00,107530.5,107955.2,107456.0,107814.1,122279.71
2025-10-23 00:00:00,107530.5,107955.2,107456.0,107814.1,122279.71
2025-10-23 00:00:00,107530.5,107955.2,107456.0,107814.1,122279.71
2025-10-23 00:00:00,107530.5,107955.2,107456.0,107814.1,122279.71
2025-10-23 00:00:00,107530.5,107955.2,107456.0,107814.1,122279.71
2025-10-23 00:00:00,107530.5,107955.2,107456.0,107814.1,122279.71
2025-10-23 00:00:00,107530.5,107955.2,107456.0,107814.1,122279.71
2025-10-23 00:00:00,107530.5,107955.2,107456.0,107814.1,122279.71
2025-10-23 01:00:00,107814.1,108510.0,107749.0,108106.2,340754.3
2025-10-23 01:00:00,107814.1,108510.0,107749.0,108106.2,340754.3
2025-10-23 01:00:00,107814.1,108510.0,107749.0,108106.2,340754.3
2025-10-23 01:00:00,107814.1,108510.0,107749.0,108106.2,340754.3
2025-10-23 01:00:00,107814.1,108510.0,107749.0,108106.2,340754.3
2025-10-23 01:00:00,107814.1,108510.0,107749.0,108106.2,340754.3
2025-10-23 01:00:00,107814.1,108510.0,107749.0,108106.2,340754.3
2025-10-23 01:00:00,107814.1,108510.0,107749.0,108106.2,340754.3
2025-10-23 01:00:00,107814.1,108510.0,107749.0,108106.2,340754.3
2025-10-23 01:00:00,107814.1,108510.0,107749.0,108106.2,340754.3
2025-10-23 01:00:00,107814.1,108510.0,107749.0,108106.2,340754.3
2025-10-23 01:00:00,107814.1,108510.0,107749.0,108106.2,340754.3
2025-10-23 01:00:00,107814.1,108510.0,107749.0,108106.2,340754.3
2025-10-23 01:00:00,107814.1,108510.0,107749.0,108106.2,340754.3
2025-10-23 01:00:00,107814.1,108510.0,107749.0,108106.2,340754.3
2025-10-23 02:00:00,108106.1,108386.0,107999.9,108374.0,137300.66
2025-10-23 02:00:00,108106.1,108386.0,107999.9,108374.0,137300.66
2025-10-23 02:00:00,108106.1,108386.0,107999.9,108374.0,137300.66
2025-10-23 02:00:00,108106.1,108386.0,107999.9,108374.0,137300.66
2025-10-23 02:00:00,108106.1,108386.0,107999.9,108374.0,137300.66
2025-10-23 02:00:00,108106.1,108386.0,107999.9,108374.0,137300.66
2025-10-23 02:00:00,108106.1,108386.0,107999.9,108374.0,137300.66
2025-10-23 02:00:00,108106.1,108386.0,107999.9,108374.0,137300.66
2025-10-23 02:00:00,108106.1,108386.0,107999.9,108374.0,137300.66
2025-10-23 02:00:00,108106.1,108386.0,107999.9,108374.0,137300.66
2025-10-23 02:00:00,108106.1,108386.0,107999.9,108374.0,137300.66
2025-10-23 02:00:00,108106.1,108386.0,107999.9,108374.0,137300.66
2025-10-23 02:00:00,108106.1,108386.0,107999.9,108374.0,137300.66
2025-10-23 02:00:00,108106.1,108386.0,107999.9,108374.0,137300.66
2025-10-23 02:00:00,108106.1,108386.0,107999.9,108374.0,137300.66
2025-10-23 03:00:00,108373.9,108670.7,108267.0,108309.9,210327.37
2025-10-23 03:00:00,108373.9,108670.7,108267.0,108309.9,210327.37
2025-10-23 03:00:00,108373.9,108670.7,108267.0,108309.9,210327.37
2025-10-23 03:00:00,108373.9,108670.7,108267.0,108309.9,210327.37
2025-10-23 03:00:00,108373.9,108670.7,108267.0,108309.9,210327.37
2025-10-23 03:00:00,108373.9,108670.7,108267.0,108309.9,210327.37
2025-10-23 03:00:00,108373.9,108670.7,108267.0,108309.9,210327.37
2025-10-23 03:00:00,108373.9,108670.7,108267.0,108309.9,210327.37
2025-10-23 03:00:00,108373.9,108670.7,108267.0,108309.9,210327.37
2025-10-23 03:00:00,108373.9,108670.7,108267.0,108309.9,210327.37
2025-10-23 03:00:00,108373.9,108670.7,108267.0,108309.9,210327.37
2025-10-23 03:00:00,108373.9,108670.7,108267.0,108309.9,210327.37
2025-10-23 03:00:00,108373.9,108670.7,108267.0,108309.9,210327.37
2025-10-23 03:00:00,108373.9,108670.7,108267.0,108309.9,210327.37
2025-10-23 03:00:00,108373.9,108670.7,108267.0,108309.9,210327.37
2025-10-23 04:00:00,108310.0,108881.0,108298.3,108593.3,170249.93
2025-10-23 04:00:00,108310.0,108881.0,108298.3,108593.3,170249.93
2025-10-23 04:00:00,108310.0,108881.0,108298.3,108593.3,170249.93
2025-10-23 04:00:00,108310.0,108881.0,108298.3,108593.3,170249.93
2025-10-23 04:00:00,108310.0,108881.0,108298.3,108593.3,170249.93
2025-10-23 04:00:00,108310.0,108881.0,108298.3,108593.3,170249.93
2025-10-23 04:00:00,108310.0,108881.0,108298.3,108593.3,170249.93
2025-10-23 04:00:00,108310.0,108881.0,108298.3,108593.3,170249.93
2025-10-23 04:00:00,108310.0,108881.0,108298.3,108593.3,170249.93
2025-10-23 04:00:00,108310.0,108881.0,108298.3,108593.3,170249.93
2025-10-23 04:00:00,108310.0,108881.0,108298.3,108593.3,170249.93
2025-10-23 04:00:00,108310.0,108881.0,108298.3,108593.3,170249.93
2025-10-23 04:00:00,108310.0,108881.0,108298.3,108593.3,170249.93
2025-10-23 04:00:00,108310.0,108881.0,108298.3,108593.3,170249.93
2025-10-23 04:00:00,108310.0,108881.0,108298.3,108593.3,170249.93
2025-10-23 05:00:00,108593.3,108940.9,108567.0,108900.0,128497.05
2025-10-23 05:00:00,108593.3,108940.9,108567.0,108900.0,128497.05
2025-10-23 05:00:00,108593.3,108940.9,108567.0,108900.0,128497.05
2025-10-23 05:00:00,108593.3,108940.9,108567.0,108900.0,128497.05
2025-10-23 05:00:00,108593.3,108940.9,108567.0,108900.0,128497.05
2025-10-23 05:00:00,108593.3,108940.9,108567.0,108900.0,128497.05
2025-10-23 05:00:00,108593.3,108940.9,108567.0,108900.0,128497.05
2025-10-23 05:00:00,108593.3,108940.9,108567.0,108900.0,128497.05
2025-10-23 05:00:00,108593.3,108940.9,108567.0,108900.0,128497.05
2025-10-23 05:00:00,108593.3,108940.9,108567.0,108900.0,128497.05
2025-10-23 05:00:00,108593.3,108940.9,108567.0,108900.0,128497.05
2025-10-23 05:00:00,108593.3,108940.9,108567.0,108900.0,128497.05
2025-10-23 05:00:00,108593.3,108940.9,108567.0,108900.0,128497.05
2025-10-23 05:00:00,108593.3,108940.9,108567.0,108900.0,128497.05
2025-10-23 05:00:00,108593.3,108940.9,108567.0,108900.0,128497.05
2025-10-23 06:00:00,108900.0,110271.1,108807.0,110181.7,711313.04
2025-10-23 06:00:00,108900.0,110271.1,108807.0,110181.7,711313.04
2025-10-23 06:00:00,108900.0,110271.1,108807.0,110181.7,711313.04
2025-10-23 06:00:00,108900.0,110271.1,108807.0,110181.7,711313.04
2025-10-23 06:00:00,108900.0,110271.1,108807.0,110181.7,711313.04
2025-10-23 06:00:00,108900.0,110271.1,108807.0,110181.7,711313.04
2025-10-23 06:00:00,108900.0,110271.1,108807.0,110181.7,711313.04
2025-10-23 06:00:00,108900.0,110271.1,108807.0,110181.7,711313.04
2025-10-23 06:00:00,108900.0,110271.1,108807.0,110181.7,711313.04
2025-10-23 06:00:00,108900.0,110271.1,108807.0,110181.7,711313.04
2025-10-23 06:00:00,108900.0,110271.1,108807.0,110181.7,711313.04
2025-10-23 06:00:00,108900.0,110271.1,108807.0,110181.7,711313.04
2025-10-23 06:00:00,108900.0,110271.1,108807.0,110181.7,711313.04
2025-10-23 06:00:00,108900.0,110271.1,108807.0,110181.7,711313.04
2025-10-23 06:00:00,108900.0,110271.1,108807.0,110181.7,711313.04
2025-10-23 07:00:00,110181.7,110230.3,109170.7,109230.0,383166.61
2025-10-23 07:00:00,110181.7,110230.3,109170.7,109230.0,383166.61
2025-10-23 07:00:00,110181.7,110230.3,109170.7,109230.0,383166.61
2025-10-23 07:00:00,110181.7,110230.3,109170.7,109230.0,383166.61
2025-10-23 07:00:00,110181.7,110230.3,109170.7,109230.0,383166.61
2025-10-23 07:00:00,110181.7,110230.3,109170.7,109230.0,383166.61
2025-10-23 07:00:00,110181.7,110230.3,109170.7,109230.0,383166.61
2025-10-23 07:00:00,110181.7,110230.3,109170.7,109230.0,383166.61
2025-10-23 07:00:00,110181.7,110230.3,109170.7,109230.0,383166.61
2025-10-23 07:00:00,110181.7,110230.3,109170.7,109230.0,383166.61
2025-10-23 07:00:00,110181.7,110230.3,109170.7,109230.0,383166.61
2025-10-23 07:00:00,110181.7,110230.3,109170.7,109230.0,383166.61
2025-10-23 07:00:00,110181.7,110230.3,109170.7,109230.0,383166.61
2025-10-23 07:00:00,110181.7,110230.3,109170.7,109230.0,383166.61
2025-10-23 07:00:00,110181.7,110230.3,109170.7,109230.0,383166.61
2025-10-23 08:00:00,109229.9,109865.3,109200.1,109462.0,280784.63
2025-10-23 08:00:00,109229.9,109865.3,109200.1,109462.0,280784.63
2025-10-23 08:00:00,109229.9,109865.3,109200.1,109462.0,280784.63
2025-10-23 08:00:00,109229.9,109865.3,109200.1,109462.0,280784.63
2025-10-23 08:00:00,109229.9,109865.3,109200.1,109462.0,280784.63
2025-10-23 08:00:00,109229.9,109865.3,109200.1,109462.0,280784.63
2025-10-23 08:00:00,109229.9,109865.3,109200.1,109462.0,280784.63
2025-10-23 08:00:00,109229.9,109865.3,109200.1,109462.0,280784.63
2025-10-23 08:00:00,109229.9,109865.3,109200.1,109462.0,280784.63
2025-10-23 08:00:00,109229.9,109865.3,109200.1,109462.0,280784.63
2025-10-23 08:00:00,109229.9,109865.3,109200.1,109462.0,280784.63
2025-10-23 08:00:00,109229.9,109865.3,109200.1,109462.0,280784.63
2025-10-23 08:00:00,109229.9,109865.3,109200.1,109462.0,280784.63
2025-10-23 08:00:00,109229.9,109865.3,109200.1,109462.0,280784.63
2025-10-23 08:00:00,109229.9,109865.3,109200.1,109462.0,280784.63
2025-10-23 09:00:00,109462.0,109500.0,109088.1,109394.3,179469.36
2025-10-23 09:00:00,109462.0,109500.0,109088.1,109394.3,179469.36
2025-10-23 09:00:00,109462.0,109500.0,109088.1,109394.3,179469.36
2025-10-23 09:00:00,109462.0,109500.0,109088.1,109394.3,179469.36
2025-10-23 09:00:00,109462.0,109500.0,109088.1,109394.3,179469.36
2025-10-23 09:00:00,109462.0,109500.0,109088.1,109394.3,179469.36
2025-10-23 09:00:00,109462.0,109500.0,109088.1,109394.3,179469.36
2025-10-23 09:00:00,109462.0,109500.0,109088.1,109394.3,179469.36
2025-10-23 09:00:00,109462.0,109500.0,109088.1,109394.3,179469.36
2025-10-23 09:00:00,109462.0,109500.0,109088.1,109394.3,179469.36
2025-10-23 09:00:00,109462.0,109500.0,109088.1,109394.3,179469.36
2025-10-23 09:00:00,109462.0,109500.0,109088.1,109394.3,179469.36
2025-10-23 09:00:00,109462.0,109500.0,109088.1,109394.3,179469.36
2025-10-23 09:00:00,109462.0,109500.0,109088.1,109394.3,179469.36
2025-10-23 09:00:00,109462.0,109500.0,109088.1,109394.3,179469.36
2025-10-23 10:00:00,109394.3,109668.5,109316.1,109383.9,125251.77
2025-10-23 10:00:00,109394.3,109668.5,109316.1,109383.9,125251.77
2025-10-23 10:00:00,109394.3,109668.5,109316.1,109383.9,125251.77
2025-10-23 10:00:00,109394.3,109668.5,109316.1,109383.9,125251.77
2025-10-23 10:00:00,109394.3,109668.5,109316.1,109383.9,125251.77
2025-10-23 10:00:00,109394.3,109668.5,109316.1,109383.9,125251.77
2025-10-23 10:00:00,109394.3,109668.5,109316.1,109383.9,125251.77
2025-10-23 10:00:00,109394.3,109668.5,109316.1,109383.9,125251.77
2025-10-23 10:00:00,109394.3,109668.5,109316.1,109383.9,125251.77
2025-10-23 10:00:00,109394.3,109668.5,109316.1,109383.9,125251.77
2025-10-23 10:00:00,109394.3,109668.5,109316.1,109383.9,125251.77
2025-10-23 10:00:00,109394.3,109668.5,109316.1,109383.9,125251.77
2025-10-23 10:00:00,109394.3,109668.5,109316.1,109383.9,125251.77
2025-10-23 10:00:00,109394.3,109668.5,109316.1,109383.9,125251.77
2025-10-23 10:00:00,109394.3,109668.5,109316.1,109383.9,125251.77
2025-10-23 11:00:00,109383.9,109612.0,109027.1,109221.0,192721.63
2025-10-23 11:00:00,109383.9,109612.0,109027.1,109221.0,192721.63
2025-10-23 11:00:00,109383.9,109612.0,109027.1,109221.0,192721.63
2025-10-23 11:00:00,109383.9,109612.0,109027.1,109221.0,192721.63
2025-10-23 11:00:00,109383.9,109612.0,109027.1,109221.0,192721.63
2025-10-23 11:00:00,109383.9,109612.0,109027.1,109221.0,192721.63
2025-10-23 11:00:00,109383.9,109612.0,109027.1,109221.0,192721.63
2025-10-23 11:00:00,109383.9,109612.0,109027.1,109221.0,192721.63
2025-10-23 11:00:00,109383.9,109612.0,109027.1,109221.0,192721.63
2025-10-23 11:00:00,109383.9,109612.0,109027.1,109221.0,192721.63
2025-10-23 11:00:00,109383.9,109612.0,109027.1,109221.0,192721.63
2025-10-23 11:00:00,109383.9,109612.0,109027.1,109221.0,192721.63
2025-10-23 11:00:00,109383.9,109612.0,109027.1,109221.0,192721.63
2025-10-23 11:00:00,109383.9,109612.0,109027.1,109221.0,192721.63
2025-10-23 11:00:00,109383.9,109612.0,109027.1,109221.0,192721.63
2025-10-23 12:00:00,109220.9,109220.9,108624.0,109127.8,330372.33
2025-10-23 12:00:00,109220.9,109220.9,108624.0,109127.8,330372.33
2025-10-23 12:00:00,109220.9,109220.9,108624.0,109127.8,330372.33
2025-10-23 12:00:00,109220.9,109220.9,108624.0,109127.8,330372.33
2025-10-23 12:00:00,109220.9,109220.9,108624.0,109127.8,330372.33
2025-10-23 12:00:00,109220.9,109220.9,108624.0,109127.8,330372.33
2025-10-23 12:00:00,109220.9,109220.9,108624.0,109127.8,330372.33
2025-10-23 12:00:00,109220.9,109220.9,108624.0,109127.8,330372.33
2025-10-23 12:00:00,109220.9,109220.9,108624.0,109127.8,330372.33
2025-10-23 12:00:00,109220.9,109220.9,108624.0,109127.8,330372.33
2025-10-23 12:00:00,109220.9,109220.9,108624.0,109127.8,330372.33
2025-10-23 12:00:00,109220.9,109220.9,108624.0,109127.8,330372.33
2025-10-23 12:00:00,109220.9,109220.9,108624.0,109127.8,330372.33
2025-10-23 12:00:00,109220.9,109220.9,108624.0,109127.8,330372.33
2025-10-23 12:00:00,109220.9,109220.9,108624.0,109127.8,330372.33
2025-10-23 13:00:00,109127.8,109585.0,108748.8,109453.0,341798.52
2025-10-23 13:00:00,109127.8,109585.0,108748.8,109453.0,341798.52
2025-10-23 13:00:00,109127.8,109585.0,108748.8,109453.0,341798.52
2025-10-23 13:00:00,109127.8,109585.0,108748.8,109453.0,341798.52
2025-10-23 13:00:00,109127.8,109585.0,108748.8,109453.0,341798.52
2025-10-23 13:00:00,109127.8,109585.0,108748.8,109453.0,341798.52
2025-10-23 13:00:00,109127.8,109585.0,108748.8,109453.0,341798.52
2025-10-23 13:00:00,109127.8,109585.0,108748.8,109453.0,341798.52
2025-10-23 13:00:00,109127.8,109585.0,108748.8,109453.0,341798.52
2025-10-23 13:00:00,109127.8,109585.0,108748.8,109453.0,341798.52
2025-10-23 13:00:00,109127.8,109585.0,108748.8,109453.0,341798.52
2025-10-23 13:00:00,109127.8,109585.0,108748.8,109453.0,341798.52
2025-10-23 13:00:00,109127.8,109585.0,108748.8,109453.0,341798.52
2025-10-23 13:00:00,109127.8,109585.0,108748.8,109453.0,341798.52
2025-10-23 13:00:00,109127.8,109585.0,108748.8,109453.0,341798.52
2025-10-23 14:00:00,109453.0,109807.1,108656.4,109532.0,523253.04
2025-10-23 14:00:00,109453.0,109807.1,108656.4,109532.0,523253.04
2025-10-23 14:00:00,109453.0,109807.1,108656.4,109532.0,523253.04
2025-10-23 14:00:00,109453.0,109807.1,108656.4,109532.0,523253.04
2025-10-23 14:00:00,109453.0,109807.1,108656.4,109532.0,523253.04
2025-10-23 14:00:00,109453.0,109807.1,108656.4,109532.0,523253.04
2025-10-23 14:00:00,109453.0,109807.1,108656.4,109532.0,523253.04
2025-10-23 14:00:00,109453.0,109807.1,108656.4,109532.0,523253.04
2025-10-23 14:00:00,109453.0,109807.1,108656.4,109532.0,523253.04
2025-10-23 14:00:00,109453.0,109807.1,108656.4,109532.0,523253.04
2025-10-23 14:00:00,109453.0,109807.1,108656.4,109532.0,523253.04
2025-10-23 14:00:00,109453.0,109807.1,108656.4,109532.0,523253.04
2025-10-23 14:00:00,109453.0,109807.1,108656.4,109532.0,523253.04
2025-10-23 14:00:00,109453.0,109807.1,108656.4,109532.0,523253.04
2025-10-23 14:00:00,109453.0,109807.1,108656.4,109532.0,523253.04
2025-10-23 15:00:00,109532.0,110071.4,109425.3,109841.0,354881.55
2025-10-23 15:00:00,109532.0,110071.4,109425.3,109841.0,354881.55
2025-10-23 15:00:00,109532.0,110071.4,109425.3,109841.0,354881.55
2025-10-23 15:00:00,109532.0,110071.4,109425.3,109841.0,354881.55
2025-10-23 15:00:00,109532.0,110071.4,109425.3,109841.0,354881.55
2025-10-23 15:00:00,109532.0,110071.4,109425.3,109841.0,354881.55
2025-10-23 15:00:00,109532.0,110071.4,109425.3,109841.0,354881.55
2025-10-23 15:00:00,109532.0,110071.4,109425.3,109841.0,354881.55
2025-10-23 15:00:00,109532.0,110071.4,109425.3,109841.0,354881.55
2025-10-23 15:00:00,109532.0,110071.4,109425.3,109841.0,354881.55
2025-10-23 15:00:00,109532.0,110071.4,109425.3,109841.0,354881.55
2025-10-23 15:00:00,109532.0,110071.4,109425.3,109841.0,354881.55
2025-10-23 15:00:00,109532.0,110071.4,109425.3,109841.0,354881.55
2025-10-23 15:00:00,109532.0,110071.4,109425.3,109841.0,354881.55
2025-10-23 15:00:00,109532.0,110071.4,109425.3,109841.0,354881.55
2025-10-23 16:00:00,109840.9,110534.4,109588.0,110200.0,342523.13
2025-10-23 16:00:00,109840.9,110534.4,109588.0,110200.0,342523.13
2025-10-23 16:00:00,109840.9,110534.4,109588.0,110200.0,342523.13
2025-10-23 16:00:00,109840.9,110534.4,109588.0,110200.0,342523.13
2025-10-23 16:00:00,109840.9,110534.4,109588.0,110200.0,342523.13
2025-10-23 16:00:00,109840.9,110534.4,109588.0,110200.0,342523.13
2025-10-23 16:00:00,109840.9,110534.4,109588.0,110200.0,342523.13
2025-10-23 16:00:00,109840.9,110534.4,109588.0,110200.0,342523.13
2025-10-23 16:00:00,109840.9,110534.4,109588.0,110200.0,342523.13
2025-10-23 16:00:00,109840.9,110534.4,109588.0,110200.0,342523.13
2025-10-23 16:00:00,109840.9,110534.4,109588.0,110200.0,342523.13
2025-10-23 16:00:00,109840.9,110534.4,109588.0,110200.0,342523.13
2025-10-23 16:00:00,109840.9,110534.4,109588.0,110200.0,342523.13
2025-10-23 16:00:00,109840.9,110534.4,109588.0,110200.0,342523.13
2025-10-23 16:00:00,109840.9,110534.4,109588.0,110200.0,342523.13
2025-10-23 17:00:00,110200.0,111234.0,109571.0,111171.3,678425.78
2025-10-23 17:00:00,110200.0,111234.0,109571.0,111171.3,678425.78
2025-10-23 17:00:00,110200.0,111234.0,109571.0,111171.3,678425.78
2025-10-23 17:00:00,110200.0,111234.0,109571.0,111171.3,678425.78
2025-10-23 17:00:00,110200.0,111234.0,109571.0,111171.3,678425.78
2025-10-23 17:00:00,110200.0,111234.0,109571.0,111171.3,678425.78
2025-10-23 17:00:00,110200.0,111234.0,109571.0,111171.3,678425.78
2025-10-23 17:00:00,110200.0,111234.0,109571.0,111171.3,678425.78
2025-10-23 17:00:00,110200.0,111234.0,109571.0,111171.3,678425.78
2025-10-23 17:00:00,110200.0,111234.0,109571.0,111171.3,678425.78
2025-10-23 17:00:00,110200.0,111234.0,109571.0,111171.3,678425.78
2025-10-23 17:00:00,110200.0,111234.0,109571.0,111171.3,678425.78
2025-10-23 17:00:00,110200.0,111234.0,109571.0,111171.3,678425.78
2025-10-23 17:00:00,110200.0,111234.0,109571.0,111171.3,678425.78
2025-10-23 17:00:00,110200.0,111234.0,109571.0,111171.3,678425.78
2025-10-23 18:00:00,111171.4,111235.3,110201.0,110521.0,345774.4
2025-10-23 18:00:00,111171.4,111235.3,110201.0,110521.0,345774.4
2025-10-23 18:00:00,111171.4,111235.3,110201.0,110521.0,345774.4
2025-10-23 18:00:00,111171.4,111235.3,110201.0,110521.0,345774.4
2025-10-23 18:00:00,111171.4,111235.3,110201.0,110521.0,345774.4
2025-10-23 18:00:00,111171.4,111235.3,110201.0,110521.0,345774.4
2025-10-23 18:00:00,111171.4,111235.3,110201.0,110521.0,345774.4
2025-10-23 18:00:00,111171.4,111235.3,110201.0,110521.0,345774.4
2025-10-23 18:00:00,111171.4,111235.3,110201.0,110521.0,345774.4
2025-10-23 18:00:00,111171.4,111235.3,110201.0,110521.0,345774.4
2025-10-23 18:00:00,111171.4,111235.3,110201.0,110521.0,345774.4
2025-10-23 18:00:00,111171.4,111235.3,110201.0,110521.0,345774.4
2025-10-23 18:00:00,111171.4,111235.3,110201.0,110521.0,345774.4
2025-10-23 18:00:00,111171.4,111235.3,110201.0,110521.0,345774.4
2025-10-23 18:00:00,111171.4,111235.3,110201.0,110521.0,345774.4
2025-10-23 19:00:00,110521.0,110574.9,110038.0,110143.0,157739.84
2025-10-23 19:00:00,110521.0,110574.9,110038.0,110143.0,157739.84
2025-10-23 19:00:00,110521.0,110574.9,110038.0,110143.0,157739.84
2025-10-23 19:00:00,110521.0,110574.9,110038.0,110143.0,157739.84
2025-10-23 19:00:00,110521.0,110574.9,110038.0,110143.0,157739.84
2025-10-23 19:00:00,110521.0,110574.9,110038.0,110143.0,157739.84
2025-10-23 19:00:00,110521.0,110574.9,110038.0,110143.0,157739.84
2025-10-23 19:00:00,110521.0,110574.9,110038.0,110143.0,157739.84
2025-10-23 19:00:00,110521.0,110574.9,110038.0,110143.0,157739.84
2025-10-23 19:00:00,110521.0,110574.9,110038.0,110143.0,157739.84
2025-10-23 19:00:00,110521.0,110574.9,110038.0,110143.0,157739.84
2025-10-23 19:00:00,110521.0,110574.9,110038.0,110143.0,157739.84
2025-10-23 19:00:00,110521.0,110574.9,110038.0,110143.0,157739.84
2025-10-23 19:00:00,110521.0,110574.9,110038.0,110143.0,157739.84
2025-10-23 19:00:00,110521.0,110574.9,110038.0,110143.0,157739.84
2025-10-23 20:00:00,110143.0,110143.7,109270.1,109467.3,285799.49
2025-10-23 20:00:00,110143.0,110143.7,109270.1,109467.3,285799.49
2025-10-23 20:00:00,110143.0,110143.7,109270.1,109467.3,285799.49
2025-10-23 20:00:00,110143.0,110143.7,109270.1,109467.3,285799.49
2025-10-23 20:00:00,110143.0,110143.7,109270.1,109467.3,285799.49
2025-10-23 20:00:00,110143.0,110143.7,109270.1,109467.3,285799.49
2025-10-23 20:00:00,110143.0,110143.7,109270.1,109467.3,285799.49
2025-10-23 20:00:00,110143.0,110143.7,109270.1,109467.3,285799.49
2025-10-23 20:00:00,110143.0,110143.7,109270.1,109467.3,285799.49
2025-10-23 20:00:00,110143.0,110143.7,109270.1,109467.3,285799.49
2025-10-23 20:00:00,110143.0,110143.7,109270.1,109467.3,285799.49
2025-10-23 20:00:00,110143.0,110143.7,109270.1,109467.3,285799.49
2025-10-23 20:00:00,110143.0,110143.7,109270.1,109467.3,285799.49
2025-10-23 20:00:00,110143.0,110143.7,109270.1,109467.3,285799.49
2025-10-23 20:00:00,110143.0,110143.7,109270.1,109467.3,285799.49
2025-10-23 21:00:00,109467.3,109670.9,109317.7,109490.6,131968.54
2025-10-23 21:00:00,109467.3,109670.9,109317.7,109490.6,131968.54
2025-10-23 21:00:00,109467.3,109670.9,109317.7,109490.6,131968.54
2025-10-23 21:00:00,109467.3,109670.9,109317.7,109490.6,131968.54
2025-10-23 21:00:00,109467.3,109670.9,109317.7,109490.6,131968.54
2025-10-23 21:00:00,109467.3,109670.9,109317.7,109490.6,131968.54
2025-10-23 21:00:00,109467.3,109670.9,109317.7,109490.6,131968.54
2025-10-23 21:00:00,109467.3,109670.9,109317.7,109490.6,131968.54
2025-10-23 21:00:00,109467.3,109670.9,109317.7,109490.6,131968.54
2025-10-23 21:00:00,109467.3,109670.9,109317.7,109490.6,131968.54
2025-10-23 21:00:00,109467.3,109670.9,109317.7,109490.6,131968.54
2025-10-23 21:00:00,109467.3,109670.9,109317.7,109490.6,131968.54
2025-10-23 21:00:00,109467.3,109670.9,109317.7,109490.6,131968.54
2025-10-23 21:00:00,109467.3,109670.9,109317.7,109490.6,131968.54
2025-10-23 21:00:00,109467.3,109670.9,109317.7,109490.6,131968.54
2025-10-23 22:00:00,109490.5,110117.3,109449.7,109871.5,136810.96
2025-10-23 22:00:00,109490.5,110117.3,109449.7,109871.5,136810.96
2025-10-23 22:00:00,109490.5,110117.3,109449.7,109871.5,136810.96
2025-10-23 22:00:00,109490.5,110117.3,109449.7,109871.5,136810.96
2025-10-23 22:00:00,109490.5,110117.3,109449.7,109871.5,136810.96
2025-10-23 22:00:00,109490.5,110117.3,109449.7,109871.5,136810.96
2025-10-23 22:00:00,109490.5,110117.3,109449.7,109871.5,136810.96
2025-10-23 22:00:00,109490.5,110117.3,109449.7,109871.5,136810.96
2025-10-23 22:00:00,109490.5,110117.3,109449.7,109871.5,136810.96
2025-10-23 22:00:00,109490.5,110117.3,109449.7,109871.5,136810.96
2025-10-23 22:00:00,109490.5,110117.3,109449.7,109871.5,136810.96
2025-10-23 22:00:00,109490.5,110117.3,109449.7,109871.5,136810.96
2025-10-23 22:00:00,109490.5,110117.3,109449.7,109871.5,136810.96
2025-10-23 22:00:00,109490.5,110117.3,109449.7,109871.5,136810.96
2025-10-23 22:00:00,109490.5,110117.3,109449.7,109871.5,136810.96
2025-10-23 23:00:00,109871.5,110043.2,109770.0,110009.7,80279.37
2025-10-23 23:00:00,109871.5,110043.2,109770.0,110009.7,80279.37
2025-10-23 23:00:00,109871.5,110043.2,109770.0,110009.7,80279.37
2025-10-23 23:00:00,109871.5,110043.2,109770.0,110009.7,80279.37
2025-10-23 23:00:00,109871.5,110043.2,109770.0,110009.7,80279.37
2025-10-23 23:00:00,109871.5,110043.2,109770.0,110009.7,80279.37
2025-10-23 23:00:00,109871.5,110043.2,109770.0,110009.7,80279.37
2025-10-23 23:00:00,109871.5,110043.2,109770.0,110009.7,80279.37
2025-10-23 23:00:00,109871.5,110043.2,109770.0,110009.7,80279.37
2025-10-23 23:00:00,109871.5,110043.2,109770.0,110009.7,80279.37
2025-10-23 23:00:00,109871.5,110043.2,109770.0,110009.7,80279.37
2025-10-23 23:00:00,109871.5,110043.2,109770.0,110009.7,80279.37
2025-10-23 23:00:00,109871.5,110043.2,109770.0,110009.7,80279.37
2025-10-23 23:00:00,109871.5,110043.2,109770.0,110009.7,80279.37
2025-10-23 23:00:00,109871.5,110043.2,109770.0,110009.7,80279.37
2025-10-24 00:00:00,110009.8,110650.0,109928.0,110438.2,251588.06
2025-10-24 00:00:00,110009.8,110650.0,109928.0,110438.2,251588.06
2025-10-24 00:00:00,110009.8,110650.0,109928.0,110438.2,251588.06
2025-10-24 00:00:00,110009.8,110650.0,109928.0,110438.2,251588.06
2025-10-24 00:00:00,110009.8,110650.0,109928.0,110438.2,251588.06
2025-10-24 00:00:00,110009.8,110650.0,109928.0,110438.2,251588.06
2025-10-24 00:00:00,110009.8,110650.0,109928.0,110438.2,251588.06
2025-10-24 00:00:00,110009.8,110650.0,109928.0,110438.2,251588.06
2025-10-24 00:00:00,110009.8,110650.0,109928.0,110438.2,251588.06
2025-10-24 00:00:00,110009.8,110650.0,109928.0,110438.2,251588.06
2025-10-24 00:00:00,110009.8,110650.0,109928.0,110438.2,251588.06
2025-10-24 00:00:00,110009.8,110650.0,109928.0,110438.2,251588.06
2025-10-24 00:00:00,110009.8,110650.0,109928.0,110438.2,251588.06
2025-10-24 00:00:00,110009.8,110650.0,109928.0,110438.2,251588.06
2025-10-24 00:00:00,110009.8,110650.0,109928.0,110438.2,251588.06
2025-10-24 01:00:00,110438.1,110617.3,110085.5,110525.4,150803.9
2025-10-24 01:00:00,110438.1,110617.3,110085.5,110525.4,150803.9
2025-10-24 01:00:00,110438.1,110617.3,110085.5,110525.4,150803.9
2025-10-24 01:00:00,110438.1,110617.3,110085.5,110525.4,150803.9
2025-10-24 01:00:00,110438.1,110617.3,110085.5,110525.4,150803.9
2025-10-24 01:00:00,110438.1,110617.3,110085.5,110525.4,150803.9
2025-10-24 01:00:00,110438.1,110617.3,110085.5,110525.4,150803.9
2025-10-24 01:00:00,110438.1,110617.3,110085.5,110525.4,150803.9
2025-10-24 01:00:00,110438.1,110617.3,110085.5,110525.4,150803.9
2025-10-24 01:00:00,110438.1,110617.3,110085.5,110525.4,150803.9
2025-10-24 01:00:00,110438.1,110617.3,110085.5,110525.4,150803.9
2025-10-24 01:00:00,110438.1,110617.3,110085.5,110525.4,150803.9
2025-10-24 01:00:00,110438.1,110617.3,110085.5,110525.4,150803.9
2025-10-24 01:00:00,110438.1,110617.3,110085.5,110525.4,150803.9
2025-10-24 01:00:00,110438.1,110617.3,110085.5,110525.4,150803.9
2025-10-24 02:00:00,110525.4,110785.2,110300.0,110520.3,137887.21
2025-10-24 02:00:00,110525.4,110785.2,110300.0,110520.3,137887.21
2025-10-24 02:00:00,110525.4,110785.2,110300.0,110520.3,137887.21
2025-10-24 02:00:00,110525.4,110785.2,110300.0,110520.3,137887.21
2025-10-24 02:00:00,110525.4,110785.2,110300.0,110520.3,137887.21
2025-10-24 02:00:00,110525.4,110785.2,110300.0,110520.3,137887.21
2025-10-24 02:00:00,110525.4,110785.2,110300.0,110520.3,137887.21
2025-10-24 02:00:00,110525.4,110785.2,110300.0,110520.3,137887.21
2025-10-24 02:00:00,110525.4,110785.2,110300.0,110520.3,137887.21
2025-10-24 02:00:00,110525.4,110785.2,110300.0,110520.3,137887.21
2025-10-24 02:00:00,110525.4,110785.2,110300.0,110520.3,137887.21
2025-10-24 02:00:00,110525.4,110785.2,110300.0,110520.3,137887.21
2025-10-24 02:00:00,110525.4,110785.2,110300.0,110520.3,137887.21
2025-10-24 02:00:00,110525.4,110785.2,110300.0,110520.3,137887.21
2025-10-24 02:00:00,110525.4,110785.2,110300.0,110520.3,137887.21
2025-10-24 03:00:00,110520.3,110588.4,110222.8,110398.2,126132.29
2025-10-24 03:00:00,110520.3,110588.4,110222.8,110398.2,126132.29
2025-10-24 03:00:00,110520.3,110588.4,110222.8,110398.2,126132.29
2025-10-24 03:00:00,110520.3,110588.4,110222.8,110398.2,126132.29
2025-10-24 03:00:00,110520.3,110588.4,110222.8,110398.2,126132.29
2025-10-24 03:00:00,110520.3,110588.4,110222.8,110398.2,126132.29
2025-10-24 03:00:00,110520.3,110588.4,110222.8,110398.2,126132.29
2025-10-24 03:00:00,110520.3,110588.4,110222.8,110398.2,126132.29
2025-10-24 03:00:00,110520.3,110588.4,110222.8,110398.2,126132.29
2025-10-24 03:00:00,110520.3,110588.4,110222.8,110398.2,126132.29
2025-10-24 03:00:00,110520.3,110588.4,110222.8,110398.2,126132.29
2025-10-24 03:00:00,110520.3,110588.4,110222.8,110398.2,126132.29
2025-10-24 03:00:00,110520.3,110588.4,110222.8,110398.2,126132.29
2025-10-24 03:00:00,110520.3,110588.4,110222.8,110398.2,126132.29
2025-10-24 03:00:00,110520.3,110588.4,110222.8,110398.2,126132.29
2025-10-24 04:00:00,110398.2,111501.8,110289.2,111119.7,466127.92
2025-10-24 04:00:00,110398.2,111501.8,110289.2,111119.7,466127.92
2025-10-24 04:00:00,110398.2,111501.8,110289.2,111119.7,466127.92
2025-10-24 04:00:00,110398.2,111501.8,110289.2,111119.7,466127.92
2025-10-24 04:00:00,110398.2,111501.8,110289.2,111119.7,466127.92
2025-10-24 04:00:00,110398.2,111501.8,110289.2,111119.7,466127.92
2025-10-24 04:00:00,110398.2,111501.8,110289.2,111119.7,466127.92
2025-10-24 04:00:00,110398.2,111501.8,110289.2,111119.7,466127.92
2025-10-24 04:00:00,110398.2,111501.8,110289.2,111119.7,466127.92
2025-10-24 04:00:00,110398.2,111501.8,110289.2,111119.7,466127.92
2025-10-24 04:00:00,110398.2,111501.8,110289.2,111119.7,466127.92
2025-10-24 04:00:00,110398.2,111501.8,110289.2,111119.7,466127.92
2025-10-24 04:00:00,110398.2,111501.8,110289.2,111119.7,466127.92
2025-10-24 04:00:00,110398.2,111501.8,110289.2,111119.7,466127.92
2025-10-24 04:00:00,110398.2,111501.8,110289.2,111119.7,466127.92
2025-10-24 05:00:00,111119.7,111279.5,110885.7,111205.8,191512.81
2025-10-24 05:00:00,111119.7,111279.5,110885.7,111205.8,191512.81
2025-10-24 05:00:00,111119.7,111279.5,110885.7,111205.8,191512.81
2025-10-24 05:00:00,111119.7,111279.5,110885.7,111205.8,191512.81
2025-10-24 05:00:00,111119.7,111279.5,110885.7,111205.8,191512.81
2025-10-24 05:00:00,111119.7,111279.5,110885.7,111205.8,191512.81
2025-10-24 05:00:00,111119.7,111279.5,110885.7,111205.8,191512.81
2025-10-24 05:00:00,111119.7,111279.5,110885.7,111205.8,191512.81
2025-10-24 05:00:00,111119.7,111279.5,110885.7,111205.8,191512.81
2025-10-24 05:00:00,111119.7,111279.5,110885.7,111205.8,191512.81
2025-10-24 05:00:00,111119.7,111279.5,110885.7,111205.8,191512.81
2025-10-24 05:00:00,111119.7,111279.5,110885.7,111205.8,191512.81
2025-10-24 05:00:00,111119.7,111279.5,110885.7,111205.8,191512.81
2025-10-24 05:00:00,111119.7,111279.5,110885.7,111205.8,191512.81
2025-10-24 05:00:00,111119.7,111279.5,110885.7,111205.8,191512.81
2025-10-24 06:00:00,111205.9,111454.6,111071.8,111409.9,136725.92
2025-10-24 06:00:00,111205.9,111454.6,111071.8,111409.9,136725.92
2025-10-24 06:00:00,111205.9,111454.6,111071.8,111409.9,136725.92
2025-10-24 06:00:00,111205.9,111454.6,111071.8,111409.9,136725.92
2025-10-24 06:00:00,111205.9,111454.6,111071.8,111409.9,136725.92
2025-10-24 06:00:00,111205.9,111454.6,111071.8,111409.9,136725.92
2025-10-24 06:00:00,111205.9,111454.6,111071.8,111409.9,136725.92
2025-10-24 06:00:00,111205.9,111454.6,111071.8,111409.9,136725.92
2025-10-24 06:00:00,111205.9,111454.6,111071.8,111409.9,136725.92
2025-10-24 06:00:00,111205.9,111454.6,111071.8,111409.9,136725.92
2025-10-24 06:00:00,111205.9,111454.6,111071.8,111409.9,136725.92
2025-10-24 06:00:00,111205.9,111454.6,111071.8,111409.9,136725.92
2025-10-24 06:00:00,111205.9,111454.6,111071.8,111409.9,136725.92
2025-10-24 06:00:00,111205.9,111454.6,111071.8,111409.9,136725.92
2025-10-24 06:00:00,111205.9,111454.6,111071.8,111409.9,136725.92
2025-10-24 07:00:00,111410.0,111495.0,110710.1,111006.0,287699.19
2025-10-24 07:00:00,111410.0,111495.0,110710.1,111006.0,287699.19
2025-10-24 07:00:00,111410.0,111495.0,110710.1,111006.0,287699.19
2025-10-24 07:00:00,111410.0,111495.0,110710.1,111006.0,287699.19
2025-10-24 07:00:00,111410.0,111495.0,110710.1,111006.0,287699.19
2025-10-24 07:00:00,111410.0,111495.0,110710.1,111006.0,287699.19
2025-10-24 07:00:00,111410.0,111495.0,110710.1,111006.0,287699.19
2025-10-24 07:00:00,111410.0,111495.0,110710.1,111006.0,287699.19
2025-10-24 07:00:00,111410.0,111495.0,110710.1,111006.0,287699.19
2025-10-24 07:00:00,111410.0,111495.0,110710.1,111006.0,287699.19
2025-10-24 07:00:00,111410.0,111495.0,110710.1,111006.0,287699.19
2025-10-24 07:00:00,111410.0,111495.0,110710.1,111006.0,287699.19
2025-10-24 07:00:00,111410.0,111495.0,110710.1,111006.0,287699.19
2025-10-24 07:00:00,111410.0,111495.0,110710.1,111006.0,287699.19
2025-10-24 07:00:00,111410.0,111495.0,110710.1,111006.0,287699.19
2025-10-24 08:00:00,111006.0,111203.0,110650.0,111062.0,276968.7
2025-10-24 08:00:00,111006.0,111203.0,110650.0,111062.0,276968.7
2025-10-24 08:00:00,111006.0,111203.0,110650.0,111062.0,276968.7
2025-10-24 08:00:00,111006.0,111203.0,110650.0,111062.0,276968.7
2025-10-24 08:00:00,111006.0,111203.0,110650.0,111062.0,276968.7
2025-10-24 08:00:00,111006.0,111203.0,110650.0,111062.0,276968.7
2025-10-24 08:00:00,111006.0,111203.0,110650.0,111062.0,276968.7
2025-10-24 08:00:00,111006.0,111203.0,110650.0,111062.0,276968.7
2025-10-24 08:00:00,111006.0,111203.0,110650.0,111062.0,276968.7
2025-10-24 08:00:00,111006.0,111203.0,110650.0,111062.0,276968.7
2025-10-24 08:00:00,111006.0,111203.0,110650.0,111062.0,276968.7
2025-10-24 08:00:00,111006.0,111203.0,110650.0,111062.0,276968.7
2025-10-24 08:00:00,111006.0,111203.0,110650.0,111062.0,276968.7
2025-10-24 08:00:00,111006.0,111203.0,110650.0,111062.0,276968.7
2025-10-24 08:00:00,111006.0,111203.0,110650.0,111062.0,276968.7
2025-10-24 09:00:00,111062.0,111475.4,110952.2,111288.8,216429.29
2025-10-24 09:00:00,111062.0,111475.4,110952.2,111288.8,216429.29
2025-10-24 09:00:00,111062.0,111475.4,110952.2,111288.8,216429.29
2025-10-24 09:00:00,111062.0,111475.4,110952.2,111288.8,216429.29
2025-10-24 09:00:00,111062.0,111475.4,110952.2,111288.8,216429.29
2025-10-24 09:00:00,111062.0,111475.4,110952.2,111288.8,216429.29
2025-10-24 09:00:00,111062.0,111475.4,110952.2,111288.8,216429.29
2025-10-24 09:00:00,111062.0,111475.4,110952.2,111288.8,216429.29
2025-10-24 09:00:00,111062.0,111475.4,110952.2,111288.8,216429.29
2025-10-24 09:00:00,111062.0,111475.4,110952.2,111288.8,216429.29
2025-10-24 09:00:00,111062.0,111475.4,110952.2,111288.8,216429.29
2025-10-24 09:00:00,111062.0,111475.4,110952.2,111288.8,216429.29
2025-10-24 09:00:00,111062.0,111475.4,110952.2,111288.8,216429.29
2025-10-24 09:00:00,111062.0,111475.4,110952.2,111288.8,216429.29
2025-10-24 09:00:00,111062.0,111475.4,110952.2,111288.8,216429.29
2025-10-24 10:00:00,111288.4,111288.5,111022.0,111078.6,127176.53
2025-10-24 10:00:00,111288.4,111288.5,111022.0,111078.6,127176.53
2025-10-24 10:00:00,111288.4,111288.5,111022.0,111078.6,127176.53
2025-10-24 10:00:00,111288.4,111288.5,111022.0,111078.6,127176.53
2025-10-24 10:00:00,111288.4,111288.5,111022.0,111078.6,127176.53
2025-10-24 10:00:00,111288.4,111288.5,111022.0,111078.6,127176.53
2025-10-24 10:00:00,111288.4,111288.5,111022.0,111078.6,127176.53
2025-10-24 10:00:00,111288.4,111288.5,111022.0,111078.6,127176.53
2025-10-24 10:00:00,111288.4,111288.5,111022.0,111078.6,127176.53
2025-10-24 10:00:00,111288.4,111288.5,111022.0,111078.6,127176.53
2025-10-24 10:00:00,111288.4,111288.5,111022.0,111078.6,127176.53
2025-10-24 10:00:00,111288.4,111288.5,111022.0,111078.6,127176.53
2025-10-24 10:00:00,111288.4,111288.5,111022.0,111078.6,127176.53
2025-10-24 10:00:00,111288.4,111288.5,111022.0,111078.6,127176.53
2025-10-24 10:00:00,111288.4,111288.5,111022.0,111078.6,127176.53
2025-10-24 11:00:00,111078.7,111240.0,110534.2,111023.9,252517.14
2025-10-24 11:00:00,111078.7,111240.0,110534.2,111023.9,252517.14
2025-10-24 11:00:00,111078.7,111240.0,110534.2,111023.9,252517.14
2025-10-24 11:00:00,111078.7,111240.0,110534.2,111023.9,252517.14
2025-10-24 11:00:00,111078.7,111240.0,110534.2,111023.9,252517.14
2025-10-24 11:00:00,111078.7,111240.0,110534.2,111023.9,252517.14
2025-10-24 11:00:00,111078.7,111240.0,110534.2,111023.9,252517.14
2025-10-24 11:00:00,111078.7,111240.0,110534.2,111023.9,252517.14
2025-10-24 11:00:00,111078.7,111240.0,110534.2,111023.9,252517.14
2025-10-24 11:00:00,111078.7,111240.0,110534.2,111023.9,252517.14
2025-10-24 11:00:00,111078.7,111240.0,110534.2,111023.9,252517.14
2025-10-24 11:00:00,111078.7,111240.0,110534.2,111023.9,252517.14
2025-10-24 11:00:00,111078.7,111240.0,110534.2,111023.9,252517.14
2025-10-24 11:00:00,111078.7,111240.0,110534.2,111023.9,252517.14
2025-10-24 11:00:00,111078.7,111240.0,110534.2,111023.9,252517.14
2025-10-24 12:00:00,111023.9,112178.3,110812.8,111256.8,852492.49
2025-10-24 12:00:00,111023.9,112178.3,110812.8,111256.8,852492.49
2025-10-24 12:00:00,111023.9,112178.3,110812.8,111256.8,852492.49
2025-10-24 12:00:00,111023.9,112178.3,110812.8,111256.8,852492.49
2025-10-24 12:00:00,111023.9,112178.3,110812.8,111256.8,852492.49
2025-10-24 12:00:00,111023.9,112178.3,110812.8,111256.8,852492.49
2025-10-24 12:00:00,111023.9,112178.3,110812.8,111256.8,852492.49
2025-10-24 12:00:00,111023.9,112178.3,110812.8,111256.8,852492.49
2025-10-24 12:00:00,111023.9,112178.3,110812.8,111256.8,852492.49
2025-10-24 12:00:00,111023.9,112178.3,110812.8,111256.8,852492.49
2025-10-24 12:00:00,111023.9,112178.3,110812.8,111256.8,852492.49
2025-10-24 12:00:00,111023.9,112178.3,110812.8,111256.8,852492.49
2025-10-24 12:00:00,111023.9,112178.3,110812.8,111256.8,852492.49
2025-10-24 12:00:00,111023.9,112178.3,110812.8,111256.8,852492.49
2025-10-24 12:00:00,111023.9,112178.3,110812.8,111256.8,852492.49
2025-10-24 13:00:00,111256.8,111400.0,110322.3,110883.8,540335.87
2025-10-24 13:00:00,111256.8,111400.0,110322.3,110883.8,540335.87
2025-10-24 13:00:00,111256.8,111400.0,110322.3,110883.8,540335.87
2025-10-24 13:00:00,111256.8,111400.0,110322.3,110883.8,540335.87
2025-10-24 13:00:00,111256.8,111400.0,110322.3,110883.8,540335.87
2025-10-24 13:00:00,111256.8,111400.0,110322.3,110883.8,540335.87
2025-10-24 13:00:00,111256.8,111400.0,110322.3,110883.8,540335.87
2025-10-24 13:00:00,111256.8,111400.0,110322.3,110883.8,540335.87
2025-10-24 13:00:00,111256.8,111400.0,110322.3,110883.8,540335.87
2025-10-24 13:00:00,111256.8,111400.0,110322.3,110883.8,540335.87
2025-10-24 13:00:00,111256.8,111400.0,110322.3,110883.8,540335.87
2025-10-24 13:00:00,111256.8,111400.0,110322.3,110883.8,540335.87
2025-10-24 13:00:00,111256.8,111400.0,110322.3,110883.8,540335.87
2025-10-24 13:00:00,111256.8,111400.0,110322.3,110883.8,540335.87
2025-10-24 13:00:00,111256.8,111400.0,110322.3,110883.8,540335.87
2025-10-24 14:00:00,110883.8,110883.8,109641.7,110168.7,681573.66
2025-10-24 14:00:00,110883.8,110883.8,109641.7,110168.7,681573.66
2025-10-24 14:00:00,110883.8,110883.8,109641.7,110168.7,681573.66
2025-10-24 14:00:00,110883.8,110883.8,109641.7,110168.7,681573.66
2025-10-24 14:00:00,110883.8,110883.8,109641.7,110168.7,681573.66
2025-10-24 14:00:00,110883.8,110883.8,109641.7,110168.7,681573.66
2025-10-24 14:00:00,110883.8,110883.8,109641.7,110168.7,681573.66
2025-10-24 14:00:00,110883.8,110883.8,109641.7,110168.7,681573.66
2025-10-24 14:00:00,110883.8,110883.8,109641.7,110168.7,681573.66
2025-10-24 14:00:00,110883.8,110883.8,109641.7,110168.7,681573.66
2025-10-24 14:00:00,110883.8,110883.8,109641.7,110168.7,681573.66
2025-10-24 14:00:00,110883.8,110883.8,109641.7,110168.7,681573.66
2025-10-24 14:00:00,110883.8,110883.8,109641.7,110168.7,681573.66
2025-10-24 14:00:00,110883.8,110883.8,109641.7,110168.7,681573.66
2025-10-24 14:00:00,110883.8,110883.8,109641.7,110168.7,681573.66
2025-10-24 15:00:00,110168.8,110562.7,109825.3,110003.6,352976.7
2025-10-24 15:00:00,110168.8,110562.7,109825.3,110003.6,352976.7
2025-10-24 15:00:00,110168.8,110562.7,109825.3,110003.6,352976.7
2025-10-24 15:00:00,110168.8,110562.7,109825.3,110003.6,352976.7
2025-10-24 15:00:00,110168.8,110562.7,109825.3,110003.6,352976.7
2025-10-24 15:00:00,110168.8,110562.7,109825.3,110003.6,352976.7
2025-10-24 15:00:00,110168.8,110562.7,109825.3,110003.6,352976.7
2025-10-24 15:00:00,110168.8,110562.7,109825.3,110003.6,352976.7
2025-10-24 15:00:00,110168.8,110562.7,109825.3,110003.6,352976.7
2025-10-24 15:00:00,110168.8,110562.7,109825.3,110003.6,352976.7
2025-10-24 15:00:00,110168.8,110562.7,109825.3,110003.6,352976.7
2025-10-24 15:00:00,110168.8,110562.7,109825.3,110003.6,352976.7
2025-10-24 15:00:00,110168.8,110562.7,109825.3,110003.6,352976.7
2025-10-24 15:00:00,110168.8,110562.7,109825.3,110003.6,352976.7
2025-10-24 15:00:00,110168.8,110562.7,109825.3,110003.6,352976.7
