timestamp,open,high,low,close,volume
2025-05-04 23:45:00,94102.3,94310.0,94102.3,94232.0,979.1372
2025-05-05 00:00:00,94232.1,94499.7,94158.0,94391.2,1466.603
2025-05-05 00:15:00,94391.2,94692.7,94391.1,94689.8,1138.2142
2025-05-05 00:30:00,94689.8,94750.0,94601.0,94620.0,737.8744
2025-05-05 00:45:00,94620.0,94715.0,94618.0,94665.7,440.2195
2025-05-05 01:00:00,94665.7,94700.0,94309.6,94442.6,1079.6729
2025-05-05 01:15:00,94442.7,94487.2,94171.7,94174.1,1151.7724
2025-05-05 01:30:00,94174.1,94206.0,93637.3,93912.1,4010.6763
2025-05-05 01:45:00,93912.1,94006.4,93822.0,93887.3,888.0423
2025-05-05 02:00:00,93887.2,94000.0,93430.4,94000.0,3200.5645
2025-05-05 02:15:00,94000.0,94292.4,93999.9,94224.5,1676.7057
2025-05-05 02:30:00,94224.6,94341.0,94195.2,94205.8,878.1421
2025-05-05 02:45:00,94205.8,94349.3,94157.0,94194.8,559.3354
2025-05-05 03:00:00,94194.7,94255.2,94053.0,94100.0,663.838
2025-05-05 03:15:00,94100.1,94212.6,93974.1,93991.1,638.9144
2025-05-05 03:30:00,93991.1,94150.8,93991.0,94150.8,470.6973
2025-05-05 03:45:00,94151.1,94159.2,94002.6,94009.9,247.028
2025-05-05 04:00:00,94009.9,94161.5,93971.1,94119.9,490.8462
2025-05-05 04:15:00,94119.9,94295.3,94119.9,94279.9,556.035
2025-05-05 04:30:00,94280.0,94388.8,94250.0,94388.3,622.1763
2025-05-05 04:45:00,94388.3,94400.0,94320.0,94378.6,488.6285
2025-05-05 05:00:00,94378.6,94420.0,94180.0,94249.9,951.7135
2025-05-05 05:15:00,94250.0,94400.0,94220.1,94385.0,351.9114
2025-05-05 05:30:00,94385.0,94496.8,94320.0,94458.6,472.9219
2025-05-05 05:45:00,94458.5,94732.4,94453.8,94690.1,1101.9573
2025-05-05 06:00:00,94690.1,94740.0,94581.1,94590.6,678.8027
2025-05-05 06:15:00,94590.7,94668.0,94522.1,94544.6,343.6256
2025-05-05 06:30:00,94544.6,94720.0,94540.0,94661.6,562.7936
2025-05-05 06:45:00,94661.6,94722.7,94610.5,94715.7,310.8383
2025-05-05 07:00:00,94715.6,94786.5,94524.3,94553.4,685.2495
2025-05-05 07:15:00,94553.4,94602.9,94490.3,94532.6,595.4506
2025-05-05 07:30:00,94532.6,94664.6,94519.4,94659.7,382.9742
2025-05-05 07:45:00,94659.6,94706.0,94610.0,94705.9,449.086
2025-05-05 08:00:00,94705.8,94740.0,94600.0,94613.3,637.41
2025-05-05 08:15:00,94613.3,94662.9,94519.5,94519.5,489.0081
2025-05-05 08:30:00,94519.6,94590.6,94465.3,94511.1,502.9933
2025-05-05 08:45:00,94511.1,94564.7,94459.4,94526.6,416.529
2025-05-05 09:00:00,94526.6,94578.4,94465.0,94465.1,300.9934
2025-05-05 09:15:00,94465.1,94602.5,94440.3,94570.0,283.1849
2025-05-05 09:30:00,94570.0,94610.5,94492.7,94560.5,187.5098
2025-05-05 09:45:00,94560.5,94600.0,94510.3,94520.0,202.533
2025-05-05 10:00:00,94519.9,94529.2,94368.7,94389.5,522.9409
2025-05-05 10:15:00,94389.4,94415.9,94322.1,94323.3,422.0395
2025-05-05 10:30:00,94323.4,94414.7,94111.0,94160.0,1059.3435
2025-05-05 10:45:00,94160.0,94188.2,94008.5,94082.5,898.1595
2025-05-05 11:00:00,94082.5,94191.7,94049.3,94191.7,454.5045
2025-05-05 11:15:00,94191.7,94257.1,93928.2,93969.1,1166.7416
2025-05-05 11:30:00,93969.1,94033.2,93850.1,93905.8,1204.5769
2025-05-05 11:45:00,93905.9,94090.0,93905.8,93998.1,657.1365
2025-05-05 12:00:00,93998.1,94172.1,93861.5,94159.7,902.9538
2025-05-05 12:15:00,94159.6,94300.0,94111.0,94267.7,795.5409
2025-05-05 12:30:00,94267.7,94300.0,94188.0,94272.8,461.7777
2025-05-05 12:45:00,94272.8,94300.0,94207.7,94289.1,360.5221
2025-05-05 13:00:00,94289.1,94370.3,94154.4,94166.6,650.0092
2025-05-05 13:15:00,94166.6,94329.1,94088.0,94128.0,458.0968
2025-05-05 13:30:00,94128.0,94215.9,93654.2,93840.1,2401.1181
2025-05-05 13:45:00,93840.1,94188.0,93573.6,94188.0,2641.634
2025-05-05 14:00:00,94188.0,94500.0,93929.3,93969.9,2690.3886
2025-05-05 14:15:00,93969.9,94156.0,93766.6,93903.1,1596.2281
2025-05-05 14:30:00,93903.0,94110.0,93688.1,94047.9,1080.9274
2025-05-05 14:45:00,94047.9,94191.8,93785.0,93845.5,1205.534
2025-05-05 15:00:00,93845.5,93850.1,93560.0,93694.8,1666.0215
2025-05-05 15:15:00,93694.8,93933.7,93620.1,93804.3,767.2442
2025-05-05 15:30:00,93804.3,93900.0,93654.0,93684.0,485.6365
2025-05-05 15:45:00,93684.0,93745.8,93571.8,93734.0,530.9638
2025-05-05 16:00:00,93733.9,94011.0,93717.0,93939.0,789.0099
2025-05-05 16:15:00,93939.0,94237.3,93926.7,94146.6,1018.732
2025-05-05 16:30:00,94146.6,94238.0,94087.6,94197.5,760.3389
2025-05-05 16:45:00,94197.6,94218.7,94064.6,94168.8,451.3288
2025-05-05 17:00:00,94168.8,94236.0,94025.1,94051.3,933.977
2025-05-05 17:15:00,94051.3,94377.0,94037.6,94320.2,746.2004
2025-05-05 17:30:00,94320.2,94600.0,94320.1,94415.9,1670.7412
2025-05-05 17:45:00,94415.9,94511.2,94377.0,94459.5,361.0297
2025-05-05 18:00:00,94459.6,94646.8,94403.1,94625.7,884.8565
2025-05-05 18:15:00,94625.8,94660.0,94506.0,94546.4,486.5966
2025-05-05 18:30:00,94546.5,94865.4,94523.5,94805.1,1047.6254
2025-05-05 18:45:00,94805.1,94850.0,94668.8,94684.3,532.4045
2025-05-05 19:00:00,94684.4,94794.2,94618.1,94755.0,416.1223
2025-05-05 19:15:00,94755.1,94858.0,94556.0,94600.0,570.5702
2025-05-05 19:30:00,94600.0,94642.6,94435.6,94458.9,622.8685
2025-05-05 19:45:00,94458.8,94458.9,94239.0,94300.0,893.376
2025-05-05 20:00:00,94299.9,94330.5,94135.1,94200.0,614.2843
2025-05-05 20:15:00,94200.1,94255.9,94130.0,94151.5,339.6882
2025-05-05 20:30:00,94151.5,94151.5,93810.2,94013.8,923.3824
2025-05-05 20:45:00,94013.8,94219.1,93946.4,94203.5,406.1447
2025-05-05 21:00:00,94203.4,94556.5,94193.0,94545.7,800.241
2025-05-05 21:15:00,94545.7,94622.9,94477.3,94566.0,377.5036
2025-05-05 21:30:00,94566.1,94566.1,94300.0,94507.6,504.7793
2025-05-05 21:45:00,94507.6,94796.8,94501.6,94669.1,684.1713
2025-05-05 22:00:00,94669.1,94837.0,94660.0,94791.4,506.9124
2025-05-05 22:15:00,94791.5,94954.0,94786.0,94842.9,743.5593
2025-05-05 22:30:00,94842.9,95150.0,94842.9,95129.8,1524.9235
2025-05-05 22:45:00,95129.8,95129.9,94932.7,94999.9,642.6173
2025-05-05 23:00:00,95000.0,95078.0,94943.8,94943.9,438.2236
2025-05-05 23:15:00,94943.8,95078.0,94838.2,94838.2,648.2527
2025-05-05 23:30:00,94838.3,94877.1,94765.3,94778.5,433.6466
2025-05-05 23:45:00,94778.0,94796.0,94670.0,94694.1,465.8638
2025-05-06 00:00:00,94694.1,94739.8,94586.2,94639.4,609.9795
2025-05-06 00:15:00,94639.4,94696.7,94525.0,94685.9,628.7629
2025-05-06 00:30:00,94685.9,94689.1,94380.0,94420.0,545.7744
2025-05-06 00:45:00,94419.9,94569.2,94419.9,94566.0,372.0634
2025-05-06 01:00:00,94565.9,94736.0,94432.8,94699.9,692.9607
2025-05-06 01:15:00,94700.0,94886.0,94699.9,94758.5,663.861
2025-05-06 01:30:00,94758.4,94775.4,94324.9,94341.1,1084.272
2025-05-06 01:45:00,94341.1,94394.0,94250.3,94259.9,752.5077
2025-05-06 02:00:00,94260.0,94362.0,94160.0,94210.8,643.1132
2025-05-06 02:15:00,94210.8,94210.8,94005.1,94081.3,858.6551
2025-05-06 02:30:00,94081.3,94195.0,93981.0,94109.4,662.6039
2025-05-06 02:45:00,94109.4,94333.3,94109.3,94296.7,586.6827
2025-05-06 03:00:00,94296.7,94357.1,94196.8,94224.0,530.1694
2025-05-06 03:15:00,94224.0,94399.9,94174.8,94348.9,376.0077
2025-05-06 03:30:00,94348.9,94456.1,94348.8,94432.5,402.4915
2025-05-06 03:45:00,94432.4,94460.0,94371.7,94410.4,297.7949
2025-05-06 04:00:00,94410.3,94412.2,94288.5,94336.2,292.0968
2025-05-06 04:15:00,94336.2,94528.0,94314.0,94524.0,639.3589
2025-05-06 04:30:00,94524.1,94545.2,94411.6,94421.0,286.5423
2025-05-06 04:45:00,94421.0,94545.7,94421.0,94530.0,481.3372
2025-05-06 05:00:00,94529.9,94560.0,94436.5,94436.6,295.6755
2025-05-06 05:15:00,94436.5,94475.5,94279.5,94310.0,693.6429
2025-05-06 05:30:00,94310.0,94371.7,94251.3,94302.6,287.9608
2025-05-06 05:45:00,94302.6,94366.3,94259.6,94290.0,280.3475
2025-05-06 06:00:00,94290.0,94419.9,94281.8,94395.9,202.3382
2025-05-06 06:15:00,94396.0,94435.6,94350.0,94371.4,170.5359
2025-05-06 06:30:00,94371.3,94443.8,94332.3,94435.6,155.7034
2025-05-06 06:45:00,94435.6,94458.0,94370.6,94457.9,117.8793
2025-05-06 07:00:00,94458.0,94599.0,94432.0,94444.1,432.7084
2025-05-06 07:15:00,94444.0,94444.0,94370.6,94382.8,145.0498
2025-05-06 07:30:00,94382.8,94499.7,94306.7,94361.2,336.9745
2025-05-06 07:45:00,94361.2,94417.7,94340.3,94344.1,223.6119
2025-05-06 08:00:00,94344.1,94353.3,94119.8,94153.6,510.1925
2025-05-06 08:15:00,94153.6,94174.1,93952.1,93999.8,1147.018
2025-05-06 08:30:00,93999.8,94240.0,93999.8,94213.5,634.8488
2025-05-06 08:45:00,94213.5,94332.4,94213.4,94332.4,455.6556
2025-05-06 09:00:00,94332.4,94333.3,94163.8,94163.8,501.6573
2025-05-06 09:15:00,94163.9,94184.7,94095.8,94140.1,215.0079
2025-05-06 09:30:00,94140.1,94180.6,94081.8,94081.8,183.2829
2025-05-06 09:45:00,94081.9,94191.9,94073.0,94177.3,250.5123
2025-05-06 10:00:00,94177.3,94177.5,94103.1,94115.8,229.6053
2025-05-06 10:15:00,94115.8,94292.9,94108.3,94169.9,441.253
2025-05-06 10:30:00,94170.0,94206.7,94010.0,94030.0,602.0698
2025-05-06 10:45:00,94030.1,94045.7,93818.3,93902.3,1438.5813
2025-05-06 11:00:00,93902.3,94018.8,93880.5,93949.3,484.7699
2025-05-06 11:15:00,93949.3,94012.6,93837.0,93847.9,397.0834
2025-05-06 11:30:00,93847.9,93939.9,93761.3,93841.2,976.8214
2025-05-06 11:45:00,93841.1,93867.6,93674.0,93773.0,1135.036
2025-05-06 12:00:00,93772.9,93876.2,93724.4,93774.3,725.411
2025-05-06 12:15:00,93774.3,93837.2,93734.2,93796.2,377.3339
2025-05-06 12:30:00,93796.1,93980.0,93796.1,93959.6,748.5327
2025-05-06 12:45:00,93959.6,94010.5,93884.9,93909.9,577.2148
2025-05-06 13:00:00,93909.9,93918.9,93685.0,93700.1,818.8323
2025-05-06 13:15:00,93700.1,93834.5,93684.8,93703.9,641.0464
2025-05-06 13:30:00,93703.9,93971.1,93651.3,93918.0,1403.6661
2025-05-06 13:45:00,93918.0,93977.6,93338.0,93565.0,3738.0389
2025-05-06 14:00:00,93564.9,94150.0,93561.3,93980.9,3403.9004
2025-05-06 14:15:00,93980.9,94642.6,93980.9,94276.8,3466.4456
2025-05-06 14:30:00,94276.8,94420.5,94166.4,94203.3,1211.6208
2025-05-06 14:45:00,94203.4,94314.9,94028.6,94100.1,1002.2795
2025-05-06 15:00:00,94100.0,94285.7,94020.0,94285.7,827.0341
2025-05-06 15:15:00,94285.7,94490.0,94160.0,94460.0,762.5621
2025-05-06 15:30:00,94459.9,94683.5,94404.1,94531.4,1603.7667
2025-05-06 15:45:00,94531.5,94600.0,94441.5,94505.1,731.0815
2025-05-06 16:00:00,94505.7,94766.0,94326.0,94760.1,1398.6692
2025-05-06 16:15:00,94760.0,94766.0,94385.8,94452.0,985.8453
2025-05-06 16:30:00,94452.0,94689.1,94416.0,94424.7,459.1469
2025-05-06 16:45:00,94424.8,94443.9,94171.5,94197.7,722.7684
2025-05-06 17:00:00,94197.7,94433.3,94187.0,94403.8,449.6691
2025-05-06 17:15:00,94403.8,94653.7,94400.0,94644.8,567.7049
2025-05-06 17:30:00,94646.3,94800.0,94524.0,94544.0,843.701
2025-05-06 17:45:00,94544.1,94568.0,94445.1,94477.2,356.5582
2025-05-06 18:00:00,94477.2,94616.4,94470.0,94559.5,427.872
2025-05-06 18:15:00,94559.4,94886.0,94559.4,94876.0,676.6694
2025-05-06 18:30:00,94875.9,94906.8,94760.0,94764.6,522.8376
2025-05-06 18:45:00,94764.6,95051.2,94764.5,95019.5,886.9371
2025-05-06 19:00:00,95019.5,95075.9,94889.4,95009.9,837.9778
2025-05-06 19:15:00,95010.0,95088.0,94957.3,95069.8,393.973
2025-05-06 19:30:00,95069.7,95106.0,94987.2,95067.0,412.8178
2025-05-06 19:45:00,95067.0,95106.9,94869.8,94909.2,556.3154
2025-05-06 20:00:00,94909.3,94977.0,94835.1,94930.3,390.7081
2025-05-06 20:15:00,94930.3,94943.5,94717.0,94720.0,458.7561
2025-05-06 20:30:00,94720.0,94730.0,94581.2,94666.0,413.069
2025-05-06 20:45:00,94665.9,94721.3,94580.1,94622.0,505.8534
2025-05-06 21:00:00,94622.0,94758.0,94543.3,94566.0,256.1924
2025-05-06 21:15:00,94566.0,94619.8,94379.4,94443.1,623.2893
2025-05-06 21:30:00,94443.1,94631.1,94443.0,94616.2,272.9543
2025-05-06 21:45:00,94616.2,94676.6,94564.8,94650.7,234.1549
2025-05-06 22:00:00,94650.7,95490.6,94635.7,95126.3,4281.5833
2025-05-06 22:15:00,95126.2,95610.0,95103.6,95609.8,1733.8269
2025-05-06 22:30:00,95609.8,96128.0,95571.9,95996.0,3111.2468
2025-05-06 22:45:00,95996.0,96238.0,95958.4,96194.1,1630.6055
2025-05-06 23:00:00,96194.0,96382.0,96042.0,96140.0,2422.2396
2025-05-06 23:15:00,96140.0,96769.9,96126.0,96582.8,2714.94
2025-05-06 23:30:00,96582.7,96830.0,96408.0,96829.8,1529.7368
2025-05-06 23:45:00,96829.7,96866.0,96712.3,96782.0,1341.9775
2025-05-07 00:00:00,96782.0,97063.2,96700.3,96966.0,2642.8936
2025-05-07 00:15:00,96966.0,97474.0,96923.9,97199.9,3534.9505
2025-05-07 00:30:00,97200.0,97258.0,97085.0,97181.6,1336.1229
2025-05-07 00:45:00,97181.6,97410.0,97085.8,97383.4,1361.4384
2025-05-07 01:00:00,97383.5,97720.0,97364.7,97430.7,2472.0055
2025-05-07 01:15:00,97430.8,97517.1,97333.4,97480.3,928.5704
2025-05-07 01:30:00,97480.2,97499.9,97226.7,97254.2,1038.3908
2025-05-07 01:45:00,97254.2,97411.9,97136.7,97198.6,1606.5848
2025-05-07 02:00:00,97198.7,97230.0,96782.1,96928.1,2588.2951
2025-05-07 02:15:00,96928.0,97028.3,96810.3,96848.0,947.9425
2025-05-07 02:30:00,96848.1,96860.2,96683.0,96698.8,958.1232
2025-05-07 02:45:00,96698.8,96716.7,96454.0,96595.4,1239.1086
2025-05-07 03:00:00,96595.3,96635.5,96330.3,96382.2,1589.2636
2025-05-07 03:15:00,96382.2,96483.5,96171.9,96414.3,2034.013
2025-05-07 03:30:00,96414.4,96566.0,96414.3,96471.5,1034.1368
2025-05-07 03:45:00,96471.5,96550.0,96381.3,96464.4,563.9006
2025-05-07 04:00:00,96464.4,96673.6,96464.3,96673.6,755.274
2025-05-07 04:15:00,96673.6,96675.8,96515.1,96515.1,555.6787
2025-05-07 04:30:00,96515.2,96515.2,96400.8,96473.3,498.2691
2025-05-07 04:45:00,96473.3,96584.0,96378.9,96546.2,499.3937
2025-05-07 05:00:00,96546.1,96546.2,96418.0,96460.0,373.0776
2025-05-07 05:15:00,96460.0,96476.8,96355.3,96389.5,326.3906
2025-05-07 05:30:00,96389.5,96477.2,96308.7,96326.1,524.1765
2025-05-07 05:45:00,96326.1,96388.4,96274.6,96350.0,312.4951
2025-05-07 06:00:00,96350.1,96625.0,96322.1,96625.0,985.4424
2025-05-07 06:15:00,96624.9,96625.0,96483.5,96558.8,336.3085
2025-05-07 06:30:00,96558.7,96558.8,96389.8,96488.2,350.2717
2025-05-07 06:45:00,96488.2,96555.5,96407.0,96526.4,243.1849
2025-05-07 07:00:00,96526.5,96651.1,96515.5,96628.1,447.194
2025-05-07 07:15:00,96628.1,96787.9,96608.6,96741.0,716.6236
2025-05-07 07:30:00,96741.1,96833.0,96685.0,96821.9,600.7522
2025-05-07 07:45:00,96821.9,96958.0,96815.7,96932.0,771.2351
2025-05-07 08:00:00,96931.9,96955.3,96801.4,96811.7,629.7176
2025-05-07 08:15:00,96811.6,96900.0,96811.6,96863.4,290.7618
2025-05-07 08:30:00,96863.5,97008.8,96830.0,96967.2,628.3048
2025-05-07 08:45:00,96967.2,97032.8,96902.1,96963.9,655.0352
2025-05-07 09:00:00,96963.9,97000.0,96875.0,96893.0,518.0982
2025-05-07 09:15:00,96893.0,96926.6,96818.4,96864.0,456.6013
2025-05-07 09:30:00,96863.9,96969.9,96812.0,96960.5,366.6816
2025-05-07 09:45:00,96960.5,96993.1,96905.9,96930.7,247.2063
2025-05-07 10:00:00,96930.8,96932.3,96822.7,96901.8,311.4387
2025-05-07 10:15:00,96901.9,96901.9,96778.8,96819.7,347.0538
2025-05-07 10:30:00,96819.8,97022.4,96777.0,97015.1,583.2353
2025-05-07 10:45:00,97015.1,97066.0,96952.8,96967.2,627.7845
2025-05-07 11:00:00,96967.2,97032.3,96890.0,96993.0,431.8694
2025-05-07 11:15:00,96993.0,97000.0,96881.1,96887.9,248.7366
2025-05-07 11:30:00,96888.0,96980.0,96871.7,96980.0,284.6799
2025-05-07 11:45:00,96980.0,97019.7,96916.6,96996.7,235.4741
2025-05-07 12:00:00,96996.7,97037.5,96859.6,96952.0,633.4282
2025-05-07 12:15:00,96952.1,97150.0,96905.1,96926.7,1212.1552
2025-05-07 12:30:00,96926.7,96977.1,96810.1,96875.9,517.2586
2025-05-07 12:45:00,96876.0,96929.6,96831.0,96912.7,266.4462
2025-05-07 13:00:00,96912.7,96912.8,96777.0,96790.0,520.2977
2025-05-07 13:15:00,96790.0,96800.0,96680.3,96688.0,755.7371
2025-05-07 13:30:00,96688.0,97265.0,96669.0,97180.4,2041.5381
2025-05-07 13:45:00,97180.4,97219.9,96783.8,96960.2,1614.8433
2025-05-07 14:00:00,96960.1,97260.8,96910.0,97146.7,1439.4064
2025-05-07 14:15:00,97146.7,97430.8,97075.0,97400.0,1099.8409
2025-05-07 14:30:00,97400.0,97444.3,97252.0,97255.5,1097.7736
2025-05-07 14:45:00,97255.5,97260.8,96748.6,96888.6,1892.8067
2025-05-07 15:00:00,96888.6,97018.3,96718.8,96820.6,1109.3804
2025-05-07 15:15:00,96820.7,97010.9,96810.1,96980.6,529.0887
2025-05-07 15:30:00,96980.6,97115.1,96880.0,97050.9,593.946
2025-05-07 15:45:00,97050.9,97064.0,96800.0,96896.0,457.8546
2025-05-07 16:00:00,96896.1,96897.3,96611.6,96764.2,1195.3954
2025-05-07 16:15:00,96764.3,96811.2,96470.8,96474.5,1810.6748
2025-05-07 16:30:00,96474.4,96668.2,96461.0,96654.8,1341.5169
2025-05-07 16:45:00,96654.8,96917.6,96634.0,96810.3,713.9247
2025-05-07 17:00:00,96810.3,96848.2,96676.3,96788.5,585.4533
2025-05-07 17:15:00,96788.4,96839.8,96566.8,96599.4,426.928
2025-05-07 17:30:00,96599.4,96657.0,96514.5,96531.1,624.3881
2025-05-07 17:45:00,96531.0,96680.0,96140.0,96279.9,1893.1246
2025-05-07 18:00:00,96279.9,96629.3,95834.7,96182.4,4001.8554
2025-05-07 18:15:00,96182.5,96480.0,96071.5,96400.1,1252.6856
2025-05-07 18:30:00,96400.1,96848.4,96242.8,96360.1,2453.0591
2025-05-07 18:45:00,96360.1,96568.1,95961.5,96553.9,2015.1296
2025-05-07 19:00:00,96553.9,96582.2,96275.9,96340.2,819.2458
2025-05-07 19:15:00,96340.2,96418.0,95934.9,95965.2,1000.2935
2025-05-07 19:30:00,95965.2,96588.0,95737.8,96421.8,2384.1317
2025-05-07 19:45:00,96421.8,96480.2,96036.0,96133.1,939.7823
2025-05-07 20:00:00,96133.1,96379.8,96026.7,96348.5,589.887
2025-05-07 20:15:00,96348.5,96380.0,96166.7,96247.5,427.2197
2025-05-07 20:30:00,96247.4,96403.3,96224.3,96403.3,385.2324
2025-05-07 20:45:00,96403.3,96710.0,96367.6,96710.0,1092.6936
2025-05-07 21:00:00,96710.0,96788.9,96591.8,96757.7,565.5225
2025-05-07 21:15:00,96757.6,97102.3,96712.6,97092.2,1291.2236
2025-05-07 21:30:00,97092.3,97209.7,96920.0,97200.0,1202.2339
2025-05-07 21:45:00,97200.0,97286.0,96955.0,97081.7,1192.914
2025-05-07 22:00:00,97081.7,97264.1,97016.7,97122.7,942.1696
2025-05-07 22:15:00,97122.7,97147.9,96961.6,96990.5,515.5326
2025-05-07 22:30:00,96990.0,97200.0,96982.0,97195.8,363.7739
2025-05-07 22:45:00,97195.9,97221.9,97113.9,97217.0,325.2445
2025-05-07 23:00:00,97217.0,97349.5,97200.0,97289.9,884.5798
2025-05-07 23:15:00,97290.0,97297.0,97135.3,97159.9,445.9121
2025-05-07 23:30:00,97159.9,97198.1,96950.0,96978.8,646.5171
2025-05-07 23:45:00,96978.9,97033.2,96922.0,96984.0,328.6938
2025-05-08 00:00:00,96983.9,97066.0,96922.9,97027.9,465.6626
2025-05-08 00:15:00,97028.0,97100.0,96956.1,97079.6,317.3037
2025-05-08 00:30:00,97079.6,97100.0,96805.0,96885.0,736.9708
2025-05-08 00:45:00,96885.1,97777.0,96841.9,97718.6,2551.6219
2025-05-08 01:00:00,97718.5,98350.0,97688.8,97811.1,5946.7211
2025-05-08 01:15:00,97811.1,98043.3,97551.1,97923.5,1779.0618
2025-05-08 01:30:00,97923.4,97975.9,97750.0,97787.4,969.6876
2025-05-08 01:45:00,97787.4,97909.0,97658.0,97775.8,910.6515
2025-05-08 02:00:00,97775.9,98030.0,97775.8,98030.0,943.0453
2025-05-08 02:15:00,98029.9,98557.8,97989.9,98547.9,4241.3659
2025-05-08 02:30:00,98547.9,98821.6,98516.2,98630.0,2995.5795
2025-05-15 09:30:00,101930.2,101950.0,101574.0,101660.8,1353.7672
2025-05-15 09:45:00,101660.7,101940.9,101464.4,101786.9,1499.0587
2025-05-15 10:00:00,101786.9,101833.8,101599.0,101718.0,462.471
2025-05-15 10:15:00,101717.9,101897.0,101690.5,101867.3,666.6793
2025-05-15 10:30:00,101867.3,101867.3,101576.8,101630.4,392.7389
2025-05-15 10:45:00,101630.4,101800.0,101556.0,101774.0,509.9318
2025-05-15 11:00:00,101774.1,102110.0,101742.5,102038.0,986.583
2025-05-15 11:15:00,102038.0,102300.0,102004.1,102226.0,950.3577
2025-05-15 11:30:00,102226.0,102405.5,102150.0,102224.9,745.0407
2025-05-15 11:45:00,102224.9,102376.4,102160.0,102324.4,385.9358
2025-05-15 12:00:00,102324.3,102400.0,102211.7,102256.0,558.6432
2025-05-15 12:15:00,102256.0,102559.3,102222.2,102477.1,795.8662
2025-05-15 12:30:00,102477.1,102800.0,102337.5,102734.1,2728.7571
2025-05-15 12:45:00,102734.1,102734.2,102420.0,102515.9,1231.5964
2025-05-15 13:00:00,102515.9,102750.0,102436.3,102703.1,692.2761
2025-05-15 13:15:00,102703.2,102732.0,102526.0,102526.0,577.4554
2025-05-15 13:30:00,102526.1,102732.7,102053.6,102285.9,2047.7028
2025-05-15 13:45:00,102285.9,102293.1,101500.0,102096.0,2854.8551
2025-05-15 14:00:00,102096.0,102366.5,101714.4,102074.0,1744.1611
2025-05-15 14:15:00,102074.1,102294.6,101756.1,101989.9,996.8196
2025-05-15 14:30:00,101989.9,102030.8,101547.0,101622.0,1872.5721
2025-05-15 14:45:00,101622.1,101942.9,101324.0,101939.5,1929.3812
2025-05-15 15:00:00,101939.5,102122.2,101880.0,102061.0,842.6813
2025-05-15 15:15:00,102060.9,102472.6,102052.7,102452.1,1193.7005
2025-05-15 15:30:00,102452.1,103048.3,102388.0,102953.7,2761.7678
2025-05-15 15:45:00,102953.7,103255.0,102902.0,103209.3,2616.5768
2025-05-15 16:00:00,103209.3,103355.0,103043.0,103043.0,1613.706
2025-05-15 16:15:00,103043.0,103294.0,103021.0,103118.5,1260.2352
2025-05-15 16:30:00,103118.5,103568.6,102978.1,103560.7,1194.7537
2025-05-15 16:45:00,103560.0,103810.0,103530.5,103807.0,1829.8844
2025-05-15 17:00:00,103807.5,103866.0,103601.1,103643.7,1086.934
2025-05-15 17:15:00,103645.4,104114.6,103645.4,103924.0,1620.9926
2025-05-15 17:30:00,103924.1,104172.9,103850.5,104033.9,971.2739
2025-05-15 17:45:00,104033.9,104120.0,103862.7,103930.0,660.3971
2025-05-15 18:00:00,103930.0,103970.0,103672.0,103868.8,1066.449
2025-05-15 18:15:00,103868.9,103919.0,103425.5,103450.2,1163.859
2025-05-15 18:30:00,103450.3,103556.7,103080.0,103269.6,1782.8492
2025-05-15 18:45:00,103270.0,103336.4,102600.0,102645.9,1939.0496
2025-05-15 19:00:00,102645.9,103091.1,102580.0,102991.9,1438.1732
2025-05-15 19:15:00,102991.9,103182.4,102503.9,102760.0,1031.6868
2025-05-15 19:30:00,102760.0,103048.5,102753.5,103030.8,604.5419
2025-05-15 19:45:00,103030.8,103188.0,102897.3,103110.0,596.1775
2025-05-15 20:00:00,103110.1,103388.0,102882.9,102909.2,1331.2436
2025-05-15 20:15:00,102909.2,103364.6,102842.0,103281.0,704.9444
2025-05-15 20:30:00,103280.9,103438.0,103166.1,103436.5,471.4683
2025-05-15 20:45:00,103436.4,103444.8,103327.5,103391.8,190.4583
2025-05-15 21:00:00,103391.8,103391.8,103077.6,103154.0,417.7058
2025-05-15 21:15:00,103154.1,103154.1,102660.2,103000.4,516.4024
2025-05-15 21:30:00,103000.5,103195.4,102789.9,103119.5,446.0086
2025-05-15 21:45:00,103119.6,103285.7,103079.3,103240.3,204.5576
2025-05-15 22:00:00,103240.2,103765.8,103196.0,103741.5,1495.1074
2025-05-15 22:15:00,103741.4,103975.4,103633.8,103639.0,1545.0903
2025-05-15 22:30:00,103639.1,103700.0,103585.6,103624.6,356.6382
2025-05-15 22:45:00,103624.6,103674.0,103444.0,103457.5,394.3953
2025-05-15 23:00:00,103457.5,103620.0,103321.0,103422.6,538.3688
2025-05-15 23:15:00,103422.7,103559.8,103185.7,103474.9,896.7919
2025-05-15 23:30:00,103475.0,103866.0,103475.0,103750.0,1034.4091
2025-05-15 23:45:00,103750.0,103838.0,103655.6,103723.9,443.6471
2025-05-16 00:00:00,103723.8,103888.1,103621.2,103884.5,1064.6701
2025-05-16 00:15:00,103884.5,103960.0,103707.5,103712.6,567.7622
2025-05-16 00:30:00,103712.6,104009.4,103712.6,103924.3,686.1755
2025-05-16 00:45:00,103924.3,103955.0,103622.0,103731.8,585.9816
2025-05-16 01:00:00,103731.7,103777.7,103465.1,103625.3,685.7509
2025-05-16 01:15:00,103625.3,103756.4,103438.7,103754.8,508.7857
2025-05-16 01:30:00,103754.7,104088.0,103740.0,104042.4,1163.136
2025-05-16 01:45:00,104042.5,104058.0,103880.0,104025.3,578.7346
2025-05-16 02:00:00,104025.3,104324.6,104025.3,104234.7,1479.3292
2025-05-16 02:15:00,104234.7,104322.2,103898.0,104244.8,1312.7258
2025-05-16 02:30:00,104244.9,104438.5,104109.0,104116.1,928.8873
2025-05-16 02:45:00,104116.1,104204.1,104040.6,104166.1,533.605
2025-05-16 03:00:00,104166.1,104211.1,104020.0,104076.0,433.066
2025-05-16 03:15:00,104076.0,104275.0,104000.2,104224.0,401.5246
2025-05-16 03:30:00,104224.1,104309.6,103966.6,104020.7,668.6973
2025-05-16 03:45:00,104020.8,104100.0,103975.3,103997.2,285.3861
2025-05-16 04:00:00,103997.2,104164.0,103974.1,104024.6,462.5113
2025-05-16 04:15:00,104024.5,104024.6,103880.5,103893.5,563.7673
2025-05-16 04:30:00,103893.5,103950.0,103772.0,103797.2,553.4683
2025-05-16 04:45:00,103797.2,103920.0,103772.0,103887.7,282.8228
2025-05-16 05:00:00,103887.7,104005.0,103882.0,103963.6,321.6749
2025-05-16 05:15:00,103963.6,104120.0,103938.6,104000.0,463.4053
2025-05-16 05:30:00,104000.0,104000.1,103800.0,104000.0,403.5991
2025-05-16 05:45:00,104000.0,104040.0,103859.6,103877.5,310.3812
2025-05-16 06:00:00,103877.5,103980.2,103843.6,103887.7,352.0284
2025-05-16 06:15:00,103887.7,104005.0,103884.6,103924.6,300.2208
2025-05-16 06:30:00,103924.6,104050.0,103902.2,103966.6,321.8752
2025-05-16 06:45:00,103966.6,104061.9,103900.0,103952.0,367.0487
2025-05-16 07:00:00,103952.0,103988.9,103808.5,103944.9,435.7471
2025-05-16 07:15:00,103944.9,104161.6,103922.3,104045.7,564.0957
2025-05-16 07:30:00,104045.7,104050.0,103770.1,103789.0,768.9717
2025-05-16 07:45:00,103789.0,103834.6,103650.3,103672.7,899.3691
2025-05-16 08:00:00,103672.6,103743.8,103456.0,103462.1,1006.6923
2025-05-16 08:15:00,103462.0,103462.1,103066.0,103227.1,1968.8008
2025-05-16 08:30:00,103227.1,103327.1,103135.0,103290.1,920.8061
2025-05-16 08:45:00,103290.2,103442.8,103211.1,103368.1,863.7337
2025-05-16 09:00:00,103368.2,103649.9,103368.2,103600.1,857.9732
2025-05-16 09:15:00,103600.0,103734.9,103522.9,103667.6,883.4485
2025-05-16 09:30:00,103667.7,103730.0,103575.7,103622.7,604.7255
2025-05-16 09:45:00,103622.7,103772.0,103622.7,103759.7,381.3713
2025-05-16 10:00:00,103759.6,103839.9,103584.7,103725.3,595.2461
2025-05-16 10:15:00,103725.2,103789.7,103646.4,103670.1,386.4134
2025-05-16 10:30:00,103670.1,103795.2,103670.1,103716.4,353.5671
2025-05-16 10:45:00,103716.5,103823.9,103700.0,103752.4,301.572
2025-05-16 11:00:00,103752.4,103845.7,103692.0,103725.2,350.9612
2025-05-16 11:15:00,103725.2,103867.6,103540.1,103562.1,598.0447
2025-05-16 11:30:00,103562.2,103672.0,103505.1,103510.1,314.7537
2025-05-16 11:45:00,103510.1,103645.6,103510.1,103621.4,220.8504
2025-05-16 12:00:00,103621.5,103732.0,103535.0,103680.0,324.7366
2025-05-16 12:15:00,103680.0,103680.0,103475.0,103556.3,516.1412
2025-05-16 12:30:00,103556.4,103666.0,103525.0,103557.0,265.8911
2025-05-16 12:45:00,103556.9,103630.2,103442.9,103454.9,418.1835
2025-05-16 13:00:00,103455.0,103600.0,103410.7,103576.7,287.9869
2025-05-16 13:15:00,103576.7,103608.0,103440.0,103460.0,330.9716
2025-05-16 13:30:00,103460.1,103888.0,103380.0,103697.4,1191.8103
2025-05-16 13:45:00,103697.4,104050.0,103697.4,103955.6,1241.4302
2025-05-16 14:00:00,103955.5,103955.5,103440.0,103563.1,1426.572
2025-05-16 14:15:00,103563.2,103928.2,103534.1,103773.1,892.3457
2025-05-16 14:30:00,103773.1,103773.1,103288.0,103294.6,1128.7557
2025-05-16 14:45:00,103294.5,103590.0,103288.4,103535.8,900.5964
2025-05-16 15:00:00,103535.9,104247.0,103535.9,104062.6,2340.0569
2025-05-16 15:15:00,104062.5,104114.1,103774.3,103799.9,1061.5899
2025-05-16 15:30:00,103799.9,104035.9,103777.0,103959.9,735.8733
2025-05-16 15:45:00,103960.0,104131.7,103837.8,104131.6,469.0438
2025-05-16 16:00:00,104131.7,104541.6,104126.0,104247.4,2404.5406
2025-05-16 16:15:00,104247.4,104350.0,103844.0,103884.0,3198.7932
2025-05-16 16:30:00,103884.0,104013.9,103728.7,103922.6,1639.296
2025-05-16 16:45:00,103922.6,104162.0,103842.2,104094.3,493.3079
2025-05-16 17:00:00,104094.4,104216.2,103950.0,104064.5,600.4457
2025-05-16 17:15:00,104064.6,104342.3,104064.6,104219.5,715.3811
2025-05-16 17:30:00,104219.5,104257.8,103880.7,103974.6,781.701
2025-05-16 17:45:00,103974.6,104020.8,103710.8,103814.2,587.4918
2025-05-16 18:00:00,103814.3,104019.1,103781.8,103944.0,369.627
2025-05-16 18:15:00,103944.0,104049.2,103800.0,103829.0,376.6063
2025-05-16 18:30:00,103829.0,103988.9,103781.8,103782.1,230.321
2025-05-16 18:45:00,103782.1,103860.0,103639.3,103639.3,529.2165
2025-05-16 19:00:00,103639.3,103800.0,103630.5,103677.6,290.7221
2025-05-16 19:15:00,103677.6,103690.7,103530.0,103618.8,444.789
2025-05-16 19:30:00,103618.8,103788.9,103608.0,103734.9,388.2531
2025-05-16 19:45:00,103734.9,103990.0,103656.8,103960.0,509.4471
2025-05-16 20:00:00,103960.0,103977.1,103780.8,103864.1,346.7395
2025-05-16 20:15:00,103864.0,103864.0,103772.0,103819.2,212.1502
2025-05-16 20:30:00,103819.2,103819.3,103499.9,103541.8,427.8556
2025-05-16 20:45:00,103541.8,103695.9,103452.0,103630.4,450.8681
2025-05-16 21:00:00,103630.4,103743.7,103614.6,103711.9,363.5094
2025-05-16 21:15:00,103711.9,103712.0,103504.2,103514.4,221.2267
2025-05-16 21:30:00,103514.4,103697.7,103432.2,103683.5,527.1179
2025-05-16 21:45:00,103683.5,103683.5,103506.4,103554.5,177.9487
2025-05-16 22:00:00,103554.4,103562.4,103371.6,103404.1,281.349
2025-05-16 22:15:00,103404.2,103513.5,103355.7,103409.7,190.5221
2025-05-16 22:30:00,103409.8,103429.8,103370.1,103391.0,178.9312
2025-05-16 22:45:00,103390.9,103492.6,103352.7,103464.5,393.3246
2025-05-16 23:00:00,103464.5,103633.4,103464.4,103619.8,429.8698
2025-05-16 23:15:00,103619.7,103637.7,103487.5,103564.3,249.1583
2025-05-16 23:30:00,103564.3,103588.3,103458.4,103471.9,158.7243
2025-05-16 23:45:00,103471.9,103483.1,103366.6,103411.5,310.707
2025-05-17 00:00:00,103411.5,103497.7,103336.7,103492.3,485.8184
2025-05-17 00:15:00,103492.3,103500.0,103220.0,103228.0,789.1486
2025-05-17 00:30:00,103228.0,103322.2,103037.1,103144.5,1044.6908
2025-05-17 00:45:00,103144.5,103385.9,103093.5,103300.0,617.8644
2025-05-17 01:00:00,103300.1,103300.1,102854.7,102873.0,1115.1467
2025-05-17 01:15:00,102873.0,102953.7,102666.0,102950.0,1118.3095
2025-05-17 01:30:00,102950.0,102980.0,102742.1,102920.0,485.1607
2025-05-17 01:45:00,102919.9,102920.0,102559.8,102779.0,887.3663
2025-05-17 02:00:00,102779.0,102999.9,102716.6,102716.6,814.8267
2025-05-17 02:15:00,102716.6,103178.0,102686.0,103110.1,916.5976
2025-05-17 02:30:00,103110.2,103260.0,103110.1,103223.1,612.7533
2025-05-17 02:45:00,103223.1,103316.7,103117.0,103227.6,438.1893
2025-05-17 03:00:00,103227.6,103316.6,103146.4,103190.3,308.6679
2025-05-17 03:15:00,103190.3,103239.3,103110.0,103239.2,254.0627
2025-05-17 03:30:00,103239.2,103455.5,103161.8,103411.9,559.3145
2025-05-17 03:45:00,103412.0,103544.4,103373.2,103466.3,560.989
2025-05-17 04:00:00,103466.3,103544.4,103416.0,103456.0,579.7844
2025-05-17 04:15:00,103456.1,103599.9,103445.0,103557.4,530.4676
2025-05-17 04:30:00,103557.4,103623.9,103522.2,103522.7,285.3296
2025-05-17 04:45:00,103520.9,103624.0,103429.7,103601.3,517.2225
2025-05-17 05:00:00,103601.4,103665.8,103530.0,103540.9,387.2059
2025-05-17 05:15:00,103541.0,103563.5,103463.1,103506.0,275.193
2025-05-17 05:30:00,103505.9,103552.8,103455.0,103482.1,207.2229
2025-05-17 05:45:00,103482.1,103482.1,103280.0,103304.0,540.8465
2025-05-17 06:00:00,103303.9,103462.0,103303.9,103452.2,273.1823
2025-05-17 06:15:00,103452.3,103452.3,103291.3,103291.4,355.1048
2025-05-17 06:30:00,103291.3,103440.4,103239.8,103440.0,254.1746
2025-05-17 06:45:00,103440.1,103460.0,103373.4,103441.2,195.0301
2025-05-17 07:00:00,103441.2,103509.5,103404.6,103504.3,304.1592
2025-05-17 07:15:00,103504.4,103598.4,103442.0,103564.9,353.1281
2025-05-17 07:30:00,103565.0,103581.8,103420.1,103420.1,163.2054
2025-05-17 07:45:00,103420.1,103434.8,103380.0,103394.5,238.5187
2025-05-17 08:00:00,103394.5,103409.6,103275.3,103309.2,336.178
2025-05-17 08:15:00,103309.2,103416.3,103081.4,103410.1,1062.8732
2025-05-17 08:30:00,103410.2,103515.2,103392.9,103418.2,447.369
2025-05-17 08:45:00,103418.3,103435.2,103347.3,103363.8,278.8804
2025-05-17 09:00:00,103363.8,103492.6,103087.4,103127.4,1099.2929
2025-05-17 09:15:00,103127.4,103136.5,102802.0,102849.1,1341.2123
2025-05-17 09:30:00,102849.1,103028.6,102800.1,102857.0,747.5157
2025-05-17 09:45:00,102857.0,102955.6,102777.0,102861.2,500.4067
2025-05-17 10:00:00,102861.2,103007.1,102799.0,102974.0,485.1381
2025-05-17 10:15:00,102974.0,103006.7,102900.0,102951.4,317.7133
2025-05-17 10:30:00,102951.4,102987.8,102780.0,102798.0,458.2656
2025-05-17 10:45:00,102798.0,102919.9,102792.9,102836.8,285.4164
2025-05-17 11:00:00,102836.7,102911.7,102716.3,102720.0,503.0968
2025-05-17 11:15:00,102719.9,102826.0,102707.2,102752.7,376.007
2025-05-17 11:30:00,102752.7,102969.9,102745.5,102968.0,463.4865
2025-05-17 11:45:00,102967.9,103056.0,102923.0,102946.2,350.4127
2025-05-17 12:00:00,102946.3,103026.1,102865.8,102886.1,316.8137
2025-05-17 12:15:00,102886.0,103000.0,102845.9,102954.0,278.1319
2025-05-17 12:30:00,102954.0,102999.0,102884.1,102950.0,202.8878
2025-05-17 12:45:00,102949.9,102950.0,102865.9,102901.2,179.9235
2025-05-17 13:00:00,102901.2,103042.3,102784.5,103035.7,515.8605
2025-05-17 13:15:00,103035.7,103067.8,102824.9,102895.1,425.1612
2025-05-17 13:30:00,102895.1,102910.0,102733.4,102767.7,506.7039
2025-05-17 13:45:00,102767.8,102767.8,102590.9,102674.0,847.2273
2025-05-17 14:00:00,102674.0,102888.0,102664.8,102888.0,496.4044
2025-05-17 14:15:00,102888.0,103008.0,102856.5,102982.0,494.4895
2025-05-17 14:30:00,102982.1,103051.6,102943.0,103006.4,414.6621
2025-05-17 14:45:00,103006.5,103154.2,102990.1,103084.8,1067.72
2025-05-17 15:00:00,103084.8,103120.3,102954.4,103024.1,453.5825
2025-05-17 15:15:00,103024.1,103130.0,102922.4,103051.0,450.6064
2025-05-17 15:30:00,103051.0,103069.9,103007.6,103014.1,222.0691
2025-05-17 15:45:00,103014.0,103014.1,102888.0,102888.1,379.9007
2025-05-17 16:00:00,102888.1,103012.5,102850.8,102927.9,454.5877
2025-05-17 16:15:00,102928.0,103072.9,102861.6,102957.7,317.882
2025-05-17 16:30:00,102957.7,102969.1,102720.9,102841.9,677.5952
2025-05-17 16:45:00,102841.9,102911.9,102712.6,102911.9,367.2266
2025-05-17 17:00:00,102911.9,103144.2,102890.8,103092.7,566.8485
2025-05-17 17:15:00,103092.7,103231.9,102988.9,103183.0,450.2204
2025-05-17 17:30:00,103183.1,103254.3,103116.3,103149.1,442.9732
2025-05-17 17:45:00,103149.1,103180.0,103078.0,103078.0,271.8797
2025-05-17 18:00:00,103078.1,103322.2,103029.8,103182.0,1016.1962
2025-05-17 18:15:00,103182.0,103239.1,103000.0,103156.9,446.5324
2025-05-17 18:30:00,103156.9,103157.0,102950.7,103045.9,382.1858
2025-05-17 18:45:00,103046.0,103046.0,102922.0,102952.0,256.4453
2025-05-17 19:00:00,102952.0,103055.9,102877.8,103055.8,202.9333
2025-05-17 19:15:00,103055.8,103079.8,103017.4,103017.5,120.8744
2025-05-17 19:30:00,103017.5,103144.9,102971.7,103144.8,199.425
2025-05-17 19:45:00,103144.8,103155.2,103076.0,103109.0,84.255
2025-05-17 20:00:00,103109.0,103161.7,103031.6,103042.9,144.1167
2025-05-17 20:15:00,103043.0,103149.8,103036.4,103127.6,142.6646
2025-05-17 20:30:00,103127.6,103200.0,103127.6,103196.0,114.5965
2025-05-17 20:45:00,103195.9,103397.0,103150.0,103331.9,394.3263
2025-05-17 21:00:00,103332.0,103446.9,103250.0,103365.6,310.4024
2025-05-17 21:15:00,103365.6,103379.5,103130.0,103170.0,159.8274
2025-05-17 21:30:00,103170.0,103272.0,103100.5,103193.9,321.4342
2025-05-17 21:45:00,103193.9,103266.6,103078.2,103210.6,273.4383
2025-05-17 22:00:00,103210.6,103216.1,102884.7,102964.0,652.9714
2025-05-17 22:15:00,102963.9,102990.0,102890.0,102890.0,238.2048
2025-05-17 22:30:00,102890.0,103018.5,102852.0,102987.3,225.9477
2025-05-17 22:45:00,102987.3,103072.5,102958.9,102998.6,161.0374
2025-05-17 23:00:00,102998.7,103135.6,102913.9,103118.5,198.4483
2025-05-17 23:15:00,103118.5,103171.5,103054.8,103130.9,107.4225
2025-05-17 23:30:00,103130.9,103180.0,103082.9,103119.7,120.1528
2025-05-17 23:45:00,103119.7,103174.0,103064.3,103093.0,101.1286
2025-05-18 00:00:00,103093.0,103199.0,103068.2,103180.9,176.3861
2025-05-18 00:15:00,103181.0,103277.3,103060.0,103230.0,212.4982
2025-05-18 00:30:00,103229.9,103290.0,103126.7,103238.0,251.2584
2025-05-18 00:45:00,103238.0,103374.5,103210.0,103330.1,425.3875
2025-05-18 01:00:00,103330.0,103362.5,103211.1,103227.0,241.5202
2025-05-18 01:15:00,103227.0,103288.6,103150.0,103183.9,169.7627
2025-05-18 01:30:00,103184.0,103236.2,103137.0,103144.1,130.5636
2025-05-18 01:45:00,103144.1,103272.0,103100.1,103217.2,229.0054
2025-05-18 02:00:00,103217.3,103285.6,103202.2,103285.5,127.2965
2025-05-18 02:15:00,103285.6,103291.9,103234.0,103265.2,154.8692
2025-05-18 02:30:00,103265.2,103281.1,103214.6,103251.9,116.445
2025-05-18 02:45:00,103251.9,103317.9,103251.9,103294.0,115.937
2025-05-18 03:00:00,103293.9,103359.5,103160.0,103181.0,371.4185
2025-05-18 03:15:00,103181.0,103181.1,103102.0,103102.1,329.0081
2025-05-18 03:30:00,103102.0,103283.1,103102.0,103254.8,236.7602
2025-05-18 03:45:00,103254.8,103270.3,103212.2,103245.4,94.1053
2025-05-18 04:00:00,103245.4,103284.3,103245.4,103263.8,84.9126
2025-05-18 04:15:00,103263.8,103279.4,103260.1,103261.8,65.0469
2025-05-18 04:30:00,103261.8,103400.0,103261.7,103371.9,360.6818
2025-05-18 04:45:00,103371.9,103406.4,103264.1,103315.7,495.9719
2025-05-18 05:00:00,103315.7,103395.0,103315.6,103374.0,240.7578
2025-05-18 05:15:00,103374.0,103433.3,103373.9,103398.5,364.7243
2025-05-18 05:30:00,103398.5,103456.1,103361.2,103446.7,375.8064
2025-05-18 05:45:00,103446.7,103648.0,103446.7,103605.0,739.8144
2025-05-18 06:00:00,103604.9,103631.9,103513.8,103563.0,459.7537
2025-05-18 06:15:00,103563.0,103582.3,103454.0,103461.1,218.5793
2025-05-18 06:30:00,103461.1,103461.1,103328.4,103436.9,369.1816
2025-05-18 06:45:00,103436.9,103445.7,103334.4,103429.7,348.9646
2025-05-18 07:00:00,103429.7,103496.0,103395.6,103495.9,236.7283
2025-05-18 07:15:00,103496.0,103570.0,103495.9,103561.0,431.2977
2025-05-18 07:30:00,103560.9,103581.9,103496.0,103581.9,228.2036
2025-05-18 07:45:00,103581.9,103949.9,103548.0,103890.0,1438.7395
2025-05-18 08:00:00,103890.0,104063.2,103834.4,103862.0,1407.8871
2025-05-18 08:15:00,103862.0,103974.7,103780.0,103948.1,640.3332
2025-05-18 08:30:00,103948.1,103957.0,103826.4,103836.3,356.8193
2025-05-18 08:45:00,103836.3,103954.0,103827.3,103884.8,249.8626
2025-05-18 09:00:00,103884.7,103982.7,103884.7,103975.0,470.6872
2025-05-18 09:15:00,103975.0,103996.6,103866.0,103920.8,288.4858
2025-05-18 09:30:00,103920.9,103953.7,103807.7,103810.0,348.5272
2025-05-18 09:45:00,103810.1,103853.1,103800.0,103840.2,299.3068
2025-05-18 10:00:00,103840.1,103900.0,103817.4,103899.9,253.8281
2025-05-18 10:15:00,103900.0,103905.0,103767.5,103767.8,279.7089
2025-05-18 10:30:00,103767.8,103824.3,103766.7,103818.5,200.0385
2025-05-18 10:45:00,103818.5,103841.9,103801.6,103834.0,133.2465
2025-05-18 11:00:00,103833.9,103877.8,103817.7,103822.0,164.973
2025-05-18 11:15:00,103822.0,103930.2,103822.0,103880.6,187.1932
2025-05-18 11:30:00,103880.6,103970.9,103786.8,103786.8,274.6123
2025-05-18 11:45:00,103786.9,103810.6,103757.4,103760.0,195.447
2025-05-18 12:00:00,103760.1,103777.1,103660.0,103723.2,523.8948
2025-05-18 12:15:00,103723.3,103845.3,103710.1,103833.0,207.3101
2025-05-25 19:15:00,107397.0,107592.3,107396.9,107592.3,247.944
2025-05-25 19:30:00,107592.3,107675.0,107590.5,107619.8,512.809
2025-05-25 19:45:00,107619.8,107921.7,107619.8,107674.0,794.139
2025-05-25 20:00:00,107674.0,107730.4,107490.7,107511.1,438.275
2025-05-25 20:15:00,107511.1,107582.9,107396.2,107550.0,397.1927
2025-05-25 20:30:00,107550.0,107682.3,107520.2,107672.1,174.5137
2025-05-25 20:45:00,107672.0,107672.1,107600.0,107657.3,126.1303
2025-05-25 21:00:00,107657.3,107894.2,107603.3,107842.0,319.4679
2025-05-25 21:15:00,107842.0,107842.1,107375.0,107431.5,676.018
2025-05-25 21:30:00,107431.6,107432.2,107123.2,107432.2,503.826
2025-05-25 21:45:00,107432.2,107634.0,107366.8,107430.4,342.0211
2025-05-25 22:00:00,107430.4,108666.0,107305.5,108347.9,3455.9477
2025-05-25 22:15:00,108347.8,108662.1,108073.3,108289.9,1991.5353
2025-05-25 22:30:00,108290.0,108600.0,108239.4,108578.6,889.3572
2025-05-25 22:45:00,108578.5,109168.0,108462.1,109112.0,2081.6689
2025-05-25 23:00:00,109112.0,109285.9,108831.5,108869.9,1814.9215
2025-05-25 23:15:00,108870.0,108942.0,108512.0,108595.7,1225.5169
2025-05-25 23:30:00,108595.7,109020.0,108524.8,108848.0,956.9446
2025-05-25 23:45:00,108847.9,109028.5,108784.2,108962.2,681.0154
2025-05-26 00:00:00,108962.1,109017.7,108843.8,108872.5,563.7734
2025-05-26 00:15:00,108872.5,109051.9,108639.4,108768.4,742.4545
2025-05-26 00:30:00,108768.4,109250.0,108735.1,109142.4,1161.4591
2025-05-26 00:45:00,109142.3,109570.0,109103.9,109500.0,2074.6236
2025-05-26 01:00:00,109500.1,109766.0,109253.0,109349.9,2023.5768
2025-05-26 01:15:00,109349.9,109422.2,109184.2,109279.9,606.0688
2025-05-26 01:30:00,109280.0,109706.7,109179.1,109597.9,913.0248
2025-05-26 01:45:00,109598.0,109819.5,109401.4,109501.2,1310.6413
2025-05-26 02:00:00,109501.2,109743.7,109418.4,109476.8,604.3007
2025-05-26 02:15:00,109476.8,109655.0,109425.0,109472.0,482.0612
2025-05-26 02:30:00,109472.0,109491.6,109164.0,109250.7,824.1864
2025-05-26 02:45:00,109250.7,109398.0,109145.7,109340.8,590.1457
2025-05-26 03:00:00,109340.8,109356.6,109222.2,109277.1,340.4463
2025-05-26 03:15:00,109277.0,109663.2,109231.9,109617.8,1040.2981
2025-05-26 03:30:00,109617.8,109688.0,109520.8,109598.2,593.5452
2025-05-26 03:45:00,109600.0,109720.0,109525.5,109586.0,454.4103
2025-05-26 04:00:00,109586.0,109642.8,109473.4,109487.6,610.4851
2025-05-26 04:15:00,109487.6,109620.0,109460.5,109606.7,390.9107
2025-05-26 04:30:00,109606.8,109690.0,109581.1,109591.5,451.6381
2025-05-26 04:45:00,109591.6,109670.0,109457.3,109490.0,562.85
2025-05-26 05:00:00,109489.9,109561.0,109309.1,109389.4,580.185
2025-05-26 05:15:00,109389.4,109580.0,109360.0,109547.9,593.8039
2025-05-26 05:30:00,109547.8,109646.1,109462.2,109610.0,413.399
2025-05-26 05:45:00,109609.9,109645.4,109555.9,109594.2,302.3922
2025-05-26 06:00:00,109594.2,109685.0,109500.0,109523.7,368.102
2025-05-26 06:15:00,109522.7,109733.3,109465.2,109688.1,674.4254
2025-05-26 06:30:00,109688.1,109688.1,109479.5,109518.0,323.029
2025-05-26 06:45:00,109518.0,109916.9,109518.0,109890.8,1141.7596
2025-05-26 07:00:00,109890.8,110189.7,109800.0,109800.0,2220.1036
2025-05-26 07:15:00,109800.0,110023.5,109694.7,109813.5,1177.9669
2025-05-26 07:30:00,109813.5,110047.4,109730.0,109958.1,751.6581
2025-05-26 07:45:00,109958.0,110045.0,109875.0,110045.0,676.7986
2025-05-26 08:00:00,110044.9,110139.3,109785.6,109859.9,817.8384
2025-05-26 08:15:00,109859.9,109930.9,109734.1,109760.2,830.1484
2025-05-26 08:30:00,109760.2,109856.4,109637.2,109687.3,695.233
2025-05-26 08:45:00,109687.3,109741.0,109561.1,109635.3,461.5659
2025-05-26 09:00:00,109635.3,109789.0,109561.0,109784.4,497.3687
2025-05-26 09:15:00,109784.3,109968.0,109764.0,109872.3,714.8602
2025-05-26 09:30:00,109872.4,109916.0,109630.6,109646.0,703.9534
2025-05-26 09:45:00,109646.1,109768.0,109576.0,109677.8,535.2958
2025-05-26 10:00:00,109677.8,109805.0,109620.1,109695.1,322.9661
2025-05-26 10:15:00,109695.1,109830.0,109628.8,109781.9,262.7531
2025-05-26 10:30:00,109781.9,109808.0,109709.0,109763.4,206.5062
2025-05-26 10:45:00,109763.4,109795.4,109530.5,109608.4,512.2435
2025-05-26 11:00:00,109608.3,109684.0,109523.5,109626.2,475.6605
2025-05-26 11:15:00,109626.2,109685.0,109550.9,109667.8,297.0303
2025-05-26 11:30:00,109667.8,109802.9,109540.0,109762.4,441.7391
2025-05-26 11:45:00,109762.4,109799.1,109667.0,109749.4,254.0573
2025-05-26 12:00:00,109749.4,109812.0,109632.6,109680.8,623.262
2025-05-26 12:15:00,109680.8,109795.5,109660.0,109707.0,528.0073
2025-05-26 12:30:00,109707.0,109766.0,109670.5,109680.9,266.732
2025-05-26 12:45:00,109681.0,110035.0,109624.3,109782.0,1056.7282
2025-05-26 13:00:00,109782.0,109931.2,109636.4,109694.1,917.3218
2025-05-26 13:15:00,109694.0,109873.8,109642.7,109810.9,668.9356
2025-05-26 13:30:00,109810.9,109947.3,109725.0,109813.4,527.3947
2025-05-26 13:45:00,109813.4,109822.8,109430.5,109554.4,1363.7296
2025-05-26 14:00:00,109554.5,109659.5,109460.0,109646.0,783.549
2025-05-26 14:15:00,109645.9,109675.7,109455.1,109646.2,856.7635
2025-05-26 14:30:00,109646.2,109696.5,109470.0,109564.1,562.0921
2025-05-26 14:45:00,109564.0,109700.0,109455.1,109621.3,776.422
2025-05-26 15:00:00,109622.1,109695.7,109500.0,109608.1,411.1984
2025-05-26 15:15:00,109608.0,109862.4,109568.8,109848.5,801.5203
2025-05-26 15:30:00,109848.5,110380.0,109848.4,109913.1,3884.2397
2025-05-26 15:45:00,109913.1,110200.0,109856.5,109950.5,3494.1736
2025-05-26 16:00:00,109950.5,110392.7,109899.6,110028.0,2703.0057
2025-05-26 16:15:00,110028.1,110042.0,109048.7,109290.1,4088.8136
2025-05-26 16:30:00,109290.1,109578.0,109110.0,109547.9,2584.4181
2025-05-26 16:45:00,109547.8,109617.7,109290.9,109356.4,978.4424
2025-05-26 17:00:00,109356.3,109660.0,109300.0,109420.3,724.0937
2025-05-26 17:15:00,109420.3,109497.3,109180.0,109337.0,574.0536
2025-05-26 17:30:00,109337.1,109408.0,109150.0,109170.1,661.9972
2025-05-26 17:45:00,109170.0,109170.1,108826.9,109142.3,1987.882
2025-05-26 18:00:00,109142.3,109232.8,108986.4,109232.8,508.4352
2025-05-26 18:15:00,109232.8,109270.0,108970.0,109249.9,504.4603
2025-05-26 18:30:00,109249.9,109428.6,109239.9,109240.0,594.2458
2025-05-26 18:45:00,109240.0,109240.0,109008.8,109052.2,494.2904
2025-05-26 19:00:00,109052.2,109109.3,108877.0,109011.9,673.6267
2025-05-26 19:15:00,109012.9,109156.9,108923.9,109082.4,496.9597
2025-05-26 19:30:00,109082.4,109098.1,108803.5,108968.3,594.7284
2025-05-26 19:45:00,108968.3,109143.0,108916.0,109085.7,436.3837
2025-05-26 20:00:00,109085.7,109280.5,108902.7,109232.0,579.7496
2025-05-26 20:15:00,109231.9,109300.0,109118.0,109241.2,319.1912
2025-05-26 20:30:00,109241.2,109588.0,109191.5,109414.8,701.1164
2025-05-26 20:45:00,109415.2,109567.4,109314.2,109560.8,460.85
2025-05-26 21:00:00,109560.8,109612.8,109260.9,109300.5,646.6301
2025-05-26 21:15:00,109300.5,109317.7,109075.0,109235.0,398.3268
2025-05-26 21:30:00,109235.1,109443.1,109118.6,109131.5,409.7763
2025-05-26 21:45:00,109131.5,109337.9,109120.0,109288.0,239.3288
2025-05-26 22:00:00,109288.1,109874.3,109245.3,109628.1,998.8248
2025-05-26 22:15:00,109628.2,109691.8,109416.3,109444.2,449.0706
2025-05-26 22:30:00,109444.2,109544.4,109300.0,109345.8,431.8748
2025-05-26 22:45:00,109345.8,109375.7,109116.4,109145.1,412.2922
2025-05-26 23:00:00,109145.1,109298.5,109005.0,109267.4,425.5232
2025-05-26 23:15:00,109267.3,109298.5,109088.0,109172.1,432.5677
2025-05-26 23:30:00,109172.1,109333.4,109132.0,109291.6,376.751
2025-05-26 23:45:00,109292.0,109422.4,109272.2,109391.9,337.2717
2025-05-27 00:00:00,109391.9,109496.9,109279.2,109463.1,666.9878
2025-05-27 00:15:00,109463.2,109637.9,109256.0,109325.2,937.6037
2025-05-27 00:30:00,109325.2,109344.0,109176.3,109218.0,523.6173
2025-05-27 00:45:00,109218.1,109279.6,109099.0,109109.1,531.2801
2025-05-27 01:00:00,109109.1,109110.0,108650.1,108697.0,1869.0355
2025-05-27 01:15:00,108697.0,108708.0,107469.3,108320.6,8258.5282
2025-05-27 01:30:00,108320.6,108603.8,108135.5,108318.0,2976.3199
2025-05-27 01:45:00,108318.0,108385.9,108132.5,108358.3,994.7958
2025-05-27 02:00:00,108358.4,108499.0,108231.4,108325.9,669.0755
2025-05-27 02:15:00,108325.8,108558.8,108208.7,108532.9,686.0824
2025-05-27 02:30:00,108532.9,108650.0,108388.3,108480.0,769.1126
2025-05-27 02:45:00,108480.0,108490.8,107840.1,108229.1,2336.4234
2025-05-27 03:00:00,108229.2,109094.7,108226.1,108904.9,3868.989
2025-05-27 03:15:00,108904.9,109352.2,108863.2,108875.1,2455.6045
2025-05-27 03:30:00,108875.0,109065.9,108832.8,108923.2,902.014
2025-05-27 03:45:00,108923.2,108957.4,108813.0,108851.5,377.5331
2025-05-27 04:00:00,108851.5,109058.0,108814.0,108900.3,507.9725
2025-05-27 04:15:00,108900.2,109100.0,108875.0,109010.8,350.9039
2025-05-27 04:30:00,109010.8,109177.0,108944.6,109063.6,551.4207
2025-05-27 04:45:00,109063.5,109300.0,108868.0,108894.7,1480.9837
2025-05-27 05:00:00,108894.7,108921.9,108757.0,108844.7,705.5517
2025-05-27 05:15:00,108844.7,108854.9,108466.6,108595.1,2757.6516
2025-05-27 05:30:00,108595.1,108777.8,108452.1,108716.1,997.8493
2025-05-27 05:45:00,108716.2,108920.0,108661.2,108859.2,500.4641
2025-05-27 06:00:00,108859.2,109179.3,108853.6,109064.9,1870.5815
2025-05-27 06:15:00,109064.8,109116.3,108865.3,109053.9,852.6997
2025-05-27 06:30:00,109053.9,109209.9,109000.9,109156.1,813.9248
2025-05-27 06:45:00,109156.1,109200.0,108770.0,108770.1,1066.9898
2025-05-27 07:00:00,108770.2,109079.2,108770.1,109016.4,698.9438
2025-05-27 07:15:00,109016.4,109240.0,109012.7,109116.8,644.65
2025-05-27 07:30:00,109116.9,109444.0,109116.8,109429.5,1100.7515
2025-05-27 07:45:00,109429.4,109587.4,109388.5,109485.0,1060.57
2025-05-27 08:00:00,109485.0,109736.4,109485.0,109604.3,1472.3397
2025-05-27 08:15:00,109604.3,109704.5,109555.6,109600.0,586.827
2025-05-27 08:30:00,109600.0,109655.1,109405.5,109552.9,698.6224
2025-05-27 08:45:00,109552.9,109644.7,109505.0,109644.7,395.8306
2025-05-27 09:00:00,109644.7,109725.2,109613.8,109649.8,446.8666
2025-05-27 09:15:00,109649.8,109660.0,109405.0,109459.4,763.9445
2025-05-27 09:30:00,109459.5,109537.6,109365.0,109528.0,420.4743
2025-05-27 09:45:00,109528.0,109836.3,109520.8,109774.4,991.9053
2025-05-27 10:00:00,109774.3,109800.0,109673.5,109741.1,381.5046
2025-05-27 10:15:00,109741.1,109787.6,109680.0,109735.4,348.2721
2025-05-27 10:30:00,109735.4,109751.9,109574.4,109609.5,334.7661
2025-05-27 10:45:00,109609.5,109680.6,109598.4,109643.3,182.3392
2025-05-27 11:00:00,109643.3,109720.0,109552.4,109567.4,384.5085
2025-05-27 11:15:00,109567.5,109606.5,109403.8,109472.4,707.6533
2025-05-27 11:30:00,109472.5,109472.5,109389.0,109472.5,408.2032
2025-05-27 11:45:00,109472.5,109573.7,109449.3,109546.3,290.0315
2025-05-27 12:00:00,109546.2,109758.4,109505.0,109643.2,845.1534
2025-05-27 12:15:00,109643.3,109788.0,109542.9,109746.1,458.0277
2025-05-27 12:30:00,109746.0,109757.0,109388.0,109422.4,795.5405
2025-05-27 12:45:00,109422.4,109567.1,109422.3,109551.5,453.6531
2025-05-27 13:00:00,109551.5,110557.7,109520.7,110331.6,5227.1259
2025-05-27 13:15:00,110331.5,110722.0,110162.0,110399.7,4014.0649
2025-05-27 13:30:00,110399.8,110650.0,109940.0,110094.0,3925.6863
2025-05-27 13:45:00,110093.9,110250.0,109666.0,109795.3,2929.8054
2025-05-27 14:00:00,109795.4,110170.4,109750.0,110093.4,1543.429
2025-05-27 14:15:00,110093.4,110174.8,109476.1,109480.9,2236.2129
2025-05-27 14:30:00,109481.0,109605.0,108610.5,109599.9,5587.0443
2025-05-27 14:45:00,109599.9,109602.3,109150.9,109337.0,1447.1021
2025-05-27 15:00:00,109337.1,109529.1,108968.4,109507.2,3044.1181
2025-05-27 15:15:00,109507.2,109727.8,109455.3,109616.4,2399.1828
2025-05-27 15:30:00,109616.5,110117.4,109586.6,109978.9,2917.6856
2025-05-27 15:45:00,109978.9,110241.5,109966.0,110104.0,1342.5922
2025-05-27 16:00:00,110103.9,110333.0,109907.5,110118.3,1532.4773
2025-05-27 16:15:00,110118.3,110245.3,110053.7,110054.7,686.0518
2025-05-27 16:30:00,110054.7,110450.0,110052.7,110410.0,1174.6939
2025-05-27 16:45:00,110409.9,110475.5,110015.0,110182.4,827.6102
2025-05-27 17:00:00,110182.5,110428.0,110075.5,110110.0,645.8025
2025-05-27 17:15:00,110110.0,110232.8,109930.2,110091.4,780.1923
2025-05-27 17:30:00,110091.4,110330.0,109952.5,110288.0,711.4644
2025-05-27 17:45:00,110288.1,110358.0,110188.5,110209.0,546.4424
2025-05-27 18:00:00,110209.0,110399.8,110090.0,110106.0,592.8043
2025-05-27 18:15:00,110106.0,110265.4,110012.0,110028.0,510.0436
2025-05-27 18:30:00,110028.0,110175.1,109850.0,109903.0,680.5006
2025-05-27 18:45:00,109903.1,109964.9,109792.0,109856.7,589.2953
2025-05-27 19:00:00,109856.6,109856.6,109588.3,109718.0,925.0337
2025-05-27 19:15:00,109718.0,109718.0,109512.8,109618.3,706.1984
2025-05-27 19:30:00,109618.3,110021.9,109580.0,109868.0,783.017
2025-05-27 19:45:00,109867.6,109949.3,109729.6,109838.1,394.1057
2025-05-27 20:00:00,109838.2,109856.0,109650.9,109713.6,436.3183
2025-05-27 20:15:00,109713.7,109849.1,109701.7,109754.5,234.5915
2025-05-27 20:30:00,109754.5,109852.9,109641.8,109661.2,366.5088
2025-05-27 20:45:00,109661.1,109702.5,109511.0,109511.0,374.6776
2025-05-27 21:00:00,109511.1,109657.6,109399.2,109657.5,692.0896
2025-05-27 21:15:00,109657.5,109657.6,109006.0,109012.0,957.2041
2025-05-27 21:30:00,109011.9,109230.0,108848.5,108880.0,1100.177
2025-05-27 21:45:00,108880.1,109085.5,108788.0,108884.2,616.2519
2025-05-27 22:00:00,108884.2,109135.0,108691.6,108766.1,892.8635
2025-05-27 22:15:00,108766.1,108900.0,108555.6,108862.0,981.6629
2025-05-27 22:30:00,108862.0,109065.8,108800.0,109013.4,727.9324
2025-05-27 22:45:00,109013.4,109070.0,108850.0,108971.7,444.5489
2025-05-27 23:00:00,108971.7,109108.2,108945.7,109024.0,442.0889
2025-05-27 23:15:00,109024.0,109125.6,108874.1,108888.9,604.202
2025-05-27 23:30:00,108889.0,109123.0,108888.9,109015.6,404.9338
2025-05-27 23:45:00,109015.6,109068.0,108894.7,108895.5,300.6279
2025-05-28 00:00:00,108895.6,108906.2,108660.8,108675.8,674.4847
2025-05-28 00:15:00,108675.9,109013.0,108675.8,108997.9,822.1956
2025-05-28 00:30:00,108997.9,109013.1,108801.0,108991.8,464.6836
2025-05-28 00:45:00,108991.8,109222.2,108800.0,109166.0,914.0843
2025-05-28 01:00:00,109166.0,109250.0,108864.5,108929.0,666.507
2025-05-28 01:15:00,108929.1,108951.9,108801.0,108853.8,584.2392
2025-05-28 01:30:00,108853.8,108943.4,108729.0,108796.0,909.8113
2025-05-28 01:45:00,108796.0,108923.3,108587.6,108650.9,502.4696
2025-05-28 02:00:00,108650.8,108816.9,108581.8,108648.0,870.8755
2025-05-28 02:15:00,108648.0,108727.4,108362.0,108448.0,1301.1872
2025-05-28 02:30:00,108447.9,108841.3,108413.0,108775.8,908.1807
2025-05-28 02:45:00,108775.8,108820.0,108596.5,108596.6,533.8364
2025-05-28 03:00:00,108596.5,108809.9,108528.0,108809.8,455.8776
2025-05-28 03:15:00,108809.9,108820.0,108658.5,108680.0,321.4218
2025-05-28 03:30:00,108679.9,108817.6,108665.4,108800.0,320.4501
2025-05-28 03:45:00,108800.0,108924.4,108792.1,108815.6,343.2471
2025-05-28 04:00:00,108815.5,108864.3,108701.3,108739.9,320.5299
2025-05-28 04:15:00,108739.9,108803.4,108580.0,108622.9,394.4434
2025-05-28 04:30:00,108622.9,109026.6,108622.9,108943.0,732.3861
2025-05-28 04:45:00,108943.0,109025.9,108888.9,108935.1,441.4672
2025-05-28 05:00:00,108935.2,108935.2,108800.0,108825.3,211.2018
2025-05-28 05:15:00,108825.3,108906.8,108800.0,108892.3,238.4606
2025-05-28 05:30:00,108892.3,109026.6,108832.8,108889.8,287.6737
2025-05-28 05:45:00,108889.9,109036.0,108878.7,108926.2,367.4834
2025-05-28 06:00:00,108926.2,108926.3,108602.0,108602.1,607.1423
2025-05-28 06:15:00,108602.1,108782.8,108588.0,108782.6,400.2136
2025-05-28 06:30:00,108782.5,108782.6,108600.1,108710.1,241.378
2025-05-28 06:45:00,108710.2,108786.6,108666.7,108676.1,255.7238
2025-05-28 07:00:00,108676.1,108968.4,108666.0,108864.0,432.057
2025-05-28 07:15:00,108863.9,108930.0,108830.0,108834.3,196.0037
2025-05-28 07:30:00,108834.3,108921.9,108817.5,108912.0,199.4465
2025-05-28 07:45:00,108912.0,108960.0,108743.0,108763.1,321.4749
2025-05-28 08:00:00,108763.1,108894.0,108647.0,108703.5,482.6894
2025-05-28 08:15:00,108703.5,108876.7,108689.3,108870.4,347.3884
2025-05-28 08:30:00,108870.4,109065.2,108555.6,109032.5,1126.2937
2025-05-28 08:45:00,109032.6,109086.2,108914.0,108979.7,651.6099
2025-05-28 09:00:00,108979.7,109027.9,108698.5,108730.0,416.9948
2025-05-28 09:15:00,108730.0,108777.0,108522.0,108550.1,1074.7417
2025-05-28 09:30:00,108550.2,108780.0,108456.0,108753.0,1216.4199
2025-05-28 09:45:00,108752.9,108805.0,108626.0,108757.5,390.433
2025-05-28 10:00:00,108757.5,108768.8,108384.0,108527.0,1184.4197
2025-05-28 10:15:00,108527.1,108616.0,108185.9,108599.8,1204.7098
2025-05-28 10:30:00,108599.8,108745.7,108556.4,108708.3,607.0457
2025-05-28 10:45:00,108708.4,108908.7,108700.1,108785.4,695.9365
2025-05-28 11:00:00,108785.4,108901.4,108785.4,108797.4,697.0689
2025-05-28 11:15:00,108797.4,108868.2,108677.1,108701.1,369.2612
2025-05-28 11:30:00,108701.1,108785.1,108688.0,108757.5,199.2362
2025-05-28 11:45:00,108757.5,108888.9,108740.0,108810.0,393.3586
2025-05-28 12:00:00,108810.1,108917.2,108788.6,108827.1,315.4656
2025-05-28 12:15:00,108827.1,109000.0,108827.1,108960.1,693.9413
2025-05-28 12:30:00,108960.1,109003.6,108891.3,108980.0,772.3722
2025-05-28 12:45:00,108980.0,108980.0,108720.5,108843.4,518.9632
2025-05-28 13:00:00,108843.4,108869.4,108704.2,108794.6,413.5045
2025-05-28 13:15:00,108794.7,108865.5,108577.5,108680.2,1028.8822
2025-05-28 13:30:00,108680.2,108960.0,108350.3,108470.0,2206.0544
2025-05-28 13:45:00,108470.0,108475.4,107929.8,108029.3,3198.7234
2025-05-28 14:00:00,108029.3,108225.0,107855.0,107855.7,3205.8422
2025-05-28 14:15:00,107855.7,107966.0,107600.0,107924.0,3534.1717
2025-05-28 14:30:00,107923.9,107929.8,107523.5,107576.9,2444.4673
2025-05-28 14:45:00,107576.9,107810.4,107430.0,107486.7,1757.5175
2025-05-28 15:00:00,107486.8,107658.2,107066.0,107083.9,3794.8474
2025-05-28 15:15:00,107084.0,107428.0,107081.8,107252.0,2196.2045
2025-05-28 15:30:00,107252.1,107459.6,107190.0,107377.3,1213.1434
2025-05-28 15:45:00,107377.4,107407.4,106966.0,107067.0,1925.8414
2025-05-28 16:00:00,107067.0,107319.9,107067.0,107240.0,954.28
2025-05-28 16:15:00,107239.5,107411.0,107234.0,107365.5,870.9082
2025-05-28 16:30:00,107365.6,107365.6,107136.1,107178.2,730.191
2025-05-28 16:45:00,107178.2,107387.8,107163.1,107387.7,570.8374
2025-05-28 17:00:00,107387.8,107763.4,107374.8,107589.3,2453.8359
2025-05-28 17:15:00,107589.4,107781.8,107465.6,107550.1,800.1194
2025-05-28 17:30:00,107550.0,107557.2,107300.0,107400.0,744.0515
2025-05-28 17:45:00,107400.0,107642.7,107375.0,107622.8,469.8372
2025-05-28 18:00:00,107622.8,107781.0,107526.0,107771.0,719.8652
2025-05-28 18:15:00,107771.0,107793.4,107461.7,107461.8,673.7731
2025-05-28 18:30:00,107461.9,107647.4,107440.1,107647.4,585.1971
2025-05-28 18:45:00,107647.3,107724.9,107333.3,107427.7,1107.0695
2025-05-28 19:00:00,107427.6,107756.3,107390.8,107615.9,692.0751
2025-05-28 19:15:00,107615.9,107644.5,107416.7,107455.3,499.455
2025-05-28 19:30:00,107455.3,107478.3,107063.5,107071.6,1010.2665
2025-05-28 19:45:00,107071.6,107194.6,106858.1,106888.1,1615.0585
2025-05-28 20:00:00,106888.1,107038.3,106728.4,106997.1,1551.1315
2025-05-28 20:15:00,106997.0,107223.6,106868.1,107140.8,1056.6632
2025-05-28 20:30:00,107140.8,107361.9,107050.0,107306.0,482.2911
2025-05-28 20:45:00,107306.0,107363.2,107138.7,107293.3,438.0871
2025-05-28 21:00:00,107293.4,107314.4,107150.0,107280.0,273.3202
2025-05-28 21:15:00,107280.0,107390.6,107276.6,107327.6,230.0296
2025-05-28 21:30:00,107327.6,107449.0,107324.0,107442.7,286.1404
2025-05-28 21:45:00,107442.7,107536.3,107333.0,107446.8,347.7641
2025-05-28 22:00:00,107446.8,107446.8,107142.9,107271.4,454.1053
2025-06-05 05:00:00,105140.0,105145.6,105007.3,105009.1,411.6442
2025-06-05 05:15:00,105009.2,105057.1,104862.1,104873.9,481.3141
2025-06-05 05:30:00,104873.8,104891.5,104676.5,104693.4,776.4008
2025-06-05 05:45:00,104693.5,104693.5,104534.0,104611.6,1080.7957
2025-06-05 06:00:00,104611.7,104658.7,104502.1,104563.4,626.0521
2025-06-05 06:15:00,104563.4,104661.9,104470.0,104650.0,594.594
2025-06-05 06:30:00,104650.0,104650.0,104348.0,104370.1,970.3878
2025-06-05 06:45:00,104370.0,104473.4,104337.5,104423.1,667.5181
2025-06-05 07:00:00,104423.1,104542.5,104376.0,104511.1,405.1377
2025-06-05 07:15:00,104511.0,104594.4,104511.0,104555.9,475.3595
2025-06-05 07:30:00,104555.9,104571.6,104444.0,104497.1,242.7952
2025-06-05 07:45:00,104497.1,104499.0,104397.3,104478.7,350.3181
2025-06-05 08:00:00,104478.6,104626.9,104478.6,104534.9,357.1288
2025-06-05 08:15:00,104534.9,104610.0,104381.5,104587.6,357.8947
2025-06-05 08:30:00,104587.5,104600.0,104530.1,104578.0,231.6711
2025-06-05 08:45:00,104578.0,104650.0,104560.4,104648.2,305.8404
2025-06-05 09:00:00,104648.1,104752.2,104648.1,104708.5,407.6116
2025-06-05 09:15:00,104708.6,104787.7,104708.5,104717.4,280.7734
2025-06-05 09:30:00,104717.4,104771.0,104631.3,104770.9,270.507
2025-06-05 09:45:00,104770.9,104870.0,104770.9,104850.0,631.6354
2025-06-05 10:00:00,104850.1,104854.9,104781.0,104782.5,317.789
2025-06-05 10:15:00,104782.5,104796.3,104642.3,104655.5,399.4104
2025-06-05 10:30:00,104655.6,104690.6,104476.0,104526.3,810.8647
2025-06-05 10:45:00,104526.3,104630.9,104468.9,104616.1,403.1056
2025-06-05 11:00:00,104616.1,104664.5,104500.6,104558.8,228.8709
2025-06-05 11:15:00,104558.8,104744.1,104535.6,104725.6,296.627
2025-06-05 11:30:00,104725.5,104813.1,104725.5,104751.1,409.0442
2025-06-05 11:45:00,104751.1,104810.5,104751.0,104770.1,182.3946
2025-06-05 12:00:00,104770.1,105123.0,104731.5,105055.9,1778.3236
2025-06-05 12:15:00,105055.9,105422.0,105032.3,105343.1,2331.2915
2025-06-05 12:30:00,105343.1,105458.0,105246.7,105388.6,1423.6753
2025-06-05 12:45:00,105388.6,105733.5,105330.1,105588.5,2259.1512
2025-06-05 13:00:00,105588.5,105864.8,105588.5,105754.4,1693.6637
2025-06-05 13:15:00,105754.3,105799.8,105601.0,105643.8,1305.3353
2025-06-05 13:30:00,105643.8,105673.1,105275.0,105341.4,2005.903
2025-06-05 13:45:00,105341.7,105359.4,104250.8,104478.3,6792.7754
2025-06-05 14:00:00,104478.4,104515.0,104154.5,104239.8,3274.0432
2025-06-05 14:15:00,104240.0,104262.6,103845.4,104226.0,4063.1495
2025-06-05 14:30:00,104225.9,104598.8,103958.0,104542.2,2878.848
2025-06-05 14:45:00,104542.2,104886.1,104262.1,104592.7,3177.2387
2025-06-05 15:00:00,104592.6,104650.0,104273.7,104301.9,933.2778
2025-06-05 15:15:00,104301.9,104800.0,104274.1,104786.3,1519.7264
2025-06-05 15:30:00,104786.4,104810.0,104630.9,104699.1,582.2839
2025-06-05 15:45:00,104699.1,104717.3,104480.0,104480.0,712.3108
2025-06-05 16:00:00,104480.0,104547.6,104319.9,104319.9,682.2121
2025-06-05 16:15:00,104320.0,104327.8,103891.6,103984.5,2325.8927
2025-06-05 16:30:00,103984.5,104041.0,103625.0,103711.0,2470.5674
2025-06-05 16:45:00,103711.0,103877.6,103217.4,103223.1,3814.0361
2025-06-05 17:00:00,103223.0,103518.0,103080.0,103370.1,3433.6871
2025-06-05 17:15:00,103370.2,103543.6,103266.5,103405.1,1687.2778
2025-06-05 17:30:00,103405.1,103405.1,103214.3,103300.0,834.2546
2025-06-05 17:45:00,103300.0,103306.7,103123.4,103192.4,851.6421
2025-06-05 18:00:00,103192.4,103275.3,102588.0,102677.5,4178.0394
2025-06-05 18:15:00,102677.4,103230.8,102502.1,103230.8,2102.9319
2025-06-05 18:30:00,103230.7,103305.9,102750.0,102853.7,1526.4726
2025-06-05 18:45:00,102853.7,103124.8,102766.7,102940.1,740.4648
2025-06-05 19:00:00,102940.1,102993.5,102554.8,102582.8,1159.6206
2025-06-05 19:15:00,102582.7,102646.3,101500.2,102157.6,8230.6801
2025-06-05 19:30:00,102157.6,102425.9,102107.2,102153.1,1665.8718
2025-06-05 19:45:00,102153.1,102166.7,101802.3,101876.3,1439.1016
2025-06-05 20:00:00,101872.2,102138.1,101313.8,101568.5,3417.0408
2025-06-05 20:15:00,101568.4,101591.2,100888.0,101400.1,4654.4404
2025-06-05 20:30:00,101400.1,101466.2,100710.0,100814.0,2805.9678
2025-06-05 20:45:00,100813.9,101212.5,100333.0,100434.9,4285.1052
2025-06-05 21:00:00,100434.9,101100.0,100378.5,100442.4,2515.4224
2025-06-05 21:15:00,100442.4,101083.3,100430.0,100936.9,1307.0184
2025-06-05 21:30:00,100936.9,101608.2,100893.3,101577.1,2500.9008
2025-06-05 21:45:00,101577.0,101600.0,101140.0,101500.1,1491.3051
2025-06-05 22:00:00,101500.0,101500.0,100969.1,101093.0,1378.2485
2025-06-05 22:15:00,101092.9,101328.8,101007.1,101274.3,723.7562
2025-06-05 22:30:00,101274.3,101527.0,101250.0,101482.5,847.2589
2025-06-05 22:45:00,101482.5,101661.2,101411.8,101457.9,942.8243
2025-06-05 23:00:00,101457.9,101668.6,101452.2,101606.6,640.9132
2025-06-05 23:15:00,101606.6,101776.8,101532.0,101736.7,794.6371
2025-06-05 23:30:00,101736.7,101743.5,101466.0,101477.2,590.3152
2025-06-05 23:45:00,101477.3,101599.2,101379.5,101457.8,553.4291
2025-06-06 00:00:00,101457.8,101498.4,101255.8,101257.1,732.8033
2025-06-06 00:15:00,101257.0,101450.0,101048.8,101437.6,1176.9063
2025-06-06 00:30:00,101437.6,101733.0,101437.6,101707.9,994.8294
2025-06-06 00:45:00,101708.0,101855.2,101645.9,101843.8,695.3236
2025-06-06 01:00:00,101843.7,101879.9,101744.3,101824.1,512.2621
2025-06-06 01:15:00,101824.2,101888.8,101621.8,101780.4,595.923
2025-06-06 01:30:00,101780.5,101890.0,101702.4,101855.5,379.6626
2025-06-06 01:45:00,101855.1,101856.2,101624.5,101790.0,307.9896
2025-06-06 02:00:00,101790.0,101800.0,101646.8,101701.9,353.9288
2025-06-06 02:15:00,101701.8,101701.8,101474.3,101587.5,548.9145
2025-06-06 02:30:00,101587.5,101850.0,101543.4,101850.0,416.9971
2025-06-06 02:45:00,101849.9,102169.6,101790.1,102145.0,1182.8683
2025-06-06 03:00:00,102145.0,102165.7,101990.0,102075.1,578.9712
2025-06-06 03:15:00,102075.2,102266.0,102075.1,102245.2,719.3434
2025-06-06 03:30:00,102245.3,102422.2,102245.2,102406.7,868.3441
2025-06-06 03:45:00,102406.7,102465.4,102392.0,102440.1,720.6574
2025-06-06 04:00:00,102440.1,102465.1,102318.5,102465.1,1101.7344
2025-06-06 04:15:00,102465.0,102560.3,102340.0,102468.0,835.7137
2025-06-06 04:30:00,102467.9,102693.9,102414.2,102672.9,990.5059
2025-06-06 04:45:00,102672.9,102733.0,102650.8,102710.8,551.2154
2025-06-06 05:00:00,102710.8,102849.3,102692.4,102827.1,812.463
2025-06-06 05:15:00,102827.2,102864.0,102614.6,102677.9,972.115
2025-06-06 05:30:00,102678.0,102830.0,102634.8,102829.9,454.6712
2025-06-06 05:45:00,102830.0,102899.9,102749.6,102892.9,529.1816
2025-06-06 06:00:00,102893.0,103149.0,102825.7,103140.8,1510.3897
2025-06-06 06:15:00,103140.7,103153.0,102855.0,103026.0,1129.2024
2025-06-06 06:30:00,103026.0,103163.9,102910.4,102946.5,963.9228
2025-06-06 06:45:00,102946.6,103120.7,102946.5,103119.4,495.9602
2025-06-06 07:00:00,103119.3,103192.0,103099.8,103160.9,631.1908
2025-06-06 07:15:00,103161.0,103427.9,103095.7,103290.0,1120.2413
2025-06-06 07:30:00,103290.0,103290.0,102987.8,103099.9,1222.2432
2025-06-06 07:45:00,103099.9,103109.6,103040.5,103102.1,643.1002
2025-06-06 08:00:00,103102.2,103315.0,103102.1,103306.6,648.0862
2025-06-06 08:15:00,103306.7,103456.7,103283.3,103344.7,752.3595
2025-06-06 08:30:00,103344.7,103480.0,103304.0,103480.0,714.8136
2025-06-06 08:45:00,103479.9,103545.0,103446.0,103452.5,955.0834
2025-06-06 09:00:00,103452.4,103545.8,103446.9,103544.6,623.6
2025-06-06 09:15:00,103544.6,103700.0,103500.0,103519.7,1528.1468
2025-06-06 09:30:00,103519.7,103687.2,103490.4,103642.1,643.202
2025-06-06 09:45:00,103642.0,103656.7,103539.6,103589.9,565.7798
2025-06-06 10:00:00,103590.0,103730.0,103589.9,103724.7,551.2196
2025-06-06 10:15:00,103724.7,103759.5,103609.6,103641.4,700.5955
2025-06-06 10:30:00,103641.5,103649.9,103473.8,103599.3,779.496
2025-06-06 10:45:00,103599.4,103655.0,103560.4,103623.3,358.3204
2025-06-06 11:00:00,103623.3,103751.7,103589.0,103740.0,584.2199
2025-06-06 11:15:00,103739.9,103873.0,103707.7,103795.7,945.1559
2025-06-06 11:30:00,103795.7,103828.5,103625.1,103813.5,794.7459
2025-06-06 11:45:00,103813.6,103948.3,103780.6,103870.3,793.7557
2025-06-06 12:00:00,103870.2,103988.0,103870.2,103929.0,976.3063
2025-06-06 12:15:00,103929.0,103929.1,103761.0,103808.5,708.4208
2025-06-06 12:30:00,103808.6,104274.0,103442.2,103653.9,4459.7433
2025-06-06 12:45:00,103654.0,103904.5,103654.0,103701.0,1151.8613
2025-06-06 13:00:00,103700.9,104015.1,103700.9,103935.6,851.079
2025-06-06 13:15:00,103935.6,103960.1,103838.1,103873.6,550.8146
2025-06-06 13:30:00,103873.7,104490.0,103830.0,104320.4,2762.5667
2025-06-06 13:45:00,104320.4,104488.0,103923.5,104042.4,1723.4638
2025-06-06 14:00:00,104042.5,104331.8,103948.4,104288.3,1190.4621
2025-06-06 14:15:00,104288.4,104533.8,104220.2,104517.5,1398.7408
2025-06-06 14:30:00,104517.6,104746.8,104306.4,104743.9,2197.1806
2025-06-06 14:45:00,104743.8,104857.7,104572.4,104719.9,1796.4355
2025-06-06 15:00:00,104719.8,105147.1,104610.0,105121.4,2871.6303
2025-06-06 15:15:00,105121.4,105288.0,104692.6,104777.9,2833.2459
2025-06-06 15:30:00,104777.8,104920.0,104548.1,104650.0,1576.4028
2025-06-06 15:45:00,104650.0,105061.0,104649.9,105037.8,1294.9512
2025-06-06 16:00:00,105037.8,105079.9,104928.0,104947.7,856.6268
2025-06-06 16:15:00,104947.8,105237.4,104947.5,105015.1,1516.6762
2025-06-06 16:30:00,105015.0,105029.8,104771.8,104880.6,812.34
2025-06-06 16:45:00,104880.6,105030.0,104639.0,104712.3,714.645
2025-06-06 17:00:00,104712.3,104785.6,104380.3,104463.9,1435.4251
2025-06-06 17:15:00,104463.9,104733.0,104421.1,104462.1,1161.4754
2025-06-06 17:30:00,104462.1,104617.3,104412.2,104530.5,720.6146
2025-06-06 17:45:00,104530.4,104924.4,104516.6,104886.3,953.0861
2025-06-06 18:00:00,104886.2,104946.8,104619.0,104619.1,590.993
2025-06-06 18:15:00,104619.0,104647.1,104434.0,104479.0,686.2327
2025-06-06 18:30:00,104478.9,104700.0,104478.9,104601.9,420.3583
2025-06-06 18:45:00,104601.8,104668.1,104434.0,104474.9,336.2643
2025-06-06 19:00:00,104475.0,104570.0,104361.5,104522.6,696.8259
2025-06-06 19:15:00,104522.6,104549.6,104234.4,104255.3,971.5361
2025-06-06 19:30:00,104255.4,104317.8,104151.5,104236.5,526.5615
2025-06-06 19:45:00,104236.4,104260.1,104011.0,104183.3,835.2954
2025-06-06 20:00:00,104183.3,104353.3,104120.0,104288.8,529.7464
2025-06-06 20:15:00,104288.8,104375.0,104278.0,104317.7,216.1954
2025-06-06 20:30:00,104317.7,104583.1,104259.6,104550.3,525.4991
2025-06-06 20:45:00,104550.3,104561.1,104380.0,104437.6,348.2329
2025-06-06 21:00:00,104437.6,104450.0,104240.6,104247.1,316.7266
2025-06-06 21:15:00,104246.8,104374.7,104240.0,104265.0,180.4967
2025-06-06 21:30:00,104265.0,104425.6,104265.0,104421.4,255.9371
2025-06-06 21:45:00,104421.4,104437.2,104303.0,104336.7,192.5912
2025-06-06 22:00:00,104336.7,104358.4,104203.5,104203.6,260.1838
2025-06-06 22:15:00,104203.5,104302.2,104171.3,104300.8,275.8032
2025-06-06 22:30:00,104300.8,104300.8,104225.3,104258.3,168.3692
2025-06-06 22:45:00,104258.2,104441.1,104242.2,104428.8,296.9429
2025-06-06 23:00:00,104428.8,104439.9,104151.0,104218.9,411.417
2025-06-06 23:15:00,104218.9,104318.9,104188.1,104300.0,228.2353
2025-06-06 23:30:00,104300.0,104315.2,104229.0,104280.1,165.9616
2025-06-06 23:45:00,104280.0,104327.1,104229.2,104234.8,164.7608
2025-06-07 00:00:00,104234.9,104280.9,104031.7,104042.9,470.7124
2025-06-07 00:15:00,104042.9,104160.4,103825.2,104123.6,1155.3428
2025-06-07 00:30:00,104123.5,104324.8,104098.0,104283.8,548.8193
2025-06-07 00:45:00,104283.8,104474.0,104220.5,104468.8,623.4381
2025-06-07 01:00:00,104468.7,104526.6,104315.6,104436.6,537.0453
2025-06-07 01:15:00,104436.5,104500.0,104310.0,104384.0,425.6261
2025-06-07 01:30:00,104384.0,104426.4,104280.0,104374.5,333.1862
2025-06-07 01:45:00,104374.5,104460.8,104374.4,104387.8,240.3578
2025-06-07 02:00:00,104387.8,104395.7,104285.6,104293.4,240.9342
2025-06-07 02:15:00,104293.5,104371.0,104259.7,104323.8,180.4284
2025-06-07 02:30:00,104323.8,104457.6,104306.2,104413.3,172.2496
2025-06-07 02:45:00,104413.4,104577.0,104407.4,104469.0,381.5761
2025-06-07 03:00:00,104468.9,104745.0,104421.4,104681.9,837.9396
2025-06-07 03:15:00,104681.8,104775.8,104597.1,104639.9,711.2598
2025-06-07 03:30:00,104639.9,104825.1,104614.3,104765.1,576.3601
2025-06-07 03:45:00,104765.2,104876.5,104765.1,104818.0,517.9554
2025-06-07 04:00:00,104818.0,104828.0,104642.1,104647.5,338.9108
2025-06-07 04:15:00,104647.6,104727.0,104639.1,104639.1,338.1052
2025-06-07 04:30:00,104639.2,104693.1,104578.0,104693.0,361.3373
2025-06-07 04:45:00,104693.1,104781.2,104687.3,104779.1,340.6681
2025-06-07 05:00:00,104779.0,104800.0,104692.2,104789.7,306.0655
2025-06-07 05:15:00,104789.8,104789.8,104717.1,104761.3,192.4253
2025-06-07 05:30:00,104761.2,104870.0,104737.1,104836.5,277.7459
2025-06-07 05:45:00,104836.5,104967.2,104821.4,104821.4,597.4687
2025-06-07 06:00:00,104821.4,104848.6,104750.9,104795.2,355.9839
2025-06-07 06:15:00,104795.2,104855.0,104724.2,104724.3,234.6572
2025-06-07 06:30:00,104724.2,104849.9,104724.2,104839.9,175.7428
2025-06-07 06:45:00,104839.9,105266.0,104827.8,105264.6,1800.2052
2025-06-07 07:00:00,105264.7,105276.9,104820.7,104899.6,865.6104
2025-06-07 07:15:00,104899.5,105062.0,104772.6,104893.9,912.4047
2025-06-07 07:30:00,104893.9,104970.1,104875.3,104894.3,258.1573
2025-06-07 07:45:00,104894.4,104899.1,104815.3,104820.5,196.7055
2025-06-07 08:00:00,104820.5,104889.9,104794.2,104794.5,277.6589
2025-06-07 08:15:00,104794.5,104924.3,104732.1,104883.7,485.5221
2025-06-07 08:30:00,104883.8,104883.8,104767.6,104773.0,282.4924
2025-06-07 08:45:00,104773.0,104780.1,104630.9,104690.4,564.0112
2025-06-07 09:00:00,104690.4,104860.0,104690.3,104831.6,199.0317
2025-06-07 09:15:00,104831.6,104883.7,104785.4,104876.0,228.9465
2025-06-07 09:30:00,104876.1,104876.1,104722.1,104722.2,185.1124
2025-06-07 09:45:00,104722.2,104815.4,104722.1,104782.7,146.7811
2025-06-07 10:00:00,104782.7,104899.7,104782.0,104899.7,217.117
2025-06-07 10:15:00,104899.7,105121.6,104889.0,105097.6,788.7928
2025-06-07 10:30:00,105097.5,105106.1,104940.0,104991.2,230.352
2025-06-07 10:45:00,104991.3,105139.3,104873.0,105078.4,547.952
2025-06-07 11:00:00,105078.4,105188.0,105044.0,105083.4,335.087
2025-06-07 11:15:00,105083.4,105215.6,105083.3,105152.2,432.3106
2025-06-07 11:30:00,105152.2,105199.5,105100.2,105122.4,293.6841
2025-06-07 11:45:00,105122.3,105122.4,104982.7,105086.5,488.2233
2025-06-07 12:00:00,105086.4,105218.6,105079.2,105201.5,363.2012
2025-06-07 12:15:00,105201.5,105236.0,105142.6,105227.9,317.4686
2025-06-07 12:30:00,105228.0,105706.1,105177.7,105575.2,2688.3022
2025-06-07 12:45:00,105575.2,105593.5,105356.0,105399.9,889.3979
2025-06-07 13:00:00,105399.9,105425.7,105238.0,105410.0,549.1294
2025-06-07 13:15:00,105410.1,105518.2,105402.1,105442.7,350.6046
2025-06-07 13:30:00,105442.7,105629.0,105442.7,105587.3,718.5107
2025-06-07 13:45:00,105587.3,105749.6,105531.4,105545.6,896.149
2025-06-07 14:00:00,105545.5,105600.0,105426.8,105486.6,511.451
2025-06-07 14:15:00,105486.6,105507.7,105348.6,105367.0,461.959
2025-06-07 14:30:00,105367.1,105620.0,105351.1,105488.7,601.7921
2025-06-07 14:45:00,105488.7,105500.0,105328.7,105364.1,332.0675
2025-06-07 15:00:00,105364.1,105450.0,105308.6,105335.4,304.7025
2025-06-07 15:15:00,105335.4,105474.0,105257.8,105398.0,342.4916
2025-06-07 15:30:00,105397.9,105528.7,105342.3,105412.5,291.0759
2025-06-07 15:45:00,105412.6,105520.0,105397.0,105502.1,191.3438
2025-06-07 16:00:00,105502.1,105618.0,105502.0,105564.4,464.2927
2025-06-07 16:15:00,105564.5,105585.0,105400.3,105404.3,431.9782
2025-06-07 16:30:00,105404.4,105420.0,105321.6,105359.0,401.5564
2025-06-07 16:45:00,105359.0,105359.0,105214.7,105296.2,524.1889
2025-06-07 17:00:00,105296.3,105446.1,105280.9,105446.1,333.5646
2025-06-07 17:15:00,105446.1,105508.0,105391.6,105471.4,257.3136
2025-06-07 17:30:00,105471.5,105479.0,105348.4,105443.1,181.8575
2025-06-07 17:45:00,105443.1,105443.2,105333.0,105349.1,195.9905
2025-06-07 18:00:00,105349.1,105720.0,105349.0,105650.0,924.1849
2025-06-07 18:15:00,105650.0,105749.0,105649.9,105718.0,501.7843
2025-06-07 18:30:00,105717.9,105875.2,105564.1,105580.9,795.1497
2025-06-07 18:45:00,105580.9,105642.0,105500.0,105570.3,246.001
2025-06-07 19:00:00,105570.2,105744.8,105558.7,105693.2,347.5646
2025-06-07 19:15:00,105693.2,105831.9,105675.6,105819.1,401.4503
2025-06-07 19:30:00,105819.0,105819.1,105662.2,105662.2,279.727
2025-06-07 19:45:00,105662.3,105692.8,105590.6,105680.0,176.4617
2025-06-07 20:00:00,105680.0,105842.3,105679.9,105829.8,250.1734
2025-06-07 20:15:00,105829.9,105875.2,105798.9,105821.6,437.0258
2025-06-07 20:30:00,105821.6,105821.7,105740.3,105765.8,114.5464
2025-06-07 20:45:00,105765.8,105842.5,105757.2,105808.4,165.5935
2025-06-07 21:00:00,105808.4,105810.0,105735.8,105735.9,174.0491
2025-06-07 21:15:00,105735.9,105775.4,105735.0,105756.4,97.8737
2025-06-07 21:30:00,105756.5,105821.6,105756.4,105796.4,112.579
2025-06-07 21:45:00,105796.4,105796.5,105642.8,105703.8,161.1009
2025-06-07 22:00:00,105703.9,105723.5,105612.2,105667.6,174.6873
2025-06-07 22:15:00,105667.6,105777.4,105667.6,105754.0,143.4537
2025-06-07 22:30:00,105753.9,105860.5,105742.6,105807.2,327.0941
2025-06-07 22:45:00,105807.2,105837.0,105731.0,105758.3,186.6486
2025-06-07 23:00:00,105758.3,105758.4,105641.2,105652.3,280.6993
2025-06-07 23:15:00,105652.2,105688.5,105546.5,105605.5,270.4327
2025-06-07 23:30:00,105605.6,105663.9,105469.9,105549.9,293.8173
2025-06-07 23:45:00,105550.0,105564.3,105480.0,105502.9,123.615
2025-06-08 00:00:00,105502.9,105503.0,105386.8,105396.0,358.6271
2025-06-08 00:15:00,105396.1,105490.7,105386.8,105454.6,295.5599
2025-06-08 00:30:00,105454.7,105618.9,105432.0,105435.2,307.9592
2025-06-08 00:45:00,105435.3,105435.3,105376.4,105414.7,195.5934
2025-06-08 01:00:00,105414.8,105549.0,105350.0,105476.0,298.8681
2025-06-08 01:15:00,105475.9,105541.9,105421.2,105469.1,239.7804
2025-06-08 01:30:00,105469.2,105611.8,105469.2,105590.2,223.9844
2025-06-08 01:45:00,105590.3,105741.9,105558.5,105637.0,363.1743
2025-06-08 02:00:00,105637.1,105637.1,105415.1,105458.3,347.3257
2025-06-08 02:15:00,105458.2,105524.2,105422.0,105450.6,174.2746
2025-06-08 02:30:00,105450.7,105514.5,105434.4,105489.3,108.5239
2025-06-08 02:45:00,105489.2,105523.0,105380.0,105390.6,233.9001
2025-06-08 03:00:00,105390.7,105416.0,105348.0,105356.1,278.5718
2025-06-08 03:15:00,105356.0,105368.7,105348.0,105358.3,148.4395
2025-06-08 03:30:00,105358.2,105441.5,105358.2,105437.3,169.5317
2025-06-08 03:45:00,105437.2,105456.4,105411.1,105431.5,91.4843
2025-06-08 04:00:00,105431.5,105431.6,105358.6,105411.7,223.6401
2025-06-08 04:15:00,105411.6,105469.1,105411.6,105449.9,129.0833
2025-06-08 04:30:00,105450.0,105600.6,105449.9,105526.5,301.9951
2025-06-08 04:45:00,105526.5,105582.1,105514.1,105556.9,163.7222
2025-06-08 05:00:00,105556.9,105556.9,105471.3,105471.4,149.0201
2025-06-08 05:15:00,105471.3,105587.1,105471.3,105546.7,164.9803
2025-06-08 05:30:00,105546.8,105568.2,105416.6,105444.9,258.3431
2025-06-08 05:45:00,105444.8,105444.9,105366.0,105387.1,139.2882
2025-06-08 06:00:00,105387.0,105502.8,105377.0,105502.8,242.1614
2025-06-08 06:15:00,105502.7,105560.2,105480.9,105486.0,192.6296
2025-06-08 06:30:00,105486.1,105534.0,105486.0,105501.5,125.9953
2025-06-08 06:45:00,105501.4,105530.0,105400.0,105400.0,151.0217
2025-06-08 07:00:00,105400.1,105463.9,105399.9,105463.9,161.6538
2025-06-08 07:15:00,105463.9,105520.0,105401.9,105415.4,147.943
2025-06-08 07:30:00,105415.4,105426.3,105384.0,105392.0,154.12
2025-06-08 07:45:00,105392.0,105422.7,105365.3,105388.0,300.832
2025-06-15 14:45:00,105484.5,105788.0,105484.5,105609.9,964.0293
2025-06-15 15:00:00,105610.0,105669.2,105506.8,105570.3,434.6788
2025-06-15 15:15:00,105570.3,105692.3,105515.0,105692.2,225.4287
2025-06-15 15:30:00,105692.3,105750.0,105566.3,105566.3,291.3076
2025-06-15 15:45:00,105566.3,105658.3,105462.5,105520.0,391.6619
2025-06-15 16:00:00,105519.9,105635.9,105450.0,105496.4,377.8665
2025-06-15 16:15:00,105496.4,105496.5,105290.0,105375.2,659.8479
2025-06-15 16:30:00,105375.1,105493.4,105281.0,105465.1,455.5127
2025-06-15 16:45:00,105465.0,105554.6,105403.2,105522.9,164.7376
2025-06-15 17:00:00,105523.0,105528.0,105431.2,105431.2,186.9441
2025-06-15 17:15:00,105431.3,105521.3,105423.0,105481.3,132.2293
2025-06-15 17:30:00,105481.3,105676.8,105442.2,105667.2,348.8361
2025-06-15 17:45:00,105667.2,105730.0,105617.3,105632.0,203.7852
2025-06-15 18:00:00,105631.9,105637.1,105448.7,105504.5,236.4735
2025-06-15 18:15:00,105504.4,105512.6,105426.2,105481.4,90.4213
2025-06-15 18:30:00,105481.5,105508.2,105433.0,105459.3,113.4207
2025-06-15 18:45:00,105459.4,105532.3,105427.1,105439.0,116.2669
2025-06-15 19:00:00,105439.1,105529.2,105423.0,105485.0,105.8437
2025-06-15 19:15:00,105485.0,105497.9,105423.0,105430.4,80.1075
2025-06-15 19:30:00,105430.4,105473.5,105000.7,105097.3,895.9872
2025-06-15 19:45:00,105097.3,105239.8,105050.2,105239.8,317.9536
2025-06-15 20:00:00,105239.8,105254.7,105011.0,105030.0,223.9386
2025-06-15 20:15:00,105030.0,105030.1,104890.4,104937.6,525.0613
2025-06-15 20:30:00,104937.7,105037.5,104636.8,104646.4,664.6544
2025-06-15 20:45:00,104646.1,104816.1,104550.0,104702.7,607.4436
2025-06-15 21:00:00,104702.6,104779.8,104425.6,104520.0,762.6054
2025-06-15 21:15:00,104520.0,104781.5,104519.9,104781.5,254.8747
2025-06-15 21:30:00,104781.7,104791.8,104500.0,104634.4,290.3457
2025-06-15 21:45:00,104634.4,104800.0,104610.3,104755.2,302.7851
2025-06-15 22:00:00,104755.1,105116.6,104681.6,105114.2,745.9371
2025-06-15 22:15:00,105114.2,105250.0,104977.3,105125.5,421.8442
2025-06-15 22:30:00,105125.4,105203.5,104986.2,105171.2,289.3043
2025-06-15 22:45:00,105171.2,105330.7,105169.2,105220.0,395.569
2025-06-15 23:00:00,105220.0,105363.6,105179.6,105210.0,231.6461
2025-06-15 23:15:00,105210.0,105421.3,105210.0,105385.1,329.9633
2025-06-15 23:30:00,105385.1,105563.0,105373.8,105557.6,420.8109
2025-06-15 23:45:00,105557.5,105570.3,105410.0,105540.0,285.3552
2025-06-16 00:00:00,105540.1,105569.8,105417.6,105465.0,334.1652
2025-06-16 00:15:00,105465.0,105745.0,105322.0,105429.5,706.993
2025-06-16 00:30:00,105429.4,105608.8,105327.5,105514.7,438.435
2025-06-16 00:45:00,105514.8,105571.4,105293.1,105391.7,386.0039
2025-06-16 01:00:00,105391.7,105438.3,105008.0,105087.8,964.5001
2025-06-16 01:15:00,105087.8,105146.9,104946.9,105053.9,611.3443
2025-06-16 01:30:00,105054.0,105599.8,104927.2,105550.0,988.0701
2025-06-16 01:45:00,105550.1,105860.0,105447.8,105762.8,1367.8183
2025-06-16 02:00:00,105762.8,105922.0,105736.4,105874.2,883.64
2025-06-16 02:15:00,105874.2,105926.0,105656.8,105730.1,785.9117
2025-06-16 02:30:00,105730.0,105860.0,105623.2,105778.1,465.3755
2025-06-16 02:45:00,105778.1,105800.0,105718.0,105733.1,253.0433
2025-06-16 03:00:00,105733.0,105830.0,105644.8,105824.7,296.7579
2025-06-16 03:15:00,105824.7,105915.0,105726.5,105877.0,246.9999
2025-06-16 03:30:00,105877.1,105893.0,105798.0,105837.3,218.1713
2025-06-16 03:45:00,105837.3,105888.0,105777.3,105862.4,217.1984
2025-06-16 04:00:00,105862.3,105980.0,105814.3,105980.0,352.0923
2025-06-16 04:15:00,105980.0,106361.7,105911.0,106178.3,1914.5111
2025-06-16 04:30:00,106178.3,106289.9,106128.4,106238.1,603.8914
2025-06-16 04:45:00,106238.1,106344.0,106113.0,106344.0,520.1219
2025-06-16 05:00:00,106343.9,106434.5,106257.5,106313.2,955.2002
2025-06-16 05:15:00,106313.2,106650.0,106313.1,106640.0,1260.7737
2025-06-16 05:30:00,106640.0,106755.7,106481.0,106485.7,1177.3551
2025-06-16 05:45:00,106485.6,106574.9,106454.5,106525.0,506.1269
2025-06-16 06:00:00,106524.9,106576.7,106456.0,106554.8,376.3975
2025-06-16 06:15:00,106554.7,106728.0,106554.7,106660.4,449.7271
2025-06-16 06:30:00,106660.5,106714.2,106543.8,106604.0,508.9973
2025-06-16 06:45:00,106604.1,106642.8,106489.4,106533.1,458.2013
2025-06-16 07:00:00,106536.0,106668.0,106536.0,106649.9,355.8307
2025-06-16 07:15:00,106650.0,106838.5,106590.0,106816.8,904.0019
2025-06-16 07:30:00,106816.9,107234.0,106816.8,107138.1,2834.3922
2025-06-16 07:45:00,107138.0,107149.7,106935.2,107020.3,478.5486
2025-06-16 08:00:00,107020.3,107096.8,107005.6,107052.0,567.9455
2025-06-16 08:15:00,107052.1,107057.2,106900.0,106916.3,388.1785
2025-06-16 08:30:00,106916.4,107065.2,106900.0,107043.9,423.3612
2025-06-16 08:45:00,107044.0,107187.6,107011.7,107132.0,502.2112
2025-06-16 09:00:00,107132.0,107192.0,106939.8,106961.8,584.5077
2025-06-16 09:15:00,106961.7,107000.0,106893.9,106909.0,415.6488
2025-06-16 09:30:00,106909.0,107000.0,106854.2,106953.9,309.5077
2025-06-16 09:45:00,106953.9,107000.0,106838.0,106909.0,351.8747
2025-06-16 10:00:00,106909.0,107177.0,106861.3,107094.8,570.5176
2025-06-16 10:15:00,107094.8,107138.0,107027.0,107027.0,231.0703
2025-06-16 10:30:00,107027.0,107040.0,106880.9,106882.3,379.5395
2025-06-16 10:45:00,106882.3,106882.3,106688.0,106789.2,1012.0883
2025-06-16 11:00:00,106789.2,106828.5,106678.1,106718.0,483.4072
2025-06-16 11:15:00,106718.0,106726.4,106544.9,106653.2,893.5153
2025-06-16 11:30:00,106653.3,106925.6,106646.5,106925.6,530.7214
2025-06-16 11:45:00,106925.6,106933.3,106800.0,106846.7,356.9069
2025-06-16 12:00:00,106846.7,106865.1,106729.2,106729.2,537.8059
2025-06-16 12:15:00,106729.3,106782.0,106611.6,106635.2,415.1679
2025-06-16 12:30:00,106635.3,106752.9,106550.9,106720.9,519.8461
2025-06-16 12:45:00,106720.8,106779.9,106625.0,106640.6,248.1033
2025-06-16 13:00:00,106640.6,106710.0,106521.8,106609.0,379.1324
2025-06-16 13:15:00,106609.1,106664.0,106553.9,106605.2,264.4697
2025-06-16 13:30:00,106605.3,106756.5,106456.7,106715.5,994.3715
2025-06-16 13:45:00,106715.5,107142.0,106540.0,107116.9,1732.8452
2025-06-16 14:00:00,107116.9,107180.0,106724.5,106907.9,1685.0834
2025-06-16 14:15:00,106907.5,107335.0,106781.2,107300.0,1739.3618
2025-06-16 14:30:00,107299.9,107736.0,107289.3,107574.4,3062.4699
2025-06-16 14:45:00,107574.5,107710.4,107412.9,107478.4,1103.658
2025-06-16 15:00:00,107478.4,107646.8,107430.2,107540.0,784.7956
2025-06-16 15:15:00,107540.0,107630.0,107342.1,107413.8,657.5258
2025-06-16 15:30:00,107413.8,107558.5,107336.0,107500.1,576.8268
2025-06-16 15:45:00,107500.1,107661.6,107246.1,107382.5,1032.1541
2025-06-16 16:00:00,107382.4,107635.4,107263.0,107633.3,732.0899
2025-06-16 16:15:00,107633.3,107635.0,107524.0,107568.0,329.1797
2025-06-16 16:30:00,107568.0,107857.1,107541.5,107660.6,928.9267
2025-06-16 16:45:00,107660.7,107815.6,107458.5,107716.4,782.7633
2025-06-16 17:00:00,107716.4,107779.9,107585.5,107693.6,593.2058
2025-06-16 17:15:00,107693.6,107935.7,107633.0,107841.7,1165.9691
2025-06-16 17:30:00,107841.7,107980.0,107770.9,107777.1,638.647
2025-06-16 17:45:00,107777.0,107863.5,107557.8,107695.9,1001.292
2025-06-16 18:00:00,107695.9,107920.0,107620.8,107887.5,313.6527
2025-06-16 18:15:00,107887.5,108069.1,107748.4,108031.9,847.0783
2025-06-16 18:30:00,108031.9,108079.8,107950.0,108037.0,523.627
2025-06-16 18:45:00,108036.9,108238.6,107943.9,108207.8,1049.2145
2025-06-16 19:00:00,108207.8,108718.8,108207.8,108568.4,2671.8275
2025-06-16 19:15:00,108568.4,108847.7,108500.6,108706.5,1828.9021
2025-06-16 19:30:00,108706.6,108762.8,108357.6,108460.1,961.4392
2025-06-16 19:45:00,108460.1,108616.5,108356.0,108596.6,602.9853
2025-06-16 20:00:00,108596.6,108642.5,108350.4,108587.8,1259.6172
2025-06-16 20:15:00,108587.8,108600.0,108458.1,108571.9,345.3885
2025-06-16 20:30:00,108572.0,108700.0,108507.2,108684.2,245.0593
2025-06-16 20:45:00,108684.1,108807.8,108514.1,108748.2,568.9644
2025-06-16 21:00:00,108748.3,108774.8,108500.0,108500.1,361.9016
2025-06-16 21:15:00,108500.1,108655.0,108480.0,108590.1,348.6562
2025-06-16 21:30:00,108590.1,108590.2,108247.0,108486.5,532.3588
2025-06-16 21:45:00,108486.6,108581.8,108460.5,108476.9,438.2705
2025-06-16 22:00:00,108476.9,108973.3,108476.9,108732.4,873.4608
2025-06-16 22:15:00,108732.4,108732.4,108550.1,108619.9,274.5446
2025-06-16 22:30:00,108619.9,108623.7,107368.1,107410.7,2627.2746
2025-06-16 22:45:00,107410.8,107800.0,107361.1,107645.9,1897.2686
2025-06-16 23:00:00,107645.9,107863.3,107485.7,107836.5,1278.8166
2025-06-16 23:15:00,107836.5,107947.8,107400.0,107533.1,1193.4153
2025-06-16 23:30:00,107533.0,107595.8,107015.9,107110.0,1645.8938
2025-06-16 23:45:00,107110.1,107153.1,106666.0,106764.6,1832.4901
2025-06-17 00:00:00,106764.6,106800.0,106109.4,106204.4,3774.654
2025-06-17 00:15:00,106204.5,106887.1,106087.8,106761.0,2950.4837
2025-06-17 00:30:00,106761.0,106962.0,106611.5,106714.7,1088.562
2025-06-17 00:45:00,106714.7,107230.6,106706.4,107206.2,1283.8724
2025-06-17 01:00:00,107206.1,107268.0,106881.2,107075.6,745.4652
2025-06-17 01:15:00,107075.7,107171.4,106946.0,106985.0,357.6266
2025-06-17 01:30:00,106985.0,107365.4,106933.3,107037.9,737.1968
2025-06-17 01:45:00,107037.9,107310.2,106960.0,107136.4,476.6978
2025-06-17 02:00:00,107136.4,107186.1,106933.7,107000.0,389.0415
2025-06-17 02:15:00,107000.0,107000.0,106627.6,106655.0,931.5812
2025-06-17 02:30:00,106655.1,106922.0,106518.0,106898.5,1094.2404
2025-06-17 02:45:00,106898.4,107569.7,106668.0,107434.4,1525.3858
2025-06-17 03:00:00,107434.3,107714.8,107314.0,107513.2,1307.8194
2025-06-17 03:15:00,107513.2,107562.9,107340.0,107363.5,513.7994
2025-06-17 03:30:00,107363.5,107600.0,107363.5,107433.8,332.2304
2025-06-17 03:45:00,107433.8,107721.0,107400.0,107552.1,1061.4051
2025-06-17 04:00:00,107552.0,107658.0,107488.0,107597.6,431.0704
2025-06-17 04:15:00,107597.6,107628.0,107420.0,107443.8,399.4821
2025-06-17 04:30:00,107443.8,107463.6,107247.5,107287.6,659.9414
2025-06-17 04:45:00,107287.7,107396.2,107270.0,107288.1,346.6615
2025-06-17 05:00:00,107288.1,107368.5,107177.6,107236.8,282.4718
2025-06-17 05:15:00,107236.8,107285.5,107002.9,107194.2,759.2785
2025-06-17 05:30:00,107194.2,107267.5,107130.4,107136.7,298.8305
2025-06-17 05:45:00,107136.7,107136.8,107000.1,107079.4,406.0798
2025-06-17 06:00:00,107079.3,107199.8,107007.5,107170.3,466.3267
2025-06-17 06:15:00,107170.3,107174.2,106890.7,106969.7,672.5041
2025-06-17 06:30:00,106969.7,106975.1,106847.0,106885.1,439.1665
2025-06-17 06:45:00,106885.1,106885.1,106655.8,106799.9,876.8916
2025-06-17 07:00:00,106800.0,106840.3,106646.3,106672.1,565.9054
2025-06-17 07:15:00,106672.1,106718.5,106400.0,106445.3,1127.6453
2025-06-17 07:30:00,106445.4,106657.4,106426.7,106630.6,670.0558
2025-06-17 07:45:00,106630.5,106769.8,106606.3,106725.4,616.0211
2025-06-17 08:00:00,106725.4,106738.3,106630.4,106719.7,446.0491
2025-06-17 08:15:00,106719.7,106796.8,106550.0,106774.0,380.8159
2025-06-17 08:30:00,106773.9,106787.8,106452.0,106455.0,602.0332
2025-06-17 08:45:00,106455.0,106635.4,106454.9,106530.1,478.5295
2025-06-17 09:00:00,106530.0,106633.6,106332.3,106438.5,966.3564
2025-06-17 09:15:00,106438.5,106468.9,106308.7,106376.5,561.0749
2025-06-17 09:30:00,106376.6,106406.4,106086.0,106232.4,1454.0999
2025-06-17 09:45:00,106232.4,106255.0,106025.7,106127.1,1264.1672
2025-06-17 10:00:00,106127.0,106227.6,106012.7,106052.4,917.6158
2025-06-17 10:15:00,106052.4,106141.1,106001.0,106074.4,508.4304
2025-06-17 10:30:00,106074.4,106074.4,105624.4,105743.1,2563.3568
2025-06-17 10:45:00,105743.0,105929.4,105710.0,105908.0,762.8905
2025-06-17 11:00:00,105907.9,105908.0,105671.9,105684.9,679.6111
2025-06-17 11:15:00,105685.0,105737.4,105485.3,105510.5,1165.2278
2025-06-17 11:30:00,105510.5,105631.5,105469.0,105480.0,760.48
2025-06-17 11:45:00,105480.1,105631.9,105468.9,105606.1,520.301
2025-06-17 12:00:00,105606.1,105876.4,105536.1,105750.1,1279.6429
2025-06-17 12:15:00,105750.0,105751.7,105630.0,105651.7,625.1949
2025-06-17 12:30:00,105651.7,105811.0,105586.1,105727.0,1005.1006
2025-06-17 12:45:00,105727.1,105727.1,105355.8,105469.1,982.3034
2025-06-17 13:00:00,105469.1,105551.1,105366.9,105503.8,609.8442
2025-06-17 13:15:00,105503.9,105621.6,105376.0,105603.0,856.2191
2025-06-17 13:30:00,105603.0,105720.0,105243.0,105272.5,1958.955
2025-06-17 13:45:00,105272.5,105503.3,105138.3,105310.1,1901.3847
2025-06-17 14:00:00,105310.0,105654.8,104909.0,105639.6,2596.2272
2025-06-17 14:15:00,105639.6,105645.0,105178.4,105274.8,1272.617
2025-06-17 14:30:00,105274.8,105376.8,104777.6,105005.3,1865.4356
2025-06-17 14:45:00,105005.3,105249.5,104735.8,104804.5,1448.5032
2025-06-17 15:00:00,104804.5,104935.0,104501.4,104713.9,3282.9293
2025-06-17 15:15:00,104713.8,104713.9,104213.0,104255.0,2632.3906
2025-06-17 15:30:00,104255.1,104570.0,104069.3,104535.7,3096.8096
2025-06-17 15:45:00,104535.7,104544.7,104107.1,104194.1,1546.0458
2025-06-17 16:00:00,104194.1,104370.1,104150.0,104352.4,1296.4136
2025-06-17 16:15:00,104352.4,104380.0,104043.6,104141.9,1358.3
2025-06-17 16:30:00,104140.7,104443.6,104040.8,104074.1,1381.1516
2025-06-17 16:45:00,104074.1,104127.6,103435.0,103576.1,5370.8466
2025-06-17 17:00:00,103574.5,103760.0,103300.0,103600.0,2590.5722
2025-06-17 17:15:00,103600.1,103875.0,103546.5,103864.0,1319.3698
2025-06-17 17:30:00,103864.0,104200.0,103762.6,103810.2,2385.5874
2025-06-17 17:45:00,103810.1,103917.1,103692.3,103755.0,927.0467
2025-06-17 18:00:00,103755.0,104054.2,103667.9,103860.8,641.6441
2025-06-17 18:15:00,103860.8,103883.9,103562.3,103631.9,626.1759
2025-06-17 18:30:00,103632.0,104077.5,103628.4,104010.4,650.1545
2025-06-17 18:45:00,104010.4,104373.0,104000.0,104372.9,899.3366
2025-06-17 19:00:00,104372.9,104829.3,104372.9,104803.2,2182.692
2025-06-17 19:15:00,104803.2,105286.2,104803.1,105075.6,2527.1434
2025-06-17 19:30:00,105075.6,105163.4,104749.6,104834.1,920.6075
2025-06-17 19:45:00,104834.1,105149.0,104591.1,104621.1,1391.3325
2025-06-17 20:00:00,104621.0,104849.6,104428.6,104543.1,1539.9612
2025-06-17 20:15:00,104543.1,104622.5,104201.0,104523.5,1171.0118
2025-06-17 20:30:00,104523.5,104618.2,104362.9,104526.9,355.1909
2025-06-17 20:45:00,104526.9,104526.9,104258.0,104316.7,405.0311
2025-06-17 21:00:00,104316.7,104458.0,104204.0,104376.6,461.8669
2025-06-17 21:15:00,104376.6,104474.0,104266.4,104474.0,351.5706
2025-06-17 21:30:00,104473.9,104777.8,104473.9,104670.3,756.252
2025-06-17 21:45:00,104670.3,104690.7,104309.6,104490.8,396.9228
2025-06-17 22:00:00,104490.9,104653.6,104342.5,104625.8,337.0202
2025-06-17 22:15:00,104625.8,104687.7,104538.0,104538.0,328.0175
2025-06-17 22:30:00,104538.0,104591.2,104396.3,104555.6,432.758
2025-06-17 22:45:00,104555.6,104620.0,104128.0,104192.4,655.742
2025-06-17 23:00:00,104192.4,104437.4,104169.8,104384.9,353.4159
2025-06-17 23:15:00,104384.9,104542.8,104384.9,104525.2,298.7983
2025-06-17 23:30:00,104525.1,104676.3,104525.0,104650.1,636.5415
2025-06-17 23:45:00,104650.1,104699.6,104495.2,104516.5,227.4071
2025-06-18 00:00:00,104516.5,104665.0,104499.0,104515.0,370.994
2025-06-18 00:15:00,104515.0,104575.3,104357.3,104357.8,324.7808
2025-06-18 00:30:00,104357.9,104793.9,104319.9,104672.3,693.7252
2025-06-18 00:45:00,104672.3,104816.6,104530.8,104788.0,485.7229
2025-06-18 01:00:00,104788.0,105013.8,104777.0,104909.9,760.2248
2025-06-18 01:15:00,104909.9,105138.4,104750.0,104750.5,902.0023
2025-06-18 01:30:00,104750.6,104844.3,104686.4,104756.5,379.1821
2025-06-18 01:45:00,104756.5,104756.5,104620.0,104721.8,319.1537
2025-06-18 02:00:00,104721.8,104871.1,104678.1,104771.0,299.2012
2025-06-18 02:15:00,104770.8,105011.9,104630.9,105007.4,553.607
2025-06-18 02:30:00,105007.4,105039.0,104838.0,104860.1,336.3655
2025-06-18 02:45:00,104860.1,104960.0,104783.6,104792.0,308.3638
2025-06-18 03:00:00,104791.9,104954.7,104783.0,104937.7,283.4337
2025-06-18 03:15:00,104937.7,105068.0,104934.8,104982.8,484.1976
2025-06-18 03:30:00,104982.8,105155.4,104982.8,105141.5,400.4111
2025-06-18 03:45:00,105141.6,105187.0,105072.5,105122.5,330.7075
2025-06-18 04:00:00,105122.5,105194.7,105017.4,105194.6,449.5077
2025-06-18 04:15:00,105194.5,105250.0,105088.6,105149.9,444.4253
2025-06-18 04:30:00,105149.9,105328.1,105115.5,105297.8,303.0757
2025-06-18 04:45:00,105297.7,105460.0,105297.7,105398.0,737.4762
2025-06-18 05:00:00,105398.1,105468.2,105363.1,105379.1,450.1468
2025-06-18 05:15:00,105379.1,105486.0,105310.4,105418.4,481.5063
2025-06-18 05:30:00,105418.4,105498.9,105393.5,105469.0,397.6212
2025-06-18 05:45:00,105469.0,105470.0,105316.4,105351.0,457.4146
2025-06-18 06:00:00,105351.1,105475.0,105253.5,105386.0,530.1848
2025-06-18 06:15:00,105386.0,105425.5,105165.5,105263.3,460.4338
2025-06-18 06:30:00,105263.3,105263.3,105034.2,105045.9,878.2993
2025-06-18 06:45:00,105046.0,105072.7,104832.7,104915.4,1081.1444
2025-06-18 07:00:00,104915.4,104943.5,104650.0,104807.2,940.1225
2025-06-18 07:15:00,104807.2,104937.1,104785.0,104901.9,475.0737
2025-06-18 07:30:00,104901.8,104978.1,104826.2,104903.4,473.0488
2025-06-18 07:45:00,104903.3,104952.1,104875.0,104933.0,272.415
2025-06-18 08:00:00,104932.9,105279.9,104923.0,105190.9,979.9266
2025-06-18 08:15:00,105190.8,105214.2,105038.3,105038.3,465.7322
2025-06-18 08:30:00,105038.4,105052.0,104700.0,104768.7,811.7558
2025-06-18 08:45:00,104768.7,104968.0,104768.6,104915.1,400.0203
2025-06-18 09:00:00,104915.1,105094.6,104915.1,104959.7,366.5584
2025-06-18 09:15:00,104959.7,105019.9,104826.6,104840.1,413.5436
2025-06-18 09:30:00,104840.2,104840.2,104600.7,104634.6,777.0103
2025-06-18 09:45:00,104634.7,104731.7,104510.6,104660.1,813.5005
2025-06-18 10:00:00,104660.0,104696.0,104473.8,104654.0,877.5099
2025-06-18 10:15:00,104653.9,104766.4,104444.8,104466.5,774.0437
2025-06-18 10:30:00,104466.6,104588.1,104372.0,104421.9,856.1153
2025-06-18 10:45:00,104421.9,104469.9,104130.7,104230.0,1297.8951
2025-06-18 11:00:00,104230.0,104454.7,104160.9,104442.3,863.0761
2025-06-18 11:15:00,104442.3,104470.0,104259.3,104393.7,432.3943
2025-06-18 11:30:00,104393.7,104619.0,104308.8,104589.4,775.2631
2025-06-18 11:45:00,104589.4,104830.0,104574.8,104799.2,1044.0467
2025-06-18 12:00:00,104799.3,104880.0,104670.1,104776.1,753.1554
2025-06-18 12:15:00,104776.1,104849.5,104566.4,104689.2,600.0441
2025-06-18 12:30:00,104689.2,104689.3,104431.9,104450.0,569.3699
2025-06-18 12:45:00,104450.1,104548.2,104430.9,104479.9,452.7654
2025-06-18 13:00:00,104479.9,104520.0,103964.4,104011.6,1496.9744
2025-06-18 13:15:00,104011.7,104062.8,103856.2,103869.2,1395.7309
2025-06-18 13:30:00,103869.3,104336.0,103750.1,104160.5,2721.4476
2025-06-18 13:45:00,104160.5,104451.3,103922.3,104396.0,2129.6857
2025-06-18 14:00:00,104395.9,105050.0,104170.0,104963.2,4371.9467
2025-06-18 14:15:00,104964.4,105279.1,104806.9,105114.3,2162.2746
2025-06-18 14:30:00,105114.3,105260.0,104911.4,105072.6,1186.1781
2025-06-18 14:45:00,105072.6,105097.0,104412.0,104558.6,2884.0646
2025-06-18 15:00:00,104558.7,104770.0,104284.4,104377.0,1751.1674
2025-06-18 15:15:00,104376.9,104745.9,104061.1,104700.0,1608.8205
2025-06-18 15:30:00,104700.1,104899.9,104556.6,104849.3,894.1885
2025-06-18 15:45:00,104849.3,104920.0,104689.8,104737.1,798.2776
2025-06-18 16:00:00,104737.1,104789.2,104563.0,104615.4,732.2153
2025-06-18 16:15:00,104615.4,104619.5,104284.0,104337.7,1223.096
2025-06-18 16:30:00,104337.8,104579.9,104285.5,104516.0,502.3586
2025-06-18 16:45:00,104516.0,104554.1,104315.6,104363.3,422.4994
2025-06-18 17:00:00,104363.2,104363.2,103942.3,104221.3,1706.2165
2025-06-18 17:15:00,104221.3,104272.9,104021.7,104024.6,605.0097
2025-06-18 17:30:00,104024.6,104150.0,103542.8,104145.1,2631.8967
2025-06-26 00:30:00,107368.0,107379.3,107256.7,107280.5,323.5586
2025-06-26 00:45:00,107280.6,107410.9,107178.0,107262.2,274.386
2025-06-26 01:00:00,107262.2,107262.2,107133.0,107180.2,211.0261
2025-06-26 01:15:00,107180.1,107415.8,107032.0,107390.7,491.1719
2025-06-26 01:30:00,107390.7,107857.1,107264.0,107564.9,1612.307
2025-06-26 01:45:00,107564.9,107658.0,107483.4,107560.1,358.9271
2025-06-26 02:00:00,107560.0,107886.0,107560.0,107729.9,1007.2675
2025-06-26 02:15:00,107729.0,107830.0,107684.0,107709.9,503.9058
2025-06-26 02:30:00,107709.9,107753.1,107599.2,107673.9,460.8466
2025-06-26 02:45:00,107673.9,108034.5,107500.0,107871.9,1222.1276
2025-06-26 03:00:00,107871.9,108238.3,107864.8,107927.8,2059.2269
2025-06-26 03:15:00,107927.8,108060.5,107748.9,107842.1,805.9291
2025-06-26 03:30:00,107842.2,107888.0,107729.8,107801.3,392.4062
2025-06-26 03:45:00,107801.3,107857.1,107728.2,107814.0,358.7436
2025-06-26 04:00:00,107814.0,107924.0,107670.4,107785.6,363.5253
2025-06-26 04:15:00,107785.5,107814.4,107700.0,107732.4,291.5838
2025-06-26 04:30:00,107732.4,107910.0,107658.0,107721.7,573.6095
2025-06-26 04:45:00,107721.8,107830.5,107638.0,107800.0,398.8164
2025-06-26 05:00:00,107800.0,107800.0,107650.0,107750.1,267.5318
2025-06-26 05:15:00,107750.1,107767.4,107623.7,107623.8,305.1233
2025-06-26 05:30:00,107623.8,107638.7,107464.1,107490.0,400.3355
2025-06-26 05:45:00,107490.1,107590.0,107465.0,107590.0,266.3041
2025-06-26 06:00:00,107590.0,107718.0,107511.8,107700.9,382.1465
2025-06-26 06:15:00,107700.0,107737.5,107616.2,107650.0,247.508
2025-06-26 06:30:00,107650.1,107759.0,107650.0,107700.2,188.6457
2025-06-26 06:45:00,107700.3,107759.0,107637.8,107707.0,168.2979
2025-06-26 07:00:00,107707.0,107833.5,107696.3,107782.4,411.0189
2025-06-26 07:15:00,107784.0,108026.8,107738.3,107928.8,855.1866
2025-06-26 07:30:00,107928.8,108000.0,107850.1,107934.3,263.3756
2025-06-26 07:45:00,107934.4,108040.8,107738.0,107759.9,538.6747
2025-06-26 08:00:00,107760.0,108030.0,107759.9,108030.0,544.195
2025-06-26 08:15:00,108029.9,108118.0,107741.9,107797.9,889.6609
2025-06-26 08:30:00,107797.9,107898.1,107637.9,107757.9,531.3213
2025-06-26 08:45:00,107757.9,107784.7,107671.3,107697.6,352.6957
2025-06-26 09:00:00,107697.9,107736.0,107220.0,107249.9,1948.4487
2025-06-26 09:15:00,107250.0,107454.8,107250.0,107400.0,680.5155
2025-06-26 09:30:00,107400.0,107427.3,107310.5,107371.2,277.4221
2025-06-26 09:45:00,107371.2,107396.3,107243.0,107277.3,427.6124
2025-06-26 10:00:00,107277.3,107417.0,107178.1,107325.0,690.0911
2025-06-26 10:15:00,107325.0,107325.0,107205.9,107296.0,381.1969
2025-06-26 10:30:00,107296.0,107341.8,107239.0,107303.6,295.6064
2025-06-26 10:45:00,107303.6,107407.3,107265.1,107338.6,385.6648
2025-06-26 11:00:00,107338.5,107365.0,107276.9,107307.6,208.7165
2025-06-26 11:15:00,107307.5,107314.7,107130.0,107136.9,756.2806
2025-06-26 11:30:00,107137.0,107203.6,107096.0,107100.4,544.5529
2025-06-26 11:45:00,107100.5,107330.0,107051.3,107276.0,540.3765
2025-06-26 12:00:00,107276.0,107383.8,107141.7,107183.1,496.3235
2025-06-26 12:15:00,107183.1,107253.5,107033.4,107144.8,517.882
2025-06-26 12:30:00,107144.7,107268.0,106941.2,107257.1,1050.1827
2025-06-26 12:45:00,107257.0,107265.0,107048.9,107063.6,476.2761
2025-06-26 13:00:00,107063.6,107156.0,106955.9,106984.9,626.5199
2025-06-26 13:15:00,106984.8,107075.3,106957.2,107064.3,579.3922
2025-06-26 13:30:00,107064.3,107320.6,106950.1,107194.7,1397.8245
2025-06-26 13:45:00,107194.7,107274.8,106758.2,106909.6,1783.6642
2025-06-26 14:00:00,106909.6,107111.0,106844.0,107001.9,961.8159
2025-06-26 14:15:00,107001.9,107250.0,106904.0,107193.2,816.4147
2025-06-26 14:30:00,107193.2,107691.5,107171.4,107598.0,2890.26
2025-06-26 14:45:00,107598.0,107726.6,107328.1,107400.9,1156.6679
2025-06-26 15:00:00,107400.9,107488.0,107234.0,107234.0,611.1806
2025-06-26 15:15:00,107234.0,107362.7,106844.5,106883.2,1369.8994
2025-06-26 15:30:00,106883.2,106999.9,106485.3,106860.0,3637.5763
2025-06-26 15:45:00,106860.3,107277.0,106850.5,107259.5,1031.8682
2025-06-26 16:00:00,107259.5,107358.8,107070.0,107171.1,781.3104
2025-06-26 16:15:00,107171.1,107244.5,106966.6,107188.4,455.8193
2025-06-26 16:30:00,107188.4,107241.9,107000.0,107106.7,368.7128
2025-06-26 16:45:00,107106.7,107157.8,106950.0,107150.0,295.7209
2025-06-26 17:00:00,107150.0,107380.0,107134.3,107168.9,656.843
2025-06-26 17:15:00,107169.0,107331.5,107158.6,107294.7,270.6782
2025-06-26 17:30:00,107294.8,107316.7,107184.3,107216.5,224.7375
2025-06-26 17:45:00,107216.5,107285.6,107069.2,107132.7,392.5088
2025-06-26 18:00:00,107132.8,107535.7,107064.2,107500.0,823.7009
2025-06-26 18:15:00,107500.1,107520.7,107219.1,107231.2,641.4788
2025-06-26 18:30:00,107231.3,107306.9,107132.5,107300.1,278.7385
2025-06-26 18:45:00,107300.1,107355.6,107178.9,107324.5,207.2423
2025-06-26 19:00:00,107324.5,107450.0,107261.2,107296.7,287.0169
2025-06-26 19:15:00,107296.8,107499.0,107296.8,107391.1,365.0471
2025-06-26 19:30:00,107391.2,107550.0,107386.5,107528.4,393.0785
2025-06-26 19:45:00,107528.4,107636.4,107432.2,107473.1,443.5077
2025-06-26 20:00:00,107473.0,107586.1,107388.0,107494.8,421.8315
2025-06-26 20:15:00,107494.9,107580.0,107469.1,107560.0,326.134
2025-06-26 20:30:00,107560.0,107916.9,107559.9,107900.0,893.1986
2025-06-26 20:45:00,107900.0,107965.0,107630.0,107725.7,404.7304
2025-06-26 21:00:00,107725.7,107751.4,107313.6,107350.9,438.4526
2025-06-26 21:15:00,107351.0,107393.6,107100.0,107211.9,648.1977
2025-06-26 21:30:00,107210.6,107285.0,106801.0,106921.4,979.3145
2025-06-26 21:45:00,106921.4,107070.7,106858.8,106976.7,383.4547
2025-06-26 22:00:00,106976.7,107176.7,106908.2,106957.8,439.7124
2025-06-26 22:15:00,106957.8,107199.8,106909.7,107122.0,240.9583
2025-06-26 22:30:00,107122.0,107177.3,106906.7,106906.8,252.0483
2025-06-26 22:45:00,106906.8,107053.5,106900.0,106930.1,324.9489
2025-06-26 23:00:00,106930.1,106954.6,106828.0,106840.0,507.1789
2025-06-26 23:15:00,106840.1,107030.0,106840.0,106958.4,248.1427
2025-06-26 23:30:00,106958.5,107010.7,106871.7,106922.7,178.9993
2025-06-26 23:45:00,106922.8,106928.3,106828.0,106915.3,279.728
2025-06-27 00:00:00,106915.3,107109.6,106880.0,106955.5,487.3175
2025-06-27 00:15:00,106955.5,107135.5,106955.5,107120.1,306.8236
2025-06-27 00:30:00,107120.1,107135.5,106845.7,106868.7,364.0686
2025-06-27 00:45:00,106868.7,106868.7,106610.0,106630.5,1120.6364
2025-06-27 01:00:00,106630.4,106900.0,106363.5,106856.8,1764.0199
2025-06-27 01:15:00,106856.8,107037.4,106776.2,106968.0,713.7974
2025-06-27 01:30:00,106968.0,107080.0,106932.6,107040.1,415.8175
2025-06-27 01:45:00,107040.1,107176.4,106972.6,107070.1,389.6151
2025-06-27 02:00:00,107070.0,107182.3,107000.4,107168.1,363.6198
2025-06-27 02:15:00,107168.2,107230.8,107122.4,107141.9,852.891
2025-06-27 02:30:00,107141.9,107220.0,107132.2,107190.3,226.4503
2025-06-27 02:45:00,107190.2,107244.0,107151.7,107189.0,247.4148
2025-06-27 03:00:00,107189.0,107298.4,107106.0,107106.0,408.7768
2025-06-27 03:15:00,107106.0,107293.9,107106.0,107269.3,201.0321
2025-06-27 03:30:00,107269.3,107455.8,107269.3,107393.2,508.4445
2025-06-27 03:45:00,107393.2,107460.0,107393.2,107420.0,226.8955
2025-06-27 04:00:00,107419.9,107449.4,107335.0,107366.7,275.387
2025-06-27 04:15:00,107366.7,107387.5,107289.8,107350.9,326.029
2025-06-27 04:30:00,107350.9,107454.8,107324.4,107402.3,368.8848
2025-06-27 04:45:00,107402.4,107527.3,107402.4,107443.8,403.7629
2025-06-27 05:00:00,107443.9,107500.0,107411.0,107469.5,317.2384
2025-06-27 05:15:00,107469.5,107469.6,107259.7,107269.3,292.9003
2025-06-27 05:30:00,107269.3,107332.6,107218.7,107292.7,420.5182
2025-06-27 05:45:00,107292.7,107321.8,107208.1,107210.0,191.9936
2025-06-27 06:00:00,107210.1,107328.6,107140.3,107313.3,301.1682
2025-06-27 06:15:00,107313.3,107346.0,107179.0,107217.1,197.5041
2025-06-27 06:30:00,107217.1,107320.0,107179.0,107286.4,132.9458
2025-06-27 06:45:00,107286.7,107330.0,107218.0,107223.8,262.258
2025-06-27 07:00:00,107223.7,107460.0,107223.7,107455.9,367.926
2025-06-27 07:15:00,107456.0,107700.8,107249.4,107292.0,1284.6604
2025-06-27 07:30:00,107291.9,107292.0,106912.2,106933.1,1299.0553
2025-06-27 07:45:00,106933.0,106974.8,106800.0,106823.7,1199.8604
2025-06-27 08:00:00,106823.8,106992.6,106769.1,106850.0,1098.29
2025-06-27 08:15:00,106850.0,106850.0,106675.0,106679.7,685.8398
2025-06-27 08:30:00,106679.7,106821.8,106634.0,106774.4,993.4658
2025-06-27 08:45:00,106774.3,107060.5,106774.3,106954.8,870.6277
2025-06-27 09:00:00,106954.9,106971.0,106750.0,106781.0,539.2544
2025-06-27 09:15:00,106781.0,106905.5,106762.8,106788.4,275.8038
2025-06-27 09:30:00,106788.5,107031.3,106788.5,106995.6,550.4482
2025-06-27 09:45:00,106995.6,107084.5,106958.0,107035.5,565.3095
2025-06-27 10:00:00,107035.5,107111.1,106882.1,106968.3,601.3027
2025-06-27 10:15:00,106968.3,107079.4,106917.0,106952.9,438.4853
2025-06-27 10:30:00,106953.0,107006.7,106930.0,106955.1,376.8354
2025-06-27 10:45:00,106955.1,107018.1,106918.2,106940.4,330.572
2025-06-27 11:00:00,106940.4,106995.9,106928.3,106958.8,228.8807
2025-06-27 11:15:00,106958.9,107097.0,106852.8,106861.9,509.7227
2025-06-27 11:30:00,106861.9,106950.0,106861.9,106942.1,184.1609
2025-06-27 11:45:00,106942.2,106977.1,106858.7,106937.1,230.8596
2025-06-27 12:00:00,106937.1,106977.0,106870.0,106916.2,235.0721
2025-06-27 12:15:00,106916.2,107159.0,106861.9,107120.0,492.9179
2025-06-27 12:30:00,107120.1,107120.1,106680.0,106693.1,1475.3833
2025-06-27 12:45:00,106693.1,106790.0,106548.1,106626.2,980.5403
2025-06-27 13:00:00,106626.2,106797.9,106556.3,106747.9,884.4003
2025-06-27 13:15:00,106748.0,106780.0,106615.0,106646.9,308.787
2025-06-27 13:30:00,106646.9,106950.0,106603.7,106805.9,1060.3153
2025-06-27 13:45:00,106805.8,106805.8,106314.5,106782.7,1686.0207
2025-06-27 14:00:00,106782.7,107055.8,106656.2,106668.0,1528.1692
2025-06-27 14:15:00,106668.1,106730.0,106369.3,106460.1,1487.8532
2025-06-27 14:30:00,106460.1,106664.8,106334.6,106509.9,1336.6526
2025-06-27 14:45:00,106510.0,106627.2,106390.0,106520.1,679.7435
2025-06-27 15:00:00,106520.1,106651.5,106434.0,106529.9,623.6306
2025-06-27 15:15:00,106530.0,106750.0,106432.6,106728.9,665.3255
2025-06-27 15:30:00,106729.0,107199.8,106687.6,107134.6,1683.6923
2025-06-27 15:45:00,107134.6,107358.0,107000.7,107255.3,1251.0612
2025-06-27 16:00:00,107255.4,107328.0,107080.0,107120.0,829.8438
2025-06-27 16:15:00,107120.0,107289.3,107040.0,107251.9,737.8734
2025-06-27 16:30:00,107251.9,107680.0,107233.4,107394.3,1758.2212
2025-06-27 16:45:00,107394.4,107510.0,107340.4,107422.0,529.8023
2025-06-27 17:00:00,107422.0,107454.6,107123.0,107144.9,789.6033
2025-06-27 17:15:00,107145.0,107242.5,106902.2,106930.0,566.3971
2025-06-27 17:30:00,106929.9,107009.4,106702.2,106707.2,833.0881
2025-06-27 17:45:00,106707.2,106884.7,106412.9,106817.5,2419.4129
2025-06-27 18:00:00,106817.0,106958.0,106734.6,106758.5,753.7399
2025-06-27 18:15:00,106758.5,106882.9,106537.4,106630.1,586.0506
2025-06-27 18:30:00,106630.1,106655.2,106400.0,106500.5,899.5376
2025-06-27 18:45:00,106500.5,106666.0,106430.0,106660.0,547.2597
2025-06-27 19:00:00,106660.0,106841.4,106539.6,106812.1,589.2063
2025-06-27 19:15:00,106812.0,106815.7,106670.5,106726.0,299.5211
2025-06-27 19:30:00,106726.0,106773.8,106636.9,106759.6,268.9831
2025-06-27 19:45:00,106758.6,106967.0,106736.6,106742.7,751.3841
2025-06-27 20:00:00,106742.7,107054.7,106730.3,106960.0,599.41
2025-06-27 20:15:00,106958.0,107034.0,106925.5,106965.7,229.576
2025-06-27 20:30:00,106965.8,107050.0,106933.8,107049.9,241.3445
2025-06-27 20:45:00,107049.9,107070.7,106950.9,107069.5,305.0567
2025-06-27 21:00:00,107069.5,107180.0,107053.6,107114.3,569.6423
2025-06-27 21:15:00,107114.3,107145.6,106984.0,107121.5,357.1193
2025-06-27 21:30:00,107121.6,107222.0,107037.0,107047.1,318.7806
2025-06-27 21:45:00,107047.1,107121.5,106983.8,106983.8,180.8571
2025-06-27 22:00:00,106983.9,107120.7,106983.8,107120.6,100.7392
2025-06-27 22:15:00,107120.7,107148.0,107112.7,107124.8,206.8231
2025-06-27 22:30:00,107124.8,107131.5,107058.0,107073.4,127.9828
2025-06-27 22:45:00,107073.4,107089.4,107055.6,107061.7,76.0729
2025-06-27 23:00:00,107061.8,107130.4,107002.9,107100.0,133.5986
2025-06-27 23:15:00,107099.9,107100.0,106919.9,106972.9,207.8967
2025-06-27 23:30:00,106973.0,106984.1,106910.5,106948.0,121.116
2025-06-27 23:45:00,106948.0,107016.0,106947.9,107002.4,157.7819
2025-06-28 00:00:00,107002.6,107015.5,106802.0,106802.1,542.7305
2025-06-28 00:15:00,106802.1,106933.1,106802.0,106900.1,143.1493
2025-06-28 00:30:00,106900.0,107042.0,106883.5,107026.0,277.352
2025-06-28 00:45:00,107026.0,107131.6,107000.0,107000.0,387.2045
2025-06-28 01:00:00,107000.0,107000.1,106854.0,106854.1,255.7744
2025-06-28 01:15:00,106854.0,106883.9,106737.3,106771.9,537.0861
2025-06-28 01:30:00,106771.9,106956.9,106771.9,106938.4,346.4858
2025-06-28 01:45:00,106938.4,107070.0,106934.0,107021.0,262.3141
2025-06-28 02:00:00,107020.9,107051.0,106957.4,107001.6,232.7612
2025-06-28 02:15:00,107001.6,107121.9,106984.8,107121.4,388.3649
2025-06-28 02:30:00,107121.4,107150.0,107085.0,107092.0,289.7488
2025-06-28 02:45:00,107092.0,107092.1,107047.0,107047.1,80.4136
2025-06-28 03:00:00,107047.1,107058.0,107020.7,107020.8,122.6025
2025-06-28 03:15:00,107020.8,107127.8,107020.8,107117.2,162.4816
2025-06-28 03:30:00,107117.2,107168.0,107117.2,107167.9,169.6487
2025-06-28 03:45:00,107167.9,107287.5,107160.0,107229.7,678.6612
2025-06-28 04:00:00,107229.7,107258.4,107173.0,107179.9,235.0647
2025-06-28 04:15:00,107179.9,107180.0,107123.2,107174.9,99.9263
2025-06-28 04:30:00,107174.9,107178.0,107123.1,107141.7,103.7211
2025-06-28 04:45:00,107141.8,107147.1,107125.0,107131.9,93.4106
2025-06-28 05:00:00,107131.9,107266.3,107120.0,107239.8,329.0247
2025-06-28 05:15:00,107239.8,107250.0,107202.7,107211.8,148.5228
2025-06-28 05:30:00,107211.8,107246.0,107204.2,107208.4,157.2858
2025-06-28 05:45:00,107208.5,107243.1,107180.1,107243.0,150.8154
2025-06-28 06:00:00,107243.0,107339.0,107243.0,107333.0,287.4134
2025-06-28 06:15:00,107332.9,107393.7,107320.3,107393.6,486.8843
2025-06-28 06:30:00,107393.7,107396.8,107324.6,107348.9,306.6329
2025-06-28 06:45:00,107348.9,107366.9,107326.0,107366.8,106.0853
2025-06-28 07:00:00,107366.8,107374.0,107339.8,107357.6,103.9527
2025-06-28 07:15:00,107357.6,107407.0,107357.6,107398.1,159.9965
2025-06-28 07:30:00,107398.0,107425.0,107396.0,107412.4,261.0432
2025-06-28 07:45:00,107412.4,107456.0,107391.6,107429.0,179.1954
2025-06-28 08:00:00,107429.0,107442.4,107322.9,107330.0,223.7352
2025-06-28 08:15:00,107330.0,107427.6,107302.8,107358.4,256.7037
2025-06-28 08:30:00,107358.5,107358.5,107305.6,107319.7,133.4901
2025-06-28 08:45:00,107319.7,107337.4,107289.0,107319.9,176.4175
2025-06-28 09:00:00,107319.9,107319.9,107223.5,107257.0,222.6564
2025-06-28 09:15:00,107257.0,107273.8,107230.0,107270.3,236.7961
2025-06-28 09:30:00,107270.3,107270.4,107210.2,107230.1,232.8948
2025-06-28 09:45:00,107230.1,107262.6,107230.0,107252.7,140.0642
2025-06-28 10:00:00,107252.6,107287.3,107244.3,107250.0,202.537
2025-06-28 10:15:00,107249.9,107334.6,107245.0,107285.1,232.7769
2025-06-28 10:30:00,107285.0,107327.1,107209.7,107237.0,246.7226
2025-06-28 10:45:00,107237.0,107240.0,107187.7,107209.6,120.1649
2025-06-28 11:00:00,107209.6,107258.6,107204.0,107215.9,149.5013
2025-06-28 11:15:00,107216.0,107248.1,107215.9,107248.1,98.1873
2025-06-28 11:30:00,107248.0,107285.1,107230.0,107275.6,79.8585
2025-06-28 11:45:00,107275.6,107330.0,107275.6,107323.0,212.8311
2025-06-28 12:00:00,107323.0,107323.1,107283.3,107283.3,141.7202
2025-06-28 12:15:00,107283.3,107283.4,107235.0,107235.0,118.877
2025-06-28 12:30:00,107235.1,107269.1,107235.0,107269.0,60.613
2025-06-28 12:45:00,107269.0,107304.4,107251.4,107281.0,67.8799
2025-06-28 13:00:00,107281.0,107302.3,107262.8,107278.5,67.2494
2025-06-28 13:15:00,107278.5,107278.5,107106.8,107118.9,431.1678
2025-06-28 13:30:00,107118.8,107124.0,107025.0,107055.9,636.6595
2025-06-28 13:45:00,107056.0,107066.8,107033.1,107052.5,141.957
2025-06-28 14:00:00,107052.5,107137.7,107046.6,107137.6,304.6978
2025-06-28 14:15:00,107137.7,107208.5,107122.2,107182.0,255.1937
2025-06-28 14:30:00,107182.0,107205.0,107136.3,107151.6,161.8309
2025-06-28 14:45:00,107151.6,107158.0,107143.5,107143.5,86.9522
2025-06-28 15:00:00,107143.5,107186.7,107143.5,107176.5,130.1454
2025-06-28 15:15:00,107176.5,107176.6,107133.6,107133.7,125.9633
2025-06-28 15:30:00,107133.7,107243.0,107133.6,107242.9,129.2387
2025-06-28 15:45:00,107242.9,107519.1,107223.6,107395.9,801.9289
2025-06-28 16:00:00,107396.0,107467.0,107320.0,107370.9,495.2332
2025-06-28 16:15:00,107370.9,107378.5,107186.3,107279.2,325.9878
2025-06-28 16:30:00,107279.1,107400.9,107223.3,107254.9,283.2814
2025-06-28 16:45:00,107254.9,107255.0,107210.1,107255.0,139.6463
2025-06-28 17:00:00,107254.9,107318.2,107240.0,107308.8,85.5844
2025-06-28 17:15:00,107308.8,107308.8,107245.5,107267.2,73.3583
2025-06-28 17:30:00,107267.2,107378.0,107254.1,107353.1,148.6776
2025-06-28 17:45:00,107353.1,107492.5,107328.0,107417.7,420.9609
2025-06-28 18:00:00,107417.7,107417.8,107324.4,107379.2,315.3529
2025-06-28 18:15:00,107379.2,107401.5,107286.5,107299.1,248.5535
2025-06-28 18:30:00,107299.1,107325.8,107229.4,107229.5,73.5224
2025-06-28 18:45:00,107229.5,107275.1,107206.0,107275.1,133.0001
2025-06-28 19:00:00,107275.1,107275.1,107240.3,107252.9,63.0808
2025-06-28 19:15:00,107252.9,107282.4,107240.4,107240.5,61.1694
2025-06-28 19:30:00,107240.5,107240.5,107184.9,107189.9,93.5127
2025-06-28 19:45:00,107189.9,107201.4,107167.0,107167.0,82.306
2025-06-28 20:00:00,107167.1,107167.1,107113.7,107126.3,130.5044
2025-06-28 20:15:00,107126.4,107186.7,107100.4,107186.7,146.3529
2025-06-28 20:30:00,107186.7,107186.7,107127.0,107127.1,55.3058
2025-06-28 20:45:00,107127.1,107153.7,107107.8,107107.9,108.9829
2025-06-28 21:00:00,107107.9,107175.0,107107.8,107130.4,112.7655
2025-06-28 21:15:00,107130.4,107203.2,107130.4,107203.2,92.9584
2025-06-28 21:30:00,107203.2,107253.1,107195.4,107217.1,116.2957
2025-06-28 21:45:00,107217.0,107293.0,107168.3,107261.4,144.9778
2025-06-28 22:00:00,107261.3,107318.3,107207.4,107207.4,133.8496
2025-06-28 22:15:00,107207.4,107260.0,107207.4,107239.4,59.7259
2025-06-28 22:30:00,107239.4,107321.8,107233.8,107321.7,99.1842
2025-06-28 22:45:00,107321.7,107321.7,107276.1,107304.1,210.0814
2025-06-28 23:00:00,107304.1,107304.2,107271.6,107271.7,70.53
2025-06-28 23:15:00,107271.7,107271.7,107260.3,107260.4,41.065
2025-06-28 23:30:00,107260.4,107260.4,107222.0,107232.2,58.5313
2025-06-28 23:45:00,107232.2,107258.7,107221.4,107234.6,56.4194
2025-06-29 00:00:00,107234.6,107244.6,107195.9,107217.6,137.989
2025-06-29 00:15:00,107217.5,107421.4,107213.1,107371.3,534.6066
2025-06-29 00:30:00,107371.3,107412.5,107309.4,107348.1,241.9067
2025-06-29 00:45:00,107348.2,107450.0,107336.1,107412.3,383.8493
2025-06-29 01:00:00,107412.3,107412.4,107335.1,107335.1,115.3021
2025-06-29 01:15:00,107335.1,107376.2,107333.5,107363.3,143.1487
2025-06-29 01:30:00,107363.2,107365.2,107289.3,107289.4,94.2154
2025-06-29 01:45:00,107289.4,107310.8,107258.4,107262.5,143.3564
2025-06-29 02:00:00,107262.5,107270.0,107104.8,107170.0,361.5126
2025-06-29 02:15:00,107170.0,107193.2,107111.5,107169.0,237.6914
2025-06-29 02:30:00,107169.0,107300.0,107150.0,107251.1,251.8725
2025-06-29 02:45:00,107251.0,107252.0,107230.4,107238.1,53.4316
2025-06-29 03:00:00,107238.1,107238.1,107200.0,107212.3,78.7465
2025-06-29 03:15:00,107212.3,107246.1,107212.2,107228.0,125.817
2025-07-06 10:15:00,107874.1,107911.5,107861.5,107911.5,153.5126
2025-07-06 10:30:00,107911.4,108099.3,107911.4,107985.7,475.4734
2025-07-06 10:45:00,107985.8,107985.8,107924.1,107941.5,122.5012
2025-07-06 11:00:00,107941.5,107965.5,107912.0,107925.9,122.5178
2025-07-06 11:15:00,107925.9,107950.0,107912.0,107950.0,60.6268
2025-07-06 11:30:00,107950.0,107996.6,107949.9,107987.1,81.4335
2025-07-06 11:45:00,107987.1,108050.0,107987.0,108029.9,225.3573
2025-07-06 12:00:00,108029.9,108061.4,107987.3,108014.2,136.0498
2025-07-06 12:15:00,108014.1,108059.7,107999.3,108046.3,159.927
2025-07-06 12:30:00,108046.2,108140.6,108046.2,108121.9,416.8257
2025-07-06 12:45:00,108121.9,108188.0,108120.6,108188.0,409.8366
2025-07-06 13:00:00,108188.0,108188.0,108136.5,108168.6,256.8545
2025-07-06 13:15:00,108168.6,108436.0,108168.5,108411.8,1703.8763
2025-07-06 13:30:00,108411.8,108659.9,108411.7,108629.1,2158.4486
2025-07-06 13:45:00,108629.1,109099.9,108629.0,108732.1,3260.329
2025-07-06 14:00:00,108732.1,108860.1,108666.7,108758.3,1030.09
2025-07-06 14:15:00,108758.3,108896.0,108736.0,108845.5,537.6128
2025-07-06 14:30:00,108845.4,108995.0,108563.8,108698.7,1299.4061
2025-07-06 14:45:00,108698.6,108905.0,108586.2,108885.8,643.9325
2025-07-06 15:00:00,108885.8,108942.3,108804.0,108865.2,513.105
2025-07-06 15:15:00,108865.2,108865.2,108683.4,108777.8,400.1266
2025-07-06 15:30:00,108777.9,108817.0,108608.2,108719.9,365.8102
2025-07-06 15:45:00,108719.8,108865.1,108640.0,108865.1,472.4412
2025-07-06 16:00:00,108865.0,108912.8,108660.4,108700.8,635.3751
2025-07-06 16:15:00,108700.8,108816.4,108700.8,108770.1,165.9824
2025-07-06 16:30:00,108770.1,108774.6,108649.5,108684.2,338.4254
2025-07-06 16:45:00,108684.2,108820.0,108660.3,108800.8,320.6362
2025-07-06 17:00:00,108800.7,108800.8,108667.8,108714.4,218.5833
2025-07-06 17:15:00,108714.3,108818.1,108711.0,108813.0,199.3603
2025-07-06 17:30:00,108813.0,108920.1,108812.9,108907.9,394.0548
2025-07-06 17:45:00,108907.9,108920.5,108813.6,108860.7,171.6157
2025-07-06 18:00:00,108860.7,108877.0,108700.0,108743.6,246.0278
2025-07-06 18:15:00,108743.6,108777.0,108432.7,108519.0,566.5561
2025-07-06 18:30:00,108519.1,108576.3,108350.0,108370.1,605.2067
2025-07-06 18:45:00,108370.1,108433.9,108230.0,108433.9,1152.0639
2025-07-06 19:00:00,108433.9,108589.1,108433.8,108505.3,282.6504
2025-07-06 19:15:00,108505.3,108510.0,108419.7,108429.2,152.7239
2025-07-06 19:30:00,108429.2,108499.7,108275.6,108319.3,311.0463
2025-07-06 19:45:00,108319.3,108500.0,108246.7,108499.9,218.5991
2025-07-06 20:00:00,108500.0,108790.8,108492.0,108743.2,372.9275
2025-07-06 20:15:00,108743.2,108800.0,108650.5,108650.5,270.3998
2025-07-06 20:30:00,108650.5,108730.1,108650.5,108709.9,89.3434
2025-07-06 20:45:00,108709.9,108799.8,108618.6,108618.6,174.6514
2025-07-06 21:00:00,108618.6,108909.7,108616.0,108870.2,248.1853
2025-07-06 21:15:00,108870.1,109288.0,108865.0,109269.1,1238.1476
2025-07-06 21:30:00,109269.1,109677.9,109161.5,109400.0,2591.5957
2025-07-06 21:45:00,109400.0,109400.0,108970.0,109159.9,1245.3884
2025-07-06 22:00:00,109159.9,109481.6,109155.4,109350.0,1190.9958
2025-07-06 22:15:00,109350.0,109465.6,109255.8,109406.8,502.8764
2025-07-06 22:30:00,109406.9,109418.0,109215.9,109284.0,278.6381
2025-07-06 22:45:00,109284.0,109320.0,109161.5,109182.0,358.1748
2025-07-06 23:00:00,109182.0,109198.4,108929.6,109180.0,1047.7172
2025-07-06 23:15:00,109180.0,109180.0,108978.9,108998.7,224.4083
2025-07-06 23:30:00,108998.7,109119.9,108922.4,109119.8,293.4787
2025-07-06 23:45:00,109119.8,109235.0,109081.7,109142.0,198.4405
2025-07-07 00:00:00,109142.1,109228.7,109043.8,109228.7,484.7377
2025-07-07 00:15:00,109228.6,109240.5,108930.3,108956.0,371.4546
2025-07-07 00:30:00,108956.0,108999.6,108770.0,108790.1,653.3554
2025-07-07 00:45:00,108790.1,108878.6,108736.8,108777.7,309.6417
2025-07-07 01:00:00,108777.6,108777.7,108620.9,108722.0,486.3587
2025-07-07 01:15:00,108722.0,108900.0,108666.9,108864.8,439.0443
2025-07-07 01:30:00,108864.8,109055.0,108856.0,108989.9,526.7068
2025-07-07 01:45:00,108990.0,109055.2,108915.8,108970.1,190.2705
2025-07-07 02:00:00,108970.1,109473.6,108970.0,109410.0,1089.2745
2025-07-07 02:15:00,109409.9,109476.0,109374.2,109403.9,587.2534
2025-07-07 02:30:00,109403.9,109423.0,109273.6,109423.0,520.0859
2025-07-07 02:45:00,109423.0,109423.0,109302.6,109308.0,253.3387
2025-07-07 03:00:00,109308.0,109424.8,109307.9,109345.7,239.8182
2025-07-07 03:15:00,109345.8,109665.9,109345.7,109584.1,860.0704
2025-07-07 03:30:00,109584.1,109584.1,109438.4,109488.7,644.3446
2025-07-07 03:45:00,109488.7,109500.0,109317.3,109358.8,643.8975
2025-07-07 04:00:00,109358.8,109421.7,109255.6,109285.0,346.2787
2025-07-07 04:15:00,109285.1,109319.5,109146.9,109189.6,393.9562
2025-07-07 04:30:00,109189.6,109203.6,109096.6,109096.6,257.1557
2025-07-07 04:45:00,109096.7,109150.0,109069.4,109072.0,256.0745
2025-07-07 05:00:00,109072.0,109153.5,109070.0,109100.0,254.2237
2025-07-07 05:15:00,109100.0,109161.4,109070.0,109070.1,284.2343
2025-07-07 05:30:00,109070.0,109160.7,109000.0,109106.7,411.1881
2025-07-07 05:45:00,109106.7,109108.2,108964.0,109034.8,306.3537
2025-07-07 06:00:00,109034.9,109128.9,108959.2,109078.1,262.9764
2025-07-07 06:15:00,109078.1,109122.0,109078.1,109097.0,169.3476
2025-07-07 06:30:00,109097.0,109097.0,108777.7,108777.7,588.5192
2025-07-07 06:45:00,108777.8,108838.5,108706.4,108740.6,599.1191
2025-07-07 07:00:00,108740.6,108860.0,108606.0,108833.4,858.9514
2025-07-07 07:15:00,108833.4,108917.6,108800.1,108870.0,393.0365
2025-07-07 07:30:00,108870.0,108924.4,108800.6,108890.9,228.6287
2025-07-07 07:45:00,108890.9,109023.3,108890.9,109013.8,298.3881
2025-07-07 08:00:00,109013.8,109038.3,108867.8,108867.8,321.2254
2025-07-07 08:15:00,108867.8,108900.0,108807.6,108850.0,270.3467
2025-07-07 08:30:00,108850.0,109057.5,108819.1,109001.1,363.6515
2025-07-07 08:45:00,109001.2,109048.3,108901.6,108976.0,221.6169
2025-07-07 09:00:00,108976.0,108976.0,108787.9,108864.1,285.6596
2025-07-07 09:15:00,108864.1,108864.1,108715.4,108814.3,310.5726
2025-07-07 09:30:00,108814.3,108882.3,108768.0,108866.5,219.5138
2025-07-07 09:45:00,108866.5,108866.6,108724.5,108809.2,195.0685
2025-07-07 10:00:00,108809.2,108815.6,108688.0,108806.8,472.1438
2025-07-07 10:15:00,108806.7,108865.5,108695.4,108695.5,455.2673
2025-07-07 10:30:00,108695.5,108767.5,108675.4,108704.2,290.5007
2025-07-07 10:45:00,108704.2,108749.9,108630.0,108638.9,280.2638
2025-07-07 11:00:00,108638.9,108708.3,108638.9,108673.0,263.7186
2025-07-07 11:15:00,108673.0,108775.0,108512.3,108710.1,690.3727
2025-07-07 11:30:00,108710.2,108742.7,108598.8,108705.8,405.7859
2025-07-07 11:45:00,108705.8,108708.6,108580.0,108599.0,246.7877
2025-07-07 12:00:00,108598.9,108599.0,108425.9,108484.0,766.0576
2025-07-07 12:15:00,108484.0,108484.0,108333.8,108382.1,954.8301
2025-07-07 12:30:00,108382.0,108500.0,108373.8,108450.1,421.8442
2025-07-07 12:45:00,108450.1,108512.3,108268.0,108296.4,944.1178
2025-07-07 13:00:00,108296.4,108364.3,108150.1,108220.5,934.4469
2025-07-07 13:15:00,108220.5,108394.5,107940.2,108369.2,2255.7705
2025-07-07 13:30:00,108369.2,108481.8,107960.5,108106.1,1554.7899
2025-07-07 13:45:00,108106.1,108521.7,107963.6,108476.1,1437.208
2025-07-07 14:00:00,108476.0,108610.8,108061.3,108095.0,1580.0069
2025-07-07 14:15:00,108095.0,108257.5,108020.3,108096.9,1255.5632
2025-07-07 14:30:00,108096.8,108174.9,107901.0,108135.5,1193.8492
2025-07-07 14:45:00,108135.4,108333.3,108077.2,108162.9,564.7545
2025-07-07 15:00:00,108163.0,108428.0,108162.9,108391.5,723.1983
2025-07-07 15:15:00,108391.5,108544.3,108193.7,108495.2,633.1826
2025-07-07 15:30:00,108495.2,108575.0,108350.0,108419.2,627.4592
2025-07-07 15:45:00,108419.9,108471.6,108206.6,108239.9,767.7993
2025-07-07 16:00:00,108240.0,108350.0,108200.0,108228.4,412.8057
2025-07-07 16:15:00,108228.3,108444.0,107834.0,108106.2,2423.1667
2025-07-07 16:30:00,108106.2,108300.0,108063.6,108225.8,666.1532
2025-07-07 16:45:00,108225.8,108269.2,107856.0,107930.2,772.1763
2025-07-07 17:00:00,107930.1,108000.0,107753.5,107986.1,1095.8597
2025-07-07 17:15:00,107986.2,108078.3,107940.1,108077.0,367.8616
2025-07-07 17:30:00,108077.0,108322.8,107877.2,107941.9,1060.9441
2025-07-07 17:45:00,107941.9,108022.7,107850.0,107900.0,339.649
2025-07-07 18:00:00,107899.9,108050.0,107863.3,108003.9,262.9878
2025-07-07 18:15:00,108003.9,108014.4,107471.8,107483.5,1339.2373
2025-07-07 18:30:00,107483.6,107777.8,107450.0,107694.1,829.6017
2025-07-07 18:45:00,107694.0,107988.7,107694.0,107979.8,611.4786
2025-07-07 19:00:00,107979.8,108150.0,107958.0,108110.0,752.9162
2025-07-07 19:15:00,108110.0,108256.1,108110.0,108138.3,570.9504
2025-07-07 19:30:00,108138.4,108212.9,108049.0,108049.1,259.4834
2025-07-07 19:45:00,108049.1,108104.0,107945.1,107994.4,550.7861
2025-07-07 20:00:00,107994.3,107994.3,107808.0,107934.6,768.7062
2025-07-07 20:15:00,107934.6,108067.4,107832.6,107978.3,300.3229
2025-07-07 20:30:00,107978.3,108098.0,107938.0,107938.0,162.9728
2025-07-07 20:45:00,107938.0,107938.1,107808.0,107818.3,248.3475
2025-07-07 21:00:00,107818.2,107920.1,107818.2,107902.6,147.5995
2025-07-07 21:15:00,107902.6,107911.6,107724.0,107743.9,401.6377
2025-07-07 21:30:00,107743.9,108079.6,107743.9,108000.0,369.6429
2025-07-07 21:45:00,108000.1,108167.3,108000.1,108120.5,226.9777
2025-07-07 22:00:00,108120.5,108136.0,107912.9,107999.9,236.8587
2025-07-07 22:15:00,108000.0,108058.9,107934.6,107941.5,175.2593
2025-07-07 22:30:00,107941.5,108046.2,107924.9,108034.0,193.4401
2025-07-07 22:45:00,108034.1,108040.0,107956.0,107970.7,97.1167
2025-07-07 23:00:00,107970.7,108186.0,107970.7,108155.9,316.1492
2025-07-07 23:15:00,108155.9,108171.9,108113.4,108131.3,89.8184
2025-07-07 23:30:00,108131.2,108230.7,108130.0,108160.0,239.075
2025-07-07 23:45:00,108160.1,108263.9,108160.0,108209.9,165.8086
2025-07-08 00:00:00,108210.0,108249.7,108143.1,108232.1,316.7265
2025-07-08 00:15:00,108232.0,108380.0,108138.3,108380.0,538.3964
2025-07-08 00:30:00,108379.9,108468.7,108250.5,108468.7,611.7455
2025-07-08 00:45:00,108468.7,108468.7,108134.9,108248.0,665.9154
2025-07-08 01:00:00,108247.9,108248.0,108077.0,108116.8,310.2881
2025-07-08 01:15:00,108116.7,108116.8,107930.6,107990.1,500.333
2025-07-08 01:30:00,107990.0,108071.6,107817.0,107823.5,630.3759
2025-07-08 01:45:00,107823.4,107859.5,107638.0,107655.7,779.6735
2025-07-08 02:00:00,107655.7,107752.4,107474.3,107600.0,953.0174
2025-07-08 02:15:00,107600.0,107904.2,107363.6,107874.4,1624.1834
2025-07-08 02:30:00,107874.4,107900.0,107650.0,107693.6,686.4486
2025-07-08 02:45:00,107693.5,107731.1,107520.0,107731.1,487.3489
2025-07-08 03:00:00,107731.0,107791.0,107640.0,107744.0,282.9179
2025-07-08 03:15:00,107744.0,107877.3,107712.0,107855.9,208.1683
2025-07-08 03:30:00,107855.9,107974.6,107838.0,107905.7,297.4462
2025-07-08 03:45:00,107905.7,107913.5,107823.1,107856.7,212.4709
2025-07-08 04:00:00,107856.7,107856.8,107754.6,107787.5,240.0962
2025-07-08 04:15:00,107787.4,107815.0,107688.1,107815.0,197.608
2025-07-08 04:30:00,107815.0,107951.8,107815.0,107946.0,348.4261
2025-07-08 04:45:00,107946.1,107987.6,107900.2,107987.6,212.6142
2025-07-08 05:00:00,107987.6,107999.0,107929.8,107968.8,222.5199
2025-07-08 05:15:00,107968.8,108057.7,107961.4,108051.0,308.2693
2025-07-08 05:30:00,108050.9,108091.0,107962.4,108091.0,271.0827
2025-07-08 05:45:00,108090.9,108180.0,108088.6,108158.3,510.1137
2025-07-08 06:00:00,108158.3,108242.0,108142.5,108188.8,420.742
2025-07-08 06:15:00,108188.7,108199.0,108076.0,108134.3,305.0949
2025-07-08 06:30:00,108134.3,108274.3,108124.9,108254.3,373.5544
2025-07-08 06:45:00,108254.3,108332.6,108175.0,108240.1,563.7609
2025-07-08 07:00:00,108240.1,108285.0,108178.2,108178.5,216.1619
2025-07-08 07:15:00,108178.5,108341.0,108160.0,108302.5,493.447
2025-07-08 07:30:00,108302.6,108370.9,108269.3,108363.8,365.3853
2025-07-08 07:45:00,108363.9,108448.0,108348.0,108438.0,513.314
2025-07-08 08:00:00,108438.0,108480.0,108386.4,108434.1,476.208
2025-07-08 08:15:00,108434.2,108439.4,108327.4,108334.7,403.1706
2025-07-08 08:30:00,108334.8,108358.4,108236.0,108236.0,428.8941
2025-07-08 08:45:00,108236.0,108300.0,108221.0,108221.0,279.7147
2025-07-08 09:00:00,108221.0,108306.6,108174.3,108299.8,496.2768
2025-07-08 09:15:00,108299.8,108349.6,108235.1,108342.9,262.8969
2025-07-08 09:30:00,108342.9,108444.0,108342.9,108443.9,310.05
2025-07-08 09:45:00,108444.0,108444.0,108389.0,108410.2,248.8826
2025-07-08 10:00:00,108410.2,108477.0,108360.0,108470.0,258.9778
2025-07-08 10:15:00,108470.0,108653.4,108442.7,108463.3,1474.9885
2025-07-08 10:30:00,108463.2,108852.0,108454.6,108826.3,1389.6537
2025-07-08 10:45:00,108826.3,108826.4,108730.1,108774.4,661.5117
2025-07-08 11:00:00,108774.4,108949.4,108774.3,108883.2,1040.3639
2025-07-08 11:15:00,108883.1,108930.4,108803.9,108849.4,474.6627
2025-07-08 11:30:00,108849.4,108893.8,108785.9,108825.1,424.0597
2025-07-08 11:45:00,108825.0,108850.0,108689.9,108698.6,385.4467
2025-07-08 12:00:00,108698.6,108769.1,108698.5,108753.4,226.2478
2025-07-08 12:15:00,108753.4,108753.4,108631.5,108649.0,357.3031
2025-07-08 12:30:00,108649.0,108767.5,108648.9,108729.5,345.2897
2025-07-08 12:45:00,108729.5,108915.4,108729.5,108904.9,380.5023
2025-07-08 13:00:00,108904.9,108914.2,108764.3,108779.2,340.2026
2025-07-08 13:15:00,108779.1,108832.4,108729.2,108832.4,285.872
2025-07-08 13:30:00,108832.3,108995.0,108578.5,108986.7,1250.1453
2025-07-08 13:45:00,108986.8,109179.7,108810.3,108969.6,2105.0726
2025-07-08 14:00:00,108969.6,109020.0,108460.8,108573.4,1586.6463
2025-07-08 14:15:00,108573.3,108680.8,108322.9,108472.7,1573.9098
2025-07-08 14:30:00,108472.7,108767.7,108434.0,108705.8,950.1323
2025-07-08 14:45:00,108707.3,108707.4,108188.0,108336.7,1718.9815
2025-07-08 15:00:00,108336.8,108487.8,108277.0,108400.5,651.0897
2025-07-08 15:15:00,108400.6,108498.7,108190.0,108223.9,635.873
2025-07-08 15:30:00,108223.8,108340.4,108157.0,108270.1,666.8952
2025-07-08 15:45:00,108270.1,108350.0,108172.0,108220.0,486.7107
2025-07-08 16:00:00,108219.9,108300.0,108063.0,108113.7,571.5677
2025-07-08 16:15:00,108113.7,108515.8,108040.1,108404.9,1024.1845
2025-07-08 16:30:00,108404.9,108500.0,108122.5,108313.1,867.7794
2025-07-08 16:45:00,108313.1,108426.0,108240.1,108395.3,401.1664
2025-07-08 17:00:00,108395.2,108850.0,108388.1,108715.4,1477.8124
2025-07-08 17:15:00,108715.4,108988.0,108635.5,108828.7,1253.3355
2025-07-08 17:30:00,108828.8,108900.0,108650.0,108729.8,498.6167
2025-07-08 17:45:00,108729.8,109048.0,108729.8,108937.9,852.4091
2025-07-08 18:00:00,108937.9,109059.0,108846.1,109059.0,717.6866
2025-07-08 18:15:00,109059.0,109075.1,108888.0,109007.4,458.7085
2025-07-08 18:30:00,109007.3,109055.0,108895.8,108967.1,470.4481
2025-07-08 18:45:00,108967.0,109111.0,108905.0,109108.7,499.0172
2025-07-08 19:00:00,109108.7,109108.7,108899.0,108905.2,365.3256
2025-07-08 19:15:00,108905.3,109008.4,108895.8,108898.5,176.6795
2025-07-08 19:30:00,108898.5,108910.7,108700.0,108736.7,365.2417
2025-07-08 19:45:00,108736.7,108809.6,108666.9,108714.9,239.5188
2025-07-08 20:00:00,108714.9,108730.6,108666.1,108666.2,145.6775
2025-07-08 20:15:00,108666.2,108898.0,108634.0,108842.1,263.5487
2025-07-08 20:30:00,108842.1,108853.6,108730.4,108730.4,139.2269
2025-07-08 20:45:00,108730.4,108730.5,108576.3,108576.4,262.5609
2025-07-08 21:00:00,108576.4,108717.3,108569.1,108690.0,278.5165
2025-07-08 21:15:00,108690.0,108690.1,108551.0,108679.1,196.137
2025-07-08 21:30:00,108679.1,108915.7,108679.1,108857.5,294.1962
2025-07-08 21:45:00,108857.5,108927.3,108776.0,108847.2,213.6864
2025-07-08 22:00:00,108847.3,108922.0,108758.7,108795.9,154.0666
2025-07-08 22:15:00,108795.9,108833.1,108781.4,108826.4,84.1272
2025-07-08 22:30:00,108826.4,108881.8,108806.0,108846.8,117.4868
2025-07-08 22:45:00,108846.8,108875.0,108832.6,108856.5,87.0187
2025-07-08 23:00:00,108856.5,108915.8,108804.5,108873.9,157.1535
2025-07-08 23:15:00,108873.9,108932.0,108761.4,108797.4,223.9549
2025-07-08 23:30:00,108797.4,108925.0,108797.4,108883.0,189.0176
2025-07-08 23:45:00,108883.1,108905.2,108847.7,108878.4,162.2214
2025-07-09 00:00:00,108878.3,108908.7,108740.0,108774.6,309.5846
2025-07-09 00:15:00,108774.6,108835.5,108718.2,108750.0,210.91
2025-07-09 00:30:00,108750.0,108846.4,108733.4,108843.5,158.4319
2025-07-09 00:45:00,108843.4,108915.4,108802.1,108894.9,305.7496
2025-07-09 01:00:00,108895.0,109090.8,108868.3,109056.2,632.6259
2025-07-09 01:15:00,109056.3,109056.3,108706.0,108734.5,546.0382
2025-07-09 01:30:00,108734.5,108764.7,108672.6,108686.5,413.3577
2025-07-09 01:45:00,108686.4,108753.2,108666.7,108742.4,290.907
2025-07-09 02:00:00,108742.3,108806.5,108705.7,108796.6,262.6844
2025-07-09 02:15:00,108796.6,108796.6,108657.1,108676.1,246.2314
2025-07-09 02:30:00,108676.1,108729.1,108617.2,108671.0,353.377
2025-07-09 02:45:00,108671.0,108671.0,108561.5,108582.6,298.7434
2025-07-09 03:00:00,108582.6,108636.0,108421.6,108421.6,510.8216
2025-07-09 03:15:00,108421.7,108421.7,108352.6,108411.1,597.8281
2025-07-09 03:30:00,108411.1,108411.2,108335.2,108338.4,403.4611
2025-07-09 03:45:00,108338.4,108350.2,108283.6,108320.0,510.404
2025-07-09 04:00:00,108320.0,108426.0,108294.8,108294.9,422.6255
2025-07-09 04:15:00,108294.9,108360.0,108280.0,108355.3,322.9121
2025-07-09 04:30:00,108355.4,108500.0,108355.3,108450.0,483.4352
2025-07-09 04:45:00,108450.1,108526.9,108420.0,108506.0,297.4917
2025-07-09 05:00:00,108506.0,108588.9,108471.0,108500.4,419.455
2025-07-09 05:15:00,108500.5,108538.0,108431.3,108447.4,227.1117
2025-07-09 05:30:00,108447.4,108888.8,108440.1,108822.1,1293.8886
2025-07-09 05:45:00,108822.1,108859.6,108623.5,108735.8,570.6478
2025-07-09 06:00:00,108735.8,108774.0,108638.0,108675.9,490.6072
2025-07-09 06:15:00,108675.9,108762.0,108662.0,108672.0,169.3826
2025-07-09 06:30:00,108672.1,108711.7,108636.3,108662.9,147.827
2025-07-09 06:45:00,108662.8,108824.0,108662.8,108799.9,294.4527
2025-07-09 07:00:00,108799.9,108835.0,108718.1,108718.1,331.1443
2025-07-09 07:15:00,108718.1,108792.4,108700.0,108742.2,159.5074
2025-07-09 07:30:00,108742.1,108742.2,108625.2,108627.9,185.2629
2025-07-09 07:45:00,108628.0,108694.8,108622.4,108663.9,196.6043
2025-07-09 08:00:00,108663.9,108735.9,108629.4,108719.7,197.9872
2025-07-09 08:15:00,108719.8,108807.7,108702.0,108760.5,202.7305
2025-07-09 08:30:00,108760.6,108776.8,108689.5,108732.2,250.0464
2025-07-09 08:45:00,108732.1,108732.2,108603.9,108610.5,285.633
2025-07-09 09:00:00,108610.6,108624.6,108507.2,108507.3,297.3755
2025-07-09 09:15:00,108507.3,108600.0,108502.4,108555.8,225.2471
2025-07-09 09:30:00,108555.7,108659.2,108537.3,108656.0,204.6735
2025-07-09 09:45:00,108656.0,108741.5,108637.6,108711.3,259.8108
2025-07-09 10:00:00,108711.3,108772.8,108650.0,108759.5,217.1129
2025-07-09 10:15:00,108759.4,108797.9,108736.2,108740.5,191.9263
2025-07-09 10:30:00,108740.5,108828.7,108740.4,108828.6,217.1325
2025-07-09 10:45:00,108828.7,108850.0,108750.0,108850.0,255.2537
2025-07-09 11:00:00,108849.9,108965.0,108849.9,108959.3,546.5871
2025-07-09 11:15:00,108959.3,109030.0,108956.0,108986.9,717.6794
2025-07-09 11:30:00,108986.9,109044.5,108856.7,109007.5,757.6073
2025-07-09 11:45:00,109007.5,109083.0,108982.6,109005.9,559.992
2025-07-09 12:00:00,109005.9,109380.3,108928.6,109343.7,1866.2529
2025-07-09 12:15:00,109343.8,109475.0,109329.5,109463.2,1555.344
2025-07-09 12:30:00,109463.2,109481.0,109375.1,109423.2,641.8495
2025-07-09 12:45:00,109423.1,109438.0,109236.6,109283.6,846.897
2025-07-09 13:00:00,109283.6,109737.3,109283.6,109668.4,1982.6639
2025-07-16 20:00:00,119257.0,119339.3,118959.0,119308.3,510.7344
2025-07-16 20:15:00,119308.3,119633.0,119219.9,119625.9,531.2483
2025-07-16 20:30:00,119625.9,119970.0,119517.8,119956.8,700.0629
2025-07-16 20:45:00,119956.7,119963.9,119557.5,119934.0,856.3789
2025-07-16 21:00:00,119934.0,120127.6,119834.1,119922.3,1182.5266
2025-07-16 21:15:00,119922.3,119969.9,119737.7,119968.9,368.8082
2025-07-16 21:30:00,119969.0,119978.9,119366.6,119409.6,513.4048
2025-07-16 21:45:00,119409.8,119536.1,119227.4,119316.0,390.7114
2025-07-16 22:00:00,119316.0,119464.3,119217.0,119353.7,516.029
2025-07-16 22:15:00,119353.6,119515.6,119141.1,119224.0,538.9709
2025-07-16 22:30:00,119224.1,119284.8,118876.7,119039.7,766.3082
2025-07-16 22:45:00,119039.7,119039.7,118605.4,118677.4,787.3582
2025-07-16 23:00:00,118677.4,118712.1,118536.5,118616.9,452.9301
2025-07-16 23:15:00,118616.9,118703.8,118428.7,118676.1,801.621
2025-07-16 23:30:00,118676.1,118866.6,118636.0,118866.6,495.2292
2025-07-16 23:45:00,118866.6,118866.6,118588.7,118660.9,369.9172
2025-07-17 00:00:00,118660.9,118875.0,118650.2,118800.1,460.0122
2025-07-17 00:15:00,118800.1,118999.0,118800.1,118888.0,423.8242
2025-07-17 00:30:00,118888.1,119177.6,118837.8,119152.1,348.4629
2025-07-17 00:45:00,119152.1,119200.0,118891.8,118900.1,933.332
2025-07-17 01:00:00,118900.1,119104.5,118888.1,119078.8,410.3363
2025-07-17 01:15:00,119078.7,119078.8,118580.1,118703.9,587.7507
2025-07-17 01:30:00,118704.0,118743.5,118038.5,118292.0,2192.8554
2025-07-17 01:45:00,118292.0,118292.0,117688.8,118150.1,2723.7075
2025-07-17 02:00:00,118150.0,118471.6,118014.3,118379.4,820.1552
2025-07-17 02:15:00,118379.4,118535.0,118324.7,118420.6,471.439
2025-07-17 02:30:00,118420.5,118484.9,118236.4,118343.0,367.7463
2025-07-17 02:45:00,118343.0,118388.7,118057.1,118344.0,398.1856
2025-07-17 03:00:00,118344.6,118375.0,118012.0,118021.9,292.9493
2025-07-17 03:15:00,118021.8,118076.1,117855.0,117885.2,694.6473
2025-07-17 03:30:00,117885.1,118055.0,117756.1,117910.0,564.3773
2025-07-17 03:45:00,117910.0,118156.0,117909.9,118128.1,271.0449
2025-07-17 04:00:00,118128.0,118326.5,117975.0,118285.2,511.4951
2025-07-17 04:15:00,118285.2,118339.9,118193.5,118288.0,194.9551
2025-07-17 04:30:00,118287.9,118460.8,118287.9,118370.0,365.8917
2025-07-17 04:45:00,118370.0,118499.0,118335.4,118498.9,295.9589
2025-07-17 05:00:00,118499.0,118499.0,118255.8,118294.5,403.8491
2025-07-17 05:15:00,118294.5,118414.7,118282.9,118407.9,261.4903
2025-07-17 05:30:00,118407.8,118587.9,118220.0,118571.6,618.4738
2025-07-17 05:45:00,118571.7,118665.3,118503.6,118590.0,365.3252
2025-07-17 06:00:00,118590.1,118768.3,118465.0,118510.2,533.4138
2025-07-17 06:15:00,118510.1,118797.3,118339.0,118666.4,752.2873
2025-07-17 06:30:00,118666.4,118688.1,118372.6,118444.4,646.2727
2025-07-17 06:45:00,118444.4,118494.3,118355.0,118470.1,343.6861
2025-07-17 07:00:00,118470.1,118477.4,117921.5,118066.7,1150.3033
2025-07-17 07:15:00,118066.7,118124.2,117850.0,117935.0,521.1994
2025-07-17 07:30:00,117935.0,118588.0,117935.0,118569.8,1542.1959
2025-07-17 07:45:00,118569.9,118569.9,118317.3,118339.1,446.8121
2025-07-17 08:00:00,118339.0,118364.0,118100.0,118147.5,622.0688
2025-07-17 08:15:00,118147.5,118291.9,118125.0,118283.6,282.0897
2025-07-17 08:30:00,118283.6,118443.8,118160.6,118424.5,557.9637
2025-07-17 08:45:00,118424.5,118460.1,118280.0,118382.4,685.2753
2025-07-17 09:00:00,118382.3,118660.0,118280.9,118591.8,751.2461
2025-07-17 09:15:00,118591.8,119280.9,118516.5,119205.9,2645.5969
2025-07-17 09:30:00,119205.9,119257.6,118914.6,119035.3,1008.23
2025-07-17 09:45:00,119035.3,119060.0,118818.1,118818.1,615.9009
2025-07-17 10:00:00,118818.1,118923.9,118599.3,118676.4,661.8255
2025-07-17 10:15:00,118676.4,118713.1,118571.9,118600.0,518.6057
2025-07-17 10:30:00,118600.0,118604.6,118323.9,118332.1,574.8414
2025-07-17 10:45:00,118332.0,118525.2,118273.8,118388.1,591.0686
2025-07-17 11:00:00,118388.0,118440.6,118201.0,118282.0,677.0315
2025-07-17 11:15:00,118281.9,118347.3,118172.5,118206.5,436.1064
2025-07-17 11:30:00,118206.5,118250.0,118148.9,118195.8,356.9512
2025-07-17 11:45:00,118195.7,118214.0,118001.0,118008.5,623.7203
2025-07-17 12:00:00,118008.5,118125.3,117791.4,117850.9,1039.4146
2025-07-17 12:15:00,117850.8,117896.8,117500.0,117518.0,1469.9656
2025-07-17 12:30:00,117518.0,118021.7,117462.0,118021.7,2232.0355
2025-07-17 12:45:00,118021.7,118228.0,117912.0,117912.0,1240.7054
2025-07-17 13:00:00,117912.0,118087.2,117770.0,117891.1,658.7101
2025-07-17 13:15:00,117891.1,118011.9,117700.0,117952.5,682.8359
2025-07-17 13:30:00,117952.5,118110.7,117623.8,117703.6,1167.9198
2025-07-17 13:45:00,117703.6,118498.7,117572.2,118322.1,1746.9699
2025-07-17 14:00:00,118321.5,118555.1,118196.4,118519.2,1145.1033
2025-07-17 14:15:00,118519.2,118760.0,118335.5,118760.0,1326.3151
2025-07-17 14:30:00,118760.0,118896.0,118538.3,118609.6,1101.2275
2025-07-17 14:45:00,118610.0,118890.8,118609.9,118829.6,592.7061
2025-07-17 15:00:00,118829.6,118950.0,118488.0,118498.0,928.0975
2025-07-17 15:15:00,118498.1,118716.9,118385.1,118568.0,634.302
2025-07-17 15:30:00,118568.0,119170.7,118568.0,119150.8,893.8426
2025-07-17 15:45:00,119150.9,119150.9,118824.7,118928.9,768.3901
2025-07-17 16:00:00,118929.0,119010.0,118553.0,118719.6,671.292
2025-07-17 16:15:00,118719.5,118828.6,118557.3,118614.0,601.942
2025-07-17 16:30:00,118614.0,118676.0,118371.5,118499.8,882.012
2025-07-17 16:45:00,118499.8,118633.9,118420.0,118629.6,513.3768
2025-07-17 17:00:00,118629.7,119024.3,118594.0,118973.9,874.6061
2025-07-17 17:15:00,118974.0,118996.9,118690.0,118758.8,494.4508
2025-07-17 17:30:00,118758.8,118840.5,118550.1,118728.2,402.8287
2025-07-17 17:45:00,118728.2,119426.0,118660.0,119333.3,1558.4318
2025-07-17 18:00:00,119333.4,119469.0,119274.6,119275.1,759.0458
2025-07-17 18:15:00,119275.1,119830.6,119275.0,119768.4,1355.0433
2025-07-17 18:30:00,119768.3,119878.0,119702.8,119754.1,611.1019
2025-07-17 18:45:00,119754.1,119781.2,119545.8,119658.6,709.608
2025-07-17 19:00:00,119658.6,120000.0,119658.5,119877.6,1236.2425
2025-07-17 19:15:00,119877.6,119942.9,119706.2,119733.2,536.8276
2025-07-17 19:30:00,119733.2,119760.1,119536.4,119576.0,563.483
2025-07-17 19:45:00,119576.0,119576.0,118878.0,119019.5,1319.9038
2025-07-17 20:00:00,119019.5,119069.2,118450.0,118831.3,1456.0935
2025-07-17 20:15:00,118831.4,119192.8,118678.1,119091.3,705.3091
2025-07-17 20:30:00,119091.3,119461.0,119077.9,119293.1,653.2061
2025-07-17 20:45:00,119293.1,119499.9,119154.3,119499.9,352.9312
2025-07-17 21:00:00,119499.8,120187.2,119492.6,120164.6,2128.8634
2025-07-17 21:15:00,120164.7,121033.0,120164.6,120942.7,3303.2554
2025-07-17 21:30:00,120942.8,120971.0,120101.0,120671.9,2075.3461
2025-07-17 21:45:00,120671.9,120803.7,120242.7,120325.6,651.1457
2025-07-17 22:00:00,120325.6,120492.8,120168.3,120489.7,1321.1699
2025-07-17 22:15:00,120489.8,120760.8,120085.8,120130.1,1131.994
2025-07-17 22:30:00,120130.0,120326.9,120130.0,120212.5,426.5844
2025-07-17 22:45:00,120212.6,120383.2,119514.6,119812.1,1758.6644
2025-07-17 23:00:00,119812.0,119920.0,119616.0,119756.1,632.6468
2025-07-17 23:15:00,119756.1,119929.0,119443.6,119649.7,2226.398
2025-07-17 23:30:00,119649.6,119711.6,119286.3,119409.1,642.6602
2025-07-17 23:45:00,119409.1,119515.9,119195.9,119215.0,498.519
2025-07-18 00:00:00,119215.0,119417.3,119038.0,119085.4,612.3261
2025-07-18 00:15:00,119085.4,119644.0,119085.3,119513.8,762.2511
2025-07-18 00:30:00,119513.7,119799.4,119513.7,119782.2,715.1637
2025-07-18 00:45:00,119782.1,119829.2,119545.5,119789.7,690.0211
2025-07-18 01:00:00,119789.7,120530.5,119681.2,120304.4,1611.3694
2025-07-18 01:15:00,120304.5,120485.0,120050.1,120210.8,1040.5535
2025-07-18 01:30:00,120210.8,120843.5,120074.0,120415.6,1181.2142
2025-07-18 01:45:00,120415.5,120524.0,120295.4,120385.2,424.6837
2025-07-18 02:00:00,120385.2,120400.0,119934.8,120132.0,1232.1755
2025-07-18 02:15:00,120132.0,120360.0,119909.0,120252.0,608.0022
2025-07-18 02:30:00,120252.1,120436.1,120160.2,120313.8,362.0672
2025-07-18 02:45:00,120313.8,120320.0,120102.2,120120.0,310.0984
2025-07-18 03:00:00,120120.1,120200.0,119980.1,120137.8,330.9702
2025-07-18 03:15:00,120137.8,120267.8,120033.0,120099.2,331.5948
2025-07-18 03:30:00,120099.1,120371.4,120041.5,120371.4,325.7145
2025-07-18 03:45:00,120371.4,120555.0,120200.1,120259.5,406.3171
2025-07-18 04:00:00,120259.5,120259.5,119769.8,119908.1,720.2171
2025-07-18 04:15:00,119908.2,120114.3,119865.0,120114.2,342.4499
2025-07-18 04:30:00,120114.2,120351.6,120114.2,120300.0,603.9154
2025-07-18 04:45:00,120299.9,120543.1,120299.9,120446.0,776.8417
2025-07-18 05:00:00,120446.0,120700.0,120221.4,120602.2,1291.4675
2025-07-18 05:15:00,120602.2,120665.9,120423.6,120594.4,697.5315
2025-07-18 05:30:00,120594.5,120608.0,120316.9,120316.9,356.9133
2025-07-18 05:45:00,120316.9,120670.0,120316.9,120637.9,326.092
2025-07-18 06:00:00,120637.9,120888.0,120330.0,120460.3,1089.2996
2025-07-18 06:15:00,120460.4,120460.4,120206.0,120206.0,365.3969
2025-07-18 06:30:00,120206.0,120346.8,120117.6,120312.6,635.6374
2025-07-18 06:45:00,120312.5,120517.2,120287.5,120287.6,396.8824
2025-07-18 07:00:00,120287.6,120433.3,120047.7,120132.1,585.8607
2025-07-18 07:15:00,120132.1,120132.1,119688.0,119723.1,1014.7809
2025-07-18 07:30:00,119723.2,119920.0,119685.5,119912.0,937.6084
2025-07-18 07:45:00,119911.9,119912.0,119361.3,119420.0,1487.9422
2025-07-18 08:00:00,119419.9,119540.4,119248.3,119304.1,1054.3107
2025-07-18 08:15:00,119304.0,119494.2,119121.2,119194.0,1092.1904
2025-07-18 08:30:00,119194.0,119194.0,118433.0,118506.4,3279.9593
2025-07-18 08:45:00,118506.5,118781.6,118470.7,118691.9,1148.8093
2025-07-18 09:00:00,118691.9,118950.0,118512.9,118899.5,834.5333
2025-07-18 09:15:00,118899.6,118900.0,118600.1,118708.2,723.675
2025-07-18 09:30:00,118708.3,118959.0,118703.3,118866.0,338.4333
2025-07-18 09:45:00,118866.1,119046.3,118855.3,118948.7,595.4708
2025-07-18 10:00:00,118948.8,118998.0,118715.0,118741.6,428.082
2025-07-18 10:15:00,118741.6,118961.7,118571.4,118844.1,565.1629
2025-07-18 10:30:00,118844.0,118984.0,118803.0,118984.0,295.5571
2025-07-18 10:45:00,118984.0,119310.0,118940.0,119300.0,718.3119
2025-07-18 11:00:00,119300.1,119342.1,119036.0,119036.0,364.256
2025-07-18 11:15:00,119036.0,119090.6,118829.2,118942.0,457.7428
2025-07-18 11:30:00,118942.0,119159.6,118856.0,119148.2,262.8003
2025-07-18 11:45:00,119148.1,119250.0,119084.0,119224.1,237.7497
2025-07-18 12:00:00,119224.1,119362.6,119222.1,119358.1,346.45
2025-07-18 12:15:00,119354.9,119394.2,119175.1,119255.5,368.238
2025-07-18 12:30:00,119255.4,119515.0,119255.4,119455.1,471.5499
2025-07-18 12:45:00,119455.1,119563.0,119410.6,119480.0,365.1542
2025-07-18 13:00:00,119480.1,119485.1,118921.0,118921.0,1441.199
2025-07-18 13:15:00,118921.1,118960.0,118692.3,118850.1,955.1143
2025-07-18 13:30:00,118850.0,118953.9,118530.1,118703.6,2005.4746
2025-07-18 13:45:00,118703.5,118912.7,118658.6,118830.0,1015.089
2025-07-18 14:00:00,118830.0,119307.7,118756.8,119027.9,1290.9505
2025-07-18 14:15:00,119027.9,119099.6,117784.2,117986.2,4676.0256
2025-07-18 14:30:00,117986.2,118168.3,117325.3,117817.0,3112.2595
2025-07-18 14:45:00,117816.9,118434.2,117794.1,118184.6,1911.019
2025-07-18 15:00:00,118184.7,118320.5,117798.6,117798.6,1178.9593
2025-07-18 15:15:00,117798.6,117985.4,117528.6,117797.9,1404.5458
2025-07-18 15:30:00,117797.9,118005.8,117500.0,117697.1,1076.3229
2025-07-18 15:45:00,117697.0,118068.8,117513.4,117888.7,1465.6381
2025-07-18 16:00:00,117888.8,118108.5,117724.8,117724.8,549.326
2025-07-18 16:15:00,117724.8,117870.4,117571.1,117647.2,615.6675
2025-07-18 16:30:00,117647.2,118055.1,117516.3,117937.4,608.2761
2025-07-18 16:45:00,117937.3,117962.6,117541.4,117590.0,417.1223
2025-07-18 17:00:00,117590.0,117696.0,117388.0,117610.1,1272.5389
2025-07-18 17:15:00,117610.1,118025.9,117586.6,117956.0,497.3812
2025-07-18 17:30:00,117956.0,117999.0,117607.9,117630.1,543.3995
2025-07-18 17:45:00,117630.1,117740.5,117507.7,117625.0,517.1498
2025-07-18 18:00:00,117625.0,117649.3,117380.0,117433.6,371.8363
2025-07-18 18:15:00,117433.6,117714.2,117380.0,117714.2,503.2024
2025-07-18 18:30:00,117714.2,117765.1,117559.7,117587.2,257.6162
2025-07-18 18:45:00,117587.3,117658.0,117231.7,117343.3,556.0697
2025-07-18 19:00:00,117343.3,117450.1,117150.0,117393.8,1034.7631
2025-07-18 19:15:00,117393.8,117951.1,117392.2,117836.6,1779.8385
2025-07-18 19:30:00,117836.7,117836.7,117464.6,117525.4,459.357
2025-07-18 19:45:00,117525.4,117544.0,117337.0,117411.8,606.1747
2025-07-18 20:00:00,117411.9,117454.8,117163.2,117211.6,480.4304
2025-07-18 20:15:00,117211.5,117298.0,116950.0,117028.5,954.4331
2025-07-18 20:30:00,117028.6,117101.4,116855.4,117052.1,1597.1184
2025-07-18 20:45:00,117052.1,117583.3,117043.2,117429.0,975.3486
2025-07-18 21:00:00,117429.0,117934.6,117387.0,117882.1,754.4376
2025-07-18 21:15:00,117882.0,117918.7,117716.6,117760.3,485.4387
2025-07-18 21:30:00,117760.3,117921.6,117760.3,117846.7,323.1946
2025-07-18 21:45:00,117846.7,117932.2,117633.6,117719.9,257.8288
2025-07-18 22:00:00,117719.9,117728.0,117444.3,117655.9,397.4508
2025-07-18 22:15:00,117656.0,118047.1,117638.4,117928.0,956.7523
2025-07-18 22:30:00,117928.1,117986.7,117833.9,117834.0,241.1115
2025-07-18 22:45:00,117834.0,117882.8,117656.0,117741.1,333.1286
2025-07-18 23:00:00,117741.1,117762.2,117507.2,117717.5,319.3307
2025-07-18 23:15:00,117717.4,117975.5,117686.9,117898.0,710.6406
2025-07-18 23:30:00,117898.0,118000.0,117867.1,117922.1,222.6444
2025-07-18 23:45:00,117922.1,118088.2,117894.3,117987.6,347.2597
2025-07-19 00:00:00,117987.6,118013.5,117916.8,117998.4,309.9648
2025-07-19 00:15:00,117998.4,118028.4,117929.0,118019.3,181.1718
2025-07-19 00:30:00,118019.3,118084.2,117921.3,117974.4,299.0165
2025-07-19 00:45:00,117974.6,117999.3,117770.2,117809.4,329.2375
2025-07-19 01:00:00,117809.5,117957.7,117681.0,117957.7,501.8777
2025-07-19 01:15:00,117957.6,118076.9,117955.1,118050.2,318.2344
2025-07-19 01:30:00,118050.1,118145.7,117985.0,118080.9,226.9972
2025-07-19 01:45:00,118081.0,118164.6,118015.4,118105.2,292.569
2025-07-19 02:00:00,118105.2,118153.0,118006.4,118108.0,253.1052
2025-07-19 02:15:00,118108.1,118164.6,118022.0,118048.3,404.6926
2025-07-19 02:30:00,118048.4,118277.0,118048.3,118199.9,368.0125
2025-07-19 02:45:00,118199.9,118368.0,118190.6,118267.0,461.6804
2025-07-19 03:00:00,118267.0,118293.1,118188.1,118270.8,197.2656
2025-07-19 03:15:00,118270.8,118353.7,118240.5,118316.7,232.664
2025-07-19 03:30:00,118316.8,118444.0,118290.0,118367.8,413.72
2025-07-19 03:45:00,118367.8,118403.8,118275.3,118393.6,233.5284
2025-07-19 04:00:00,118393.5,118425.0,118302.2,118399.4,560.7829
2025-07-19 04:15:00,118399.4,118421.3,118256.1,118256.2,398.0239
2025-07-19 04:30:00,118256.2,118377.0,118214.8,118222.0,343.3971
2025-07-19 04:45:00,118222.0,118258.6,118149.5,118200.2,279.6829
2025-07-19 05:00:00,118200.3,118252.2,118114.1,118138.0,242.1591
2025-07-19 05:15:00,118138.1,118210.1,118109.0,118199.0,146.0717
2025-07-19 05:30:00,118198.9,118349.6,118188.1,118337.0,314.459
2025-07-19 05:45:00,118338.6,118349.6,118236.2,118262.1,142.2583
2025-07-19 06:00:00,118262.1,118338.8,118241.7,118276.0,125.182
2025-07-19 06:15:00,118276.0,118276.1,118131.9,118131.9,280.9578
2025-07-19 06:30:00,118132.0,118232.8,118131.9,118170.0,148.7089
2025-07-19 06:45:00,118170.0,118250.0,118170.0,118245.5,121.5045
2025-07-19 07:00:00,118245.6,118317.5,118245.5,118316.1,137.4584
2025-07-19 07:15:00,118316.0,118398.2,118313.9,118341.5,205.4566
2025-07-19 07:30:00,118341.5,118346.1,118226.3,118228.5,245.7535
2025-07-19 07:45:00,118228.6,118275.8,118209.1,118228.3,125.9723
2025-07-19 08:00:00,118228.2,118333.0,118121.6,118121.7,299.3936
2025-07-19 08:15:00,118121.6,118179.0,118096.5,118149.5,512.9299
2025-07-19 08:30:00,118149.6,118149.6,117988.6,118149.6,333.6373
2025-07-19 08:45:00,118149.6,118238.6,118050.0,118145.6,461.405
2025-07-19 09:00:00,118145.7,118232.7,118130.0,118186.1,146.1118
2025-07-19 09:15:00,118186.1,118300.0,118174.8,118266.5,199.3444
2025-07-19 09:30:00,118266.6,118360.0,118255.7,118357.0,342.7271
2025-07-19 09:45:00,118356.9,118380.0,118248.0,118284.4,187.5726
2025-07-19 10:00:00,118284.5,118338.1,118227.4,118285.3,147.3278
2025-07-19 10:15:00,118285.3,118383.5,118285.3,118383.4,150.6168
2025-07-19 10:30:00,118383.4,118539.0,118360.5,118479.9,396.3526
2025-07-19 10:45:00,118479.9,118511.1,118384.2,118492.0,200.2834
2025-07-19 11:00:00,118491.9,118548.4,118342.0,118353.9,305.2846
2025-07-19 11:15:00,118354.0,118530.0,118219.7,118529.9,376.0276
2025-07-19 11:30:00,118530.0,118530.0,118434.6,118484.1,177.9095
2025-07-19 11:45:00,118484.1,118489.7,118341.5,118378.0,254.9765
2025-07-19 12:00:00,118378.0,118385.3,118208.2,118251.7,350.036
2025-07-19 12:15:00,118251.7,118374.6,118163.2,118254.0,283.9858
2025-07-19 12:30:00,118254.1,118321.7,118194.5,118203.8,285.9546
2025-07-19 12:45:00,118203.7,118312.0,118164.5,118306.8,203.7616
2025-07-19 13:00:00,118306.8,118343.5,118213.0,118306.9,172.7859
2025-07-19 13:15:00,118307.0,118344.3,118267.4,118344.3,96.0056
2025-07-19 13:30:00,118344.3,118378.0,118300.0,118336.3,126.8829
2025-07-19 13:45:00,118336.3,118336.3,118150.0,118254.1,282.8832
2025-07-19 14:00:00,118254.1,118291.9,118092.5,118108.5,254.5927
2025-07-19 14:15:00,118108.6,118248.0,117833.0,117923.3,1777.0659
2025-07-19 14:30:00,117923.2,118037.8,117631.2,117837.8,1753.3074
2025-07-19 14:45:00,117837.8,117930.0,117662.0,117714.6,556.5305
2025-07-19 15:00:00,117714.6,118009.3,117698.3,117956.8,368.6414
2025-07-19 15:15:00,117956.8,118234.0,117956.7,118227.5,499.6387
2025-07-19 15:30:00,118227.4,118279.0,118133.0,118248.0,401.326
2025-07-19 15:45:00,118248.1,118248.1,118070.0,118084.7,196.9052
2025-07-19 16:00:00,118084.7,118084.8,117881.0,117923.0,400.439
2025-07-19 16:15:00,117923.1,118190.6,117877.4,118145.8,323.9012
2025-07-19 16:30:00,118145.8,118190.0,118032.1,118129.7,325.9632
2025-07-19 16:45:00,118129.7,118184.0,117985.4,118002.0,266.2307
2025-07-19 17:00:00,118002.0,118020.0,117905.0,117918.6,331.9755
2025-07-19 17:15:00,117918.6,117957.2,117828.0,117864.9,244.6975
2025-07-19 17:30:00,117865.0,117907.9,117774.6,117851.4,199.5607
2025-07-19 17:45:00,117851.4,117888.8,117775.8,117848.0,220.6094
2025-07-19 18:00:00,117847.9,117971.3,117784.8,117971.3,147.371
2025-07-19 18:15:00,117971.3,118015.6,117858.0,117946.4,210.349
2025-07-19 18:30:00,117946.5,118059.2,117946.4,117971.2,143.4836
2025-07-19 18:45:00,117971.3,118015.5,117864.9,117882.5,204.275
2025-07-19 19:00:00,117882.5,117949.7,117617.9,117754.3,374.0235
2025-07-19 19:15:00,117754.4,117884.1,117754.3,117879.0,175.595
2025-07-19 19:30:00,117879.1,118171.3,117879.0,118146.0,334.795
2025-07-19 19:45:00,118146.0,118146.1,118000.0,118040.6,189.9275
2025-07-19 20:00:00,118040.7,118171.3,117993.4,118041.0,220.6315
2025-07-19 20:15:00,118041.0,118041.1,117912.9,118028.8,179.0411
2025-07-19 20:30:00,118028.8,118030.0,117964.9,118003.5,92.17
2025-07-19 20:45:00,118003.5,118097.6,117727.3,117740.0,279.434
2025-07-19 21:00:00,117740.0,117854.8,117541.9,117634.4,528.5854
2025-07-19 21:15:00,117634.4,117716.0,117300.0,117716.0,1136.8911
2025-07-19 21:30:00,117716.0,117716.2,117439.2,117502.4,438.0583
2025-07-19 21:45:00,117502.5,117768.4,117502.4,117712.1,273.0439
2025-07-19 22:00:00,117712.1,117806.5,117560.3,117790.4,353.1394
2025-07-19 22:15:00,117790.4,117821.0,117718.9,117744.1,145.9978
2025-07-19 22:30:00,117744.1,117869.0,117717.0,117860.0,124.7947
2025-07-19 22:45:00,117860.0,117869.0,117786.0,117807.6,72.3697
2025-07-27 05:45:00,118281.9,118308.5,118211.3,118308.5,98.8014
2025-07-27 06:00:00,118308.5,118326.3,118212.0,118299.4,176.4558
2025-07-27 06:15:00,118299.3,118343.3,118293.8,118293.8,108.978
2025-07-27 06:30:00,118293.8,118369.2,118293.8,118369.1,119.6807
2025-07-27 06:45:00,118369.2,118496.7,118254.8,118286.3,460.859
2025-07-27 07:00:00,118286.4,118286.4,118128.3,118130.0,242.7983
2025-07-27 07:15:00,118130.1,118221.8,118130.0,118161.9,157.0822
2025-07-27 07:30:00,118161.9,118208.9,118143.4,118197.5,196.9804
2025-07-27 07:45:00,118197.5,118197.5,118091.3,118136.9,232.9155
2025-07-27 08:00:00,118136.9,118159.3,118032.3,118121.2,263.1439
2025-07-27 08:15:00,118121.2,118121.2,118000.1,118026.4,293.644
2025-07-27 08:30:00,118026.5,118067.3,117976.7,118067.3,299.8331
2025-07-27 08:45:00,118067.3,118088.0,117955.1,117955.2,166.4303
2025-07-27 09:00:00,117955.1,118035.2,117880.8,117974.8,288.2251
2025-07-27 09:15:00,117974.9,117974.9,117903.0,117911.7,148.0546
2025-07-27 09:30:00,117911.7,117965.9,117880.0,117901.6,253.1157
2025-07-27 09:45:00,117901.6,117967.8,117875.7,117967.8,206.3514
2025-07-27 10:00:00,117967.8,118115.9,117967.7,118115.9,225.998
2025-07-27 10:15:00,118116.0,118223.0,118115.9,118155.1,296.1801
2025-07-27 10:30:00,118155.1,118283.6,118131.2,118213.0,275.3113
2025-07-27 10:45:00,118213.0,118320.6,118187.0,118193.5,399.0373
2025-07-27 11:00:00,118193.5,118272.0,118193.5,118256.6,155.6063
2025-07-27 11:15:00,118256.6,118261.5,118181.9,118211.8,155.5309
2025-07-27 11:30:00,118211.8,118250.1,118110.3,118152.5,134.4372
2025-07-27 11:45:00,118152.6,118152.6,118047.3,118081.5,148.0909
2025-07-27 12:00:00,118081.5,118132.4,118059.8,118099.0,224.5904
2025-07-27 12:15:00,118099.1,118112.4,117950.0,117991.6,145.798
2025-07-27 12:30:00,117991.6,118035.1,117888.0,117912.1,370.7445
2025-07-27 12:45:00,117912.0,118131.0,117912.0,118110.0,263.6099
2025-07-27 13:00:00,118110.0,118207.1,118086.4,118200.0,237.3246
2025-07-27 13:15:00,118200.0,118220.0,118128.3,118198.6,193.1965
2025-07-27 13:30:00,118198.6,118210.9,118100.6,118143.1,96.508
2025-07-27 13:45:00,118143.0,118243.6,118135.1,118219.9,93.3108
2025-07-27 14:00:00,118220.0,118397.8,118152.4,118320.9,1065.1041
2025-07-27 14:15:00,118320.9,118497.9,118320.9,118437.5,910.4218
2025-07-27 14:30:00,118437.5,118497.9,118261.1,118320.3,532.992
2025-07-27 14:45:00,118320.4,118592.4,118192.6,118439.9,849.2989
2025-07-27 15:00:00,118439.9,118668.9,118260.0,118400.0,855.0307
2025-07-27 15:15:00,118399.9,118618.9,118334.9,118503.4,453.7266
2025-07-27 15:30:00,118503.4,118505.1,118292.1,118504.9,380.247
2025-07-27 15:45:00,118504.9,118652.8,118425.6,118627.6,511.7719
2025-07-27 16:00:00,118627.6,119253.1,118627.6,119227.0,4413.1082
2025-07-27 16:15:00,119226.9,119445.1,119140.8,119434.5,2017.7745
2025-07-27 16:30:00,119434.4,119645.4,119350.0,119375.3,2353.1019
2025-07-27 16:45:00,119375.3,119497.4,118975.0,119136.5,1344.9995
2025-07-27 17:00:00,119136.4,119272.6,119004.4,119084.1,508.6978
2025-07-27 17:15:00,119084.1,119274.7,118894.8,119246.9,640.6224
2025-07-27 17:30:00,119246.9,119385.7,119026.1,119135.3,569.5711
2025-07-27 17:45:00,119135.4,119269.1,119135.4,119236.1,149.1704
2025-07-27 18:00:00,119232.4,119437.7,119204.1,119334.1,314.6109
2025-07-27 18:15:00,119334.0,119340.7,119154.0,119283.9,262.0044
2025-07-27 18:30:00,119284.0,119296.2,119044.2,119114.7,191.8045
2025-07-27 18:45:00,119114.8,119138.0,118988.0,119067.2,326.2996
2025-07-27 19:00:00,119067.2,119069.7,118940.0,119008.9,166.3445
2025-07-27 19:15:00,119008.9,119039.1,118933.5,118992.0,124.0468
2025-07-27 19:30:00,118991.9,119124.0,118985.4,119030.0,135.7063
2025-07-27 19:45:00,119030.1,119068.2,118950.0,119012.1,112.2036
2025-07-27 20:00:00,119012.1,119232.0,118980.1,119124.2,370.696
2025-07-27 20:15:00,119124.2,119242.0,118974.1,119037.5,173.3478
2025-07-27 20:30:00,119037.6,119037.6,118900.0,118929.3,122.934
2025-07-27 20:45:00,118929.4,118996.6,118763.5,118807.2,333.2434
2025-07-27 21:00:00,118807.3,118917.0,118794.3,118794.4,140.8836
2025-07-27 21:15:00,118794.4,119102.3,118773.0,119089.9,283.3844
2025-07-27 21:30:00,119090.0,119150.8,118998.0,119137.7,245.1873
2025-07-27 21:45:00,119137.7,119330.0,119123.8,119327.3,277.8785
2025-07-27 22:00:00,119327.4,119825.0,119272.4,119767.1,1717.8549
2025-07-27 22:15:00,119767.1,119837.4,119614.3,119728.4,407.2507
2025-07-27 22:30:00,119728.4,119838.0,119728.4,119838.0,261.3814
2025-07-27 22:45:00,119838.0,119838.0,119546.2,119554.1,406.5869
2025-07-27 23:00:00,119554.1,119592.5,119150.3,119286.2,707.4561
2025-07-27 23:15:00,119286.1,119577.1,119283.3,119479.1,245.4245
2025-07-27 23:30:00,119479.2,119516.3,119382.3,119411.3,163.6461
2025-07-27 23:45:00,119411.3,119494.1,119369.4,119472.0,162.246
2025-07-28 00:00:00,119472.0,119521.0,119390.0,119518.0,240.0691
2025-07-28 00:15:00,119518.0,119762.8,119472.8,119693.6,682.2021
2025-07-28 00:30:00,119693.6,119700.0,119304.9,119305.0,339.5815
2025-07-28 00:45:00,119304.9,119438.0,119180.0,119290.5,474.6443
2025-07-28 01:00:00,119290.5,119400.0,119120.1,119283.2,440.4062
2025-07-28 01:15:00,119283.2,119538.6,119224.4,119446.1,424.5202
2025-07-28 01:30:00,119446.0,119446.0,119101.0,119119.3,316.7531
2025-07-28 01:45:00,119119.3,119172.1,119004.0,119090.6,494.4289
2025-07-28 02:00:00,119090.6,119295.0,119059.7,119267.0,294.4986
2025-07-28 02:15:00,119267.1,119588.0,119267.0,119529.4,386.258
2025-07-28 02:30:00,119529.4,119868.0,119508.0,119645.2,1168.1623
2025-07-28 02:45:00,119645.2,119691.8,119426.0,119490.0,373.4389
2025-07-28 03:00:00,119490.0,119586.6,119357.3,119403.7,240.6925
2025-07-28 03:15:00,119403.7,119526.9,119312.4,119327.4,149.7747
2025-07-28 03:30:00,119327.5,119410.0,119282.6,119282.8,183.6338
2025-07-28 03:45:00,119282.8,119361.6,119282.0,119336.8,159.5157
2025-07-28 04:00:00,119336.9,119474.4,119305.3,119305.3,270.3736
2025-07-28 04:15:00,119305.3,119305.3,119177.0,119201.2,292.7556
2025-07-28 04:30:00,119201.1,119369.3,119180.1,119340.0,238.8606
2025-07-28 04:45:00,119340.0,119400.0,119238.0,119271.3,209.8383
2025-07-28 05:00:00,119271.3,119364.4,119196.0,119334.1,338.3485
2025-07-28 05:15:00,119333.8,119515.2,119333.7,119414.7,635.3471
2025-07-28 05:30:00,119414.7,119542.5,119300.0,119539.2,407.1455
2025-07-28 05:45:00,119539.1,119742.0,119411.9,119568.5,867.588
2025-07-28 06:00:00,119568.4,119659.9,119541.3,119621.9,296.995
2025-07-28 06:15:00,119622.0,119649.2,119500.0,119523.1,344.1621
2025-07-28 06:30:00,119523.1,119528.1,119471.7,119518.0,126.4962
2025-07-28 06:45:00,119517.9,119532.9,119487.8,119500.0,114.9569
2025-07-28 07:00:00,119500.0,119500.1,118902.0,118915.8,1399.2616
2025-07-28 07:15:00,118915.9,119153.5,118836.3,119086.5,1146.1037
2025-07-28 07:30:00,119086.5,119086.5,118777.0,118907.7,730.135
2025-07-28 07:45:00,118907.8,118986.0,118897.2,118920.5,237.5461
2025-07-28 08:00:00,118920.5,119091.8,118819.9,118947.8,564.46
2025-07-28 08:15:00,118947.9,119116.0,118868.1,119049.9,292.0473
2025-07-28 08:30:00,119049.9,119065.8,118800.0,118903.2,349.7328
2025-07-28 08:45:00,118903.2,119144.9,118879.8,119102.0,420.7935
2025-07-28 09:00:00,119102.1,119102.1,118921.2,118935.8,428.7642
2025-07-28 09:15:00,118935.8,119041.9,118835.2,118867.3,286.4164
2025-07-28 09:30:00,118867.2,118890.1,118706.6,118774.7,405.963
2025-07-28 09:45:00,118774.7,119074.1,118774.7,118965.4,365.9095
2025-07-28 10:00:00,118965.5,118980.0,118800.0,118800.0,243.3339
2025-07-28 10:15:00,118800.0,119000.0,118800.0,118965.4,207.4091
2025-07-28 10:30:00,118965.4,118965.5,118645.3,118699.9,473.7157
2025-07-28 10:45:00,118700.0,118840.0,118676.2,118805.3,417.85
2025-07-28 11:00:00,118805.4,118900.0,118689.2,118717.8,256.8541
2025-07-28 11:15:00,118717.9,118746.0,118587.8,118596.4,504.6402
2025-07-28 11:30:00,118596.5,118815.9,118510.4,118734.2,711.4747
2025-07-28 11:45:00,118734.2,118868.1,118734.1,118858.9,208.7057
2025-07-28 12:00:00,118858.9,119073.0,118805.1,118936.1,642.6754
2025-07-28 12:15:00,118936.1,119129.3,118864.3,118953.1,583.9577
2025-07-28 12:30:00,118953.1,119040.0,118881.2,119000.0,297.3175
2025-07-28 12:45:00,119000.0,119040.0,118820.1,118871.7,504.1048
2025-07-28 13:00:00,118871.7,118893.3,118711.9,118711.9,316.7146
2025-07-28 13:15:00,118712.0,118788.0,118431.4,118633.2,961.6089
2025-07-28 13:30:00,118633.2,119119.7,118339.0,118696.6,2307.9424
2025-07-28 13:45:00,118696.6,118822.7,118260.0,118466.3,1343.071
2025-07-28 14:00:00,118466.2,118730.0,118318.4,118517.6,906.8809
2025-07-28 14:15:00,118518.0,118558.6,118038.0,118115.9,2049.0483
2025-07-28 14:30:00,118116.0,118304.5,117921.3,118302.5,1551.4515
2025-07-28 14:45:00,118302.5,118312.2,117973.9,118015.4,650.9616
2025-07-28 15:00:00,118015.4,118229.8,117933.0,118229.8,642.4237
2025-07-28 15:15:00,118229.8,118470.0,118181.0,118467.4,921.4059
2025-07-28 15:30:00,118467.4,118545.5,118216.2,118270.2,706.2183
2025-07-28 15:45:00,118270.2,118437.6,118099.6,118191.1,1790.7529
2025-07-28 16:00:00,118191.0,118197.3,118026.1,118100.0,478.6375
2025-07-28 16:15:00,118100.0,118356.0,118035.5,118314.6,391.7024
2025-07-28 16:30:00,118314.5,118401.6,118180.8,118340.7,465.0633
2025-07-28 16:45:00,118340.6,118409.4,118025.0,118041.8,432.1366
2025-07-28 17:00:00,118041.8,118079.3,117864.4,117873.4,846.3704
2025-07-28 17:15:00,117873.5,118050.0,117665.0,118050.0,1158.3949
2025-07-28 17:30:00,118050.0,118150.0,117829.8,117894.0,371.6982
2025-07-28 17:45:00,117894.0,117894.0,117684.0,117700.0,374.8861
2025-07-28 18:00:00,117700.0,117824.2,117510.3,117810.0,859.2422
2025-07-28 18:15:00,117810.0,117837.9,117455.1,117593.4,629.8118
2025-07-28 18:30:00,117593.3,117811.0,117444.0,117759.6,557.0788
2025-07-28 18:45:00,117759.6,117893.3,117666.0,117808.7,255.2315
2025-07-28 19:00:00,117808.7,118228.9,117794.1,118162.9,890.6439
2025-07-28 19:15:00,118162.9,118275.9,118105.5,118121.2,433.2702
2025-07-28 19:30:00,118121.3,118121.3,117712.4,117712.5,447.2619
2025-07-28 19:45:00,117712.4,118124.6,117577.0,118090.7,519.7771
2025-07-28 20:00:00,118090.7,118197.8,117759.3,117786.6,423.4873
2025-07-28 20:15:00,117786.6,117899.0,117530.0,117530.1,331.0614
2025-07-28 20:30:00,117530.0,118020.0,117518.6,117868.5,311.4991
2025-07-28 20:45:00,117868.5,118110.0,117843.1,118063.0,243.0886
2025-07-28 21:00:00,118063.0,118212.2,117976.4,118073.0,266.4403
2025-07-28 21:15:00,118073.1,118185.7,117978.5,118111.8,218.2157
2025-07-28 21:30:00,118111.8,118361.0,118038.9,118359.3,405.4576
2025-07-28 21:45:00,118359.4,118360.0,117992.7,118146.1,372.618
2025-07-28 22:00:00,118146.2,118296.0,118095.1,118127.4,313.0218
2025-07-28 22:15:00,118127.4,118245.6,118017.7,118160.8,188.6343
2025-07-28 22:30:00,118160.8,118213.4,117808.0,117888.4,440.4877
2025-07-28 22:45:00,117888.4,118023.9,117782.5,117899.2,345.1902
2025-07-28 23:00:00,117899.2,118060.1,117843.1,117978.4,167.047
2025-07-28 23:15:00,117978.4,118212.5,117972.7,118005.8,224.8328
2025-07-28 23:30:00,118005.8,118176.3,117979.5,118050.0,174.251
2025-07-28 23:45:00,118050.0,118181.8,117845.4,118099.1,204.9526
2025-07-29 00:00:00,118099.1,118329.3,117980.0,118312.6,391.3668
2025-07-29 00:15:00,118312.7,118485.0,118244.0,118262.4,792.5657
2025-07-29 00:30:00,118262.4,118300.0,117550.1,117718.9,1352.5633
2025-07-29 00:45:00,117718.9,117999.8,117669.2,117999.7,327.2349
2025-07-29 01:00:00,117999.8,118141.6,117865.3,118105.5,245.4168
2025-07-29 01:15:00,118105.5,118265.7,118077.0,118229.3,285.3913
2025-07-29 01:30:00,118229.3,118264.9,118153.1,118160.1,184.9792
2025-07-29 01:45:00,118160.1,118170.6,117787.9,117787.9,417.9614
2025-07-29 02:00:00,117788.0,117981.9,117767.0,117921.9,490.5782
2025-07-29 02:15:00,117921.9,117927.7,117450.0,117917.6,989.4385
2025-07-29 02:30:00,117917.7,118000.0,117762.1,117983.0,312.6922
2025-07-29 02:45:00,117983.0,118125.9,117864.0,118108.2,272.2967
2025-07-29 03:00:00,118108.3,118455.8,118108.2,118418.9,854.6669
2025-07-29 03:15:00,118418.9,118425.9,118251.8,118341.2,359.2625
2025-07-29 03:30:00,118341.3,118522.7,118260.0,118517.0,433.8734
2025-07-29 03:45:00,118517.0,118810.6,118489.2,118789.8,968.9771
2025-07-29 04:00:00,118789.8,118810.6,118665.5,118788.1,591.5621
2025-07-29 04:15:00,118788.1,118788.1,118576.0,118666.0,323.5926
2025-07-29 04:30:00,118666.0,118707.3,118515.2,118532.4,357.1708
2025-07-29 04:45:00,118532.4,118587.7,118435.0,118550.1,342.9781
2025-07-29 05:00:00,118550.1,118769.0,118550.0,118671.5,272.5126
2025-07-29 05:15:00,118671.5,118671.9,118550.0,118657.8,223.646
2025-07-29 05:30:00,118657.8,118760.1,118598.4,118750.3,308.6737
2025-07-29 05:45:00,118750.4,118864.3,118750.3,118820.0,509.2493
2025-07-29 06:00:00,118820.0,118900.0,118750.0,118883.0,361.9884
2025-07-29 06:15:00,118883.0,119088.5,118882.9,118939.1,771.2212
2025-07-29 06:30:00,118939.2,119032.6,118879.2,119004.1,340.9107
2025-07-29 06:45:00,119004.1,119008.0,118765.8,118765.9,338.7894
2025-07-29 07:00:00,118765.9,118958.8,118765.9,118839.2,265.2958
2025-07-29 07:15:00,118839.2,118898.7,118787.9,118831.0,226.1988
2025-07-29 07:30:00,118831.0,119000.0,118774.7,119000.0,320.003
2025-07-29 07:45:00,119000.0,119328.4,118826.0,118917.7,1412.1463
2025-07-29 08:00:00,118917.6,119034.6,118850.3,119010.9,399.4483
2025-07-29 08:15:00,119010.9,119075.9,118758.0,118817.5,398.139
2025-07-29 08:30:00,118817.5,119003.6,118817.4,118997.8,301.0016
2025-07-29 08:45:00,118997.8,119050.0,118826.0,118948.8,205.0752
2025-07-29 09:00:00,118948.8,119019.6,118840.0,118840.0,219.8581
2025-07-29 09:15:00,118840.0,118975.0,118780.0,118944.4,212.3404
2025-07-29 09:30:00,118944.4,118944.4,118798.1,118930.9,199.0779
2025-07-29 09:45:00,118931.0,118931.0,118755.3,118798.0,168.3568
2025-07-29 10:00:00,118798.0,118845.9,118568.0,118612.1,712.5781
2025-07-29 10:15:00,118612.0,118725.7,118565.4,118686.7,295.2023
2025-07-29 10:30:00,118686.7,118795.7,118515.1,118519.2,350.8085
2025-07-29 10:45:00,118519.1,118578.8,118330.0,118348.8,950.2508
2025-07-29 11:00:00,118348.8,118433.8,118184.9,118433.8,737.4696
2025-07-29 11:15:00,118433.8,118546.9,118372.6,118517.2,616.5626
2025-07-29 11:30:00,118517.1,118546.0,118355.3,118463.0,359.3203
2025-07-29 11:45:00,118463.1,118613.0,118413.4,118612.9,218.7219
2025-07-29 12:00:00,118613.0,118730.0,118475.0,118507.2,388.3205
2025-07-29 12:15:00,118507.2,119066.0,118507.2,118948.3,905.559
2025-07-29 12:30:00,118948.3,119093.6,118789.5,119067.5,693.2307
2025-07-29 12:45:00,119067.4,119067.5,118840.0,118906.2,270.3149
2025-07-29 13:00:00,118906.2,118950.0,118758.1,118878.0,322.3705
2025-07-29 13:15:00,118878.0,118966.0,118826.2,118950.0,263.3596
2025-07-29 13:30:00,118950.1,119035.6,118657.2,118836.1,615.6732
2025-07-29 13:45:00,118836.1,118907.9,118531.2,118635.6,1010.6317
2025-07-29 14:00:00,118635.6,118650.4,117940.0,118160.1,2534.3604
2025-07-29 14:15:00,118160.0,118381.7,118130.9,118289.0,781.4286
2025-07-29 14:30:00,118289.1,118326.8,118073.0,118268.1,469.2195
2025-07-29 14:45:00,118268.1,118327.3,117708.1,117832.7,1360.826
2025-07-29 15:00:00,117832.6,117969.5,117666.0,117784.2,1203.0996
2025-07-29 15:15:00,117784.1,117843.5,117521.5,117538.3,1029.541
2025-07-29 15:30:00,117538.3,117641.1,117258.0,117446.6,1752.7054
2025-07-29 15:45:00,117446.6,117641.9,117345.6,117381.1,1104.0627
2025-07-29 16:00:00,117381.2,117499.0,117300.0,117420.4,1018.3298
2025-07-29 16:15:00,117420.5,117569.3,117262.8,117325.7,941.8491
2025-07-29 16:30:00,117325.7,117461.9,116945.3,117461.9,2146.9465
2025-07-29 16:45:00,117461.9,117765.0,117420.2,117738.5,1331.5079
2025-07-29 17:00:00,117738.5,117900.3,117620.0,117900.0,850.8955
2025-07-29 17:15:00,117900.0,117981.0,117731.2,117909.6,778.7983
2025-07-29 17:30:00,117909.7,118051.0,117688.0,117688.0,825.9782
2025-07-29 17:45:00,117688.0,117848.8,117687.5,117765.9,408.7798
2025-07-29 18:00:00,117766.0,117820.2,117502.8,117601.9,469.8123
2025-07-29 18:15:00,117601.9,117727.3,117477.9,117727.3,236.1875
2025-07-29 18:30:00,117727.2,117814.8,117660.0,117685.9,231.0887
2025-07-29 18:45:00,117686.0,117789.5,117513.0,117611.0,236.4495
2025-07-29 19:00:00,117610.9,117796.8,117549.3,117796.8,275.8131
2025-07-29 19:15:00,117796.8,118028.0,117412.7,117455.7,1021.5983
2025-07-29 19:30:00,117455.7,117597.0,117423.4,117565.4,441.7047
2025-07-29 19:45:00,117565.4,117690.6,117500.9,117527.9,360.4782
2025-07-29 20:00:00,117527.8,117631.4,117103.4,117229.7,841.7794
2025-07-29 20:15:00,117229.7,117877.0,117166.9,117562.6,998.2692
2025-07-29 20:30:00,117562.7,117588.2,117100.0,117215.0,624.716
2025-07-29 20:45:00,117215.0,117520.0,117125.8,117520.0,429.3981
2025-07-29 21:00:00,117519.9,117554.9,117290.4,117443.2,317.2066
2025-07-29 21:15:00,117443.2,117443.2,117189.5,117350.0,417.5098
2025-07-29 21:30:00,117350.0,117377.4,117263.2,117263.7,158.9224
2025-07-29 21:45:00,117263.8,117700.0,117263.7,117598.5,204.2587
2025-07-29 22:00:00,117598.6,117750.0,117451.0,117463.1,316.6564
2025-07-29 22:15:00,117463.1,117738.3,117463.1,117734.6,153.531
2025-07-29 22:30:00,117734.6,117778.9,117700.0,117740.0,115.9234
2025-07-29 22:45:00,117740.0,117860.0,117739.9,117839.4,199.4408
2025-07-29 23:00:00,117839.4,117899.9,117793.4,117830.3,347.1626
2025-07-29 23:15:00,117830.2,117927.0,117821.3,117926.9,209.3044
2025-07-29 23:30:00,117926.9,117998.1,117758.4,117758.5,244.7697
2025-07-29 23:45:00,117758.4,117950.0,117716.2,117940.8,252.9141
2025-07-30 00:00:00,117940.9,117972.7,117786.0,117954.3,256.8341
2025-07-30 00:15:00,117954.4,118006.0,117710.0,117710.0,349.4752
2025-07-30 00:30:00,117710.0,117781.8,117538.0,117613.0,838.4667
2025-07-30 00:45:00,117613.0,117758.3,117519.8,117739.2,332.4767
2025-07-30 01:00:00,117739.2,117789.4,117667.3,117762.7,207.0364
2025-07-30 01:15:00,117762.7,117773.2,117409.7,117574.5,300.5208
2025-07-30 01:30:00,117574.6,117895.0,117531.0,117866.0,328.9655
2025-07-30 01:45:00,117865.9,118015.8,117833.4,117851.4,566.2619
2025-07-30 02:00:00,117851.4,118117.7,117769.9,118100.1,442.1735
2025-07-30 02:15:00,118100.0,118123.6,117888.0,117949.9,532.3526
2025-07-30 02:30:00,117949.9,118125.7,117866.0,118054.9,427.1861
2025-07-30 02:45:00,118054.9,118108.7,117983.8,118016.0,317.9422
2025-07-30 03:00:00,118016.0,118045.2,117903.2,117997.2,243.4133
2025-07-30 03:15:00,117997.1,118108.1,117908.0,118100.0,259.2288
2025-07-30 03:30:00,118100.0,118186.5,118082.2,118177.3,425.9339
2025-07-30 03:45:00,118177.3,118261.0,118050.0,118155.4,452.6595
2025-07-30 04:00:00,118155.5,118267.7,118131.1,118215.8,260.8125
2025-07-30 04:15:00,118215.8,118242.9,118150.1,118162.1,246.1896
2025-07-30 04:30:00,118162.1,118162.2,117950.0,118037.6,377.3737
2025-07-30 04:45:00,118037.7,118047.3,117957.1,117994.5,184.5494
2025-07-30 05:00:00,117994.5,118084.5,117685.8,117705.6,536.2088
2025-07-30 05:15:00,117706.2,117980.0,117667.7,117975.3,451.9236
2025-07-30 05:30:00,117975.3,117975.4,117888.0,117920.2,135.6006
2025-07-30 05:45:00,117920.2,118042.3,117850.0,117997.0,187.2953
2025-07-30 06:00:00,117997.0,118100.0,117996.9,118057.1,289.2864
2025-07-30 06:15:00,118057.1,118200.0,118047.0,118194.5,514.7739
2025-07-30 06:30:00,118194.5,118305.0,118079.6,118273.0,538.5494
2025-07-30 06:45:00,118273.0,118322.0,118205.1,118276.0,318.5314
2025-07-30 07:00:00,118275.9,118417.9,118168.7,118199.3,563.0416
2025-07-30 07:15:00,118199.4,118350.0,118180.0,118350.0,191.0275
2025-07-30 07:30:00,118349.9,118364.2,118155.5,118237.0,277.7023
2025-07-30 07:45:00,118237.0,118237.1,118111.0,118125.0,271.4774
2025-07-30 08:00:00,118125.0,118268.3,118011.1,118011.1,401.2166
2025-07-30 08:15:00,118011.1,118165.9,117960.0,118165.9,222.2146
2025-07-30 08:30:00,118165.9,118371.1,118085.7,118362.8,267.9002
2025-08-06 15:30:00,114895.2,115339.9,114880.0,115160.0,1238.4018
2025-08-06 15:45:00,115159.9,115500.0,115080.0,115371.6,1088.6722
2025-08-06 16:00:00,115371.6,115450.0,115108.4,115168.0,1723.7881
2025-08-06 16:15:00,115168.0,115238.0,114999.4,115098.0,639.3933
2025-08-06 16:30:00,115097.9,115176.8,114904.0,114912.5,540.9928
2025-08-06 16:45:00,114912.5,115129.0,114905.0,115091.9,440.3929
2025-08-06 17:00:00,115091.8,115166.7,114971.7,115119.9,310.1273
2025-08-06 17:15:00,115119.9,115321.7,115111.1,115321.6,293.7066
2025-08-06 17:30:00,115321.6,115432.0,115186.4,115426.1,330.5891
2025-08-06 17:45:00,115426.1,115481.0,115351.4,115466.5,469.4138
2025-08-06 18:00:00,115466.5,115650.0,115466.4,115649.9,899.0612
2025-08-06 18:15:00,115649.9,115656.0,115375.0,115375.0,455.2644
2025-08-06 18:30:00,115375.0,115534.9,115250.0,115289.7,421.429
2025-08-06 18:45:00,115289.7,115451.6,115262.0,115380.0,252.0417
2025-08-06 19:00:00,115380.1,115488.0,115293.3,115365.8,189.0946
2025-08-06 19:15:00,115365.8,115436.5,115337.2,115342.9,129.2354
2025-08-06 19:30:00,115342.9,115362.2,115204.1,115206.7,259.0705
2025-08-06 19:45:00,115206.7,115244.5,115062.9,115198.9,338.0756
2025-08-06 20:00:00,115198.9,115214.9,115091.8,115165.4,162.4723
2025-08-06 20:15:00,115165.5,115169.2,115131.6,115131.7,112.5543
2025-08-06 20:30:00,115131.7,115131.7,114953.3,114999.4,382.3307
2025-08-06 20:45:00,114999.4,115045.0,114966.5,114980.2,273.0918
2025-08-06 21:00:00,114980.2,115161.3,114959.9,115161.3,345.713
2025-08-06 21:15:00,115161.3,115173.7,115074.4,115074.4,188.3055
2025-08-06 21:30:00,115074.5,115074.5,114712.3,114852.7,556.0668
2025-08-06 21:45:00,114852.7,115000.0,114852.7,114999.9,187.5228
2025-08-06 22:00:00,115000.0,115160.0,115000.0,115100.0,264.7321
2025-08-06 22:15:00,115100.0,115133.5,114990.5,115039.9,345.8646
2025-08-06 22:30:00,115039.9,115129.1,114986.5,115013.7,179.3597
2025-08-06 22:45:00,115013.7,115117.8,115006.6,115035.7,152.8966
2025-08-06 23:00:00,115035.8,115060.0,114973.2,115003.7,141.1344
2025-08-06 23:15:00,115003.7,115024.8,114924.2,114951.0,159.9278
2025-08-06 23:30:00,114951.0,114987.9,114924.2,114935.2,124.1261
2025-08-06 23:45:00,114935.2,114984.2,114924.3,114944.0,122.8874
2025-08-07 00:00:00,114944.1,114944.1,114853.3,114900.2,192.9192
2025-08-07 00:15:00,114900.2,114901.6,114807.1,114899.1,210.5774
2025-08-07 00:30:00,114899.0,114976.2,114864.5,114864.6,215.94
2025-08-07 00:45:00,114864.5,114885.7,114812.8,114855.8,152.3804
2025-08-07 01:00:00,114855.8,114899.0,114829.3,114884.8,224.2803
2025-08-07 01:15:00,114884.9,115150.0,114870.7,115105.3,452.7932
2025-08-07 01:30:00,115105.3,115145.0,114955.5,114962.9,241.1796
2025-08-07 01:45:00,114962.9,114969.1,114538.0,114704.1,737.1421
2025-08-07 02:00:00,114704.1,114799.9,114606.8,114796.0,456.2187
2025-08-07 02:15:00,114795.9,114818.0,114712.0,114751.8,203.2487
2025-08-07 02:30:00,114751.8,114751.8,114551.2,114551.3,226.7063
2025-08-07 02:45:00,114551.2,114583.4,114360.0,114517.8,772.927
2025-08-07 03:00:00,114517.8,114522.8,114399.8,114415.4,270.9162
2025-08-07 03:15:00,114415.5,114482.5,114355.0,114476.5,428.0328
2025-08-07 03:30:00,114476.6,114548.2,114476.5,114518.1,276.1615
2025-08-07 03:45:00,114518.1,114573.9,114500.1,114502.2,118.9865
2025-08-07 04:00:00,114502.2,114616.0,114458.2,114535.3,201.3428
2025-08-07 04:15:00,114535.4,114575.4,114502.0,114502.1,141.8202
2025-08-07 04:30:00,114502.1,114538.2,114360.0,114405.5,388.0204
2025-08-07 04:45:00,114405.5,114405.5,114233.1,114325.0,580.8264
2025-08-07 05:00:00,114325.0,114330.2,114237.2,114317.0,329.6506
2025-08-07 05:15:00,114317.0,114499.4,114316.9,114420.3,268.0168
2025-08-07 05:30:00,114420.3,114507.3,114420.2,114494.6,207.0649
2025-08-07 05:45:00,114494.6,114532.4,114420.0,114530.0,205.6418
2025-08-07 06:00:00,114529.9,114698.3,114497.3,114634.0,333.9583
2025-08-07 06:15:00,114634.0,114644.6,114510.6,114510.6,313.6005
2025-08-07 06:30:00,114510.6,114550.0,114464.4,114540.5,198.7217
2025-08-07 06:45:00,114540.4,114760.0,114540.4,114613.2,410.0433
2025-08-07 07:00:00,114613.2,114740.0,114590.8,114739.9,223.7227
2025-08-07 07:15:00,114739.9,114839.0,114714.5,114789.9,312.6666
2025-08-07 07:30:00,114790.0,114801.5,114689.2,114689.2,179.4403
2025-08-07 07:45:00,114689.3,114764.4,114689.2,114747.9,161.1901
2025-08-07 08:00:00,114747.9,114970.0,114747.9,114904.1,471.5396
2025-08-07 08:15:00,114904.1,115139.3,114884.0,115109.2,625.887
2025-08-07 08:30:00,115109.3,115109.3,114950.0,115003.2,341.9189
2025-08-07 08:45:00,115003.1,115009.7,114897.8,114911.0,249.1013
2025-08-07 09:00:00,114911.1,114990.4,114820.0,114856.6,345.9775
2025-08-07 09:15:00,114856.5,114982.2,114789.0,114977.2,303.0777
2025-08-07 09:30:00,114977.2,114985.2,114844.4,114964.6,261.4583
2025-08-07 09:45:00,114964.6,115034.1,114929.1,115020.1,301.7217
2025-08-07 10:00:00,115020.0,115547.6,114996.0,115456.6,1960.4865
2025-08-07 10:15:00,115456.6,115858.0,115425.0,115840.1,1957.3183
2025-08-07 10:30:00,115840.1,116346.0,115816.3,116345.0,3448.5449
2025-08-07 10:45:00,116345.0,116415.9,116191.4,116302.3,1452.0402
2025-08-07 11:00:00,116302.3,116457.0,116302.2,116438.1,895.2045
2025-08-07 11:15:00,116438.0,116766.0,116386.6,116766.0,1631.0788
2025-08-07 11:30:00,116766.0,116777.0,116478.3,116598.7,986.1593
2025-08-07 11:45:00,116598.8,116776.0,116467.3,116478.9,638.8442
2025-08-07 12:00:00,116479.0,116559.1,116229.9,116250.1,993.7369
2025-08-07 12:15:00,116250.1,116416.9,116228.2,116350.7,580.8211
2025-08-07 12:30:00,116350.7,116447.4,116200.0,116221.0,831.1495
2025-08-07 12:45:00,116221.0,116375.0,115969.6,116341.3,945.8572
2025-08-07 13:00:00,116341.4,116388.3,116188.1,116191.3,379.226
2025-08-07 13:15:00,116191.3,116419.9,116150.0,116379.9,432.8235
2025-08-07 13:30:00,116380.0,116736.2,116286.4,116575.0,1186.8965
2025-08-07 13:45:00,116575.0,116662.1,116371.5,116606.7,575.5913
2025-08-07 14:00:00,116606.7,116649.3,116190.5,116233.4,623.6048
2025-08-07 14:15:00,116234.8,116450.0,116230.0,116307.7,408.8189
2025-08-07 14:30:00,116307.8,116632.4,116153.8,116405.9,758.5222
2025-08-07 14:45:00,116405.9,116467.6,116210.4,116326.0,355.6006
2025-08-07 15:00:00,116326.0,116464.8,116200.0,116366.3,305.2357
2025-08-07 15:15:00,116366.3,116566.1,116301.1,116499.9,419.5152
2025-08-07 15:30:00,116499.9,116706.9,116468.4,116706.9,752.645
2025-08-07 15:45:00,116706.8,116748.0,116524.9,116636.2,716.8209
2025-08-07 16:00:00,116636.2,116690.8,116466.6,116611.4,485.4469
2025-08-07 16:15:00,116611.4,116719.5,116501.0,116640.9,343.4972
2025-08-07 16:30:00,116641.0,116686.8,116049.0,116058.3,951.5299
2025-08-07 16:45:00,116058.4,116261.0,115571.0,116206.7,2729.5021
2025-08-07 17:00:00,116206.7,116419.4,116073.7,116338.0,497.2707
2025-08-07 17:15:00,116338.1,116515.0,116303.0,116351.0,525.3278
2025-08-07 17:30:00,116350.9,116448.0,116137.7,116348.7,426.5846
2025-08-07 17:45:00,116348.8,116507.2,116287.6,116465.9,304.3531
2025-08-07 18:00:00,116466.0,116509.1,116124.0,116176.5,404.3569
2025-08-07 18:15:00,116176.5,116343.1,116086.0,116300.0,255.7533
2025-08-07 18:30:00,116300.0,116341.0,116207.2,116223.2,190.2616
2025-08-07 18:45:00,116223.2,116548.1,116202.0,116520.2,332.7541
2025-08-07 19:00:00,116520.3,116612.9,116451.6,116505.3,283.5623
2025-08-07 19:15:00,116505.3,116672.7,116451.6,116654.1,326.7321
2025-08-07 19:30:00,116654.0,117116.2,116631.8,117102.0,1449.8906
2025-08-07 19:45:00,117102.0,117498.0,117102.0,117413.2,1950.9876
2025-08-07 20:00:00,117413.2,117465.7,117226.0,117260.0,662.1737
2025-08-07 20:15:00,117260.1,117426.7,117225.3,117379.1,304.8593
2025-08-07 20:30:00,117379.2,117412.7,117269.1,117280.9,323.1319
2025-08-07 20:45:00,117281.0,117287.7,117080.0,117142.0,446.5063
2025-08-07 21:00:00,117142.0,117322.9,117142.0,117301.1,341.5232
2025-08-07 21:15:00,117301.1,117319.6,117218.5,117280.0,211.8745
2025-08-07 21:30:00,117279.9,117297.6,116954.2,117071.8,422.9326
2025-08-07 21:45:00,117071.9,117264.7,116984.3,117043.3,377.1327
2025-08-07 22:00:00,117043.3,117444.0,117031.2,117418.6,690.3359
2025-08-07 22:15:00,117418.6,117470.1,117242.0,117454.1,670.4802
2025-08-07 22:30:00,117454.1,117454.2,117266.0,117394.1,265.6071
2025-08-07 22:45:00,117394.1,117585.1,117360.0,117511.0,670.9526
2025-08-07 23:00:00,117511.1,117534.7,117323.1,117325.6,329.3519
2025-08-07 23:15:00,117325.7,117357.7,117248.2,117277.2,250.7432
2025-08-07 23:30:00,117277.2,117354.8,117242.0,117354.8,217.9765
2025-08-07 23:45:00,117354.8,117435.5,117347.7,117428.8,185.2419
2025-08-08 00:00:00,117428.8,117451.6,117245.6,117330.1,439.2268
2025-08-08 00:15:00,117330.1,117330.1,116827.1,117097.9,1270.0896
2025-08-08 00:30:00,117098.0,117624.5,116990.0,117528.4,978.282
2025-08-08 00:45:00,117528.5,117567.5,117228.0,117228.1,537.0521
2025-08-08 01:00:00,117228.0,117228.1,116806.5,117127.3,835.8304
2025-08-08 01:15:00,117127.2,117127.2,116767.0,116886.4,516.2971
2025-08-08 01:30:00,116886.4,116967.1,116800.0,116812.4,229.3863
2025-08-08 01:45:00,116812.4,116900.0,116718.4,116856.8,294.3633
2025-08-08 02:00:00,116856.8,116895.3,116750.0,116848.7,269.937
2025-08-08 02:15:00,116849.2,116851.2,116726.9,116744.5,220.229
2025-08-08 02:30:00,116744.5,116796.8,116657.9,116712.8,413.7594
2025-08-08 02:45:00,116712.8,116867.8,116655.8,116667.1,424.1338
2025-08-08 03:00:00,116667.1,116780.0,116656.0,116766.8,268.8951
2025-08-08 03:15:00,116766.8,116950.0,116714.0,116884.7,790.1712
2025-08-08 03:30:00,116884.7,116884.8,116678.2,116717.1,349.4193
2025-08-08 03:45:00,116717.0,116720.8,116663.5,116704.5,237.5119
2025-08-08 04:00:00,116704.5,116820.0,116622.0,116785.9,349.5958
2025-08-08 04:15:00,116786.0,116838.5,116718.5,116744.9,189.9245
2025-08-08 04:30:00,116744.9,116800.0,116705.4,116705.5,191.3221
2025-08-08 04:45:00,116705.4,116756.6,116700.0,116705.4,97.0961
2025-08-08 05:00:00,116705.4,116751.8,116546.5,116610.0,635.5038
2025-08-08 05:15:00,116610.1,116659.9,116558.8,116609.8,203.5603
2025-08-08 05:30:00,116609.8,116609.8,116522.4,116523.7,299.0369
2025-08-08 05:45:00,116523.7,116523.8,116437.0,116476.3,339.4498
2025-08-08 06:00:00,116476.3,116514.0,116337.0,116514.0,615.5376
2025-08-08 06:15:00,116514.0,116630.1,116403.0,116591.5,363.1157
2025-08-08 06:30:00,116591.6,116675.9,116529.3,116675.9,409.5759
2025-08-08 06:45:00,116675.8,116734.9,116588.9,116696.3,374.1043
2025-08-08 07:00:00,116696.2,116716.9,116508.4,116633.1,348.6116
2025-08-08 07:15:00,116633.1,116928.6,116633.0,116928.6,731.4826
2025-08-08 07:30:00,116928.5,116928.5,116765.1,116785.9,529.6909
2025-08-08 07:45:00,116786.0,116860.1,116776.8,116777.7,354.4446
2025-08-08 08:00:00,116777.8,116895.0,116689.0,116863.4,444.6066
2025-08-08 08:15:00,116863.4,116882.0,116632.3,116635.3,467.5806
2025-08-08 08:30:00,116635.3,116635.4,116388.0,116488.9,814.5557
2025-08-08 08:45:00,116488.9,116595.3,116422.4,116575.8,474.8841
2025-08-08 09:00:00,116575.8,116600.0,116480.5,116533.4,276.234
2025-08-08 09:15:00,116533.3,116587.9,116441.2,116496.9,262.5246
2025-08-08 09:30:00,116496.9,116610.2,116480.4,116561.9,190.2745
2025-08-08 09:45:00,116561.9,116688.7,116561.8,116637.0,173.7783
2025-08-08 10:00:00,116637.1,116666.6,116558.8,116558.8,198.4514
2025-08-08 10:15:00,116558.8,116585.0,116456.1,116456.1,152.1065
2025-08-08 10:30:00,116456.1,116502.3,116408.6,116408.6,179.8294
2025-08-08 10:45:00,116408.7,116535.9,116257.8,116499.5,690.5812
2025-08-08 11:00:00,116499.6,116782.9,116499.5,116721.8,468.8665
2025-08-08 11:15:00,116721.9,116800.0,116714.8,116714.9,255.3456
2025-08-08 11:30:00,116714.9,116798.0,116714.8,116728.5,151.7982
2025-08-08 11:45:00,116728.4,116897.6,116705.3,116855.2,322.3442
2025-08-08 12:00:00,116855.2,116855.3,116542.3,116587.6,407.6992
2025-08-08 12:15:00,116587.6,116656.5,116520.0,116586.2,250.4994
2025-08-08 12:30:00,116586.3,116644.5,116514.2,116569.8,316.8696
2025-08-08 12:45:00,116569.9,116569.9,116451.3,116451.3,285.3447
2025-08-08 13:00:00,116451.3,116570.0,116451.3,116509.2,373.7784
2025-08-08 13:15:00,116509.2,116711.9,116473.4,116701.9,449.0835
2025-08-08 13:30:00,116702.0,116911.8,116466.5,116776.1,794.9901
2025-08-08 13:45:00,116776.1,116882.1,116638.2,116866.0,854.3122
2025-08-08 14:00:00,116866.0,117225.2,116585.3,116709.6,1958.6078
2025-08-08 14:15:00,116709.7,116774.0,116581.0,116702.8,503.9911
2025-08-08 14:30:00,116702.8,116709.9,116326.0,116500.0,861.7309
2025-08-08 14:45:00,116500.0,116655.8,116380.0,116448.9,556.2766
2025-08-08 15:00:00,116449.0,116466.6,116153.3,116297.6,1063.4036
2025-08-08 15:15:00,116297.6,116507.2,116160.2,116220.4,702.6312
2025-08-08 15:30:00,116220.4,116240.0,115855.0,115872.0,1753.9762
2025-08-08 15:45:00,115872.0,116187.5,115839.1,116153.2,907.3331
2025-08-08 16:00:00,116153.2,116341.8,116024.4,116093.0,785.0403
2025-08-08 16:15:00,116093.0,116245.1,116017.9,116050.0,471.8903
2025-08-08 16:30:00,116050.0,116209.4,115940.2,116080.0,413.1195
2025-08-08 16:45:00,116080.0,116233.5,116079.9,116155.9,248.591
2025-08-08 17:00:00,116155.8,116450.0,116095.5,116361.8,571.3406
2025-08-08 17:15:00,116361.8,116450.0,116252.0,116308.5,380.6771
2025-08-08 17:30:00,116308.6,116518.6,116308.5,116516.0,342.6015
2025-08-08 17:45:00,116515.9,116662.2,116466.0,116661.9,413.0458
2025-08-08 18:00:00,116661.9,116833.2,116645.6,116705.2,879.7415
2025-08-08 18:15:00,116705.3,116851.0,116546.2,116546.3,529.8847
2025-08-08 18:30:00,116546.2,116640.9,116300.0,116353.3,692.5469
2025-08-08 18:45:00,116353.3,116500.0,116279.2,116460.8,326.2403
2025-08-08 19:00:00,116460.8,116588.8,116428.9,116564.0,326.4447
2025-08-08 19:15:00,116564.0,116657.2,116412.0,116431.2,319.0113
2025-08-08 19:30:00,116431.2,116431.3,116285.7,116389.0,350.9092
2025-08-08 19:45:00,116389.0,116469.8,116343.0,116383.9,372.6845
2025-08-08 20:00:00,116383.9,116431.0,116271.6,116431.0,278.8048
2025-08-08 20:15:00,116431.0,116463.3,116337.7,116460.0,234.0669
2025-08-08 20:30:00,116460.0,116729.9,116459.9,116722.4,271.9289
2025-08-08 20:45:00,116722.4,116844.2,116720.0,116844.1,518.5269
2025-08-08 21:00:00,116844.1,116844.1,116726.2,116773.7,161.5931
2025-08-08 21:15:00,116773.7,116773.7,116670.1,116749.1,153.4189
2025-08-08 21:30:00,116749.0,116911.8,116749.0,116908.0,358.5368
2025-08-08 21:45:00,116908.0,116927.9,116857.5,116886.7,267.93
2025-08-08 22:00:00,116886.8,116886.8,116700.0,116878.5,247.6378
2025-08-08 22:15:00,116878.5,116925.0,116843.1,116909.5,103.2765
2025-08-08 22:30:00,116909.6,116917.5,116796.9,116875.6,170.8823
2025-08-08 22:45:00,116875.6,116881.9,116832.0,116832.1,97.8649
2025-08-08 23:00:00,116832.2,116864.0,116808.1,116818.4,138.5673
2025-08-08 23:15:00,116818.3,116831.9,116745.9,116745.9,93.7945
2025-08-08 23:30:00,116746.0,116746.0,116595.2,116669.9,280.2236
2025-08-08 23:45:00,116670.0,116670.0,116617.3,116620.8,114.4783
2025-08-09 00:00:00,116620.8,116666.0,116566.0,116664.3,247.6484
2025-08-09 00:15:00,116664.2,116702.4,116604.4,116663.0,152.0446
2025-08-09 00:30:00,116663.0,116663.0,116562.3,116595.1,182.8508
2025-08-09 00:45:00,116595.0,116603.5,116535.9,116543.5,184.8184
2025-08-09 01:00:00,116543.5,116613.4,116496.0,116567.2,172.7392
2025-08-09 01:15:00,116567.2,116567.2,116483.9,116509.6,113.1531
2025-08-09 01:30:00,116509.5,116609.9,116509.5,116609.9,167.2987
2025-08-09 01:45:00,116609.9,116620.8,116524.7,116524.8,164.2966
2025-08-09 02:00:00,116524.8,116524.8,116396.0,116396.1,281.1019
2025-08-09 02:15:00,116396.0,116465.2,116380.5,116407.9,177.893
2025-08-09 02:30:00,116407.8,116425.3,116360.4,116411.9,214.6158
2025-08-09 02:45:00,116411.8,116439.9,116364.0,116364.1,137.5182
2025-08-09 03:00:00,116364.1,116440.1,116334.0,116423.8,236.675
2025-08-09 03:15:00,116423.8,116450.0,116373.5,116417.2,140.836
2025-08-09 03:30:00,116417.1,116417.2,116311.0,116383.4,254.0054
2025-08-09 03:45:00,116383.4,116411.3,116322.5,116346.8,219.5434
2025-08-09 04:00:00,116346.8,116521.6,116320.8,116518.5,288.0915
2025-08-09 04:15:00,116518.5,116518.6,116392.6,116428.6,150.2998
2025-08-09 04:30:00,116428.6,116644.1,116365.8,116375.2,780.2211
2025-08-09 04:45:00,116375.2,116419.7,116335.0,116399.0,268.0581
2025-08-09 05:00:00,116399.0,116737.1,116369.2,116504.2,1121.0007
2025-08-09 05:15:00,116504.1,116969.9,116504.1,116949.1,1247.1445
2025-08-09 05:30:00,116949.2,116949.2,116690.8,116871.4,567.4459
2025-08-09 05:45:00,116871.3,116907.9,116667.2,116699.3,452.7079
2025-08-09 06:00:00,116699.3,116711.8,116537.4,116537.5,397.9682
2025-08-09 06:15:00,116537.5,116710.0,116511.0,116582.9,371.5363
2025-08-09 06:30:00,116582.9,116635.3,116500.9,116554.9,215.5285
2025-08-09 06:45:00,116554.8,116666.0,116523.3,116607.4,203.9953
2025-08-09 07:00:00,116607.4,116708.2,116582.8,116693.8,233.26
2025-08-09 07:15:00,116693.9,116856.4,116693.8,116856.3,282.3458
2025-08-09 07:30:00,116856.3,116873.3,116729.3,116738.8,297.1321
2025-08-09 07:45:00,116738.9,116738.9,116698.3,116700.5,194.2765
2025-08-09 08:00:00,116700.6,116767.0,116700.1,116723.6,221.6047
2025-08-09 08:15:00,116723.6,116819.1,116703.9,116819.1,136.3444
2025-08-09 08:30:00,116819.1,117135.8,116776.7,117135.8,677.2202
2025-08-09 08:45:00,117135.8,117150.0,116743.2,117072.0,883.7502
2025-08-09 09:00:00,117072.1,117364.8,116989.0,117364.7,1269.588
2025-08-09 09:15:00,117364.7,117400.0,117180.0,117247.6,584.3046
2025-08-09 09:30:00,117247.6,117330.0,117195.7,117227.8,406.6704
2025-08-09 09:45:00,117227.8,117465.0,117184.3,117465.0,600.2822
2025-08-09 10:00:00,117465.0,117738.0,117415.1,117707.1,1333.1578
2025-08-09 10:15:00,117707.1,117914.0,117638.0,117739.9,1386.5355
2025-08-09 10:30:00,117739.9,117740.0,117380.5,117487.8,910.1111
2025-08-09 10:45:00,117487.8,117612.9,117346.3,117400.0,684.0755
2025-08-09 11:00:00,117400.0,117445.8,117201.4,117201.4,545.0041
2025-08-09 11:15:00,117201.5,117267.5,117190.0,117246.2,325.4969
2025-08-09 11:30:00,117246.3,117255.6,117059.9,117230.5,679.4494
2025-08-09 11:45:00,117230.5,117230.5,117055.2,117090.0,625.431
2025-08-09 12:00:00,117090.0,117221.6,117022.3,117187.1,463.3678
2025-08-09 12:15:00,117187.1,117199.9,117100.0,117145.1,173.9782
2025-08-09 12:30:00,117145.1,117174.9,116976.3,117004.2,377.9224
2025-08-09 12:45:00,117004.3,117116.0,116990.2,117076.9,221.5983
2025-08-09 13:00:00,117076.9,117127.9,116840.3,116871.0,513.5748
2025-08-09 13:15:00,116871.1,117037.5,116832.0,116976.2,362.468
2025-08-09 13:30:00,116976.3,116976.3,116841.8,116957.2,287.031
2025-08-09 13:45:00,116957.2,117031.9,116885.2,116934.0,237.933
2025-08-09 14:00:00,116934.0,116935.5,116733.7,116935.5,567.2612
2025-08-09 14:15:00,116935.4,116968.5,116847.8,116897.9,211.5
2025-08-09 14:30:00,116898.0,116898.0,116775.0,116795.7,295.9038
2025-08-09 14:45:00,116795.8,116941.8,116765.1,116927.8,242.4131
2025-08-09 15:00:00,116927.8,116986.5,116862.1,116960.1,476.949
2025-08-09 15:15:00,116960.1,117125.8,116658.7,116784.2,1202.4365
2025-08-09 15:30:00,116784.1,116862.1,116748.8,116770.0,301.7714
2025-08-09 15:45:00,116770.0,116846.0,116737.6,116846.0,166.8219
2025-08-09 16:00:00,116846.0,116905.5,116780.8,116798.6,243.9445
2025-08-09 16:15:00,116798.6,116800.9,116693.5,116693.5,315.5526
2025-08-09 16:30:00,116693.6,116747.1,116612.0,116720.2,319.7767
2025-08-09 16:45:00,116720.2,116720.2,116600.6,116607.5,265.1618
2025-08-09 17:00:00,116607.5,116762.2,116586.4,116717.7,217.2984
2025-08-09 17:15:00,116717.7,116735.5,116674.7,116715.0,119.4762
2025-08-09 17:30:00,116715.0,116746.7,116633.4,116661.8,206.315
2025-08-09 17:45:00,116661.8,116661.9,116586.9,116649.9,247.9284
2025-08-09 18:00:00,116650.0,116694.0,116620.0,116620.0,238.3729
2025-08-09 18:15:00,116620.0,116688.6,116607.9,116633.3,397.0943
2025-08-17 01:15:00,117210.5,117295.3,117150.0,117264.5,281.6561
2025-08-17 01:30:00,117264.4,117441.9,117252.0,117328.2,293.2654
2025-08-17 01:45:00,117328.3,117407.7,117282.3,117384.8,131.2909
2025-08-17 02:00:00,117384.9,117445.0,117350.9,117350.9,174.6874
2025-08-17 02:15:00,117350.9,117500.0,117335.6,117500.0,193.6434
2025-08-17 02:30:00,117499.9,117500.0,117396.2,117477.1,186.7043
2025-08-17 02:45:00,117477.1,117565.5,117444.2,117550.0,304.5385
2025-08-17 03:00:00,117550.0,117574.0,117500.0,117524.1,283.0719
2025-08-17 03:15:00,117524.1,117525.0,117445.7,117524.9,166.6985
2025-08-17 03:30:00,117524.9,117647.8,117490.1,117640.0,272.3378
2025-08-17 03:45:00,117640.0,117705.8,117622.7,117622.7,286.069
2025-08-17 04:00:00,117622.8,117703.3,117622.7,117656.2,197.3747
2025-08-17 04:15:00,117656.2,117711.0,117653.2,117710.9,154.092
2025-08-17 04:30:00,117711.0,117723.2,117710.9,117720.3,158.9447
2025-08-17 04:45:00,117720.3,118129.5,117720.3,118023.4,1223.4749
2025-08-17 05:00:00,118023.5,118180.0,117968.6,118120.2,573.1108
2025-08-17 05:15:00,118120.2,118137.3,118039.0,118074.5,276.8431
2025-08-17 05:30:00,118074.5,118088.0,117941.3,117972.6,259.2114
2025-08-17 05:45:00,117972.6,118020.0,117946.4,117951.9,181.0439
2025-08-17 06:00:00,117952.0,118068.6,117951.9,118068.5,144.3873
2025-08-17 06:15:00,118068.5,118068.6,117990.8,118039.5,115.054
2025-08-17 06:30:00,118039.5,118039.5,117867.0,117924.7,231.0973
2025-08-17 06:45:00,117924.7,117935.6,117846.2,117876.5,220.3199
2025-08-17 07:00:00,117876.6,117961.3,117794.3,117961.1,342.8565
2025-08-17 07:15:00,117961.1,117985.9,117900.0,117900.1,137.1028
2025-08-17 07:30:00,117900.0,117942.4,117837.4,117930.5,143.5204
2025-08-17 07:45:00,117930.5,117960.0,117900.0,117953.2,81.1617
2025-08-17 08:00:00,117953.2,117982.5,117864.7,117864.7,121.6462
2025-08-17 08:15:00,117864.7,117952.3,117864.7,117952.2,137.3308
2025-08-17 08:30:00,117952.2,118119.5,117952.2,118056.1,298.368
2025-08-17 08:45:00,118056.1,118338.0,118050.6,118315.0,699.2702
2025-08-17 09:00:00,118315.0,118355.0,118180.1,118248.0,637.6775
2025-08-17 09:15:00,118247.9,118456.7,118214.1,118311.3,693.5649
2025-08-17 09:30:00,118311.4,118346.0,118180.1,118257.0,266.8145
2025-08-17 09:45:00,118257.1,118308.6,118228.7,118289.1,142.0617
2025-08-17 10:00:00,118289.0,118289.0,118165.6,118193.6,172.4499
2025-08-17 10:15:00,118193.7,118209.8,118130.4,118166.7,162.1331
2025-08-17 10:30:00,118166.6,118242.4,118113.0,118242.4,208.0775
2025-08-17 10:45:00,118242.6,118343.3,118220.0,118343.3,273.6891
2025-08-17 11:00:00,118343.2,118343.3,118230.7,118251.7,274.7968
2025-08-17 11:15:00,118251.7,118307.2,118220.4,118299.9,78.6019
2025-08-17 11:30:00,118299.9,118325.1,118228.3,118274.0,125.9983
2025-08-17 11:45:00,118274.0,118307.0,118244.0,118255.9,127.1003
2025-08-17 12:00:00,118256.0,118313.3,118159.9,118251.7,259.4013
2025-08-17 12:15:00,118251.7,118286.0,118188.6,118194.7,148.5101
2025-08-17 12:30:00,118194.7,118240.0,118151.5,118180.7,235.5437
2025-08-17 12:45:00,118180.8,118217.1,118075.5,118104.6,296.1941
2025-08-17 13:00:00,118104.7,118123.3,118016.8,118017.5,340.1895
2025-08-17 13:15:00,118017.5,118145.8,118017.5,118144.3,350.7181
2025-08-17 13:30:00,118144.2,118323.0,118112.4,118301.6,291.4116
2025-08-17 13:45:00,118301.6,118538.7,118277.1,118386.4,641.0822
2025-08-17 14:00:00,118386.4,118438.0,118300.0,118300.1,212.6085
2025-08-17 14:15:00,118300.1,118300.1,118104.6,118196.4,307.7763
2025-08-17 14:30:00,118196.4,118223.8,118120.0,118223.8,173.1156
2025-08-17 14:45:00,118223.8,118266.8,118100.1,118100.1,232.8401
2025-08-17 15:00:00,118100.2,118217.2,118084.4,118200.1,285.0006
2025-08-17 15:15:00,118200.1,118200.1,118092.2,118109.8,189.8011
2025-08-17 15:30:00,118109.8,118206.4,118109.7,118206.4,168.8631
2025-08-17 15:45:00,118206.4,118226.0,118159.1,118203.6,170.7466
2025-08-17 16:00:00,118203.5,118285.4,118002.9,118058.9,407.4315
2025-08-17 16:15:00,118058.9,118160.6,117932.0,118033.6,666.1008
2025-08-17 16:30:00,118033.6,118098.1,117876.1,117929.8,427.0287
2025-08-17 16:45:00,117929.9,117956.0,117647.5,117784.0,890.9907
2025-08-17 17:00:00,117784.0,117838.0,117693.6,117704.3,528.162
2025-08-17 17:15:00,117704.3,117837.7,117562.7,117768.1,485.1349
2025-08-17 17:30:00,117768.0,117883.0,117768.0,117855.1,291.0263
2025-08-17 17:45:00,117855.1,117888.0,117803.8,117850.0,138.2493
2025-08-17 18:00:00,117850.0,117898.3,117830.0,117861.5,389.5258
2025-08-17 18:15:00,117861.5,117880.0,117689.0,117764.0,191.0686
2025-08-17 18:30:00,117764.0,117807.8,117727.6,117772.2,59.998
2025-08-17 18:45:00,117772.2,117782.9,117225.4,117497.9,1153.9827
2025-08-17 19:00:00,117498.0,117683.7,117407.4,117632.9,290.0377
2025-08-17 19:15:00,117633.0,117700.3,117595.9,117700.2,160.4214
2025-08-17 19:30:00,117700.3,117700.3,117444.5,117449.7,308.7497
2025-08-17 19:45:00,117449.6,117579.8,117414.3,117525.4,142.0158
2025-08-17 20:00:00,117525.5,117600.0,117422.7,117599.9,338.1591
2025-08-17 20:15:00,117600.0,117645.2,117512.0,117583.2,201.0887
2025-08-17 20:30:00,117583.2,117680.6,117583.1,117680.6,127.9139
2025-08-17 20:45:00,117680.6,117687.5,117541.4,117541.4,111.3989
2025-08-17 21:00:00,117541.2,117645.4,117541.2,117645.4,193.3368
2025-08-17 21:15:00,117645.4,117661.1,117542.3,117594.7,94.0417
2025-08-17 21:30:00,117594.7,117684.8,117554.9,117679.2,128.3553
2025-08-17 21:45:00,117679.1,117726.1,117615.6,117651.9,111.9768
2025-08-17 22:00:00,117652.0,117818.2,117623.0,117744.0,376.0122
2025-08-17 22:15:00,117744.0,117783.8,117670.0,117708.0,229.4235
2025-08-17 22:30:00,117708.0,117899.9,117703.1,117890.6,315.8912
2025-08-17 22:45:00,117890.6,117935.6,117865.2,117890.0,373.3037
2025-08-17 23:00:00,117890.0,117920.7,117678.1,117727.0,216.3214
2025-08-17 23:15:00,117727.0,117788.0,117422.2,117511.5,381.3975
2025-08-17 23:30:00,117511.5,117560.0,117428.0,117511.1,238.2339
2025-08-17 23:45:00,117511.0,117518.9,117300.0,117346.9,409.9283
2025-08-18 00:00:00,117346.8,117488.0,117274.0,117450.7,351.4758
2025-08-18 00:15:00,117450.7,117450.7,117020.0,117086.1,905.5076
2025-08-18 00:30:00,117086.1,117315.4,116951.7,117204.6,751.9389
2025-08-18 00:45:00,117204.6,117291.6,117103.4,117233.9,400.4509
2025-08-18 01:00:00,117233.9,117340.3,117192.9,117239.5,346.1101
2025-08-18 01:15:00,117239.6,117346.9,116600.0,116602.8,1668.8086
2025-08-18 01:30:00,116602.9,116874.6,116300.2,116364.1,2548.4165
2025-08-18 01:45:00,116364.0,116427.7,116123.0,116214.1,1591.7787
2025-08-18 02:00:00,116214.1,116284.0,115858.0,115944.1,2008.0555
2025-08-18 02:15:00,115944.2,115987.8,115657.6,115736.1,1729.8141
2025-08-18 02:30:00,115736.1,116022.9,115620.0,115838.1,1130.839
2025-08-18 02:45:00,115838.1,115860.0,115232.0,115390.1,2616.1794
2025-08-18 03:00:00,115390.1,115583.9,115361.4,115414.3,782.6866
2025-08-18 03:15:00,115414.4,115488.6,115266.0,115311.8,525.1208
2025-08-18 03:30:00,115311.7,115372.0,115058.0,115111.2,1206.311
2025-08-18 03:45:00,115111.2,115344.9,114933.6,115257.4,1262.1607
2025-08-18 04:00:00,115257.3,115335.6,115018.4,115280.0,659.5397
2025-08-18 04:15:00,115280.1,115400.0,115124.3,115384.7,478.3786
2025-08-18 04:30:00,115384.7,115462.3,115330.6,115360.6,487.7867
2025-08-18 04:45:00,115360.5,115479.0,115351.0,115410.2,416.3535
2025-08-18 05:00:00,115410.3,115620.9,115410.2,115605.3,711.3668
2025-08-18 05:15:00,115605.3,115613.1,115506.4,115508.0,390.1696
2025-08-18 05:30:00,115508.0,115514.1,115070.0,115117.9,893.1031
2025-08-18 05:45:00,115118.0,115654.4,114915.6,115650.0,1124.9207
2025-08-18 06:00:00,115650.0,115653.9,115359.5,115375.9,661.0683
2025-08-18 06:15:00,115375.9,115478.9,114975.0,115143.9,923.4772
2025-08-18 06:30:00,115144.0,115317.4,114840.7,114991.2,983.4335
2025-08-18 06:45:00,114991.2,115237.0,114825.0,115204.4,736.7198
2025-08-18 07:00:00,115204.4,115432.7,115178.2,115207.8,671.9482
2025-08-18 07:15:00,115207.7,115427.4,115168.7,115314.6,373.9384
2025-08-18 07:30:00,115314.6,115432.0,115145.0,115350.0,333.0452
2025-08-18 07:45:00,115350.0,115379.0,115152.0,115169.8,246.5854
2025-08-18 08:00:00,115169.8,115333.1,115031.6,115031.7,749.61
2025-08-18 08:15:00,115031.7,115305.5,115023.8,115305.5,265.2011
2025-08-18 08:30:00,115305.5,115355.0,115210.6,115250.1,378.9597
2025-08-18 08:45:00,115250.1,115256.2,115068.0,115093.9,545.377
2025-08-18 09:00:00,115093.9,115100.0,114826.0,114884.6,683.154
2025-08-18 09:15:00,114884.6,114915.3,114603.2,114640.0,1614.2347
2025-08-18 09:30:00,114640.0,115061.4,114612.2,114980.1,1051.2748
2025-08-18 09:45:00,114980.1,115111.1,114927.6,115000.0,795.1444
2025-08-18 10:00:00,114999.9,115133.1,114955.9,115050.9,411.3202
2025-08-18 10:15:00,115050.8,115234.9,114937.8,114944.4,572.016
2025-08-18 10:30:00,114944.5,115219.3,114944.4,115206.2,208.3233
2025-08-18 10:45:00,115206.2,115223.6,114983.6,115018.5,215.1734
2025-08-18 11:00:00,115018.4,115119.9,114960.0,115065.5,276.426
2025-08-18 11:15:00,115065.5,115065.5,114875.4,114952.6,394.168
2025-08-18 11:30:00,114952.5,115000.0,114861.8,114937.9,400.9464
2025-08-18 11:45:00,114937.8,114967.3,114818.0,114914.2,283.058
2025-08-18 12:00:00,114914.2,115150.0,114862.0,115100.0,272.4282
2025-08-18 12:15:00,115100.1,115150.1,114936.2,115095.9,196.0643
2025-08-18 12:30:00,115096.0,115316.9,115032.0,115277.5,545.2251
2025-08-18 12:45:00,115277.5,115483.7,115150.0,115483.6,613.6423
2025-08-18 13:00:00,115483.7,115620.9,115376.1,115496.9,2182.787
2025-08-18 13:15:00,115496.9,115658.3,115496.9,115618.2,661.9357
2025-08-18 13:30:00,115618.2,115699.4,115241.4,115318.9,989.5154
2025-08-18 13:45:00,115318.8,115454.5,114760.1,114798.8,1244.1409
2025-08-18 14:00:00,114798.7,115186.1,114798.7,115175.5,903.0978
2025-08-18 14:15:00,115175.6,115475.3,115100.0,115322.8,604.0839
2025-08-18 14:30:00,115322.8,115322.8,115077.3,115093.4,565.4189
2025-08-18 14:45:00,115093.4,115596.2,114869.2,115596.2,689.5601
2025-08-18 15:00:00,115596.1,115675.0,115394.3,115416.2,519.5619
2025-08-18 15:15:00,115416.3,115650.0,115352.0,115574.1,346.4018
2025-08-18 15:30:00,115574.1,115875.3,115490.2,115715.6,793.8389
2025-08-18 15:45:00,115715.5,116138.9,115715.5,116083.5,1497.3679
2025-08-18 16:00:00,116083.5,116304.6,116021.4,116021.7,1339.673
2025-08-18 16:15:00,116021.7,116124.2,115912.4,115971.1,585.6357
2025-08-18 16:30:00,115971.2,116045.6,115769.6,116003.9,644.6243
2025-08-18 16:45:00,116004.0,116199.1,115889.5,115903.0,461.0078
2025-08-18 17:00:00,115903.0,116195.9,115902.9,116195.9,335.8066
2025-08-18 17:15:00,116195.9,116649.9,116195.8,116465.7,1095.4907
2025-08-18 17:30:00,116465.7,116755.5,116465.7,116476.8,1028.0164
2025-08-18 17:45:00,116476.7,116583.0,116366.2,116366.2,494.9252
2025-08-18 18:00:00,116366.3,116398.4,116246.5,116317.9,336.6622
2025-08-18 18:15:00,116317.9,116405.2,116180.8,116303.4,277.7798
2025-08-18 18:30:00,116303.4,116495.7,116300.0,116413.4,197.0597
2025-08-18 18:45:00,116413.4,116530.8,116403.8,116430.0,200.9812
2025-08-18 19:00:00,116430.0,116609.7,116200.0,116229.4,584.7873
2025-08-18 19:15:00,116229.4,116310.7,116123.0,116310.5,422.3414
2025-08-18 19:30:00,116310.5,116359.9,116158.0,116195.7,463.49
2025-08-18 19:45:00,116195.6,116333.3,116159.1,116263.6,345.9988
2025-08-18 20:00:00,116263.6,116413.4,116158.4,116413.3,377.0603
2025-08-18 20:15:00,116413.3,116453.8,116274.5,116453.8,133.5596
2025-08-18 20:30:00,116453.8,116482.9,115925.0,116028.2,574.2616
2025-08-18 20:45:00,116028.2,116363.6,116020.7,116363.6,359.3093
2025-08-18 21:00:00,116363.5,116549.9,116361.9,116549.9,456.1803
2025-08-18 21:15:00,116550.0,116661.6,116492.0,116602.1,284.3717
2025-08-18 21:30:00,116602.1,116625.4,116388.2,116412.4,215.064
2025-08-18 21:45:00,116412.4,116626.5,116407.9,116620.8,207.1528
2025-08-18 22:00:00,116620.8,116967.0,116620.8,116863.1,1589.3049
2025-08-18 22:15:00,116863.1,116958.2,116843.3,116885.2,415.2935
2025-08-18 22:30:00,116885.1,116903.0,116692.3,116692.3,257.3887
2025-08-18 22:45:00,116692.3,116705.7,116344.0,116355.3,721.0053
2025-08-18 23:00:00,116355.3,116530.8,116347.0,116361.8,380.6985
2025-08-18 23:15:00,116361.8,116389.8,116226.4,116235.3,361.4174
2025-08-18 23:30:00,116235.3,116298.2,116168.8,116168.9,236.5252
2025-08-18 23:45:00,116168.8,116220.8,116050.0,116185.7,344.4845
2025-08-19 00:00:00,116185.6,116259.8,116114.7,116227.6,282.506
2025-08-19 00:15:00,116227.6,116285.1,115862.3,115882.5,1287.4448
2025-08-19 00:30:00,115882.5,116153.2,115454.5,115971.2,1630.6148
2025-08-19 00:45:00,115971.3,116530.9,115971.2,116521.7,783.9995
2025-08-19 01:00:00,116521.6,116685.9,116385.0,116386.9,614.7535
2025-08-19 01:15:00,116386.9,116446.6,116160.0,116160.0,265.2019
2025-08-19 01:30:00,116160.0,116160.1,115905.3,115968.3,554.0627
2025-08-19 01:45:00,115968.3,116003.1,115690.0,115776.8,517.4868
2025-08-19 02:00:00,115776.8,115926.2,115666.0,115826.8,406.4064
2025-08-19 02:15:00,115826.8,115873.2,115610.0,115789.8,331.7841
2025-08-19 02:30:00,115789.8,115937.5,115713.2,115841.3,160.6466
2025-08-19 02:45:00,115841.2,116017.2,115678.0,115717.9,198.0276
2025-08-19 03:00:00,115718.0,115734.9,115427.9,115589.6,733.3282
2025-08-19 03:15:00,115589.5,115647.0,115228.8,115338.0,576.6515
2025-08-19 03:30:00,115338.0,115341.3,114820.4,114938.6,1216.0571
2025-08-19 03:45:00,114938.5,114994.2,114755.0,114779.4,880.6149
2025-08-19 04:00:00,114779.3,114969.0,114313.7,114730.4,2297.5071
2025-08-19 04:15:00,114730.4,114995.0,114610.1,114860.8,898.1829
2025-08-19 04:30:00,114860.8,115205.5,114842.0,115199.6,560.1115
2025-08-19 04:45:00,115199.7,115347.9,115089.0,115266.0,595.6704
2025-08-19 05:00:00,115266.1,115441.9,115074.2,115176.5,830.3836
2025-08-19 05:15:00,115176.5,115404.5,115126.2,115342.9,356.2777
2025-08-19 05:30:00,115342.9,115378.6,115052.4,115052.4,402.2189
2025-08-19 05:45:00,115052.4,115065.1,114902.5,114925.3,456.261
2025-08-19 06:00:00,114925.2,115074.2,114856.0,114998.9,318.7861
2025-08-19 06:15:00,114998.8,115188.8,114857.2,115084.1,289.9263
2025-08-19 06:30:00,115084.1,115095.7,114910.6,114950.4,310.5805
2025-08-19 06:45:00,114950.4,115079.6,114865.7,114974.5,384.0045
2025-08-19 07:00:00,114974.5,115017.3,114788.0,114840.0,327.9633
2025-08-19 07:15:00,114840.0,114852.2,114601.8,114655.2,700.764
2025-08-19 07:30:00,114654.3,114928.9,114575.2,114763.7,517.6721
2025-08-19 07:45:00,114763.8,114958.3,114747.3,114952.1,359.982
2025-08-19 08:00:00,114952.1,115017.8,114755.1,114990.0,413.3759
2025-08-19 08:15:00,114990.0,115089.5,114905.4,114917.2,298.9557
2025-08-19 08:30:00,114917.2,114999.0,114755.0,114967.8,241.3642
2025-08-19 08:45:00,114967.7,115289.3,114920.4,115150.0,706.5822
2025-08-19 09:00:00,115150.1,115359.5,115144.0,115309.2,724.2772
2025-08-19 09:15:00,115309.1,115388.0,115227.6,115383.6,344.3816
2025-08-19 09:30:00,115383.6,115458.2,115300.4,115365.3,508.4039
2025-08-19 09:45:00,115365.4,115418.2,115220.0,115278.1,366.8907
2025-08-19 10:00:00,115278.1,115458.5,115266.0,115360.1,327.9007
2025-08-19 10:15:00,115360.2,115537.9,115360.0,115454.9,551.0651
2025-08-19 10:30:00,115455.0,115495.0,115273.0,115373.0,353.6851
2025-08-19 10:45:00,115373.0,115397.6,115272.7,115355.6,234.798
2025-08-19 11:00:00,115355.6,115556.0,115355.6,115540.1,233.2325
2025-08-19 11:15:00,115540.1,115613.3,115493.7,115509.9,399.1486
2025-08-19 11:30:00,115509.9,115537.8,115408.3,115421.8,266.1197
2025-08-19 11:45:00,115421.9,115549.6,115410.2,115464.0,173.0485
2025-08-19 12:00:00,115464.1,115549.9,115370.0,115526.6,222.9984
2025-08-19 12:15:00,115526.5,115570.5,115420.0,115452.2,301.4803
2025-08-19 12:30:00,115452.2,115515.9,115340.4,115456.8,234.303
2025-08-19 12:45:00,115456.8,115564.1,115228.8,115563.9,419.5677
2025-08-19 13:00:00,115563.9,115619.2,115446.2,115460.2,213.0157
2025-08-19 13:15:00,115460.1,115738.0,115460.1,115697.7,387.5233
2025-08-19 13:30:00,115697.7,115832.9,114967.0,115079.4,2028.3424
2025-08-19 13:45:00,115079.3,115331.7,114825.1,115151.3,1543.272
2025-08-19 14:00:00,115151.2,115332.8,114714.0,114763.9,1124.9623
2025-08-19 14:15:00,114763.9,114809.6,114061.0,114080.1,2533.0143
2025-08-19 14:30:00,114080.1,114420.3,113750.0,113872.6,3106.1335
2025-08-19 14:45:00,113872.6,114030.0,113700.0,113833.6,1716.0853
2025-08-19 15:00:00,113833.6,113970.6,113453.2,113588.1,2164.36
2025-08-19 15:15:00,113588.2,114142.2,113580.1,114031.3,1593.1258
2025-08-19 15:30:00,114031.4,114100.0,113838.0,114053.7,577.8418
2025-08-19 15:45:00,114053.6,114057.1,113678.0,113733.9,760.8471
2025-08-19 16:00:00,113734.0,113839.0,113641.5,113641.5,626.4067
2025-08-19 16:15:00,113641.6,113783.9,113568.3,113590.0,546.2585
2025-08-19 16:30:00,113589.9,113773.2,113346.0,113531.7,1381.2911
2025-08-19 16:45:00,113531.6,113548.4,113288.0,113322.4,1181.1834
2025-08-19 17:00:00,113322.4,113444.6,113010.2,113256.4,2157.1991
2025-08-19 17:15:00,113256.4,113430.8,113116.2,113358.1,744.5588
2025-08-19 17:30:00,113358.1,113525.0,113350.4,113410.2,683.654
2025-08-19 17:45:00,113410.2,113480.4,113234.0,113448.7,499.7088
2025-08-19 18:00:00,113448.7,113466.5,113305.0,113305.0,475.3446
2025-08-19 18:15:00,113305.0,113416.9,113166.2,113172.5,482.648
2025-08-19 18:30:00,113172.5,113198.3,112871.3,112938.1,985.0593
2025-08-19 18:45:00,112938.2,113075.0,112763.1,112993.6,1187.0857
2025-08-19 19:00:00,112993.6,112993.6,112729.0,112759.4,911.7719
2025-08-19 19:15:00,112759.4,113367.2,112695.7,113326.1,1309.4833
2025-08-19 19:30:00,113326.1,113489.3,113238.1,113368.9,532.5443
2025-08-19 19:45:00,113368.9,113455.4,113000.0,113067.3,447.0926
2025-08-19 20:00:00,113067.3,113230.3,112866.0,112919.4,822.429
2025-08-19 20:15:00,112919.4,113252.2,112919.4,113251.1,360.8959
2025-08-19 20:30:00,113251.0,113444.0,113251.0,113351.4,429.0025
2025-08-19 20:45:00,113351.3,113515.2,113341.1,113515.2,277.1209
2025-08-19 21:00:00,113515.1,113515.3,113398.8,113449.4,202.1218
2025-08-19 21:15:00,113449.3,113504.7,113405.5,113460.7,150.0329
2025-08-19 21:30:00,113460.8,113515.3,113379.9,113436.6,304.2073
2025-08-19 21:45:00,113436.6,113456.5,113338.1,113363.1,194.2493
2025-08-19 22:00:00,113363.1,113390.0,113050.7,113110.9,497.9559
2025-08-19 22:15:00,113110.9,113277.2,113019.1,113248.0,323.0958
2025-08-19 22:30:00,113248.0,113283.5,113006.5,113152.4,241.9483
2025-08-19 22:45:00,113152.3,113245.3,113066.5,113118.1,186.2073
2025-08-19 23:00:00,113118.2,113150.3,112928.0,112957.6,443.4394
2025-08-19 23:15:00,112957.5,113020.4,112774.9,112875.8,546.6855
2025-08-19 23:30:00,112875.7,113088.0,112755.0,112920.0,770.7888
2025-08-19 23:45:00,112919.9,112920.0,112656.3,112826.1,647.8779
2025-08-20 00:00:00,112826.0,113209.5,112792.2,112975.4,737.6768
2025-08-20 00:15:00,112975.5,113150.0,112818.3,112950.0,336.9779
2025-08-20 00:30:00,112949.9,113220.0,112906.0,113200.1,380.9503
2025-08-20 00:45:00,113200.0,113275.0,113155.5,113162.0,415.5584
2025-08-20 01:00:00,113162.1,113368.1,113137.3,113197.7,299.6452
2025-08-20 01:15:00,113197.8,113324.0,112857.3,112909.7,406.7754
2025-08-20 01:30:00,112909.7,112960.0,112507.7,112658.1,1169.2003
2025-08-20 01:45:00,112658.2,113118.8,112653.0,112978.0,1162.1277
2025-08-20 02:00:00,112978.0,113258.3,112925.0,113247.8,495.064
2025-08-20 02:15:00,113247.7,113313.8,113210.4,113275.4,621.1087
2025-08-20 02:30:00,113275.4,113357.4,113260.0,113333.4,340.5393
2025-08-20 02:45:00,113333.4,113493.4,113279.1,113411.9,449.5306
2025-08-20 03:00:00,113412.0,113498.3,113269.2,113354.8,679.3487
2025-08-20 03:15:00,113354.9,113601.2,113328.7,113591.7,483.6844
2025-08-20 03:30:00,113591.6,113621.4,113421.0,113464.2,489.3952
2025-08-20 03:45:00,113464.2,113518.7,113395.4,113494.7,233.8325
2025-08-20 04:00:00,113494.7,113635.3,113494.7,113580.0,343.3768
2025-08-27 11:00:00,110924.9,111220.8,110924.9,111220.7,209.0302
2025-08-27 11:15:00,111220.7,111220.8,111085.7,111141.0,152.4542
2025-08-27 11:30:00,111141.1,111249.8,111141.0,111189.1,200.1003
2025-08-27 11:45:00,111189.2,111332.4,111189.1,111263.7,321.879
2025-08-27 12:00:00,111263.7,111360.6,111093.4,111281.4,539.7831
2025-08-27 12:15:00,111281.4,111336.1,111082.8,111091.6,284.9525
2025-08-27 12:30:00,111091.6,111165.2,110965.6,111019.3,322.8613
2025-08-27 12:45:00,111019.4,111317.8,111014.0,111288.9,294.5193
2025-08-27 13:00:00,111289.0,111289.0,111045.8,111068.0,257.9989
2025-08-27 13:15:00,111068.0,111300.1,111030.0,111274.1,393.9692
2025-08-27 13:30:00,111274.1,111794.3,110963.9,111515.4,1785.9302
2025-08-27 13:45:00,111515.3,111849.5,111318.3,111435.7,1497.0565
2025-08-27 14:00:00,111435.7,111682.0,111208.6,111600.1,805.6883
2025-08-27 14:15:00,111600.0,112157.7,111465.8,112149.9,1497.9495
2025-08-27 14:30:00,112149.9,112580.6,111872.7,111872.7,2872.3756
2025-08-27 14:45:00,111872.7,112120.6,111606.3,111758.4,1776.0688
2025-08-27 15:00:00,111758.3,112050.0,111625.0,111941.9,641.6552
2025-08-27 15:15:00,111941.8,112008.4,111632.0,111718.4,363.8922
2025-08-27 15:30:00,111718.3,111822.4,111440.0,111755.7,712.9435
2025-08-27 15:45:00,111756.0,111974.0,111693.0,111964.4,355.2961
2025-08-27 16:00:00,111964.4,111988.0,111760.0,111862.3,426.2282
2025-08-27 16:15:00,111862.1,112089.8,111606.0,111780.0,538.0184
2025-08-27 16:30:00,111780.0,111862.6,111489.6,111818.9,621.8899
2025-08-27 16:45:00,111818.5,112219.0,111735.5,112061.5,522.0457
2025-08-27 17:00:00,112061.5,112061.6,111865.3,111922.6,296.0011
2025-08-27 17:15:00,111922.6,112368.7,111835.8,112269.7,621.8081
2025-08-27 17:30:00,112269.8,112400.0,112194.6,112245.8,415.4435
2025-08-27 17:45:00,112245.8,112364.1,112214.4,112285.9,187.4155
2025-08-27 18:00:00,112285.9,112475.0,112274.6,112424.1,407.4386
2025-08-27 18:15:00,112424.1,112564.0,112327.4,112423.9,432.4304
2025-08-27 18:30:00,112424.0,112438.0,112180.7,112186.5,306.5622
2025-08-27 18:45:00,112186.4,112281.3,111865.3,111900.0,368.9071
2025-08-27 19:00:00,111900.0,112106.0,111520.0,111623.4,972.3547
2025-08-27 19:15:00,111623.5,112032.3,111600.0,111979.0,404.1214
2025-08-27 19:30:00,111979.0,112181.5,111964.0,112046.2,406.5187
2025-08-27 19:45:00,112046.2,112068.9,111872.8,112033.5,215.5459
2025-08-27 20:00:00,112033.5,112067.8,111529.6,111871.0,688.9663
2025-08-27 20:15:00,111870.9,112325.8,110832.6,112022.0,4658.0844
2025-08-27 20:30:00,112021.9,112349.0,111960.8,112288.7,871.1813
2025-08-27 20:45:00,112288.7,112380.9,112068.1,112380.9,363.2433
2025-08-27 21:00:00,112380.9,112420.0,112007.8,112065.3,407.6021
2025-08-27 21:15:00,112065.3,112088.7,111600.0,111757.3,539.3283
2025-08-27 21:30:00,111757.4,111860.6,111550.0,111610.4,336.9289
2025-08-27 21:45:00,111610.4,111670.7,111309.9,111487.9,582.9682
2025-08-27 22:00:00,111488.0,111500.0,111003.9,111119.9,692.7321
2025-08-27 22:15:00,111119.9,111349.8,111119.9,111268.6,544.8695
2025-08-27 22:30:00,111268.6,111565.8,111242.5,111552.7,246.5986
2025-08-27 22:45:00,111552.7,111552.8,111350.0,111365.4,153.1649
2025-08-27 23:00:00,111365.5,111502.3,111307.2,111319.5,215.6651
2025-08-27 23:15:00,111319.5,111377.0,111176.7,111299.9,249.1437
2025-08-27 23:30:00,111299.9,111374.9,111055.0,111074.0,273.3233
2025-08-27 23:45:00,111073.9,111229.1,111073.9,111203.2,313.6124
2025-08-28 00:00:00,111203.3,111433.1,111167.8,111421.0,249.1493
2025-08-28 00:15:00,111421.0,111490.8,110888.0,111100.0,580.1541
2025-08-28 00:30:00,111099.9,111261.7,110820.0,111261.7,538.8065
2025-08-28 00:45:00,111261.6,111415.2,111102.0,111300.0,362.2918
2025-08-28 01:00:00,111300.0,111539.8,111290.1,111463.1,351.2463
2025-08-28 01:15:00,111463.1,111565.5,111337.5,111397.2,460.722
2025-08-28 01:30:00,111397.2,111588.0,111374.1,111516.2,247.7073
2025-08-28 01:45:00,111516.3,111680.0,111500.0,111601.3,206.0084
2025-08-28 02:00:00,111601.4,111721.0,111538.2,111538.2,332.1057
2025-08-28 02:15:00,111538.2,111600.0,111419.4,111573.1,414.3719
2025-08-28 02:30:00,111573.0,111623.1,111419.4,111456.0,189.9599
2025-08-28 02:45:00,111456.0,111548.4,111386.6,111453.7,146.5469
2025-08-28 03:00:00,111453.7,111830.1,111359.2,111820.3,334.9704
2025-08-28 03:15:00,111820.2,111915.2,111733.0,111882.3,361.1807
2025-08-28 03:30:00,111882.4,111991.6,111839.9,111886.7,368.2509
2025-08-28 03:45:00,111886.7,111998.1,111814.7,111968.4,237.8814
2025-08-28 04:00:00,111968.4,112142.2,111910.2,112133.3,362.6992
2025-08-28 04:15:00,112133.3,112279.9,112077.3,112267.7,751.3545
2025-08-28 04:30:00,112267.7,112793.2,112240.0,112758.3,1925.8343
2025-08-28 04:45:00,112758.2,113050.0,112730.0,112944.2,1489.1892
2025-08-28 05:00:00,112944.3,113140.2,112833.3,112890.8,856.1651
2025-08-28 05:15:00,112890.7,112974.8,112785.2,112831.9,599.8556
2025-08-28 05:30:00,112831.9,112918.7,112755.2,112759.7,351.3789
2025-08-28 05:45:00,112759.7,112865.0,112666.0,112820.0,582.0686
2025-08-28 06:00:00,112820.1,112888.0,112685.7,112726.1,327.5937
2025-08-28 06:15:00,112726.1,112978.8,112715.1,112978.8,292.888
2025-08-28 06:30:00,112978.7,113088.0,112923.8,113027.0,438.2665
2025-08-28 06:45:00,113027.0,113268.5,112933.6,113199.8,1307.0459
2025-08-28 07:00:00,113199.8,113333.2,113185.6,113309.9,862.6462
2025-08-28 07:15:00,113309.8,113340.0,113093.0,113133.6,831.601
2025-08-28 07:30:00,113133.6,113142.0,112968.3,113108.7,422.9504
2025-08-28 07:45:00,113108.7,113137.3,113040.0,113101.2,227.5816
2025-08-28 08:00:00,113101.3,113323.5,113077.7,113188.3,464.5495
2025-08-28 08:15:00,113188.1,113188.1,113010.0,113026.7,310.0389
2025-08-28 08:30:00,113026.7,113250.5,112978.7,113133.0,388.9374
2025-08-28 08:45:00,113133.1,113145.0,112985.3,113096.4,233.8465
2025-08-28 09:00:00,113096.3,113114.7,112988.1,112988.1,201.4019
2025-08-28 09:15:00,112988.1,113029.0,112875.8,112958.8,554.6323
2025-08-28 09:30:00,112958.8,112958.9,112862.3,112869.4,246.1616
2025-08-28 09:45:00,112869.4,112885.2,112818.2,112836.4,271.8089
2025-08-28 10:00:00,112836.5,113006.5,112800.0,112996.6,458.8823
2025-08-28 10:15:00,112996.6,112996.6,112853.0,112879.6,180.4028
2025-08-28 10:30:00,112879.5,113046.9,112879.5,113016.1,346.7981
2025-08-28 10:45:00,113016.0,113080.0,112883.5,113080.0,235.9044
2025-08-28 11:00:00,113079.9,113106.4,112954.9,112954.9,263.7142
2025-08-28 11:15:00,112954.9,112999.2,112906.1,112917.7,237.9707
2025-08-28 11:30:00,112917.7,112944.3,112837.4,112837.4,138.1149
2025-08-28 11:45:00,112837.5,112986.6,112822.9,112895.7,285.1951
2025-08-28 12:00:00,112895.7,112935.1,112821.5,112821.6,187.7872
2025-08-28 12:15:00,112821.6,112919.0,112800.0,112817.6,294.1538
2025-08-28 12:30:00,112817.5,113184.7,112740.2,113111.5,1218.4714
2025-08-28 12:45:00,113111.4,113301.4,113050.5,113203.9,483.5264
2025-08-28 13:00:00,113204.0,113219.1,113044.0,113079.4,236.4499
2025-08-28 13:15:00,113079.4,113442.6,112977.4,113007.4,917.7514
2025-08-28 13:30:00,113007.4,113187.5,112800.0,112880.0,1087.8327
2025-08-28 13:45:00,112881.8,112920.9,112522.6,112795.0,1863.5613
2025-08-28 14:00:00,112795.0,113114.8,112694.9,112959.8,735.9161
2025-08-28 14:15:00,112959.8,113105.4,112591.0,112606.2,576.4318
2025-08-28 14:30:00,112606.3,113129.5,112472.9,112950.0,1221.446
2025-08-28 14:45:00,112950.0,113268.0,112909.9,113120.6,755.2249
2025-08-28 15:00:00,113120.7,113159.1,112955.0,112997.5,413.4469
2025-08-28 15:15:00,112997.5,113228.0,112384.6,112522.6,1470.282
2025-08-28 15:30:00,112522.6,112777.0,112499.0,112538.6,576.3977
2025-08-28 15:45:00,112538.6,112647.4,112356.5,112642.4,697.5183
2025-08-28 16:00:00,112642.4,112918.6,112596.2,112880.2,627.1335
2025-08-28 16:15:00,112880.2,113172.9,112800.9,112964.9,779.7966
2025-08-28 16:30:00,112964.9,113003.0,112742.0,112838.0,310.1964
2025-08-28 16:45:00,112838.4,112853.9,112284.0,112284.0,850.0838
2025-08-28 17:00:00,112284.0,112390.0,112180.0,112230.0,863.5312
2025-08-28 17:15:00,112230.0,112528.8,112200.0,112482.2,534.7296
2025-08-28 17:30:00,112482.1,112594.9,112352.9,112581.6,342.8878
2025-08-28 17:45:00,112581.6,112586.9,112310.9,112348.6,272.3376
2025-08-28 18:00:00,112348.5,112367.9,112200.0,112245.0,247.9708
2025-08-28 18:15:00,112245.1,112623.0,112245.0,112610.0,271.1327
2025-08-28 18:30:00,112610.0,112685.3,112500.0,112500.0,456.756
2025-08-28 18:45:00,112500.1,112534.6,112264.6,112343.1,342.6831
2025-08-28 19:00:00,112343.0,112548.2,112273.7,112387.1,247.1606
2025-08-28 19:15:00,112388.5,112388.5,112129.8,112327.6,424.5064
2025-08-28 19:30:00,112328.1,112373.7,111964.8,112008.0,639.9224
2025-08-28 19:45:00,112008.0,112159.0,111861.0,111866.3,559.7112
2025-08-28 20:00:00,111867.4,111970.6,111833.3,111960.0,336.5235
2025-08-28 20:15:00,111960.1,112091.4,111932.2,111972.0,335.3728
2025-08-28 20:30:00,111972.1,112025.2,111855.8,111976.5,257.0293
2025-08-28 20:45:00,111976.5,112011.6,111850.9,111851.0,245.3054
2025-08-28 21:00:00,111851.0,112091.5,111846.2,112084.0,192.29
2025-08-28 21:15:00,112084.1,112098.7,111879.6,111928.1,197.7172
2025-08-28 21:30:00,111928.1,111938.0,111862.8,111866.7,153.2813
2025-08-28 21:45:00,111866.7,112043.9,111866.6,111973.2,96.2309
2025-08-28 22:00:00,111973.2,112247.9,111973.2,112233.5,321.326
2025-08-28 22:15:00,112233.6,112369.1,112198.9,112355.6,256.9371
2025-08-28 22:30:00,112355.5,112461.2,112286.8,112339.8,278.7035
2025-08-28 22:45:00,112339.7,112425.2,112300.0,112310.0,154.0579
2025-08-28 23:00:00,112310.0,112440.0,112254.5,112329.9,165.931
2025-08-28 23:15:00,112329.9,112439.8,112279.1,112345.0,151.8059
2025-08-28 23:30:00,112345.0,112469.8,112287.7,112432.8,143.7905
2025-08-28 23:45:00,112432.8,112544.1,112396.4,112520.0,236.6552
2025-08-29 00:00:00,112520.1,112520.1,112320.6,112385.9,253.569
2025-08-29 00:15:00,112385.9,112617.6,112288.1,112550.5,299.9283
2025-08-29 00:30:00,112550.5,112565.6,112180.0,112195.3,287.5057
2025-08-29 00:45:00,112195.3,112248.4,112091.5,112174.5,248.3375
2025-08-29 01:00:00,112174.5,112232.1,111845.3,111870.1,496.8399
2025-08-29 01:15:00,111870.2,111872.0,111333.0,111510.8,1419.9956
2025-08-29 01:30:00,111510.8,111666.7,111422.1,111600.0,403.4754
2025-08-29 01:45:00,111599.9,111687.5,111400.0,111438.3,388.4114
2025-08-29 02:00:00,111438.3,111659.7,111368.0,111614.9,364.1167
2025-08-29 02:15:00,111614.9,111736.0,111418.0,111499.0,412.7193
2025-08-29 02:30:00,111499.1,111547.1,111350.0,111355.7,622.6531
2025-08-29 02:45:00,111355.7,111475.3,111305.2,111366.1,287.9605
2025-08-29 03:00:00,111366.1,111571.8,111251.6,111462.0,525.3259
2025-08-29 03:15:00,111462.1,111600.0,111448.6,111558.0,238.9572
2025-08-29 03:30:00,111558.1,111756.6,111517.0,111686.0,400.4741
2025-08-29 03:45:00,111686.1,111777.9,111651.5,111651.5,258.8768
2025-08-29 04:00:00,111651.6,111800.0,111560.7,111623.0,385.4979
2025-08-29 04:15:00,111623.0,111686.3,111562.1,111614.7,193.504
2025-08-29 04:30:00,111614.6,111614.7,111466.0,111520.1,231.2538
2025-08-29 04:45:00,111520.2,111575.9,111371.0,111458.5,201.7968
2025-08-29 05:00:00,111458.5,111539.0,111333.9,111390.0,412.3609
2025-08-29 05:15:00,111390.1,111393.6,111200.0,111258.5,487.9381
2025-08-29 05:30:00,111258.4,111258.5,111111.0,111142.0,550.9376
2025-08-29 05:45:00,111142.0,111278.1,111085.7,111272.3,616.3959
2025-08-29 06:00:00,111272.2,111377.7,111057.5,111103.9,745.7925
2025-08-29 06:15:00,111103.9,111130.5,110950.6,110961.4,576.1916
2025-08-29 06:30:00,110961.4,111246.1,110918.4,111226.0,1015.1859
2025-08-29 06:45:00,111226.0,111239.4,111087.9,111231.1,746.0811
2025-08-29 07:00:00,111231.2,111232.7,110500.0,110500.0,2301.963
2025-08-29 07:15:00,110500.0,110612.5,110067.2,110091.2,2150.8416
2025-08-29 07:30:00,110091.2,110292.0,110021.0,110022.3,1173.7797
2025-08-29 07:45:00,110022.4,110144.7,109850.0,109975.7,1590.4173
2025-08-29 08:00:00,109975.7,110231.2,109907.1,110002.8,1052.0045
2025-08-29 08:15:00,110002.2,110149.6,109888.1,109970.3,663.3274
2025-08-29 08:30:00,109970.0,110123.0,109649.0,109832.3,1761.605
2025-08-29 08:45:00,109832.3,109877.8,109555.0,109565.3,945.9933
2025-08-29 09:00:00,109565.4,109650.0,109339.4,109511.0,1046.9418
2025-08-29 09:15:00,109510.8,109767.9,109504.2,109687.9,613.8955
2025-08-29 09:30:00,109688.0,109765.8,109590.9,109765.7,380.2318
2025-08-29 09:45:00,109765.7,109865.3,109708.4,109708.4,592.8903
2025-08-29 10:00:00,109708.4,109923.1,109690.0,109794.6,473.4584
2025-08-29 10:15:00,109794.5,109960.0,109725.1,109881.1,442.9238
2025-08-29 10:30:00,109881.1,109960.0,109800.0,109944.8,266.1078
2025-08-29 10:45:00,109944.9,109970.0,109782.4,109943.9,330.752
2025-08-29 11:00:00,109943.9,110093.6,109843.7,110058.0,560.5317
2025-08-29 11:15:00,110057.9,110058.1,109950.0,109996.2,320.187
2025-08-29 11:30:00,109996.3,110005.0,109775.0,109839.0,373.5874
2025-08-29 11:45:00,109839.1,110036.9,109839.1,110036.9,190.0597
2025-08-29 12:00:00,110036.9,110219.1,110003.3,110212.8,765.7186
2025-08-29 12:15:00,110212.8,110305.3,110098.4,110279.3,520.2092
2025-08-29 12:30:00,110279.3,111475.7,110279.2,110494.5,5708.1824
2025-08-29 12:45:00,110494.5,110753.8,110454.9,110652.7,776.7436
2025-08-29 13:00:00,110652.7,110725.5,110427.1,110623.9,418.4462
2025-08-29 13:15:00,110623.9,110650.0,110366.0,110453.5,334.158
2025-08-29 13:30:00,110453.5,110518.1,109503.7,109670.3,2495.7313
2025-08-29 13:45:00,109670.3,109679.9,108831.8,109068.1,2974.6806
2025-08-29 14:00:00,109068.1,109487.9,108426.3,108718.5,3733.2499
2025-08-29 14:15:00,108718.4,108917.6,108260.4,108600.0,2231.9157
2025-08-29 14:30:00,108599.9,108821.6,108358.1,108518.1,1310.9095
2025-08-29 14:45:00,108518.0,108674.5,108055.0,108163.0,1822.0999
2025-08-29 15:00:00,108164.9,108438.6,108140.1,108189.2,1400.6863
2025-08-29 15:15:00,108189.2,108666.6,108189.2,108317.5,1201.524
2025-08-29 15:30:00,108317.5,108548.0,108168.0,108423.7,814.3099
2025-08-29 15:45:00,108423.6,108525.0,108230.6,108333.7,670.8129
2025-08-29 16:00:00,108333.8,108649.0,108092.0,108592.3,891.4211
2025-08-29 16:15:00,108592.3,108725.9,108441.9,108459.8,683.0572
2025-08-29 16:30:00,108459.7,108788.3,108459.7,108707.6,665.9463
2025-08-29 16:45:00,108707.7,108785.0,108513.0,108658.1,366.1386
2025-08-29 17:00:00,108658.0,108689.9,108161.9,108187.9,603.0664
2025-08-29 17:15:00,108188.0,108503.6,108111.0,108356.3,521.1222
2025-08-29 17:30:00,108356.3,108558.2,108283.5,108405.2,343.5934
2025-08-29 17:45:00,108405.1,108547.6,108376.5,108414.4,369.0708
2025-08-29 18:00:00,108414.4,108461.2,108255.0,108303.9,317.1279
2025-08-29 18:15:00,108304.0,108361.8,108016.5,108075.6,550.0786
2025-08-29 18:30:00,108075.6,108203.2,108050.2,108095.0,250.2412
2025-08-29 18:45:00,108095.0,108189.8,108062.6,108096.1,183.5452
2025-08-29 19:00:00,108096.1,108429.3,107859.8,108318.1,1188.7533
2025-08-29 19:15:00,108318.0,108708.8,108304.7,108600.0,540.1966
2025-08-29 19:30:00,108599.9,108686.8,108327.6,108478.3,352.6631
2025-08-29 19:45:00,108478.2,108586.7,108110.0,108164.0,566.156
2025-08-29 20:00:00,108164.0,108218.8,107660.0,107855.8,1519.4752
2025-08-29 20:15:00,107855.9,107993.3,107712.5,107927.4,469.5266
2025-08-29 20:30:00,107928.4,107933.0,107600.3,107609.2,425.8507
2025-08-29 20:45:00,107609.1,107835.7,107456.0,107740.9,967.4903
2025-08-29 21:00:00,107740.9,107839.0,107405.7,107839.0,566.2367
2025-08-29 21:15:00,107839.0,107917.4,107688.0,107916.0,281.7675
2025-08-29 21:30:00,107916.0,108377.0,107916.0,108360.4,698.1138
2025-08-29 21:45:00,108360.3,108430.7,108189.8,108400.0,435.0921
2025-08-29 22:00:00,108400.1,108438.2,108229.9,108236.0,289.0148
2025-08-29 22:15:00,108236.1,108389.0,108226.0,108293.9,254.6463
2025-08-29 22:30:00,108293.9,108366.0,108159.9,108192.9,198.3201
2025-08-29 22:45:00,108192.8,108343.7,108160.0,108343.7,133.4425
2025-08-29 23:00:00,108343.7,108471.8,108295.6,108374.2,513.0038
2025-08-29 23:15:00,108374.2,108476.2,108354.1,108404.9,235.3229
2025-08-29 23:30:00,108404.9,108509.6,108400.2,108496.9,443.4657
2025-08-29 23:45:00,108496.9,108496.9,108279.6,108335.7,247.3348
2025-08-30 00:00:00,108335.8,108357.2,108205.5,108205.5,368.7532
2025-08-30 00:15:00,108205.5,108390.6,108178.0,108272.5,716.0317
2025-08-30 00:30:00,108272.4,108287.9,108113.6,108125.0,345.9491
2025-08-30 00:45:00,108124.9,108286.3,108124.9,108260.9,222.5949
2025-08-30 01:00:00,108261.0,108328.5,108215.5,108268.5,179.7727
2025-08-30 01:15:00,108267.6,108267.7,107984.7,108004.0,290.6227
2025-08-30 01:30:00,108004.1,108093.2,107986.0,108004.1,216.7852
2025-08-30 01:45:00,108004.1,108004.2,107276.5,107407.5,1663.3052
2025-08-30 02:00:00,107407.5,107761.9,107335.9,107746.2,883.6728
2025-08-30 02:15:00,107746.2,107835.0,107572.6,107793.8,449.4945
2025-08-30 02:30:00,107793.7,107915.2,107787.1,107900.0,316.1305
2025-08-30 02:45:00,107900.0,107917.8,107751.3,107751.3,256.4963
2025-08-30 03:00:00,107751.4,108027.7,107750.0,107998.1,353.6872
2025-08-30 03:15:00,107998.0,108266.1,107947.5,108194.1,749.3662
2025-08-30 03:30:00,108194.2,108382.0,108194.1,108294.1,538.9733
2025-08-30 03:45:00,108294.0,108386.4,108281.1,108386.3,328.3959
2025-08-30 04:00:00,108386.4,108450.0,108320.9,108416.1,353.0536
2025-08-30 04:15:00,108416.0,108628.9,108412.1,108598.6,442.9243
2025-08-30 04:30:00,108598.6,108598.6,108426.1,108444.9,358.8268
2025-08-30 04:45:00,108444.9,108491.4,108368.0,108381.8,240.8405
2025-08-30 05:00:00,108381.8,108427.9,108222.2,108222.3,442.4885
2025-08-30 05:15:00,108222.2,108288.0,108189.8,108190.1,273.8013
2025-08-30 05:30:00,108190.0,108405.1,108085.2,108344.0,498.5542
2025-08-30 05:45:00,108344.0,108400.0,108243.8,108312.1,249.5673
2025-08-30 06:00:00,108312.1,108520.0,108275.5,108295.7,361.9487
2025-08-30 06:15:00,108295.6,108376.7,108228.3,108242.6,171.6326
2025-08-30 06:30:00,108242.6,108295.7,108213.2,108248.1,152.8943
2025-08-30 06:45:00,108249.3,108288.0,108174.3,108288.0,294.2743
2025-08-30 07:00:00,108288.0,108350.1,108091.0,108237.4,448.1052
2025-08-30 07:15:00,108237.4,108242.5,108180.0,108242.1,152.0699
2025-08-30 07:30:00,108242.0,108460.0,108242.0,108460.0,299.4322
2025-08-30 07:45:00,108460.0,108469.0,108424.7,108466.1,247.1662
2025-08-30 08:00:00,108466.1,108644.7,108440.0,108600.0,545.9754
2025-08-30 08:15:00,108600.0,108739.1,108568.8,108690.1,473.0233
2025-08-30 08:30:00,108690.1,108690.1,108536.7,108570.6,269.0196
2025-08-30 08:45:00,108570.6,108574.6,108483.6,108528.2,239.5885
2025-08-30 09:00:00,108528.3,108565.9,108457.0,108457.0,193.4403
2025-08-30 09:15:00,108457.0,108548.2,108452.2,108486.6,172.3982
2025-08-30 09:30:00,108486.5,108494.7,108426.5,108440.1,220.5428
2025-08-30 09:45:00,108440.1,108563.4,108426.1,108477.0,131.4027
2025-08-30 10:00:00,108477.0,108601.8,108452.0,108546.8,363.3666
2025-08-30 10:15:00,108546.8,108650.3,108546.7,108650.2,157.6307
2025-08-30 10:30:00,108650.2,108650.3,108447.5,108448.1,204.4169
2025-08-30 10:45:00,108448.0,108448.0,108311.3,108381.8,448.2001
2025-08-30 11:00:00,108381.8,108498.0,108380.0,108490.0,128.7566
2025-08-30 11:15:00,108490.0,108496.6,108423.2,108496.6,59.1388
2025-08-30 11:30:00,108496.6,108545.0,108457.7,108544.9,146.7451
2025-08-30 11:45:00,108545.0,108674.0,108544.9,108639.4,264.7753
2025-08-30 12:00:00,108639.3,108639.4,108420.7,108526.3,283.2473
2025-08-30 12:15:00,108526.3,108526.4,108422.0,108454.2,159.9124
2025-08-30 12:30:00,108454.2,108471.8,108290.0,108400.0,628.6703
2025-08-30 12:45:00,108400.0,108569.1,108399.9,108569.1,471.633
2025-08-30 13:00:00,108569.1,108569.1,108145.1,108228.6,843.0868
2025-08-30 13:15:00,108228.6,108378.0,108167.7,108378.0,318.396
2025-08-30 13:30:00,108378.0,108471.1,108358.9,108359.0,196.4701
2025-08-30 13:45:00,108358.9,108493.6,108300.0,108489.5,264.1581
2025-09-06 20:45:00,110083.1,110125.4,110059.1,110125.3,108.2228
2025-09-06 21:00:00,110125.3,110144.6,110094.0,110144.6,118.9302
2025-09-06 21:15:00,110144.5,110161.8,110113.9,110113.9,152.8572
2025-09-06 21:30:00,110113.9,110118.0,110042.8,110117.9,117.04
2025-09-06 21:45:00,110117.9,110167.1,110117.9,110160.2,109.6235
2025-09-06 22:00:00,110160.3,110199.0,110117.9,110159.3,111.2724
2025-09-06 22:15:00,110159.3,110176.9,110117.3,110126.0,59.4642
2025-09-06 22:30:00,110126.0,110130.0,110004.6,110080.0,194.658
2025-09-06 22:45:00,110080.1,110138.1,110050.0,110127.8,96.6565
2025-09-06 23:00:00,110127.8,110148.1,110072.3,110134.8,92.6576
2025-09-06 23:15:00,110134.8,110238.0,110110.8,110213.1,213.4643
2025-09-06 23:30:00,110213.1,110213.6,110177.6,110177.6,108.5126
2025-09-06 23:45:00,110177.6,110177.7,110126.0,110139.3,91.2844
2025-09-07 00:00:00,110139.4,110207.8,110126.0,110207.7,124.1254
2025-09-07 00:15:00,110207.7,110207.9,110190.0,110190.0,124.3682
2025-09-07 00:30:00,110190.1,110249.4,110155.7,110249.4,128.3109
2025-09-07 00:45:00,110249.3,110336.5,110228.7,110303.8,480.4996
2025-09-07 01:00:00,110303.8,110438.1,110277.0,110352.1,380.9252
2025-09-07 01:15:00,110352.1,110489.6,110296.5,110444.5,442.5469
2025-09-07 01:30:00,110444.4,110459.0,110412.5,110448.8,165.5335
2025-09-07 01:45:00,110448.8,110556.0,110448.8,110499.9,305.1859
2025-09-07 02:00:00,110499.9,110500.0,110420.1,110480.2,155.0401
2025-09-07 02:15:00,110480.2,110480.3,110393.7,110473.1,129.6487
2025-09-07 02:30:00,110473.1,110500.0,110452.0,110452.1,68.9184
2025-09-07 02:45:00,110452.0,110657.2,110452.0,110613.7,382.1288
2025-09-07 03:00:00,110613.8,110645.0,110542.6,110542.6,164.7426
2025-09-07 03:15:00,110542.6,110688.0,110542.6,110657.8,316.4796
2025-09-07 03:30:00,110657.8,110688.0,110571.8,110585.1,227.7582
2025-09-07 03:45:00,110585.0,110619.3,110557.4,110598.3,355.6205
2025-09-07 04:00:00,110598.2,110610.8,110465.2,110490.0,785.3029
2025-09-07 04:15:00,110490.1,110542.6,110490.0,110510.1,134.2127
2025-09-07 04:30:00,110510.1,110510.1,110449.5,110460.8,119.8398
2025-09-07 04:45:00,110460.8,110528.9,110460.8,110528.7,251.3655
2025-09-07 05:00:00,110528.7,110648.1,110524.5,110601.2,244.335
2025-09-07 05:15:00,110601.2,110650.0,110573.6,110649.9,105.5421
2025-09-07 05:30:00,110649.9,110653.6,110603.9,110612.9,122.3223
2025-09-07 05:45:00,110613.0,110613.0,110579.5,110611.0,132.9196
2025-09-07 06:00:00,110610.9,110619.2,110535.6,110544.0,175.6075
2025-09-07 06:15:00,110544.0,110555.0,110520.9,110530.0,120.2193
2025-09-07 06:30:00,110530.0,110554.9,110466.0,110489.9,130.0785
2025-09-07 06:45:00,110489.9,110511.9,110422.2,110471.5,238.7819
2025-09-07 07:00:00,110471.5,110503.9,110422.9,110476.2,213.2618
2025-09-07 07:15:00,110476.2,110664.7,110421.2,110614.9,290.708
2025-09-07 07:30:00,110615.0,110776.3,110615.0,110755.8,655.6944
2025-09-07 07:45:00,110755.8,110873.9,110628.6,110710.1,819.7676
2025-09-07 08:00:00,110710.1,110813.3,110666.1,110794.7,291.4979
2025-09-07 08:15:00,110794.7,111250.0,110782.5,111181.6,2058.6447
2025-09-07 08:30:00,111181.7,111321.0,111075.9,111131.0,771.9491
2025-09-07 08:45:00,111131.1,111131.1,110985.8,111006.4,350.9739
2025-09-07 09:00:00,111006.5,111162.5,110960.0,111138.2,346.8231
2025-09-07 09:15:00,111138.2,111206.4,111101.2,111118.1,515.3454
2025-09-07 09:30:00,111118.1,111120.5,110872.6,110932.3,530.5748
2025-09-07 09:45:00,110932.3,111106.2,110819.0,111066.2,496.7541
2025-09-07 10:00:00,111066.2,111152.0,111021.4,111129.6,228.3179
2025-09-07 10:15:00,111129.5,111144.0,110976.3,110983.8,232.5288
2025-09-07 10:30:00,110983.8,111111.0,110983.7,111109.4,106.5776
2025-09-07 10:45:00,111109.4,111206.3,111054.4,111162.6,320.2312
2025-09-07 11:00:00,111162.5,111246.0,111130.4,111194.6,458.2196
2025-09-07 11:15:00,111194.6,111231.3,111170.4,111195.5,165.8047
2025-09-07 11:30:00,111195.5,111224.5,111121.7,111223.9,217.9862
2025-09-07 11:45:00,111224.0,111240.0,111154.5,111240.0,137.6397
2025-09-07 12:00:00,111240.5,111240.5,111044.9,111093.5,290.226
2025-09-07 12:15:00,111093.6,111093.6,111005.5,111070.1,265.0916
2025-09-07 12:30:00,111070.1,111176.5,111070.0,111110.1,176.7872
2025-09-07 12:45:00,111110.1,111110.1,111027.0,111068.0,237.7957
2025-09-07 13:00:00,111068.0,111071.7,111009.9,111021.9,188.6066
2025-09-07 13:15:00,111021.8,111068.8,111000.0,111068.8,201.9554
2025-09-07 13:30:00,111068.8,111191.2,111068.7,111145.0,174.1272
2025-09-07 13:45:00,111145.0,111188.0,111100.0,111177.1,147.5033
2025-09-07 14:00:00,111177.1,111368.0,111050.0,111110.9,945.7428
2025-09-07 14:15:00,111110.9,111166.4,111012.1,111102.1,359.7057
2025-09-07 14:30:00,111102.1,111229.9,111102.0,111213.7,232.0532
2025-09-07 14:45:00,111213.7,111213.7,111060.0,111102.3,241.5913
2025-09-07 15:00:00,111102.3,111188.2,111070.3,111120.1,204.2035
2025-09-07 15:15:00,111120.1,111295.3,111120.0,111274.0,251.1377
2025-09-07 15:30:00,111274.0,111341.5,111260.0,111275.8,204.9897
2025-09-07 15:45:00,111275.8,111298.2,111200.0,111298.0,264.8557
2025-09-07 16:00:00,111298.0,111345.0,111184.7,111219.6,288.6098
2025-09-07 16:15:00,111219.7,111250.0,111160.0,111170.5,178.1904
2025-09-07 16:30:00,111170.5,111211.5,111102.9,111211.5,215.1898
2025-09-07 16:45:00,111211.4,111237.4,111163.0,111163.1,98.9334
2025-09-07 17:00:00,111163.1,111202.5,111031.3,111037.1,367.7139
2025-09-07 17:15:00,111037.0,111078.6,110880.5,110927.3,806.5928
2025-09-07 17:30:00,110927.3,111096.9,110851.0,111070.8,401.4103
2025-09-07 17:45:00,111070.8,111070.8,110925.0,110936.3,180.2427
2025-09-07 18:00:00,110936.3,111011.6,110914.9,110972.2,179.9303
2025-09-07 18:15:00,110972.2,111013.2,110914.5,110924.8,132.4184
2025-09-07 18:30:00,110924.8,110937.4,110831.2,110912.0,201.1935
2025-09-07 18:45:00,110912.4,111033.2,110885.5,111014.2,104.4226
2025-09-07 19:00:00,111014.2,111182.8,111013.9,111026.6,288.8474
2025-09-07 19:15:00,111026.7,111130.0,111007.3,111094.5,93.4686
2025-09-07 19:30:00,111094.5,111247.6,111086.5,111195.8,160.7438
2025-09-07 19:45:00,111195.8,111211.8,111125.9,111211.7,154.3974
2025-09-07 20:00:00,111211.8,111294.7,111104.1,111104.2,378.6703
2025-09-07 20:15:00,111104.1,111230.8,111104.1,111155.7,192.9735
2025-09-07 20:30:00,111155.7,111155.8,111088.8,111132.2,63.4178
2025-09-07 20:45:00,111132.1,111322.7,111127.7,111267.0,260.3448
2025-09-07 21:00:00,111267.0,111274.8,111170.3,111189.5,132.9636
2025-09-07 21:15:00,111189.4,111189.5,111108.5,111116.6,139.7217
2025-09-07 21:30:00,111116.6,111143.4,111067.9,111069.4,145.5802
2025-09-07 21:45:00,111069.4,111076.2,110991.7,110991.7,96.7786
2025-09-07 22:00:00,110991.7,111144.8,110953.7,111143.8,234.1047
2025-09-07 22:15:00,111143.7,111281.7,111082.0,111270.1,153.2373
2025-09-07 22:30:00,111270.1,111307.2,111025.7,111169.2,215.7353
2025-09-07 22:45:00,111169.3,111232.6,111120.5,111194.5,165.8072
2025-09-07 23:00:00,111194.6,111276.7,111194.5,111221.9,209.9941
2025-09-07 23:15:00,111221.9,111563.0,111200.0,111421.8,722.9441
2025-09-07 23:30:00,111421.9,111455.0,111300.3,111355.0,293.5958
2025-09-07 23:45:00,111355.0,111370.0,111010.1,111079.0,543.3809
2025-09-08 00:00:00,111078.7,111129.5,110969.2,111062.0,474.1235
2025-09-08 00:15:00,111062.0,111193.6,110921.1,111187.1,277.5395
2025-09-08 00:30:00,111187.0,111234.0,110970.4,111130.7,575.499
2025-09-08 00:45:00,111130.6,111130.7,110672.0,110781.2,1058.4959
2025-09-08 01:00:00,110781.1,110882.0,110670.0,110825.5,510.612
2025-09-08 01:15:00,110825.5,110885.7,110724.0,110754.0,300.4573
2025-09-08 01:30:00,110754.1,110957.0,110732.8,110807.6,545.6277
2025-09-08 01:45:00,110807.6,110905.0,110777.8,110842.8,442.1807
2025-09-08 02:00:00,110842.8,110882.0,110716.0,110849.7,324.5919
2025-09-08 02:15:00,110849.7,110877.7,110555.5,110805.3,555.9846
2025-09-08 02:30:00,110805.3,111333.2,110777.6,111132.8,958.0693
2025-09-08 02:45:00,111132.7,111192.6,111040.5,111192.6,253.4266
2025-09-08 03:00:00,111192.6,111300.0,111100.0,111184.0,362.5023
2025-09-08 03:15:00,111184.0,111199.0,110973.1,111083.0,387.5673
2025-09-08 03:30:00,111083.1,111283.3,111063.9,111093.5,595.1071
2025-09-08 03:45:00,111093.6,111093.6,110960.0,110988.0,329.8825
2025-09-08 04:00:00,110988.0,111057.9,110889.3,111010.8,627.3737
2025-09-08 04:15:00,111010.8,111084.3,110981.7,111080.3,148.0483
2025-09-08 04:30:00,111080.3,111166.7,110908.2,110943.8,515.3599
2025-09-08 04:45:00,110943.7,110968.8,110875.2,110932.9,233.6737
2025-09-08 05:00:00,110932.8,110958.7,110881.0,110905.1,148.9902
2025-09-08 05:15:00,110905.1,111022.7,110877.8,110903.4,162.7876
2025-09-08 05:30:00,110903.4,110906.1,110846.9,110853.4,129.5886
2025-09-08 05:45:00,110853.4,110991.7,110853.3,110972.8,124.6317
2025-09-08 06:00:00,110972.8,111015.0,110851.3,110888.5,255.1817
2025-09-08 06:15:00,110888.5,111147.1,110888.5,111106.3,259.3863
2025-09-08 06:30:00,111106.2,111134.2,111050.0,111110.0,238.298
2025-09-08 06:45:00,111110.1,111110.1,111055.9,111065.5,111.5819
2025-09-08 07:00:00,111065.5,111219.5,111065.4,111185.6,443.7326
2025-09-08 07:15:00,111185.7,111524.4,111149.9,111439.9,1109.8988
2025-09-08 07:30:00,111439.9,111560.1,111176.5,111366.0,785.3001
2025-09-08 07:45:00,111366.0,111372.5,111188.5,111224.7,261.5756
2025-09-08 08:00:00,111224.7,111344.3,111193.7,111216.1,259.1541
2025-09-08 08:15:00,111216.1,111599.8,111202.4,111551.9,571.4273
2025-09-08 08:30:00,111551.9,111788.0,111478.6,111765.1,1278.5853
2025-09-08 08:45:00,111765.0,111858.6,111555.0,111646.2,991.0021
2025-09-08 09:00:00,111646.3,111986.8,111554.1,111936.7,1554.6049
2025-09-08 09:15:00,111936.7,112059.6,111766.6,111814.9,1040.0764
2025-09-08 09:30:00,111815.0,111887.9,111725.2,111847.3,398.5041
2025-09-08 09:45:00,111847.3,112087.3,111847.3,112054.9,634.4327
2025-09-08 10:00:00,112054.9,112088.0,111909.2,111914.1,536.0362
2025-09-08 10:15:00,111914.2,112120.5,111876.0,112119.5,541.6706
2025-09-08 10:30:00,112119.4,112137.1,112029.3,112101.8,410.2584
2025-09-08 10:45:00,112101.8,112222.0,111942.2,112012.7,913.1506
2025-09-08 11:00:00,112012.7,112020.4,111808.2,111849.4,514.4921
2025-09-08 11:15:00,111849.4,111937.0,111782.9,111801.5,408.144
2025-09-08 11:30:00,111801.4,111896.4,111736.9,111896.4,506.9509
2025-09-08 11:45:00,111896.3,112098.0,111878.1,112033.8,271.896
2025-09-08 12:00:00,112033.8,112058.5,111906.1,112001.2,308.4835
2025-09-08 12:15:00,112001.1,112005.0,111900.0,111911.5,207.4948
2025-09-08 12:30:00,111911.5,112157.8,111908.4,112050.0,330.2684
2025-09-08 12:45:00,112049.9,112095.9,111991.4,112006.5,157.4935
2025-09-08 13:00:00,112006.6,112327.4,112006.6,112300.0,953.1667
2025-09-08 13:15:00,112299.9,112306.0,112104.0,112175.7,1037.8515
2025-09-08 13:30:00,112175.7,112347.5,111927.8,112184.3,1439.6636
2025-09-08 13:45:00,112184.3,112286.5,111850.8,111889.8,1512.0827
2025-09-08 14:00:00,111889.7,112250.0,111850.9,112106.0,1004.5146
2025-09-08 14:15:00,112106.0,112270.0,111890.7,112210.1,880.1636
2025-09-08 14:30:00,112210.1,112753.6,112204.2,112560.5,2892.7997
2025-09-08 14:45:00,112560.6,112614.4,112419.7,112614.3,642.4553
2025-09-08 15:00:00,112614.4,112678.0,112554.3,112672.0,517.6838
2025-09-08 15:15:00,112672.0,112888.0,112600.0,112800.1,999.9061
2025-09-08 15:30:00,112800.0,112802.1,112556.1,112614.2,618.2218
2025-09-08 15:45:00,112614.2,112648.3,112468.3,112600.0,683.5617
2025-09-08 16:00:00,112599.9,112617.6,112388.0,112393.4,609.2138
2025-09-08 16:15:00,112393.4,112635.2,112273.0,112604.4,927.1619
2025-09-08 16:30:00,112604.3,112613.8,112276.4,112457.5,615.7002
2025-09-08 16:45:00,112457.6,112457.6,112273.2,112369.3,215.2401
2025-09-08 17:00:00,112369.4,112373.9,112218.0,112311.2,471.1271
2025-09-08 17:15:00,112311.3,112510.9,112311.3,112499.2,221.8123
2025-09-08 17:30:00,112499.2,112519.0,112232.0,112233.0,274.8685
2025-09-08 17:45:00,112233.0,112309.9,112050.0,112193.5,704.3272
2025-09-08 18:00:00,112193.5,112300.0,112162.2,112262.8,273.1477
2025-09-08 18:15:00,112264.1,112421.1,112264.1,112352.2,258.2585
2025-09-08 18:30:00,112352.2,112385.0,112223.4,112296.7,210.695
2025-09-08 18:45:00,112296.7,112488.0,112292.9,112444.0,217.6427
2025-09-08 19:00:00,112444.1,112444.1,112134.7,112192.5,268.4913
2025-09-08 19:15:00,112192.6,112215.3,112113.8,112162.0,262.2208
2025-09-08 19:30:00,112162.1,112212.3,112055.0,112080.0,255.4953
2025-09-08 19:45:00,112080.0,112115.6,111949.0,112072.4,401.7735
2025-09-08 20:00:00,112072.5,112119.1,112019.3,112045.2,186.2977
2025-09-08 20:15:00,112045.2,112045.3,111949.0,112007.7,248.449
2025-09-08 20:30:00,112007.7,112007.8,111872.9,111875.1,477.1279
2025-09-08 20:45:00,111875.1,112008.0,111867.3,111935.2,278.1512
2025-09-08 21:00:00,111935.4,112109.4,111891.6,112109.4,287.7164
2025-09-08 21:15:00,112109.4,112120.6,112015.0,112066.6,203.1511
2025-09-08 21:30:00,112066.7,112310.9,112066.6,112210.1,237.4229
2025-09-08 21:45:00,112210.1,112302.4,112204.1,112302.3,155.3693
2025-09-08 22:00:00,112302.4,112476.0,112295.8,112400.0,304.7569
2025-09-08 22:15:00,112400.1,112423.5,112273.9,112281.4,175.9513
2025-09-08 22:30:00,112281.5,112350.0,112248.0,112337.1,183.9634
2025-09-08 22:45:00,112337.1,112337.2,112163.6,112196.2,184.0148
2025-09-08 23:00:00,112196.3,112265.2,112156.3,112156.3,117.7028
2025-09-08 23:15:00,112156.3,112241.6,112078.6,112084.5,163.0255
2025-09-08 23:30:00,112084.5,112091.5,111995.6,111995.7,209.496
2025-09-08 23:45:00,111995.6,112076.7,111935.5,112023.1,272.4327
2025-09-09 00:00:00,112023.2,112068.0,111935.5,111999.8,375.8686
2025-09-09 00:15:00,111999.8,112065.8,111592.0,111626.8,1125.5657
2025-09-09 00:30:00,111626.8,111669.3,111531.8,111585.5,645.6705
2025-09-09 00:45:00,111585.5,111790.4,111430.0,111614.8,748.9447
2025-09-09 01:00:00,111614.9,111726.8,111530.0,111539.0,309.3291
2025-09-09 01:15:00,111539.1,111539.1,111247.6,111349.4,982.6309
2025-09-09 01:30:00,111349.4,111465.9,111271.5,111431.0,490.9291
2025-09-09 01:45:00,111431.0,111470.8,111325.0,111334.3,476.7422
2025-09-09 02:00:00,111334.2,111371.7,111165.0,111194.0,616.6616
2025-09-09 02:15:00,111194.1,111316.9,111088.0,111274.6,527.2922
2025-09-09 02:30:00,111274.7,111423.4,111201.8,111357.6,481.2197
2025-09-09 02:45:00,111357.7,111363.7,111178.0,111300.2,371.5603
2025-09-09 03:00:00,111300.2,111454.4,111200.0,111430.0,326.4397
2025-09-09 03:15:00,111430.0,111500.0,111376.3,111500.0,485.1405
2025-09-09 03:30:00,111500.0,111623.7,111446.3,111580.7,570.0173
2025-09-09 03:45:00,111580.7,111715.2,111529.6,111656.1,792.8063
2025-09-09 04:00:00,111656.1,111735.5,111582.8,111706.1,251.1188
2025-09-09 04:15:00,111706.1,112052.3,111706.1,111891.1,1672.8152
2025-09-09 04:30:00,111891.1,111970.5,111843.3,111863.6,543.79
2025-09-09 04:45:00,111863.6,112040.3,111703.0,111962.5,1462.3316
2025-09-09 05:00:00,111962.5,112007.2,111802.9,111835.9,499.8194
2025-09-09 05:15:00,111835.9,111904.0,111800.0,111903.9,465.2432
2025-09-09 05:30:00,111904.0,111984.0,111884.1,111925.2,427.5028
2025-09-09 05:45:00,111925.2,112193.1,111925.2,112134.1,651.0765
2025-09-09 06:00:00,112134.1,112721.6,112077.6,112629.0,2166.0553
2025-09-09 06:15:00,112629.1,112768.0,112432.6,112570.2,919.6528
2025-09-09 06:30:00,112570.1,112851.7,112570.1,112774.6,870.8482
2025-09-09 06:45:00,112774.6,113124.9,112756.8,112981.9,2011.0569
2025-09-09 07:00:00,112982.0,113128.1,112909.7,112954.5,1022.0433
2025-09-09 07:15:00,112954.4,113217.4,112954.4,113184.6,1199.6837
2025-09-09 07:30:00,113184.7,113243.7,112815.0,112863.6,962.1722
2025-09-09 07:45:00,112863.6,113029.4,112699.9,112963.0,1392.092
2025-09-09 08:00:00,112963.0,113083.7,112927.6,112984.2,437.3172
2025-09-09 08:15:00,112984.2,113050.0,112850.0,113041.4,472.4506
2025-09-09 08:30:00,113041.4,113138.6,112968.1,112993.3,506.7413
2025-09-09 08:45:00,112993.2,112993.3,112849.5,112964.8,354.1458
2025-09-09 09:00:00,112964.8,112980.0,112882.9,112905.4,177.9405
2025-09-09 09:15:00,112905.3,113026.5,112905.3,112974.0,285.35
2025-09-09 09:30:00,112974.1,112974.1,112880.3,112901.2,191.9786
2025-09-09 09:45:00,112901.2,112966.1,112870.0,112930.1,162.5106
2025-09-09 10:00:00,112930.0,113010.0,112912.1,112955.0,159.1639
2025-09-09 10:15:00,112955.0,112970.9,112604.9,112667.2,571.4258
2025-09-09 10:30:00,112667.2,112877.0,112614.9,112790.0,619.7348
2025-09-09 10:45:00,112790.1,112790.1,112614.4,112708.9,419.7249
2025-09-09 11:00:00,112708.8,112783.6,112676.6,112737.9,249.7121
2025-09-09 11:15:00,112737.9,112738.0,112620.0,112666.6,281.6261
2025-09-09 11:30:00,112666.7,112679.8,112518.2,112576.8,392.1172
2025-09-09 11:45:00,112576.9,112620.0,112373.6,112408.6,724.5518
2025-09-09 12:00:00,112408.6,112740.0,112369.3,112689.4,720.8648
2025-09-09 12:15:00,112689.5,112800.0,112636.2,112757.1,519.9002
2025-09-09 12:30:00,112757.1,112793.9,112542.6,112584.5,342.5426
2025-09-09 12:45:00,112584.6,112680.2,112536.0,112633.7,176.4375
2025-09-09 13:00:00,112633.8,112740.2,112442.0,112740.2,415.522
2025-09-09 13:15:00,112740.2,112824.9,112520.1,112774.9,499.9946
2025-09-09 13:30:00,112774.9,112911.6,112621.6,112835.9,989.5257
2025-09-09 13:45:00,112834.4,112900.0,112639.7,112717.6,722.6364
2025-09-09 14:00:00,112717.6,112915.1,111961.3,112413.4,4246.9401
2025-09-09 14:15:00,112413.5,112428.3,112150.0,112295.3,856.5379
2025-09-09 14:30:00,112295.4,112295.4,111510.2,111545.5,3256.7163
2025-09-09 14:45:00,111545.6,111882.2,111482.0,111732.5,1221.9234
2025-09-09 15:00:00,111731.4,111816.3,111253.5,111355.0,1840.7642
2025-09-09 15:15:00,111355.1,111519.9,111242.5,111270.0,1079.8796
2025-09-09 15:30:00,111270.0,111270.1,110768.0,110780.3,2661.375
2025-09-09 15:45:00,110780.3,111023.0,110724.1,110818.7,1517.785
2025-09-09 16:00:00,110818.8,111055.0,110755.4,111055.0,1165.4085
2025-09-09 16:15:00,111054.9,111100.0,110732.1,110897.2,989.2004
2025-09-09 16:30:00,110897.1,111016.7,110892.1,110931.2,359.526
2025-09-09 16:45:00,110931.2,110945.2,110866.0,110914.2,189.0928
2025-09-09 17:00:00,110914.2,111160.2,110891.8,110985.8,648.2466
2025-09-09 17:15:00,110985.8,111035.0,110833.0,110880.6,290.6856
2025-09-09 17:30:00,110880.5,111067.4,110859.9,111067.1,375.593
2025-09-09 17:45:00,111067.0,111115.4,110949.1,110988.1,625.9141
2025-09-09 18:00:00,110988.1,111066.2,110878.7,111066.1,408.6172
2025-09-09 18:15:00,111066.2,111266.0,111057.6,111137.4,538.8123
2025-09-09 18:30:00,111137.3,111137.4,111005.0,111038.4,310.5688
2025-09-09 18:45:00,111038.3,111165.2,111031.9,111099.2,192.1747
2025-09-09 19:00:00,111099.2,111232.6,111073.9,111202.0,201.1688
2025-09-09 19:15:00,111202.0,111237.3,111141.0,111212.0,229.916
2025-09-09 19:30:00,111212.0,111319.1,111211.9,111253.8,389.0164
2025-09-09 19:45:00,111253.8,111350.0,111253.7,111258.0,468.0373
2025-09-09 20:00:00,111258.1,111294.0,111150.0,111152.4,378.7513
2025-09-09 20:15:00,111152.4,111196.4,111040.0,111101.9,305.3999
2025-09-09 20:30:00,111101.9,111207.0,111050.0,111132.1,269.2622
2025-09-09 20:45:00,111132.1,111484.0,111122.0,111483.9,661.7552
2025-09-09 21:00:00,111484.0,111688.0,111362.9,111593.4,614.3622
2025-09-09 21:15:00,111593.3,111607.0,111296.0,111340.8,401.8123
2025-09-09 21:30:00,111340.8,111450.0,111304.6,111364.5,138.9036
2025-09-09 21:45:00,111364.5,111364.5,111207.4,111249.1,166.6859
2025-09-09 22:00:00,111249.2,111492.1,111208.1,111465.0,308.6101
2025-09-09 22:15:00,111465.0,111489.0,111352.7,111361.1,108.4369
2025-09-09 22:30:00,111361.0,111468.0,111307.3,111468.0,279.1055
2025-09-09 22:45:00,111468.0,111585.8,111408.2,111508.4,166.5368
2025-09-09 23:00:00,111508.4,111532.8,111361.0,111402.4,268.3549
2025-09-09 23:15:00,111402.3,111427.5,111303.8,111392.0,207.6095
2025-09-09 23:30:00,111392.0,111520.0,111314.5,111495.6,208.4751
2025-09-17 06:30:00,116992.5,117133.3,116917.8,117099.0,372.2397
2025-09-17 06:45:00,117099.4,117235.0,116966.3,117169.9,625.9319
2025-09-17 07:00:00,117169.9,117186.2,117058.8,117125.8,462.5343
2025-09-17 07:15:00,117125.8,117229.4,117111.0,117182.8,445.5782
2025-09-17 07:30:00,117182.7,117212.6,117117.0,117133.3,301.5113
2025-09-17 07:45:00,117133.3,117187.7,117101.1,117110.3,236.0834
2025-09-17 08:00:00,117110.3,117146.8,116927.5,116930.8,537.8275
2025-09-17 08:15:00,116930.9,116982.3,116852.5,116856.3,400.9272
2025-09-17 08:30:00,116856.3,116856.4,116638.0,116700.1,1024.8284
2025-09-17 08:45:00,116700.1,116847.3,116673.3,116808.3,451.9272
2025-09-17 09:00:00,116808.2,116808.3,116643.1,116671.0,383.354
2025-09-17 09:15:00,116671.0,116741.9,116577.8,116725.3,438.0078
2025-09-17 09:30:00,116725.3,116756.9,116658.0,116658.0,322.7887
2025-09-17 09:45:00,116658.0,116682.3,116520.0,116521.6,479.3853
2025-09-17 10:00:00,116521.6,116574.6,116437.9,116439.6,433.1355
2025-09-17 10:15:00,116439.7,116461.5,116350.0,116350.1,445.2257
2025-09-17 10:30:00,116350.0,116424.5,116333.0,116367.3,405.574
2025-09-17 10:45:00,116367.3,116367.4,116225.0,116328.5,435.0477
2025-09-17 11:00:00,116328.4,116346.4,116224.8,116303.1,618.4495
2025-09-17 11:15:00,116303.0,116317.0,116210.0,116279.6,451.4271
2025-09-17 11:30:00,116279.6,116280.0,116230.1,116258.6,337.4911
2025-09-17 11:45:00,116258.5,116345.0,116210.1,116219.4,590.6837
2025-09-17 12:00:00,116219.4,116326.6,116150.2,116306.6,687.9222
2025-09-17 12:15:00,116306.5,116349.5,116200.0,116325.8,531.8655
2025-09-17 12:30:00,116325.8,116498.3,116034.8,116160.0,1560.0691
2025-09-17 12:45:00,116159.9,116241.4,116052.0,116158.2,493.7873
2025-09-17 13:00:00,116158.1,116173.3,116020.2,116076.8,489.4654
2025-09-17 13:15:00,116076.9,116285.8,116058.0,116206.0,415.1766
2025-09-17 13:30:00,116205.9,116250.0,115900.0,115937.1,1114.3579
2025-09-17 13:45:00,115937.1,116173.0,115844.2,116059.6,912.5806
2025-09-17 14:00:00,116059.5,116190.9,115964.8,116118.5,458.936
2025-09-17 14:15:00,116118.5,116126.9,115550.0,115600.1,1855.8325
2025-09-17 14:30:00,115600.1,115701.8,115393.0,115534.1,1538.3996
2025-09-17 14:45:00,115534.1,115658.5,115423.6,115549.3,684.7437
2025-09-17 15:00:00,115549.4,115735.0,115480.0,115718.6,581.8673
2025-09-17 15:15:00,115718.6,115741.0,115581.4,115581.5,371.2695
2025-09-17 15:30:00,115581.6,115781.0,115581.6,115768.6,689.6269
2025-09-17 15:45:00,115768.6,115828.0,115680.0,115814.7,400.9541
2025-09-17 16:00:00,115814.8,115814.8,115520.0,115520.1,451.3562
2025-09-17 16:15:00,115520.1,115632.0,115470.1,115631.9,383.5568
2025-09-17 16:30:00,115632.0,115632.0,115375.1,115415.6,500.4898
2025-09-17 16:45:00,115415.6,115660.0,115333.3,115587.7,764.2677
2025-09-17 17:00:00,115587.8,115745.2,115583.5,115613.2,431.7466
2025-09-17 17:15:00,115613.1,115665.0,115502.9,115618.9,257.9924
2025-09-17 17:30:00,115619.0,116241.0,115592.4,115975.9,1277.6704
2025-09-17 17:45:00,115975.9,116118.4,115387.2,115433.8,1814.8599
2025-09-17 18:00:00,115431.3,116274.5,115360.8,115402.9,7428.3434
2025-09-17 18:15:00,115402.8,115942.4,114888.0,115909.9,4175.8842
2025-09-17 18:30:00,115910.0,115911.0,114825.3,114855.8,3047.6547
2025-09-17 18:45:00,114855.8,115392.5,114668.2,115182.2,3200.2869
2025-09-17 19:00:00,115182.1,115797.4,115025.0,115449.2,2811.2865
2025-09-17 19:15:00,115449.2,115944.6,115367.3,115691.0,1335.7468
2025-09-17 19:30:00,115691.0,115781.3,115520.1,115687.9,535.7579
2025-09-17 19:45:00,115687.9,115733.5,115520.0,115586.0,472.3353
2025-09-17 20:00:00,115585.2,116100.0,115556.1,116010.5,1481.6532
2025-09-17 20:15:00,116010.6,116010.6,115672.7,115775.0,779.3691
2025-09-17 20:30:00,115775.0,115856.0,115620.9,115662.0,282.2864
2025-09-17 20:45:00,115662.0,115731.8,115450.0,115574.9,444.9987
2025-09-17 21:00:00,115575.0,115745.2,115256.2,115745.0,677.2186
2025-09-17 21:15:00,115745.0,115874.5,115651.7,115746.4,290.9045
2025-09-17 21:30:00,115746.4,115919.5,115705.8,115910.0,281.7961
2025-09-17 21:45:00,115910.0,116100.0,115854.8,116001.9,352.5403
2025-09-17 22:00:00,116002.0,116233.0,115993.5,116206.1,701.8853
2025-09-17 22:15:00,116206.0,116297.9,116089.0,116167.5,513.2891
2025-09-17 22:30:00,116167.5,116330.0,116134.4,116286.0,463.9257
2025-09-17 22:45:00,116285.9,116797.3,116233.4,116523.4,1347.471
2025-09-17 23:00:00,116523.4,116950.2,116523.4,116770.2,1393.6004
2025-09-17 23:15:00,116770.3,116848.2,116471.9,116518.9,595.9698
2025-09-17 23:30:00,116518.9,116621.6,116297.9,116351.4,448.3742
2025-09-17 23:45:00,116351.5,116499.4,116351.4,116404.0,341.328
2025-09-18 00:00:00,116403.9,116433.6,116166.8,116244.1,453.9898
2025-09-18 00:15:00,116244.1,116330.0,116044.0,116133.4,452.7976
2025-09-18 00:30:00,116133.4,116423.1,116128.8,116337.0,471.9688
2025-09-18 00:45:00,116337.0,116403.9,116220.0,116306.0,416.8002
2025-09-18 01:00:00,116306.0,116580.5,116295.8,116555.0,394.5842
2025-09-18 01:15:00,116555.0,116624.5,116434.0,116507.0,401.2686
2025-09-18 01:30:00,116507.1,116821.6,116413.9,116774.4,503.7806
2025-09-18 01:45:00,116774.3,116823.3,116585.6,116599.9,457.1532
2025-09-18 02:00:00,116600.0,116642.1,116487.7,116602.6,485.1643
2025-09-18 02:15:00,116602.6,116666.7,116396.3,116450.0,316.17
2025-09-18 02:30:00,116449.9,116599.0,116449.9,116590.6,207.1263
2025-09-18 02:45:00,116590.6,116910.0,116590.5,116908.8,648.3581
2025-09-18 03:00:00,116908.8,117550.0,116855.7,117405.2,3738.3461
2025-09-18 03:15:00,117405.2,117773.1,117403.4,117724.4,1908.141
2025-09-18 03:30:00,117724.4,117856.0,117573.1,117645.2,1382.5836
2025-09-18 03:45:00,117645.1,117741.0,117519.4,117547.0,1110.1827
2025-09-18 04:00:00,117546.9,117733.6,117546.9,117621.7,567.3955
2025-09-18 04:15:00,117621.6,117716.8,117328.0,117339.9,873.1649
2025-09-18 04:30:00,117339.9,117425.7,117204.6,117387.1,702.4725
2025-09-18 04:45:00,117387.0,117576.4,117382.0,117576.4,422.6406
2025-09-18 05:00:00,117576.4,117576.4,117390.9,117423.8,351.8785
2025-09-18 05:15:00,117423.9,117478.0,117192.0,117219.0,408.8455
2025-09-18 05:30:00,117219.1,117285.7,117169.6,117193.9,389.0765
2025-09-18 05:45:00,117193.9,117287.8,117139.3,117242.5,465.2816
2025-09-18 06:00:00,117242.6,117298.3,116964.0,117040.0,771.5643
2025-09-18 06:15:00,117040.0,117130.0,116872.0,116921.9,842.9287
2025-09-18 06:30:00,116922.0,117032.0,116854.1,117024.2,457.6255
2025-09-18 06:45:00,117024.2,117092.0,116909.2,117054.0,395.4024
2025-09-18 07:00:00,117054.1,117211.8,117011.2,117121.5,515.4449
2025-09-18 07:15:00,117121.6,117168.5,117029.9,117054.1,235.7523
2025-09-18 07:30:00,117054.0,117158.4,117054.0,117158.3,225.5203
2025-09-18 07:45:00,117158.4,117158.4,117017.7,117043.8,476.2095
2025-09-18 08:00:00,117043.9,117220.2,116970.9,117200.0,475.0257
2025-09-18 08:15:00,117200.1,117382.2,117157.0,117291.1,518.8966
2025-09-18 08:30:00,117291.1,117325.0,117150.0,117161.5,345.6095
2025-09-18 08:45:00,117161.4,117238.1,117042.8,117212.3,219.0897
2025-09-18 09:00:00,117212.2,117291.1,117101.9,117216.3,193.4693
2025-09-18 09:15:00,117216.3,117328.0,117216.3,117225.5,220.6674
2025-09-18 09:30:00,117225.6,117241.0,117059.9,117131.1,722.701
2025-09-18 09:45:00,117131.0,117286.4,117131.0,117268.1,181.7936
2025-09-18 10:00:00,117268.2,117276.0,117172.4,117228.6,160.1618
2025-09-18 10:15:00,117228.5,117267.2,117071.1,117088.1,362.7487
2025-09-18 10:30:00,117088.1,117146.3,117042.9,117060.1,294.6811
2025-09-18 10:45:00,117060.1,117155.8,117037.1,117153.1,177.0994
2025-09-18 11:00:00,117153.1,117260.0,117096.8,117148.0,209.8078
2025-09-18 11:15:00,117147.9,117274.9,117147.9,117200.0,230.0522
2025-09-18 11:30:00,117200.0,117230.6,117066.1,117099.9,201.3096
2025-09-18 11:45:00,117100.0,117100.0,116971.1,117029.9,332.2053
2025-09-18 12:00:00,117029.9,117212.9,116925.8,117195.3,415.1727
2025-09-18 12:15:00,117195.4,117245.0,117117.0,117200.5,367.874
2025-09-18 12:30:00,117200.6,117212.5,117016.8,117150.0,187.6017
2025-09-18 12:45:00,117150.1,117171.5,117010.7,117068.5,139.5972
2025-09-18 13:00:00,117068.5,117333.0,117001.1,117332.9,490.1064
2025-09-18 13:15:00,117333.0,117425.0,117289.9,117383.9,506.6132
2025-09-18 13:30:00,117383.8,117614.8,117111.1,117126.2,1371.2627
2025-09-18 13:45:00,117126.2,117408.6,116946.9,117372.3,1288.9061
2025-09-18 14:00:00,117372.3,117587.0,117339.1,117484.7,1008.7595
2025-09-18 14:15:00,117484.6,117800.0,117429.1,117653.7,1222.0691
2025-09-18 14:30:00,117653.7,117770.7,117549.8,117725.6,840.7129
2025-09-18 14:45:00,117725.6,117731.0,117581.7,117581.7,496.5999
2025-09-18 15:00:00,117581.8,117636.2,117358.1,117370.0,863.7356
2025-09-18 15:15:00,117370.0,117531.4,117270.0,117282.6,448.4557
2025-09-18 15:30:00,117282.7,117440.0,117282.7,117390.0,456.2344
2025-09-18 15:45:00,117390.0,117666.7,117389.9,117542.1,889.1923
2025-09-18 16:00:00,117542.1,117668.4,117457.7,117658.9,627.2062
2025-09-18 16:15:00,117658.9,117767.0,117636.1,117673.2,718.0388
2025-09-18 16:30:00,117673.2,117750.7,117522.0,117716.8,449.6484
2025-09-18 16:45:00,117716.8,117748.5,117489.1,117520.2,346.906
2025-09-18 17:00:00,117520.3,117729.9,117456.6,117617.4,374.9094
2025-09-18 17:15:00,117617.4,117700.0,117474.9,117508.9,320.63
2025-09-18 17:30:00,117508.9,117609.9,117375.0,117435.7,392.738
2025-09-18 17:45:00,117435.8,117548.6,117421.3,117541.9,223.8878
2025-09-18 18:00:00,117541.9,117788.0,117465.8,117788.0,444.0566
2025-09-18 18:15:00,117787.9,117877.1,117696.7,117762.0,515.868
2025-09-18 18:30:00,117761.9,117772.0,117650.0,117762.8,293.7666
2025-09-18 18:45:00,117762.9,117841.9,117762.9,117776.9,223.8668
2025-09-18 19:00:00,117776.9,117777.0,117670.3,117679.9,199.406
2025-09-18 19:15:00,117679.9,117679.9,117400.1,117404.6,383.1533
2025-09-18 19:30:00,117404.6,117433.0,117138.0,117235.2,774.7009
2025-09-18 19:45:00,117235.1,117455.4,117139.1,117406.3,428.6854
2025-09-18 20:00:00,117406.3,117474.0,117278.8,117390.3,384.0722
2025-09-18 20:15:00,117390.3,117464.0,117302.6,117445.2,185.1043
2025-09-18 20:30:00,117445.2,117600.0,117445.2,117588.5,338.935
2025-09-18 20:45:00,117588.4,117597.6,117449.3,117449.3,197.5964
2025-09-18 21:00:00,117449.3,117457.1,117267.5,117267.5,254.7678
2025-09-18 21:15:00,117267.4,117381.0,117250.0,117380.9,146.2533
2025-09-18 21:30:00,117380.9,117398.0,117296.1,117296.2,154.6171
2025-09-18 21:45:00,117296.1,117385.4,117225.0,117225.1,112.05
2025-09-18 22:00:00,117225.2,117250.0,117157.4,117157.4,247.1698
2025-09-18 22:15:00,117157.4,117262.5,117157.4,117221.1,191.1527
2025-09-18 22:30:00,117221.0,117285.2,117207.0,117253.3,132.9697
2025-09-18 22:45:00,117253.3,117257.2,117000.0,117020.6,784.5754
2025-09-18 23:00:00,117020.6,117020.6,116600.3,116729.8,1823.5016
2025-09-18 23:15:00,116729.8,116792.9,116600.0,116776.1,452.3939
2025-09-18 23:30:00,116776.2,116982.6,116776.1,116933.5,457.0651
2025-09-18 23:45:00,116933.5,117133.5,116920.9,117020.1,423.2608
2025-09-19 00:00:00,117020.1,117111.0,116961.0,117023.9,273.8154
2025-09-19 00:15:00,117024.0,117276.3,117013.5,117180.4,492.4533
2025-09-19 00:30:00,117181.3,117348.5,117144.7,117346.0,323.0161
2025-09-19 00:45:00,117346.1,117386.6,117277.2,117373.5,242.0937
2025-09-19 01:00:00,117373.4,117416.5,117200.0,117226.8,358.01
2025-09-19 01:15:00,117227.4,117320.3,117161.0,117281.8,209.9807
2025-09-19 01:30:00,117281.8,117334.8,117067.1,117070.1,353.2696
2025-09-19 01:45:00,117070.1,117223.4,117065.7,117176.7,185.1208
2025-09-19 02:00:00,117176.6,117235.0,116988.2,116990.2,321.182
2025-09-19 02:15:00,116990.3,117079.7,116989.3,117054.1,236.1494
2025-09-19 02:30:00,117054.0,117155.1,117004.8,117037.4,190.2424
2025-09-19 02:45:00,117037.4,117140.0,117037.4,117054.6,150.9256
2025-09-19 03:00:00,117054.6,117180.0,117054.6,117155.1,159.6643
2025-09-19 03:15:00,117155.1,117225.9,117012.0,117030.3,306.7633
2025-09-19 03:30:00,117030.3,117036.6,116828.0,116899.9,572.0336
2025-09-19 03:45:00,116900.0,116935.6,116821.1,116922.1,373.7418
2025-09-19 04:00:00,116922.0,116930.1,116654.4,116723.0,772.8251
2025-09-19 04:15:00,116723.0,117027.3,116722.9,116945.3,516.2916
2025-09-19 04:30:00,116945.3,117058.8,116877.9,116955.1,309.006
2025-09-19 04:45:00,116955.0,116995.4,116891.5,116929.9,180.6701
2025-09-19 05:00:00,116929.9,116954.1,116838.0,116934.9,230.9737
2025-09-19 05:15:00,116934.9,116971.0,116774.9,116814.6,236.6714
2025-09-19 05:30:00,116814.6,116873.0,116734.0,116825.2,267.6211
2025-09-19 05:45:00,116825.1,116873.4,116825.1,116840.8,131.0685
2025-09-19 06:00:00,116840.8,116840.9,116721.3,116736.5,274.4021
2025-09-19 06:15:00,116736.5,116831.8,116712.9,116746.5,209.9256
2025-09-19 06:30:00,116746.6,116761.4,116555.0,116700.1,457.1097
2025-09-19 06:45:00,116700.1,116773.3,116625.0,116630.0,340.7735
2025-09-19 07:00:00,116630.1,116797.4,116630.0,116751.1,557.6613
2025-09-19 07:15:00,116751.0,116857.2,116751.0,116821.0,452.7487
2025-09-19 07:30:00,116821.0,116950.0,116798.1,116929.9,418.6269
2025-09-19 07:45:00,116930.0,116930.0,116851.5,116853.7,349.9596
2025-09-19 08:00:00,116853.7,116971.6,116837.8,116946.9,254.0773
2025-09-19 08:15:00,116946.9,117068.8,116945.5,117039.4,456.1203
2025-09-19 08:30:00,117039.4,117039.4,116849.7,116888.3,293.9334
2025-09-19 08:45:00,116888.3,116912.0,116862.8,116862.9,109.009
2025-09-19 09:00:00,116862.9,116945.5,116811.6,116934.6,190.9139
2025-09-19 09:15:00,116934.6,116934.6,116737.5,116770.8,436.5469
2025-09-19 09:30:00,116770.8,116843.7,116666.0,116666.1,193.0602
2025-09-19 09:45:00,116666.0,116691.0,116438.7,116440.9,1098.4937
2025-09-19 10:00:00,116441.0,116509.9,116379.1,116494.1,746.4486
2025-09-19 10:15:00,116494.1,116503.4,116393.4,116444.2,511.921
2025-09-19 10:30:00,116444.1,116507.9,116404.1,116490.2,383.3004
2025-09-19 10:45:00,116490.1,116518.9,116441.2,116496.1,330.5651
2025-09-19 11:00:00,116496.1,116529.5,116384.0,116424.4,532.4967
2025-09-19 11:15:00,116424.4,116499.2,116325.0,116325.0,495.6552
2025-09-19 11:30:00,116325.0,116367.0,116300.0,116312.5,315.4988
2025-09-19 11:45:00,116312.4,116366.4,116264.7,116358.2,395.2062
2025-09-19 12:00:00,116358.2,116443.5,116343.1,116443.4,505.3872
2025-09-19 12:15:00,116443.4,116500.0,116123.3,116194.7,906.1703
2025-09-19 12:30:00,116194.7,116250.0,116137.9,116176.7,489.2219
2025-09-19 12:45:00,116176.7,116187.1,116088.0,116126.2,529.7368
2025-09-19 13:00:00,116126.2,116172.1,116057.6,116091.2,731.6407
2025-09-19 13:15:00,116091.2,116304.9,116007.5,116162.0,653.6784
2025-09-19 13:30:00,116162.1,116324.5,116052.0,116222.6,738.4677
2025-09-19 13:45:00,116222.7,116425.3,116180.0,116234.9,542.8486
2025-09-19 14:00:00,116234.9,116339.1,116160.3,116247.2,433.8824
2025-09-19 14:15:00,116247.2,116427.0,116150.0,116205.2,402.3839
2025-09-19 14:30:00,116205.1,116289.2,116048.4,116051.2,459.9946
2025-09-19 14:45:00,116051.1,116105.3,115712.0,115842.4,2385.6102
2025-09-19 15:00:00,115842.3,115842.4,115411.0,115475.9,2153.5374
2025-09-19 15:15:00,115476.0,115751.6,115438.0,115743.0,1189.8216
2025-09-19 15:30:00,115743.0,115892.7,115589.1,115861.7,709.6293
2025-09-19 15:45:00,115861.7,115887.5,115750.0,115815.8,536.127
2025-09-19 16:00:00,115815.7,115947.4,115732.1,115917.3,871.0882
2025-09-19 16:15:00,115917.3,115972.5,115862.0,115906.4,441.5943
2025-09-19 16:30:00,115906.4,115925.7,115781.7,115925.7,457.0882
2025-09-19 16:45:00,115925.7,116076.0,115925.7,116024.6,583.369
2025-09-19 17:00:00,116024.6,116024.6,115732.1,115747.7,432.8627
2025-09-19 17:15:00,115747.7,115778.7,115650.0,115734.7,328.1908
2025-09-19 17:30:00,115734.7,115734.7,115540.0,115571.6,345.635
2025-09-19 17:45:00,115571.6,115653.2,115481.6,115483.8,292.6537
2025-09-19 18:00:00,115483.8,115551.3,115362.5,115432.3,686.9265
2025-09-19 18:15:00,115432.4,115448.0,115327.5,115366.8,407.9941
2025-09-19 18:30:00,115366.9,115566.6,115350.0,115535.5,494.914
2025-09-19 18:45:00,115535.5,115590.4,115328.0,115357.2,296.5539
2025-09-19 19:00:00,115357.1,115429.1,115200.0,115243.4,942.124
2025-09-19 19:15:00,115243.4,115347.4,115227.4,115299.3,437.1066
2025-09-19 19:30:00,115299.4,115350.0,115130.5,115130.6,524.0618
2025-09-19 19:45:00,115130.5,115146.0,115046.0,115066.0,664.6122
2025-09-19 20:00:00,115066.0,115278.9,115014.8,115256.3,618.4535
2025-09-19 20:15:00,115256.3,115363.0,115218.2,115334.3,268.3295
2025-09-19 20:30:00,115334.3,115375.6,115244.5,115353.4,225.7395
2025-09-19 20:45:00,115353.4,115376.5,115220.0,115293.0,251.3296
2025-09-19 21:00:00,115293.0,115375.6,115250.0,115340.2,217.2505
2025-09-19 21:15:00,115340.3,115398.9,115340.2,115361.5,126.2876
2025-09-19 21:30:00,115361.4,115445.2,115361.4,115411.5,210.9537
2025-09-19 21:45:00,115411.6,115489.7,115367.5,115409.3,154.6231
2025-09-19 22:00:00,115409.3,115546.1,115409.3,115546.0,231.5402
2025-09-19 22:15:00,115546.0,115561.8,115479.3,115529.5,149.1065
2025-09-19 22:30:00,115529.6,115563.5,115520.0,115520.0,128.0872
2025-09-19 22:45:00,115520.1,115612.7,115518.7,115560.9,238.0628
2025-09-19 23:00:00,115561.0,115561.0,115441.8,115449.6,204.0492
2025-09-19 23:15:00,115449.6,115493.8,115389.0,115405.4,223.1435
2025-09-19 23:30:00,115405.4,115492.5,115390.1,115465.3,192.294
2025-09-19 23:45:00,115465.3,115589.4,115465.3,115571.1,118.5389
2025-09-20 00:00:00,115571.1,115600.0,115541.0,115557.6,166.8123
2025-09-20 00:15:00,115557.6,115561.1,115491.9,115508.2,142.2375
2025-09-20 00:30:00,115508.2,115650.0,115508.1,115648.8,286.7148
2025-09-20 00:45:00,115649.9,115666.0,115618.7,115663.1,148.7532
2025-09-20 01:00:00,115663.1,115663.1,115560.0,115560.0,168.1269
2025-09-20 01:15:00,115560.0,115663.0,115555.0,115641.1,88.8184
2025-09-20 01:30:00,115641.0,115654.5,115571.0,115613.0,121.6383
2025-09-20 01:45:00,115613.1,115639.9,115568.0,115568.0,87.1824
2025-09-20 02:00:00,115568.1,115568.1,115422.6,115448.9,288.1367
2025-09-20 02:15:00,115448.9,115478.9,115386.2,115478.8,156.0602
2025-09-20 02:30:00,115478.8,115509.9,115451.1,115509.8,85.1218
2025-09-20 02:45:00,115509.8,115555.0,115501.0,115549.7,92.054
2025-09-20 03:00:00,115549.8,115549.8,115402.6,115442.3,141.9502
2025-09-20 03:15:00,115442.3,115501.5,115442.3,115456.3,116.3943
2025-09-20 03:30:00,115456.4,115466.1,115410.0,115462.8,122.5864
2025-09-20 03:45:00,115462.9,115462.9,115365.0,115400.0,134.3109
2025-09-20 04:00:00,115399.9,115446.5,115380.0,115443.0,139.5545
2025-09-20 04:15:00,115443.0,115450.0,115421.0,115421.0,66.8939
2025-09-20 04:30:00,115421.0,115504.0,115365.3,115500.8,135.0163
2025-09-20 04:45:00,115500.7,115544.6,115490.9,115513.8,99.1454
2025-09-20 05:00:00,115513.9,115531.2,115454.4,115531.2,110.0581
2025-09-20 05:15:00,115531.2,115555.0,115524.0,115554.9,88.1821
2025-09-20 05:30:00,115555.0,115611.7,115554.9,115575.0,137.3222
2025-09-20 05:45:00,115575.1,115660.6,115575.0,115660.6,168.6647
2025-09-20 06:00:00,115660.6,115660.6,115563.5,115563.5,140.8857
2025-09-20 06:15:00,115563.6,115614.1,115563.5,115614.1,97.5848
2025-09-20 06:30:00,115614.1,115623.3,115610.2,115610.2,106.9562
2025-09-20 06:45:00,115610.2,115666.0,115610.2,115633.9,136.5414
2025-09-20 07:00:00,115633.9,115673.5,115626.2,115634.6,236.1886
2025-09-20 07:15:00,115634.7,115686.0,115634.6,115679.9,84.5817
2025-09-20 07:30:00,115679.8,115868.0,115663.7,115856.1,766.1326
2025-09-20 07:45:00,115856.1,115913.0,115806.7,115892.1,869.0447
2025-09-20 08:00:00,115892.1,115895.2,115758.8,115778.1,270.4451
2025-09-20 08:15:00,115778.1,115778.2,115746.5,115750.3,122.7971
2025-09-20 08:30:00,115750.2,115825.3,115750.2,115814.7,123.1901
2025-09-20 08:45:00,115814.7,115814.8,115639.4,115640.4,241.9762
2025-09-20 09:00:00,115640.5,115729.5,115637.5,115729.1,147.4769
2025-09-20 09:15:00,115729.0,115729.5,115681.4,115681.4,116.0747
2025-09-27 16:15:00,109281.2,109350.5,109242.2,109312.4,220.3281
2025-09-27 16:30:00,109312.5,109370.0,109278.2,109306.1,166.7619
2025-09-27 16:45:00,109306.1,109353.4,109250.0,109334.2,241.0959
2025-09-27 17:00:00,109334.1,109342.2,109225.6,109265.1,206.4407
2025-09-27 17:15:00,109265.1,109266.4,109169.9,109242.4,314.9409
2025-09-27 17:30:00,109242.4,109312.0,109220.5,109280.4,152.343
2025-09-27 17:45:00,109280.5,109359.9,109218.8,109320.4,188.7033
2025-09-27 18:00:00,109320.4,109376.7,109280.0,109353.5,300.0777
2025-09-27 18:15:00,109353.5,109365.0,109334.4,109354.3,156.3783
2025-09-27 18:30:00,109354.3,109369.0,109312.5,109322.1,81.7494
2025-09-27 18:45:00,109322.1,109383.9,109322.1,109354.0,341.2203
2025-09-27 19:00:00,109354.1,109371.6,109350.0,109350.7,61.8538
2025-09-27 19:15:00,109350.7,109375.8,109328.7,109357.8,151.8835
2025-09-27 19:30:00,109357.8,109373.1,109306.8,109333.9,121.5874
2025-09-27 19:45:00,109333.9,109364.7,109331.5,109353.8,88.0378
2025-09-27 20:00:00,109353.8,109381.5,109321.5,109332.7,159.7444
2025-09-27 20:15:00,109332.7,109332.7,109301.4,109318.2,50.7872
2025-09-27 20:30:00,109318.2,109381.0,109318.1,109335.2,99.3258
2025-09-27 20:45:00,109335.2,109335.2,109320.7,109320.7,58.3771
2025-09-27 21:00:00,109320.6,109334.4,109319.6,109333.0,102.1818
2025-09-27 21:15:00,109333.0,109360.0,109332.9,109360.0,58.5525
2025-09-27 21:30:00,109360.0,109407.9,109354.9,109383.5,270.3726
2025-09-27 21:45:00,109383.5,109407.2,109380.3,109407.2,63.5641
2025-09-27 22:00:00,109407.2,109554.8,109407.2,109554.8,299.7194
2025-09-27 22:15:00,109554.7,109633.0,109543.0,109633.0,317.8593
2025-09-27 22:30:00,109633.0,109636.0,109535.1,109538.1,358.0362
2025-09-27 22:45:00,109538.0,109543.3,109438.1,109541.7,182.6877
2025-09-27 23:00:00,109541.7,109577.3,109479.0,109530.7,339.7752
2025-09-27 23:15:00,109530.7,109540.3,109402.9,109495.2,192.2426
2025-09-27 23:30:00,109495.2,109565.7,109495.1,109554.1,117.0582
2025-09-27 23:45:00,109554.1,109626.6,109541.9,109581.8,147.6821
2025-09-28 00:00:00,109581.8,109623.8,109492.0,109507.8,163.7037
2025-09-28 00:15:00,109507.7,109733.4,109493.6,109711.3,312.5785
2025-09-28 00:30:00,109711.4,109729.0,109512.2,109609.1,229.3228
2025-09-28 00:45:00,109609.1,109644.0,109500.0,109552.9,346.3378
2025-09-28 01:00:00,109552.8,109600.0,109421.8,109423.3,449.3632
2025-09-28 01:15:00,109423.4,109490.0,109388.4,109432.4,277.0749
2025-09-28 01:30:00,109432.4,109476.7,109289.0,109362.1,349.9523
2025-09-28 01:45:00,109362.4,109362.4,109271.2,109295.1,201.9412
2025-09-28 02:00:00,109295.1,109398.0,109284.8,109312.0,197.8105
2025-09-28 02:15:00,109312.1,109441.5,109307.5,109441.5,208.3471
2025-09-28 02:30:00,109441.5,109490.4,109381.0,109404.0,194.0525
2025-09-28 02:45:00,109404.0,109404.0,109342.4,109388.9,96.5481
2025-09-28 03:00:00,109388.8,109483.3,109388.8,109427.0,151.9669
2025-09-28 03:15:00,109427.0,109437.9,109391.5,109396.4,72.8222
2025-09-28 03:30:00,109396.5,109421.8,109350.0,109354.5,119.3024
2025-09-28 03:45:00,109354.5,109393.3,109354.4,109393.2,50.2698
2025-09-28 04:00:00,109393.3,109434.0,109377.8,109412.8,87.7285
2025-09-28 04:15:00,109412.7,109434.1,109316.9,109317.0,106.7924
2025-09-28 04:30:00,109316.9,109357.0,109312.0,109330.1,94.5933
2025-09-28 04:45:00,109330.1,109330.1,109313.7,109325.1,44.7019
2025-09-28 05:00:00,109325.1,109346.0,109300.0,109300.1,93.3294
2025-09-28 05:15:00,109300.2,109360.0,109300.1,109350.5,79.7083
2025-09-28 05:30:00,109350.4,109357.4,109300.1,109306.8,95.6398
2025-09-28 05:45:00,109306.8,109311.8,109300.1,109305.6,65.5912
2025-09-28 06:00:00,109305.6,109341.1,109305.5,109334.1,100.2484
2025-09-28 06:15:00,109334.1,109335.6,109223.4,109225.2,202.1931
2025-09-28 06:30:00,109225.2,109419.8,109200.1,109400.9,719.3184
2025-09-28 06:45:00,109400.9,109401.0,109334.0,109370.8,83.7323
2025-09-28 07:00:00,109370.8,109377.6,109301.7,109331.1,114.0586
2025-09-28 07:15:00,109331.0,109444.9,109331.0,109400.1,401.6712
2025-09-28 07:30:00,109400.1,109451.4,109380.3,109404.7,133.8948
2025-09-28 07:45:00,109404.7,109497.0,109404.7,109457.0,344.2794
2025-09-28 08:00:00,109456.9,109531.2,109421.1,109454.9,197.4907
2025-09-28 08:15:00,109454.9,109488.8,109369.0,109475.8,279.2927
2025-09-28 08:30:00,109475.7,109498.5,109424.6,109469.6,180.3075
2025-09-28 08:45:00,109469.6,109512.0,109452.5,109452.5,116.7209
2025-09-28 09:00:00,109452.6,109493.3,109300.0,109300.0,204.3076
2025-09-28 09:15:00,109300.1,109395.5,109272.9,109394.3,193.0846
2025-09-28 09:30:00,109394.4,109507.2,109384.6,109507.1,214.2545
2025-09-28 09:45:00,109507.1,109507.2,109438.9,109468.9,153.3225
2025-09-28 10:00:00,109469.0,109469.0,109347.5,109398.2,136.3533
2025-09-28 10:15:00,109398.2,109431.8,109368.8,109389.1,95.3943
2025-09-28 10:30:00,109389.1,109410.8,109315.0,109340.0,154.6839
2025-09-28 10:45:00,109339.9,109348.4,109302.2,109319.1,99.7886
2025-09-28 11:00:00,109319.1,109334.3,109270.0,109270.2,199.0806
2025-09-28 11:15:00,109270.2,109278.3,109183.8,109219.6,463.5969
2025-09-28 11:30:00,109219.6,109293.3,109219.0,109239.3,153.6695
2025-09-28 11:45:00,109239.3,109436.9,109196.9,109337.1,980.4248
2025-09-28 12:00:00,109337.2,109407.9,109316.8,109384.7,313.6554
2025-09-28 12:15:00,109384.8,109395.5,109325.1,109394.7,193.613
2025-09-28 12:30:00,109394.7,109410.0,109158.6,109194.4,283.0396
2025-09-28 12:45:00,109194.4,109291.0,109150.0,109270.6,385.9904
2025-09-28 13:00:00,109270.6,109405.3,109270.5,109372.5,273.9111
2025-09-28 13:15:00,109372.4,109464.1,109326.0,109436.0,379.3435
2025-09-28 13:30:00,109435.9,109586.3,109426.7,109561.2,645.7368
2025-09-28 13:45:00,109561.2,109647.1,109528.3,109585.8,555.27
2025-09-28 14:00:00,109585.8,109585.9,109453.4,109481.3,281.7894
2025-09-28 14:15:00,109481.4,109673.2,109481.3,109673.2,327.7243
2025-09-28 14:30:00,109673.1,109700.0,109582.3,109647.8,299.5455
2025-09-28 14:45:00,109647.8,109850.0,109636.9,109808.2,605.9628
2025-09-28 15:00:00,109808.2,109872.7,109654.0,109718.9,635.3006
2025-09-28 15:15:00,109718.9,109840.9,109711.4,109840.9,267.9934
2025-09-28 15:30:00,109840.8,109881.0,109739.9,109880.9,302.0809
2025-09-28 15:45:00,109880.9,109980.1,109867.3,109973.6,533.2716
2025-09-28 16:00:00,109973.6,110355.8,109973.5,110135.3,1476.8493
2025-09-28 16:15:00,110135.3,110173.4,109977.1,110088.1,590.6043
2025-09-28 16:30:00,110088.1,110130.9,109938.7,110094.0,349.2129
2025-09-28 16:45:00,110094.1,110178.9,110082.1,110159.4,241.4308
2025-09-28 17:00:00,110159.3,110322.7,110130.2,110278.6,494.4818
2025-09-28 17:15:00,110278.6,110297.0,110057.8,110142.1,314.6237
2025-09-28 17:30:00,110142.0,110325.2,110111.7,110269.0,356.8497
2025-09-28 17:45:00,110268.9,110313.7,110137.5,110150.1,290.2344
2025-09-28 18:00:00,110150.0,110197.0,110000.1,110056.3,348.1701
2025-09-28 18:15:00,110056.3,110137.8,110054.4,110078.5,129.8735
2025-09-28 18:30:00,110078.5,110144.7,110067.5,110136.2,327.7507
2025-09-28 18:45:00,110136.3,110247.8,110136.2,110247.8,143.5161
2025-09-28 19:00:00,110247.8,110286.0,110056.4,110056.5,227.6802
2025-09-28 19:15:00,110056.4,110288.7,110056.4,110288.6,144.6306
2025-09-28 19:30:00,110288.5,110288.6,110236.3,110285.0,115.3383
2025-09-28 19:45:00,110285.0,110338.6,110240.3,110284.4,119.7509
2025-09-28 20:00:00,110284.5,110385.0,110226.2,110377.7,179.2873
2025-09-28 20:15:00,110377.6,110583.0,110341.0,110574.6,795.2818
2025-09-28 20:30:00,110574.6,110876.0,110574.5,110869.8,1182.323
2025-09-28 20:45:00,110869.8,110875.9,110660.9,110739.5,317.5141
2025-09-28 21:00:00,110739.4,110832.4,110734.7,110801.1,309.6863
2025-09-28 21:15:00,110801.2,110801.2,110643.0,110656.5,279.505
2025-09-28 21:30:00,110656.5,110656.5,110575.0,110607.9,225.7524
2025-09-28 21:45:00,110607.9,110767.4,110607.8,110767.4,109.5976
2025-09-28 22:00:00,110767.4,111494.9,110767.4,111411.8,2630.0614
2025-09-28 22:15:00,111412.0,111770.9,111370.2,111677.9,1369.1796
2025-09-28 22:30:00,111678.0,111919.4,111661.5,111849.9,947.7163
2025-09-28 22:45:00,111850.0,111979.9,111804.5,111888.9,688.8601
2025-09-28 23:00:00,111889.0,112313.7,111889.0,112057.3,1598.4162
2025-09-28 23:15:00,112057.3,112187.0,111916.7,112055.9,665.0522
2025-09-28 23:30:00,112055.9,112200.8,111965.4,112185.7,478.9362
2025-09-28 23:45:00,112185.7,112202.9,111999.7,112121.1,417.3059
2025-09-29 00:00:00,112121.0,112220.0,111980.1,112055.1,648.9418
2025-09-29 00:15:00,112055.0,112250.0,111935.0,112148.0,511.2348
2025-09-29 00:30:00,112148.0,112226.7,111940.4,112000.0,447.2416
2025-09-29 00:45:00,111999.9,112232.3,111990.1,112204.9,382.3826
2025-09-29 01:00:00,112205.0,112250.0,112042.0,112188.8,426.0575
2025-09-29 01:15:00,112188.8,112254.0,111974.0,111996.8,525.4428
2025-09-29 01:30:00,111996.8,112060.8,111965.0,111996.5,299.4223
2025-09-29 01:45:00,111996.5,111996.5,111675.5,111814.5,1141.0558
2025-09-29 02:00:00,111814.5,111840.0,111666.7,111773.2,534.6956
2025-09-29 02:15:00,111773.1,111981.1,111730.0,111843.9,425.9657
2025-09-29 02:30:00,111843.8,111887.1,111592.3,111620.6,679.0829
2025-09-29 02:45:00,111620.6,111721.8,111580.0,111710.8,489.9178
2025-09-29 03:00:00,111710.9,111710.9,111537.1,111547.9,531.276
2025-09-29 03:15:00,111548.0,111725.2,111544.6,111708.9,440.1247
2025-09-29 03:30:00,111708.9,111725.0,111660.0,111660.0,178.8181
2025-09-29 03:45:00,111660.0,111830.1,111633.0,111830.1,379.7639
2025-09-29 04:00:00,111830.1,111861.9,111752.7,111759.7,547.9141
2025-09-29 04:15:00,111759.7,111806.6,111701.7,111763.7,200.3983
2025-09-29 04:30:00,111763.7,111846.1,111751.6,111810.6,301.8629
2025-09-29 04:45:00,111810.6,111857.5,111751.7,111751.8,226.0183
2025-09-29 05:00:00,111751.8,111769.7,111567.2,111631.6,462.91
2025-09-29 05:15:00,111631.7,111657.5,111507.2,111585.9,489.3807
2025-09-29 05:30:00,111585.9,111660.0,111546.4,111655.4,251.4002
2025-09-29 05:45:00,111655.3,111730.6,111646.5,111704.3,171.7759
2025-09-29 06:00:00,111704.4,111742.0,111602.7,111663.7,197.7617
2025-09-29 06:15:00,111663.7,111777.2,111652.7,111743.7,228.0072
2025-09-29 06:30:00,111743.8,111810.1,111683.0,111683.1,228.8525
2025-09-29 06:45:00,111683.1,111698.5,111563.0,111581.5,340.5857
2025-09-29 07:00:00,111581.5,111693.8,111554.9,111579.3,392.2594
2025-09-29 07:15:00,111579.3,111592.6,111500.4,111548.2,375.0314
2025-09-29 07:30:00,111548.3,111742.7,111542.4,111682.3,478.6748
2025-09-29 07:45:00,111682.3,111820.0,111650.0,111819.8,368.6946
2025-09-29 08:00:00,111819.9,112082.4,111819.8,111940.7,1021.7128
2025-09-29 08:15:00,111940.8,112171.3,111928.6,112157.3,636.5341
2025-09-29 08:30:00,112157.2,112228.2,112043.0,112228.1,862.6694
2025-09-29 08:45:00,112228.1,112389.8,112042.5,112043.4,893.1515
2025-09-29 09:00:00,112043.4,112118.8,111979.5,111979.6,453.6184
2025-09-29 09:15:00,111979.5,112137.9,111920.0,112118.9,351.8106
2025-09-29 09:30:00,112118.9,112168.0,112000.0,112009.9,347.6218
2025-09-29 09:45:00,112010.0,112100.0,111999.0,112065.7,290.97
2025-09-29 10:00:00,112065.7,112118.0,112030.0,112108.1,273.0739
2025-09-29 10:15:00,112108.0,112189.8,112057.1,112176.9,200.9278
2025-09-29 10:30:00,112176.9,112185.1,111965.0,112000.5,377.724
2025-09-29 10:45:00,112000.5,112120.6,111994.3,112034.2,206.5343
2025-09-29 11:00:00,112034.3,112070.3,111849.7,111852.9,539.278
2025-09-29 11:15:00,111852.8,112021.3,111852.8,111902.0,315.561
2025-09-29 11:30:00,111902.0,112058.6,111898.5,112041.7,218.5157
2025-09-29 11:45:00,112041.7,112070.7,112002.7,112053.0,152.7765
2025-09-29 12:00:00,112053.1,112100.0,111989.2,112100.0,404.5561
2025-09-29 12:15:00,112100.0,112340.0,112070.0,112318.3,730.9742
2025-09-29 12:30:00,112318.3,112468.0,111950.0,112059.3,1211.4952
2025-09-29 12:45:00,112059.4,112170.0,111865.9,111964.3,690.0638
2025-09-29 13:00:00,111964.2,112064.6,111854.3,112051.7,576.2309
2025-09-29 13:15:00,112051.6,112256.8,112051.6,112119.2,567.9963
2025-09-29 13:30:00,112119.9,113268.0,112021.3,113267.9,4534.7072
2025-09-29 13:45:00,113267.8,113450.0,113031.0,113180.0,3439.8089
2025-09-29 14:00:00,113179.9,113766.0,113165.4,113743.8,2963.2056
2025-09-29 14:15:00,113743.8,113873.8,113518.1,113692.3,2244.0999
2025-09-29 14:30:00,113692.3,114150.0,113658.0,114029.9,1970.4084
2025-09-29 14:45:00,114029.9,114180.0,113970.5,113981.9,1378.6548
2025-09-29 15:00:00,113981.9,114070.0,113840.0,113892.4,1283.9502
2025-09-29 15:15:00,113892.4,113963.3,113715.0,113750.2,887.7975
2025-09-29 15:30:00,113750.2,113956.0,113750.2,113910.6,688.6729
2025-09-29 15:45:00,113910.5,113913.8,113637.0,113768.9,651.5722
2025-09-29 16:00:00,113768.9,113990.0,113725.4,113931.3,518.9123
2025-09-29 16:15:00,113931.3,113979.9,113750.9,113819.2,433.3827
2025-09-29 16:30:00,113819.1,114026.7,113725.7,113730.6,508.1458
2025-09-29 16:45:00,113730.6,113850.0,113575.1,113597.6,523.1817
2025-09-29 17:00:00,113597.6,113861.2,113420.3,113752.8,1481.9756
2025-09-29 17:15:00,113752.9,113874.9,113566.8,113861.3,719.2773
2025-09-29 17:30:00,113861.4,113933.0,113753.6,113895.3,525.7347
2025-09-29 17:45:00,113895.3,114148.0,113890.0,114022.4,721.9201
2025-09-29 18:00:00,114022.5,114123.0,113882.1,113995.7,827.0813
2025-09-29 18:15:00,113995.7,114032.2,113821.1,113940.0,332.4577
2025-09-29 18:30:00,113940.0,113988.1,113855.5,113956.4,238.89
2025-09-29 18:45:00,113956.4,114030.7,113956.3,113976.9,322.6633
2025-09-29 19:00:00,113976.9,114050.0,113895.5,113978.5,274.211
2025-09-29 19:15:00,113978.4,113990.3,113804.4,113943.0,354.9144
2025-09-29 19:30:00,113943.0,114100.0,113834.4,114100.0,439.3817
2025-09-29 19:45:00,114099.9,114360.0,114085.9,114206.4,1451.7416
2025-09-29 20:00:00,114206.4,114338.8,114064.0,114302.4,680.862
2025-09-29 20:15:00,114302.5,114318.4,114159.9,114228.5,320.6447
2025-09-29 20:30:00,114228.4,114355.0,114200.0,114342.6,346.6043
2025-09-29 20:45:00,114342.6,114342.6,114164.0,114186.2,286.6566
2025-09-29 21:00:00,114186.1,114282.3,114118.8,114118.8,240.7725
2025-09-29 21:15:00,114118.4,114158.7,114070.0,114096.8,130.8721
2025-09-29 21:30:00,114096.8,114142.9,114017.1,114141.8,308.3051
2025-09-29 21:45:00,114141.8,114213.3,114103.0,114122.3,173.0662
2025-09-29 22:00:00,114122.3,114165.3,114063.4,114079.7,227.2526
2025-09-29 22:15:00,114079.7,114079.7,113990.0,114029.1,283.3389
2025-09-29 22:30:00,114029.1,114068.8,113959.6,113980.4,182.7021
2025-09-29 22:45:00,113980.4,114155.5,113980.4,114128.0,214.0502
2025-09-29 23:00:00,114128.0,114299.7,114128.0,114174.9,402.7797
2025-09-29 23:15:00,114174.9,114300.0,114140.6,114241.1,321.2312
2025-09-29 23:30:00,114241.0,114251.7,114168.6,114183.3,122.2582
2025-09-29 23:45:00,114183.2,114344.0,114183.2,114246.0,251.9879
2025-09-30 00:00:00,114246.0,114406.8,114167.4,114237.9,518.3208
2025-09-30 00:15:00,114237.5,114237.5,113980.0,114113.4,631.2838
2025-09-30 00:30:00,114113.4,114379.6,114087.8,114328.6,601.3168
2025-09-30 00:45:00,114328.6,114786.2,114254.4,114471.3,2341.7517
2025-09-30 01:00:00,114471.4,114705.9,114283.8,114705.8,706.1868
2025-09-30 01:15:00,114705.8,114741.0,114416.6,114575.7,896.179
2025-09-30 01:30:00,114575.7,114575.7,114350.0,114400.0,626.0916
2025-09-30 01:45:00,114400.0,114471.4,114216.1,114460.9,454.7079
2025-09-30 02:00:00,114460.9,114550.0,114317.4,114367.1,442.3589
2025-09-30 02:15:00,114367.1,114500.0,114318.0,114439.6,405.6621
2025-09-30 02:30:00,114439.6,114544.0,114398.5,114436.9,263.7528
2025-09-30 02:45:00,114437.1,114550.0,114336.4,114422.0,332.2964
2025-09-30 03:00:00,114422.0,114482.0,114313.7,114354.9,296.7146
2025-09-30 03:15:00,114354.9,114387.2,114260.0,114281.2,303.5559
2025-09-30 03:30:00,114281.2,114387.2,114255.0,114387.2,235.0137
2025-09-30 03:45:00,114387.3,114409.1,114287.6,114328.0,283.616
2025-09-30 04:00:00,114328.0,114328.0,114245.0,114269.2,218.1067
2025-09-30 04:15:00,114269.2,114291.8,114136.1,114136.1,283.1276
2025-09-30 04:30:00,114136.2,114242.0,114100.0,114163.6,432.7393
2025-09-30 04:45:00,114163.6,114176.0,114050.0,114051.2,366.8094
2025-09-30 05:00:00,114051.1,114175.0,114007.2,114080.8,553.3729
2025-09-30 05:15:00,114080.8,114086.0,113886.0,113911.2,792.5144
2025-09-30 05:30:00,113911.3,113977.0,113826.6,113943.0,411.2451
2025-09-30 05:45:00,113943.0,113965.5,113787.5,113868.4,709.9013
2025-09-30 06:00:00,113868.3,113972.6,113802.0,113924.1,351.5256
2025-09-30 06:15:00,113924.1,113961.9,113812.2,113879.6,360.6595
2025-09-30 06:30:00,113879.6,114036.3,113875.0,113968.7,434.3415
2025-09-30 06:45:00,113968.8,113968.8,113805.4,113852.8,388.127
2025-09-30 07:00:00,113852.8,113916.9,113800.0,113872.0,378.3733
2025-09-30 07:15:00,113871.9,113957.5,113837.2,113914.5,219.5196
2025-09-30 07:30:00,113914.6,113914.6,113555.0,113600.1,822.8919
2025-09-30 07:45:00,113600.1,113762.6,113537.9,113669.6,713.8566
2025-09-30 08:00:00,113669.6,113714.0,113588.0,113670.5,369.7658
2025-09-30 08:15:00,113670.6,113688.4,113488.6,113541.7,520.8465
2025-09-30 08:30:00,113541.8,113578.4,113308.7,113423.8,1095.4959
2025-09-30 08:45:00,113423.8,113540.0,113380.5,113418.2,545.6721
2025-09-30 09:00:00,113418.3,113427.3,113188.0,113197.9,967.4464
2025-09-30 09:15:00,113198.0,113300.0,113188.0,113222.7,553.8201
2025-09-30 09:30:00,113222.7,113297.4,112900.0,112950.0,1464.4125
2025-09-30 09:45:00,112950.0,112950.0,112691.1,112739.9,1738.9187
2025-09-30 10:00:00,112740.0,113018.4,112607.4,112820.7,1271.9083
2025-09-30 10:15:00,112820.8,112919.8,112692.2,112798.0,601.1728
2025-09-30 10:30:00,112798.0,112910.4,112745.0,112854.7,373.2909
2025-09-30 10:45:00,112854.7,113049.0,112854.7,112881.2,455.0539
2025-09-30 11:00:00,112881.2,112967.5,112826.0,112846.5,267.9441
2025-09-30 11:15:00,112846.5,112891.3,112757.0,112880.8,270.3332
2025-09-30 11:30:00,112880.7,113023.2,112833.6,112964.3,436.7791
2025-09-30 11:45:00,112964.3,113085.8,112938.9,113000.4,483.6491
2025-09-30 12:00:00,113000.3,113068.5,112926.3,112963.4,415.8721
2025-09-30 12:15:00,112963.4,113044.1,112960.0,113024.6,325.7848
2025-09-30 12:30:00,113024.0,113194.8,113006.4,113176.8,636.8248
2025-09-30 12:45:00,113176.9,113176.9,112932.7,112946.1,466.4064
2025-09-30 13:00:00,112946.2,113059.2,112795.8,112982.0,530.4492
2025-09-30 13:15:00,112983.9,113268.0,112958.4,113255.0,682.5231
2025-09-30 13:30:00,113255.0,113475.3,113051.7,113460.1,1316.3672
2025-09-30 13:45:00,113460.0,113617.8,113051.0,113337.3,1505.468
2025-09-30 14:00:00,113337.3,113449.9,112845.2,113070.4,1264.5062
2025-09-30 14:15:00,113070.5,113250.0,112920.8,113042.6,642.6337
2025-09-30 14:30:00,113042.7,113229.5,112972.7,113162.1,539.0254
2025-09-30 14:45:00,113162.2,113580.0,113113.4,113542.4,950.2887
2025-09-30 15:00:00,113542.4,113550.0,113032.0,113170.0,822.3943
2025-09-30 15:15:00,113170.0,113230.3,112866.0,113001.7,979.6691
2025-09-30 15:30:00,113001.7,113210.5,112937.8,113011.7,436.9763
2025-09-30 15:45:00,113011.8,113171.8,112933.3,113061.8,408.5097
2025-09-30 16:00:00,113061.8,113137.3,112952.0,113034.9,419.6699
2025-09-30 16:15:00,113034.9,113256.7,112972.8,113021.8,466.3426
2025-09-30 16:30:00,113021.8,113057.5,112752.1,112892.1,592.1738
2025-09-30 16:45:00,112892.1,112920.0,112751.4,112799.4,338.6256
2025-09-30 17:00:00,112799.3,113129.0,112766.3,113087.1,501.563
2025-09-30 17:15:00,113087.1,113279.0,113082.5,113205.4,538.1136
2025-09-30 17:30:00,113205.3,113476.9,113111.0,113247.3,562.9393
2025-09-30 17:45:00,113246.2,113352.3,113187.2,113200.0,410.4427
2025-09-30 18:00:00,113200.1,113475.8,113127.6,113469.9,312.2714
2025-09-30 18:15:00,113469.9,113497.0,113303.0,113421.9,321.3405
2025-09-30 18:30:00,113421.9,113453.6,113287.6,113418.9,297.937
2025-09-30 18:45:00,113418.9,113666.0,113418.9,113665.9,594.4191
2025-09-30 19:00:00,113666.0,113880.8,113653.6,113816.5,975.2288
2025-10-08 02:00:00,121904.2,121941.4,121770.8,121897.1,291.7844
2025-10-08 02:15:00,121897.2,122184.1,121897.2,122131.8,634.0553
2025-10-08 02:30:00,122131.7,122136.8,121820.0,121864.1,620.7015
2025-10-08 02:45:00,121864.0,122057.8,121813.0,122001.7,323.3243
2025-10-08 03:00:00,122001.8,122001.8,121678.0,121678.0,407.4278
2025-10-08 03:15:00,121678.0,121776.6,121338.6,121407.2,777.1173
2025-10-08 03:30:00,121407.2,121473.9,121260.0,121278.0,549.4883
2025-10-08 03:45:00,121278.0,121396.5,121165.7,121333.0,644.3336
2025-10-08 04:00:00,121333.4,121450.0,121030.5,121338.3,821.2558
2025-10-08 04:15:00,121338.3,121567.7,121294.6,121428.2,511.7754
2025-10-08 04:30:00,121428.1,121738.0,121428.1,121543.9,506.7396
2025-10-08 04:45:00,121544.0,121875.3,121544.0,121860.3,422.3119
2025-10-08 05:00:00,121860.3,121866.6,121600.2,121719.6,254.0421
2025-10-08 05:15:00,121719.6,121738.7,121218.5,121331.9,609.61
2025-10-08 05:30:00,121331.8,121485.3,121236.5,121236.6,420.305
2025-10-08 05:45:00,121236.5,121333.2,121122.2,121333.2,648.121
2025-10-08 06:00:00,121333.2,121372.5,121021.8,121269.2,655.3963
2025-10-08 06:15:00,121269.3,121460.0,121117.1,121356.7,604.4735
2025-10-08 06:30:00,121356.7,121530.0,121346.1,121529.9,291.806
2025-10-08 06:45:00,121529.9,121819.0,121529.9,121744.0,437.5156
2025-10-08 07:00:00,121744.0,121843.3,121578.2,121626.1,594.675
2025-10-08 07:15:00,121626.1,121658.0,121461.7,121512.9,358.4315
2025-10-08 07:30:00,121512.9,121538.0,121278.0,121448.3,377.4371
2025-10-08 07:45:00,121448.4,121567.5,121300.0,121559.6,393.1266
2025-10-08 08:00:00,121559.7,121792.0,121498.6,121510.6,515.4991
2025-10-08 08:15:00,121510.4,121989.7,121482.1,121867.9,885.3949
2025-10-08 08:30:00,121868.2,122788.0,121868.1,122783.0,2940.5343
2025-10-08 08:45:00,122783.0,122825.0,122287.8,122327.0,1477.9482
2025-10-08 09:00:00,122327.0,122602.8,122326.9,122502.4,595.81
2025-10-08 09:15:00,122502.4,122574.0,122384.5,122488.7,353.7376
2025-10-08 09:30:00,122488.7,122544.3,122328.8,122407.1,314.537
2025-10-08 09:45:00,122407.1,122477.7,122318.4,122477.7,203.7831
2025-10-08 10:00:00,122477.7,122774.0,122442.6,122502.8,440.7384
2025-10-08 10:15:00,122502.8,122653.5,122459.2,122544.4,247.6753
2025-10-08 10:30:00,122544.5,123049.5,122517.1,122914.0,1180.2033
2025-10-08 10:45:00,122914.0,122958.9,122810.9,122884.5,372.2934
2025-10-08 11:00:00,122884.6,123145.2,122749.3,123045.8,977.043
2025-10-08 11:15:00,123045.8,123045.9,122771.0,122950.0,730.869
2025-10-08 11:30:00,122950.0,122984.6,122729.9,122746.2,359.4179
2025-10-08 11:45:00,122746.3,122855.8,122683.3,122816.6,283.2496
2025-10-08 12:00:00,122816.5,122999.9,122650.1,122913.2,520.061
2025-10-08 12:15:00,122913.3,122968.2,122577.8,122697.5,477.5371
2025-10-08 12:30:00,122697.5,122697.5,122539.9,122604.7,485.0782
2025-10-08 12:45:00,122604.6,122670.2,122455.6,122577.0,439.0813
2025-10-08 13:00:00,122577.0,122719.8,122314.7,122598.4,676.5762
2025-10-08 13:15:00,122598.3,122664.8,122430.1,122430.1,228.8256
2025-10-08 13:30:00,122430.1,122630.6,121634.0,121841.6,2383.8346
2025-10-08 13:45:00,121841.7,122608.3,121616.0,122532.8,1827.6033
2025-10-08 14:00:00,122532.7,123300.0,122532.7,122754.6,2984.883
2025-10-08 14:15:00,122754.5,123022.0,122358.0,122531.6,1333.9853
2025-10-08 14:30:00,122531.7,122793.2,122180.0,122412.9,1360.8027
2025-10-08 14:45:00,122412.5,122567.6,122048.0,122266.1,997.8395
2025-10-08 15:00:00,122266.1,122571.3,122169.0,122435.7,771.6633
2025-10-08 15:15:00,122435.7,122500.0,122139.6,122400.0,498.1946
2025-10-08 15:30:00,122399.9,122400.0,122180.0,122311.9,459.325
2025-10-08 15:45:00,122311.9,122311.9,121900.0,122135.9,942.7354
2025-10-08 16:00:00,122135.9,122679.7,122051.6,122679.6,779.5775
2025-10-08 16:15:00,122679.7,122877.3,122549.0,122616.0,722.1479
2025-10-08 16:30:00,122616.0,122685.3,122504.0,122651.1,465.5706
2025-10-08 16:45:00,122651.1,123071.9,122638.4,122996.1,770.3588
2025-10-08 17:00:00,122996.1,123665.0,122891.7,123636.7,4228.9637
2025-10-08 17:15:00,123636.8,123934.9,123464.1,123751.2,2614.0442
2025-10-08 17:30:00,123751.2,123986.9,123603.8,123730.2,1176.1595
2025-10-08 17:45:00,123730.2,124153.7,123643.4,124008.1,1296.7084
2025-10-08 18:00:00,124008.1,124179.2,123762.1,123822.9,1052.4537
2025-10-08 18:15:00,123822.9,123839.9,123517.7,123557.7,1494.315
2025-10-08 18:30:00,123557.7,123741.7,123351.7,123524.6,1375.6726
2025-10-08 18:45:00,123524.7,123777.2,123352.0,123386.9,1081.1111
2025-10-08 19:00:00,123387.0,123480.0,123139.9,123200.0,862.0892
2025-10-08 19:15:00,123200.1,123607.7,123091.5,123574.9,615.5131
2025-10-08 19:30:00,123574.9,123697.6,123333.3,123370.4,514.1199
2025-10-08 19:45:00,123370.5,123529.3,123340.6,123372.1,555.4924
2025-10-08 20:00:00,123372.0,123464.0,123250.2,123431.9,459.0211
2025-10-08 20:15:00,123432.0,123666.7,123421.1,123487.5,437.3046
2025-10-08 20:30:00,123487.4,123515.0,123288.7,123294.0,279.4719
2025-10-08 20:45:00,123294.0,123331.2,122739.2,122781.2,824.9691
2025-10-08 21:00:00,122781.2,123107.8,122735.6,123028.5,439.3547
2025-10-08 21:15:00,123028.5,123248.6,123028.5,123215.6,217.5412
2025-10-08 21:30:00,123215.5,123277.5,123187.0,123269.7,121.3889
2025-10-08 21:45:00,123269.8,123269.8,123104.6,123219.3,151.969
2025-10-08 22:00:00,123219.4,123354.1,123219.4,123293.7,244.9844
2025-10-08 22:15:00,123293.7,123349.2,123206.2,123230.9,119.2735
2025-10-08 22:30:00,123231.0,123310.7,123231.0,123254.4,91.9334
2025-10-08 22:45:00,123254.4,123272.9,123119.3,123119.3,169.3967
2025-10-08 23:00:00,123119.3,123132.4,122987.7,123080.0,217.883
2025-10-08 23:15:00,123080.0,123422.1,123080.0,123419.9,407.8393
2025-10-08 23:30:00,123420.0,123467.1,123278.1,123292.5,380.9135
2025-10-08 23:45:00,123292.5,123306.1,123233.0,123235.7,162.1671
2025-10-09 00:00:00,123235.8,123288.0,122949.9,123058.1,323.8029
2025-10-09 00:15:00,123058.1,123219.6,122984.4,123005.9,261.8401
2025-10-09 00:30:00,123006.0,123059.4,122800.0,122908.8,558.8673
2025-10-09 00:45:00,122907.1,123050.0,122782.0,122782.1,314.7996
2025-10-09 01:00:00,122782.1,122810.7,122536.8,122577.1,945.5312
2025-10-09 01:15:00,122577.1,122716.6,122465.0,122477.9,560.7088
2025-10-09 01:30:00,122477.8,122477.9,122300.0,122300.0,622.0152
2025-10-09 01:45:00,122300.1,122522.0,122300.0,122503.6,358.0241
2025-10-09 02:00:00,122503.5,122508.3,122011.0,122220.2,988.4495
2025-10-09 02:15:00,122220.3,122272.2,121905.2,121966.2,776.9657
2025-10-09 02:30:00,121966.3,122078.0,121560.0,121646.6,1137.0748
2025-10-09 02:45:00,121646.6,121764.7,121405.4,121560.4,1593.8395
2025-10-09 03:00:00,121560.3,121900.9,121545.7,121746.7,1397.9105
2025-10-09 03:15:00,121746.7,122077.8,121746.6,121900.1,607.7768
2025-10-09 03:30:00,121900.1,122007.5,121827.0,121839.1,450.9255
2025-10-09 03:45:00,121839.1,121992.9,121839.1,121976.9,280.3439
2025-10-09 04:00:00,121977.0,122032.3,121822.9,121841.7,508.7108
2025-10-09 04:15:00,121841.7,122207.4,121841.7,122179.4,468.9219
2025-10-09 04:30:00,122179.4,122179.4,121944.0,121959.9,352.2843
2025-10-09 04:45:00,121960.0,122100.0,121935.5,122070.8,257.5989
2025-10-09 05:00:00,122070.8,122130.0,121850.0,121850.1,292.5668
2025-10-09 05:15:00,121850.1,121977.5,121815.7,121952.3,398.7008
2025-10-09 05:30:00,121952.2,122086.1,121750.0,121905.2,581.7454
2025-10-09 05:45:00,121905.2,122085.1,121850.0,122050.8,356.9441
2025-10-09 06:00:00,122050.8,122060.0,121842.0,121891.7,368.0652
2025-10-09 06:15:00,121891.7,122085.2,121822.0,122033.9,283.5752
2025-10-09 06:30:00,122033.9,122122.0,121968.6,122050.0,220.1216
2025-10-09 06:45:00,122050.0,122099.4,121822.1,121888.1,327.0638
2025-10-09 07:00:00,121888.1,121998.0,121865.8,121900.1,248.9526
2025-10-09 07:15:00,121900.1,121999.0,121739.8,121811.8,271.3666
2025-10-09 07:30:00,121811.8,121823.3,121660.8,121660.9,664.4087
2025-10-09 07:45:00,121660.8,121945.0,121655.0,121842.3,694.3434
2025-10-09 08:00:00,121842.3,121908.9,121632.0,121662.2,620.9615
2025-10-09 08:15:00,121662.2,121662.3,121131.0,121137.7,1925.4145
2025-10-09 08:30:00,121137.8,121579.3,121111.0,121278.5,1105.8485
2025-10-09 08:45:00,121278.5,121460.1,121100.0,121215.0,1154.7938
2025-10-09 09:00:00,121215.1,121634.0,121215.1,121552.9,848.7079
2025-10-09 09:15:00,121552.9,121710.0,121468.7,121642.1,690.5241
2025-10-09 09:30:00,121642.1,121764.7,121586.4,121619.3,605.7597
2025-10-09 09:45:00,121619.4,121799.9,121548.2,121749.6,360.3458
2025-10-09 10:00:00,121749.7,121845.5,121692.7,121808.8,293.9834
2025-10-09 10:15:00,121808.7,121830.5,121588.2,121664.4,364.4205
2025-10-09 10:30:00,121664.3,122261.0,121664.3,122157.2,1136.6182
2025-10-09 10:45:00,122157.2,122287.4,122026.1,122104.7,952.3145
2025-10-09 11:00:00,122104.7,122349.5,122104.7,122168.1,1039.1508
2025-10-09 11:15:00,122168.1,122734.9,122168.1,122636.1,2731.7199
2025-10-09 11:30:00,122636.1,122803.0,122551.0,122794.0,841.5028
2025-10-09 11:45:00,122794.0,122796.9,122654.7,122695.8,498.6179
2025-10-09 12:00:00,122695.8,123118.0,122659.8,122984.1,1800.3215
2025-10-09 12:15:00,122984.1,123108.4,122941.2,122981.2,776.8441
2025-10-09 12:30:00,122981.2,123747.1,122900.8,123492.8,2096.8136
2025-10-09 12:45:00,123492.9,123610.0,123280.1,123510.1,1042.8395
2025-10-09 13:00:00,123510.0,123603.8,123135.7,123200.0,1153.9503
2025-10-09 13:15:00,123199.9,123450.0,123171.8,123414.0,517.7788
2025-10-09 13:30:00,123413.2,123413.2,122529.8,122719.9,2443.1107
2025-10-09 13:45:00,122719.9,123030.0,122239.1,122363.2,2463.93
2025-10-09 14:00:00,122363.2,122557.2,121729.7,122402.6,3451.1563
2025-10-09 14:15:00,122402.7,122483.0,121503.6,121648.1,2424.0741
2025-10-09 14:30:00,121648.1,121790.2,121160.5,121243.7,3013.3004
2025-10-09 14:45:00,121243.6,121424.8,120650.0,121250.1,6112.7785
2025-10-09 15:00:00,121250.1,121665.0,121213.6,121270.2,1903.9504
2025-10-09 15:15:00,121270.3,121330.0,120937.5,120970.0,1527.7603
2025-10-09 15:30:00,120970.0,120980.4,120696.7,120730.9,1838.9716
2025-10-09 15:45:00,120731.0,121226.7,120601.9,121082.0,1405.2011
2025-10-09 16:00:00,121082.1,121349.1,121072.0,121176.9,1027.4018
2025-10-09 16:15:00,121176.9,121423.5,120944.3,121192.7,1269.0269
2025-10-09 16:30:00,121192.7,121240.0,120503.3,120750.1,1784.7929
2025-10-09 16:45:00,120750.1,120818.6,119633.9,119754.3,4578.5221
2025-10-09 17:00:00,119754.4,120300.0,119578.0,120199.7,2706.1644
2025-10-09 17:15:00,120199.8,120455.0,120067.9,120208.0,976.9014
2025-10-09 17:30:00,120207.9,120577.0,120200.0,120420.9,814.9614
2025-10-09 17:45:00,120420.9,121025.6,120360.3,120932.0,2748.805
2025-10-09 18:00:00,120932.0,121092.7,120640.0,120715.4,2134.6061
2025-10-09 18:15:00,120715.5,120879.9,120518.5,120655.1,771.9549
2025-10-09 18:30:00,120655.1,120664.2,120348.0,120566.9,513.7511
2025-10-09 18:45:00,120566.9,120690.2,120459.0,120620.0,381.2958
2025-10-09 19:00:00,120620.0,120920.0,120617.6,120915.0,509.6247
2025-10-09 19:15:00,120915.0,121070.4,120788.8,121056.5,390.0857
2025-10-09 19:30:00,121056.5,121070.0,120766.7,120799.9,265.0611
2025-10-09 19:45:00,120800.0,121021.9,120795.1,120914.0,371.1561
2025-10-09 20:00:00,120914.1,121115.5,120817.4,120817.4,328.8525
2025-10-09 20:15:00,120817.4,120938.8,120801.9,120850.9,187.5393
2025-10-09 20:30:00,120850.9,120978.0,120850.8,120978.0,152.4872
2025-10-09 20:45:00,120978.0,121163.9,120880.0,121062.0,544.2276
2025-10-09 21:00:00,121061.9,121348.0,121018.1,121331.3,564.368
2025-10-09 21:15:00,121331.3,121435.0,121259.3,121277.3,444.7403
2025-10-09 21:30:00,121277.3,121465.0,121191.5,121408.2,340.2496
2025-10-09 21:45:00,121408.2,121448.0,121273.2,121426.0,208.1687
2025-10-09 22:00:00,121426.0,121484.8,121346.7,121432.1,242.9819
2025-10-09 22:15:00,121432.1,121548.0,121416.8,121495.0,487.5367
2025-10-09 22:30:00,121495.0,121647.6,121426.0,121615.1,283.6167
2025-10-09 22:45:00,121615.1,121729.0,121591.1,121638.4,555.5863
2025-10-09 23:00:00,121638.5,121638.5,121388.0,121426.3,372.9796
2025-10-09 23:15:00,121426.3,121500.0,121278.1,121464.2,285.9597
2025-10-09 23:30:00,121464.2,121494.4,121382.0,121493.0,178.6915
2025-10-09 23:45:00,121493.0,121734.0,121452.2,121604.6,677.0227
2025-10-10 00:00:00,121604.6,121705.8,121540.5,121600.0,340.3085
2025-10-10 00:15:00,121600.0,121827.6,121599.9,121827.6,413.7248
2025-10-10 00:30:00,121827.6,121827.6,121655.4,121666.0,308.3296
2025-10-10 00:45:00,121665.9,121750.0,121566.6,121694.5,276.065
2025-10-10 01:00:00,121694.5,121873.3,121677.1,121771.0,263.5675
2025-10-10 01:15:00,121771.0,121777.0,121614.5,121777.0,257.1234
2025-10-10 01:30:00,121777.0,121790.3,121441.0,121534.4,291.6428
2025-10-10 01:45:00,121534.4,121675.6,121498.2,121599.1,391.6248
2025-10-10 02:00:00,121599.1,121619.7,121198.4,121250.0,1353.719
2025-10-10 02:15:00,121249.9,121369.0,121215.7,121320.0,488.5578
2025-10-10 02:30:00,121319.9,121332.4,121033.0,121200.0,642.3816
2025-10-10 02:45:00,121200.1,121244.9,120870.0,121028.2,685.212
2025-10-10 03:00:00,121028.2,121083.9,120876.0,121068.9,622.5074
2025-10-10 03:15:00,121068.9,121427.8,121067.6,121390.2,786.7404
2025-10-10 03:30:00,121390.3,121494.2,121390.3,121464.9,358.7917
2025-10-10 03:45:00,121464.9,121538.0,121000.0,121000.0,786.3655
2025-10-10 04:00:00,121000.0,121350.0,120988.0,121323.6,676.5327
2025-10-10 04:15:00,121323.5,121325.5,121135.4,121254.1,310.538
2025-10-10 04:30:00,121254.1,121322.1,121025.6,121110.2,332.9129
2025-10-10 04:45:00,121110.2,121241.8,121088.1,121190.4,212.2243
2025-10-10 05:00:00,121190.4,121200.0,120945.0,121060.0,359.9757
2025-10-10 05:15:00,121060.0,121467.0,121051.2,121326.5,334.9168
2025-10-10 05:30:00,121326.6,121406.0,121173.1,121405.9,322.5233
2025-10-10 05:45:00,121405.9,121566.7,121405.9,121536.4,325.3413
2025-10-10 06:00:00,121536.4,121721.0,121491.1,121534.9,621.9853
2025-10-10 06:15:00,121534.9,121628.0,121450.9,121467.8,327.7434
2025-10-10 06:30:00,121467.8,121670.9,121403.4,121603.3,334.4732
2025-10-10 06:45:00,121603.2,121678.1,121194.0,121316.4,911.6907
2025-10-10 07:00:00,121316.1,121319.0,121140.0,121218.0,634.6506
2025-10-10 07:15:00,121218.0,121344.0,121150.2,121270.0,407.9516
2025-10-10 07:30:00,121270.0,121308.0,121060.0,121085.0,509.5503
2025-10-10 07:45:00,121085.0,121086.3,120821.0,120895.9,896.702
2025-10-10 08:00:00,120895.9,121151.8,120877.6,121113.9,455.3726
2025-10-10 08:15:00,121113.9,121270.6,121113.9,121228.3,250.4319
2025-10-10 08:30:00,121228.3,121305.1,121170.0,121230.2,328.9241
2025-10-10 08:45:00,121230.2,121614.2,121230.2,121566.2,485.7921
2025-10-10 09:00:00,121566.2,121612.4,121450.7,121463.1,429.2265
2025-10-10 09:15:00,121463.1,121729.0,121412.8,121682.1,347.8634
2025-10-10 09:30:00,121682.0,121695.9,121596.2,121634.0,407.9331
2025-10-10 09:45:00,121634.1,121695.0,121195.6,121258.5,764.6346
2025-10-10 10:00:00,121258.5,121358.0,121250.8,121293.3,191.8474
2025-10-10 10:15:00,121293.4,121443.3,121251.0,121270.2,195.4403
2025-10-10 10:30:00,121270.1,121344.4,121166.1,121272.9,404.2173
2025-10-10 10:45:00,121272.9,121488.0,121241.8,121451.0,579.3044
2025-10-10 11:00:00,121451.0,121616.7,121450.9,121481.5,421.9928
2025-10-10 11:15:00,121481.4,121525.8,121372.7,121401.1,264.9012
2025-10-10 11:30:00,121401.1,121529.4,121401.0,121476.8,183.091
2025-10-10 11:45:00,121476.8,121591.1,121404.6,121500.0,245.3894
2025-10-10 12:00:00,121500.1,121645.0,121422.3,121439.4,256.9836
2025-10-10 12:15:00,121439.4,121535.2,121409.1,121494.6,170.6018
2025-10-10 12:30:00,121494.5,121543.1,121372.5,121419.4,201.2123
2025-10-10 12:45:00,121419.5,121560.8,121410.2,121547.2,261.2734
2025-10-10 13:00:00,121547.2,121869.9,121547.2,121764.7,871.2033
2025-10-10 13:15:00,121764.7,121996.0,121633.6,121912.6,1197.9009
2025-10-10 13:30:00,121912.6,122465.5,121720.0,122186.9,2598.8689
2025-10-10 13:45:00,122187.0,122239.6,121300.0,121580.7,2391.9514
2025-10-10 14:00:00,121580.1,121990.0,121378.7,121601.9,1718.6193
2025-10-10 14:15:00,121602.0,121633.6,121011.9,121160.0,1718.0322
2025-10-10 14:30:00,121160.0,121406.5,121120.0,121304.6,744.9805
2025-10-10 14:45:00,121304.5,121363.7,120418.0,120423.1,2268.1694
2025-10-10 15:00:00,120423.1,120613.5,119847.4,120368.8,7251.4433
2025-10-10 15:15:00,120368.8,120454.6,119165.0,119175.9,6003.4761
2025-10-10 15:30:00,119175.9,119545.6,118425.5,119516.0,7483.6206
2025-10-10 15:45:00,119516.1,119563.8,118805.2,118970.9,2150.3408
2025-10-10 16:00:00,118971.0,119190.8,118602.0,118882.6,1935.2487
2025-10-10 16:15:00,118882.7,119200.0,118520.0,119024.4,1655.7228
2025-10-10 16:30:00,119024.4,119400.0,118767.4,118824.6,1281.8447
2025-10-10 16:45:00,118824.7,118837.0,118133.9,118143.1,3579.6456
2025-10-10 17:00:00,118143.1,118392.6,117600.8,117856.4,3820.0296
2025-10-10 17:15:00,117856.5,118210.0,117695.8,118107.6,1755.175
2025-10-10 17:30:00,118107.6,118155.0,117740.0,117801.6,1283.29
2025-10-10 17:45:00,117801.7,117888.0,117535.4,117584.5,1565.5501
2025-10-10 18:00:00,117584.6,117767.7,117459.9,117608.8,1136.7561
2025-10-10 18:15:00,117608.7,117800.0,117480.0,117554.0,848.4608
2025-10-10 18:30:00,117554.1,117655.8,117374.6,117407.1,789.4208
2025-10-10 18:45:00,117407.1,117600.0,117167.3,117178.7,863.5056
2025-10-10 19:00:00,117178.8,117296.0,116651.0,116787.8,2419.5939
2025-10-10 19:15:00,116787.8,116872.5,115888.0,115994.7,6185.2248
2025-10-10 19:30:00,115994.3,116933.2,115917.3,116875.8,2680.4673
2025-10-10 19:45:00,116875.8,117053.6,116499.9,116595.9,2153.0473
2025-10-10 20:00:00,116595.8,116836.6,116501.0,116720.1,1602.1529
2025-10-10 20:15:00,116720.0,117100.0,116608.7,116999.0,954.2283
2025-10-10 20:30:00,116999.0,117131.7,116718.0,116958.9,743.7668
2025-10-10 20:45:00,116958.9,117040.0,112652.2,114214.7,13602.5423
2025-10-10 21:00:00,114214.8,115048.6,109711.0,112165.6,13714.0138
2025-10-10 21:15:00,112165.5,112471.2,101482.7,108516.3,32379.4063
2025-10-10 21:30:00,108471.0,111735.1,107741.3,110640.0,7524.5153
2025-10-10 21:45:00,110640.0,113385.7,110552.7,112907.0,8223.5972
2025-10-10 22:00:00,112907.0,113555.0,110909.3,113528.2,7266.3932
2025-10-10 22:15:00,113528.2,113609.4,111858.0,112263.3,5441.2533
2025-10-10 22:30:00,112263.2,113163.4,112000.0,113095.8,3862.3979
2025-10-10 22:45:00,113095.8,113937.5,113084.7,113502.6,3619.4147
2025-10-10 23:00:00,113502.6,113666.0,112615.9,112950.8,1966.7925
2025-10-10 23:15:00,112950.7,113798.2,112700.5,113655.4,2439.0413
2025-10-10 23:30:00,113655.4,114656.5,113451.8,114483.9,3595.7572
2025-10-10 23:45:00,114483.8,114498.3,112733.1,112776.1,3121.6471
2025-10-11 00:00:00,112776.1,112995.5,112191.9,112356.3,3029.2544
2025-10-11 00:15:00,112356.2,112459.4,111594.4,112437.1,2543.9812
2025-10-11 00:30:00,112437.1,112641.0,112055.0,112583.1,966.4705
2025-10-11 00:45:00,112583.0,113138.0,112480.0,112480.0,1039.6454
2025-10-11 01:00:00,112480.1,112496.3,111917.8,111939.0,1118.0044
2025-10-11 01:15:00,111938.9,112015.3,111173.0,111254.3,1883.8355
2025-10-11 01:30:00,111254.4,111978.0,111125.0,111222.4,1385.967
2025-10-11 01:45:00,111222.4,111623.3,111011.0,111101.2,1486.6404
2025-10-11 02:00:00,111101.2,112019.5,111085.4,111949.2,1406.4209
2025-10-11 02:15:00,111949.2,112449.9,111860.0,112196.9,1284.233
2025-10-11 02:30:00,112196.9,113202.0,112150.0,113140.3,1274.4379
2025-10-11 02:45:00,113140.3,113318.5,112944.6,113157.3,1571.3885
2025-10-11 03:00:00,113157.3,113272.0,112078.7,112342.5,1446.71
2025-10-11 03:15:00,112342.4,112405.6,111837.8,111867.8,1248.2537
2025-10-11 03:30:00,111867.8,112183.9,111765.8,111874.4,848.8274
2025-10-11 03:45:00,111874.5,112384.1,111814.0,112268.3,613.8705
2025-10-11 04:00:00,112268.3,112485.6,112037.5,112382.0,514.2206
2025-10-11 04:15:00,112382.0,112559.6,112041.8,112238.6,498.1288
2025-10-11 04:30:00,112238.6,112262.6,111657.0,112101.0,691.1809
2025-10-11 04:45:00,112101.0,112934.2,111910.8,112906.5,1055.4867
2025-10-18 11:45:00,106978.3,107171.4,106875.7,107147.3,430.8088
2025-10-18 12:00:00,107147.4,107176.7,107015.1,107127.2,323.7954
2025-10-18 12:15:00,107127.2,107250.0,107003.7,107049.7,330.0079
2025-10-18 12:30:00,107049.7,107049.7,106903.4,106977.5,188.0734
2025-10-18 12:45:00,106977.5,107046.7,106930.5,106992.5,159.2244
2025-10-18 13:00:00,106992.5,107010.9,106848.4,106988.9,256.6865
2025-10-18 13:15:00,106988.9,107037.5,106841.7,106935.7,256.0678
2025-10-18 13:30:00,106935.7,106935.7,106739.6,106826.7,404.2968
2025-10-18 13:45:00,106826.7,106924.0,106742.0,106834.3,241.2177
2025-10-18 14:00:00,106834.2,106914.2,106670.9,106790.6,358.3777
2025-10-18 14:15:00,106790.5,106939.0,106715.5,106861.3,311.708
2025-10-18 14:30:00,106861.2,107070.0,106850.3,106888.6,338.6528
2025-10-18 14:45:00,106888.6,107014.9,106846.4,106971.0,268.0875
2025-10-18 15:00:00,106971.1,107093.4,106964.5,106997.2,311.0469
2025-10-18 15:15:00,106997.2,107068.0,106908.8,106909.2,221.1236
2025-10-18 15:30:00,106909.2,106909.2,106762.0,106838.1,279.5991
2025-10-18 15:45:00,106838.0,106923.1,106826.6,106884.5,168.2408
2025-10-18 16:00:00,106884.5,107002.1,106838.8,106869.2,223.9391
2025-10-18 16:15:00,106869.1,106886.3,106660.0,106760.6,328.9613
2025-10-18 16:30:00,106760.5,106760.6,106400.0,106523.8,779.7283
2025-10-18 16:45:00,106523.9,106675.6,106489.4,106602.4,263.0426
2025-10-18 17:00:00,106602.4,106666.0,106511.8,106666.0,283.1015
2025-10-18 17:15:00,106665.9,106908.8,106665.9,106883.5,384.1012
2025-10-18 17:30:00,106883.5,106898.5,106700.0,106745.9,269.0556
2025-10-18 17:45:00,106746.0,106860.0,106723.3,106823.0,190.7157
2025-10-18 18:00:00,106823.0,106873.8,106674.4,106680.0,176.6774
2025-10-18 18:15:00,106680.0,106758.7,106668.1,106758.6,119.2283
2025-10-18 18:30:00,106758.6,106825.4,106749.0,106796.8,139.1643
2025-10-18 18:45:00,106796.8,106816.0,106746.6,106782.2,105.9375
2025-10-18 19:00:00,106782.3,106824.7,106703.9,106818.1,163.5969
2025-10-18 19:15:00,106818.1,106940.0,106811.9,106918.8,166.4816
2025-10-18 19:30:00,106918.8,106988.0,106856.0,106945.3,227.5116
2025-10-18 19:45:00,106945.2,107040.1,106934.7,107005.9,149.405
2025-10-18 20:00:00,107005.8,107200.1,106969.6,106980.1,451.3648
2025-10-18 20:15:00,106980.0,107183.4,106932.9,107172.9,303.249
2025-10-18 20:30:00,107173.0,107282.6,107052.6,107100.0,260.7947
2025-10-18 20:45:00,107099.9,107187.8,106946.1,106946.2,163.5818
2025-10-18 21:00:00,106946.2,106987.1,106788.4,106868.6,212.2978
2025-10-18 21:15:00,106868.6,107046.0,106788.5,107046.0,172.7209
2025-10-18 21:30:00,107045.9,107124.3,106975.1,107018.4,161.3796
2025-10-18 21:45:00,107018.4,107173.9,106995.9,107105.5,103.4485
2025-10-18 22:00:00,107105.4,107139.4,107031.7,107055.6,158.006
2025-10-18 22:15:00,107055.7,107233.0,107031.8,107176.4,177.7504
2025-10-18 22:30:00,107176.3,107199.8,107073.3,107096.0,121.4921
2025-10-18 22:45:00,107096.0,107096.0,107000.1,107061.9,127.0635
2025-10-18 23:00:00,107061.8,107123.2,106998.4,107049.8,155.8427
2025-10-18 23:15:00,107049.7,107081.9,106933.9,107000.0,182.8826
2025-10-18 23:30:00,107000.1,107070.2,107000.0,107027.5,101.9823
2025-10-18 23:45:00,107027.5,107145.3,107027.5,107118.7,122.4485
2025-10-19 00:00:00,107118.7,107204.3,106933.9,107008.9,359.3368
2025-10-19 00:15:00,107008.9,107100.0,106989.4,107013.4,254.9735
2025-10-19 00:30:00,107013.4,107027.6,106709.2,106775.2,490.174
2025-10-19 00:45:00,106775.2,106862.8,106694.3,106838.7,298.4333
2025-10-19 01:00:00,106838.7,106838.7,106683.6,106769.6,175.4047
2025-10-19 01:15:00,106769.6,106925.9,106769.5,106906.3,194.9446
2025-10-19 01:30:00,106906.4,106922.0,106819.3,106855.6,122.9689
2025-10-19 01:45:00,106855.6,106944.3,106855.6,106923.3,150.8967
2025-10-19 02:00:00,106923.2,106960.0,106856.8,106886.7,176.1263
2025-10-19 02:15:00,106886.7,106958.9,106826.3,106838.9,150.355
2025-10-19 02:30:00,106838.9,106888.0,106786.9,106804.3,126.9949
2025-10-19 02:45:00,106804.4,106833.7,106756.6,106801.9,112.5387
2025-10-19 03:00:00,106802.0,106802.0,106749.2,106794.9,224.2904
2025-10-19 03:15:00,106794.9,107119.2,106794.8,107081.2,506.4939
2025-10-19 03:30:00,107081.2,107222.0,107076.2,107183.1,532.8366
2025-10-19 03:45:00,107183.1,107315.0,107153.2,107214.8,534.0016
2025-10-19 04:00:00,107214.9,107244.4,106900.0,106988.0,555.4638
2025-10-19 04:15:00,106988.0,107017.0,106933.6,107012.2,155.2855
2025-10-19 04:30:00,107012.2,107100.0,106999.8,107055.6,136.7485
2025-10-19 04:45:00,107055.6,107099.2,106957.5,106979.0,139.3087
2025-10-19 05:00:00,106979.0,107033.8,106973.0,106988.5,120.7373
2025-10-19 05:15:00,106988.5,107128.1,106855.1,106917.4,322.2178
2025-10-19 05:30:00,106917.5,106990.5,106888.0,106918.5,176.1515
2025-10-19 05:45:00,106918.4,106918.4,106755.0,106836.3,460.1488
2025-10-19 06:00:00,106836.3,106858.8,106753.0,106755.2,280.0117
2025-10-19 06:15:00,106755.1,106784.0,106719.6,106754.1,297.1842
2025-10-19 06:30:00,106754.1,106764.9,106491.0,106641.3,746.0756
2025-10-19 06:45:00,106641.3,106731.8,106600.0,106722.1,227.7432
2025-10-19 07:00:00,106722.2,106830.0,106674.8,106817.3,271.7664
2025-10-19 07:15:00,106817.3,106868.0,106762.2,106789.0,232.9456
2025-10-19 07:30:00,106789.1,106839.9,106651.1,106698.9,276.0561
2025-10-19 07:45:00,106698.8,106757.5,106650.2,106736.7,170.0288
2025-10-19 08:00:00,106736.7,106900.7,106718.3,106786.3,424.5317
2025-10-19 08:15:00,106786.4,107188.0,106172.9,106653.6,2119.2451
2025-10-19 08:30:00,106653.5,106679.9,106374.7,106447.7,601.9753
2025-10-19 08:45:00,106447.7,106527.9,106235.9,106402.2,1045.0241
2025-10-19 09:00:00,106402.2,106438.0,106141.7,106276.7,1178.7245
2025-10-19 09:15:00,106276.6,106407.9,106077.0,106125.6,671.9043
2025-10-19 09:30:00,106125.6,107166.4,106115.6,106912.5,1861.9494
2025-10-19 09:45:00,106912.6,108188.0,106701.0,107347.1,6202.0987
2025-10-19 10:00:00,107347.1,107610.0,106915.2,107376.0,1420.3039
2025-10-19 10:15:00,107376.0,107824.7,107261.3,107736.6,1005.5283
2025-10-19 10:30:00,107736.6,107820.0,107532.9,107672.5,739.1402
2025-10-19 10:45:00,107672.5,107829.2,107433.8,107823.0,534.3505
2025-10-19 11:00:00,107822.9,108187.6,107813.4,108042.5,1386.9771
2025-10-19 11:15:00,108042.4,108100.5,107700.0,107762.5,677.0312
2025-10-19 11:30:00,107762.6,107910.8,107755.6,107757.0,381.0166
2025-10-19 11:45:00,107757.1,107770.4,107574.5,107725.9,501.8185
2025-10-19 12:00:00,107725.9,107800.0,107461.0,107514.4,434.9831
2025-10-19 12:15:00,107514.4,107579.5,107412.3,107449.1,349.7924
2025-10-19 12:30:00,107449.2,107653.4,107388.0,107465.2,345.7313
2025-10-19 12:45:00,107465.2,107630.9,107385.4,107630.8,533.7203
2025-10-19 13:00:00,107630.8,107630.9,107312.1,107406.0,585.8311
2025-10-19 13:15:00,107406.1,107476.6,107346.3,107449.9,411.6037
2025-10-19 13:30:00,107450.0,107845.9,107438.0,107786.6,612.5745
2025-10-19 13:45:00,107786.6,108168.0,107714.5,108040.0,1321.2189
2025-10-19 14:00:00,108040.0,108119.9,107833.0,107934.3,839.9704
2025-10-19 14:15:00,107934.4,108465.9,107888.0,108339.6,1430.8282
2025-10-19 14:30:00,108339.7,108385.0,108104.2,108204.0,1027.4715
2025-10-19 14:45:00,108204.0,108450.0,108146.9,108356.5,506.9589
2025-10-19 15:00:00,108356.5,108528.2,108323.1,108440.5,1203.8122
2025-10-19 15:15:00,108440.5,108562.6,108330.8,108418.8,696.4434
2025-10-19 15:30:00,108418.8,108455.1,108262.0,108299.9,305.2044
2025-10-19 15:45:00,108300.0,108420.0,108300.0,108420.0,297.9052
2025-10-19 16:00:00,108419.9,108461.1,108242.6,108287.2,292.2651
2025-10-19 16:15:00,108287.2,108312.0,108180.0,108292.1,295.4882
2025-10-19 16:30:00,108292.2,108922.7,108210.7,108857.5,1190.7905
2025-10-19 16:45:00,108857.5,108909.5,108533.9,108572.3,856.5652
2025-10-19 17:00:00,108572.4,109103.5,108554.0,109071.0,1085.1593
2025-10-19 17:15:00,109071.0,109385.2,108941.1,109000.0,1845.1842
2025-10-19 17:30:00,109000.1,109210.1,108954.0,109102.1,385.5718
2025-10-19 17:45:00,109102.1,109137.8,108961.4,109055.6,302.3021
2025-10-19 18:00:00,109055.6,109176.7,108980.0,109154.2,334.5798
2025-10-19 18:15:00,109154.3,109303.5,109068.0,109162.3,364.4904
2025-10-19 18:30:00,109162.3,109348.0,109100.0,109275.5,391.4517
2025-10-19 18:45:00,109275.5,109398.4,109235.4,109330.2,339.2586
2025-10-19 19:00:00,109330.2,109330.2,108833.0,109036.7,659.77
2025-10-19 19:15:00,109036.6,109142.9,109000.8,109095.9,437.6266
2025-10-19 19:30:00,109095.9,109096.0,108758.2,108868.9,424.9631
2025-10-19 19:45:00,108868.8,108918.6,108750.0,108855.6,268.7385
2025-10-19 20:00:00,108855.6,108941.8,108771.3,108833.8,232.1142
2025-10-19 20:15:00,108833.8,108900.1,108783.2,108884.4,132.0031
2025-10-19 20:30:00,108884.4,108910.1,108772.4,108840.4,157.014
2025-10-19 20:45:00,108840.4,108936.8,108785.7,108790.8,279.6407
2025-10-19 21:00:00,108790.8,108830.1,108649.6,108731.2,301.4863
2025-10-19 21:15:00,108731.2,108740.4,108555.0,108568.1,252.1966
2025-10-19 21:30:00,108568.1,108733.1,108568.0,108701.7,255.168
2025-10-19 21:45:00,108701.7,108727.7,108575.2,108700.9,127.9232
2025-10-19 22:00:00,108700.9,109041.8,108700.9,109014.3,523.9912
2025-10-19 22:15:00,109014.1,109198.1,108975.9,109128.2,457.6975
2025-10-19 22:30:00,109128.2,109316.1,109122.9,109227.4,372.345
2025-10-19 22:45:00,109227.3,109282.5,109043.0,109091.7,203.2929
2025-10-19 23:00:00,109091.7,109091.7,108773.2,108794.3,415.7767
2025-10-19 23:15:00,108794.3,108864.5,108632.4,108721.8,262.1333
2025-10-19 23:30:00,108721.8,108770.9,108415.3,108500.8,434.9764
2025-10-19 23:45:00,108500.9,108613.1,108416.9,108588.5,403.8833
2025-10-20 00:00:00,108588.5,108588.6,107951.6,108025.7,1084.8599
2025-10-20 00:15:00,108025.6,108082.7,107459.8,107617.3,2060.7323
2025-10-20 00:30:00,107617.2,108070.9,107383.0,107807.4,1443.9117
2025-10-20 00:45:00,107807.4,108047.3,107755.4,108011.1,568.192
2025-10-20 01:00:00,108011.1,108249.9,107850.0,108058.9,733.1359
2025-10-20 01:15:00,108058.9,108158.4,107851.1,108065.8,375.6409
2025-10-20 01:30:00,108065.8,108163.2,107909.5,108024.8,351.3198
2025-10-20 01:45:00,108024.8,108175.0,107949.0,108004.1,574.9369
2025-10-20 02:00:00,108004.0,108070.7,107805.1,107967.7,392.4959
2025-10-20 02:15:00,107967.6,108474.8,107937.9,108395.8,816.0268
2025-10-20 02:30:00,108395.8,108757.2,108252.4,108693.5,858.052
2025-10-20 02:45:00,108693.6,108935.2,108616.2,108716.3,812.069
2025-10-20 03:00:00,108716.4,108733.6,108511.0,108651.6,339.1925
2025-10-20 03:15:00,108651.7,108911.9,108618.0,108719.9,444.455
2025-10-20 03:30:00,108719.9,109183.2,108600.0,109070.5,800.0598
2025-10-20 03:45:00,109070.5,110395.6,109002.3,110089.9,4379.0834
2025-10-20 04:00:00,110089.9,110490.0,110044.3,110338.5,1416.7332
2025-10-20 04:15:00,110338.5,110421.3,109903.8,110019.9,1559.4727
2025-10-20 04:30:00,110020.0,110276.1,110019.9,110194.6,643.2318
2025-10-20 04:45:00,110194.6,110400.0,110148.9,110367.0,877.2322
2025-10-20 05:00:00,110367.0,110553.7,110225.4,110479.2,640.8774
2025-10-20 05:15:00,110479.3,110686.4,110384.0,110515.7,1096.3908
2025-10-20 05:30:00,110515.8,110751.6,110492.2,110734.4,951.7623
2025-10-20 05:45:00,110734.4,111066.7,110654.2,110963.0,1265.9701
2025-10-20 06:00:00,110963.0,111187.8,110925.9,111088.9,1169.9891
2025-10-20 06:15:00,111088.9,111233.0,110933.5,110986.8,867.5153
2025-10-20 06:30:00,110986.8,111300.0,110979.6,111242.6,732.7919
2025-10-20 06:45:00,111242.6,111315.1,111100.0,111223.9,425.0051
2025-10-20 07:00:00,111224.0,111252.8,111043.3,111205.5,828.1454
2025-10-20 07:15:00,111205.6,111366.2,111173.9,111299.7,827.127
2025-10-20 07:30:00,111299.4,111299.5,111100.0,111187.9,705.3045
2025-10-20 07:45:00,111187.9,111219.0,111003.2,111148.0,669.9611
2025-10-20 08:00:00,111148.1,111180.0,110980.4,111127.2,634.1997
2025-10-20 08:15:00,111127.1,111212.2,110903.0,111212.2,731.4338
2025-10-20 08:30:00,111212.2,111643.1,111111.0,111261.2,1683.6663
2025-10-20 08:45:00,111261.2,111356.8,111000.7,111049.6,552.0567
2025-10-20 09:00:00,111049.5,111150.0,110909.3,111073.8,468.8383
2025-10-20 09:15:00,111073.8,111092.2,110666.1,110766.3,996.0269
2025-10-20 09:30:00,110766.4,110818.3,110650.1,110801.3,537.3682
2025-10-20 09:45:00,110801.3,111002.0,110706.0,110928.3,516.0681
2025-10-20 10:00:00,110928.3,111030.8,110805.2,110932.4,362.7062
2025-10-20 10:15:00,110932.3,111013.3,110840.3,110985.0,322.7682
2025-10-20 10:30:00,110985.0,111065.0,110866.7,110882.3,328.944
2025-10-20 10:45:00,110882.3,110916.9,110603.1,110710.0,717.7922
2025-10-20 11:00:00,110710.0,110731.6,110566.4,110659.1,486.1952
2025-10-20 11:15:00,110659.2,110858.0,110643.3,110767.5,398.2017
2025-10-20 11:30:00,110767.5,110796.5,110665.0,110706.5,273.6032
2025-10-20 11:45:00,110706.6,110985.0,110687.3,110975.7,553.7506
2025-10-20 12:00:00,110975.8,110975.8,110822.6,110853.5,432.0413
2025-10-20 12:15:00,110853.5,111055.6,110808.5,110998.9,331.0387
2025-10-20 12:30:00,110999.0,111189.0,110843.7,110903.9,1022.8342
2025-10-20 12:45:00,110903.9,110960.0,110727.0,110806.7,426.6832
2025-10-20 13:00:00,110806.7,110848.7,110550.0,110580.2,616.0769
2025-10-20 13:15:00,110580.2,110751.8,110550.0,110700.1,458.8059
2025-10-20 13:30:00,110700.1,110990.7,110587.2,110874.0,1286.7061
2025-10-20 13:45:00,110874.1,111165.2,110854.0,111107.3,1198.4513
2025-10-20 14:00:00,111107.3,111265.8,110914.4,110934.9,805.4543
2025-10-20 14:15:00,110935.0,111250.0,110681.0,111221.6,966.473
2025-10-20 14:30:00,111221.6,111250.0,110938.9,111050.0,688.3366
2025-10-20 14:45:00,111049.9,111346.1,111049.9,111161.3,673.854
2025-10-20 15:00:00,111161.4,111555.0,110965.5,110991.6,1450.8158
2025-10-20 15:15:00,110991.6,111258.9,110944.5,111236.3,783.2974
2025-10-20 15:30:00,111236.2,111339.2,111125.0,111326.9,623.0707
2025-10-20 15:45:00,111326.9,111694.0,111080.0,111092.5,1828.907
2025-10-20 16:00:00,111092.4,111271.9,110467.5,111018.7,2677.1008
2025-10-20 16:15:00,111018.8,111232.0,110837.5,110943.4,1185.6819
2025-10-20 16:30:00,110943.5,110943.5,110309.1,110435.5,3516.0935
2025-10-20 16:45:00,110435.5,110647.4,110060.0,110630.0,2428.424
2025-10-20 17:00:00,110630.1,111039.7,110431.3,110518.0,1291.8301
2025-10-20 17:15:00,110517.9,110609.3,110246.0,110320.6,524.3099
2025-10-20 17:30:00,110320.6,110345.0,109803.1,109891.2,1688.8765
2025-10-20 17:45:00,109891.2,110440.8,109869.1,110242.3,1106.5693
2025-10-20 18:00:00,110242.3,110494.6,110205.6,110270.8,458.4615
2025-10-20 18:15:00,110270.8,110633.8,110159.1,110600.2,511.9971
2025-10-20 18:30:00,110600.2,110773.9,110517.2,110722.9,483.9527
2025-10-20 18:45:00,110722.9,110929.5,110666.7,110875.0,506.2388
2025-10-20 19:00:00,110875.1,111025.6,110655.1,110743.9,576.0319
2025-10-20 19:15:00,110744.0,110792.9,110460.6,110742.1,613.4995
2025-10-20 19:30:00,110742.1,110880.0,110661.1,110791.2,360.1173
2025-10-20 19:45:00,110791.5,110900.0,110718.8,110750.0,306.677
2025-10-20 20:00:00,110749.9,111289.5,110606.1,110957.5,1438.5235
2025-10-20 20:15:00,110957.6,111058.5,110853.6,110995.2,419.8666
2025-10-20 20:30:00,110995.3,111040.3,110876.0,111040.3,243.4636
2025-10-20 20:45:00,111040.5,111089.5,110907.2,111040.2,199.5904
2025-10-20 21:00:00,111040.2,111199.9,110979.2,110979.3,552.4478
2025-10-20 21:15:00,110979.3,110979.3,110730.4,110847.1,309.9116
2025-10-20 21:30:00,110847.1,110847.1,110610.0,110639.8,261.2008
2025-10-20 21:45:00,110639.9,110645.4,110393.0,110514.0,426.4887
2025-10-20 22:00:00,110513.9,110629.1,110351.9,110615.9,241.396
2025-10-20 22:15:00,110615.9,110735.5,110602.2,110623.7,245.6304
2025-10-20 22:30:00,110623.7,110817.3,110617.5,110797.8,194.2645
2025-10-20 22:45:00,110797.7,110805.0,110686.7,110744.3,136.2116
2025-10-20 23:00:00,110744.4,110776.5,110518.4,110535.1,251.2762
2025-10-20 23:15:00,110535.2,110725.2,110479.1,110718.6,466.6598
2025-10-20 23:30:00,110718.5,110718.6,110525.2,110525.3,280.831
2025-10-20 23:45:00,110525.3,110617.0,110472.3,110487.8,237.0351
2025-10-21 00:00:00,110487.8,110487.8,110116.3,110124.4,1015.1083
2025-10-21 00:15:00,110124.3,110376.5,110124.3,110282.5,477.2085
2025-10-21 00:30:00,110282.6,110468.3,110226.1,110460.1,323.1784
2025-10-21 00:45:00,110460.1,110488.0,110356.1,110400.6,233.819
2025-10-21 01:00:00,110400.6,110441.0,110073.7,110082.3,453.1682
2025-10-21 01:15:00,110082.4,110263.1,110082.3,110236.8,301.4672
2025-10-21 01:30:00,110236.8,110265.4,110057.0,110066.0,314.0516
2025-10-21 01:45:00,110066.0,110161.0,109467.9,109815.0,1971.1664
2025-10-21 02:00:00,109815.0,109877.8,109402.6,109587.5,916.8889
2025-10-21 02:15:00,109587.4,109634.3,109265.6,109439.9,826.7463
2025-10-21 02:30:00,109439.9,109709.3,109335.0,109566.8,945.4855
2025-10-21 02:45:00,109566.9,109632.0,109382.0,109475.6,369.2042
2025-10-21 03:00:00,109475.7,109576.8,109355.9,109379.7,567.1745
2025-10-21 03:15:00,109379.7,109523.4,109205.7,109395.1,657.9456
2025-10-21 03:30:00,109395.1,109534.0,109366.0,109436.6,293.283
2025-10-21 03:45:00,109436.5,109436.6,109015.2,109015.2,763.4374
2025-10-21 04:00:00,109015.2,109015.3,107941.6,108267.9,4816.8821
2025-10-21 04:15:00,108267.9,108311.7,108000.0,108197.7,1373.3837
2025-10-21 04:30:00,108197.8,108197.8,107767.0,107842.3,1907.2466
2025-10-21 04:45:00,107840.7,107969.9,107600.0,107753.2,1557.306
2025-10-21 05:00:00,107753.3,107948.7,107455.7,107681.1,1694.9587
2025-10-21 05:15:00,107681.0,107914.9,107527.8,107848.5,1331.6463
2025-10-21 05:30:00,107848.5,107942.3,107408.3,107662.4,1283.8615
2025-10-21 05:45:00,107662.5,107787.9,107410.7,107508.8,825.5021
2025-10-21 06:00:00,107508.7,107692.3,107460.1,107603.0,680.6509
2025-10-21 06:15:00,107602.9,108162.7,107584.2,107932.7,1353.4599
2025-10-21 06:30:00,107932.6,108031.4,107800.0,107882.5,570.8095
2025-10-21 06:45:00,107882.5,108058.0,107816.9,107860.1,647.9076
2025-10-21 07:00:00,107860.1,107895.0,107605.0,107605.1,939.3016
2025-10-21 07:15:00,107605.0,107987.1,107605.0,107984.3,766.752
2025-10-21 07:30:00,107984.3,108111.0,107898.5,107978.8,629.2993
2025-10-21 07:45:00,107978.8,108143.2,107939.3,108020.0,488.6924
2025-10-21 08:00:00,108020.0,108045.2,107700.5,107753.3,601.5538
2025-10-21 08:15:00,107753.4,107900.0,107669.9,107800.0,886.0772
2025-10-21 08:30:00,107800.0,107800.1,107490.2,107559.8,975.5661
2025-10-21 08:45:00,107559.9,107807.2,107427.0,107652.0,1017.5069
2025-10-21 09:00:00,107652.0,107791.1,107500.0,107749.9,603.7563
2025-10-21 09:15:00,107749.9,107827.6,107603.5,107731.3,714.7882
2025-10-21 09:30:00,107731.3,107816.6,107615.3,107662.3,309.81
2025-10-21 09:45:00,107662.3,107752.8,107662.2,107707.3,192.4469
2025-10-21 10:00:00,107707.3,107865.7,107635.4,107712.1,353.5998
2025-10-21 10:15:00,107712.1,107715.6,107523.6,107580.9,401.7963
2025-10-21 10:30:00,107580.8,108075.0,107557.0,107944.0,1050.6487
2025-10-21 10:45:00,107943.9,108778.7,107943.9,108453.7,2760.754
2025-10-21 11:00:00,108453.7,108467.8,108110.0,108275.6,985.8228
2025-10-21 11:15:00,108275.5,108440.4,108213.5,108290.1,414.0476
2025-10-21 11:30:00,108290.2,108470.2,108187.4,108356.0,434.854
2025-10-21 11:45:00,108356.1,108587.7,108356.1,108520.3,401.9228
2025-10-21 12:00:00,108520.4,108571.4,108418.2,108418.2,374.2496
2025-10-21 12:15:00,108418.2,109424.0,108410.1,109071.4,2097.627
2025-10-21 12:30:00,109071.5,109313.7,108800.0,109280.0,941.2479
2025-10-21 12:45:00,109280.0,109428.9,108710.0,108729.3,1215.0384
2025-10-21 13:00:00,108729.2,108849.0,107821.8,108529.4,2418.2844
2025-10-21 13:15:00,108529.5,108790.0,108392.7,108658.3,835.9147
2025-10-21 13:30:00,108658.3,108833.6,108250.0,108578.8,1073.4482
2025-10-21 13:45:00,108578.8,108578.8,108115.0,108387.1,1095.2612
2025-10-21 14:00:00,108387.9,109766.0,108348.9,109690.3,2691.1473
2025-10-21 14:15:00,109690.3,110534.0,109444.3,109628.3,4571.1519
2025-10-21 14:30:00,109628.4,110068.3,109601.0,109893.3,1407.8352
2025-10-21 14:45:00,109893.2,112303.5,109715.0,112159.5,8165.6089
2025-10-21 15:00:00,112159.4,112938.0,111701.9,112355.6,5471.9684
2025-10-21 15:15:00,112355.6,113127.2,112218.4,112938.2,2575.423
2025-10-21 15:30:00,112938.2,113322.5,112685.0,113296.2,2662.9439
2025-10-21 15:45:00,113296.3,113541.7,113051.7,113384.5,2422.478
2025-10-21 16:00:00,113384.5,113556.2,113066.0,113500.1,1753.6369
2025-10-21 16:15:00,113500.0,113885.8,113477.6,113643.3,2106.8393
2025-10-21 16:30:00,113643.3,113988.0,113322.0,113408.4,2174.17
2025-10-21 16:45:00,113408.4,113582.6,112423.0,112544.2,3087.8368
2025-10-21 17:00:00,112544.3,112975.0,112350.6,112701.2,2485.6586
2025-10-21 17:15:00,112701.2,112770.9,111769.4,112372.0,3712.4533
2025-10-21 17:30:00,112372.0,112596.0,112167.3,112465.3,1365.0995
2025-10-21 17:45:00,112465.3,112527.9,111953.4,111997.2,984.0178
2025-10-21 18:00:00,111996.1,112300.0,111747.2,111857.5,1155.7446
2025-10-21 18:15:00,111857.5,112130.0,111788.1,111831.8,726.6781
2025-10-21 18:30:00,111831.9,111941.8,111310.0,111634.0,1517.8812
2025-10-21 18:45:00,111633.9,112016.6,111618.0,111974.8,728.6685
2025-10-21 19:00:00,111974.8,112131.8,111920.9,112131.8,426.3264
2025-10-21 19:15:00,112131.7,112177.9,111603.3,111693.3,651.5483
2025-10-21 19:30:00,111693.3,111797.9,111533.4,111781.5,939.663
2025-10-21 19:45:00,111781.6,112000.0,111725.2,111756.4,468.077
2025-10-21 20:00:00,111756.4,111776.0,111169.0,111290.6,1187.6566
2025-10-21 20:15:00,111290.7,111339.1,110500.0,110809.6,2473.7202
2025-10-21 20:30:00,110809.6,111061.8,110666.7,110919.3,662.8402
2025-10-21 20:45:00,110919.4,111076.9,110750.0,110767.3,502.6483
2025-10-21 21:00:00,110767.3,111067.6,110656.5,111067.3,614.1728
2025-10-21 21:15:00,111067.4,111098.0,110080.6,110475.6,2091.8314
2025-10-21 21:30:00,110475.6,110900.0,110362.5,110882.3,858.8418
2025-10-21 21:45:00,110882.4,110950.0,110679.6,110786.4,482.1044
2025-10-21 22:00:00,110786.5,110786.5,110020.0,110400.7,1476.7716
2025-10-21 22:15:00,110400.7,110495.5,109556.0,109598.0,1785.262
2025-10-21 22:30:00,109598.0,109789.9,108215.8,109132.6,4713.7602
2025-10-21 22:45:00,109132.6,109418.6,108916.1,109040.1,971.7055
2025-10-21 23:00:00,109040.1,109303.8,108921.9,109192.7,721.0871
2025-10-21 23:15:00,109192.7,109420.0,109043.9,109104.7,993.1443
2025-10-21 23:30:00,109104.6,109104.6,107905.7,108448.3,3586.8321
2025-10-21 23:45:00,108448.3,108628.3,108240.1,108243.0,1466.4262
2025-10-22 00:00:00,108243.1,108654.7,108111.0,108498.8,1772.8215
2025-10-22 00:15:00,108498.8,108498.8,107812.2,107957.9,1242.4665
2025-10-22 00:30:00,107958.5,108285.8,107758.2,108026.3,1330.6353
2025-10-22 00:45:00,108026.4,108166.6,107933.6,107933.6,633.6418
2025-10-22 01:00:00,107933.7,108388.0,107933.7,108336.5,879.2855
2025-10-22 01:15:00,108336.4,108336.5,107950.0,108100.1,777.2491
2025-10-22 01:30:00,108100.2,108236.8,107975.0,108208.2,579.7652
2025-10-22 01:45:00,108208.2,108446.7,108096.7,108301.1,926.7042
2025-10-22 02:00:00,108301.1,108648.3,108265.8,108615.0,859.7592
2025-10-22 02:15:00,108614.9,108631.0,108400.0,108526.0,584.0781
2025-10-22 02:30:00,108526.0,108526.0,108214.4,108236.0,429.7587
2025-10-22 02:45:00,108236.0,108292.5,108150.0,108150.0,430.3242
2025-10-22 03:00:00,108150.0,108167.6,107934.3,107965.6,570.256
2025-10-22 03:15:00,107965.6,108174.7,107792.2,108100.0,956.8461
2025-10-22 03:30:00,108100.1,108142.9,107900.0,107988.7,449.8997
2025-10-22 03:45:00,107988.7,108204.6,107939.4,108154.0,806.9622
2025-10-22 04:00:00,108153.9,108458.6,108091.9,108398.7,994.6988
2025-10-22 04:15:00,108398.6,108488.0,108313.7,108315.1,428.8408
2025-10-22 04:30:00,108315.2,108500.0,108297.2,108424.5,479.6409
2025-10-22 04:45:00,108424.5,108566.3,108393.6,108551.2,514.8291
2025-10-22 05:00:00,108551.1,108576.8,108269.0,108288.0,589.9871
2025-10-22 05:15:00,108288.1,108318.0,107883.0,107988.1,1086.0428
2025-10-22 05:30:00,107988.1,108068.2,107830.2,107909.2,693.378
2025-10-22 05:45:00,107909.3,108156.1,107875.1,108114.5,405.3004
2025-10-22 06:00:00,108114.5,108123.4,107977.2,108090.9,353.4009
2025-10-22 06:15:00,108091.0,108292.8,108000.9,108189.1,439.4631
2025-10-22 06:30:00,108189.1,108250.0,107885.6,107979.3,807.4914
2025-10-22 06:45:00,107979.3,108039.0,107900.0,107930.0,387.456
2025-10-22 07:00:00,107930.0,107970.3,107551.3,107564.0,1394.7693
2025-10-22 07:15:00,107564.0,107950.5,107564.0,107941.5,789.7493
2025-10-22 07:30:00,107941.5,108253.7,107913.3,108110.9,667.284
2025-10-22 07:45:00,108110.9,108277.9,108034.1,108277.8,649.2572
2025-10-22 08:00:00,108277.8,108278.0,108030.0,108041.1,426.2682
2025-10-22 08:15:00,108041.1,108298.7,108029.9,108195.1,435.099
2025-10-22 08:30:00,108195.2,108256.0,108070.2,108245.3,411.9932
2025-10-22 08:45:00,108245.3,108303.3,108130.3,108161.0,418.232
2025-10-22 09:00:00,108161.0,108207.9,107930.8,107940.1,433.6039
2025-10-22 09:15:00,107940.0,108160.5,107801.0,108145.1,489.5367
2025-10-22 09:30:00,108145.1,108228.1,107802.1,107802.2,682.9646
2025-10-22 09:45:00,107802.1,108053.2,107712.6,107900.5,540.2006
2025-10-22 10:00:00,107900.5,108043.8,107800.0,107905.0,350.4542
2025-10-22 10:15:00,107905.0,108061.0,107781.4,107872.4,379.2297
2025-10-22 10:30:00,107872.5,107930.4,107751.3,107788.4,340.0843
2025-10-22 10:45:00,107788.4,107788.4,107580.2,107603.9,573.6392
2025-10-22 11:00:00,107604.9,107959.2,106600.0,107922.6,6457.0548
2025-10-22 11:15:00,107922.6,108169.1,107724.0,107760.3,1596.1549
2025-10-22 11:30:00,107761.6,107945.6,107637.4,107663.4,781.2613
2025-10-22 11:45:00,107663.4,107688.8,107273.3,107500.1,1122.0819
2025-10-22 12:00:00,107500.0,107720.3,107387.5,107654.0,618.7697
2025-10-22 12:15:00,107654.0,108073.1,107654.0,107928.8,1216.2357
2025-10-22 12:30:00,107928.9,108350.0,107860.0,108142.9,962.5899
2025-10-22 12:45:00,108142.9,108142.9,107887.5,107981.2,617.846
2025-10-22 13:00:00,107981.2,108372.7,107861.4,108273.8,1186.0226
2025-10-22 13:15:00,108273.8,108275.3,108015.6,108061.6,556.8977
2025-10-22 13:30:00,108061.7,108462.7,107550.6,108023.1,2317.4101
2025-10-22 13:45:00,108023.1,109000.0,107735.0,108721.0,3346.6587
2025-10-22 14:00:00,108720.9,108778.0,107898.8,108121.2,2836.3166
2025-10-22 14:15:00,108122.0,108313.3,107397.3,107889.4,3653.3201
2025-10-22 14:30:00,107889.4,108118.7,107619.3,107757.2,1819.1227
2025-10-22 14:45:00,107759.2,108971.0,107610.1,108900.3,3433.8766
2025-10-22 15:00:00,108900.2,109144.0,108280.8,108348.7,3252.5793
2025-10-22 15:15:00,108348.8,108350.0,107700.0,107834.1,1781.542
2025-10-22 15:30:00,107834.1,108560.0,107688.0,108411.7,1622.3565
2025-10-22 15:45:00,108411.6,108635.7,108161.9,108364.9,801.6876
2025-10-22 16:00:00,108364.9,108603.4,108215.0,108380.0,1021.6702
2025-10-22 16:15:00,108380.0,108688.0,108000.0,108505.6,1315.5619
2025-10-22 16:30:00,108505.6,108766.0,107800.2,108372.9,2744.9827
2025-10-22 16:45:00,108372.9,108634.5,108150.0,108171.7,625.0515
2025-10-22 17:00:00,108171.7,108292.8,107989.0,108142.0,585.9804
2025-10-22 17:15:00,108142.0,108154.0,107807.2,107905.5,866.8414
2025-10-22 17:30:00,107905.5,108195.0,107675.7,107808.9,690.1324
2025-10-22 17:45:00,107808.8,107935.9,107518.6,107741.7,817.4804
2025-10-22 18:00:00,107741.6,107950.6,107662.5,107677.5,484.6679
2025-10-22 18:15:00,107677.4,108020.0,107411.0,107980.4,1041.0636
2025-10-22 18:30:00,107980.4,108173.5,107825.2,107902.5,536.2402
2025-10-22 18:45:00,107902.4,108022.2,107819.6,107984.5,398.0668
2025-10-22 19:00:00,107984.5,108346.2,107864.7,108113.9,689.2289
2025-10-22 19:15:00,108114.0,108385.8,108044.0,108059.8,401.6634
2025-10-22 19:30:00,108059.9,108196.8,107950.2,107953.3,502.1951
2025-10-22 19:45:00,107953.3,108051.2,107624.6,107820.3,940.8586
2025-10-22 20:00:00,107820.1,108023.3,107813.1,107830.7,344.0439
2025-10-22 20:15:00,107830.7,107835.9,107571.0,107583.1,313.3724
2025-10-22 20:30:00,107583.1,107883.1,107480.0,107826.8,349.3576
2025-10-22 20:45:00,107826.8,107826.9,107444.0,107644.4,647.3948
2025-10-22 21:00:00,107644.9,107706.6,106606.3,107089.4,3773.6138
2025-10-22 21:15:00,107089.5,107259.7,106673.6,106722.3,816.527
2025-10-22 21:30:00,106722.3,107082.7,106688.0,106876.9,486.1029
2025-10-22 21:45:00,106876.9,107303.4,106876.8,107164.5,417.7081
2025-10-22 22:00:00,107164.5,107640.0,107096.5,107385.9,958.3641
2025-10-22 22:15:00,107385.9,107400.3,106861.3,107008.0,502.339
2025-10-22 22:30:00,107007.9,107278.4,106940.9,107254.0,497.9219
2025-10-22 22:45:00,107254.1,107288.0,106947.9,107151.4,423.4146
2025-10-22 23:00:00,107151.5,107541.4,107122.6,107363.2,536.5305
2025-10-22 23:15:00,107363.2,107866.4,107350.0,107745.8,851.497
2025-10-22 23:30:00,107746.0,107920.0,107593.3,107593.3,466.9412
2025-10-22 23:45:00,107593.4,107708.2,107518.8,107530.5,427.2311
2025-10-23 00:00:00,107530.5,107678.4,107456.0,107648.3,307.88
2025-10-23 00:15:00,107648.2,107796.8,107480.2,107544.5,352.8471
2025-10-23 00:30:00,107544.5,107790.4,107521.7,107670.0,217.9952
2025-10-23 00:45:00,107670.0,107955.2,107626.0,107814.1,344.0748
2025-10-23 01:00:00,107814.1,108426.6,107749.0,108264.2,1025.7084
2025-10-23 01:15:00,108264.2,108510.0,107982.7,108151.8,1786.1538
2025-10-23 01:30:00,108151.9,108293.6,108088.0,108198.4,381.1183
2025-10-23 01:45:00,108198.4,108209.0,108088.0,108106.2,214.5625
2025-10-23 02:00:00,108106.1,108128.6,107999.9,108101.1,339.9574
2025-10-23 02:15:00,108101.0,108354.0,108101.0,108167.4,468.905
2025-10-23 02:30:00,108167.4,108299.9,108150.0,108233.9,240.1351
2025-10-23 02:45:00,108234.0,108386.0,108157.9,108374.0,324.0091
2025-10-23 03:00:00,108373.9,108546.0,108292.0,108440.0,590.5418
2025-10-23 03:15:00,108440.0,108666.0,108440.0,108641.8,538.8754
2025-10-23 03:30:00,108641.7,108670.7,108337.5,108375.6,670.7071
2025-10-23 03:45:00,108375.5,108375.5,108267.0,108309.9,303.1494
2025-10-23 04:00:00,108310.0,108440.1,108298.3,108312.0,305.5271
2025-10-23 04:15:00,108312.0,108559.8,108311.9,108507.9,247.6376
2025-10-23 04:30:00,108508.0,108881.0,108409.2,108831.6,629.3116
2025-10-23 04:45:00,108831.6,108846.0,108593.3,108593.3,520.023
2025-10-23 05:00:00,108593.3,108780.9,108567.0,108767.1,360.2458
2025-10-23 05:15:00,108767.2,108772.7,108685.0,108717.5,262.9004
2025-10-23 05:30:00,108717.5,108747.2,108608.3,108608.4,236.4383
2025-10-23 05:45:00,108608.4,108940.9,108591.3,108900.0,425.386
2025-10-23 06:00:00,108900.0,109066.6,108807.0,109025.1,685.9593
2025-10-23 06:15:00,109025.1,110145.3,109025.1,109830.1,4416.3585
2025-10-23 06:30:00,109830.0,110050.0,109725.8,109974.0,852.3579
2025-10-23 06:45:00,109974.0,110271.1,109974.0,110181.7,1158.4547
2025-10-23 07:00:00,110181.7,110230.3,109723.3,109754.9,1014.6518
2025-10-23 07:15:00,109755.0,109823.9,109321.6,109514.1,1270.4093
2025-10-23 07:30:00,109514.0,109578.2,109170.7,109385.2,948.4972
2025-10-23 07:45:00,109385.2,109518.3,109187.6,109230.0,598.1078
2025-10-23 08:00:00,109229.9,109728.0,109200.1,109675.8,1103.4687
2025-10-23 08:15:00,109675.2,109865.3,109611.3,109741.7,634.9238
2025-10-23 08:30:00,109741.6,109755.8,109405.7,109544.7,505.3002
2025-10-23 08:45:00,109544.6,109665.6,109340.5,109462.0,564.1536
2025-10-23 09:00:00,109462.0,109500.0,109088.1,109102.3,829.0109
2025-10-23 09:15:00,109102.3,109393.7,109093.7,109392.6,460.0051
2025-10-23 09:30:00,109392.6,109404.9,109300.0,109339.9,204.7186
2025-10-23 09:45:00,109339.9,109460.9,109260.2,109394.3,300.959
2025-10-23 10:00:00,109394.3,109550.3,109360.6,109550.3,286.3487
2025-10-23 10:15:00,109550.3,109668.5,109483.2,109483.2,389.5089
2025-10-23 10:30:00,109483.2,109534.6,109316.1,109415.0,357.8056
2025-10-23 10:45:00,109415.3,109560.4,109376.2,109383.9,218.8545
2025-10-23 11:00:00,109383.9,109460.5,109320.0,109360.9,313.3127
2025-10-23 11:15:00,109360.9,109612.0,109239.3,109491.4,493.3846
2025-10-23 11:30:00,109491.5,109522.4,109027.1,109173.7,810.77
2025-10-23 11:45:00,109173.8,109299.9,109110.0,109221.0,309.749
2025-10-23 12:00:00,109220.9,109220.9,108624.0,108881.0,1658.3167
2025-10-23 12:15:00,108881.0,109186.1,108817.1,109093.4,577.8329
2025-10-23 12:30:00,109093.3,109093.3,108747.2,109030.0,721.1781
2025-10-23 12:45:00,109030.0,109172.5,108978.6,109127.8,346.3956
2025-10-23 13:00:00,109127.8,109214.9,108748.8,109043.9,555.6889
2025-10-23 13:15:00,109043.9,109128.0,108891.8,109102.1,399.137
2025-10-23 13:30:00,109102.0,109585.0,108973.8,109334.4,1428.4547
2025-10-23 13:45:00,109334.5,109581.9,109174.2,109453.0,1034.7046
2025-10-23 14:00:00,109453.0,109500.0,108786.0,108850.0,1364.3017
2025-10-23 14:15:00,108850.0,109430.0,108656.4,109263.5,1666.8482
2025-10-23 14:30:00,109263.5,109807.1,109200.0,109499.9,1479.6597
2025-10-23 14:45:00,109500.0,109665.0,109295.0,109532.0,721.7208
2025-10-23 15:00:00,109532.0,110071.4,109425.3,109813.4,1342.0848
2025-10-23 15:15:00,109813.4,109862.8,109440.0,109719.1,706.4212
2025-10-23 15:30:00,109719.0,110049.0,109552.4,109641.5,1026.8637
2025-10-23 15:45:00,109641.5,109999.7,109614.6,109841.0,473.4458
2025-10-23 16:00:00,109840.9,110017.0,109700.8,109952.0,551.8889
2025-10-23 16:15:00,109952.0,110054.3,109725.0,109772.3,487.2377
2025-10-23 16:30:00,109772.2,109857.4,109588.0,109776.3,597.5358
2025-10-23 16:45:00,109776.3,110534.4,109767.1,110200.0,1788.5689
2025-10-23 17:00:00,110200.0,110218.0,109571.0,109880.9,1329.9765
2025-10-23 17:15:00,109881.0,110149.3,109837.2,110148.5,549.9031
2025-10-23 17:30:00,110148.5,110968.0,110056.4,110674.0,3166.0344
2025-10-23 17:45:00,110674.1,111234.0,110674.0,111171.3,1738.3438
2025-10-23 18:00:00,111171.4,111235.3,110686.4,110723.7,1176.4982
2025-10-23 18:15:00,110723.7,110860.9,110460.8,110473.3,1137.5979
2025-10-23 18:30:00,110473.3,110525.6,110331.6,110476.5,597.7512
2025-10-23 18:45:00,110476.5,110564.0,110201.0,110521.0,545.8967
2025-10-23 19:00:00,110521.0,110574.9,110038.0,110309.0,600.0298
2025-10-23 19:15:00,110309.0,110509.8,110150.0,110479.7,361.5399
2025-10-23 19:30:00,110479.7,110490.4,110255.5,110279.2,290.9088
2025-10-23 19:45:00,110279.2,110491.1,110142.9,110143.0,324.9199
2025-10-23 20:00:00,110143.0,110143.7,109732.8,109849.8,996.0968
2025-10-23 20:15:00,109849.8,109973.2,109799.2,109911.3,261.6517
2025-10-23 20:30:00,109911.3,110023.3,109745.9,109850.0,502.7874
2025-10-23 20:45:00,109849.9,109850.0,109270.1,109467.3,1097.459
2025-10-23 21:00:00,109467.3,109670.9,109326.9,109670.8,556.2497
2025-10-23 21:15:00,109670.8,109670.9,109536.1,109592.0,187.2697
2025-10-23 21:30:00,109592.1,109617.6,109317.7,109416.0,327.4208
2025-10-23 21:45:00,109416.0,109571.1,109415.9,109490.6,248.7452
2025-10-23 22:00:00,109490.5,109945.3,109449.7,109808.6,449.4494
2025-10-23 22:15:00,109808.6,109928.0,109734.1,109927.9,189.3763
2025-10-23 22:30:00,109928.0,110117.3,109907.7,109954.6,454.5281
2025-10-23 22:45:00,109954.6,110007.2,109811.3,109871.5,274.7558
2025-10-23 23:00:00,109871.5,109958.8,109770.0,109958.8,178.3357
2025-10-23 23:15:00,109958.8,110043.2,109917.0,110005.0,217.2333
2025-10-23 23:30:00,110005.0,110024.9,109900.0,109996.6,146.1822
2025-10-23 23:45:00,109996.6,110011.7,109902.0,110009.7,261.0425
2025-10-24 00:00:00,110009.8,110216.0,109928.0,110158.4,520.122
2025-10-24 00:15:00,110158.3,110380.0,110074.6,110095.8,590.6692
2025-10-24 00:30:00,110095.8,110477.5,110052.6,110314.9,620.9572
2025-10-24 00:45:00,110314.9,110650.0,110314.9,110438.2,784.1322
2025-10-24 01:00:00,110438.1,110617.3,110421.9,110441.1,355.3792
2025-10-24 01:15:00,110441.1,110442.6,110085.5,110187.7,489.2876
2025-10-24 01:30:00,110187.7,110363.6,110142.9,110363.5,280.1987
2025-10-24 01:45:00,110363.6,110615.4,110363.5,110525.4,383.1735
2025-10-24 02:00:00,110525.4,110541.1,110334.7,110400.0,301.6609
2025-10-24 02:15:00,110399.9,110517.1,110300.0,110370.1,256.6578
2025-10-24 02:30:00,110370.1,110647.6,110322.5,110644.1,341.0334
2025-10-24 02:45:00,110644.1,110785.2,110511.3,110520.3,479.52
2025-10-24 03:00:00,110520.3,110588.4,110377.6,110445.8,358.0886
2025-10-24 03:15:00,110445.8,110509.8,110411.8,110411.8,206.8216
2025-10-24 03:30:00,110411.9,110449.8,110223.0,110375.6,425.8427
2025-10-24 03:45:00,110375.5,110423.8,110222.8,110398.2,270.57
2025-10-24 04:00:00,110398.2,110580.0,110289.2,110569.5,308.1313
2025-10-24 04:15:00,110569.4,110980.0,110480.8,110904.2,1057.7492
2025-10-24 04:30:00,110904.1,111501.8,110900.0,111095.5,2765.5096
2025-10-24 04:45:00,111095.6,111269.9,111046.8,111119.7,529.8891
2025-10-24 05:00:00,111119.7,111183.0,110922.2,111095.0,785.1427
2025-10-24 05:15:00,111094.9,111137.2,110885.7,110949.6,366.5592
2025-10-24 05:30:00,110949.5,111257.7,110907.1,111126.8,432.8067
2025-10-24 05:45:00,111126.9,111279.5,111100.3,111205.8,330.6195
2025-10-24 06:00:00,111205.9,111208.7,111071.8,111175.0,256.4442
2025-10-24 06:15:00,111175.1,111299.9,111080.0,111276.5,362.8702
2025-10-24 06:30:00,111276.6,111454.6,111252.3,111378.7,389.4871
2025-10-24 06:45:00,111378.6,111448.0,111300.1,111409.9,358.4577
2025-10-24 07:00:00,111410.0,111495.0,111060.6,111091.9,600.7264
2025-10-24 07:15:00,111091.8,111186.3,111032.5,111178.1,330.387
2025-10-24 07:30:00,111178.2,111220.0,110870.4,110902.2,678.1102
2025-10-24 07:45:00,110902.2,111092.9,110710.1,111006.0,1267.7683
2025-10-24 08:00:00,111006.0,111190.2,110782.2,111058.0,996.7114
2025-10-24 08:15:00,111057.9,111058.0,110773.9,110781.9,481.0924
2025-10-24 08:30:00,110781.8,111068.0,110650.0,111052.6,708.0079
2025-10-24 08:45:00,111052.5,111203.0,111003.0,111062.0,583.8753
2025-10-24 09:00:00,111062.0,111337.8,110952.2,111299.9,662.4957
2025-10-24 09:15:00,111299.9,111409.6,111240.0,111398.7,447.7271
2025-10-24 09:30:00,111398.6,111409.0,111188.0,111350.0,512.8095
2025-10-24 09:45:00,111350.0,111475.4,111200.1,111288.8,541.2606
2025-10-24 10:00:00,111288.4,111288.5,111143.1,111228.7,301.3215
2025-10-24 10:15:00,111228.7,111240.8,111022.0,111038.0,386.4188
2025-10-24 10:30:00,111037.9,111226.7,111037.9,111139.5,437.3471
2025-10-24 10:45:00,111139.4,111166.7,111050.0,111078.6,146.6779
2025-10-24 11:00:00,111078.7,111240.0,111019.9,111200.1,292.7874
2025-10-24 11:15:00,111200.1,111236.0,111046.0,111087.0,164.9775
2025-10-24 11:30:00,111086.9,111087.0,110534.2,110953.2,1390.9709
2025-10-24 11:45:00,110953.3,111093.4,110840.1,111023.9,676.4356
2025-10-24 12:00:00,111023.9,111246.3,111023.8,111138.1,486.2013
2025-10-24 12:15:00,111138.0,111141.1,110825.0,110960.1,874.5397
2025-10-24 12:30:00,110960.1,112178.3,110812.8,111512.4,6288.4615
2025-10-24 12:45:00,111512.3,111524.6,111108.0,111256.8,875.7224
2025-10-24 13:00:00,111256.8,111400.0,111114.9,111143.1,644.6766
2025-10-24 13:15:00,111143.1,111345.0,111092.0,111190.1,493.3819
2025-10-24 13:30:00,111190.0,111264.8,110600.0,110630.1,2319.4002
2025-10-24 13:45:00,110630.1,110914.0,110322.3,110883.8,1945.9
2025-10-24 14:00:00,110883.8,110883.8,110132.1,110535.4,1503.376
2025-10-24 14:15:00,110535.4,110535.5,109641.7,109957.3,2798.2617
2025-10-24 14:30:00,109957.2,110146.0,109708.3,110011.6,1328.9373
2025-10-24 14:45:00,110011.6,110168.8,109808.5,110168.7,1185.1616
2025-10-24 15:00:00,110168.8,110532.1,109967.0,110389.2,1252.6581
2025-10-24 15:15:00,110389.0,110562.7,110253.2,110532.6,698.0373
2025-10-24 15:30:00,110532.5,110550.0,110004.1,110078.5,751.9165
2025-10-24 15:45:00,110078.4,110176.7,109825.3,110003.6,827.1551
2025-10-24 16:00:00,110003.6,110059.8,109750.0,109977.1,666.5759
2025-10-24 16:15:00,109977.0,110341.2,109977.0,110302.6,546.226
2025-10-24 16:30:00,110302.6,110312.0,110202.0,110237.8,37.7503
