timestamp,open,high,low,close,volume
2025-10-12 04:00:00,3779.03,3820.0,3773.25,3799.5,1425746.32
2025-10-12 05:00:00,3799.5,3814.68,3793.51,3803.34,648132.3
2025-10-12 05:00:00,3799.5,3814.68,3793.51,3803.34,648132.3
2025-10-12 06:00:00,3803.34,3837.35,3801.0,3829.75,1083932.75
2025-10-12 06:00:00,3803.34,3837.35,3801.0,3829.75,1083932.75
2025-10-12 06:00:00,3803.34,3837.35,3801.0,3829.75,1083932.75
2025-10-12 07:00:00,3829.75,3842.98,3813.48,3824.93,1061762.51
2025-10-12 07:00:00,3829.75,3842.98,3813.48,3824.93,1061762.51
2025-10-12 07:00:00,3829.75,3842.98,3813.48,3824.93,1061762.51
2025-10-12 07:00:00,3829.75,3842.98,3813.48,3824.93,1061762.51
2025-10-12 08:00:00,3824.94,3844.45,3818.53,3820.15,829208.64
2025-10-12 08:00:00,3824.94,3844.45,3818.53,3820.15,829208.64
2025-10-12 08:00:00,3824.94,3844.45,3818.53,3820.15,829208.64
2025-10-12 08:00:00,3824.94,3844.45,3818.53,3820.15,829208.64
2025-10-12 08:00:00,3824.94,3844.45,3818.53,3820.15,829208.64
2025-10-12 09:00:00,3820.15,3846.0,3802.72,3840.69,1241726.86
2025-10-12 09:00:00,3820.15,3846.0,3802.72,3840.69,1241726.86
2025-10-12 09:00:00,3820.15,3846.0,3802.72,3840.69,1241726.86
2025-10-12 09:00:00,3820.15,3846.0,3802.72,3840.69,1241726.86
2025-10-12 09:00:00,3820.15,3846.0,3802.72,3840.69,1241726.86
2025-10-12 09:00:00,3820.15,3846.0,3802.72,3840.69,1241726.86
2025-10-12 10:00:00,3840.7,3866.0,3813.22,3818.0,1502347.24
2025-10-12 10:00:00,3840.7,3866.0,3813.22,3818.0,1502347.24
2025-10-12 10:00:00,3840.7,3866.0,3813.22,3818.0,1502347.24
2025-10-12 10:00:00,3840.7,3866.0,3813.22,3818.0,1502347.24
2025-10-12 10:00:00,3840.7,3866.0,3813.22,3818.0,1502347.24
2025-10-12 10:00:00,3840.7,3866.0,3813.22,3818.0,1502347.24
2025-10-12 10:00:00,3840.7,3866.0,3813.22,3818.0,1502347.24
2025-10-12 11:00:00,3818.0,3831.81,3812.48,3818.48,610379.06
2025-10-12 11:00:00,3818.0,3831.81,3812.48,3818.48,610379.06
2025-10-12 11:00:00,3818.0,3831.81,3812.48,3818.48,610379.06
2025-10-12 11:00:00,3818.0,3831.81,3812.48,3818.48,610379.06
2025-10-12 11:00:00,3818.0,3831.81,3812.48,3818.48,610379.06
2025-10-12 11:00:00,3818.0,3831.81,3812.48,3818.48,610379.06
2025-10-12 11:00:00,3818.0,3831.81,3812.48,3818.48,610379.06
2025-10-12 11:00:00,3818.0,3831.81,3812.48,3818.48,610379.06
2025-10-12 12:00:00,3818.48,3847.0,3816.4,3829.89,962140.87
2025-10-12 12:00:00,3818.48,3847.0,3816.4,3829.89,962140.87
2025-10-12 12:00:00,3818.48,3847.0,3816.4,3829.89,962140.87
2025-10-12 12:00:00,3818.48,3847.0,3816.4,3829.89,962140.87
2025-10-12 12:00:00,3818.48,3847.0,3816.4,3829.89,962140.87
2025-10-12 12:00:00,3818.48,3847.0,3816.4,3829.89,962140.87
2025-10-12 12:00:00,3818.48,3847.0,3816.4,3829.89,962140.87
2025-10-12 12:00:00,3818.48,3847.0,3816.4,3829.89,962140.87
2025-10-12 12:00:00,3818.48,3847.0,3816.4,3829.89,962140.87
2025-10-12 13:00:00,3829.89,3832.71,3791.17,3807.98,1859628.52
2025-10-12 13:00:00,3829.89,3832.71,3791.17,3807.98,1859628.52
2025-10-12 13:00:00,3829.89,3832.71,3791.17,3807.98,1859628.52
2025-10-12 13:00:00,3829.89,3832.71,3791.17,3807.98,1859628.52
2025-10-12 13:00:00,3829.89,3832.71,3791.17,3807.98,1859628.52
2025-10-12 13:00:00,3829.89,3832.71,3791.17,3807.98,1859628.52
2025-10-12 13:00:00,3829.89,3832.71,3791.17,3807.98,1859628.52
2025-10-12 13:00:00,3829.89,3832.71,3791.17,3807.98,1859628.52
2025-10-12 13:00:00,3829.89,3832.71,3791.17,3807.98,1859628.52
2025-10-12 13:00:00,3829.89,3832.71,3791.17,3807.98,1859628.52
2025-10-12 14:00:00,3807.98,4025.0,3806.0,3972.36,7162865.08
2025-10-12 14:00:00,3807.98,4025.0,3806.0,3972.36,7162865.08
2025-10-12 14:00:00,3807.98,4025.0,3806.0,3972.36,7162865.08
2025-10-12 14:00:00,3807.98,4025.0,3806.0,3972.36,7162865.08
2025-10-12 14:00:00,3807.98,4025.0,3806.0,3972.36,7162865.08
2025-10-12 14:00:00,3807.98,4025.0,3806.0,3972.36,7162865.08
2025-10-12 14:00:00,3807.98,4025.0,3806.0,3972.36,7162865.08
2025-10-12 14:00:00,3807.98,4025.0,3806.0,3972.36,7162865.08
2025-10-12 14:00:00,3807.98,4025.0,3806.0,3972.36,7162865.08
2025-10-12 14:00:00,3807.98,4025.0,3806.0,3972.36,7162865.08
2025-10-12 14:00:00,3807.98,4025.0,3806.0,3972.36,7162865.08
2025-10-12 15:00:00,3972.37,4078.11,3961.9,4031.83,6529097.27
2025-10-12 15:00:00,3972.37,4078.11,3961.9,4031.83,6529097.27
2025-10-12 15:00:00,3972.37,4078.11,3961.9,4031.83,6529097.27
2025-10-12 15:00:00,3972.37,4078.11,3961.9,4031.83,6529097.27
2025-10-12 15:00:00,3972.37,4078.11,3961.9,4031.83,6529097.27
2025-10-12 15:00:00,3972.37,4078.11,3961.9,4031.83,6529097.27
2025-10-12 15:00:00,3972.37,4078.11,3961.9,4031.83,6529097.27
2025-10-12 15:00:00,3972.37,4078.11,3961.9,4031.83,6529097.27
2025-10-12 15:00:00,3972.37,4078.11,3961.9,4031.83,6529097.27
2025-10-12 15:00:00,3972.37,4078.11,3961.9,4031.83,6529097.27
2025-10-12 15:00:00,3972.37,4078.11,3961.9,4031.83,6529097.27
2025-10-12 15:00:00,3972.37,4078.11,3961.9,4031.83,6529097.27
2025-10-12 16:00:00,4031.83,4172.23,4031.38,4103.61,6596768.55
2025-10-12 16:00:00,4031.83,4172.23,4031.38,4103.61,6596768.55
2025-10-12 16:00:00,4031.83,4172.23,4031.38,4103.61,6596768.55
2025-10-12 16:00:00,4031.83,4172.23,4031.38,4103.61,6596768.55
2025-10-12 16:00:00,4031.83,4172.23,4031.38,4103.61,6596768.55
2025-10-12 16:00:00,4031.83,4172.23,4031.38,4103.61,6596768.55
2025-10-12 16:00:00,4031.83,4172.23,4031.38,4103.61,6596768.55
2025-10-12 16:00:00,4031.83,4172.23,4031.38,4103.61,6596768.55
2025-10-12 16:00:00,4031.83,4172.23,4031.38,4103.61,6596768.55
2025-10-12 16:00:00,4031.83,4172.23,4031.38,4103.61,6596768.55
2025-10-12 16:00:00,4031.83,4172.23,4031.38,4103.61,6596768.55
2025-10-12 16:00:00,4031.83,4172.23,4031.38,4103.61,6596768.55
2025-10-12 16:00:00,4031.83,4172.23,4031.38,4103.61,6596768.55
2025-10-12 17:00:00,4103.61,4155.98,4096.0,4124.71,2520810.17
2025-10-12 17:00:00,4103.61,4155.98,4096.0,4124.71,2520810.17
2025-10-12 17:00:00,4103.61,4155.98,4096.0,4124.71,2520810.17
2025-10-12 17:00:00,4103.61,4155.98,4096.0,4124.71,2520810.17
2025-10-12 17:00:00,4103.61,4155.98,4096.0,4124.71,2520810.17
2025-10-12 17:00:00,4103.61,4155.98,4096.0,4124.71,2520810.17
2025-10-12 17:00:00,4103.61,4155.98,4096.0,4124.71,2520810.17
2025-10-12 17:00:00,4103.61,4155.98,4096.0,4124.71,2520810.17
2025-10-12 17:00:00,4103.61,4155.98,4096.0,4124.71,2520810.17
2025-10-12 17:00:00,4103.61,4155.98,4096.0,4124.71,2520810.17
2025-10-12 17:00:00,4103.61,4155.98,4096.0,4124.71,2520810.17
2025-10-12 17:00:00,4103.61,4155.98,4096.0,4124.71,2520810.17
2025-10-12 17:00:00,4103.61,4155.98,4096.0,4124.71,2520810.17
2025-10-12 17:00:00,4103.61,4155.98,4096.0,4124.71,2520810.17
2025-10-12 18:00:00,4124.71,4144.88,4090.29,4106.61,1305015.66
2025-10-12 18:00:00,4124.71,4144.88,4090.29,4106.61,1305015.66
2025-10-12 18:00:00,4124.71,4144.88,4090.29,4106.61,1305015.66
2025-10-12 18:00:00,4124.71,4144.88,4090.29,4106.61,1305015.66
2025-10-12 18:00:00,4124.71,4144.88,4090.29,4106.61,1305015.66
2025-10-12 18:00:00,4124.71,4144.88,4090.29,4106.61,1305015.66
2025-10-12 18:00:00,4124.71,4144.88,4090.29,4106.61,1305015.66
2025-10-12 18:00:00,4124.71,4144.88,4090.29,4106.61,1305015.66
2025-10-12 18:00:00,4124.71,4144.88,4090.29,4106.61,1305015.66
2025-10-12 18:00:00,4124.71,4144.88,4090.29,4106.61,1305015.66
2025-10-12 18:00:00,4124.71,4144.88,4090.29,4106.61,1305015.66
2025-10-12 18:00:00,4124.71,4144.88,4090.29,4106.61,1305015.66
2025-10-12 18:00:00,4124.71,4144.88,4090.29,4106.61,1305015.66
2025-10-12 18:00:00,4124.71,4144.88,4090.29,4106.61,1305015.66
2025-10-12 18:00:00,4124.71,4144.88,4090.29,4106.61,1305015.66
2025-10-12 19:00:00,4106.61,4138.73,4105.33,4133.29,718806.78
2025-10-12 19:00:00,4106.61,4138.73,4105.33,4133.29,718806.78
2025-10-12 19:00:00,4106.61,4138.73,4105.33,4133.29,718806.78
2025-10-12 19:00:00,4106.61,4138.73,4105.33,4133.29,718806.78
2025-10-12 19:00:00,4106.61,4138.73,4105.33,4133.29,718806.78
2025-10-12 19:00:00,4106.61,4138.73,4105.33,4133.29,718806.78
2025-10-12 19:00:00,4106.61,4138.73,4105.33,4133.29,718806.78
2025-10-12 19:00:00,4106.61,4138.73,4105.33,4133.29,718806.78
2025-10-12 19:00:00,4106.61,4138.73,4105.33,4133.29,718806.78
2025-10-12 19:00:00,4106.61,4138.73,4105.33,4133.29,718806.78
2025-10-12 19:00:00,4106.61,4138.73,4105.33,4133.29,718806.78
2025-10-12 19:00:00,4106.61,4138.73,4105.33,4133.29,718806.78
2025-10-12 19:00:00,4106.61,4138.73,4105.33,4133.29,718806.78
2025-10-12 19:00:00,4106.61,4138.73,4105.33,4133.29,718806.78
2025-10-12 19:00:00,4106.61,4138.73,4105.33,4133.29,718806.78
2025-10-12 20:00:00,4133.28,4195.72,4123.48,4134.11,1615485.58
2025-10-12 20:00:00,4133.28,4195.72,4123.48,4134.11,1615485.58
2025-10-12 20:00:00,4133.28,4195.72,4123.48,4134.11,1615485.58
2025-10-12 20:00:00,4133.28,4195.72,4123.48,4134.11,1615485.58
2025-10-12 20:00:00,4133.28,4195.72,4123.48,4134.11,1615485.58
2025-10-12 20:00:00,4133.28,4195.72,4123.48,4134.11,1615485.58
2025-10-12 20:00:00,4133.28,4195.72,4123.48,4134.11,1615485.58
2025-10-12 20:00:00,4133.28,4195.72,4123.48,4134.11,1615485.58
2025-10-12 20:00:00,4133.28,4195.72,4123.48,4134.11,1615485.58
2025-10-12 20:00:00,4133.28,4195.72,4123.48,4134.11,1615485.58
2025-10-12 20:00:00,4133.28,4195.72,4123.48,4134.11,1615485.58
2025-10-12 20:00:00,4133.28,4195.72,4123.48,4134.11,1615485.58
2025-10-12 20:00:00,4133.28,4195.72,4123.48,4134.11,1615485.58
2025-10-12 20:00:00,4133.28,4195.72,4123.48,4134.11,1615485.58
2025-10-12 20:00:00,4133.28,4195.72,4123.48,4134.11,1615485.58
2025-10-12 21:00:00,4134.1,4163.64,4076.41,4133.65,1583550.7
2025-10-12 21:00:00,4134.1,4163.64,4076.41,4133.65,1583550.7
2025-10-12 21:00:00,4134.1,4163.64,4076.41,4133.65,1583550.7
2025-10-12 21:00:00,4134.1,4163.64,4076.41,4133.65,1583550.7
2025-10-12 21:00:00,4134.1,4163.64,4076.41,4133.65,1583550.7
2025-10-12 21:00:00,4134.1,4163.64,4076.41,4133.65,1583550.7
2025-10-12 21:00:00,4134.1,4163.64,4076.41,4133.65,1583550.7
2025-10-12 21:00:00,4134.1,4163.64,4076.41,4133.65,1583550.7
2025-10-12 21:00:00,4134.1,4163.64,4076.41,4133.65,1583550.7
2025-10-12 21:00:00,4134.1,4163.64,4076.41,4133.65,1583550.7
2025-10-12 21:00:00,4134.1,4163.64,4076.41,4133.65,1583550.7
2025-10-12 21:00:00,4134.1,4163.64,4076.41,4133.65,1583550.7
2025-10-12 21:00:00,4134.1,4163.64,4076.41,4133.65,1583550.7
2025-10-12 21:00:00,4134.1,4163.64,4076.41,4133.65,1583550.7
2025-10-12 21:00:00,4134.1,4163.64,4076.41,4133.65,1583550.7
2025-10-12 22:00:00,4133.65,4153.25,4107.93,4132.78,1335086.71
2025-10-12 22:00:00,4133.65,4153.25,4107.93,4132.78,1335086.71
2025-10-12 22:00:00,4133.65,4153.25,4107.93,4132.78,1335086.71
2025-10-12 22:00:00,4133.65,4153.25,4107.93,4132.78,1335086.71
2025-10-12 22:00:00,4133.65,4153.25,4107.93,4132.78,1335086.71
2025-10-12 22:00:00,4133.65,4153.25,4107.93,4132.78,1335086.71
2025-10-12 22:00:00,4133.65,4153.25,4107.93,4132.78,1335086.71
2025-10-12 22:00:00,4133.65,4153.25,4107.93,4132.78,1335086.71
2025-10-12 22:00:00,4133.65,4153.25,4107.93,4132.78,1335086.71
2025-10-12 22:00:00,4133.65,4153.25,4107.93,4132.78,1335086.71
2025-10-12 22:00:00,4133.65,4153.25,4107.93,4132.78,1335086.71
2025-10-12 22:00:00,4133.65,4153.25,4107.93,4132.78,1335086.71
2025-10-12 22:00:00,4133.65,4153.25,4107.93,4132.78,1335086.71
2025-10-12 22:00:00,4133.65,4153.25,4107.93,4132.78,1335086.71
2025-10-12 22:00:00,4133.65,4153.25,4107.93,4132.78,1335086.71
2025-10-12 23:00:00,4132.78,4159.49,4106.93,4149.75,1054747.49
2025-10-12 23:00:00,4132.78,4159.49,4106.93,4149.75,1054747.49
2025-10-12 23:00:00,4132.78,4159.49,4106.93,4149.75,1054747.49
2025-10-12 23:00:00,4132.78,4159.49,4106.93,4149.75,1054747.49
2025-10-12 23:00:00,4132.78,4159.49,4106.93,4149.75,1054747.49
2025-10-12 23:00:00,4132.78,4159.49,4106.93,4149.75,1054747.49
2025-10-12 23:00:00,4132.78,4159.49,4106.93,4149.75,1054747.49
2025-10-12 23:00:00,4132.78,4159.49,4106.93,4149.75,1054747.49
2025-10-12 23:00:00,4132.78,4159.49,4106.93,4149.75,1054747.49
2025-10-12 23:00:00,4132.78,4159.49,4106.93,4149.75,1054747.49
2025-10-12 23:00:00,4132.78,4159.49,4106.93,4149.75,1054747.49
2025-10-12 23:00:00,4132.78,4159.49,4106.93,4149.75,1054747.49
2025-10-12 23:00:00,4132.78,4159.49,4106.93,4149.75,1054747.49
2025-10-12 23:00:00,4132.78,4159.49,4106.93,4149.75,1054747.49
2025-10-12 23:00:00,4132.78,4159.49,4106.93,4149.75,1054747.49
2025-10-13 00:00:00,4149.75,4185.0,4122.0,4137.36,1845433.31
2025-10-13 00:00:00,4149.75,4185.0,4122.0,4137.36,1845433.31
2025-10-13 00:00:00,4149.75,4185.0,4122.0,4137.36,1845433.31
2025-10-13 00:00:00,4149.75,4185.0,4122.0,4137.36,1845433.31
2025-10-13 00:00:00,4149.75,4185.0,4122.0,4137.36,1845433.31
2025-10-13 00:00:00,4149.75,4185.0,4122.0,4137.36,1845433.31
2025-10-13 00:00:00,4149.75,4185.0,4122.0,4137.36,1845433.31
2025-10-13 00:00:00,4149.75,4185.0,4122.0,4137.36,1845433.31
2025-10-13 00:00:00,4149.75,4185.0,4122.0,4137.36,1845433.31
2025-10-13 00:00:00,4149.75,4185.0,4122.0,4137.36,1845433.31
2025-10-13 00:00:00,4149.75,4185.0,4122.0,4137.36,1845433.31
2025-10-13 00:00:00,4149.75,4185.0,4122.0,4137.36,1845433.31
2025-10-13 00:00:00,4149.75,4185.0,4122.0,4137.36,1845433.31
2025-10-13 00:00:00,4149.75,4185.0,4122.0,4137.36,1845433.31
2025-10-13 00:00:00,4149.75,4185.0,4122.0,4137.36,1845433.31
2025-10-13 01:00:00,4137.35,4198.0,4124.19,4196.37,1430828.45
2025-10-13 01:00:00,4137.35,4198.0,4124.19,4196.37,1430828.45
2025-10-13 01:00:00,4137.35,4198.0,4124.19,4196.37,1430828.45
2025-10-13 01:00:00,4137.35,4198.0,4124.19,4196.37,1430828.45
2025-10-13 01:00:00,4137.35,4198.0,4124.19,4196.37,1430828.45
2025-10-13 01:00:00,4137.35,4198.0,4124.19,4196.37,1430828.45
2025-10-13 01:00:00,4137.35,4198.0,4124.19,4196.37,1430828.45
2025-10-13 01:00:00,4137.35,4198.0,4124.19,4196.37,1430828.45
2025-10-13 01:00:00,4137.35,4198.0,4124.19,4196.37,1430828.45
2025-10-13 01:00:00,4137.35,4198.0,4124.19,4196.37,1430828.45
2025-10-13 01:00:00,4137.35,4198.0,4124.19,4196.37,1430828.45
2025-10-13 01:00:00,4137.35,4198.0,4124.19,4196.37,1430828.45
2025-10-13 01:00:00,4137.35,4198.0,4124.19,4196.37,1430828.45
2025-10-13 01:00:00,4137.35,4198.0,4124.19,4196.37,1430828.45
2025-10-13 01:00:00,4137.35,4198.0,4124.19,4196.37,1430828.45
2025-10-13 02:00:00,4196.37,4219.0,4150.35,4157.3,1546082.49
2025-10-13 02:00:00,4196.37,4219.0,4150.35,4157.3,1546082.49
2025-10-13 02:00:00,4196.37,4219.0,4150.35,4157.3,1546082.49
2025-10-13 02:00:00,4196.37,4219.0,4150.35,4157.3,1546082.49
2025-10-13 02:00:00,4196.37,4219.0,4150.35,4157.3,1546082.49
2025-10-13 02:00:00,4196.37,4219.0,4150.35,4157.3,1546082.49
2025-10-13 02:00:00,4196.37,4219.0,4150.35,4157.3,1546082.49
2025-10-13 02:00:00,4196.37,4219.0,4150.35,4157.3,1546082.49
2025-10-13 02:00:00,4196.37,4219.0,4150.35,4157.3,1546082.49
2025-10-13 02:00:00,4196.37,4219.0,4150.35,4157.3,1546082.49
2025-10-13 02:00:00,4196.37,4219.0,4150.35,4157.3,1546082.49
2025-10-13 02:00:00,4196.37,4219.0,4150.35,4157.3,1546082.49
2025-10-13 02:00:00,4196.37,4219.0,4150.35,4157.3,1546082.49
2025-10-13 02:00:00,4196.37,4219.0,4150.35,4157.3,1546082.49
2025-10-13 02:00:00,4196.37,4219.0,4150.35,4157.3,1546082.49
2025-10-13 03:00:00,4157.29,4168.72,4131.22,4138.65,891295.3
2025-10-13 03:00:00,4157.29,4168.72,4131.22,4138.65,891295.3
2025-10-13 03:00:00,4157.29,4168.72,4131.22,4138.65,891295.3
2025-10-13 03:00:00,4157.29,4168.72,4131.22,4138.65,891295.3
2025-10-13 03:00:00,4157.29,4168.72,4131.22,4138.65,891295.3
2025-10-13 03:00:00,4157.29,4168.72,4131.22,4138.65,891295.3
2025-10-13 03:00:00,4157.29,4168.72,4131.22,4138.65,891295.3
2025-10-13 03:00:00,4157.29,4168.72,4131.22,4138.65,891295.3
2025-10-13 03:00:00,4157.29,4168.72,4131.22,4138.65,891295.3
2025-10-13 03:00:00,4157.29,4168.72,4131.22,4138.65,891295.3
2025-10-13 03:00:00,4157.29,4168.72,4131.22,4138.65,891295.3
2025-10-13 03:00:00,4157.29,4168.72,4131.22,4138.65,891295.3
2025-10-13 03:00:00,4157.29,4168.72,4131.22,4138.65,891295.3
2025-10-13 03:00:00,4157.29,4168.72,4131.22,4138.65,891295.3
2025-10-13 03:00:00,4157.29,4168.72,4131.22,4138.65,891295.3
2025-10-13 04:00:00,4138.65,4145.0,4114.19,4140.06,1120358.21
2025-10-13 04:00:00,4138.65,4145.0,4114.19,4140.06,1120358.21
2025-10-13 04:00:00,4138.65,4145.0,4114.19,4140.06,1120358.21
2025-10-13 04:00:00,4138.65,4145.0,4114.19,4140.06,1120358.21
2025-10-13 04:00:00,4138.65,4145.0,4114.19,4140.06,1120358.21
2025-10-13 04:00:00,4138.65,4145.0,4114.19,4140.06,1120358.21
2025-10-13 04:00:00,4138.65,4145.0,4114.19,4140.06,1120358.21
2025-10-13 04:00:00,4138.65,4145.0,4114.19,4140.06,1120358.21
2025-10-13 04:00:00,4138.65,4145.0,4114.19,4140.06,1120358.21
2025-10-13 04:00:00,4138.65,4145.0,4114.19,4140.06,1120358.21
2025-10-13 04:00:00,4138.65,4145.0,4114.19,4140.06,1120358.21
2025-10-13 04:00:00,4138.65,4145.0,4114.19,4140.06,1120358.21
2025-10-13 04:00:00,4138.65,4145.0,4114.19,4140.06,1120358.21
2025-10-13 04:00:00,4138.65,4145.0,4114.19,4140.06,1120358.21
2025-10-13 04:00:00,4138.65,4145.0,4114.19,4140.06,1120358.21
2025-10-13 05:00:00,4140.06,4143.05,4122.0,4129.99,490607.5
2025-10-13 05:00:00,4140.06,4143.05,4122.0,4129.99,490607.5
2025-10-13 05:00:00,4140.06,4143.05,4122.0,4129.99,490607.5
2025-10-13 05:00:00,4140.06,4143.05,4122.0,4129.99,490607.5
2025-10-13 05:00:00,4140.06,4143.05,4122.0,4129.99,490607.5
2025-10-13 05:00:00,4140.06,4143.05,4122.0,4129.99,490607.5
2025-10-13 05:00:00,4140.06,4143.05,4122.0,4129.99,490607.5
2025-10-13 05:00:00,4140.06,4143.05,4122.0,4129.99,490607.5
2025-10-13 05:00:00,4140.06,4143.05,4122.0,4129.99,490607.5
2025-10-13 05:00:00,4140.06,4143.05,4122.0,4129.99,490607.5
2025-10-13 05:00:00,4140.06,4143.05,4122.0,4129.99,490607.5
2025-10-13 05:00:00,4140.06,4143.05,4122.0,4129.99,490607.5
2025-10-13 05:00:00,4140.06,4143.05,4122.0,4129.99,490607.5
2025-10-13 05:00:00,4140.06,4143.05,4122.0,4129.99,490607.5
2025-10-13 05:00:00,4140.06,4143.05,4122.0,4129.99,490607.5
2025-10-13 06:00:00,4130.0,4181.42,4114.44,4168.0,1523947.64
2025-10-13 06:00:00,4130.0,4181.42,4114.44,4168.0,1523947.64
2025-10-13 06:00:00,4130.0,4181.42,4114.44,4168.0,1523947.64
2025-10-13 06:00:00,4130.0,4181.42,4114.44,4168.0,1523947.64
2025-10-13 06:00:00,4130.0,4181.42,4114.44,4168.0,1523947.64
2025-10-13 06:00:00,4130.0,4181.42,4114.44,4168.0,1523947.64
2025-10-13 06:00:00,4130.0,4181.42,4114.44,4168.0,1523947.64
2025-10-13 06:00:00,4130.0,4181.42,4114.44,4168.0,1523947.64
2025-10-13 06:00:00,4130.0,4181.42,4114.44,4168.0,1523947.64
2025-10-13 06:00:00,4130.0,4181.42,4114.44,4168.0,1523947.64
2025-10-13 06:00:00,4130.0,4181.42,4114.44,4168.0,1523947.64
2025-10-13 06:00:00,4130.0,4181.42,4114.44,4168.0,1523947.64
2025-10-13 06:00:00,4130.0,4181.42,4114.44,4168.0,1523947.64
2025-10-13 06:00:00,4130.0,4181.42,4114.44,4168.0,1523947.64
2025-10-13 06:00:00,4130.0,4181.42,4114.44,4168.0,1523947.64
2025-10-13 07:00:00,4168.0,4196.0,4156.28,4176.26,1600416.21
2025-10-13 07:00:00,4168.0,4196.0,4156.28,4176.26,1600416.21
2025-10-13 07:00:00,4168.0,4196.0,4156.28,4176.26,1600416.21
2025-10-13 07:00:00,4168.0,4196.0,4156.28,4176.26,1600416.21
2025-10-13 07:00:00,4168.0,4196.0,4156.28,4176.26,1600416.21
2025-10-13 07:00:00,4168.0,4196.0,4156.28,4176.26,1600416.21
2025-10-13 07:00:00,4168.0,4196.0,4156.28,4176.26,1600416.21
2025-10-13 07:00:00,4168.0,4196.0,4156.28,4176.26,1600416.21
2025-10-13 07:00:00,4168.0,4196.0,4156.28,4176.26,1600416.21
2025-10-13 07:00:00,4168.0,4196.0,4156.28,4176.26,1600416.21
2025-10-13 07:00:00,4168.0,4196.0,4156.28,4176.26,1600416.21
2025-10-13 07:00:00,4168.0,4196.0,4156.28,4176.26,1600416.21
2025-10-13 07:00:00,4168.0,4196.0,4156.28,4176.26,1600416.21
2025-10-13 07:00:00,4168.0,4196.0,4156.28,4176.26,1600416.21
2025-10-13 07:00:00,4168.0,4196.0,4156.28,4176.26,1600416.21
2025-10-13 08:00:00,4176.26,4193.58,4164.27,4172.45,868019.95
2025-10-13 08:00:00,4176.26,4193.58,4164.27,4172.45,868019.95
2025-10-13 08:00:00,4176.26,4193.58,4164.27,4172.45,868019.95
2025-10-13 08:00:00,4176.26,4193.58,4164.27,4172.45,868019.95
2025-10-13 08:00:00,4176.26,4193.58,4164.27,4172.45,868019.95
2025-10-13 08:00:00,4176.26,4193.58,4164.27,4172.45,868019.95
2025-10-13 08:00:00,4176.26,4193.58,4164.27,4172.45,868019.95
2025-10-13 08:00:00,4176.26,4193.58,4164.27,4172.45,868019.95
2025-10-13 08:00:00,4176.26,4193.58,4164.27,4172.45,868019.95
2025-10-13 08:00:00,4176.26,4193.58,4164.27,4172.45,868019.95
2025-10-13 08:00:00,4176.26,4193.58,4164.27,4172.45,868019.95
2025-10-13 08:00:00,4176.26,4193.58,4164.27,4172.45,868019.95
2025-10-13 08:00:00,4176.26,4193.58,4164.27,4172.45,868019.95
2025-10-13 08:00:00,4176.26,4193.58,4164.27,4172.45,868019.95
2025-10-13 08:00:00,4176.26,4193.58,4164.27,4172.45,868019.95
2025-10-13 09:00:00,4172.46,4174.44,4140.01,4162.22,1050469.26
2025-10-13 09:00:00,4172.46,4174.44,4140.01,4162.22,1050469.26
2025-10-13 09:00:00,4172.46,4174.44,4140.01,4162.22,1050469.26
2025-10-13 09:00:00,4172.46,4174.44,4140.01,4162.22,1050469.26
2025-10-13 09:00:00,4172.46,4174.44,4140.01,4162.22,1050469.26
2025-10-13 09:00:00,4172.46,4174.44,4140.01,4162.22,1050469.26
2025-10-13 09:00:00,4172.46,4174.44,4140.01,4162.22,1050469.26
2025-10-13 09:00:00,4172.46,4174.44,4140.01,4162.22,1050469.26
2025-10-13 09:00:00,4172.46,4174.44,4140.01,4162.22,1050469.26
2025-10-13 09:00:00,4172.46,4174.44,4140.01,4162.22,1050469.26
2025-10-13 09:00:00,4172.46,4174.44,4140.01,4162.22,1050469.26
2025-10-13 09:00:00,4172.46,4174.44,4140.01,4162.22,1050469.26
2025-10-13 09:00:00,4172.46,4174.44,4140.01,4162.22,1050469.26
2025-10-13 09:00:00,4172.46,4174.44,4140.01,4162.22,1050469.26
2025-10-13 09:00:00,4172.46,4174.44,4140.01,4162.22,1050469.26
2025-10-13 10:00:00,4162.21,4165.65,4137.37,4149.99,660107.25
2025-10-13 10:00:00,4162.21,4165.65,4137.37,4149.99,660107.25
2025-10-13 10:00:00,4162.21,4165.65,4137.37,4149.99,660107.25
2025-10-13 10:00:00,4162.21,4165.65,4137.37,4149.99,660107.25
2025-10-13 10:00:00,4162.21,4165.65,4137.37,4149.99,660107.25
2025-10-13 10:00:00,4162.21,4165.65,4137.37,4149.99,660107.25
2025-10-13 10:00:00,4162.21,4165.65,4137.37,4149.99,660107.25
2025-10-13 10:00:00,4162.21,4165.65,4137.37,4149.99,660107.25
2025-10-13 10:00:00,4162.21,4165.65,4137.37,4149.99,660107.25
2025-10-13 10:00:00,4162.21,4165.65,4137.37,4149.99,660107.25
2025-10-13 10:00:00,4162.21,4165.65,4137.37,4149.99,660107.25
2025-10-13 10:00:00,4162.21,4165.65,4137.37,4149.99,660107.25
2025-10-13 10:00:00,4162.21,4165.65,4137.37,4149.99,660107.25
2025-10-13 10:00:00,4162.21,4165.65,4137.37,4149.99,660107.25
2025-10-13 10:00:00,4162.21,4165.65,4137.37,4149.99,660107.25
2025-10-13 11:00:00,4149.98,4154.0,4038.0,4078.88,4155219.96
2025-10-13 11:00:00,4149.98,4154.0,4038.0,4078.88,4155219.96
2025-10-13 11:00:00,4149.98,4154.0,4038.0,4078.88,4155219.96
2025-10-13 11:00:00,4149.98,4154.0,4038.0,4078.88,4155219.96
2025-10-13 11:00:00,4149.98,4154.0,4038.0,4078.88,4155219.96
2025-10-13 11:00:00,4149.98,4154.0,4038.0,4078.88,4155219.96
2025-10-13 11:00:00,4149.98,4154.0,4038.0,4078.88,4155219.96
2025-10-13 11:00:00,4149.98,4154.0,4038.0,4078.88,4155219.96
2025-10-13 11:00:00,4149.98,4154.0,4038.0,4078.88,4155219.96
2025-10-13 11:00:00,4149.98,4154.0,4038.0,4078.88,4155219.96
2025-10-13 11:00:00,4149.98,4154.0,4038.0,4078.88,4155219.96
2025-10-13 11:00:00,4149.98,4154.0,4038.0,4078.88,4155219.96
2025-10-13 11:00:00,4149.98,4154.0,4038.0,4078.88,4155219.96
2025-10-13 11:00:00,4149.98,4154.0,4038.0,4078.88,4155219.96
2025-10-13 11:00:00,4149.98,4154.0,4038.0,4078.88,4155219.96
2025-10-13 12:00:00,4078.88,4132.24,4053.98,4095.6,2497864.13
2025-10-13 12:00:00,4078.88,4132.24,4053.98,4095.6,2497864.13
2025-10-13 12:00:00,4078.88,4132.24,4053.98,4095.6,2497864.13
2025-10-13 12:00:00,4078.88,4132.24,4053.98,4095.6,2497864.13
2025-10-13 12:00:00,4078.88,4132.24,4053.98,4095.6,2497864.13
2025-10-13 12:00:00,4078.88,4132.24,4053.98,4095.6,2497864.13
2025-10-13 12:00:00,4078.88,4132.24,4053.98,4095.6,2497864.13
2025-10-13 12:00:00,4078.88,4132.24,4053.98,4095.6,2497864.13
2025-10-13 12:00:00,4078.88,4132.24,4053.98,4095.6,2497864.13
2025-10-13 12:00:00,4078.88,4132.24,4053.98,4095.6,2497864.13
2025-10-13 12:00:00,4078.88,4132.24,4053.98,4095.6,2497864.13
2025-10-13 12:00:00,4078.88,4132.24,4053.98,4095.6,2497864.13
2025-10-13 12:00:00,4078.88,4132.24,4053.98,4095.6,2497864.13
2025-10-13 12:00:00,4078.88,4132.24,4053.98,4095.6,2497864.13
2025-10-13 12:00:00,4078.88,4132.24,4053.98,4095.6,2497864.13
2025-10-13 13:00:00,4095.59,4179.0,4090.13,4162.21,4467411.03
2025-10-13 13:00:00,4095.59,4179.0,4090.13,4162.21,4467411.03
2025-10-13 13:00:00,4095.59,4179.0,4090.13,4162.21,4467411.03
2025-10-13 13:00:00,4095.59,4179.0,4090.13,4162.21,4467411.03
2025-10-13 13:00:00,4095.59,4179.0,4090.13,4162.21,4467411.03
2025-10-13 13:00:00,4095.59,4179.0,4090.13,4162.21,4467411.03
2025-10-13 13:00:00,4095.59,4179.0,4090.13,4162.21,4467411.03
2025-10-13 13:00:00,4095.59,4179.0,4090.13,4162.21,4467411.03
2025-10-13 13:00:00,4095.59,4179.0,4090.13,4162.21,4467411.03
2025-10-13 13:00:00,4095.59,4179.0,4090.13,4162.21,4467411.03
2025-10-13 13:00:00,4095.59,4179.0,4090.13,4162.21,4467411.03
2025-10-13 13:00:00,4095.59,4179.0,4090.13,4162.21,4467411.03
2025-10-13 13:00:00,4095.59,4179.0,4090.13,4162.21,4467411.03
2025-10-13 13:00:00,4095.59,4179.0,4090.13,4162.21,4467411.03
2025-10-13 13:00:00,4095.59,4179.0,4090.13,4162.21,4467411.03
2025-10-13 14:00:00,4162.21,4174.85,4079.58,4093.76,3352620.02
2025-10-13 14:00:00,4162.21,4174.85,4079.58,4093.76,3352620.02
2025-10-13 14:00:00,4162.21,4174.85,4079.58,4093.76,3352620.02
2025-10-13 14:00:00,4162.21,4174.85,4079.58,4093.76,3352620.02
2025-10-13 14:00:00,4162.21,4174.85,4079.58,4093.76,3352620.02
2025-10-13 14:00:00,4162.21,4174.85,4079.58,4093.76,3352620.02
2025-10-13 14:00:00,4162.21,4174.85,4079.58,4093.76,3352620.02
2025-10-13 14:00:00,4162.21,4174.85,4079.58,4093.76,3352620.02
2025-10-13 14:00:00,4162.21,4174.85,4079.58,4093.76,3352620.02
2025-10-13 14:00:00,4162.21,4174.85,4079.58,4093.76,3352620.02
2025-10-13 14:00:00,4162.21,4174.85,4079.58,4093.76,3352620.02
2025-10-13 14:00:00,4162.21,4174.85,4079.58,4093.76,3352620.02
2025-10-13 14:00:00,4162.21,4174.85,4079.58,4093.76,3352620.02
2025-10-13 14:00:00,4162.21,4174.85,4079.58,4093.76,3352620.02
2025-10-13 14:00:00,4162.21,4174.85,4079.58,4093.76,3352620.02
2025-10-13 15:00:00,4093.76,4147.0,4091.0,4133.33,1636823.35
2025-10-13 15:00:00,4093.76,4147.0,4091.0,4133.33,1636823.35
2025-10-13 15:00:00,4093.76,4147.0,4091.0,4133.33,1636823.35
2025-10-13 15:00:00,4093.76,4147.0,4091.0,4133.33,1636823.35
2025-10-13 15:00:00,4093.76,4147.0,4091.0,4133.33,1636823.35
2025-10-13 15:00:00,4093.76,4147.0,4091.0,4133.33,1636823.35
2025-10-13 15:00:00,4093.76,4147.0,4091.0,4133.33,1636823.35
2025-10-13 15:00:00,4093.76,4147.0,4091.0,4133.33,1636823.35
2025-10-13 15:00:00,4093.76,4147.0,4091.0,4133.33,1636823.35
2025-10-13 15:00:00,4093.76,4147.0,4091.0,4133.33,1636823.35
2025-10-13 15:00:00,4093.76,4147.0,4091.0,4133.33,1636823.35
2025-10-13 15:00:00,4093.76,4147.0,4091.0,4133.33,1636823.35
2025-10-13 15:00:00,4093.76,4147.0,4091.0,4133.33,1636823.35
2025-10-13 15:00:00,4093.76,4147.0,4091.0,4133.33,1636823.35
2025-10-13 15:00:00,4093.76,4147.0,4091.0,4133.33,1636823.35
2025-10-13 16:00:00,4133.34,4173.97,4126.04,4162.99,1834062.28
2025-10-13 16:00:00,4133.34,4173.97,4126.04,4162.99,1834062.28
2025-10-13 16:00:00,4133.34,4173.97,4126.04,4162.99,1834062.28
2025-10-13 16:00:00,4133.34,4173.97,4126.04,4162.99,1834062.28
2025-10-13 16:00:00,4133.34,4173.97,4126.04,4162.99,1834062.28
2025-10-13 16:00:00,4133.34,4173.97,4126.04,4162.99,1834062.28
2025-10-13 16:00:00,4133.34,4173.97,4126.04,4162.99,1834062.28
2025-10-13 16:00:00,4133.34,4173.97,4126.04,4162.99,1834062.28
2025-10-13 16:00:00,4133.34,4173.97,4126.04,4162.99,1834062.28
2025-10-13 16:00:00,4133.34,4173.97,4126.04,4162.99,1834062.28
2025-10-13 16:00:00,4133.34,4173.97,4126.04,4162.99,1834062.28
2025-10-13 16:00:00,4133.34,4173.97,4126.04,4162.99,1834062.28
2025-10-13 16:00:00,4133.34,4173.97,4126.04,4162.99,1834062.28
2025-10-13 16:00:00,4133.34,4173.97,4126.04,4162.99,1834062.28
2025-10-13 16:00:00,4133.34,4173.97,4126.04,4162.99,1834062.28
2025-10-13 17:00:00,4163.0,4238.0,4154.18,4233.16,2141637.7
2025-10-13 17:00:00,4163.0,4238.0,4154.18,4233.16,2141637.7
2025-10-13 17:00:00,4163.0,4238.0,4154.18,4233.16,2141637.7
2025-10-13 17:00:00,4163.0,4238.0,4154.18,4233.16,2141637.7
2025-10-13 17:00:00,4163.0,4238.0,4154.18,4233.16,2141637.7
2025-10-13 17:00:00,4163.0,4238.0,4154.18,4233.16,2141637.7
2025-10-13 17:00:00,4163.0,4238.0,4154.18,4233.16,2141637.7
2025-10-13 17:00:00,4163.0,4238.0,4154.18,4233.16,2141637.7
2025-10-13 17:00:00,4163.0,4238.0,4154.18,4233.16,2141637.7
2025-10-13 17:00:00,4163.0,4238.0,4154.18,4233.16,2141637.7
2025-10-13 17:00:00,4163.0,4238.0,4154.18,4233.16,2141637.7
2025-10-13 17:00:00,4163.0,4238.0,4154.18,4233.16,2141637.7
2025-10-13 17:00:00,4163.0,4238.0,4154.18,4233.16,2141637.7
2025-10-13 17:00:00,4163.0,4238.0,4154.18,4233.16,2141637.7
2025-10-13 17:00:00,4163.0,4238.0,4154.18,4233.16,2141637.7
2025-10-13 18:00:00,4233.15,4239.94,4197.67,4225.88,1493807.15
2025-10-13 18:00:00,4233.15,4239.94,4197.67,4225.88,1493807.15
2025-10-13 18:00:00,4233.15,4239.94,4197.67,4225.88,1493807.15
2025-10-13 18:00:00,4233.15,4239.94,4197.67,4225.88,1493807.15
2025-10-13 18:00:00,4233.15,4239.94,4197.67,4225.88,1493807.15
2025-10-13 18:00:00,4233.15,4239.94,4197.67,4225.88,1493807.15
2025-10-13 18:00:00,4233.15,4239.94,4197.67,4225.88,1493807.15
2025-10-13 18:00:00,4233.15,4239.94,4197.67,4225.88,1493807.15
2025-10-13 18:00:00,4233.15,4239.94,4197.67,4225.88,1493807.15
2025-10-13 18:00:00,4233.15,4239.94,4197.67,4225.88,1493807.15
2025-10-13 18:00:00,4233.15,4239.94,4197.67,4225.88,1493807.15
2025-10-13 18:00:00,4233.15,4239.94,4197.67,4225.88,1493807.15
2025-10-13 18:00:00,4233.15,4239.94,4197.67,4225.88,1493807.15
2025-10-13 18:00:00,4233.15,4239.94,4197.67,4225.88,1493807.15
2025-10-13 18:00:00,4233.15,4239.94,4197.67,4225.88,1493807.15
2025-10-13 19:00:00,4225.88,4269.61,4221.0,4250.4,1575812.93
2025-10-13 19:00:00,4225.88,4269.61,4221.0,4250.4,1575812.93
2025-10-13 19:00:00,4225.88,4269.61,4221.0,4250.4,1575812.93
2025-10-13 19:00:00,4225.88,4269.61,4221.0,4250.4,1575812.93
2025-10-13 19:00:00,4225.88,4269.61,4221.0,4250.4,1575812.93
2025-10-13 19:00:00,4225.88,4269.61,4221.0,4250.4,1575812.93
2025-10-13 19:00:00,4225.88,4269.61,4221.0,4250.4,1575812.93
2025-10-13 19:00:00,4225.88,4269.61,4221.0,4250.4,1575812.93
2025-10-13 19:00:00,4225.88,4269.61,4221.0,4250.4,1575812.93
2025-10-13 19:00:00,4225.88,4269.61,4221.0,4250.4,1575812.93
2025-10-13 19:00:00,4225.88,4269.61,4221.0,4250.4,1575812.93
2025-10-13 19:00:00,4225.88,4269.61,4221.0,4250.4,1575812.93
2025-10-13 19:00:00,4225.88,4269.61,4221.0,4250.4,1575812.93
2025-10-13 19:00:00,4225.88,4269.61,4221.0,4250.4,1575812.93
2025-10-13 19:00:00,4225.88,4269.61,4221.0,4250.4,1575812.93
2025-10-13 20:00:00,4250.24,4288.9,4241.28,4284.08,1009742.32
2025-10-13 20:00:00,4250.24,4288.9,4241.28,4284.08,1009742.32
2025-10-13 20:00:00,4250.24,4288.9,4241.28,4284.08,1009742.32
2025-10-13 20:00:00,4250.24,4288.9,4241.28,4284.08,1009742.32
2025-10-13 20:00:00,4250.24,4288.9,4241.28,4284.08,1009742.32
2025-10-13 20:00:00,4250.24,4288.9,4241.28,4284.08,1009742.32
2025-10-13 20:00:00,4250.24,4288.9,4241.28,4284.08,1009742.32
2025-10-13 20:00:00,4250.24,4288.9,4241.28,4284.08,1009742.32
2025-10-13 20:00:00,4250.24,4288.9,4241.28,4284.08,1009742.32
2025-10-13 20:00:00,4250.24,4288.9,4241.28,4284.08,1009742.32
2025-10-13 20:00:00,4250.24,4288.9,4241.28,4284.08,1009742.32
2025-10-13 20:00:00,4250.24,4288.9,4241.28,4284.08,1009742.32
2025-10-13 20:00:00,4250.24,4288.9,4241.28,4284.08,1009742.32
2025-10-13 20:00:00,4250.24,4288.9,4241.28,4284.08,1009742.32
2025-10-13 20:00:00,4250.24,4288.9,4241.28,4284.08,1009742.32
2025-10-13 21:00:00,4284.08,4289.74,4252.28,4256.75,630939.0
2025-10-13 21:00:00,4284.08,4289.74,4252.28,4256.75,630939.0
2025-10-13 21:00:00,4284.08,4289.74,4252.28,4256.75,630939.0
2025-10-13 21:00:00,4284.08,4289.74,4252.28,4256.75,630939.0
2025-10-13 21:00:00,4284.08,4289.74,4252.28,4256.75,630939.0
2025-10-13 21:00:00,4284.08,4289.74,4252.28,4256.75,630939.0
2025-10-13 21:00:00,4284.08,4289.74,4252.28,4256.75,630939.0
2025-10-13 21:00:00,4284.08,4289.74,4252.28,4256.75,630939.0
2025-10-13 21:00:00,4284.08,4289.74,4252.28,4256.75,630939.0
2025-10-13 21:00:00,4284.08,4289.74,4252.28,4256.75,630939.0
2025-10-13 21:00:00,4284.08,4289.74,4252.28,4256.75,630939.0
2025-10-13 21:00:00,4284.08,4289.74,4252.28,4256.75,630939.0
2025-10-13 21:00:00,4284.08,4289.74,4252.28,4256.75,630939.0
2025-10-13 21:00:00,4284.08,4289.74,4252.28,4256.75,630939.0
2025-10-13 21:00:00,4284.08,4289.74,4252.28,4256.75,630939.0
2025-10-13 22:00:00,4256.76,4275.0,4248.51,4269.5,532734.04
2025-10-13 22:00:00,4256.76,4275.0,4248.51,4269.5,532734.04
2025-10-13 22:00:00,4256.76,4275.0,4248.51,4269.5,532734.04
2025-10-13 22:00:00,4256.76,4275.0,4248.51,4269.5,532734.04
2025-10-13 22:00:00,4256.76,4275.0,4248.51,4269.5,532734.04
2025-10-13 22:00:00,4256.76,4275.0,4248.51,4269.5,532734.04
2025-10-13 22:00:00,4256.76,4275.0,4248.51,4269.5,532734.04
2025-10-13 22:00:00,4256.76,4275.0,4248.51,4269.5,532734.04
2025-10-13 22:00:00,4256.76,4275.0,4248.51,4269.5,532734.04
2025-10-13 22:00:00,4256.76,4275.0,4248.51,4269.5,532734.04
2025-10-13 22:00:00,4256.76,4275.0,4248.51,4269.5,532734.04
2025-10-13 22:00:00,4256.76,4275.0,4248.51,4269.5,532734.04
2025-10-13 22:00:00,4256.76,4275.0,4248.51,4269.5,532734.04
2025-10-13 22:00:00,4256.76,4275.0,4248.51,4269.5,532734.04
2025-10-13 22:00:00,4256.76,4275.0,4248.51,4269.5,532734.04
2025-10-13 23:00:00,4269.49,4269.49,4233.15,4239.8,613500.91
2025-10-13 23:00:00,4269.49,4269.49,4233.15,4239.8,613500.91
2025-10-13 23:00:00,4269.49,4269.49,4233.15,4239.8,613500.91
2025-10-13 23:00:00,4269.49,4269.49,4233.15,4239.8,613500.91
2025-10-13 23:00:00,4269.49,4269.49,4233.15,4239.8,613500.91
2025-10-13 23:00:00,4269.49,4269.49,4233.15,4239.8,613500.91
2025-10-13 23:00:00,4269.49,4269.49,4233.15,4239.8,613500.91
2025-10-13 23:00:00,4269.49,4269.49,4233.15,4239.8,613500.91
2025-10-13 23:00:00,4269.49,4269.49,4233.15,4239.8,613500.91
2025-10-13 23:00:00,4269.49,4269.49,4233.15,4239.8,613500.91
2025-10-13 23:00:00,4269.49,4269.49,4233.15,4239.8,613500.91
2025-10-13 23:00:00,4269.49,4269.49,4233.15,4239.8,613500.91
2025-10-13 23:00:00,4269.49,4269.49,4233.15,4239.8,613500.91
2025-10-13 23:00:00,4269.49,4269.49,4233.15,4239.8,613500.91
2025-10-13 23:00:00,4269.49,4269.49,4233.15,4239.8,613500.91
2025-10-14 00:00:00,4239.8,4262.21,4224.0,4240.44,756888.53
2025-10-14 00:00:00,4239.8,4262.21,4224.0,4240.44,756888.53
2025-10-14 00:00:00,4239.8,4262.21,4224.0,4240.44,756888.53
2025-10-14 00:00:00,4239.8,4262.21,4224.0,4240.44,756888.53
2025-10-14 00:00:00,4239.8,4262.21,4224.0,4240.44,756888.53
2025-10-14 00:00:00,4239.8,4262.21,4224.0,4240.44,756888.53
2025-10-14 00:00:00,4239.8,4262.21,4224.0,4240.44,756888.53
2025-10-14 00:00:00,4239.8,4262.21,4224.0,4240.44,756888.53
2025-10-14 00:00:00,4239.8,4262.21,4224.0,4240.44,756888.53
2025-10-14 00:00:00,4239.8,4262.21,4224.0,4240.44,756888.53
2025-10-14 00:00:00,4239.8,4262.21,4224.0,4240.44,756888.53
2025-10-14 00:00:00,4239.8,4262.21,4224.0,4240.44,756888.53
2025-10-14 00:00:00,4239.8,4262.21,4224.0,4240.44,756888.53
2025-10-14 00:00:00,4239.8,4262.21,4224.0,4240.44,756888.53
2025-10-14 00:00:00,4239.8,4262.21,4224.0,4240.44,756888.53
2025-10-14 01:00:00,4240.44,4242.3,4200.01,4209.95,1159528.98
2025-10-14 01:00:00,4240.44,4242.3,4200.01,4209.95,1159528.98
2025-10-14 01:00:00,4240.44,4242.3,4200.01,4209.95,1159528.98
2025-10-14 01:00:00,4240.44,4242.3,4200.01,4209.95,1159528.98
2025-10-14 01:00:00,4240.44,4242.3,4200.01,4209.95,1159528.98
2025-10-14 01:00:00,4240.44,4242.3,4200.01,4209.95,1159528.98
2025-10-14 01:00:00,4240.44,4242.3,4200.01,4209.95,1159528.98
2025-10-14 01:00:00,4240.44,4242.3,4200.01,4209.95,1159528.98
2025-10-14 01:00:00,4240.44,4242.3,4200.01,4209.95,1159528.98
2025-10-14 01:00:00,4240.44,4242.3,4200.01,4209.95,1159528.98
2025-10-14 01:00:00,4240.44,4242.3,4200.01,4209.95,1159528.98
2025-10-14 01:00:00,4240.44,4242.3,4200.01,4209.95,1159528.98
2025-10-14 01:00:00,4240.44,4242.3,4200.01,4209.95,1159528.98
2025-10-14 01:00:00,4240.44,4242.3,4200.01,4209.95,1159528.98
2025-10-14 01:00:00,4240.44,4242.3,4200.01,4209.95,1159528.98
2025-10-14 02:00:00,4209.95,4209.96,4163.87,4170.03,1388666.48
2025-10-14 02:00:00,4209.95,4209.96,4163.87,4170.03,1388666.48
2025-10-14 02:00:00,4209.95,4209.96,4163.87,4170.03,1388666.48
2025-10-14 02:00:00,4209.95,4209.96,4163.87,4170.03,1388666.48
2025-10-14 02:00:00,4209.95,4209.96,4163.87,4170.03,1388666.48
2025-10-14 02:00:00,4209.95,4209.96,4163.87,4170.03,1388666.48
2025-10-14 02:00:00,4209.95,4209.96,4163.87,4170.03,1388666.48
2025-10-14 02:00:00,4209.95,4209.96,4163.87,4170.03,1388666.48
2025-10-14 02:00:00,4209.95,4209.96,4163.87,4170.03,1388666.48
2025-10-14 02:00:00,4209.95,4209.96,4163.87,4170.03,1388666.48
2025-10-14 02:00:00,4209.95,4209.96,4163.87,4170.03,1388666.48
2025-10-14 02:00:00,4209.95,4209.96,4163.87,4170.03,1388666.48
2025-10-14 02:00:00,4209.95,4209.96,4163.87,4170.03,1388666.48
2025-10-14 02:00:00,4209.95,4209.96,4163.87,4170.03,1388666.48
2025-10-14 02:00:00,4209.95,4209.96,4163.87,4170.03,1388666.48
2025-10-14 03:00:00,4170.03,4172.36,4135.04,4151.8,1634813.07
2025-10-14 03:00:00,4170.03,4172.36,4135.04,4151.8,1634813.07
2025-10-14 03:00:00,4170.03,4172.36,4135.04,4151.8,1634813.07
2025-10-14 03:00:00,4170.03,4172.36,4135.04,4151.8,1634813.07
2025-10-14 03:00:00,4170.03,4172.36,4135.04,4151.8,1634813.07
2025-10-14 03:00:00,4170.03,4172.36,4135.04,4151.8,1634813.07
2025-10-14 03:00:00,4170.03,4172.36,4135.04,4151.8,1634813.07
2025-10-14 03:00:00,4170.03,4172.36,4135.04,4151.8,1634813.07
2025-10-14 03:00:00,4170.03,4172.36,4135.04,4151.8,1634813.07
2025-10-14 03:00:00,4170.03,4172.36,4135.04,4151.8,1634813.07
2025-10-14 03:00:00,4170.03,4172.36,4135.04,4151.8,1634813.07
2025-10-14 03:00:00,4170.03,4172.36,4135.04,4151.8,1634813.07
2025-10-14 03:00:00,4170.03,4172.36,4135.04,4151.8,1634813.07
2025-10-14 03:00:00,4170.03,4172.36,4135.04,4151.8,1634813.07
2025-10-14 03:00:00,4170.03,4172.36,4135.04,4151.8,1634813.07
2025-10-14 04:00:00,4151.81,4158.87,4085.0,4098.3,2260952.57
2025-10-14 04:00:00,4151.81,4158.87,4085.0,4098.3,2260952.57
2025-10-14 04:00:00,4151.81,4158.87,4085.0,4098.3,2260952.57
2025-10-14 04:00:00,4151.81,4158.87,4085.0,4098.3,2260952.57
2025-10-14 04:00:00,4151.81,4158.87,4085.0,4098.3,2260952.57
2025-10-14 04:00:00,4151.81,4158.87,4085.0,4098.3,2260952.57
2025-10-14 04:00:00,4151.81,4158.87,4085.0,4098.3,2260952.57
2025-10-14 04:00:00,4151.81,4158.87,4085.0,4098.3,2260952.57
2025-10-14 04:00:00,4151.81,4158.87,4085.0,4098.3,2260952.57
2025-10-14 04:00:00,4151.81,4158.87,4085.0,4098.3,2260952.57
2025-10-14 04:00:00,4151.81,4158.87,4085.0,4098.3,2260952.57
2025-10-14 04:00:00,4151.81,4158.87,4085.0,4098.3,2260952.57
2025-10-14 04:00:00,4151.81,4158.87,4085.0,4098.3,2260952.57
2025-10-14 04:00:00,4151.81,4158.87,4085.0,4098.3,2260952.57
2025-10-14 04:00:00,4151.81,4158.87,4085.0,4098.3,2260952.57
2025-10-14 05:00:00,4098.3,4124.54,4052.16,4068.34,2574738.08
2025-10-14 05:00:00,4098.3,4124.54,4052.16,4068.34,2574738.08
2025-10-14 05:00:00,4098.3,4124.54,4052.16,4068.34,2574738.08
2025-10-14 05:00:00,4098.3,4124.54,4052.16,4068.34,2574738.08
2025-10-14 05:00:00,4098.3,4124.54,4052.16,4068.34,2574738.08
2025-10-14 05:00:00,4098.3,4124.54,4052.16,4068.34,2574738.08
2025-10-14 05:00:00,4098.3,4124.54,4052.16,4068.34,2574738.08
2025-10-14 05:00:00,4098.3,4124.54,4052.16,4068.34,2574738.08
2025-10-14 05:00:00,4098.3,4124.54,4052.16,4068.34,2574738.08
2025-10-14 05:00:00,4098.3,4124.54,4052.16,4068.34,2574738.08
2025-10-14 05:00:00,4098.3,4124.54,4052.16,4068.34,2574738.08
2025-10-14 05:00:00,4098.3,4124.54,4052.16,4068.34,2574738.08
2025-10-14 05:00:00,4098.3,4124.54,4052.16,4068.34,2574738.08
2025-10-14 05:00:00,4098.3,4124.54,4052.16,4068.34,2574738.08
2025-10-14 05:00:00,4098.3,4124.54,4052.16,4068.34,2574738.08
2025-10-14 06:00:00,4068.34,4089.4,3962.76,4001.88,4842339.66
2025-10-14 06:00:00,4068.34,4089.4,3962.76,4001.88,4842339.66
2025-10-14 06:00:00,4068.34,4089.4,3962.76,4001.88,4842339.66
2025-10-14 06:00:00,4068.34,4089.4,3962.76,4001.88,4842339.66
2025-10-14 06:00:00,4068.34,4089.4,3962.76,4001.88,4842339.66
2025-10-14 06:00:00,4068.34,4089.4,3962.76,4001.88,4842339.66
2025-10-14 06:00:00,4068.34,4089.4,3962.76,4001.88,4842339.66
2025-10-14 06:00:00,4068.34,4089.4,3962.76,4001.88,4842339.66
2025-10-14 06:00:00,4068.34,4089.4,3962.76,4001.88,4842339.66
2025-10-14 06:00:00,4068.34,4089.4,3962.76,4001.88,4842339.66
2025-10-14 06:00:00,4068.34,4089.4,3962.76,4001.88,4842339.66
2025-10-14 06:00:00,4068.34,4089.4,3962.76,4001.88,4842339.66
2025-10-14 06:00:00,4068.34,4089.4,3962.76,4001.88,4842339.66
2025-10-14 06:00:00,4068.34,4089.4,3962.76,4001.88,4842339.66
2025-10-14 06:00:00,4068.34,4089.4,3962.76,4001.88,4842339.66
2025-10-14 07:00:00,4001.87,4024.44,3966.15,3979.21,2937130.85
2025-10-14 07:00:00,4001.87,4024.44,3966.15,3979.21,2937130.85
2025-10-14 07:00:00,4001.87,4024.44,3966.15,3979.21,2937130.85
2025-10-14 07:00:00,4001.87,4024.44,3966.15,3979.21,2937130.85
2025-10-14 07:00:00,4001.87,4024.44,3966.15,3979.21,2937130.85
2025-10-14 07:00:00,4001.87,4024.44,3966.15,3979.21,2937130.85
2025-10-14 07:00:00,4001.87,4024.44,3966.15,3979.21,2937130.85
2025-10-14 07:00:00,4001.87,4024.44,3966.15,3979.21,2937130.85
2025-10-14 07:00:00,4001.87,4024.44,3966.15,3979.21,2937130.85
2025-10-14 07:00:00,4001.87,4024.44,3966.15,3979.21,2937130.85
2025-10-14 07:00:00,4001.87,4024.44,3966.15,3979.21,2937130.85
2025-10-14 07:00:00,4001.87,4024.44,3966.15,3979.21,2937130.85
2025-10-14 07:00:00,4001.87,4024.44,3966.15,3979.21,2937130.85
2025-10-14 07:00:00,4001.87,4024.44,3966.15,3979.21,2937130.85
2025-10-14 07:00:00,4001.87,4024.44,3966.15,3979.21,2937130.85
2025-10-14 08:00:00,3979.21,4009.5,3948.19,3994.7,2972982.7
2025-10-14 08:00:00,3979.21,4009.5,3948.19,3994.7,2972982.7
2025-10-14 08:00:00,3979.21,4009.5,3948.19,3994.7,2972982.7
2025-10-14 08:00:00,3979.21,4009.5,3948.19,3994.7,2972982.7
2025-10-14 08:00:00,3979.21,4009.5,3948.19,3994.7,2972982.7
2025-10-14 08:00:00,3979.21,4009.5,3948.19,3994.7,2972982.7
2025-10-14 08:00:00,3979.21,4009.5,3948.19,3994.7,2972982.7
2025-10-14 08:00:00,3979.21,4009.5,3948.19,3994.7,2972982.7
2025-10-14 08:00:00,3979.21,4009.5,3948.19,3994.7,2972982.7
2025-10-14 08:00:00,3979.21,4009.5,3948.19,3994.7,2972982.7
2025-10-14 08:00:00,3979.21,4009.5,3948.19,3994.7,2972982.7
2025-10-14 08:00:00,3979.21,4009.5,3948.19,3994.7,2972982.7
2025-10-14 08:00:00,3979.21,4009.5,3948.19,3994.7,2972982.7
2025-10-14 08:00:00,3979.21,4009.5,3948.19,3994.7,2972982.7
2025-10-14 08:00:00,3979.21,4009.5,3948.19,3994.7,2972982.7
2025-10-14 09:00:00,3994.7,4013.19,3967.92,3983.97,1703105.33
2025-10-14 09:00:00,3994.7,4013.19,3967.92,3983.97,1703105.33
2025-10-14 09:00:00,3994.7,4013.19,3967.92,3983.97,1703105.33
2025-10-14 09:00:00,3994.7,4013.19,3967.92,3983.97,1703105.33
2025-10-14 09:00:00,3994.7,4013.19,3967.92,3983.97,1703105.33
2025-10-14 09:00:00,3994.7,4013.19,3967.92,3983.97,1703105.33
2025-10-14 09:00:00,3994.7,4013.19,3967.92,3983.97,1703105.33
2025-10-14 09:00:00,3994.7,4013.19,3967.92,3983.97,1703105.33
2025-10-14 09:00:00,3994.7,4013.19,3967.92,3983.97,1703105.33
2025-10-14 09:00:00,3994.7,4013.19,3967.92,3983.97,1703105.33
2025-10-14 09:00:00,3994.7,4013.19,3967.92,3983.97,1703105.33
2025-10-14 09:00:00,3994.7,4013.19,3967.92,3983.97,1703105.33
2025-10-14 09:00:00,3994.7,4013.19,3967.92,3983.97,1703105.33
2025-10-14 09:00:00,3994.7,4013.19,3967.92,3983.97,1703105.33
2025-10-14 09:00:00,3994.7,4013.19,3967.92,3983.97,1703105.33
2025-10-14 10:00:00,3983.96,3984.89,3885.99,3941.14,4925225.49
2025-10-14 10:00:00,3983.96,3984.89,3885.99,3941.14,4925225.49
2025-10-14 10:00:00,3983.96,3984.89,3885.99,3941.14,4925225.49
2025-10-14 10:00:00,3983.96,3984.89,3885.99,3941.14,4925225.49
2025-10-14 10:00:00,3983.96,3984.89,3885.99,3941.14,4925225.49
2025-10-14 10:00:00,3983.96,3984.89,3885.99,3941.14,4925225.49
2025-10-14 10:00:00,3983.96,3984.89,3885.99,3941.14,4925225.49
2025-10-14 10:00:00,3983.96,3984.89,3885.99,3941.14,4925225.49
2025-10-14 10:00:00,3983.96,3984.89,3885.99,3941.14,4925225.49
2025-10-14 10:00:00,3983.96,3984.89,3885.99,3941.14,4925225.49
2025-10-14 10:00:00,3983.96,3984.89,3885.99,3941.14,4925225.49
2025-10-14 10:00:00,3983.96,3984.89,3885.99,3941.14,4925225.49
2025-10-14 10:00:00,3983.96,3984.89,3885.99,3941.14,4925225.49
2025-10-14 10:00:00,3983.96,3984.89,3885.99,3941.14,4925225.49
2025-10-14 10:00:00,3983.96,3984.89,3885.99,3941.14,4925225.49
2025-10-14 11:00:00,3941.14,3984.23,3939.74,3969.86,2080451.48
2025-10-14 11:00:00,3941.14,3984.23,3939.74,3969.86,2080451.48
2025-10-14 11:00:00,3941.14,3984.23,3939.74,3969.86,2080451.48
2025-10-14 11:00:00,3941.14,3984.23,3939.74,3969.86,2080451.48
2025-10-14 11:00:00,3941.14,3984.23,3939.74,3969.86,2080451.48
2025-10-14 11:00:00,3941.14,3984.23,3939.74,3969.86,2080451.48
2025-10-14 11:00:00,3941.14,3984.23,3939.74,3969.86,2080451.48
2025-10-14 11:00:00,3941.14,3984.23,3939.74,3969.86,2080451.48
2025-10-14 11:00:00,3941.14,3984.23,3939.74,3969.86,2080451.48
2025-10-14 11:00:00,3941.14,3984.23,3939.74,3969.86,2080451.48
2025-10-14 11:00:00,3941.14,3984.23,3939.74,3969.86,2080451.48
2025-10-14 11:00:00,3941.14,3984.23,3939.74,3969.86,2080451.48
2025-10-14 11:00:00,3941.14,3984.23,3939.74,3969.86,2080451.48
2025-10-14 11:00:00,3941.14,3984.23,3939.74,3969.86,2080451.48
2025-10-14 11:00:00,3941.14,3984.23,3939.74,3969.86,2080451.48
2025-10-14 12:00:00,3969.86,3972.0,3928.4,3939.26,2010075.03
2025-10-14 12:00:00,3969.86,3972.0,3928.4,3939.26,2010075.03
2025-10-14 12:00:00,3969.86,3972.0,3928.4,3939.26,2010075.03
2025-10-14 12:00:00,3969.86,3972.0,3928.4,3939.26,2010075.03
2025-10-14 12:00:00,3969.86,3972.0,3928.4,3939.26,2010075.03
2025-10-14 12:00:00,3969.86,3972.0,3928.4,3939.26,2010075.03
2025-10-14 12:00:00,3969.86,3972.0,3928.4,3939.26,2010075.03
2025-10-14 12:00:00,3969.86,3972.0,3928.4,3939.26,2010075.03
2025-10-14 12:00:00,3969.86,3972.0,3928.4,3939.26,2010075.03
2025-10-14 12:00:00,3969.86,3972.0,3928.4,3939.26,2010075.03
2025-10-14 12:00:00,3969.86,3972.0,3928.4,3939.26,2010075.03
2025-10-14 12:00:00,3969.86,3972.0,3928.4,3939.26,2010075.03
2025-10-14 12:00:00,3969.86,3972.0,3928.4,3939.26,2010075.03
2025-10-14 12:00:00,3969.86,3972.0,3928.4,3939.26,2010075.03
2025-10-14 12:00:00,3969.86,3972.0,3928.4,3939.26,2010075.03
2025-10-14 13:00:00,3939.26,3974.89,3892.11,3954.05,4079444.55
2025-10-14 13:00:00,3939.26,3974.89,3892.11,3954.05,4079444.55
2025-10-14 13:00:00,3939.26,3974.89,3892.11,3954.05,4079444.55
2025-10-14 13:00:00,3939.26,3974.89,3892.11,3954.05,4079444.55
2025-10-14 13:00:00,3939.26,3974.89,3892.11,3954.05,4079444.55
2025-10-14 13:00:00,3939.26,3974.89,3892.11,3954.05,4079444.55
2025-10-14 13:00:00,3939.26,3974.89,3892.11,3954.05,4079444.55
2025-10-14 13:00:00,3939.26,3974.89,3892.11,3954.05,4079444.55
2025-10-14 13:00:00,3939.26,3974.89,3892.11,3954.05,4079444.55
2025-10-14 13:00:00,3939.26,3974.89,3892.11,3954.05,4079444.55
2025-10-14 13:00:00,3939.26,3974.89,3892.11,3954.05,4079444.55
2025-10-14 13:00:00,3939.26,3974.89,3892.11,3954.05,4079444.55
2025-10-14 13:00:00,3939.26,3974.89,3892.11,3954.05,4079444.55
2025-10-14 13:00:00,3939.26,3974.89,3892.11,3954.05,4079444.55
2025-10-14 13:00:00,3939.26,3974.89,3892.11,3954.05,4079444.55
2025-10-14 14:00:00,3954.05,4018.38,3938.0,3967.19,3816815.08
2025-10-14 14:00:00,3954.05,4018.38,3938.0,3967.19,3816815.08
2025-10-14 14:00:00,3954.05,4018.38,3938.0,3967.19,3816815.08
2025-10-14 14:00:00,3954.05,4018.38,3938.0,3967.19,3816815.08
2025-10-14 14:00:00,3954.05,4018.38,3938.0,3967.19,3816815.08
2025-10-14 14:00:00,3954.05,4018.38,3938.0,3967.19,3816815.08
2025-10-14 14:00:00,3954.05,4018.38,3938.0,3967.19,3816815.08
2025-10-14 14:00:00,3954.05,4018.38,3938.0,3967.19,3816815.08
2025-10-14 14:00:00,3954.05,4018.38,3938.0,3967.19,3816815.08
2025-10-14 14:00:00,3954.05,4018.38,3938.0,3967.19,3816815.08
2025-10-14 14:00:00,3954.05,4018.38,3938.0,3967.19,3816815.08
2025-10-14 14:00:00,3954.05,4018.38,3938.0,3967.19,3816815.08
2025-10-14 14:00:00,3954.05,4018.38,3938.0,3967.19,3816815.08
2025-10-14 14:00:00,3954.05,4018.38,3938.0,3967.19,3816815.08
2025-10-14 14:00:00,3954.05,4018.38,3938.0,3967.19,3816815.08
2025-10-14 15:00:00,3967.19,4087.0,3946.0,4082.99,3608799.15
2025-10-14 15:00:00,3967.19,4087.0,3946.0,4082.99,3608799.15
2025-10-14 15:00:00,3967.19,4087.0,3946.0,4082.99,3608799.15
2025-10-14 15:00:00,3967.19,4087.0,3946.0,4082.99,3608799.15
2025-10-14 15:00:00,3967.19,4087.0,3946.0,4082.99,3608799.15
2025-10-14 15:00:00,3967.19,4087.0,3946.0,4082.99,3608799.15
2025-10-14 15:00:00,3967.19,4087.0,3946.0,4082.99,3608799.15
2025-10-14 15:00:00,3967.19,4087.0,3946.0,4082.99,3608799.15
2025-10-14 15:00:00,3967.19,4087.0,3946.0,4082.99,3608799.15
2025-10-14 15:00:00,3967.19,4087.0,3946.0,4082.99,3608799.15
2025-10-14 15:00:00,3967.19,4087.0,3946.0,4082.99,3608799.15
2025-10-14 15:00:00,3967.19,4087.0,3946.0,4082.99,3608799.15
2025-10-14 15:00:00,3967.19,4087.0,3946.0,4082.99,3608799.15
2025-10-14 15:00:00,3967.19,4087.0,3946.0,4082.99,3608799.15
2025-10-14 15:00:00,3967.19,4087.0,3946.0,4082.99,3608799.15
2025-10-14 16:00:00,4083.0,4163.65,4055.56,4093.79,5281284.29
2025-10-14 16:00:00,4083.0,4163.65,4055.56,4093.79,5281284.29
2025-10-14 16:00:00,4083.0,4163.65,4055.56,4093.79,5281284.29
2025-10-14 16:00:00,4083.0,4163.65,4055.56,4093.79,5281284.29
2025-10-14 16:00:00,4083.0,4163.65,4055.56,4093.79,5281284.29
2025-10-14 16:00:00,4083.0,4163.65,4055.56,4093.79,5281284.29
2025-10-14 16:00:00,4083.0,4163.65,4055.56,4093.79,5281284.29
2025-10-14 16:00:00,4083.0,4163.65,4055.56,4093.79,5281284.29
2025-10-14 16:00:00,4083.0,4163.65,4055.56,4093.79,5281284.29
2025-10-14 16:00:00,4083.0,4163.65,4055.56,4093.79,5281284.29
2025-10-14 16:00:00,4083.0,4163.65,4055.56,4093.79,5281284.29
2025-10-14 16:00:00,4083.0,4163.65,4055.56,4093.79,5281284.29
2025-10-14 16:00:00,4083.0,4163.65,4055.56,4093.79,5281284.29
2025-10-14 16:00:00,4083.0,4163.65,4055.56,4093.79,5281284.29
2025-10-14 16:00:00,4083.0,4163.65,4055.56,4093.79,5281284.29
2025-10-14 17:00:00,4093.8,4140.0,4045.23,4099.53,3486514.51
2025-10-14 17:00:00,4093.8,4140.0,4045.23,4099.53,3486514.51
2025-10-14 17:00:00,4093.8,4140.0,4045.23,4099.53,3486514.51
2025-10-14 17:00:00,4093.8,4140.0,4045.23,4099.53,3486514.51
2025-10-14 17:00:00,4093.8,4140.0,4045.23,4099.53,3486514.51
2025-10-14 17:00:00,4093.8,4140.0,4045.23,4099.53,3486514.51
2025-10-14 17:00:00,4093.8,4140.0,4045.23,4099.53,3486514.51
2025-10-14 17:00:00,4093.8,4140.0,4045.23,4099.53,3486514.51
2025-10-14 17:00:00,4093.8,4140.0,4045.23,4099.53,3486514.51
2025-10-14 17:00:00,4093.8,4140.0,4045.23,4099.53,3486514.51
2025-10-14 17:00:00,4093.8,4140.0,4045.23,4099.53,3486514.51
2025-10-14 17:00:00,4093.8,4140.0,4045.23,4099.53,3486514.51
2025-10-14 17:00:00,4093.8,4140.0,4045.23,4099.53,3486514.51
2025-10-14 17:00:00,4093.8,4140.0,4045.23,4099.53,3486514.51
2025-10-14 17:00:00,4093.8,4140.0,4045.23,4099.53,3486514.51
2025-10-14 18:00:00,4099.52,4136.5,4091.51,4118.89,1286793.32
2025-10-14 18:00:00,4099.52,4136.5,4091.51,4118.89,1286793.32
2025-10-14 18:00:00,4099.52,4136.5,4091.51,4118.89,1286793.32
2025-10-14 18:00:00,4099.52,4136.5,4091.51,4118.89,1286793.32
2025-10-14 18:00:00,4099.52,4136.5,4091.51,4118.89,1286793.32
2025-10-14 18:00:00,4099.52,4136.5,4091.51,4118.89,1286793.32
2025-10-14 18:00:00,4099.52,4136.5,4091.51,4118.89,1286793.32
2025-10-14 18:00:00,4099.52,4136.5,4091.51,4118.89,1286793.32
2025-10-14 18:00:00,4099.52,4136.5,4091.51,4118.89,1286793.32
2025-10-14 18:00:00,4099.52,4136.5,4091.51,4118.89,1286793.32
2025-10-14 18:00:00,4099.52,4136.5,4091.51,4118.89,1286793.32
2025-10-14 18:00:00,4099.52,4136.5,4091.51,4118.89,1286793.32
2025-10-14 18:00:00,4099.52,4136.5,4091.51,4118.89,1286793.32
2025-10-14 18:00:00,4099.52,4136.5,4091.51,4118.89,1286793.32
2025-10-14 18:00:00,4099.52,4136.5,4091.51,4118.89,1286793.32
2025-10-14 19:00:00,4118.9,4146.99,4046.36,4101.19,2841284.6
2025-10-14 19:00:00,4118.9,4146.99,4046.36,4101.19,2841284.6
2025-10-14 19:00:00,4118.9,4146.99,4046.36,4101.19,2841284.6
2025-10-14 19:00:00,4118.9,4146.99,4046.36,4101.19,2841284.6
2025-10-14 19:00:00,4118.9,4146.99,4046.36,4101.19,2841284.6
2025-10-14 19:00:00,4118.9,4146.99,4046.36,4101.19,2841284.6
2025-10-14 19:00:00,4118.9,4146.99,4046.36,4101.19,2841284.6
2025-10-14 19:00:00,4118.9,4146.99,4046.36,4101.19,2841284.6
2025-10-14 19:00:00,4118.9,4146.99,4046.36,4101.19,2841284.6
2025-10-14 19:00:00,4118.9,4146.99,4046.36,4101.19,2841284.6
2025-10-14 19:00:00,4118.9,4146.99,4046.36,4101.19,2841284.6
2025-10-14 19:00:00,4118.9,4146.99,4046.36,4101.19,2841284.6
2025-10-14 19:00:00,4118.9,4146.99,4046.36,4101.19,2841284.6
2025-10-14 19:00:00,4118.9,4146.99,4046.36,4101.19,2841284.6
2025-10-14 19:00:00,4118.9,4146.99,4046.36,4101.19,2841284.6
2025-10-14 20:00:00,4101.2,4124.48,4071.07,4116.32,1129981.25
2025-10-14 20:00:00,4101.2,4124.48,4071.07,4116.32,1129981.25
2025-10-14 20:00:00,4101.2,4124.48,4071.07,4116.32,1129981.25
2025-10-14 20:00:00,4101.2,4124.48,4071.07,4116.32,1129981.25
2025-10-14 20:00:00,4101.2,4124.48,4071.07,4116.32,1129981.25
2025-10-14 20:00:00,4101.2,4124.48,4071.07,4116.32,1129981.25
2025-10-14 20:00:00,4101.2,4124.48,4071.07,4116.32,1129981.25
2025-10-14 20:00:00,4101.2,4124.48,4071.07,4116.32,1129981.25
2025-10-14 20:00:00,4101.2,4124.48,4071.07,4116.32,1129981.25
2025-10-14 20:00:00,4101.2,4124.48,4071.07,4116.32,1129981.25
2025-10-14 20:00:00,4101.2,4124.48,4071.07,4116.32,1129981.25
2025-10-14 20:00:00,4101.2,4124.48,4071.07,4116.32,1129981.25
2025-10-14 20:00:00,4101.2,4124.48,4071.07,4116.32,1129981.25
2025-10-14 20:00:00,4101.2,4124.48,4071.07,4116.32,1129981.25
2025-10-14 20:00:00,4101.2,4124.48,4071.07,4116.32,1129981.25
2025-10-14 21:00:00,4116.31,4121.29,4091.0,4116.0,467875.52
2025-10-14 21:00:00,4116.31,4121.29,4091.0,4116.0,467875.52
2025-10-14 21:00:00,4116.31,4121.29,4091.0,4116.0,467875.52
2025-10-14 21:00:00,4116.31,4121.29,4091.0,4116.0,467875.52
2025-10-14 21:00:00,4116.31,4121.29,4091.0,4116.0,467875.52
2025-10-14 21:00:00,4116.31,4121.29,4091.0,4116.0,467875.52
2025-10-14 21:00:00,4116.31,4121.29,4091.0,4116.0,467875.52
2025-10-14 21:00:00,4116.31,4121.29,4091.0,4116.0,467875.52
2025-10-14 21:00:00,4116.31,4121.29,4091.0,4116.0,467875.52
2025-10-14 21:00:00,4116.31,4121.29,4091.0,4116.0,467875.52
2025-10-14 21:00:00,4116.31,4121.29,4091.0,4116.0,467875.52
2025-10-14 21:00:00,4116.31,4121.29,4091.0,4116.0,467875.52
2025-10-14 21:00:00,4116.31,4121.29,4091.0,4116.0,467875.52
2025-10-14 21:00:00,4116.31,4121.29,4091.0,4116.0,467875.52
2025-10-14 21:00:00,4116.31,4121.29,4091.0,4116.0,467875.52
2025-10-14 22:00:00,4116.0,4140.43,4099.89,4116.97,611380.7
2025-10-14 22:00:00,4116.0,4140.43,4099.89,4116.97,611380.7
2025-10-14 22:00:00,4116.0,4140.43,4099.89,4116.97,611380.7
2025-10-14 22:00:00,4116.0,4140.43,4099.89,4116.97,611380.7
2025-10-14 22:00:00,4116.0,4140.43,4099.89,4116.97,611380.7
2025-10-14 22:00:00,4116.0,4140.43,4099.89,4116.97,611380.7
2025-10-14 22:00:00,4116.0,4140.43,4099.89,4116.97,611380.7
2025-10-14 22:00:00,4116.0,4140.43,4099.89,4116.97,611380.7
2025-10-14 22:00:00,4116.0,4140.43,4099.89,4116.97,611380.7
2025-10-14 22:00:00,4116.0,4140.43,4099.89,4116.97,611380.7
2025-10-14 22:00:00,4116.0,4140.43,4099.89,4116.97,611380.7
2025-10-14 22:00:00,4116.0,4140.43,4099.89,4116.97,611380.7
2025-10-14 22:00:00,4116.0,4140.43,4099.89,4116.97,611380.7
2025-10-14 22:00:00,4116.0,4140.43,4099.89,4116.97,611380.7
2025-10-14 22:00:00,4116.0,4140.43,4099.89,4116.97,611380.7
2025-10-14 23:00:00,4116.97,4143.62,4115.51,4122.74,577128.36
2025-10-14 23:00:00,4116.97,4143.62,4115.51,4122.74,577128.36
2025-10-14 23:00:00,4116.97,4143.62,4115.51,4122.74,577128.36
2025-10-14 23:00:00,4116.97,4143.62,4115.51,4122.74,577128.36
2025-10-14 23:00:00,4116.97,4143.62,4115.51,4122.74,577128.36
2025-10-14 23:00:00,4116.97,4143.62,4115.51,4122.74,577128.36
2025-10-14 23:00:00,4116.97,4143.62,4115.51,4122.74,577128.36
2025-10-14 23:00:00,4116.97,4143.62,4115.51,4122.74,577128.36
2025-10-14 23:00:00,4116.97,4143.62,4115.51,4122.74,577128.36
2025-10-14 23:00:00,4116.97,4143.62,4115.51,4122.74,577128.36
2025-10-14 23:00:00,4116.97,4143.62,4115.51,4122.74,577128.36
2025-10-14 23:00:00,4116.97,4143.62,4115.51,4122.74,577128.36
2025-10-14 23:00:00,4116.97,4143.62,4115.51,4122.74,577128.36
2025-10-14 23:00:00,4116.97,4143.62,4115.51,4122.74,577128.36
2025-10-14 23:00:00,4116.97,4143.62,4115.51,4122.74,577128.36
2025-10-15 00:00:00,4122.74,4131.33,4090.84,4118.0,992269.08
2025-10-15 00:00:00,4122.74,4131.33,4090.84,4118.0,992269.08
2025-10-15 00:00:00,4122.74,4131.33,4090.84,4118.0,992269.08
2025-10-15 00:00:00,4122.74,4131.33,4090.84,4118.0,992269.08
2025-10-15 00:00:00,4122.74,4131.33,4090.84,4118.0,992269.08
2025-10-15 00:00:00,4122.74,4131.33,4090.84,4118.0,992269.08
2025-10-15 00:00:00,4122.74,4131.33,4090.84,4118.0,992269.08
2025-10-15 00:00:00,4122.74,4131.33,4090.84,4118.0,992269.08
2025-10-15 00:00:00,4122.74,4131.33,4090.84,4118.0,992269.08
2025-10-15 00:00:00,4122.74,4131.33,4090.84,4118.0,992269.08
2025-10-15 00:00:00,4122.74,4131.33,4090.84,4118.0,992269.08
2025-10-15 00:00:00,4122.74,4131.33,4090.84,4118.0,992269.08
2025-10-15 00:00:00,4122.74,4131.33,4090.84,4118.0,992269.08
2025-10-15 00:00:00,4122.74,4131.33,4090.84,4118.0,992269.08
2025-10-15 00:00:00,4122.74,4131.33,4090.84,4118.0,992269.08
2025-10-15 01:00:00,4118.0,4119.84,4080.4,4111.91,1178921.04
2025-10-15 01:00:00,4118.0,4119.84,4080.4,4111.91,1178921.04
2025-10-15 01:00:00,4118.0,4119.84,4080.4,4111.91,1178921.04
2025-10-15 01:00:00,4118.0,4119.84,4080.4,4111.91,1178921.04
2025-10-15 01:00:00,4118.0,4119.84,4080.4,4111.91,1178921.04
2025-10-15 01:00:00,4118.0,4119.84,4080.4,4111.91,1178921.04
2025-10-15 01:00:00,4118.0,4119.84,4080.4,4111.91,1178921.04
2025-10-15 01:00:00,4118.0,4119.84,4080.4,4111.91,1178921.04
2025-10-15 01:00:00,4118.0,4119.84,4080.4,4111.91,1178921.04
2025-10-15 01:00:00,4118.0,4119.84,4080.4,4111.91,1178921.04
2025-10-15 01:00:00,4118.0,4119.84,4080.4,4111.91,1178921.04
2025-10-15 01:00:00,4118.0,4119.84,4080.4,4111.91,1178921.04
2025-10-15 01:00:00,4118.0,4119.84,4080.4,4111.91,1178921.04
2025-10-15 01:00:00,4118.0,4119.84,4080.4,4111.91,1178921.04
2025-10-15 01:00:00,4118.0,4119.84,4080.4,4111.91,1178921.04
2025-10-15 02:00:00,4111.91,4144.0,4105.0,4116.57,1185090.95
2025-10-15 02:00:00,4111.91,4144.0,4105.0,4116.57,1185090.95
2025-10-15 02:00:00,4111.91,4144.0,4105.0,4116.57,1185090.95
2025-10-15 02:00:00,4111.91,4144.0,4105.0,4116.57,1185090.95
2025-10-15 02:00:00,4111.91,4144.0,4105.0,4116.57,1185090.95
2025-10-15 02:00:00,4111.91,4144.0,4105.0,4116.57,1185090.95
2025-10-15 02:00:00,4111.91,4144.0,4105.0,4116.57,1185090.95
2025-10-15 02:00:00,4111.91,4144.0,4105.0,4116.57,1185090.95
2025-10-15 02:00:00,4111.91,4144.0,4105.0,4116.57,1185090.95
2025-10-15 02:00:00,4111.91,4144.0,4105.0,4116.57,1185090.95
2025-10-15 02:00:00,4111.91,4144.0,4105.0,4116.57,1185090.95
2025-10-15 02:00:00,4111.91,4144.0,4105.0,4116.57,1185090.95
2025-10-15 02:00:00,4111.91,4144.0,4105.0,4116.57,1185090.95
2025-10-15 02:00:00,4111.91,4144.0,4105.0,4116.57,1185090.95
2025-10-15 02:00:00,4111.91,4144.0,4105.0,4116.57,1185090.95
2025-10-15 03:00:00,4116.56,4121.66,4059.17,4080.0,1519865.9
2025-10-15 03:00:00,4116.56,4121.66,4059.17,4080.0,1519865.9
2025-10-15 03:00:00,4116.56,4121.66,4059.17,4080.0,1519865.9
2025-10-15 03:00:00,4116.56,4121.66,4059.17,4080.0,1519865.9
2025-10-15 03:00:00,4116.56,4121.66,4059.17,4080.0,1519865.9
2025-10-15 03:00:00,4116.56,4121.66,4059.17,4080.0,1519865.9
2025-10-15 03:00:00,4116.56,4121.66,4059.17,4080.0,1519865.9
2025-10-15 03:00:00,4116.56,4121.66,4059.17,4080.0,1519865.9
2025-10-15 03:00:00,4116.56,4121.66,4059.17,4080.0,1519865.9
2025-10-15 03:00:00,4116.56,4121.66,4059.17,4080.0,1519865.9
2025-10-15 03:00:00,4116.56,4121.66,4059.17,4080.0,1519865.9
2025-10-15 03:00:00,4116.56,4121.66,4059.17,4080.0,1519865.9
2025-10-15 03:00:00,4116.56,4121.66,4059.17,4080.0,1519865.9
2025-10-15 03:00:00,4116.56,4121.66,4059.17,4080.0,1519865.9
2025-10-15 03:00:00,4116.56,4121.66,4059.17,4080.0,1519865.9
2025-10-15 04:00:00,4080.01,4122.57,4070.28,4114.55,1010535.77
2025-10-15 04:00:00,4080.01,4122.57,4070.28,4114.55,1010535.77
2025-10-15 04:00:00,4080.01,4122.57,4070.28,4114.55,1010535.77
2025-10-15 04:00:00,4080.01,4122.57,4070.28,4114.55,1010535.77
2025-10-15 04:00:00,4080.01,4122.57,4070.28,4114.55,1010535.77
2025-10-15 04:00:00,4080.01,4122.57,4070.28,4114.55,1010535.77
2025-10-15 04:00:00,4080.01,4122.57,4070.28,4114.55,1010535.77
2025-10-15 04:00:00,4080.01,4122.57,4070.28,4114.55,1010535.77
2025-10-15 04:00:00,4080.01,4122.57,4070.28,4114.55,1010535.77
2025-10-15 04:00:00,4080.01,4122.57,4070.28,4114.55,1010535.77
2025-10-15 04:00:00,4080.01,4122.57,4070.28,4114.55,1010535.77
2025-10-15 04:00:00,4080.01,4122.57,4070.28,4114.55,1010535.77
2025-10-15 04:00:00,4080.01,4122.57,4070.28,4114.55,1010535.77
2025-10-15 04:00:00,4080.01,4122.57,4070.28,4114.55,1010535.77
2025-10-15 04:00:00,4080.01,4122.57,4070.28,4114.55,1010535.77
2025-10-15 05:00:00,4114.56,4123.6,4090.68,4108.28,889671.0
2025-10-15 05:00:00,4114.56,4123.6,4090.68,4108.28,889671.0
2025-10-15 05:00:00,4114.56,4123.6,4090.68,4108.28,889671.0
2025-10-15 05:00:00,4114.56,4123.6,4090.68,4108.28,889671.0
2025-10-15 05:00:00,4114.56,4123.6,4090.68,4108.28,889671.0
2025-10-15 05:00:00,4114.56,4123.6,4090.68,4108.28,889671.0
2025-10-15 05:00:00,4114.56,4123.6,4090.68,4108.28,889671.0
2025-10-15 05:00:00,4114.56,4123.6,4090.68,4108.28,889671.0
2025-10-15 05:00:00,4114.56,4123.6,4090.68,4108.28,889671.0
2025-10-15 05:00:00,4114.56,4123.6,4090.68,4108.28,889671.0
2025-10-15 05:00:00,4114.56,4123.6,4090.68,4108.28,889671.0
2025-10-15 05:00:00,4114.56,4123.6,4090.68,4108.28,889671.0
2025-10-15 05:00:00,4114.56,4123.6,4090.68,4108.28,889671.0
2025-10-15 05:00:00,4114.56,4123.6,4090.68,4108.28,889671.0
2025-10-15 05:00:00,4114.56,4123.6,4090.68,4108.28,889671.0
2025-10-15 06:00:00,4108.28,4122.0,4072.91,4116.46,1397931.79
2025-10-15 06:00:00,4108.28,4122.0,4072.91,4116.46,1397931.79
2025-10-15 06:00:00,4108.28,4122.0,4072.91,4116.46,1397931.79
2025-10-15 06:00:00,4108.28,4122.0,4072.91,4116.46,1397931.79
2025-10-15 06:00:00,4108.28,4122.0,4072.91,4116.46,1397931.79
2025-10-15 06:00:00,4108.28,4122.0,4072.91,4116.46,1397931.79
2025-10-15 06:00:00,4108.28,4122.0,4072.91,4116.46,1397931.79
2025-10-15 06:00:00,4108.28,4122.0,4072.91,4116.46,1397931.79
2025-10-15 06:00:00,4108.28,4122.0,4072.91,4116.46,1397931.79
2025-10-15 06:00:00,4108.28,4122.0,4072.91,4116.46,1397931.79
2025-10-15 06:00:00,4108.28,4122.0,4072.91,4116.46,1397931.79
2025-10-15 06:00:00,4108.28,4122.0,4072.91,4116.46,1397931.79
2025-10-15 06:00:00,4108.28,4122.0,4072.91,4116.46,1397931.79
2025-10-15 06:00:00,4108.28,4122.0,4072.91,4116.46,1397931.79
2025-10-15 06:00:00,4108.28,4122.0,4072.91,4116.46,1397931.79
2025-10-15 07:00:00,4116.46,4128.0,4102.08,4119.69,719832.33
2025-10-15 07:00:00,4116.46,4128.0,4102.08,4119.69,719832.33
2025-10-15 07:00:00,4116.46,4128.0,4102.08,4119.69,719832.33
2025-10-15 07:00:00,4116.46,4128.0,4102.08,4119.69,719832.33
2025-10-15 07:00:00,4116.46,4128.0,4102.08,4119.69,719832.33
2025-10-15 07:00:00,4116.46,4128.0,4102.08,4119.69,719832.33
2025-10-15 07:00:00,4116.46,4128.0,4102.08,4119.69,719832.33
2025-10-15 07:00:00,4116.46,4128.0,4102.08,4119.69,719832.33
2025-10-15 07:00:00,4116.46,4128.0,4102.08,4119.69,719832.33
2025-10-15 07:00:00,4116.46,4128.0,4102.08,4119.69,719832.33
2025-10-15 07:00:00,4116.46,4128.0,4102.08,4119.69,719832.33
2025-10-15 07:00:00,4116.46,4128.0,4102.08,4119.69,719832.33
2025-10-15 07:00:00,4116.46,4128.0,4102.08,4119.69,719832.33
2025-10-15 07:00:00,4116.46,4128.0,4102.08,4119.69,719832.33
2025-10-15 07:00:00,4116.46,4128.0,4102.08,4119.69,719832.33
2025-10-15 08:00:00,4119.7,4216.0,4117.01,4180.0,3530911.87
2025-10-15 08:00:00,4119.7,4216.0,4117.01,4180.0,3530911.87
2025-10-15 08:00:00,4119.7,4216.0,4117.01,4180.0,3530911.87
2025-10-15 08:00:00,4119.7,4216.0,4117.01,4180.0,3530911.87
2025-10-15 08:00:00,4119.7,4216.0,4117.01,4180.0,3530911.87
2025-10-15 08:00:00,4119.7,4216.0,4117.01,4180.0,3530911.87
2025-10-15 08:00:00,4119.7,4216.0,4117.01,4180.0,3530911.87
2025-10-15 08:00:00,4119.7,4216.0,4117.01,4180.0,3530911.87
2025-10-15 08:00:00,4119.7,4216.0,4117.01,4180.0,3530911.87
2025-10-15 08:00:00,4119.7,4216.0,4117.01,4180.0,3530911.87
2025-10-15 08:00:00,4119.7,4216.0,4117.01,4180.0,3530911.87
2025-10-15 08:00:00,4119.7,4216.0,4117.01,4180.0,3530911.87
2025-10-15 08:00:00,4119.7,4216.0,4117.01,4180.0,3530911.87
2025-10-15 08:00:00,4119.7,4216.0,4117.01,4180.0,3530911.87
2025-10-15 08:00:00,4119.7,4216.0,4117.01,4180.0,3530911.87
2025-10-15 09:00:00,4180.0,4184.09,4135.41,4154.35,1916341.69
2025-10-15 09:00:00,4180.0,4184.09,4135.41,4154.35,1916341.69
2025-10-15 09:00:00,4180.0,4184.09,4135.41,4154.35,1916341.69
2025-10-15 09:00:00,4180.0,4184.09,4135.41,4154.35,1916341.69
2025-10-15 09:00:00,4180.0,4184.09,4135.41,4154.35,1916341.69
2025-10-15 09:00:00,4180.0,4184.09,4135.41,4154.35,1916341.69
2025-10-15 09:00:00,4180.0,4184.09,4135.41,4154.35,1916341.69
2025-10-15 09:00:00,4180.0,4184.09,4135.41,4154.35,1916341.69
2025-10-15 09:00:00,4180.0,4184.09,4135.41,4154.35,1916341.69
2025-10-15 09:00:00,4180.0,4184.09,4135.41,4154.35,1916341.69
2025-10-15 09:00:00,4180.0,4184.09,4135.41,4154.35,1916341.69
2025-10-15 09:00:00,4180.0,4184.09,4135.41,4154.35,1916341.69
2025-10-15 09:00:00,4180.0,4184.09,4135.41,4154.35,1916341.69
2025-10-15 09:00:00,4180.0,4184.09,4135.41,4154.35,1916341.69
2025-10-15 09:00:00,4180.0,4184.09,4135.41,4154.35,1916341.69
2025-10-15 10:00:00,4154.3,4156.66,4110.01,4116.85,1550605.77
2025-10-15 10:00:00,4154.3,4156.66,4110.01,4116.85,1550605.77
2025-10-15 10:00:00,4154.3,4156.66,4110.01,4116.85,1550605.77
2025-10-15 10:00:00,4154.3,4156.66,4110.01,4116.85,1550605.77
2025-10-15 10:00:00,4154.3,4156.66,4110.01,4116.85,1550605.77
2025-10-15 10:00:00,4154.3,4156.66,4110.01,4116.85,1550605.77
2025-10-15 10:00:00,4154.3,4156.66,4110.01,4116.85,1550605.77
2025-10-15 10:00:00,4154.3,4156.66,4110.01,4116.85,1550605.77
2025-10-15 10:00:00,4154.3,4156.66,4110.01,4116.85,1550605.77
2025-10-15 10:00:00,4154.3,4156.66,4110.01,4116.85,1550605.77
2025-10-15 10:00:00,4154.3,4156.66,4110.01,4116.85,1550605.77
2025-10-15 10:00:00,4154.3,4156.66,4110.01,4116.85,1550605.77
2025-10-15 10:00:00,4154.3,4156.66,4110.01,4116.85,1550605.77
2025-10-15 10:00:00,4154.3,4156.66,4110.01,4116.85,1550605.77
2025-10-15 10:00:00,4154.3,4156.66,4110.01,4116.85,1550605.77
2025-10-15 11:00:00,4116.85,4129.67,4085.02,4098.2,1538317.16
2025-10-15 11:00:00,4116.85,4129.67,4085.02,4098.2,1538317.16
2025-10-15 11:00:00,4116.85,4129.67,4085.02,4098.2,1538317.16
2025-10-15 11:00:00,4116.85,4129.67,4085.02,4098.2,1538317.16
2025-10-15 11:00:00,4116.85,4129.67,4085.02,4098.2,1538317.16
2025-10-15 11:00:00,4116.85,4129.67,4085.02,4098.2,1538317.16
2025-10-15 11:00:00,4116.85,4129.67,4085.02,4098.2,1538317.16
2025-10-15 11:00:00,4116.85,4129.67,4085.02,4098.2,1538317.16
2025-10-15 11:00:00,4116.85,4129.67,4085.02,4098.2,1538317.16
2025-10-15 11:00:00,4116.85,4129.67,4085.02,4098.2,1538317.16
2025-10-15 11:00:00,4116.85,4129.67,4085.02,4098.2,1538317.16
2025-10-15 11:00:00,4116.85,4129.67,4085.02,4098.2,1538317.16
2025-10-15 11:00:00,4116.85,4129.67,4085.02,4098.2,1538317.16
2025-10-15 11:00:00,4116.85,4129.67,4085.02,4098.2,1538317.16
2025-10-15 11:00:00,4116.85,4129.67,4085.02,4098.2,1538317.16
2025-10-15 12:00:00,4098.2,4105.98,4068.0,4093.38,1516563.98
2025-10-15 12:00:00,4098.2,4105.98,4068.0,4093.38,1516563.98
2025-10-15 12:00:00,4098.2,4105.98,4068.0,4093.38,1516563.98
2025-10-15 12:00:00,4098.2,4105.98,4068.0,4093.38,1516563.98
2025-10-15 12:00:00,4098.2,4105.98,4068.0,4093.38,1516563.98
2025-10-15 12:00:00,4098.2,4105.98,4068.0,4093.38,1516563.98
2025-10-15 12:00:00,4098.2,4105.98,4068.0,4093.38,1516563.98
2025-10-15 12:00:00,4098.2,4105.98,4068.0,4093.38,1516563.98
2025-10-15 12:00:00,4098.2,4105.98,4068.0,4093.38,1516563.98
2025-10-15 12:00:00,4098.2,4105.98,4068.0,4093.38,1516563.98
2025-10-15 12:00:00,4098.2,4105.98,4068.0,4093.38,1516563.98
2025-10-15 12:00:00,4098.2,4105.98,4068.0,4093.38,1516563.98
2025-10-15 12:00:00,4098.2,4105.98,4068.0,4093.38,1516563.98
2025-10-15 12:00:00,4098.2,4105.98,4068.0,4093.38,1516563.98
2025-10-15 12:00:00,4098.2,4105.98,4068.0,4093.38,1516563.98
2025-10-15 13:00:00,4093.37,4101.82,4014.75,4053.1,4174363.15
2025-10-15 13:00:00,4093.37,4101.82,4014.75,4053.1,4174363.15
2025-10-15 13:00:00,4093.37,4101.82,4014.75,4053.1,4174363.15
2025-10-15 13:00:00,4093.37,4101.82,4014.75,4053.1,4174363.15
2025-10-15 13:00:00,4093.37,4101.82,4014.75,4053.1,4174363.15
2025-10-15 13:00:00,4093.37,4101.82,4014.75,4053.1,4174363.15
2025-10-15 13:00:00,4093.37,4101.82,4014.75,4053.1,4174363.15
2025-10-15 13:00:00,4093.37,4101.82,4014.75,4053.1,4174363.15
2025-10-15 13:00:00,4093.37,4101.82,4014.75,4053.1,4174363.15
2025-10-15 13:00:00,4093.37,4101.82,4014.75,4053.1,4174363.15
2025-10-15 13:00:00,4093.37,4101.82,4014.75,4053.1,4174363.15
2025-10-15 13:00:00,4093.37,4101.82,4014.75,4053.1,4174363.15
2025-10-15 13:00:00,4093.37,4101.82,4014.75,4053.1,4174363.15
2025-10-15 13:00:00,4093.37,4101.82,4014.75,4053.1,4174363.15
2025-10-15 13:00:00,4093.37,4101.82,4014.75,4053.1,4174363.15
2025-10-15 14:00:00,4053.1,4104.21,3990.0,4007.49,3972966.92
2025-10-15 14:00:00,4053.1,4104.21,3990.0,4007.49,3972966.92
2025-10-15 14:00:00,4053.1,4104.21,3990.0,4007.49,3972966.92
2025-10-15 14:00:00,4053.1,4104.21,3990.0,4007.49,3972966.92
2025-10-15 14:00:00,4053.1,4104.21,3990.0,4007.49,3972966.92
2025-10-15 14:00:00,4053.1,4104.21,3990.0,4007.49,3972966.92
2025-10-15 14:00:00,4053.1,4104.21,3990.0,4007.49,3972966.92
2025-10-15 14:00:00,4053.1,4104.21,3990.0,4007.49,3972966.92
2025-10-15 14:00:00,4053.1,4104.21,3990.0,4007.49,3972966.92
2025-10-15 14:00:00,4053.1,4104.21,3990.0,4007.49,3972966.92
2025-10-15 14:00:00,4053.1,4104.21,3990.0,4007.49,3972966.92
2025-10-15 14:00:00,4053.1,4104.21,3990.0,4007.49,3972966.92
2025-10-15 14:00:00,4053.1,4104.21,3990.0,4007.49,3972966.92
2025-10-15 14:00:00,4053.1,4104.21,3990.0,4007.49,3972966.92
2025-10-15 14:00:00,4053.1,4104.21,3990.0,4007.49,3972966.92
2025-10-15 15:00:00,4007.49,4034.59,3956.66,3979.03,3577321.7
2025-10-15 15:00:00,4007.49,4034.59,3956.66,3979.03,3577321.7
2025-10-15 15:00:00,4007.49,4034.59,3956.66,3979.03,3577321.7
2025-10-15 15:00:00,4007.49,4034.59,3956.66,3979.03,3577321.7
2025-10-15 15:00:00,4007.49,4034.59,3956.66,3979.03,3577321.7
2025-10-15 15:00:00,4007.49,4034.59,3956.66,3979.03,3577321.7
2025-10-15 15:00:00,4007.49,4034.59,3956.66,3979.03,3577321.7
2025-10-15 15:00:00,4007.49,4034.59,3956.66,3979.03,3577321.7
2025-10-15 15:00:00,4007.49,4034.59,3956.66,3979.03,3577321.7
2025-10-15 15:00:00,4007.49,4034.59,3956.66,3979.03,3577321.7
2025-10-15 15:00:00,4007.49,4034.59,3956.66,3979.03,3577321.7
2025-10-15 15:00:00,4007.49,4034.59,3956.66,3979.03,3577321.7
2025-10-15 15:00:00,4007.49,4034.59,3956.66,3979.03,3577321.7
2025-10-15 15:00:00,4007.49,4034.59,3956.66,3979.03,3577321.7
2025-10-15 15:00:00,4007.49,4034.59,3956.66,3979.03,3577321.7
2025-10-15 16:00:00,3979.03,4002.35,3963.54,3974.0,1941065.77
2025-10-15 16:00:00,3979.03,4002.35,3963.54,3974.0,1941065.77
2025-10-15 16:00:00,3979.03,4002.35,3963.54,3974.0,1941065.77
2025-10-15 16:00:00,3979.03,4002.35,3963.54,3974.0,1941065.77
2025-10-15 16:00:00,3979.03,4002.35,3963.54,3974.0,1941065.77
2025-10-15 16:00:00,3979.03,4002.35,3963.54,3974.0,1941065.77
2025-10-15 16:00:00,3979.03,4002.35,3963.54,3974.0,1941065.77
2025-10-15 16:00:00,3979.03,4002.35,3963.54,3974.0,1941065.77
2025-10-15 16:00:00,3979.03,4002.35,3963.54,3974.0,1941065.77
2025-10-15 16:00:00,3979.03,4002.35,3963.54,3974.0,1941065.77
2025-10-15 16:00:00,3979.03,4002.35,3963.54,3974.0,1941065.77
2025-10-15 16:00:00,3979.03,4002.35,3963.54,3974.0,1941065.77
2025-10-15 16:00:00,3979.03,4002.35,3963.54,3974.0,1941065.77
2025-10-15 16:00:00,3979.03,4002.35,3963.54,3974.0,1941065.77
2025-10-15 16:00:00,3979.03,4002.35,3963.54,3974.0,1941065.77
2025-10-15 17:00:00,3974.0,3992.66,3926.11,3990.81,2815612.45
2025-10-15 17:00:00,3974.0,3992.66,3926.11,3990.81,2815612.45
2025-10-15 17:00:00,3974.0,3992.66,3926.11,3990.81,2815612.45
2025-10-15 17:00:00,3974.0,3992.66,3926.11,3990.81,2815612.45
2025-10-15 17:00:00,3974.0,3992.66,3926.11,3990.81,2815612.45
2025-10-15 17:00:00,3974.0,3992.66,3926.11,3990.81,2815612.45
2025-10-15 17:00:00,3974.0,3992.66,3926.11,3990.81,2815612.45
2025-10-15 17:00:00,3974.0,3992.66,3926.11,3990.81,2815612.45
2025-10-15 17:00:00,3974.0,3992.66,3926.11,3990.81,2815612.45
2025-10-15 17:00:00,3974.0,3992.66,3926.11,3990.81,2815612.45
2025-10-15 17:00:00,3974.0,3992.66,3926.11,3990.81,2815612.45
2025-10-15 17:00:00,3974.0,3992.66,3926.11,3990.81,2815612.45
2025-10-15 17:00:00,3974.0,3992.66,3926.11,3990.81,2815612.45
2025-10-15 17:00:00,3974.0,3992.66,3926.11,3990.81,2815612.45
2025-10-15 17:00:00,3974.0,3992.66,3926.11,3990.81,2815612.45
2025-10-15 18:00:00,3990.81,4011.11,3966.58,4005.32,1387931.4
2025-10-15 18:00:00,3990.81,4011.11,3966.58,4005.32,1387931.4
2025-10-15 18:00:00,3990.81,4011.11,3966.58,4005.32,1387931.4
2025-10-15 18:00:00,3990.81,4011.11,3966.58,4005.32,1387931.4
2025-10-15 18:00:00,3990.81,4011.11,3966.58,4005.32,1387931.4
2025-10-15 18:00:00,3990.81,4011.11,3966.58,4005.32,1387931.4
2025-10-15 18:00:00,3990.81,4011.11,3966.58,4005.32,1387931.4
2025-10-15 18:00:00,3990.81,4011.11,3966.58,4005.32,1387931.4
2025-10-15 18:00:00,3990.81,4011.11,3966.58,4005.32,1387931.4
2025-10-15 18:00:00,3990.81,4011.11,3966.58,4005.32,1387931.4
2025-10-15 18:00:00,3990.81,4011.11,3966.58,4005.32,1387931.4
2025-10-15 18:00:00,3990.81,4011.11,3966.58,4005.32,1387931.4
2025-10-15 18:00:00,3990.81,4011.11,3966.58,4005.32,1387931.4
2025-10-15 18:00:00,3990.81,4011.11,3966.58,4005.32,1387931.4
2025-10-15 18:00:00,3990.81,4011.11,3966.58,4005.32,1387931.4
2025-10-15 19:00:00,4005.32,4007.8,3967.86,3980.94,1221731.81
2025-10-15 19:00:00,4005.32,4007.8,3967.86,3980.94,1221731.81
2025-10-15 19:00:00,4005.32,4007.8,3967.86,3980.94,1221731.81
2025-10-15 19:00:00,4005.32,4007.8,3967.86,3980.94,1221731.81
2025-10-15 19:00:00,4005.32,4007.8,3967.86,3980.94,1221731.81
2025-10-15 19:00:00,4005.32,4007.8,3967.86,3980.94,1221731.81
2025-10-15 19:00:00,4005.32,4007.8,3967.86,3980.94,1221731.81
2025-10-15 19:00:00,4005.32,4007.8,3967.86,3980.94,1221731.81
2025-10-15 19:00:00,4005.32,4007.8,3967.86,3980.94,1221731.81
2025-10-15 19:00:00,4005.32,4007.8,3967.86,3980.94,1221731.81
2025-10-15 19:00:00,4005.32,4007.8,3967.86,3980.94,1221731.81
2025-10-15 19:00:00,4005.32,4007.8,3967.86,3980.94,1221731.81
2025-10-15 19:00:00,4005.32,4007.8,3967.86,3980.94,1221731.81
2025-10-15 19:00:00,4005.32,4007.8,3967.86,3980.94,1221731.81
2025-10-15 19:00:00,4005.32,4007.8,3967.86,3980.94,1221731.81
2025-10-15 20:00:00,3980.94,3994.1,3934.02,3959.59,1423831.42
2025-10-15 20:00:00,3980.94,3994.1,3934.02,3959.59,1423831.42
2025-10-15 20:00:00,3980.94,3994.1,3934.02,3959.59,1423831.42
2025-10-15 20:00:00,3980.94,3994.1,3934.02,3959.59,1423831.42
2025-10-15 20:00:00,3980.94,3994.1,3934.02,3959.59,1423831.42
2025-10-15 20:00:00,3980.94,3994.1,3934.02,3959.59,1423831.42
2025-10-15 20:00:00,3980.94,3994.1,3934.02,3959.59,1423831.42
2025-10-15 20:00:00,3980.94,3994.1,3934.02,3959.59,1423831.42
2025-10-15 20:00:00,3980.94,3994.1,3934.02,3959.59,1423831.42
2025-10-15 20:00:00,3980.94,3994.1,3934.02,3959.59,1423831.42
2025-10-15 20:00:00,3980.94,3994.1,3934.02,3959.59,1423831.42
2025-10-15 20:00:00,3980.94,3994.1,3934.02,3959.59,1423831.42
2025-10-15 20:00:00,3980.94,3994.1,3934.02,3959.59,1423831.42
2025-10-15 20:00:00,3980.94,3994.1,3934.02,3959.59,1423831.42
2025-10-15 20:00:00,3980.94,3994.1,3934.02,3959.59,1423831.42
2025-10-15 21:00:00,3959.59,3980.83,3922.11,3952.16,1155895.85
2025-10-15 21:00:00,3959.59,3980.83,3922.11,3952.16,1155895.85
2025-10-15 21:00:00,3959.59,3980.83,3922.11,3952.16,1155895.85
2025-10-15 21:00:00,3959.59,3980.83,3922.11,3952.16,1155895.85
2025-10-15 21:00:00,3959.59,3980.83,3922.11,3952.16,1155895.85
2025-10-15 21:00:00,3959.59,3980.83,3922.11,3952.16,1155895.85
2025-10-15 21:00:00,3959.59,3980.83,3922.11,3952.16,1155895.85
2025-10-15 21:00:00,3959.59,3980.83,3922.11,3952.16,1155895.85
2025-10-15 21:00:00,3959.59,3980.83,3922.11,3952.16,1155895.85
2025-10-15 21:00:00,3959.59,3980.83,3922.11,3952.16,1155895.85
2025-10-15 21:00:00,3959.59,3980.83,3922.11,3952.16,1155895.85
2025-10-15 21:00:00,3959.59,3980.83,3922.11,3952.16,1155895.85
2025-10-15 21:00:00,3959.59,3980.83,3922.11,3952.16,1155895.85
2025-10-15 21:00:00,3959.59,3980.83,3922.11,3952.16,1155895.85
2025-10-15 21:00:00,3959.59,3980.83,3922.11,3952.16,1155895.85
2025-10-15 22:00:00,3952.15,3980.0,3949.44,3959.65,696603.64
2025-10-15 22:00:00,3952.15,3980.0,3949.44,3959.65,696603.64
2025-10-15 22:00:00,3952.15,3980.0,3949.44,3959.65,696603.64
2025-10-15 22:00:00,3952.15,3980.0,3949.44,3959.65,696603.64
2025-10-15 22:00:00,3952.15,3980.0,3949.44,3959.65,696603.64
2025-10-15 22:00:00,3952.15,3980.0,3949.44,3959.65,696603.64
2025-10-15 22:00:00,3952.15,3980.0,3949.44,3959.65,696603.64
2025-10-15 22:00:00,3952.15,3980.0,3949.44,3959.65,696603.64
2025-10-15 22:00:00,3952.15,3980.0,3949.44,3959.65,696603.64
2025-10-15 22:00:00,3952.15,3980.0,3949.44,3959.65,696603.64
2025-10-15 22:00:00,3952.15,3980.0,3949.44,3959.65,696603.64
2025-10-15 22:00:00,3952.15,3980.0,3949.44,3959.65,696603.64
2025-10-15 22:00:00,3952.15,3980.0,3949.44,3959.65,696603.64
2025-10-15 22:00:00,3952.15,3980.0,3949.44,3959.65,696603.64
2025-10-15 22:00:00,3952.15,3980.0,3949.44,3959.65,696603.64
2025-10-15 23:00:00,3959.65,3992.57,3951.93,3983.71,737777.95
2025-10-15 23:00:00,3959.65,3992.57,3951.93,3983.71,737777.95
2025-10-15 23:00:00,3959.65,3992.57,3951.93,3983.71,737777.95
2025-10-15 23:00:00,3959.65,3992.57,3951.93,3983.71,737777.95
2025-10-15 23:00:00,3959.65,3992.57,3951.93,3983.71,737777.95
2025-10-15 23:00:00,3959.65,3992.57,3951.93,3983.71,737777.95
2025-10-15 23:00:00,3959.65,3992.57,3951.93,3983.71,737777.95
2025-10-15 23:00:00,3959.65,3992.57,3951.93,3983.71,737777.95
2025-10-15 23:00:00,3959.65,3992.57,3951.93,3983.71,737777.95
2025-10-15 23:00:00,3959.65,3992.57,3951.93,3983.71,737777.95
2025-10-15 23:00:00,3959.65,3992.57,3951.93,3983.71,737777.95
2025-10-15 23:00:00,3959.65,3992.57,3951.93,3983.71,737777.95
2025-10-15 23:00:00,3959.65,3992.57,3951.93,3983.71,737777.95
2025-10-15 23:00:00,3959.65,3992.57,3951.93,3983.71,737777.95
2025-10-15 23:00:00,3959.65,3992.57,3951.93,3983.71,737777.95
2025-10-16 00:00:00,3983.7,3996.7,3974.06,3980.17,621126.57
2025-10-16 00:00:00,3983.7,3996.7,3974.06,3980.17,621126.57
2025-10-16 00:00:00,3983.7,3996.7,3974.06,3980.17,621126.57
2025-10-16 00:00:00,3983.7,3996.7,3974.06,3980.17,621126.57
2025-10-16 00:00:00,3983.7,3996.7,3974.06,3980.17,621126.57
2025-10-16 00:00:00,3983.7,3996.7,3974.06,3980.17,621126.57
2025-10-16 00:00:00,3983.7,3996.7,3974.06,3980.17,621126.57
2025-10-16 00:00:00,3983.7,3996.7,3974.06,3980.17,621126.57
2025-10-16 00:00:00,3983.7,3996.7,3974.06,3980.17,621126.57
2025-10-16 00:00:00,3983.7,3996.7,3974.06,3980.17,621126.57
2025-10-16 00:00:00,3983.7,3996.7,3974.06,3980.17,621126.57
2025-10-16 00:00:00,3983.7,3996.7,3974.06,3980.17,621126.57
2025-10-16 00:00:00,3983.7,3996.7,3974.06,3980.17,621126.57
2025-10-16 00:00:00,3983.7,3996.7,3974.06,3980.17,621126.57
2025-10-16 00:00:00,3983.7,3996.7,3974.06,3980.17,621126.57
2025-10-16 01:00:00,3980.16,4010.97,3978.36,4008.27,798241.04
2025-10-16 01:00:00,3980.16,4010.97,3978.36,4008.27,798241.04
2025-10-16 01:00:00,3980.16,4010.97,3978.36,4008.27,798241.04
2025-10-16 01:00:00,3980.16,4010.97,3978.36,4008.27,798241.04
2025-10-16 01:00:00,3980.16,4010.97,3978.36,4008.27,798241.04
2025-10-16 01:00:00,3980.16,4010.97,3978.36,4008.27,798241.04
2025-10-16 01:00:00,3980.16,4010.97,3978.36,4008.27,798241.04
2025-10-16 01:00:00,3980.16,4010.97,3978.36,4008.27,798241.04
2025-10-16 01:00:00,3980.16,4010.97,3978.36,4008.27,798241.04
2025-10-16 01:00:00,3980.16,4010.97,3978.36,4008.27,798241.04
2025-10-16 01:00:00,3980.16,4010.97,3978.36,4008.27,798241.04
2025-10-16 01:00:00,3980.16,4010.97,3978.36,4008.27,798241.04
2025-10-16 01:00:00,3980.16,4010.97,3978.36,4008.27,798241.04
2025-10-16 01:00:00,3980.16,4010.97,3978.36,4008.27,798241.04
2025-10-16 01:00:00,3980.16,4010.97,3978.36,4008.27,798241.04
2025-10-16 02:00:00,4008.28,4036.22,3998.3,4028.98,1194662.49
2025-10-16 02:00:00,4008.28,4036.22,3998.3,4028.98,1194662.49
2025-10-16 02:00:00,4008.28,4036.22,3998.3,4028.98,1194662.49
2025-10-16 02:00:00,4008.28,4036.22,3998.3,4028.98,1194662.49
2025-10-16 02:00:00,4008.28,4036.22,3998.3,4028.98,1194662.49
2025-10-16 02:00:00,4008.28,4036.22,3998.3,4028.98,1194662.49
2025-10-16 02:00:00,4008.28,4036.22,3998.3,4028.98,1194662.49
2025-10-16 02:00:00,4008.28,4036.22,3998.3,4028.98,1194662.49
2025-10-16 02:00:00,4008.28,4036.22,3998.3,4028.98,1194662.49
2025-10-16 02:00:00,4008.28,4036.22,3998.3,4028.98,1194662.49
2025-10-16 02:00:00,4008.28,4036.22,3998.3,4028.98,1194662.49
2025-10-16 02:00:00,4008.28,4036.22,3998.3,4028.98,1194662.49
2025-10-16 02:00:00,4008.28,4036.22,3998.3,4028.98,1194662.49
2025-10-16 02:00:00,4008.28,4036.22,3998.3,4028.98,1194662.49
2025-10-16 02:00:00,4008.28,4036.22,3998.3,4028.98,1194662.49
2025-10-16 03:00:00,4028.98,4034.54,4009.01,4012.46,604485.52
2025-10-16 03:00:00,4028.98,4034.54,4009.01,4012.46,604485.52
2025-10-16 03:00:00,4028.98,4034.54,4009.01,4012.46,604485.52
2025-10-16 03:00:00,4028.98,4034.54,4009.01,4012.46,604485.52
2025-10-16 03:00:00,4028.98,4034.54,4009.01,4012.46,604485.52
2025-10-16 03:00:00,4028.98,4034.54,4009.01,4012.46,604485.52
2025-10-16 03:00:00,4028.98,4034.54,4009.01,4012.46,604485.52
2025-10-16 03:00:00,4028.98,4034.54,4009.01,4012.46,604485.52
2025-10-16 03:00:00,4028.98,4034.54,4009.01,4012.46,604485.52
2025-10-16 03:00:00,4028.98,4034.54,4009.01,4012.46,604485.52
2025-10-16 03:00:00,4028.98,4034.54,4009.01,4012.46,604485.52
2025-10-16 03:00:00,4028.98,4034.54,4009.01,4012.46,604485.52
2025-10-16 03:00:00,4028.98,4034.54,4009.01,4012.46,604485.52
2025-10-16 03:00:00,4028.98,4034.54,4009.01,4012.46,604485.52
2025-10-16 03:00:00,4028.98,4034.54,4009.01,4012.46,604485.52
2025-10-16 04:00:00,4012.47,4029.0,3990.35,3996.87,863080.5
2025-10-16 04:00:00,4012.47,4029.0,3990.35,3996.87,863080.5
2025-10-16 04:00:00,4012.47,4029.0,3990.35,3996.87,863080.5
2025-10-16 04:00:00,4012.47,4029.0,3990.35,3996.87,863080.5
2025-10-16 04:00:00,4012.47,4029.0,3990.35,3996.87,863080.5
2025-10-16 04:00:00,4012.47,4029.0,3990.35,3996.87,863080.5
2025-10-16 04:00:00,4012.47,4029.0,3990.35,3996.87,863080.5
2025-10-16 04:00:00,4012.47,4029.0,3990.35,3996.87,863080.5
2025-10-16 04:00:00,4012.47,4029.0,3990.35,3996.87,863080.5
2025-10-16 04:00:00,4012.47,4029.0,3990.35,3996.87,863080.5
2025-10-16 04:00:00,4012.47,4029.0,3990.35,3996.87,863080.5
2025-10-16 04:00:00,4012.47,4029.0,3990.35,3996.87,863080.5
2025-10-16 04:00:00,4012.47,4029.0,3990.35,3996.87,863080.5
2025-10-16 04:00:00,4012.47,4029.0,3990.35,3996.87,863080.5
2025-10-16 04:00:00,4012.47,4029.0,3990.35,3996.87,863080.5
2025-10-16 05:00:00,3996.86,4018.6,3976.18,3994.62,1086316.59
2025-10-16 05:00:00,3996.86,4018.6,3976.18,3994.62,1086316.59
2025-10-16 05:00:00,3996.86,4018.6,3976.18,3994.62,1086316.59
2025-10-16 05:00:00,3996.86,4018.6,3976.18,3994.62,1086316.59
2025-10-16 05:00:00,3996.86,4018.6,3976.18,3994.62,1086316.59
2025-10-16 05:00:00,3996.86,4018.6,3976.18,3994.62,1086316.59
2025-10-16 05:00:00,3996.86,4018.6,3976.18,3994.62,1086316.59
2025-10-16 05:00:00,3996.86,4018.6,3976.18,3994.62,1086316.59
2025-10-16 05:00:00,3996.86,4018.6,3976.18,3994.62,1086316.59
2025-10-16 05:00:00,3996.86,4018.6,3976.18,3994.62,1086316.59
2025-10-16 05:00:00,3996.86,4018.6,3976.18,3994.62,1086316.59
2025-10-16 05:00:00,3996.86,4018.6,3976.18,3994.62,1086316.59
2025-10-16 05:00:00,3996.86,4018.6,3976.18,3994.62,1086316.59
2025-10-16 05:00:00,3996.86,4018.6,3976.18,3994.62,1086316.59
2025-10-16 05:00:00,3996.86,4018.6,3976.18,3994.62,1086316.59
2025-10-16 06:00:00,3994.62,4049.89,3992.29,4039.76,1300561.16
2025-10-16 06:00:00,3994.62,4049.89,3992.29,4039.76,1300561.16
2025-10-16 06:00:00,3994.62,4049.89,3992.29,4039.76,1300561.16
2025-10-16 06:00:00,3994.62,4049.89,3992.29,4039.76,1300561.16
2025-10-16 06:00:00,3994.62,4049.89,3992.29,4039.76,1300561.16
2025-10-16 06:00:00,3994.62,4049.89,3992.29,4039.76,1300561.16
2025-10-16 06:00:00,3994.62,4049.89,3992.29,4039.76,1300561.16
2025-10-16 06:00:00,3994.62,4049.89,3992.29,4039.76,1300561.16
2025-10-16 06:00:00,3994.62,4049.89,3992.29,4039.76,1300561.16
2025-10-16 06:00:00,3994.62,4049.89,3992.29,4039.76,1300561.16
2025-10-16 06:00:00,3994.62,4049.89,3992.29,4039.76,1300561.16
2025-10-16 06:00:00,3994.62,4049.89,3992.29,4039.76,1300561.16
2025-10-16 06:00:00,3994.62,4049.89,3992.29,4039.76,1300561.16
2025-10-16 06:00:00,3994.62,4049.89,3992.29,4039.76,1300561.16
2025-10-16 06:00:00,3994.62,4049.89,3992.29,4039.76,1300561.16
2025-10-16 07:00:00,4039.76,4044.04,3992.39,4002.25,1245793.71
2025-10-16 07:00:00,4039.76,4044.04,3992.39,4002.25,1245793.71
2025-10-16 07:00:00,4039.76,4044.04,3992.39,4002.25,1245793.71
2025-10-16 07:00:00,4039.76,4044.04,3992.39,4002.25,1245793.71
2025-10-16 07:00:00,4039.76,4044.04,3992.39,4002.25,1245793.71
2025-10-16 07:00:00,4039.76,4044.04,3992.39,4002.25,1245793.71
2025-10-16 07:00:00,4039.76,4044.04,3992.39,4002.25,1245793.71
2025-10-16 07:00:00,4039.76,4044.04,3992.39,4002.25,1245793.71
2025-10-16 07:00:00,4039.76,4044.04,3992.39,4002.25,1245793.71
2025-10-16 07:00:00,4039.76,4044.04,3992.39,4002.25,1245793.71
2025-10-16 07:00:00,4039.76,4044.04,3992.39,4002.25,1245793.71
2025-10-16 07:00:00,4039.76,4044.04,3992.39,4002.25,1245793.71
2025-10-16 07:00:00,4039.76,4044.04,3992.39,4002.25,1245793.71
2025-10-16 07:00:00,4039.76,4044.04,3992.39,4002.25,1245793.71
2025-10-16 07:00:00,4039.76,4044.04,3992.39,4002.25,1245793.71
2025-10-16 08:00:00,4002.25,4005.67,3980.0,3992.66,820466.87
2025-10-16 08:00:00,4002.25,4005.67,3980.0,3992.66,820466.87
2025-10-16 08:00:00,4002.25,4005.67,3980.0,3992.66,820466.87
2025-10-16 08:00:00,4002.25,4005.67,3980.0,3992.66,820466.87
2025-10-16 08:00:00,4002.25,4005.67,3980.0,3992.66,820466.87
2025-10-16 08:00:00,4002.25,4005.67,3980.0,3992.66,820466.87
2025-10-16 08:00:00,4002.25,4005.67,3980.0,3992.66,820466.87
2025-10-16 08:00:00,4002.25,4005.67,3980.0,3992.66,820466.87
2025-10-16 08:00:00,4002.25,4005.67,3980.0,3992.66,820466.87
2025-10-16 08:00:00,4002.25,4005.67,3980.0,3992.66,820466.87
2025-10-16 08:00:00,4002.25,4005.67,3980.0,3992.66,820466.87
2025-10-16 08:00:00,4002.25,4005.67,3980.0,3992.66,820466.87
2025-10-16 08:00:00,4002.25,4005.67,3980.0,3992.66,820466.87
2025-10-16 08:00:00,4002.25,4005.67,3980.0,3992.66,820466.87
2025-10-16 08:00:00,4002.25,4005.67,3980.0,3992.66,820466.87
2025-10-16 09:00:00,3992.67,4047.88,3937.17,4027.92,3415676.1
2025-10-16 09:00:00,3992.67,4047.88,3937.17,4027.92,3415676.1
2025-10-16 09:00:00,3992.67,4047.88,3937.17,4027.92,3415676.1
2025-10-16 09:00:00,3992.67,4047.88,3937.17,4027.92,3415676.1
2025-10-16 09:00:00,3992.67,4047.88,3937.17,4027.92,3415676.1
2025-10-16 09:00:00,3992.67,4047.88,3937.17,4027.92,3415676.1
2025-10-16 09:00:00,3992.67,4047.88,3937.17,4027.92,3415676.1
2025-10-16 09:00:00,3992.67,4047.88,3937.17,4027.92,3415676.1
2025-10-16 09:00:00,3992.67,4047.88,3937.17,4027.92,3415676.1
2025-10-16 09:00:00,3992.67,4047.88,3937.17,4027.92,3415676.1
2025-10-16 09:00:00,3992.67,4047.88,3937.17,4027.92,3415676.1
2025-10-16 09:00:00,3992.67,4047.88,3937.17,4027.92,3415676.1
2025-10-16 09:00:00,3992.67,4047.88,3937.17,4027.92,3415676.1
2025-10-16 09:00:00,3992.67,4047.88,3937.17,4027.92,3415676.1
2025-10-16 09:00:00,3992.67,4047.88,3937.17,4027.92,3415676.1
2025-10-16 10:00:00,4027.92,4078.0,4027.38,4047.16,2152577.55
2025-10-16 10:00:00,4027.92,4078.0,4027.38,4047.16,2152577.55
2025-10-16 10:00:00,4027.92,4078.0,4027.38,4047.16,2152577.55
2025-10-16 10:00:00,4027.92,4078.0,4027.38,4047.16,2152577.55
2025-10-16 10:00:00,4027.92,4078.0,4027.38,4047.16,2152577.55
2025-10-16 10:00:00,4027.92,4078.0,4027.38,4047.16,2152577.55
2025-10-16 10:00:00,4027.92,4078.0,4027.38,4047.16,2152577.55
2025-10-16 10:00:00,4027.92,4078.0,4027.38,4047.16,2152577.55
2025-10-16 10:00:00,4027.92,4078.0,4027.38,4047.16,2152577.55
2025-10-16 10:00:00,4027.92,4078.0,4027.38,4047.16,2152577.55
2025-10-16 10:00:00,4027.92,4078.0,4027.38,4047.16,2152577.55
2025-10-16 10:00:00,4027.92,4078.0,4027.38,4047.16,2152577.55
2025-10-16 10:00:00,4027.92,4078.0,4027.38,4047.16,2152577.55
2025-10-16 10:00:00,4027.92,4078.0,4027.38,4047.16,2152577.55
2025-10-16 10:00:00,4027.92,4078.0,4027.38,4047.16,2152577.55
2025-10-16 11:00:00,4047.15,4061.55,4030.93,4060.0,1015470.39
2025-10-16 11:00:00,4047.15,4061.55,4030.93,4060.0,1015470.39
2025-10-16 11:00:00,4047.15,4061.55,4030.93,4060.0,1015470.39
2025-10-16 11:00:00,4047.15,4061.55,4030.93,4060.0,1015470.39
2025-10-16 11:00:00,4047.15,4061.55,4030.93,4060.0,1015470.39
2025-10-16 11:00:00,4047.15,4061.55,4030.93,4060.0,1015470.39
2025-10-16 11:00:00,4047.15,4061.55,4030.93,4060.0,1015470.39
2025-10-16 11:00:00,4047.15,4061.55,4030.93,4060.0,1015470.39
2025-10-16 11:00:00,4047.15,4061.55,4030.93,4060.0,1015470.39
2025-10-16 11:00:00,4047.15,4061.55,4030.93,4060.0,1015470.39
2025-10-16 11:00:00,4047.15,4061.55,4030.93,4060.0,1015470.39
2025-10-16 11:00:00,4047.15,4061.55,4030.93,4060.0,1015470.39
2025-10-16 11:00:00,4047.15,4061.55,4030.93,4060.0,1015470.39
2025-10-16 11:00:00,4047.15,4061.55,4030.93,4060.0,1015470.39
2025-10-16 11:00:00,4047.15,4061.55,4030.93,4060.0,1015470.39
2025-10-16 12:00:00,4060.0,4088.0,4036.91,4052.65,1431317.35
2025-10-16 12:00:00,4060.0,4088.0,4036.91,4052.65,1431317.35
2025-10-16 12:00:00,4060.0,4088.0,4036.91,4052.65,1431317.35
2025-10-16 12:00:00,4060.0,4088.0,4036.91,4052.65,1431317.35
2025-10-16 12:00:00,4060.0,4088.0,4036.91,4052.65,1431317.35
2025-10-16 12:00:00,4060.0,4088.0,4036.91,4052.65,1431317.35
2025-10-16 12:00:00,4060.0,4088.0,4036.91,4052.65,1431317.35
2025-10-16 12:00:00,4060.0,4088.0,4036.91,4052.65,1431317.35
2025-10-16 12:00:00,4060.0,4088.0,4036.91,4052.65,1431317.35
2025-10-16 12:00:00,4060.0,4088.0,4036.91,4052.65,1431317.35
2025-10-16 12:00:00,4060.0,4088.0,4036.91,4052.65,1431317.35
2025-10-16 12:00:00,4060.0,4088.0,4036.91,4052.65,1431317.35
2025-10-16 12:00:00,4060.0,4088.0,4036.91,4052.65,1431317.35
2025-10-16 12:00:00,4060.0,4088.0,4036.91,4052.65,1431317.35
2025-10-16 12:00:00,4060.0,4088.0,4036.91,4052.65,1431317.35
2025-10-16 13:00:00,4052.65,4067.94,4004.99,4018.8,1969707.95
2025-10-16 13:00:00,4052.65,4067.94,4004.99,4018.8,1969707.95
2025-10-16 13:00:00,4052.65,4067.94,4004.99,4018.8,1969707.95
2025-10-16 13:00:00,4052.65,4067.94,4004.99,4018.8,1969707.95
2025-10-16 13:00:00,4052.65,4067.94,4004.99,4018.8,1969707.95
2025-10-16 13:00:00,4052.65,4067.94,4004.99,4018.8,1969707.95
2025-10-16 13:00:00,4052.65,4067.94,4004.99,4018.8,1969707.95
2025-10-16 13:00:00,4052.65,4067.94,4004.99,4018.8,1969707.95
2025-10-16 13:00:00,4052.65,4067.94,4004.99,4018.8,1969707.95
2025-10-16 13:00:00,4052.65,4067.94,4004.99,4018.8,1969707.95
2025-10-16 13:00:00,4052.65,4067.94,4004.99,4018.8,1969707.95
2025-10-16 13:00:00,4052.65,4067.94,4004.99,4018.8,1969707.95
2025-10-16 13:00:00,4052.65,4067.94,4004.99,4018.8,1969707.95
2025-10-16 13:00:00,4052.65,4067.94,4004.99,4018.8,1969707.95
2025-10-16 13:00:00,4052.65,4067.94,4004.99,4018.8,1969707.95
2025-10-16 14:00:00,4018.8,4057.39,3966.97,4013.41,4053034.48
2025-10-16 14:00:00,4018.8,4057.39,3966.97,4013.41,4053034.48
2025-10-16 14:00:00,4018.8,4057.39,3966.97,4013.41,4053034.48
2025-10-16 14:00:00,4018.8,4057.39,3966.97,4013.41,4053034.48
2025-10-16 14:00:00,4018.8,4057.39,3966.97,4013.41,4053034.48
2025-10-16 14:00:00,4018.8,4057.39,3966.97,4013.41,4053034.48
2025-10-16 14:00:00,4018.8,4057.39,3966.97,4013.41,4053034.48
2025-10-16 14:00:00,4018.8,4057.39,3966.97,4013.41,4053034.48
2025-10-16 14:00:00,4018.8,4057.39,3966.97,4013.41,4053034.48
2025-10-16 14:00:00,4018.8,4057.39,3966.97,4013.41,4053034.48
2025-10-16 14:00:00,4018.8,4057.39,3966.97,4013.41,4053034.48
2025-10-16 14:00:00,4018.8,4057.39,3966.97,4013.41,4053034.48
2025-10-16 14:00:00,4018.8,4057.39,3966.97,4013.41,4053034.48
2025-10-16 14:00:00,4018.8,4057.39,3966.97,4013.41,4053034.48
2025-10-16 14:00:00,4018.8,4057.39,3966.97,4013.41,4053034.48
2025-10-16 15:00:00,4013.41,4019.5,3890.0,3905.2,4847090.83
2025-10-16 15:00:00,4013.41,4019.5,3890.0,3905.2,4847090.83
2025-10-16 15:00:00,4013.41,4019.5,3890.0,3905.2,4847090.83
2025-10-16 15:00:00,4013.41,4019.5,3890.0,3905.2,4847090.83
2025-10-16 15:00:00,4013.41,4019.5,3890.0,3905.2,4847090.83
2025-10-16 15:00:00,4013.41,4019.5,3890.0,3905.2,4847090.83
2025-10-16 15:00:00,4013.41,4019.5,3890.0,3905.2,4847090.83
2025-10-16 15:00:00,4013.41,4019.5,3890.0,3905.2,4847090.83
2025-10-16 15:00:00,4013.41,4019.5,3890.0,3905.2,4847090.83
2025-10-16 15:00:00,4013.41,4019.5,3890.0,3905.2,4847090.83
2025-10-16 15:00:00,4013.41,4019.5,3890.0,3905.2,4847090.83
2025-10-16 15:00:00,4013.41,4019.5,3890.0,3905.2,4847090.83
2025-10-16 15:00:00,4013.41,4019.5,3890.0,3905.2,4847090.83
2025-10-16 15:00:00,4013.41,4019.5,3890.0,3905.2,4847090.83
2025-10-16 15:00:00,4013.41,4019.5,3890.0,3905.2,4847090.83
2025-10-16 16:00:00,3905.19,3966.36,3855.0,3962.43,5661732.24
2025-10-16 16:00:00,3905.19,3966.36,3855.0,3962.43,5661732.24
2025-10-16 16:00:00,3905.19,3966.36,3855.0,3962.43,5661732.24
2025-10-16 16:00:00,3905.19,3966.36,3855.0,3962.43,5661732.24
2025-10-16 16:00:00,3905.19,3966.36,3855.0,3962.43,5661732.24
2025-10-16 16:00:00,3905.19,3966.36,3855.0,3962.43,5661732.24
2025-10-16 16:00:00,3905.19,3966.36,3855.0,3962.43,5661732.24
2025-10-16 16:00:00,3905.19,3966.36,3855.0,3962.43,5661732.24
2025-10-16 16:00:00,3905.19,3966.36,3855.0,3962.43,5661732.24
2025-10-16 16:00:00,3905.19,3966.36,3855.0,3962.43,5661732.24
2025-10-16 16:00:00,3905.19,3966.36,3855.0,3962.43,5661732.24
2025-10-16 16:00:00,3905.19,3966.36,3855.0,3962.43,5661732.24
2025-10-16 16:00:00,3905.19,3966.36,3855.0,3962.43,5661732.24
2025-10-16 16:00:00,3905.19,3966.36,3855.0,3962.43,5661732.24
2025-10-16 16:00:00,3905.19,3966.36,3855.0,3962.43,5661732.24
2025-10-16 17:00:00,3962.43,3962.86,3913.72,3919.74,2196617.57
2025-10-16 17:00:00,3962.43,3962.86,3913.72,3919.74,2196617.57
2025-10-16 17:00:00,3962.43,3962.86,3913.72,3919.74,2196617.57
2025-10-16 17:00:00,3962.43,3962.86,3913.72,3919.74,2196617.57
2025-10-16 17:00:00,3962.43,3962.86,3913.72,3919.74,2196617.57
2025-10-16 17:00:00,3962.43,3962.86,3913.72,3919.74,2196617.57
2025-10-16 17:00:00,3962.43,3962.86,3913.72,3919.74,2196617.57
2025-10-16 17:00:00,3962.43,3962.86,3913.72,3919.74,2196617.57
2025-10-16 17:00:00,3962.43,3962.86,3913.72,3919.74,2196617.57
2025-10-16 17:00:00,3962.43,3962.86,3913.72,3919.74,2196617.57
2025-10-16 17:00:00,3962.43,3962.86,3913.72,3919.74,2196617.57
2025-10-16 17:00:00,3962.43,3962.86,3913.72,3919.74,2196617.57
2025-10-16 17:00:00,3962.43,3962.86,3913.72,3919.74,2196617.57
2025-10-16 17:00:00,3962.43,3962.86,3913.72,3919.74,2196617.57
2025-10-16 17:00:00,3962.43,3962.86,3913.72,3919.74,2196617.57
2025-10-16 18:00:00,3919.74,3920.49,3875.28,3903.16,2200889.41
2025-10-16 18:00:00,3919.74,3920.49,3875.28,3903.16,2200889.41
2025-10-16 18:00:00,3919.74,3920.49,3875.28,3903.16,2200889.41
2025-10-16 18:00:00,3919.74,3920.49,3875.28,3903.16,2200889.41
2025-10-16 18:00:00,3919.74,3920.49,3875.28,3903.16,2200889.41
2025-10-16 18:00:00,3919.74,3920.49,3875.28,3903.16,2200889.41
2025-10-16 18:00:00,3919.74,3920.49,3875.28,3903.16,2200889.41
2025-10-16 18:00:00,3919.74,3920.49,3875.28,3903.16,2200889.41
2025-10-16 18:00:00,3919.74,3920.49,3875.28,3903.16,2200889.41
2025-10-16 18:00:00,3919.74,3920.49,3875.28,3903.16,2200889.41
2025-10-16 18:00:00,3919.74,3920.49,3875.28,3903.16,2200889.41
2025-10-16 18:00:00,3919.74,3920.49,3875.28,3903.16,2200889.41
2025-10-16 18:00:00,3919.74,3920.49,3875.28,3903.16,2200889.41
2025-10-16 18:00:00,3919.74,3920.49,3875.28,3903.16,2200889.41
2025-10-16 18:00:00,3919.74,3920.49,3875.28,3903.16,2200889.41
2025-10-16 19:00:00,3903.16,3911.28,3848.76,3865.41,2160626.52
2025-10-16 19:00:00,3903.16,3911.28,3848.76,3865.41,2160626.52
2025-10-16 19:00:00,3903.16,3911.28,3848.76,3865.41,2160626.52
2025-10-16 19:00:00,3903.16,3911.28,3848.76,3865.41,2160626.52
2025-10-16 19:00:00,3903.16,3911.28,3848.76,3865.41,2160626.52
2025-10-16 19:00:00,3903.16,3911.28,3848.76,3865.41,2160626.52
2025-10-16 19:00:00,3903.16,3911.28,3848.76,3865.41,2160626.52
2025-10-16 19:00:00,3903.16,3911.28,3848.76,3865.41,2160626.52
2025-10-16 19:00:00,3903.16,3911.28,3848.76,3865.41,2160626.52
2025-10-16 19:00:00,3903.16,3911.28,3848.76,3865.41,2160626.52
2025-10-16 19:00:00,3903.16,3911.28,3848.76,3865.41,2160626.52
2025-10-16 19:00:00,3903.16,3911.28,3848.76,3865.41,2160626.52
2025-10-16 19:00:00,3903.16,3911.28,3848.76,3865.41,2160626.52
2025-10-16 19:00:00,3903.16,3911.28,3848.76,3865.41,2160626.52
2025-10-16 19:00:00,3903.16,3911.28,3848.76,3865.41,2160626.52
2025-10-16 20:00:00,3865.44,3879.67,3823.65,3849.34,1711934.47
2025-10-16 20:00:00,3865.44,3879.67,3823.65,3849.34,1711934.47
2025-10-16 20:00:00,3865.44,3879.67,3823.65,3849.34,1711934.47
2025-10-16 20:00:00,3865.44,3879.67,3823.65,3849.34,1711934.47
2025-10-16 20:00:00,3865.44,3879.67,3823.65,3849.34,1711934.47
2025-10-16 20:00:00,3865.44,3879.67,3823.65,3849.34,1711934.47
2025-10-16 20:00:00,3865.44,3879.67,3823.65,3849.34,1711934.47
2025-10-16 20:00:00,3865.44,3879.67,3823.65,3849.34,1711934.47
2025-10-16 20:00:00,3865.44,3879.67,3823.65,3849.34,1711934.47
2025-10-16 20:00:00,3865.44,3879.67,3823.65,3849.34,1711934.47
2025-10-16 20:00:00,3865.44,3879.67,3823.65,3849.34,1711934.47
2025-10-16 20:00:00,3865.44,3879.67,3823.65,3849.34,1711934.47
2025-10-16 20:00:00,3865.44,3879.67,3823.65,3849.34,1711934.47
2025-10-16 20:00:00,3865.44,3879.67,3823.65,3849.34,1711934.47
2025-10-16 20:00:00,3865.44,3879.67,3823.65,3849.34,1711934.47
2025-10-16 21:00:00,3849.33,3884.34,3838.83,3881.78,726276.25
2025-10-16 21:00:00,3849.33,3884.34,3838.83,3881.78,726276.25
2025-10-16 21:00:00,3849.33,3884.34,3838.83,3881.78,726276.25
2025-10-16 21:00:00,3849.33,3884.34,3838.83,3881.78,726276.25
2025-10-16 21:00:00,3849.33,3884.34,3838.83,3881.78,726276.25
2025-10-16 21:00:00,3849.33,3884.34,3838.83,3881.78,726276.25
2025-10-16 21:00:00,3849.33,3884.34,3838.83,3881.78,726276.25
2025-10-16 21:00:00,3849.33,3884.34,3838.83,3881.78,726276.25
2025-10-16 21:00:00,3849.33,3884.34,3838.83,3881.78,726276.25
2025-10-16 21:00:00,3849.33,3884.34,3838.83,3881.78,726276.25
2025-10-16 21:00:00,3849.33,3884.34,3838.83,3881.78,726276.25
2025-10-16 21:00:00,3849.33,3884.34,3838.83,3881.78,726276.25
2025-10-16 21:00:00,3849.33,3884.34,3838.83,3881.78,726276.25
2025-10-16 21:00:00,3849.33,3884.34,3838.83,3881.78,726276.25
2025-10-16 21:00:00,3849.33,3884.34,3838.83,3881.78,726276.25
2025-10-16 22:00:00,3881.79,3888.45,3861.0,3863.27,498426.1
2025-10-16 22:00:00,3881.79,3888.45,3861.0,3863.27,498426.1
2025-10-16 22:00:00,3881.79,3888.45,3861.0,3863.27,498426.1
2025-10-16 22:00:00,3881.79,3888.45,3861.0,3863.27,498426.1
2025-10-16 22:00:00,3881.79,3888.45,3861.0,3863.27,498426.1
2025-10-16 22:00:00,3881.79,3888.45,3861.0,3863.27,498426.1
2025-10-16 22:00:00,3881.79,3888.45,3861.0,3863.27,498426.1
2025-10-16 22:00:00,3881.79,3888.45,3861.0,3863.27,498426.1
2025-10-16 22:00:00,3881.79,3888.45,3861.0,3863.27,498426.1
2025-10-16 22:00:00,3881.79,3888.45,3861.0,3863.27,498426.1
2025-10-16 22:00:00,3881.79,3888.45,3861.0,3863.27,498426.1
2025-10-16 22:00:00,3881.79,3888.45,3861.0,3863.27,498426.1
2025-10-16 22:00:00,3881.79,3888.45,3861.0,3863.27,498426.1
2025-10-16 22:00:00,3881.79,3888.45,3861.0,3863.27,498426.1
2025-10-16 22:00:00,3881.79,3888.45,3861.0,3863.27,498426.1
2025-10-16 23:00:00,3863.27,3896.9,3858.69,3892.37,676080.81
2025-10-16 23:00:00,3863.27,3896.9,3858.69,3892.37,676080.81
2025-10-16 23:00:00,3863.27,3896.9,3858.69,3892.37,676080.81
2025-10-16 23:00:00,3863.27,3896.9,3858.69,3892.37,676080.81
2025-10-16 23:00:00,3863.27,3896.9,3858.69,3892.37,676080.81
2025-10-16 23:00:00,3863.27,3896.9,3858.69,3892.37,676080.81
2025-10-16 23:00:00,3863.27,3896.9,3858.69,3892.37,676080.81
2025-10-16 23:00:00,3863.27,3896.9,3858.69,3892.37,676080.81
2025-10-16 23:00:00,3863.27,3896.9,3858.69,3892.37,676080.81
2025-10-16 23:00:00,3863.27,3896.9,3858.69,3892.37,676080.81
2025-10-16 23:00:00,3863.27,3896.9,3858.69,3892.37,676080.81
2025-10-16 23:00:00,3863.27,3896.9,3858.69,3892.37,676080.81
2025-10-16 23:00:00,3863.27,3896.9,3858.69,3892.37,676080.81
2025-10-16 23:00:00,3863.27,3896.9,3858.69,3892.37,676080.81
2025-10-16 23:00:00,3863.27,3896.9,3858.69,3892.37,676080.81
2025-10-17 00:00:00,3892.38,3927.02,3886.41,3927.02,786635.04
2025-10-17 00:00:00,3892.38,3927.02,3886.41,3927.02,786635.04
2025-10-17 00:00:00,3892.38,3927.02,3886.41,3927.02,786635.04
2025-10-17 00:00:00,3892.38,3927.02,3886.41,3927.02,786635.04
2025-10-17 00:00:00,3892.38,3927.02,3886.41,3927.02,786635.04
2025-10-17 00:00:00,3892.38,3927.02,3886.41,3927.02,786635.04
2025-10-17 00:00:00,3892.38,3927.02,3886.41,3927.02,786635.04
2025-10-17 00:00:00,3892.38,3927.02,3886.41,3927.02,786635.04
2025-10-17 00:00:00,3892.38,3927.02,3886.41,3927.02,786635.04
2025-10-17 00:00:00,3892.38,3927.02,3886.41,3927.02,786635.04
2025-10-17 00:00:00,3892.38,3927.02,3886.41,3927.02,786635.04
2025-10-17 00:00:00,3892.38,3927.02,3886.41,3927.02,786635.04
2025-10-17 00:00:00,3892.38,3927.02,3886.41,3927.02,786635.04
2025-10-17 00:00:00,3892.38,3927.02,3886.41,3927.02,786635.04
2025-10-17 00:00:00,3892.38,3927.02,3886.41,3927.02,786635.04
2025-10-17 01:00:00,3927.02,3948.86,3903.67,3918.5,1271571.73
2025-10-17 01:00:00,3927.02,3948.86,3903.67,3918.5,1271571.73
2025-10-17 01:00:00,3927.02,3948.86,3903.67,3918.5,1271571.73
2025-10-17 01:00:00,3927.02,3948.86,3903.67,3918.5,1271571.73
2025-10-17 01:00:00,3927.02,3948.86,3903.67,3918.5,1271571.73
2025-10-17 01:00:00,3927.02,3948.86,3903.67,3918.5,1271571.73
2025-10-17 01:00:00,3927.02,3948.86,3903.67,3918.5,1271571.73
2025-10-17 01:00:00,3927.02,3948.86,3903.67,3918.5,1271571.73
2025-10-17 01:00:00,3927.02,3948.86,3903.67,3918.5,1271571.73
2025-10-17 01:00:00,3927.02,3948.86,3903.67,3918.5,1271571.73
2025-10-17 01:00:00,3927.02,3948.86,3903.67,3918.5,1271571.73
2025-10-17 01:00:00,3927.02,3948.86,3903.67,3918.5,1271571.73
2025-10-17 01:00:00,3927.02,3948.86,3903.67,3918.5,1271571.73
2025-10-17 01:00:00,3927.02,3948.86,3903.67,3918.5,1271571.73
2025-10-17 01:00:00,3927.02,3948.86,3903.67,3918.5,1271571.73
2025-10-17 02:00:00,3918.5,3930.0,3897.76,3920.85,851414.41
2025-10-17 02:00:00,3918.5,3930.0,3897.76,3920.85,851414.41
2025-10-17 02:00:00,3918.5,3930.0,3897.76,3920.85,851414.41
2025-10-17 02:00:00,3918.5,3930.0,3897.76,3920.85,851414.41
2025-10-17 02:00:00,3918.5,3930.0,3897.76,3920.85,851414.41
2025-10-17 02:00:00,3918.5,3930.0,3897.76,3920.85,851414.41
2025-10-17 02:00:00,3918.5,3930.0,3897.76,3920.85,851414.41
2025-10-17 02:00:00,3918.5,3930.0,3897.76,3920.85,851414.41
2025-10-17 02:00:00,3918.5,3930.0,3897.76,3920.85,851414.41
2025-10-17 02:00:00,3918.5,3930.0,3897.76,3920.85,851414.41
2025-10-17 02:00:00,3918.5,3930.0,3897.76,3920.85,851414.41
2025-10-17 02:00:00,3918.5,3930.0,3897.76,3920.85,851414.41
2025-10-17 02:00:00,3918.5,3930.0,3897.76,3920.85,851414.41
2025-10-17 02:00:00,3918.5,3930.0,3897.76,3920.85,851414.41
2025-10-17 02:00:00,3918.5,3930.0,3897.76,3920.85,851414.41
2025-10-17 03:00:00,3920.86,3934.15,3917.08,3931.38,517961.15
2025-10-17 03:00:00,3920.86,3934.15,3917.08,3931.38,517961.15
2025-10-17 03:00:00,3920.86,3934.15,3917.08,3931.38,517961.15
2025-10-17 03:00:00,3920.86,3934.15,3917.08,3931.38,517961.15
2025-10-17 03:00:00,3920.86,3934.15,3917.08,3931.38,517961.15
2025-10-17 03:00:00,3920.86,3934.15,3917.08,3931.38,517961.15
2025-10-17 03:00:00,3920.86,3934.15,3917.08,3931.38,517961.15
2025-10-17 03:00:00,3920.86,3934.15,3917.08,3931.38,517961.15
2025-10-17 03:00:00,3920.86,3934.15,3917.08,3931.38,517961.15
2025-10-17 03:00:00,3920.86,3934.15,3917.08,3931.38,517961.15
2025-10-17 03:00:00,3920.86,3934.15,3917.08,3931.38,517961.15
2025-10-17 03:00:00,3920.86,3934.15,3917.08,3931.38,517961.15
2025-10-17 03:00:00,3920.86,3934.15,3917.08,3931.38,517961.15
2025-10-17 03:00:00,3920.86,3934.15,3917.08,3931.38,517961.15
2025-10-17 03:00:00,3920.86,3934.15,3917.08,3931.38,517961.15
2025-10-17 04:00:00,3931.39,3934.44,3907.8,3910.01,638486.96
2025-10-17 04:00:00,3931.39,3934.44,3907.8,3910.01,638486.96
2025-10-17 04:00:00,3931.39,3934.44,3907.8,3910.01,638486.96
2025-10-17 04:00:00,3931.39,3934.44,3907.8,3910.01,638486.96
2025-10-17 04:00:00,3931.39,3934.44,3907.8,3910.01,638486.96
2025-10-17 04:00:00,3931.39,3934.44,3907.8,3910.01,638486.96
2025-10-17 04:00:00,3931.39,3934.44,3907.8,3910.01,638486.96
2025-10-17 04:00:00,3931.39,3934.44,3907.8,3910.01,638486.96
2025-10-17 04:00:00,3931.39,3934.44,3907.8,3910.01,638486.96
2025-10-17 04:00:00,3931.39,3934.44,3907.8,3910.01,638486.96
2025-10-17 04:00:00,3931.39,3934.44,3907.8,3910.01,638486.96
2025-10-17 04:00:00,3931.39,3934.44,3907.8,3910.01,638486.96
2025-10-17 04:00:00,3931.39,3934.44,3907.8,3910.01,638486.96
2025-10-17 04:00:00,3931.39,3934.44,3907.8,3910.01,638486.96
2025-10-17 04:00:00,3931.39,3934.44,3907.8,3910.01,638486.96
2025-10-17 05:00:00,3910.3,3921.65,3891.0,3893.75,938236.52
2025-10-17 05:00:00,3910.3,3921.65,3891.0,3893.75,938236.52
2025-10-17 05:00:00,3910.3,3921.65,3891.0,3893.75,938236.52
2025-10-17 05:00:00,3910.3,3921.65,3891.0,3893.75,938236.52
2025-10-17 05:00:00,3910.3,3921.65,3891.0,3893.75,938236.52
2025-10-17 05:00:00,3910.3,3921.65,3891.0,3893.75,938236.52
2025-10-17 05:00:00,3910.3,3921.65,3891.0,3893.75,938236.52
2025-10-17 05:00:00,3910.3,3921.65,3891.0,3893.75,938236.52
2025-10-17 05:00:00,3910.3,3921.65,3891.0,3893.75,938236.52
2025-10-17 05:00:00,3910.3,3921.65,3891.0,3893.75,938236.52
2025-10-17 05:00:00,3910.3,3921.65,3891.0,3893.75,938236.52
2025-10-17 05:00:00,3910.3,3921.65,3891.0,3893.75,938236.52
2025-10-17 05:00:00,3910.3,3921.65,3891.0,3893.75,938236.52
2025-10-17 05:00:00,3910.3,3921.65,3891.0,3893.75,938236.52
2025-10-17 05:00:00,3910.3,3921.65,3891.0,3893.75,938236.52
2025-10-17 06:00:00,3893.76,3905.0,3805.81,3818.91,3409991.67
2025-10-17 06:00:00,3893.76,3905.0,3805.81,3818.91,3409991.67
2025-10-17 06:00:00,3893.76,3905.0,3805.81,3818.91,3409991.67
2025-10-17 06:00:00,3893.76,3905.0,3805.81,3818.91,3409991.67
2025-10-17 06:00:00,3893.76,3905.0,3805.81,3818.91,3409991.67
2025-10-17 06:00:00,3893.76,3905.0,3805.81,3818.91,3409991.67
2025-10-17 06:00:00,3893.76,3905.0,3805.81,3818.91,3409991.67
2025-10-17 06:00:00,3893.76,3905.0,3805.81,3818.91,3409991.67
2025-10-17 06:00:00,3893.76,3905.0,3805.81,3818.91,3409991.67
2025-10-17 06:00:00,3893.76,3905.0,3805.81,3818.91,3409991.67
2025-10-17 06:00:00,3893.76,3905.0,3805.81,3818.91,3409991.67
2025-10-17 06:00:00,3893.76,3905.0,3805.81,3818.91,3409991.67
2025-10-17 06:00:00,3893.76,3905.0,3805.81,3818.91,3409991.67
2025-10-17 06:00:00,3893.76,3905.0,3805.81,3818.91,3409991.67
2025-10-17 06:00:00,3893.76,3905.0,3805.81,3818.91,3409991.67
2025-10-17 07:00:00,3818.91,3823.0,3750.01,3754.47,5106598.87
2025-10-17 07:00:00,3818.91,3823.0,3750.01,3754.47,5106598.87
2025-10-17 07:00:00,3818.91,3823.0,3750.01,3754.47,5106598.87
2025-10-17 07:00:00,3818.91,3823.0,3750.01,3754.47,5106598.87
2025-10-17 07:00:00,3818.91,3823.0,3750.01,3754.47,5106598.87
2025-10-17 07:00:00,3818.91,3823.0,3750.01,3754.47,5106598.87
2025-10-17 07:00:00,3818.91,3823.0,3750.01,3754.47,5106598.87
2025-10-17 07:00:00,3818.91,3823.0,3750.01,3754.47,5106598.87
2025-10-17 07:00:00,3818.91,3823.0,3750.01,3754.47,5106598.87
2025-10-17 07:00:00,3818.91,3823.0,3750.01,3754.47,5106598.87
2025-10-17 07:00:00,3818.91,3823.0,3750.01,3754.47,5106598.87
2025-10-17 07:00:00,3818.91,3823.0,3750.01,3754.47,5106598.87
2025-10-17 07:00:00,3818.91,3823.0,3750.01,3754.47,5106598.87
2025-10-17 07:00:00,3818.91,3823.0,3750.01,3754.47,5106598.87
2025-10-17 07:00:00,3818.91,3823.0,3750.01,3754.47,5106598.87
2025-10-17 08:00:00,3754.46,3768.5,3701.17,3707.47,4777155.83
2025-10-17 08:00:00,3754.46,3768.5,3701.17,3707.47,4777155.83
2025-10-17 08:00:00,3754.46,3768.5,3701.17,3707.47,4777155.83
2025-10-17 08:00:00,3754.46,3768.5,3701.17,3707.47,4777155.83
2025-10-17 08:00:00,3754.46,3768.5,3701.17,3707.47,4777155.83
2025-10-17 08:00:00,3754.46,3768.5,3701.17,3707.47,4777155.83
2025-10-17 08:00:00,3754.46,3768.5,3701.17,3707.47,4777155.83
2025-10-17 08:00:00,3754.46,3768.5,3701.17,3707.47,4777155.83
2025-10-17 08:00:00,3754.46,3768.5,3701.17,3707.47,4777155.83
2025-10-17 08:00:00,3754.46,3768.5,3701.17,3707.47,4777155.83
2025-10-17 08:00:00,3754.46,3768.5,3701.17,3707.47,4777155.83
2025-10-17 08:00:00,3754.46,3768.5,3701.17,3707.47,4777155.83
2025-10-17 08:00:00,3754.46,3768.5,3701.17,3707.47,4777155.83
2025-10-17 08:00:00,3754.46,3768.5,3701.17,3707.47,4777155.83
2025-10-17 08:00:00,3754.46,3768.5,3701.17,3707.47,4777155.83
2025-10-17 09:00:00,3707.46,3767.34,3695.0,3722.09,2770368.05
2025-10-17 09:00:00,3707.46,3767.34,3695.0,3722.09,2770368.05
2025-10-17 09:00:00,3707.46,3767.34,3695.0,3722.09,2770368.05
2025-10-17 09:00:00,3707.46,3767.34,3695.0,3722.09,2770368.05
2025-10-17 09:00:00,3707.46,3767.34,3695.0,3722.09,2770368.05
2025-10-17 09:00:00,3707.46,3767.34,3695.0,3722.09,2770368.05
2025-10-17 09:00:00,3707.46,3767.34,3695.0,3722.09,2770368.05
2025-10-17 09:00:00,3707.46,3767.34,3695.0,3722.09,2770368.05
2025-10-17 09:00:00,3707.46,3767.34,3695.0,3722.09,2770368.05
2025-10-17 09:00:00,3707.46,3767.34,3695.0,3722.09,2770368.05
2025-10-17 09:00:00,3707.46,3767.34,3695.0,3722.09,2770368.05
2025-10-17 09:00:00,3707.46,3767.34,3695.0,3722.09,2770368.05
2025-10-17 09:00:00,3707.46,3767.34,3695.0,3722.09,2770368.05
2025-10-17 09:00:00,3707.46,3767.34,3695.0,3722.09,2770368.05
2025-10-17 09:00:00,3707.46,3767.34,3695.0,3722.09,2770368.05
2025-10-17 10:00:00,3722.09,3737.62,3671.67,3723.24,3673767.96
2025-10-17 10:00:00,3722.09,3737.62,3671.67,3723.24,3673767.96
2025-10-17 10:00:00,3722.09,3737.62,3671.67,3723.24,3673767.96
2025-10-17 10:00:00,3722.09,3737.62,3671.67,3723.24,3673767.96
2025-10-17 10:00:00,3722.09,3737.62,3671.67,3723.24,3673767.96
2025-10-17 10:00:00,3722.09,3737.62,3671.67,3723.24,3673767.96
2025-10-17 10:00:00,3722.09,3737.62,3671.67,3723.24,3673767.96
2025-10-17 10:00:00,3722.09,3737.62,3671.67,3723.24,3673767.96
2025-10-17 10:00:00,3722.09,3737.62,3671.67,3723.24,3673767.96
2025-10-17 10:00:00,3722.09,3737.62,3671.67,3723.24,3673767.96
2025-10-17 10:00:00,3722.09,3737.62,3671.67,3723.24,3673767.96
2025-10-17 10:00:00,3722.09,3737.62,3671.67,3723.24,3673767.96
2025-10-17 10:00:00,3722.09,3737.62,3671.67,3723.24,3673767.96
2025-10-17 10:00:00,3722.09,3737.62,3671.67,3723.24,3673767.96
2025-10-17 10:00:00,3722.09,3737.62,3671.67,3723.24,3673767.96
2025-10-17 11:00:00,3723.23,3815.82,3718.27,3775.86,4498735.75
2025-10-17 11:00:00,3723.23,3815.82,3718.27,3775.86,4498735.75
2025-10-17 11:00:00,3723.23,3815.82,3718.27,3775.86,4498735.75
2025-10-17 11:00:00,3723.23,3815.82,3718.27,3775.86,4498735.75
2025-10-17 11:00:00,3723.23,3815.82,3718.27,3775.86,4498735.75
2025-10-17 11:00:00,3723.23,3815.82,3718.27,3775.86,4498735.75
2025-10-17 11:00:00,3723.23,3815.82,3718.27,3775.86,4498735.75
2025-10-17 11:00:00,3723.23,3815.82,3718.27,3775.86,4498735.75
2025-10-17 11:00:00,3723.23,3815.82,3718.27,3775.86,4498735.75
2025-10-17 11:00:00,3723.23,3815.82,3718.27,3775.86,4498735.75
2025-10-17 11:00:00,3723.23,3815.82,3718.27,3775.86,4498735.75
2025-10-17 11:00:00,3723.23,3815.82,3718.27,3775.86,4498735.75
2025-10-17 11:00:00,3723.23,3815.82,3718.27,3775.86,4498735.75
2025-10-17 11:00:00,3723.23,3815.82,3718.27,3775.86,4498735.75
2025-10-17 11:00:00,3723.23,3815.82,3718.27,3775.86,4498735.75
2025-10-17 12:00:00,3775.86,3809.99,3769.09,3773.54,1356470.48
2025-10-17 12:00:00,3775.86,3809.99,3769.09,3773.54,1356470.48
2025-10-17 12:00:00,3775.86,3809.99,3769.09,3773.54,1356470.48
2025-10-17 12:00:00,3775.86,3809.99,3769.09,3773.54,1356470.48
2025-10-17 12:00:00,3775.86,3809.99,3769.09,3773.54,1356470.48
2025-10-17 12:00:00,3775.86,3809.99,3769.09,3773.54,1356470.48
2025-10-17 12:00:00,3775.86,3809.99,3769.09,3773.54,1356470.48
2025-10-17 12:00:00,3775.86,3809.99,3769.09,3773.54,1356470.48
2025-10-17 12:00:00,3775.86,3809.99,3769.09,3773.54,1356470.48
2025-10-17 12:00:00,3775.86,3809.99,3769.09,3773.54,1356470.48
2025-10-17 12:00:00,3775.86,3809.99,3769.09,3773.54,1356470.48
2025-10-17 12:00:00,3775.86,3809.99,3769.09,3773.54,1356470.48
2025-10-17 12:00:00,3775.86,3809.99,3769.09,3773.54,1356470.48
2025-10-17 12:00:00,3775.86,3809.99,3769.09,3773.54,1356470.48
2025-10-17 12:00:00,3775.86,3809.99,3769.09,3773.54,1356470.48
2025-10-17 13:00:00,3773.54,3808.63,3736.49,3787.29,3348613.67
2025-10-17 13:00:00,3773.54,3808.63,3736.49,3787.29,3348613.67
2025-10-17 13:00:00,3773.54,3808.63,3736.49,3787.29,3348613.67
2025-10-17 13:00:00,3773.54,3808.63,3736.49,3787.29,3348613.67
2025-10-17 13:00:00,3773.54,3808.63,3736.49,3787.29,3348613.67
2025-10-17 13:00:00,3773.54,3808.63,3736.49,3787.29,3348613.67
2025-10-17 13:00:00,3773.54,3808.63,3736.49,3787.29,3348613.67
2025-10-17 13:00:00,3773.54,3808.63,3736.49,3787.29,3348613.67
2025-10-17 13:00:00,3773.54,3808.63,3736.49,3787.29,3348613.67
2025-10-17 13:00:00,3773.54,3808.63,3736.49,3787.29,3348613.67
2025-10-17 13:00:00,3773.54,3808.63,3736.49,3787.29,3348613.67
2025-10-17 13:00:00,3773.54,3808.63,3736.49,3787.29,3348613.67
2025-10-17 13:00:00,3773.54,3808.63,3736.49,3787.29,3348613.67
2025-10-17 13:00:00,3773.54,3808.63,3736.49,3787.29,3348613.67
2025-10-17 13:00:00,3773.54,3808.63,3736.49,3787.29,3348613.67
2025-10-17 14:00:00,3787.28,3796.85,3711.44,3748.64,4084436.07
2025-10-17 14:00:00,3787.28,3796.85,3711.44,3748.64,4084436.07
2025-10-17 14:00:00,3787.28,3796.85,3711.44,3748.64,4084436.07
2025-10-17 14:00:00,3787.28,3796.85,3711.44,3748.64,4084436.07
2025-10-17 14:00:00,3787.28,3796.85,3711.44,3748.64,4084436.07
2025-10-17 14:00:00,3787.28,3796.85,3711.44,3748.64,4084436.07
2025-10-17 14:00:00,3787.28,3796.85,3711.44,3748.64,4084436.07
2025-10-17 14:00:00,3787.28,3796.85,3711.44,3748.64,4084436.07
2025-10-17 14:00:00,3787.28,3796.85,3711.44,3748.64,4084436.07
2025-10-17 14:00:00,3787.28,3796.85,3711.44,3748.64,4084436.07
2025-10-17 14:00:00,3787.28,3796.85,3711.44,3748.64,4084436.07
2025-10-17 14:00:00,3787.28,3796.85,3711.44,3748.64,4084436.07
2025-10-17 14:00:00,3787.28,3796.85,3711.44,3748.64,4084436.07
2025-10-17 14:00:00,3787.28,3796.85,3711.44,3748.64,4084436.07
2025-10-17 14:00:00,3787.28,3796.85,3711.44,3748.64,4084436.07
2025-10-17 15:00:00,3748.65,3799.0,3741.37,3795.55,2183688.39
2025-10-17 15:00:00,3748.65,3799.0,3741.37,3795.55,2183688.39
2025-10-17 15:00:00,3748.65,3799.0,3741.37,3795.55,2183688.39
2025-10-17 15:00:00,3748.65,3799.0,3741.37,3795.55,2183688.39
2025-10-17 15:00:00,3748.65,3799.0,3741.37,3795.55,2183688.39
2025-10-17 15:00:00,3748.65,3799.0,3741.37,3795.55,2183688.39
2025-10-17 15:00:00,3748.65,3799.0,3741.37,3795.55,2183688.39
2025-10-17 15:00:00,3748.65,3799.0,3741.37,3795.55,2183688.39
2025-10-17 15:00:00,3748.65,3799.0,3741.37,3795.55,2183688.39
2025-10-17 15:00:00,3748.65,3799.0,3741.37,3795.55,2183688.39
2025-10-17 15:00:00,3748.65,3799.0,3741.37,3795.55,2183688.39
2025-10-17 15:00:00,3748.65,3799.0,3741.37,3795.55,2183688.39
2025-10-17 15:00:00,3748.65,3799.0,3741.37,3795.55,2183688.39
2025-10-17 15:00:00,3748.65,3799.0,3741.37,3795.55,2183688.39
2025-10-17 15:00:00,3748.65,3799.0,3741.37,3795.55,2183688.39
2025-10-17 16:00:00,3795.55,3845.59,3776.0,3786.13,3409759.78
2025-10-17 16:00:00,3795.55,3845.59,3776.0,3786.13,3409759.78
2025-10-17 16:00:00,3795.55,3845.59,3776.0,3786.13,3409759.78
2025-10-17 16:00:00,3795.55,3845.59,3776.0,3786.13,3409759.78
2025-10-17 16:00:00,3795.55,3845.59,3776.0,3786.13,3409759.78
2025-10-17 16:00:00,3795.55,3845.59,3776.0,3786.13,3409759.78
2025-10-17 16:00:00,3795.55,3845.59,3776.0,3786.13,3409759.78
2025-10-17 16:00:00,3795.55,3845.59,3776.0,3786.13,3409759.78
2025-10-17 16:00:00,3795.55,3845.59,3776.0,3786.13,3409759.78
2025-10-17 16:00:00,3795.55,3845.59,3776.0,3786.13,3409759.78
2025-10-17 16:00:00,3795.55,3845.59,3776.0,3786.13,3409759.78
2025-10-17 16:00:00,3795.55,3845.59,3776.0,3786.13,3409759.78
2025-10-17 16:00:00,3795.55,3845.59,3776.0,3786.13,3409759.78
2025-10-17 16:00:00,3795.55,3845.59,3776.0,3786.13,3409759.78
2025-10-17 16:00:00,3795.55,3845.59,3776.0,3786.13,3409759.78
2025-10-17 17:00:00,3786.14,3824.98,3777.63,3815.31,1256123.77
2025-10-17 17:00:00,3786.14,3824.98,3777.63,3815.31,1256123.77
2025-10-17 17:00:00,3786.14,3824.98,3777.63,3815.31,1256123.77
2025-10-17 17:00:00,3786.14,3824.98,3777.63,3815.31,1256123.77
2025-10-17 17:00:00,3786.14,3824.98,3777.63,3815.31,1256123.77
2025-10-17 17:00:00,3786.14,3824.98,3777.63,3815.31,1256123.77
2025-10-17 17:00:00,3786.14,3824.98,3777.63,3815.31,1256123.77
2025-10-17 17:00:00,3786.14,3824.98,3777.63,3815.31,1256123.77
2025-10-17 17:00:00,3786.14,3824.98,3777.63,3815.31,1256123.77
2025-10-17 17:00:00,3786.14,3824.98,3777.63,3815.31,1256123.77
2025-10-17 17:00:00,3786.14,3824.98,3777.63,3815.31,1256123.77
2025-10-17 17:00:00,3786.14,3824.98,3777.63,3815.31,1256123.77
2025-10-17 17:00:00,3786.14,3824.98,3777.63,3815.31,1256123.77
2025-10-17 17:00:00,3786.14,3824.98,3777.63,3815.31,1256123.77
2025-10-17 17:00:00,3786.14,3824.98,3777.63,3815.31,1256123.77
2025-10-17 18:00:00,3815.32,3847.43,3810.05,3833.58,1087025.55
2025-10-17 18:00:00,3815.32,3847.43,3810.05,3833.58,1087025.55
2025-10-17 18:00:00,3815.32,3847.43,3810.05,3833.58,1087025.55
2025-10-17 18:00:00,3815.32,3847.43,3810.05,3833.58,1087025.55
2025-10-17 18:00:00,3815.32,3847.43,3810.05,3833.58,1087025.55
2025-10-17 18:00:00,3815.32,3847.43,3810.05,3833.58,1087025.55
2025-10-17 18:00:00,3815.32,3847.43,3810.05,3833.58,1087025.55
2025-10-17 18:00:00,3815.32,3847.43,3810.05,3833.58,1087025.55
2025-10-17 18:00:00,3815.32,3847.43,3810.05,3833.58,1087025.55
2025-10-17 18:00:00,3815.32,3847.43,3810.05,3833.58,1087025.55
2025-10-17 18:00:00,3815.32,3847.43,3810.05,3833.58,1087025.55
2025-10-17 18:00:00,3815.32,3847.43,3810.05,3833.58,1087025.55
2025-10-17 18:00:00,3815.32,3847.43,3810.05,3833.58,1087025.55
2025-10-17 18:00:00,3815.32,3847.43,3810.05,3833.58,1087025.55
2025-10-17 18:00:00,3815.32,3847.43,3810.05,3833.58,1087025.55
2025-10-17 19:00:00,3833.58,3848.0,3812.5,3825.6,838720.75
2025-10-17 19:00:00,3833.58,3848.0,3812.5,3825.6,838720.75
2025-10-17 19:00:00,3833.58,3848.0,3812.5,3825.6,838720.75
2025-10-17 19:00:00,3833.58,3848.0,3812.5,3825.6,838720.75
2025-10-17 19:00:00,3833.58,3848.0,3812.5,3825.6,838720.75
2025-10-17 19:00:00,3833.58,3848.0,3812.5,3825.6,838720.75
2025-10-17 19:00:00,3833.58,3848.0,3812.5,3825.6,838720.75
2025-10-17 19:00:00,3833.58,3848.0,3812.5,3825.6,838720.75
2025-10-17 19:00:00,3833.58,3848.0,3812.5,3825.6,838720.75
2025-10-17 19:00:00,3833.58,3848.0,3812.5,3825.6,838720.75
2025-10-17 19:00:00,3833.58,3848.0,3812.5,3825.6,838720.75
2025-10-17 19:00:00,3833.58,3848.0,3812.5,3825.6,838720.75
2025-10-17 19:00:00,3833.58,3848.0,3812.5,3825.6,838720.75
2025-10-17 19:00:00,3833.58,3848.0,3812.5,3825.6,838720.75
2025-10-17 19:00:00,3833.58,3848.0,3812.5,3825.6,838720.75
2025-10-17 20:00:00,3825.58,3862.46,3816.2,3856.44,899965.2
2025-10-17 20:00:00,3825.58,3862.46,3816.2,3856.44,899965.2
2025-10-17 20:00:00,3825.58,3862.46,3816.2,3856.44,899965.2
2025-10-17 20:00:00,3825.58,3862.46,3816.2,3856.44,899965.2
2025-10-17 20:00:00,3825.58,3862.46,3816.2,3856.44,899965.2
2025-10-17 20:00:00,3825.58,3862.46,3816.2,3856.44,899965.2
2025-10-17 20:00:00,3825.58,3862.46,3816.2,3856.44,899965.2
2025-10-17 20:00:00,3825.58,3862.46,3816.2,3856.44,899965.2
2025-10-17 20:00:00,3825.58,3862.46,3816.2,3856.44,899965.2
2025-10-17 20:00:00,3825.58,3862.46,3816.2,3856.44,899965.2
2025-10-17 20:00:00,3825.58,3862.46,3816.2,3856.44,899965.2
2025-10-17 20:00:00,3825.58,3862.46,3816.2,3856.44,899965.2
2025-10-17 20:00:00,3825.58,3862.46,3816.2,3856.44,899965.2
2025-10-17 20:00:00,3825.58,3862.46,3816.2,3856.44,899965.2
2025-10-17 20:00:00,3825.58,3862.46,3816.2,3856.44,899965.2
2025-10-17 21:00:00,3856.43,3882.35,3851.2,3874.37,867682.88
2025-10-17 21:00:00,3856.43,3882.35,3851.2,3874.37,867682.88
2025-10-17 21:00:00,3856.43,3882.35,3851.2,3874.37,867682.88
2025-10-17 21:00:00,3856.43,3882.35,3851.2,3874.37,867682.88
2025-10-17 21:00:00,3856.43,3882.35,3851.2,3874.37,867682.88
2025-10-17 21:00:00,3856.43,3882.35,3851.2,3874.37,867682.88
2025-10-17 21:00:00,3856.43,3882.35,3851.2,3874.37,867682.88
2025-10-17 21:00:00,3856.43,3882.35,3851.2,3874.37,867682.88
2025-10-17 21:00:00,3856.43,3882.35,3851.2,3874.37,867682.88
2025-10-17 21:00:00,3856.43,3882.35,3851.2,3874.37,867682.88
2025-10-17 21:00:00,3856.43,3882.35,3851.2,3874.37,867682.88
2025-10-17 21:00:00,3856.43,3882.35,3851.2,3874.37,867682.88
2025-10-17 21:00:00,3856.43,3882.35,3851.2,3874.37,867682.88
2025-10-17 21:00:00,3856.43,3882.35,3851.2,3874.37,867682.88
2025-10-17 21:00:00,3856.43,3882.35,3851.2,3874.37,867682.88
2025-10-17 22:00:00,3874.38,3880.55,3843.91,3852.45,554428.84
2025-10-17 22:00:00,3874.38,3880.55,3843.91,3852.45,554428.84
2025-10-17 22:00:00,3874.38,3880.55,3843.91,3852.45,554428.84
2025-10-17 22:00:00,3874.38,3880.55,3843.91,3852.45,554428.84
2025-10-17 22:00:00,3874.38,3880.55,3843.91,3852.45,554428.84
2025-10-17 22:00:00,3874.38,3880.55,3843.91,3852.45,554428.84
2025-10-17 22:00:00,3874.38,3880.55,3843.91,3852.45,554428.84
2025-10-17 22:00:00,3874.38,3880.55,3843.91,3852.45,554428.84
2025-10-17 22:00:00,3874.38,3880.55,3843.91,3852.45,554428.84
2025-10-17 22:00:00,3874.38,3880.55,3843.91,3852.45,554428.84
2025-10-17 22:00:00,3874.38,3880.55,3843.91,3852.45,554428.84
2025-10-17 22:00:00,3874.38,3880.55,3843.91,3852.45,554428.84
2025-10-17 22:00:00,3874.38,3880.55,3843.91,3852.45,554428.84
2025-10-17 22:00:00,3874.38,3880.55,3843.91,3852.45,554428.84
2025-10-17 22:00:00,3874.38,3880.55,3843.91,3852.45,554428.84
2025-10-17 23:00:00,3852.45,3852.88,3826.6,3829.71,457918.36
2025-10-17 23:00:00,3852.45,3852.88,3826.6,3829.71,457918.36
2025-10-17 23:00:00,3852.45,3852.88,3826.6,3829.71,457918.36
2025-10-17 23:00:00,3852.45,3852.88,3826.6,3829.71,457918.36
2025-10-17 23:00:00,3852.45,3852.88,3826.6,3829.71,457918.36
2025-10-17 23:00:00,3852.45,3852.88,3826.6,3829.71,457918.36
2025-10-17 23:00:00,3852.45,3852.88,3826.6,3829.71,457918.36
2025-10-17 23:00:00,3852.45,3852.88,3826.6,3829.71,457918.36
2025-10-17 23:00:00,3852.45,3852.88,3826.6,3829.71,457918.36
2025-10-17 23:00:00,3852.45,3852.88,3826.6,3829.71,457918.36
2025-10-17 23:00:00,3852.45,3852.88,3826.6,3829.71,457918.36
2025-10-17 23:00:00,3852.45,3852.88,3826.6,3829.71,457918.36
2025-10-17 23:00:00,3852.45,3852.88,3826.6,3829.71,457918.36
2025-10-17 23:00:00,3852.45,3852.88,3826.6,3829.71,457918.36
2025-10-17 23:00:00,3852.45,3852.88,3826.6,3829.71,457918.36
2025-10-18 00:00:00,3829.71,3842.33,3817.0,3838.87,572746.36
2025-10-18 00:00:00,3829.71,3842.33,3817.0,3838.87,572746.36
2025-10-18 00:00:00,3829.71,3842.33,3817.0,3838.87,572746.36
2025-10-18 00:00:00,3829.71,3842.33,3817.0,3838.87,572746.36
2025-10-18 00:00:00,3829.71,3842.33,3817.0,3838.87,572746.36
2025-10-18 00:00:00,3829.71,3842.33,3817.0,3838.87,572746.36
2025-10-18 00:00:00,3829.71,3842.33,3817.0,3838.87,572746.36
2025-10-18 00:00:00,3829.71,3842.33,3817.0,3838.87,572746.36
2025-10-18 00:00:00,3829.71,3842.33,3817.0,3838.87,572746.36
2025-10-18 00:00:00,3829.71,3842.33,3817.0,3838.87,572746.36
2025-10-18 00:00:00,3829.71,3842.33,3817.0,3838.87,572746.36
2025-10-18 00:00:00,3829.71,3842.33,3817.0,3838.87,572746.36
2025-10-18 00:00:00,3829.71,3842.33,3817.0,3838.87,572746.36
2025-10-18 00:00:00,3829.71,3842.33,3817.0,3838.87,572746.36
2025-10-18 00:00:00,3829.71,3842.33,3817.0,3838.87,572746.36
2025-10-18 01:00:00,3838.87,3876.54,3838.01,3866.5,795323.24
2025-10-18 01:00:00,3838.87,3876.54,3838.01,3866.5,795323.24
2025-10-18 01:00:00,3838.87,3876.54,3838.01,3866.5,795323.24
2025-10-18 01:00:00,3838.87,3876.54,3838.01,3866.5,795323.24
2025-10-18 01:00:00,3838.87,3876.54,3838.01,3866.5,795323.24
2025-10-18 01:00:00,3838.87,3876.54,3838.01,3866.5,795323.24
2025-10-18 01:00:00,3838.87,3876.54,3838.01,3866.5,795323.24
2025-10-18 01:00:00,3838.87,3876.54,3838.01,3866.5,795323.24
2025-10-18 01:00:00,3838.87,3876.54,3838.01,3866.5,795323.24
2025-10-18 01:00:00,3838.87,3876.54,3838.01,3866.5,795323.24
2025-10-18 01:00:00,3838.87,3876.54,3838.01,3866.5,795323.24
2025-10-18 01:00:00,3838.87,3876.54,3838.01,3866.5,795323.24
2025-10-18 01:00:00,3838.87,3876.54,3838.01,3866.5,795323.24
2025-10-18 01:00:00,3838.87,3876.54,3838.01,3866.5,795323.24
2025-10-18 01:00:00,3838.87,3876.54,3838.01,3866.5,795323.24
2025-10-18 02:00:00,3866.51,3879.84,3843.51,3849.18,827415.47
2025-10-18 02:00:00,3866.51,3879.84,3843.51,3849.18,827415.47
2025-10-18 02:00:00,3866.51,3879.84,3843.51,3849.18,827415.47
2025-10-18 02:00:00,3866.51,3879.84,3843.51,3849.18,827415.47
2025-10-18 02:00:00,3866.51,3879.84,3843.51,3849.18,827415.47
2025-10-18 02:00:00,3866.51,3879.84,3843.51,3849.18,827415.47
2025-10-18 02:00:00,3866.51,3879.84,3843.51,3849.18,827415.47
2025-10-18 02:00:00,3866.51,3879.84,3843.51,3849.18,827415.47
2025-10-18 02:00:00,3866.51,3879.84,3843.51,3849.18,827415.47
2025-10-18 02:00:00,3866.51,3879.84,3843.51,3849.18,827415.47
2025-10-18 02:00:00,3866.51,3879.84,3843.51,3849.18,827415.47
2025-10-18 02:00:00,3866.51,3879.84,3843.51,3849.18,827415.47
2025-10-18 02:00:00,3866.51,3879.84,3843.51,3849.18,827415.47
2025-10-18 02:00:00,3866.51,3879.84,3843.51,3849.18,827415.47
2025-10-18 02:00:00,3866.51,3879.84,3843.51,3849.18,827415.47
2025-10-18 03:00:00,3849.17,3877.44,3847.46,3868.4,570249.0
2025-10-18 03:00:00,3849.17,3877.44,3847.46,3868.4,570249.0
2025-10-18 03:00:00,3849.17,3877.44,3847.46,3868.4,570249.0
2025-10-18 03:00:00,3849.17,3877.44,3847.46,3868.4,570249.0
2025-10-18 03:00:00,3849.17,3877.44,3847.46,3868.4,570249.0
2025-10-18 03:00:00,3849.17,3877.44,3847.46,3868.4,570249.0
2025-10-18 03:00:00,3849.17,3877.44,3847.46,3868.4,570249.0
2025-10-18 03:00:00,3849.17,3877.44,3847.46,3868.4,570249.0
2025-10-18 03:00:00,3849.17,3877.44,3847.46,3868.4,570249.0
2025-10-18 03:00:00,3849.17,3877.44,3847.46,3868.4,570249.0
2025-10-18 03:00:00,3849.17,3877.44,3847.46,3868.4,570249.0
2025-10-18 03:00:00,3849.17,3877.44,3847.46,3868.4,570249.0
2025-10-18 03:00:00,3849.17,3877.44,3847.46,3868.4,570249.0
2025-10-18 03:00:00,3849.17,3877.44,3847.46,3868.4,570249.0
2025-10-18 03:00:00,3849.17,3877.44,3847.46,3868.4,570249.0
2025-10-18 04:00:00,3868.4,3868.63,3838.68,3842.07,701828.45
2025-10-18 04:00:00,3868.4,3868.63,3838.68,3842.07,701828.45
2025-10-18 04:00:00,3868.4,3868.63,3838.68,3842.07,701828.45
2025-10-18 04:00:00,3868.4,3868.63,3838.68,3842.07,701828.45
2025-10-18 04:00:00,3868.4,3868.63,3838.68,3842.07,701828.45
2025-10-18 04:00:00,3868.4,3868.63,3838.68,3842.07,701828.45
2025-10-18 04:00:00,3868.4,3868.63,3838.68,3842.07,701828.45
2025-10-18 04:00:00,3868.4,3868.63,3838.68,3842.07,701828.45
2025-10-18 04:00:00,3868.4,3868.63,3838.68,3842.07,701828.45
2025-10-18 04:00:00,3868.4,3868.63,3838.68,3842.07,701828.45
2025-10-18 04:00:00,3868.4,3868.63,3838.68,3842.07,701828.45
2025-10-18 04:00:00,3868.4,3868.63,3838.68,3842.07,701828.45
2025-10-18 04:00:00,3868.4,3868.63,3838.68,3842.07,701828.45
2025-10-18 04:00:00,3868.4,3868.63,3838.68,3842.07,701828.45
2025-10-18 04:00:00,3868.4,3868.63,3838.68,3842.07,701828.45
2025-10-18 05:00:00,3842.06,3867.0,3840.66,3865.19,530241.07
2025-10-18 05:00:00,3842.06,3867.0,3840.66,3865.19,530241.07
2025-10-18 05:00:00,3842.06,3867.0,3840.66,3865.19,530241.07
2025-10-18 05:00:00,3842.06,3867.0,3840.66,3865.19,530241.07
2025-10-18 05:00:00,3842.06,3867.0,3840.66,3865.19,530241.07
2025-10-18 05:00:00,3842.06,3867.0,3840.66,3865.19,530241.07
2025-10-18 05:00:00,3842.06,3867.0,3840.66,3865.19,530241.07
2025-10-18 05:00:00,3842.06,3867.0,3840.66,3865.19,530241.07
2025-10-18 05:00:00,3842.06,3867.0,3840.66,3865.19,530241.07
2025-10-18 05:00:00,3842.06,3867.0,3840.66,3865.19,530241.07
2025-10-18 05:00:00,3842.06,3867.0,3840.66,3865.19,530241.07
2025-10-18 05:00:00,3842.06,3867.0,3840.66,3865.19,530241.07
2025-10-18 05:00:00,3842.06,3867.0,3840.66,3865.19,530241.07
2025-10-18 05:00:00,3842.06,3867.0,3840.66,3865.19,530241.07
2025-10-18 05:00:00,3842.06,3867.0,3840.66,3865.19,530241.07
2025-10-18 06:00:00,3865.2,3874.99,3858.33,3869.97,530356.89
2025-10-18 06:00:00,3865.2,3874.99,3858.33,3869.97,530356.89
2025-10-18 06:00:00,3865.2,3874.99,3858.33,3869.97,530356.89
2025-10-18 06:00:00,3865.2,3874.99,3858.33,3869.97,530356.89
2025-10-18 06:00:00,3865.2,3874.99,3858.33,3869.97,530356.89
2025-10-18 06:00:00,3865.2,3874.99,3858.33,3869.97,530356.89
2025-10-18 06:00:00,3865.2,3874.99,3858.33,3869.97,530356.89
2025-10-18 06:00:00,3865.2,3874.99,3858.33,3869.97,530356.89
2025-10-18 06:00:00,3865.2,3874.99,3858.33,3869.97,530356.89
2025-10-18 06:00:00,3865.2,3874.99,3858.33,3869.97,530356.89
2025-10-18 06:00:00,3865.2,3874.99,3858.33,3869.97,530356.89
2025-10-18 06:00:00,3865.2,3874.99,3858.33,3869.97,530356.89
2025-10-18 06:00:00,3865.2,3874.99,3858.33,3869.97,530356.89
2025-10-18 06:00:00,3865.2,3874.99,3858.33,3869.97,530356.89
2025-10-18 06:00:00,3865.2,3874.99,3858.33,3869.97,530356.89
2025-10-18 07:00:00,3869.97,3925.95,3869.96,3890.21,2438516.71
2025-10-18 07:00:00,3869.97,3925.95,3869.96,3890.21,2438516.71
2025-10-18 07:00:00,3869.97,3925.95,3869.96,3890.21,2438516.71
2025-10-18 07:00:00,3869.97,3925.95,3869.96,3890.21,2438516.71
2025-10-18 07:00:00,3869.97,3925.95,3869.96,3890.21,2438516.71
2025-10-18 07:00:00,3869.97,3925.95,3869.96,3890.21,2438516.71
2025-10-18 07:00:00,3869.97,3925.95,3869.96,3890.21,2438516.71
2025-10-18 07:00:00,3869.97,3925.95,3869.96,3890.21,2438516.71
2025-10-18 07:00:00,3869.97,3925.95,3869.96,3890.21,2438516.71
2025-10-18 07:00:00,3869.97,3925.95,3869.96,3890.21,2438516.71
2025-10-18 07:00:00,3869.97,3925.95,3869.96,3890.21,2438516.71
2025-10-18 07:00:00,3869.97,3925.95,3869.96,3890.21,2438516.71
2025-10-18 07:00:00,3869.97,3925.95,3869.96,3890.21,2438516.71
2025-10-18 07:00:00,3869.97,3925.95,3869.96,3890.21,2438516.71
2025-10-18 07:00:00,3869.97,3925.95,3869.96,3890.21,2438516.71
2025-10-18 08:00:00,3890.21,3903.75,3873.0,3874.36,731981.27
2025-10-18 08:00:00,3890.21,3903.75,3873.0,3874.36,731981.27
2025-10-18 08:00:00,3890.21,3903.75,3873.0,3874.36,731981.27
2025-10-18 08:00:00,3890.21,3903.75,3873.0,3874.36,731981.27
2025-10-18 08:00:00,3890.21,3903.75,3873.0,3874.36,731981.27
2025-10-18 08:00:00,3890.21,3903.75,3873.0,3874.36,731981.27
2025-10-18 08:00:00,3890.21,3903.75,3873.0,3874.36,731981.27
2025-10-18 08:00:00,3890.21,3903.75,3873.0,3874.36,731981.27
2025-10-18 08:00:00,3890.21,3903.75,3873.0,3874.36,731981.27
2025-10-18 08:00:00,3890.21,3903.75,3873.0,3874.36,731981.27
2025-10-18 08:00:00,3890.21,3903.75,3873.0,3874.36,731981.27
2025-10-18 08:00:00,3890.21,3903.75,3873.0,3874.36,731981.27
2025-10-18 08:00:00,3890.21,3903.75,3873.0,3874.36,731981.27
2025-10-18 08:00:00,3890.21,3903.75,3873.0,3874.36,731981.27
2025-10-18 08:00:00,3890.21,3903.75,3873.0,3874.36,731981.27
2025-10-18 09:00:00,3874.36,3885.51,3863.05,3876.64,674110.98
2025-10-18 09:00:00,3874.36,3885.51,3863.05,3876.64,674110.98
2025-10-18 09:00:00,3874.36,3885.51,3863.05,3876.64,674110.98
2025-10-18 09:00:00,3874.36,3885.51,3863.05,3876.64,674110.98
2025-10-18 09:00:00,3874.36,3885.51,3863.05,3876.64,674110.98
2025-10-18 09:00:00,3874.36,3885.51,3863.05,3876.64,674110.98
2025-10-18 09:00:00,3874.36,3885.51,3863.05,3876.64,674110.98
2025-10-18 09:00:00,3874.36,3885.51,3863.05,3876.64,674110.98
2025-10-18 09:00:00,3874.36,3885.51,3863.05,3876.64,674110.98
2025-10-18 09:00:00,3874.36,3885.51,3863.05,3876.64,674110.98
2025-10-18 09:00:00,3874.36,3885.51,3863.05,3876.64,674110.98
2025-10-18 09:00:00,3874.36,3885.51,3863.05,3876.64,674110.98
2025-10-18 09:00:00,3874.36,3885.51,3863.05,3876.64,674110.98
2025-10-18 09:00:00,3874.36,3885.51,3863.05,3876.64,674110.98
2025-10-18 09:00:00,3874.36,3885.51,3863.05,3876.64,674110.98
2025-10-18 10:00:00,3876.64,3891.47,3860.0,3874.3,736397.29
2025-10-18 10:00:00,3876.64,3891.47,3860.0,3874.3,736397.29
2025-10-18 10:00:00,3876.64,3891.47,3860.0,3874.3,736397.29
2025-10-18 10:00:00,3876.64,3891.47,3860.0,3874.3,736397.29
2025-10-18 10:00:00,3876.64,3891.47,3860.0,3874.3,736397.29
2025-10-18 10:00:00,3876.64,3891.47,3860.0,3874.3,736397.29
2025-10-18 10:00:00,3876.64,3891.47,3860.0,3874.3,736397.29
2025-10-18 10:00:00,3876.64,3891.47,3860.0,3874.3,736397.29
2025-10-18 10:00:00,3876.64,3891.47,3860.0,3874.3,736397.29
2025-10-18 10:00:00,3876.64,3891.47,3860.0,3874.3,736397.29
2025-10-18 10:00:00,3876.64,3891.47,3860.0,3874.3,736397.29
2025-10-18 10:00:00,3876.64,3891.47,3860.0,3874.3,736397.29
2025-10-18 10:00:00,3876.64,3891.47,3860.0,3874.3,736397.29
2025-10-18 10:00:00,3876.64,3891.47,3860.0,3874.3,736397.29
2025-10-18 10:00:00,3876.64,3891.47,3860.0,3874.3,736397.29
2025-10-18 11:00:00,3874.3,3881.9,3867.0,3880.72,456567.1
2025-10-18 11:00:00,3874.3,3881.9,3867.0,3880.72,456567.1
2025-10-18 11:00:00,3874.3,3881.9,3867.0,3880.72,456567.1
2025-10-18 11:00:00,3874.3,3881.9,3867.0,3880.72,456567.1
2025-10-18 11:00:00,3874.3,3881.9,3867.0,3880.72,456567.1
2025-10-18 11:00:00,3874.3,3881.9,3867.0,3880.72,456567.1
2025-10-18 11:00:00,3874.3,3881.9,3867.0,3880.72,456567.1
2025-10-18 11:00:00,3874.3,3881.9,3867.0,3880.72,456567.1
2025-10-18 11:00:00,3874.3,3881.9,3867.0,3880.72,456567.1
2025-10-18 11:00:00,3874.3,3881.9,3867.0,3880.72,456567.1
2025-10-18 11:00:00,3874.3,3881.9,3867.0,3880.72,456567.1
2025-10-18 11:00:00,3874.3,3881.9,3867.0,3880.72,456567.1
2025-10-18 11:00:00,3874.3,3881.9,3867.0,3880.72,456567.1
2025-10-18 11:00:00,3874.3,3881.9,3867.0,3880.72,456567.1
2025-10-18 11:00:00,3874.3,3881.9,3867.0,3880.72,456567.1
2025-10-18 12:00:00,3880.71,3892.51,3871.01,3881.32,449748.42
2025-10-18 12:00:00,3880.71,3892.51,3871.01,3881.32,449748.42
2025-10-18 12:00:00,3880.71,3892.51,3871.01,3881.32,449748.42
2025-10-18 12:00:00,3880.71,3892.51,3871.01,3881.32,449748.42
2025-10-18 12:00:00,3880.71,3892.51,3871.01,3881.32,449748.42
2025-10-18 12:00:00,3880.71,3892.51,3871.01,3881.32,449748.42
2025-10-18 12:00:00,3880.71,3892.51,3871.01,3881.32,449748.42
2025-10-18 12:00:00,3880.71,3892.51,3871.01,3881.32,449748.42
2025-10-18 12:00:00,3880.71,3892.51,3871.01,3881.32,449748.42
2025-10-18 12:00:00,3880.71,3892.51,3871.01,3881.32,449748.42
2025-10-18 12:00:00,3880.71,3892.51,3871.01,3881.32,449748.42
2025-10-18 12:00:00,3880.71,3892.51,3871.01,3881.32,449748.42
2025-10-18 12:00:00,3880.71,3892.51,3871.01,3881.32,449748.42
2025-10-18 12:00:00,3880.71,3892.51,3871.01,3881.32,449748.42
2025-10-18 12:00:00,3880.71,3892.51,3871.01,3881.32,449748.42
2025-10-18 13:00:00,3881.32,3881.68,3853.33,3863.86,831537.77
2025-10-18 13:00:00,3881.32,3881.68,3853.33,3863.86,831537.77
2025-10-18 13:00:00,3881.32,3881.68,3853.33,3863.86,831537.77
2025-10-18 13:00:00,3881.32,3881.68,3853.33,3863.86,831537.77
2025-10-18 13:00:00,3881.32,3881.68,3853.33,3863.86,831537.77
2025-10-18 13:00:00,3881.32,3881.68,3853.33,3863.86,831537.77
2025-10-18 13:00:00,3881.32,3881.68,3853.33,3863.86,831537.77
2025-10-18 13:00:00,3881.32,3881.68,3853.33,3863.86,831537.77
2025-10-18 13:00:00,3881.32,3881.68,3853.33,3863.86,831537.77
2025-10-18 13:00:00,3881.32,3881.68,3853.33,3863.86,831537.77
2025-10-18 13:00:00,3881.32,3881.68,3853.33,3863.86,831537.77
2025-10-18 13:00:00,3881.32,3881.68,3853.33,3863.86,831537.77
2025-10-18 13:00:00,3881.32,3881.68,3853.33,3863.86,831537.77
2025-10-18 13:00:00,3881.32,3881.68,3853.33,3863.86,831537.77
2025-10-18 13:00:00,3881.32,3881.68,3853.33,3863.86,831537.77
2025-10-18 14:00:00,3863.87,3880.0,3847.11,3871.98,876376.55
2025-10-18 14:00:00,3863.87,3880.0,3847.11,3871.98,876376.55
2025-10-18 14:00:00,3863.87,3880.0,3847.11,3871.98,876376.55
2025-10-18 14:00:00,3863.87,3880.0,3847.11,3871.98,876376.55
2025-10-18 14:00:00,3863.87,3880.0,3847.11,3871.98,876376.55
2025-10-18 14:00:00,3863.87,3880.0,3847.11,3871.98,876376.55
2025-10-18 14:00:00,3863.87,3880.0,3847.11,3871.98,876376.55
2025-10-18 14:00:00,3863.87,3880.0,3847.11,3871.98,876376.55
2025-10-18 14:00:00,3863.87,3880.0,3847.11,3871.98,876376.55
2025-10-18 14:00:00,3863.87,3880.0,3847.11,3871.98,876376.55
2025-10-18 14:00:00,3863.87,3880.0,3847.11,3871.98,876376.55
2025-10-18 14:00:00,3863.87,3880.0,3847.11,3871.98,876376.55
2025-10-18 14:00:00,3863.87,3880.0,3847.11,3871.98,876376.55
2025-10-18 14:00:00,3863.87,3880.0,3847.11,3871.98,876376.55
2025-10-18 14:00:00,3863.87,3880.0,3847.11,3871.98,876376.55
2025-10-18 15:00:00,3871.98,3878.67,3861.96,3875.88,461236.96
2025-10-18 15:00:00,3871.98,3878.67,3861.96,3875.88,461236.96
2025-10-18 15:00:00,3871.98,3878.67,3861.96,3875.88,461236.96
2025-10-18 15:00:00,3871.98,3878.67,3861.96,3875.88,461236.96
2025-10-18 15:00:00,3871.98,3878.67,3861.96,3875.88,461236.96
2025-10-18 15:00:00,3871.98,3878.67,3861.96,3875.88,461236.96
2025-10-18 15:00:00,3871.98,3878.67,3861.96,3875.88,461236.96
2025-10-18 15:00:00,3871.98,3878.67,3861.96,3875.88,461236.96
2025-10-18 15:00:00,3871.98,3878.67,3861.96,3875.88,461236.96
2025-10-18 15:00:00,3871.98,3878.67,3861.96,3875.88,461236.96
2025-10-18 15:00:00,3871.98,3878.67,3861.96,3875.88,461236.96
2025-10-18 15:00:00,3871.98,3878.67,3861.96,3875.88,461236.96
2025-10-18 15:00:00,3871.98,3878.67,3861.96,3875.88,461236.96
2025-10-18 15:00:00,3871.98,3878.67,3861.96,3875.88,461236.96
2025-10-18 15:00:00,3871.98,3878.67,3861.96,3875.88,461236.96
2025-10-18 16:00:00,3875.88,3880.98,3851.24,3863.39,650034.23
2025-10-18 16:00:00,3875.88,3880.98,3851.24,3863.39,650034.23
2025-10-18 16:00:00,3875.88,3880.98,3851.24,3863.39,650034.23
2025-10-18 16:00:00,3875.88,3880.98,3851.24,3863.39,650034.23
2025-10-18 16:00:00,3875.88,3880.98,3851.24,3863.39,650034.23
2025-10-18 16:00:00,3875.88,3880.98,3851.24,3863.39,650034.23
2025-10-18 16:00:00,3875.88,3880.98,3851.24,3863.39,650034.23
2025-10-18 16:00:00,3875.88,3880.98,3851.24,3863.39,650034.23
2025-10-18 16:00:00,3875.88,3880.98,3851.24,3863.39,650034.23
2025-10-18 16:00:00,3875.88,3880.98,3851.24,3863.39,650034.23
2025-10-18 16:00:00,3875.88,3880.98,3851.24,3863.39,650034.23
2025-10-18 16:00:00,3875.88,3880.98,3851.24,3863.39,650034.23
2025-10-18 16:00:00,3875.88,3880.98,3851.24,3863.39,650034.23
2025-10-18 16:00:00,3875.88,3880.98,3851.24,3863.39,650034.23
2025-10-18 16:00:00,3875.88,3880.98,3851.24,3863.39,650034.23
2025-10-18 17:00:00,3863.39,3897.89,3855.99,3892.03,944755.92
2025-10-18 17:00:00,3863.39,3897.89,3855.99,3892.03,944755.92
2025-10-18 17:00:00,3863.39,3897.89,3855.99,3892.03,944755.92
2025-10-18 17:00:00,3863.39,3897.89,3855.99,3892.03,944755.92
2025-10-18 17:00:00,3863.39,3897.89,3855.99,3892.03,944755.92
2025-10-18 17:00:00,3863.39,3897.89,3855.99,3892.03,944755.92
2025-10-18 17:00:00,3863.39,3897.89,3855.99,3892.03,944755.92
2025-10-18 17:00:00,3863.39,3897.89,3855.99,3892.03,944755.92
2025-10-18 17:00:00,3863.39,3897.89,3855.99,3892.03,944755.92
2025-10-18 17:00:00,3863.39,3897.89,3855.99,3892.03,944755.92
2025-10-18 17:00:00,3863.39,3897.89,3855.99,3892.03,944755.92
2025-10-18 17:00:00,3863.39,3897.89,3855.99,3892.03,944755.92
2025-10-18 17:00:00,3863.39,3897.89,3855.99,3892.03,944755.92
2025-10-18 17:00:00,3863.39,3897.89,3855.99,3892.03,944755.92
2025-10-18 17:00:00,3863.39,3897.89,3855.99,3892.03,944755.92
2025-10-18 18:00:00,3892.02,3897.21,3881.01,3886.92,323941.76
2025-10-18 18:00:00,3892.02,3897.21,3881.01,3886.92,323941.76
2025-10-18 18:00:00,3892.02,3897.21,3881.01,3886.92,323941.76
2025-10-18 18:00:00,3892.02,3897.21,3881.01,3886.92,323941.76
2025-10-18 18:00:00,3892.02,3897.21,3881.01,3886.92,323941.76
2025-10-18 18:00:00,3892.02,3897.21,3881.01,3886.92,323941.76
2025-10-18 18:00:00,3892.02,3897.21,3881.01,3886.92,323941.76
2025-10-18 18:00:00,3892.02,3897.21,3881.01,3886.92,323941.76
2025-10-18 18:00:00,3892.02,3897.21,3881.01,3886.92,323941.76
2025-10-18 18:00:00,3892.02,3897.21,3881.01,3886.92,323941.76
2025-10-18 18:00:00,3892.02,3897.21,3881.01,3886.92,323941.76
2025-10-18 18:00:00,3892.02,3897.21,3881.01,3886.92,323941.76
2025-10-18 18:00:00,3892.02,3897.21,3881.01,3886.92,323941.76
2025-10-18 18:00:00,3892.02,3897.21,3881.01,3886.92,323941.76
2025-10-18 18:00:00,3892.02,3897.21,3881.01,3886.92,323941.76
2025-10-18 19:00:00,3886.92,3892.98,3880.41,3891.41,167785.14
2025-10-18 19:00:00,3886.92,3892.98,3880.41,3891.41,167785.14
2025-10-18 19:00:00,3886.92,3892.98,3880.41,3891.41,167785.14
2025-10-18 19:00:00,3886.92,3892.98,3880.41,3891.41,167785.14
2025-10-18 19:00:00,3886.92,3892.98,3880.41,3891.41,167785.14
2025-10-18 19:00:00,3886.92,3892.98,3880.41,3891.41,167785.14
2025-10-18 19:00:00,3886.92,3892.98,3880.41,3891.41,167785.14
2025-10-18 19:00:00,3886.92,3892.98,3880.41,3891.41,167785.14
2025-10-18 19:00:00,3886.92,3892.98,3880.41,3891.41,167785.14
2025-10-18 19:00:00,3886.92,3892.98,3880.41,3891.41,167785.14
2025-10-18 19:00:00,3886.92,3892.98,3880.41,3891.41,167785.14
2025-10-18 19:00:00,3886.92,3892.98,3880.41,3891.41,167785.14
2025-10-18 19:00:00,3886.92,3892.98,3880.41,3891.41,167785.14
2025-10-18 19:00:00,3886.92,3892.98,3880.41,3891.41,167785.14
2025-10-18 19:00:00,3886.92,3892.98,3880.41,3891.41,167785.14
2025-10-18 20:00:00,3891.41,3909.17,3883.34,3883.56,549852.06
2025-10-18 20:00:00,3891.41,3909.17,3883.34,3883.56,549852.06
2025-10-18 20:00:00,3891.41,3909.17,3883.34,3883.56,549852.06
2025-10-18 20:00:00,3891.41,3909.17,3883.34,3883.56,549852.06
2025-10-18 20:00:00,3891.41,3909.17,3883.34,3883.56,549852.06
2025-10-18 20:00:00,3891.41,3909.17,3883.34,3883.56,549852.06
2025-10-18 20:00:00,3891.41,3909.17,3883.34,3883.56,549852.06
2025-10-18 20:00:00,3891.41,3909.17,3883.34,3883.56,549852.06
2025-10-18 20:00:00,3891.41,3909.17,3883.34,3883.56,549852.06
2025-10-18 20:00:00,3891.41,3909.17,3883.34,3883.56,549852.06
2025-10-18 20:00:00,3891.41,3909.17,3883.34,3883.56,549852.06
2025-10-18 20:00:00,3891.41,3909.17,3883.34,3883.56,549852.06
2025-10-18 20:00:00,3891.41,3909.17,3883.34,3883.56,549852.06
2025-10-18 20:00:00,3891.41,3909.17,3883.34,3883.56,549852.06
2025-10-18 20:00:00,3891.41,3909.17,3883.34,3883.56,549852.06
2025-10-18 21:00:00,3883.59,3894.88,3866.66,3889.64,513739.17
2025-10-18 21:00:00,3883.59,3894.88,3866.66,3889.64,513739.17
2025-10-18 21:00:00,3883.59,3894.88,3866.66,3889.64,513739.17
2025-10-18 21:00:00,3883.59,3894.88,3866.66,3889.64,513739.17
2025-10-18 21:00:00,3883.59,3894.88,3866.66,3889.64,513739.17
2025-10-18 21:00:00,3883.59,3894.88,3866.66,3889.64,513739.17
2025-10-18 21:00:00,3883.59,3894.88,3866.66,3889.64,513739.17
2025-10-18 21:00:00,3883.59,3894.88,3866.66,3889.64,513739.17
2025-10-18 21:00:00,3883.59,3894.88,3866.66,3889.64,513739.17
2025-10-18 21:00:00,3883.59,3894.88,3866.66,3889.64,513739.17
2025-10-18 21:00:00,3883.59,3894.88,3866.66,3889.64,513739.17
2025-10-18 21:00:00,3883.59,3894.88,3866.66,3889.64,513739.17
2025-10-18 21:00:00,3883.59,3894.88,3866.66,3889.64,513739.17
2025-10-18 21:00:00,3883.59,3894.88,3866.66,3889.64,513739.17
2025-10-18 21:00:00,3883.59,3894.88,3866.66,3889.64,513739.17
2025-10-18 22:00:00,3889.65,3893.39,3881.0,3883.61,158699.3
2025-10-18 22:00:00,3889.65,3893.39,3881.0,3883.61,158699.3
2025-10-18 22:00:00,3889.65,3893.39,3881.0,3883.61,158699.3
2025-10-18 22:00:00,3889.65,3893.39,3881.0,3883.61,158699.3
2025-10-18 22:00:00,3889.65,3893.39,3881.0,3883.61,158699.3
2025-10-18 22:00:00,3889.65,3893.39,3881.0,3883.61,158699.3
2025-10-18 22:00:00,3889.65,3893.39,3881.0,3883.61,158699.3
2025-10-18 22:00:00,3889.65,3893.39,3881.0,3883.61,158699.3
2025-10-18 22:00:00,3889.65,3893.39,3881.0,3883.61,158699.3
2025-10-18 22:00:00,3889.65,3893.39,3881.0,3883.61,158699.3
2025-10-18 22:00:00,3889.65,3893.39,3881.0,3883.61,158699.3
2025-10-18 22:00:00,3889.65,3893.39,3881.0,3883.61,158699.3
2025-10-18 22:00:00,3889.65,3893.39,3881.0,3883.61,158699.3
2025-10-18 22:00:00,3889.65,3893.39,3881.0,3883.61,158699.3
2025-10-18 22:00:00,3889.65,3893.39,3881.0,3883.61,158699.3
2025-10-18 23:00:00,3883.6,3887.99,3878.48,3886.5,181133.79
2025-10-18 23:00:00,3883.6,3887.99,3878.48,3886.5,181133.79
2025-10-18 23:00:00,3883.6,3887.99,3878.48,3886.5,181133.79
2025-10-18 23:00:00,3883.6,3887.99,3878.48,3886.5,181133.79
2025-10-18 23:00:00,3883.6,3887.99,3878.48,3886.5,181133.79
2025-10-18 23:00:00,3883.6,3887.99,3878.48,3886.5,181133.79
2025-10-18 23:00:00,3883.6,3887.99,3878.48,3886.5,181133.79
2025-10-18 23:00:00,3883.6,3887.99,3878.48,3886.5,181133.79
2025-10-18 23:00:00,3883.6,3887.99,3878.48,3886.5,181133.79
2025-10-18 23:00:00,3883.6,3887.99,3878.48,3886.5,181133.79
2025-10-18 23:00:00,3883.6,3887.99,3878.48,3886.5,181133.79
2025-10-18 23:00:00,3883.6,3887.99,3878.48,3886.5,181133.79
2025-10-18 23:00:00,3883.6,3887.99,3878.48,3886.5,181133.79
2025-10-18 23:00:00,3883.6,3887.99,3878.48,3886.5,181133.79
2025-10-18 23:00:00,3883.6,3887.99,3878.48,3886.5,181133.79
2025-10-19 00:00:00,3886.49,3890.85,3860.23,3867.39,463320.91
2025-10-19 00:00:00,3886.49,3890.85,3860.23,3867.39,463320.91
2025-10-19 00:00:00,3886.49,3890.85,3860.23,3867.39,463320.91
2025-10-19 00:00:00,3886.49,3890.85,3860.23,3867.39,463320.91
2025-10-19 00:00:00,3886.49,3890.85,3860.23,3867.39,463320.91
2025-10-19 00:00:00,3886.49,3890.85,3860.23,3867.39,463320.91
2025-10-19 00:00:00,3886.49,3890.85,3860.23,3867.39,463320.91
2025-10-19 00:00:00,3886.49,3890.85,3860.23,3867.39,463320.91
2025-10-19 00:00:00,3886.49,3890.85,3860.23,3867.39,463320.91
2025-10-19 00:00:00,3886.49,3890.85,3860.23,3867.39,463320.91
2025-10-19 00:00:00,3886.49,3890.85,3860.23,3867.39,463320.91
2025-10-19 00:00:00,3886.49,3890.85,3860.23,3867.39,463320.91
2025-10-19 00:00:00,3886.49,3890.85,3860.23,3867.39,463320.91
2025-10-19 00:00:00,3886.49,3890.85,3860.23,3867.39,463320.91
2025-10-19 00:00:00,3886.49,3890.85,3860.23,3867.39,463320.91
2025-10-19 01:00:00,3867.38,3875.38,3853.86,3872.66,440548.65
2025-10-19 01:00:00,3867.38,3875.38,3853.86,3872.66,440548.65
2025-10-19 01:00:00,3867.38,3875.38,3853.86,3872.66,440548.65
2025-10-19 01:00:00,3867.38,3875.38,3853.86,3872.66,440548.65
2025-10-19 01:00:00,3867.38,3875.38,3853.86,3872.66,440548.65
2025-10-19 01:00:00,3867.38,3875.38,3853.86,3872.66,440548.65
2025-10-19 01:00:00,3867.38,3875.38,3853.86,3872.66,440548.65
2025-10-19 01:00:00,3867.38,3875.38,3853.86,3872.66,440548.65
2025-10-19 01:00:00,3867.38,3875.38,3853.86,3872.66,440548.65
2025-10-19 01:00:00,3867.38,3875.38,3853.86,3872.66,440548.65
2025-10-19 01:00:00,3867.38,3875.38,3853.86,3872.66,440548.65
2025-10-19 01:00:00,3867.38,3875.38,3853.86,3872.66,440548.65
2025-10-19 01:00:00,3867.38,3875.38,3853.86,3872.66,440548.65
2025-10-19 01:00:00,3867.38,3875.38,3853.86,3872.66,440548.65
2025-10-19 01:00:00,3867.38,3875.38,3853.86,3872.66,440548.65
2025-10-19 02:00:00,3872.66,3874.87,3863.5,3871.36,259172.27
2025-10-19 02:00:00,3872.66,3874.87,3863.5,3871.36,259172.27
2025-10-19 02:00:00,3872.66,3874.87,3863.5,3871.36,259172.27
2025-10-19 02:00:00,3872.66,3874.87,3863.5,3871.36,259172.27
2025-10-19 02:00:00,3872.66,3874.87,3863.5,3871.36,259172.27
2025-10-19 02:00:00,3872.66,3874.87,3863.5,3871.36,259172.27
2025-10-19 02:00:00,3872.66,3874.87,3863.5,3871.36,259172.27
2025-10-19 02:00:00,3872.66,3874.87,3863.5,3871.36,259172.27
2025-10-19 02:00:00,3872.66,3874.87,3863.5,3871.36,259172.27
2025-10-19 02:00:00,3872.66,3874.87,3863.5,3871.36,259172.27
2025-10-19 02:00:00,3872.66,3874.87,3863.5,3871.36,259172.27
2025-10-19 02:00:00,3872.66,3874.87,3863.5,3871.36,259172.27
2025-10-19 02:00:00,3872.66,3874.87,3863.5,3871.36,259172.27
2025-10-19 02:00:00,3872.66,3874.87,3863.5,3871.36,259172.27
2025-10-19 02:00:00,3872.66,3874.87,3863.5,3871.36,259172.27
2025-10-19 03:00:00,3871.37,3904.93,3866.53,3904.0,872866.56
2025-10-19 03:00:00,3871.37,3904.93,3866.53,3904.0,872866.56
2025-10-19 03:00:00,3871.37,3904.93,3866.53,3904.0,872866.56
2025-10-19 03:00:00,3871.37,3904.93,3866.53,3904.0,872866.56
2025-10-19 03:00:00,3871.37,3904.93,3866.53,3904.0,872866.56
2025-10-19 03:00:00,3871.37,3904.93,3866.53,3904.0,872866.56
2025-10-19 03:00:00,3871.37,3904.93,3866.53,3904.0,872866.56
2025-10-19 03:00:00,3871.37,3904.93,3866.53,3904.0,872866.56
2025-10-19 03:00:00,3871.37,3904.93,3866.53,3904.0,872866.56
2025-10-19 03:00:00,3871.37,3904.93,3866.53,3904.0,872866.56
2025-10-19 03:00:00,3871.37,3904.93,3866.53,3904.0,872866.56
2025-10-19 03:00:00,3871.37,3904.93,3866.53,3904.0,872866.56
2025-10-19 03:00:00,3871.37,3904.93,3866.53,3904.0,872866.56
2025-10-19 03:00:00,3871.37,3904.93,3866.53,3904.0,872866.56
2025-10-19 03:00:00,3871.37,3904.93,3866.53,3904.0,872866.56
2025-10-19 04:00:00,3903.99,3906.63,3889.33,3900.79,446422.49
2025-10-19 04:00:00,3903.99,3906.63,3889.33,3900.79,446422.49
2025-10-19 04:00:00,3903.99,3906.63,3889.33,3900.79,446422.49
2025-10-19 04:00:00,3903.99,3906.63,3889.33,3900.79,446422.49
2025-10-19 04:00:00,3903.99,3906.63,3889.33,3900.79,446422.49
2025-10-19 04:00:00,3903.99,3906.63,3889.33,3900.79,446422.49
2025-10-19 04:00:00,3903.99,3906.63,3889.33,3900.79,446422.49
2025-10-19 04:00:00,3903.99,3906.63,3889.33,3900.79,446422.49
2025-10-19 04:00:00,3903.99,3906.63,3889.33,3900.79,446422.49
2025-10-19 04:00:00,3903.99,3906.63,3889.33,3900.79,446422.49
2025-10-19 04:00:00,3903.99,3906.63,3889.33,3900.79,446422.49
2025-10-19 04:00:00,3903.99,3906.63,3889.33,3900.79,446422.49
2025-10-19 04:00:00,3903.99,3906.63,3889.33,3900.79,446422.49
2025-10-19 04:00:00,3903.99,3906.63,3889.33,3900.79,446422.49
2025-10-19 04:00:00,3903.99,3906.63,3889.33,3900.79,446422.49
2025-10-19 05:00:00,3900.8,3918.86,3891.67,3894.66,820673.08
2025-10-19 05:00:00,3900.8,3918.86,3891.67,3894.66,820673.08
2025-10-19 05:00:00,3900.8,3918.86,3891.67,3894.66,820673.08
2025-10-19 05:00:00,3900.8,3918.86,3891.67,3894.66,820673.08
2025-10-19 05:00:00,3900.8,3918.86,3891.67,3894.66,820673.08
2025-10-19 05:00:00,3900.8,3918.86,3891.67,3894.66,820673.08
2025-10-19 05:00:00,3900.8,3918.86,3891.67,3894.66,820673.08
2025-10-19 05:00:00,3900.8,3918.86,3891.67,3894.66,820673.08
2025-10-19 05:00:00,3900.8,3918.86,3891.67,3894.66,820673.08
2025-10-19 05:00:00,3900.8,3918.86,3891.67,3894.66,820673.08
2025-10-19 05:00:00,3900.8,3918.86,3891.67,3894.66,820673.08
2025-10-19 05:00:00,3900.8,3918.86,3891.67,3894.66,820673.08
2025-10-19 05:00:00,3900.8,3918.86,3891.67,3894.66,820673.08
2025-10-19 05:00:00,3900.8,3918.86,3891.67,3894.66,820673.08
2025-10-19 05:00:00,3900.8,3918.86,3891.67,3894.66,820673.08
2025-10-19 06:00:00,3894.65,3898.64,3872.05,3879.48,682594.88
2025-10-19 06:00:00,3894.65,3898.64,3872.05,3879.48,682594.88
2025-10-19 06:00:00,3894.65,3898.64,3872.05,3879.48,682594.88
2025-10-19 06:00:00,3894.65,3898.64,3872.05,3879.48,682594.88
2025-10-19 06:00:00,3894.65,3898.64,3872.05,3879.48,682594.88
2025-10-19 06:00:00,3894.65,3898.64,3872.05,3879.48,682594.88
2025-10-19 06:00:00,3894.65,3898.64,3872.05,3879.48,682594.88
2025-10-19 06:00:00,3894.65,3898.64,3872.05,3879.48,682594.88
2025-10-19 06:00:00,3894.65,3898.64,3872.05,3879.48,682594.88
2025-10-19 06:00:00,3894.65,3898.64,3872.05,3879.48,682594.88
2025-10-19 06:00:00,3894.65,3898.64,3872.05,3879.48,682594.88
2025-10-19 06:00:00,3894.65,3898.64,3872.05,3879.48,682594.88
2025-10-19 06:00:00,3894.65,3898.64,3872.05,3879.48,682594.88
2025-10-19 06:00:00,3894.65,3898.64,3872.05,3879.48,682594.88
2025-10-19 06:00:00,3894.65,3898.64,3872.05,3879.48,682594.88
2025-10-19 07:00:00,3879.49,3893.16,3875.51,3886.79,479407.09
2025-10-19 07:00:00,3879.49,3893.16,3875.51,3886.79,479407.09
2025-10-19 07:00:00,3879.49,3893.16,3875.51,3886.79,479407.09
2025-10-19 07:00:00,3879.49,3893.16,3875.51,3886.79,479407.09
2025-10-19 07:00:00,3879.49,3893.16,3875.51,3886.79,479407.09
2025-10-19 07:00:00,3879.49,3893.16,3875.51,3886.79,479407.09
2025-10-19 07:00:00,3879.49,3893.16,3875.51,3886.79,479407.09
2025-10-19 07:00:00,3879.49,3893.16,3875.51,3886.79,479407.09
2025-10-19 07:00:00,3879.49,3893.16,3875.51,3886.79,479407.09
2025-10-19 07:00:00,3879.49,3893.16,3875.51,3886.79,479407.09
2025-10-19 07:00:00,3879.49,3893.16,3875.51,3886.79,479407.09
2025-10-19 07:00:00,3879.49,3893.16,3875.51,3886.79,479407.09
2025-10-19 07:00:00,3879.49,3893.16,3875.51,3886.79,479407.09
2025-10-19 07:00:00,3879.49,3893.16,3875.51,3886.79,479407.09
2025-10-19 07:00:00,3879.49,3893.16,3875.51,3886.79,479407.09
2025-10-19 08:00:00,3886.79,3957.14,3824.0,3861.77,3873673.42
2025-10-19 08:00:00,3886.79,3957.14,3824.0,3861.77,3873673.42
2025-10-19 08:00:00,3886.79,3957.14,3824.0,3861.77,3873673.42
2025-10-19 08:00:00,3886.79,3957.14,3824.0,3861.77,3873673.42
2025-10-19 08:00:00,3886.79,3957.14,3824.0,3861.77,3873673.42
2025-10-19 08:00:00,3886.79,3957.14,3824.0,3861.77,3873673.42
2025-10-19 08:00:00,3886.79,3957.14,3824.0,3861.77,3873673.42
2025-10-19 08:00:00,3886.79,3957.14,3824.0,3861.77,3873673.42
2025-10-19 08:00:00,3886.79,3957.14,3824.0,3861.77,3873673.42
2025-10-19 08:00:00,3886.79,3957.14,3824.0,3861.77,3873673.42
2025-10-19 08:00:00,3886.79,3957.14,3824.0,3861.77,3873673.42
2025-10-19 08:00:00,3886.79,3957.14,3824.0,3861.77,3873673.42
2025-10-19 08:00:00,3886.79,3957.14,3824.0,3861.77,3873673.42
2025-10-19 08:00:00,3886.79,3957.14,3824.0,3861.77,3873673.42
2025-10-19 08:00:00,3886.79,3957.14,3824.0,3861.77,3873673.42
2025-10-19 09:00:00,3861.77,3930.0,3847.11,3910.83,2626157.03
2025-10-19 09:00:00,3861.77,3930.0,3847.11,3910.83,2626157.03
2025-10-19 09:00:00,3861.77,3930.0,3847.11,3910.83,2626157.03
2025-10-19 09:00:00,3861.77,3930.0,3847.11,3910.83,2626157.03
2025-10-19 09:00:00,3861.77,3930.0,3847.11,3910.83,2626157.03
2025-10-19 09:00:00,3861.77,3930.0,3847.11,3910.83,2626157.03
2025-10-19 09:00:00,3861.77,3930.0,3847.11,3910.83,2626157.03
2025-10-19 09:00:00,3861.77,3930.0,3847.11,3910.83,2626157.03
2025-10-19 09:00:00,3861.77,3930.0,3847.11,3910.83,2626157.03
2025-10-19 09:00:00,3861.77,3930.0,3847.11,3910.83,2626157.03
2025-10-19 09:00:00,3861.77,3930.0,3847.11,3910.83,2626157.03
2025-10-19 09:00:00,3861.77,3930.0,3847.11,3910.83,2626157.03
2025-10-19 09:00:00,3861.77,3930.0,3847.11,3910.83,2626157.03
2025-10-19 09:00:00,3861.77,3930.0,3847.11,3910.83,2626157.03
2025-10-19 09:00:00,3861.77,3930.0,3847.11,3910.83,2626157.03
2025-10-19 10:00:00,3910.82,3948.0,3896.28,3929.38,1648290.54
2025-10-19 10:00:00,3910.82,3948.0,3896.28,3929.38,1648290.54
2025-10-19 10:00:00,3910.82,3948.0,3896.28,3929.38,1648290.54
2025-10-19 10:00:00,3910.82,3948.0,3896.28,3929.38,1648290.54
2025-10-19 10:00:00,3910.82,3948.0,3896.28,3929.38,1648290.54
2025-10-19 10:00:00,3910.82,3948.0,3896.28,3929.38,1648290.54
2025-10-19 10:00:00,3910.82,3948.0,3896.28,3929.38,1648290.54
2025-10-19 10:00:00,3910.82,3948.0,3896.28,3929.38,1648290.54
2025-10-19 10:00:00,3910.82,3948.0,3896.28,3929.38,1648290.54
2025-10-19 10:00:00,3910.82,3948.0,3896.28,3929.38,1648290.54
2025-10-19 10:00:00,3910.82,3948.0,3896.28,3929.38,1648290.54
2025-10-19 10:00:00,3910.82,3948.0,3896.28,3929.38,1648290.54
2025-10-19 10:00:00,3910.82,3948.0,3896.28,3929.38,1648290.54
2025-10-19 10:00:00,3910.82,3948.0,3896.28,3929.38,1648290.54
2025-10-19 10:00:00,3910.82,3948.0,3896.28,3929.38,1648290.54
2025-10-19 11:00:00,3929.37,3949.95,3911.03,3922.41,1243971.93
2025-10-19 11:00:00,3929.37,3949.95,3911.03,3922.41,1243971.93
2025-10-19 11:00:00,3929.37,3949.95,3911.03,3922.41,1243971.93
2025-10-19 11:00:00,3929.37,3949.95,3911.03,3922.41,1243971.93
2025-10-19 11:00:00,3929.37,3949.95,3911.03,3922.41,1243971.93
2025-10-19 11:00:00,3929.37,3949.95,3911.03,3922.41,1243971.93
2025-10-19 11:00:00,3929.37,3949.95,3911.03,3922.41,1243971.93
2025-10-19 11:00:00,3929.37,3949.95,3911.03,3922.41,1243971.93
2025-10-19 11:00:00,3929.37,3949.95,3911.03,3922.41,1243971.93
2025-10-19 11:00:00,3929.37,3949.95,3911.03,3922.41,1243971.93
2025-10-19 11:00:00,3929.37,3949.95,3911.03,3922.41,1243971.93
2025-10-19 11:00:00,3929.37,3949.95,3911.03,3922.41,1243971.93
2025-10-19 11:00:00,3929.37,3949.95,3911.03,3922.41,1243971.93
2025-10-19 11:00:00,3929.37,3949.95,3911.03,3922.41,1243971.93
2025-10-19 11:00:00,3929.37,3949.95,3911.03,3922.41,1243971.93
2025-10-19 12:00:00,3922.41,3928.9,3906.0,3921.99,691890.04
2025-10-19 12:00:00,3922.41,3928.9,3906.0,3921.99,691890.04
2025-10-19 12:00:00,3922.41,3928.9,3906.0,3921.99,691890.04
2025-10-19 12:00:00,3922.41,3928.9,3906.0,3921.99,691890.04
2025-10-19 12:00:00,3922.41,3928.9,3906.0,3921.99,691890.04
2025-10-19 12:00:00,3922.41,3928.9,3906.0,3921.99,691890.04
2025-10-19 12:00:00,3922.41,3928.9,3906.0,3921.99,691890.04
2025-10-19 12:00:00,3922.41,3928.9,3906.0,3921.99,691890.04
2025-10-19 12:00:00,3922.41,3928.9,3906.0,3921.99,691890.04
2025-10-19 12:00:00,3922.41,3928.9,3906.0,3921.99,691890.04
2025-10-19 12:00:00,3922.41,3928.9,3906.0,3921.99,691890.04
2025-10-19 12:00:00,3922.41,3928.9,3906.0,3921.99,691890.04
2025-10-19 12:00:00,3922.41,3928.9,3906.0,3921.99,691890.04
2025-10-19 12:00:00,3922.41,3928.9,3906.0,3921.99,691890.04
2025-10-19 12:00:00,3922.41,3928.9,3906.0,3921.99,691890.04
2025-10-19 13:00:00,3921.99,3987.75,3911.77,3970.5,1795639.52
2025-10-19 13:00:00,3921.99,3987.75,3911.77,3970.5,1795639.52
2025-10-19 13:00:00,3921.99,3987.75,3911.77,3970.5,1795639.52
2025-10-19 13:00:00,3921.99,3987.75,3911.77,3970.5,1795639.52
2025-10-19 13:00:00,3921.99,3987.75,3911.77,3970.5,1795639.52
2025-10-19 13:00:00,3921.99,3987.75,3911.77,3970.5,1795639.52
2025-10-19 13:00:00,3921.99,3987.75,3911.77,3970.5,1795639.52
2025-10-19 13:00:00,3921.99,3987.75,3911.77,3970.5,1795639.52
2025-10-19 13:00:00,3921.99,3987.75,3911.77,3970.5,1795639.52
2025-10-19 13:00:00,3921.99,3987.75,3911.77,3970.5,1795639.52
2025-10-19 13:00:00,3921.99,3987.75,3911.77,3970.5,1795639.52
2025-10-19 13:00:00,3921.99,3987.75,3911.77,3970.5,1795639.52
2025-10-19 13:00:00,3921.99,3987.75,3911.77,3970.5,1795639.52
2025-10-19 13:00:00,3921.99,3987.75,3911.77,3970.5,1795639.52
2025-10-19 13:00:00,3921.99,3987.75,3911.77,3970.5,1795639.52
2025-10-19 14:00:00,3970.51,4001.95,3952.68,3987.85,2340705.28
2025-10-19 14:00:00,3970.51,4001.95,3952.68,3987.85,2340705.28
2025-10-19 14:00:00,3970.51,4001.95,3952.68,3987.85,2340705.28
2025-10-19 14:00:00,3970.51,4001.95,3952.68,3987.85,2340705.28
2025-10-19 14:00:00,3970.51,4001.95,3952.68,3987.85,2340705.28
2025-10-19 14:00:00,3970.51,4001.95,3952.68,3987.85,2340705.28
2025-10-19 14:00:00,3970.51,4001.95,3952.68,3987.85,2340705.28
2025-10-19 14:00:00,3970.51,4001.95,3952.68,3987.85,2340705.28
2025-10-19 14:00:00,3970.51,4001.95,3952.68,3987.85,2340705.28
2025-10-19 14:00:00,3970.51,4001.95,3952.68,3987.85,2340705.28
2025-10-19 14:00:00,3970.51,4001.95,3952.68,3987.85,2340705.28
2025-10-19 14:00:00,3970.51,4001.95,3952.68,3987.85,2340705.28
2025-10-19 14:00:00,3970.51,4001.95,3952.68,3987.85,2340705.28
2025-10-19 14:00:00,3970.51,4001.95,3952.68,3987.85,2340705.28
2025-10-19 14:00:00,3970.51,4001.95,3952.68,3987.85,2340705.28
2025-10-19 15:00:00,3987.84,3991.0,3971.36,3977.36,596988.63
2025-10-19 15:00:00,3987.84,3991.0,3971.36,3977.36,596988.63
2025-10-19 15:00:00,3987.84,3991.0,3971.36,3977.36,596988.63
2025-10-19 15:00:00,3987.84,3991.0,3971.36,3977.36,596988.63
2025-10-19 15:00:00,3987.84,3991.0,3971.36,3977.36,596988.63
2025-10-19 15:00:00,3987.84,3991.0,3971.36,3977.36,596988.63
2025-10-19 15:00:00,3987.84,3991.0,3971.36,3977.36,596988.63
2025-10-19 15:00:00,3987.84,3991.0,3971.36,3977.36,596988.63
2025-10-19 15:00:00,3987.84,3991.0,3971.36,3977.36,596988.63
2025-10-19 15:00:00,3987.84,3991.0,3971.36,3977.36,596988.63
2025-10-19 15:00:00,3987.84,3991.0,3971.36,3977.36,596988.63
2025-10-19 15:00:00,3987.84,3991.0,3971.36,3977.36,596988.63
2025-10-19 15:00:00,3987.84,3991.0,3971.36,3977.36,596988.63
2025-10-19 15:00:00,3987.84,3991.0,3971.36,3977.36,596988.63
2025-10-19 15:00:00,3987.84,3991.0,3971.36,3977.36,596988.63
2025-10-19 16:00:00,3977.36,3987.47,3956.48,3979.66,946471.57
2025-10-19 16:00:00,3977.36,3987.47,3956.48,3979.66,946471.57
2025-10-19 16:00:00,3977.36,3987.47,3956.48,3979.66,946471.57
2025-10-19 16:00:00,3977.36,3987.47,3956.48,3979.66,946471.57
2025-10-19 16:00:00,3977.36,3987.47,3956.48,3979.66,946471.57
2025-10-19 16:00:00,3977.36,3987.47,3956.48,3979.66,946471.57
2025-10-19 16:00:00,3977.36,3987.47,3956.48,3979.66,946471.57
2025-10-19 16:00:00,3977.36,3987.47,3956.48,3979.66,946471.57
2025-10-19 16:00:00,3977.36,3987.47,3956.48,3979.66,946471.57
2025-10-19 16:00:00,3977.36,3987.47,3956.48,3979.66,946471.57
2025-10-19 16:00:00,3977.36,3987.47,3956.48,3979.66,946471.57
2025-10-19 16:00:00,3977.36,3987.47,3956.48,3979.66,946471.57
2025-10-19 16:00:00,3977.36,3987.47,3956.48,3979.66,946471.57
2025-10-19 16:00:00,3977.36,3987.47,3956.48,3979.66,946471.57
2025-10-19 16:00:00,3977.36,3987.47,3956.48,3979.66,946471.57
2025-10-19 17:00:00,3979.66,4026.66,3978.99,3991.9,2004002.61
2025-10-19 17:00:00,3979.66,4026.66,3978.99,3991.9,2004002.61
2025-10-19 17:00:00,3979.66,4026.66,3978.99,3991.9,2004002.61
2025-10-19 17:00:00,3979.66,4026.66,3978.99,3991.9,2004002.61
2025-10-19 17:00:00,3979.66,4026.66,3978.99,3991.9,2004002.61
2025-10-19 17:00:00,3979.66,4026.66,3978.99,3991.9,2004002.61
2025-10-19 17:00:00,3979.66,4026.66,3978.99,3991.9,2004002.61
2025-10-19 17:00:00,3979.66,4026.66,3978.99,3991.9,2004002.61
2025-10-19 17:00:00,3979.66,4026.66,3978.99,3991.9,2004002.61
2025-10-19 17:00:00,3979.66,4026.66,3978.99,3991.9,2004002.61
2025-10-19 17:00:00,3979.66,4026.66,3978.99,3991.9,2004002.61
2025-10-19 17:00:00,3979.66,4026.66,3978.99,3991.9,2004002.61
2025-10-19 17:00:00,3979.66,4026.66,3978.99,3991.9,2004002.61
2025-10-19 17:00:00,3979.66,4026.66,3978.99,3991.9,2004002.61
2025-10-19 17:00:00,3979.66,4026.66,3978.99,3991.9,2004002.61
2025-10-19 18:00:00,3991.9,4004.59,3984.43,4000.0,615603.81
2025-10-19 18:00:00,3991.9,4004.59,3984.43,4000.0,615603.81
2025-10-19 18:00:00,3991.9,4004.59,3984.43,4000.0,615603.81
2025-10-19 18:00:00,3991.9,4004.59,3984.43,4000.0,615603.81
2025-10-19 18:00:00,3991.9,4004.59,3984.43,4000.0,615603.81
2025-10-19 18:00:00,3991.9,4004.59,3984.43,4000.0,615603.81
2025-10-19 18:00:00,3991.9,4004.59,3984.43,4000.0,615603.81
2025-10-19 18:00:00,3991.9,4004.59,3984.43,4000.0,615603.81
2025-10-19 18:00:00,3991.9,4004.59,3984.43,4000.0,615603.81
2025-10-19 18:00:00,3991.9,4004.59,3984.43,4000.0,615603.81
2025-10-19 18:00:00,3991.9,4004.59,3984.43,4000.0,615603.81
2025-10-19 18:00:00,3991.9,4004.59,3984.43,4000.0,615603.81
2025-10-19 18:00:00,3991.9,4004.59,3984.43,4000.0,615603.81
2025-10-19 18:00:00,3991.9,4004.59,3984.43,4000.0,615603.81
2025-10-19 18:00:00,3991.9,4004.59,3984.43,4000.0,615603.81
2025-10-19 19:00:00,4000.0,4003.68,3976.21,3984.37,511676.37
2025-10-19 19:00:00,4000.0,4003.68,3976.21,3984.37,511676.37
2025-10-19 19:00:00,4000.0,4003.68,3976.21,3984.37,511676.37
2025-10-19 19:00:00,4000.0,4003.68,3976.21,3984.37,511676.37
2025-10-19 19:00:00,4000.0,4003.68,3976.21,3984.37,511676.37
2025-10-19 19:00:00,4000.0,4003.68,3976.21,3984.37,511676.37
2025-10-19 19:00:00,4000.0,4003.68,3976.21,3984.37,511676.37
2025-10-19 19:00:00,4000.0,4003.68,3976.21,3984.37,511676.37
2025-10-19 19:00:00,4000.0,4003.68,3976.21,3984.37,511676.37
2025-10-19 19:00:00,4000.0,4003.68,3976.21,3984.37,511676.37
2025-10-19 19:00:00,4000.0,4003.68,3976.21,3984.37,511676.37
2025-10-19 19:00:00,4000.0,4003.68,3976.21,3984.37,511676.37
2025-10-19 19:00:00,4000.0,4003.68,3976.21,3984.37,511676.37
2025-10-19 19:00:00,4000.0,4003.68,3976.21,3984.37,511676.37
2025-10-19 19:00:00,4000.0,4003.68,3976.21,3984.37,511676.37
2025-10-19 20:00:00,3984.38,4002.56,3973.15,3999.38,527624.81
2025-10-19 20:00:00,3984.38,4002.56,3973.15,3999.38,527624.81
2025-10-19 20:00:00,3984.38,4002.56,3973.15,3999.38,527624.81
2025-10-19 20:00:00,3984.38,4002.56,3973.15,3999.38,527624.81
2025-10-19 20:00:00,3984.38,4002.56,3973.15,3999.38,527624.81
2025-10-19 20:00:00,3984.38,4002.56,3973.15,3999.38,527624.81
2025-10-19 20:00:00,3984.38,4002.56,3973.15,3999.38,527624.81
2025-10-19 20:00:00,3984.38,4002.56,3973.15,3999.38,527624.81
2025-10-19 20:00:00,3984.38,4002.56,3973.15,3999.38,527624.81
2025-10-19 20:00:00,3984.38,4002.56,3973.15,3999.38,527624.81
2025-10-19 20:00:00,3984.38,4002.56,3973.15,3999.38,527624.81
2025-10-19 20:00:00,3984.38,4002.56,3973.15,3999.38,527624.81
2025-10-19 20:00:00,3984.38,4002.56,3973.15,3999.38,527624.81
2025-10-19 20:00:00,3984.38,4002.56,3973.15,3999.38,527624.81
2025-10-19 20:00:00,3984.38,4002.56,3973.15,3999.38,527624.81
2025-10-19 21:00:00,3999.38,4002.96,3983.0,3996.16,417918.96
2025-10-19 21:00:00,3999.38,4002.96,3983.0,3996.16,417918.96
2025-10-19 21:00:00,3999.38,4002.96,3983.0,3996.16,417918.96
2025-10-19 21:00:00,3999.38,4002.96,3983.0,3996.16,417918.96
2025-10-19 21:00:00,3999.38,4002.96,3983.0,3996.16,417918.96
2025-10-19 21:00:00,3999.38,4002.96,3983.0,3996.16,417918.96
2025-10-19 21:00:00,3999.38,4002.96,3983.0,3996.16,417918.96
2025-10-19 21:00:00,3999.38,4002.96,3983.0,3996.16,417918.96
2025-10-19 21:00:00,3999.38,4002.96,3983.0,3996.16,417918.96
2025-10-19 21:00:00,3999.38,4002.96,3983.0,3996.16,417918.96
2025-10-19 21:00:00,3999.38,4002.96,3983.0,3996.16,417918.96
2025-10-19 21:00:00,3999.38,4002.96,3983.0,3996.16,417918.96
2025-10-19 21:00:00,3999.38,4002.96,3983.0,3996.16,417918.96
2025-10-19 21:00:00,3999.38,4002.96,3983.0,3996.16,417918.96
2025-10-19 21:00:00,3999.38,4002.96,3983.0,3996.16,417918.96
2025-10-19 22:00:00,3996.16,4029.68,3986.28,4018.55,861989.39
2025-10-19 22:00:00,3996.16,4029.68,3986.28,4018.55,861989.39
2025-10-19 22:00:00,3996.16,4029.68,3986.28,4018.55,861989.39
2025-10-19 22:00:00,3996.16,4029.68,3986.28,4018.55,861989.39
2025-10-19 22:00:00,3996.16,4029.68,3986.28,4018.55,861989.39
2025-10-19 22:00:00,3996.16,4029.68,3986.28,4018.55,861989.39
2025-10-19 22:00:00,3996.16,4029.68,3986.28,4018.55,861989.39
2025-10-19 22:00:00,3996.16,4029.68,3986.28,4018.55,861989.39
2025-10-19 22:00:00,3996.16,4029.68,3986.28,4018.55,861989.39
2025-10-19 22:00:00,3996.16,4029.68,3986.28,4018.55,861989.39
2025-10-19 22:00:00,3996.16,4029.68,3986.28,4018.55,861989.39
2025-10-19 22:00:00,3996.16,4029.68,3986.28,4018.55,861989.39
2025-10-19 22:00:00,3996.16,4029.68,3986.28,4018.55,861989.39
2025-10-19 22:00:00,3996.16,4029.68,3986.28,4018.55,861989.39
2025-10-19 22:00:00,3996.16,4029.68,3986.28,4018.55,861989.39
2025-10-19 23:00:00,4018.55,4018.56,3967.3,3980.8,1085348.38
2025-10-19 23:00:00,4018.55,4018.56,3967.3,3980.8,1085348.38
2025-10-19 23:00:00,4018.55,4018.56,3967.3,3980.8,1085348.38
2025-10-19 23:00:00,4018.55,4018.56,3967.3,3980.8,1085348.38
2025-10-19 23:00:00,4018.55,4018.56,3967.3,3980.8,1085348.38
2025-10-19 23:00:00,4018.55,4018.56,3967.3,3980.8,1085348.38
2025-10-19 23:00:00,4018.55,4018.56,3967.3,3980.8,1085348.38
2025-10-19 23:00:00,4018.55,4018.56,3967.3,3980.8,1085348.38
2025-10-19 23:00:00,4018.55,4018.56,3967.3,3980.8,1085348.38
2025-10-19 23:00:00,4018.55,4018.56,3967.3,3980.8,1085348.38
2025-10-19 23:00:00,4018.55,4018.56,3967.3,3980.8,1085348.38
2025-10-19 23:00:00,4018.55,4018.56,3967.3,3980.8,1085348.38
2025-10-19 23:00:00,4018.55,4018.56,3967.3,3980.8,1085348.38
2025-10-19 23:00:00,4018.55,4018.56,3967.3,3980.8,1085348.38
2025-10-19 23:00:00,4018.55,4018.56,3967.3,3980.8,1085348.38
2025-10-20 00:00:00,3980.79,3980.82,3905.71,3939.88,2401443.75
2025-10-20 00:00:00,3980.79,3980.82,3905.71,3939.88,2401443.75
2025-10-20 00:00:00,3980.79,3980.82,3905.71,3939.88,2401443.75
2025-10-20 00:00:00,3980.79,3980.82,3905.71,3939.88,2401443.75
2025-10-20 00:00:00,3980.79,3980.82,3905.71,3939.88,2401443.75
2025-10-20 00:00:00,3980.79,3980.82,3905.71,3939.88,2401443.75
2025-10-20 00:00:00,3980.79,3980.82,3905.71,3939.88,2401443.75
2025-10-20 00:00:00,3980.79,3980.82,3905.71,3939.88,2401443.75
2025-10-20 00:00:00,3980.79,3980.82,3905.71,3939.88,2401443.75
2025-10-20 00:00:00,3980.79,3980.82,3905.71,3939.88,2401443.75
2025-10-20 00:00:00,3980.79,3980.82,3905.71,3939.88,2401443.75
2025-10-20 00:00:00,3980.79,3980.82,3905.71,3939.88,2401443.75
2025-10-20 00:00:00,3980.79,3980.82,3905.71,3939.88,2401443.75
2025-10-20 00:00:00,3980.79,3980.82,3905.71,3939.88,2401443.75
2025-10-20 00:00:00,3980.79,3980.82,3905.71,3939.88,2401443.75
2025-10-20 01:00:00,3939.88,3952.9,3928.19,3936.37,903186.1
2025-10-20 01:00:00,3939.88,3952.9,3928.19,3936.37,903186.1
2025-10-20 01:00:00,3939.88,3952.9,3928.19,3936.37,903186.1
2025-10-20 01:00:00,3939.88,3952.9,3928.19,3936.37,903186.1
2025-10-20 01:00:00,3939.88,3952.9,3928.19,3936.37,903186.1
2025-10-20 01:00:00,3939.88,3952.9,3928.19,3936.37,903186.1
2025-10-20 01:00:00,3939.88,3952.9,3928.19,3936.37,903186.1
2025-10-20 01:00:00,3939.88,3952.9,3928.19,3936.37,903186.1
2025-10-20 01:00:00,3939.88,3952.9,3928.19,3936.37,903186.1
2025-10-20 01:00:00,3939.88,3952.9,3928.19,3936.37,903186.1
2025-10-20 01:00:00,3939.88,3952.9,3928.19,3936.37,903186.1
2025-10-20 01:00:00,3939.88,3952.9,3928.19,3936.37,903186.1
2025-10-20 01:00:00,3939.88,3952.9,3928.19,3936.37,903186.1
2025-10-20 01:00:00,3939.88,3952.9,3928.19,3936.37,903186.1
2025-10-20 01:00:00,3939.88,3952.9,3928.19,3936.37,903186.1
2025-10-20 02:00:00,3936.38,3965.0,3917.06,3955.0,1297086.07
2025-10-20 02:00:00,3936.38,3965.0,3917.06,3955.0,1297086.07
2025-10-20 02:00:00,3936.38,3965.0,3917.06,3955.0,1297086.07
2025-10-20 02:00:00,3936.38,3965.0,3917.06,3955.0,1297086.07
2025-10-20 02:00:00,3936.38,3965.0,3917.06,3955.0,1297086.07
2025-10-20 02:00:00,3936.38,3965.0,3917.06,3955.0,1297086.07
2025-10-20 02:00:00,3936.38,3965.0,3917.06,3955.0,1297086.07
2025-10-20 02:00:00,3936.38,3965.0,3917.06,3955.0,1297086.07
2025-10-20 02:00:00,3936.38,3965.0,3917.06,3955.0,1297086.07
2025-10-20 02:00:00,3936.38,3965.0,3917.06,3955.0,1297086.07
2025-10-20 02:00:00,3936.38,3965.0,3917.06,3955.0,1297086.07
2025-10-20 02:00:00,3936.38,3965.0,3917.06,3955.0,1297086.07
2025-10-20 02:00:00,3936.38,3965.0,3917.06,3955.0,1297086.07
2025-10-20 02:00:00,3936.38,3965.0,3917.06,3955.0,1297086.07
2025-10-20 02:00:00,3936.38,3965.0,3917.06,3955.0,1297086.07
2025-10-20 03:00:00,3954.99,4038.96,3944.76,4025.45,1821172.82
2025-10-20 03:00:00,3954.99,4038.96,3944.76,4025.45,1821172.82
2025-10-20 03:00:00,3954.99,4038.96,3944.76,4025.45,1821172.82
2025-10-20 03:00:00,3954.99,4038.96,3944.76,4025.45,1821172.82
2025-10-20 03:00:00,3954.99,4038.96,3944.76,4025.45,1821172.82
2025-10-20 03:00:00,3954.99,4038.96,3944.76,4025.45,1821172.82
2025-10-20 03:00:00,3954.99,4038.96,3944.76,4025.45,1821172.82
2025-10-20 03:00:00,3954.99,4038.96,3944.76,4025.45,1821172.82
2025-10-20 03:00:00,3954.99,4038.96,3944.76,4025.45,1821172.82
2025-10-20 03:00:00,3954.99,4038.96,3944.76,4025.45,1821172.82
2025-10-20 03:00:00,3954.99,4038.96,3944.76,4025.45,1821172.82
2025-10-20 03:00:00,3954.99,4038.96,3944.76,4025.45,1821172.82
2025-10-20 03:00:00,3954.99,4038.96,3944.76,4025.45,1821172.82
2025-10-20 03:00:00,3954.99,4038.96,3944.76,4025.45,1821172.82
2025-10-20 03:00:00,3954.99,4038.96,3944.76,4025.45,1821172.82
2025-10-20 04:00:00,4025.46,4054.0,4020.65,4052.28,1535305.78
2025-10-20 04:00:00,4025.46,4054.0,4020.65,4052.28,1535305.78
2025-10-20 04:00:00,4025.46,4054.0,4020.65,4052.28,1535305.78
2025-10-20 04:00:00,4025.46,4054.0,4020.65,4052.28,1535305.78
2025-10-20 04:00:00,4025.46,4054.0,4020.65,4052.28,1535305.78
2025-10-20 04:00:00,4025.46,4054.0,4020.65,4052.28,1535305.78
2025-10-20 04:00:00,4025.46,4054.0,4020.65,4052.28,1535305.78
2025-10-20 04:00:00,4025.46,4054.0,4020.65,4052.28,1535305.78
2025-10-20 04:00:00,4025.46,4054.0,4020.65,4052.28,1535305.78
2025-10-20 04:00:00,4025.46,4054.0,4020.65,4052.28,1535305.78
2025-10-20 04:00:00,4025.46,4054.0,4020.65,4052.28,1535305.78
2025-10-20 04:00:00,4025.46,4054.0,4020.65,4052.28,1535305.78
2025-10-20 04:00:00,4025.46,4054.0,4020.65,4052.28,1535305.78
2025-10-20 04:00:00,4025.46,4054.0,4020.65,4052.28,1535305.78
2025-10-20 04:00:00,4025.46,4054.0,4020.65,4052.28,1535305.78
2025-10-20 05:00:00,4052.28,4073.0,4040.0,4058.97,1409279.61
2025-10-20 05:00:00,4052.28,4073.0,4040.0,4058.97,1409279.61
2025-10-20 05:00:00,4052.28,4073.0,4040.0,4058.97,1409279.61
2025-10-20 05:00:00,4052.28,4073.0,4040.0,4058.97,1409279.61
2025-10-20 05:00:00,4052.28,4073.0,4040.0,4058.97,1409279.61
2025-10-20 05:00:00,4052.28,4073.0,4040.0,4058.97,1409279.61
2025-10-20 05:00:00,4052.28,4073.0,4040.0,4058.97,1409279.61
2025-10-20 05:00:00,4052.28,4073.0,4040.0,4058.97,1409279.61
2025-10-20 05:00:00,4052.28,4073.0,4040.0,4058.97,1409279.61
2025-10-20 05:00:00,4052.28,4073.0,4040.0,4058.97,1409279.61
2025-10-20 05:00:00,4052.28,4073.0,4040.0,4058.97,1409279.61
2025-10-20 05:00:00,4052.28,4073.0,4040.0,4058.97,1409279.61
2025-10-20 05:00:00,4052.28,4073.0,4040.0,4058.97,1409279.61
2025-10-20 05:00:00,4052.28,4073.0,4040.0,4058.97,1409279.61
2025-10-20 05:00:00,4052.28,4073.0,4040.0,4058.97,1409279.61
2025-10-20 06:00:00,4058.97,4083.26,4054.37,4072.41,1362121.33
2025-10-20 06:00:00,4058.97,4083.26,4054.37,4072.41,1362121.33
2025-10-20 06:00:00,4058.97,4083.26,4054.37,4072.41,1362121.33
2025-10-20 06:00:00,4058.97,4083.26,4054.37,4072.41,1362121.33
2025-10-20 06:00:00,4058.97,4083.26,4054.37,4072.41,1362121.33
2025-10-20 06:00:00,4058.97,4083.26,4054.37,4072.41,1362121.33
2025-10-20 06:00:00,4058.97,4083.26,4054.37,4072.41,1362121.33
2025-10-20 06:00:00,4058.97,4083.26,4054.37,4072.41,1362121.33
2025-10-20 06:00:00,4058.97,4083.26,4054.37,4072.41,1362121.33
2025-10-20 06:00:00,4058.97,4083.26,4054.37,4072.41,1362121.33
2025-10-20 06:00:00,4058.97,4083.26,4054.37,4072.41,1362121.33
2025-10-20 06:00:00,4058.97,4083.26,4054.37,4072.41,1362121.33
2025-10-20 06:00:00,4058.97,4083.26,4054.37,4072.41,1362121.33
2025-10-20 06:00:00,4058.97,4083.26,4054.37,4072.41,1362121.33
2025-10-20 06:00:00,4058.97,4083.26,4054.37,4072.41,1362121.33
2025-10-20 07:00:00,4072.4,4075.0,4048.34,4053.21,1071953.64
2025-10-20 07:00:00,4072.4,4075.0,4048.34,4053.21,1071953.64
2025-10-20 07:00:00,4072.4,4075.0,4048.34,4053.21,1071953.64
2025-10-20 07:00:00,4072.4,4075.0,4048.34,4053.21,1071953.64
2025-10-20 07:00:00,4072.4,4075.0,4048.34,4053.21,1071953.64
2025-10-20 07:00:00,4072.4,4075.0,4048.34,4053.21,1071953.64
2025-10-20 07:00:00,4072.4,4075.0,4048.34,4053.21,1071953.64
2025-10-20 07:00:00,4072.4,4075.0,4048.34,4053.21,1071953.64
2025-10-20 07:00:00,4072.4,4075.0,4048.34,4053.21,1071953.64
2025-10-20 07:00:00,4072.4,4075.0,4048.34,4053.21,1071953.64
2025-10-20 07:00:00,4072.4,4075.0,4048.34,4053.21,1071953.64
2025-10-20 07:00:00,4072.4,4075.0,4048.34,4053.21,1071953.64
2025-10-20 07:00:00,4072.4,4075.0,4048.34,4053.21,1071953.64
2025-10-20 07:00:00,4072.4,4075.0,4048.34,4053.21,1071953.64
2025-10-20 07:00:00,4072.4,4075.0,4048.34,4053.21,1071953.64
2025-10-20 08:00:00,4053.21,4070.77,4032.0,4043.6,1443055.05
2025-10-20 08:00:00,4053.21,4070.77,4032.0,4043.6,1443055.05
2025-10-20 08:00:00,4053.21,4070.77,4032.0,4043.6,1443055.05
2025-10-20 08:00:00,4053.21,4070.77,4032.0,4043.6,1443055.05
2025-10-20 08:00:00,4053.21,4070.77,4032.0,4043.6,1443055.05
2025-10-20 08:00:00,4053.21,4070.77,4032.0,4043.6,1443055.05
2025-10-20 08:00:00,4053.21,4070.77,4032.0,4043.6,1443055.05
2025-10-20 08:00:00,4053.21,4070.77,4032.0,4043.6,1443055.05
2025-10-20 08:00:00,4053.21,4070.77,4032.0,4043.6,1443055.05
2025-10-20 08:00:00,4053.21,4070.77,4032.0,4043.6,1443055.05
2025-10-20 08:00:00,4053.21,4070.77,4032.0,4043.6,1443055.05
2025-10-20 08:00:00,4053.21,4070.77,4032.0,4043.6,1443055.05
2025-10-20 08:00:00,4053.21,4070.77,4032.0,4043.6,1443055.05
2025-10-20 08:00:00,4053.21,4070.77,4032.0,4043.6,1443055.05
2025-10-20 08:00:00,4053.21,4070.77,4032.0,4043.6,1443055.05
2025-10-20 09:00:00,4043.6,4050.62,4033.0,4043.38,660663.78
2025-10-20 09:00:00,4043.6,4050.62,4033.0,4043.38,660663.78
2025-10-20 09:00:00,4043.6,4050.62,4033.0,4043.38,660663.78
2025-10-20 09:00:00,4043.6,4050.62,4033.0,4043.38,660663.78
2025-10-20 09:00:00,4043.6,4050.62,4033.0,4043.38,660663.78
2025-10-20 09:00:00,4043.6,4050.62,4033.0,4043.38,660663.78
2025-10-20 09:00:00,4043.6,4050.62,4033.0,4043.38,660663.78
2025-10-20 09:00:00,4043.6,4050.62,4033.0,4043.38,660663.78
2025-10-20 09:00:00,4043.6,4050.62,4033.0,4043.38,660663.78
2025-10-20 09:00:00,4043.6,4050.62,4033.0,4043.38,660663.78
2025-10-20 09:00:00,4043.6,4050.62,4033.0,4043.38,660663.78
2025-10-20 09:00:00,4043.6,4050.62,4033.0,4043.38,660663.78
2025-10-20 09:00:00,4043.6,4050.62,4033.0,4043.38,660663.78
2025-10-20 09:00:00,4043.6,4050.62,4033.0,4043.38,660663.78
2025-10-20 09:00:00,4043.6,4050.62,4033.0,4043.38,660663.78
2025-10-20 10:00:00,4043.38,4052.0,4012.5,4024.59,1185607.07
2025-10-20 10:00:00,4043.38,4052.0,4012.5,4024.59,1185607.07
2025-10-20 10:00:00,4043.38,4052.0,4012.5,4024.59,1185607.07
2025-10-20 10:00:00,4043.38,4052.0,4012.5,4024.59,1185607.07
2025-10-20 10:00:00,4043.38,4052.0,4012.5,4024.59,1185607.07
2025-10-20 10:00:00,4043.38,4052.0,4012.5,4024.59,1185607.07
2025-10-20 10:00:00,4043.38,4052.0,4012.5,4024.59,1185607.07
2025-10-20 10:00:00,4043.38,4052.0,4012.5,4024.59,1185607.07
2025-10-20 10:00:00,4043.38,4052.0,4012.5,4024.59,1185607.07
2025-10-20 10:00:00,4043.38,4052.0,4012.5,4024.59,1185607.07
2025-10-20 10:00:00,4043.38,4052.0,4012.5,4024.59,1185607.07
2025-10-20 10:00:00,4043.38,4052.0,4012.5,4024.59,1185607.07
2025-10-20 10:00:00,4043.38,4052.0,4012.5,4024.59,1185607.07
2025-10-20 10:00:00,4043.38,4052.0,4012.5,4024.59,1185607.07
2025-10-20 10:00:00,4043.38,4052.0,4012.5,4024.59,1185607.07
2025-10-20 11:00:00,4024.6,4041.0,4010.04,4033.22,967589.66
2025-10-20 11:00:00,4024.6,4041.0,4010.04,4033.22,967589.66
2025-10-20 11:00:00,4024.6,4041.0,4010.04,4033.22,967589.66
2025-10-20 11:00:00,4024.6,4041.0,4010.04,4033.22,967589.66
2025-10-20 11:00:00,4024.6,4041.0,4010.04,4033.22,967589.66
2025-10-20 11:00:00,4024.6,4041.0,4010.04,4033.22,967589.66
2025-10-20 11:00:00,4024.6,4041.0,4010.04,4033.22,967589.66
2025-10-20 11:00:00,4024.6,4041.0,4010.04,4033.22,967589.66
2025-10-20 11:00:00,4024.6,4041.0,4010.04,4033.22,967589.66
2025-10-20 11:00:00,4024.6,4041.0,4010.04,4033.22,967589.66
2025-10-20 11:00:00,4024.6,4041.0,4010.04,4033.22,967589.66
2025-10-20 11:00:00,4024.6,4041.0,4010.04,4033.22,967589.66
2025-10-20 11:00:00,4024.6,4041.0,4010.04,4033.22,967589.66
2025-10-20 11:00:00,4024.6,4041.0,4010.04,4033.22,967589.66
2025-10-20 11:00:00,4024.6,4041.0,4010.04,4033.22,967589.66
2025-10-20 12:00:00,4033.21,4038.0,4022.18,4036.0,542194.89
2025-10-20 12:00:00,4033.21,4038.0,4022.18,4036.0,542194.89
2025-10-20 12:00:00,4033.21,4038.0,4022.18,4036.0,542194.89
2025-10-20 12:00:00,4033.21,4038.0,4022.18,4036.0,542194.89
2025-10-20 12:00:00,4033.21,4038.0,4022.18,4036.0,542194.89
2025-10-20 12:00:00,4033.21,4038.0,4022.18,4036.0,542194.89
2025-10-20 12:00:00,4033.21,4038.0,4022.18,4036.0,542194.89
2025-10-20 12:00:00,4033.21,4038.0,4022.18,4036.0,542194.89
2025-10-20 12:00:00,4033.21,4038.0,4022.18,4036.0,542194.89
2025-10-20 12:00:00,4033.21,4038.0,4022.18,4036.0,542194.89
2025-10-20 12:00:00,4033.21,4038.0,4022.18,4036.0,542194.89
2025-10-20 12:00:00,4033.21,4038.0,4022.18,4036.0,542194.89
2025-10-20 12:00:00,4033.21,4038.0,4022.18,4036.0,542194.89
2025-10-20 12:00:00,4033.21,4038.0,4022.18,4036.0,542194.89
2025-10-20 12:00:00,4033.21,4038.0,4022.18,4036.0,542194.89
2025-10-20 13:00:00,4035.99,4043.81,4018.0,4037.76,1182916.54
2025-10-20 13:00:00,4035.99,4043.81,4018.0,4037.76,1182916.54
2025-10-20 13:00:00,4035.99,4043.81,4018.0,4037.76,1182916.54
2025-10-20 13:00:00,4035.99,4043.81,4018.0,4037.76,1182916.54
2025-10-20 13:00:00,4035.99,4043.81,4018.0,4037.76,1182916.54
2025-10-20 13:00:00,4035.99,4043.81,4018.0,4037.76,1182916.54
2025-10-20 13:00:00,4035.99,4043.81,4018.0,4037.76,1182916.54
2025-10-20 13:00:00,4035.99,4043.81,4018.0,4037.76,1182916.54
2025-10-20 13:00:00,4035.99,4043.81,4018.0,4037.76,1182916.54
2025-10-20 13:00:00,4035.99,4043.81,4018.0,4037.76,1182916.54
2025-10-20 13:00:00,4035.99,4043.81,4018.0,4037.76,1182916.54
2025-10-20 13:00:00,4035.99,4043.81,4018.0,4037.76,1182916.54
2025-10-20 13:00:00,4035.99,4043.81,4018.0,4037.76,1182916.54
2025-10-20 13:00:00,4035.99,4043.81,4018.0,4037.76,1182916.54
2025-10-20 13:00:00,4035.99,4043.81,4018.0,4037.76,1182916.54
2025-10-20 14:00:00,4037.77,4047.84,4011.0,4037.17,1283296.58
2025-10-20 14:00:00,4037.77,4047.84,4011.0,4037.17,1283296.58
2025-10-20 14:00:00,4037.77,4047.84,4011.0,4037.17,1283296.58
2025-10-20 14:00:00,4037.77,4047.84,4011.0,4037.17,1283296.58
2025-10-20 14:00:00,4037.77,4047.84,4011.0,4037.17,1283296.58
2025-10-20 14:00:00,4037.77,4047.84,4011.0,4037.17,1283296.58
2025-10-20 14:00:00,4037.77,4047.84,4011.0,4037.17,1283296.58
2025-10-20 14:00:00,4037.77,4047.84,4011.0,4037.17,1283296.58
2025-10-20 14:00:00,4037.77,4047.84,4011.0,4037.17,1283296.58
2025-10-20 14:00:00,4037.77,4047.84,4011.0,4037.17,1283296.58
2025-10-20 14:00:00,4037.77,4047.84,4011.0,4037.17,1283296.58
2025-10-20 14:00:00,4037.77,4047.84,4011.0,4037.17,1283296.58
2025-10-20 14:00:00,4037.77,4047.84,4011.0,4037.17,1283296.58
2025-10-20 14:00:00,4037.77,4047.84,4011.0,4037.17,1283296.58
2025-10-20 14:00:00,4037.77,4047.84,4011.0,4037.17,1283296.58
2025-10-20 15:00:00,4037.19,4048.8,4000.93,4002.14,1549360.74
2025-10-20 15:00:00,4037.19,4048.8,4000.93,4002.14,1549360.74
2025-10-20 15:00:00,4037.19,4048.8,4000.93,4002.14,1549360.74
2025-10-20 15:00:00,4037.19,4048.8,4000.93,4002.14,1549360.74
2025-10-20 15:00:00,4037.19,4048.8,4000.93,4002.14,1549360.74
2025-10-20 15:00:00,4037.19,4048.8,4000.93,4002.14,1549360.74
2025-10-20 15:00:00,4037.19,4048.8,4000.93,4002.14,1549360.74
2025-10-20 15:00:00,4037.19,4048.8,4000.93,4002.14,1549360.74
2025-10-20 15:00:00,4037.19,4048.8,4000.93,4002.14,1549360.74
2025-10-20 15:00:00,4037.19,4048.8,4000.93,4002.14,1549360.74
2025-10-20 15:00:00,4037.19,4048.8,4000.93,4002.14,1549360.74
2025-10-20 15:00:00,4037.19,4048.8,4000.93,4002.14,1549360.74
2025-10-20 15:00:00,4037.19,4048.8,4000.93,4002.14,1549360.74
2025-10-20 15:00:00,4037.19,4048.8,4000.93,4002.14,1549360.74
2025-10-20 15:00:00,4037.19,4048.8,4000.93,4002.14,1549360.74
2025-10-20 16:00:00,4002.14,4002.19,3922.76,3947.87,4615697.88
2025-10-20 16:00:00,4002.14,4002.19,3922.76,3947.87,4615697.88
2025-10-20 16:00:00,4002.14,4002.19,3922.76,3947.87,4615697.88
2025-10-20 16:00:00,4002.14,4002.19,3922.76,3947.87,4615697.88
2025-10-20 16:00:00,4002.14,4002.19,3922.76,3947.87,4615697.88
2025-10-20 16:00:00,4002.14,4002.19,3922.76,3947.87,4615697.88
2025-10-20 16:00:00,4002.14,4002.19,3922.76,3947.87,4615697.88
2025-10-20 16:00:00,4002.14,4002.19,3922.76,3947.87,4615697.88
2025-10-20 16:00:00,4002.14,4002.19,3922.76,3947.87,4615697.88
2025-10-20 16:00:00,4002.14,4002.19,3922.76,3947.87,4615697.88
2025-10-20 16:00:00,4002.14,4002.19,3922.76,3947.87,4615697.88
2025-10-20 16:00:00,4002.14,4002.19,3922.76,3947.87,4615697.88
2025-10-20 16:00:00,4002.14,4002.19,3922.76,3947.87,4615697.88
2025-10-20 16:00:00,4002.14,4002.19,3922.76,3947.87,4615697.88
2025-10-20 16:00:00,4002.14,4002.19,3922.76,3947.87,4615697.88
2025-10-20 17:00:00,3947.86,3963.78,3920.1,3949.29,1671184.59
2025-10-20 17:00:00,3947.86,3963.78,3920.1,3949.29,1671184.59
2025-10-20 17:00:00,3947.86,3963.78,3920.1,3949.29,1671184.59
2025-10-20 17:00:00,3947.86,3963.78,3920.1,3949.29,1671184.59
2025-10-20 17:00:00,3947.86,3963.78,3920.1,3949.29,1671184.59
2025-10-20 17:00:00,3947.86,3963.78,3920.1,3949.29,1671184.59
2025-10-20 17:00:00,3947.86,3963.78,3920.1,3949.29,1671184.59
2025-10-20 17:00:00,3947.86,3963.78,3920.1,3949.29,1671184.59
2025-10-20 17:00:00,3947.86,3963.78,3920.1,3949.29,1671184.59
2025-10-20 17:00:00,3947.86,3963.78,3920.1,3949.29,1671184.59
2025-10-20 17:00:00,3947.86,3963.78,3920.1,3949.29,1671184.59
2025-10-20 17:00:00,3947.86,3963.78,3920.1,3949.29,1671184.59
2025-10-20 17:00:00,3947.86,3963.78,3920.1,3949.29,1671184.59
2025-10-20 17:00:00,3947.86,3963.78,3920.1,3949.29,1671184.59
2025-10-20 17:00:00,3947.86,3963.78,3920.1,3949.29,1671184.59
2025-10-20 18:00:00,3949.29,3974.04,3944.2,3972.05,767753.67
2025-10-20 18:00:00,3949.29,3974.04,3944.2,3972.05,767753.67
2025-10-20 18:00:00,3949.29,3974.04,3944.2,3972.05,767753.67
2025-10-20 18:00:00,3949.29,3974.04,3944.2,3972.05,767753.67
2025-10-20 18:00:00,3949.29,3974.04,3944.2,3972.05,767753.67
2025-10-20 18:00:00,3949.29,3974.04,3944.2,3972.05,767753.67
2025-10-20 18:00:00,3949.29,3974.04,3944.2,3972.05,767753.67
2025-10-20 18:00:00,3949.29,3974.04,3944.2,3972.05,767753.67
2025-10-20 18:00:00,3949.29,3974.04,3944.2,3972.05,767753.67
2025-10-20 18:00:00,3949.29,3974.04,3944.2,3972.05,767753.67
2025-10-20 18:00:00,3949.29,3974.04,3944.2,3972.05,767753.67
2025-10-20 18:00:00,3949.29,3974.04,3944.2,3972.05,767753.67
2025-10-20 18:00:00,3949.29,3974.04,3944.2,3972.05,767753.67
2025-10-20 18:00:00,3949.29,3974.04,3944.2,3972.05,767753.67
2025-10-20 18:00:00,3949.29,3974.04,3944.2,3972.05,767753.67
2025-10-20 19:00:00,3972.04,3991.38,3956.72,3978.88,938769.28
2025-10-20 19:00:00,3972.04,3991.38,3956.72,3978.88,938769.28
2025-10-20 19:00:00,3972.04,3991.38,3956.72,3978.88,938769.28
2025-10-20 19:00:00,3972.04,3991.38,3956.72,3978.88,938769.28
2025-10-20 19:00:00,3972.04,3991.38,3956.72,3978.88,938769.28
2025-10-20 19:00:00,3972.04,3991.38,3956.72,3978.88,938769.28
2025-10-20 19:00:00,3972.04,3991.38,3956.72,3978.88,938769.28
2025-10-20 19:00:00,3972.04,3991.38,3956.72,3978.88,938769.28
2025-10-20 19:00:00,3972.04,3991.38,3956.72,3978.88,938769.28
2025-10-20 19:00:00,3972.04,3991.38,3956.72,3978.88,938769.28
2025-10-20 19:00:00,3972.04,3991.38,3956.72,3978.88,938769.28
2025-10-20 19:00:00,3972.04,3991.38,3956.72,3978.88,938769.28
2025-10-20 19:00:00,3972.04,3991.38,3956.72,3978.88,938769.28
2025-10-20 19:00:00,3972.04,3991.38,3956.72,3978.88,938769.28
2025-10-20 19:00:00,3972.04,3991.38,3956.72,3978.88,938769.28
2025-10-20 20:00:00,3978.88,3997.06,3972.19,3996.37,444440.95
2025-10-20 20:00:00,3978.88,3997.06,3972.19,3996.37,444440.95
2025-10-20 20:00:00,3978.88,3997.06,3972.19,3996.37,444440.95
2025-10-20 20:00:00,3978.88,3997.06,3972.19,3996.37,444440.95
2025-10-20 20:00:00,3978.88,3997.06,3972.19,3996.37,444440.95
2025-10-20 20:00:00,3978.88,3997.06,3972.19,3996.37,444440.95
2025-10-20 20:00:00,3978.88,3997.06,3972.19,3996.37,444440.95
2025-10-20 20:00:00,3978.88,3997.06,3972.19,3996.37,444440.95
2025-10-20 20:00:00,3978.88,3997.06,3972.19,3996.37,444440.95
2025-10-20 20:00:00,3978.88,3997.06,3972.19,3996.37,444440.95
2025-10-20 20:00:00,3978.88,3997.06,3972.19,3996.37,444440.95
2025-10-20 20:00:00,3978.88,3997.06,3972.19,3996.37,444440.95
2025-10-20 20:00:00,3978.88,3997.06,3972.19,3996.37,444440.95
2025-10-20 20:00:00,3978.88,3997.06,3972.19,3996.37,444440.95
2025-10-20 20:00:00,3978.88,3997.06,3972.19,3996.37,444440.95
2025-10-20 21:00:00,3996.38,4001.64,3968.22,3974.7,594481.38
2025-10-20 21:00:00,3996.38,4001.64,3968.22,3974.7,594481.38
2025-10-20 21:00:00,3996.38,4001.64,3968.22,3974.7,594481.38
2025-10-20 21:00:00,3996.38,4001.64,3968.22,3974.7,594481.38
2025-10-20 21:00:00,3996.38,4001.64,3968.22,3974.7,594481.38
2025-10-20 21:00:00,3996.38,4001.64,3968.22,3974.7,594481.38
2025-10-20 21:00:00,3996.38,4001.64,3968.22,3974.7,594481.38
2025-10-20 21:00:00,3996.38,4001.64,3968.22,3974.7,594481.38
2025-10-20 21:00:00,3996.38,4001.64,3968.22,3974.7,594481.38
2025-10-20 21:00:00,3996.38,4001.64,3968.22,3974.7,594481.38
2025-10-20 21:00:00,3996.38,4001.64,3968.22,3974.7,594481.38
2025-10-20 21:00:00,3996.38,4001.64,3968.22,3974.7,594481.38
2025-10-20 21:00:00,3996.38,4001.64,3968.22,3974.7,594481.38
2025-10-20 21:00:00,3996.38,4001.64,3968.22,3974.7,594481.38
2025-10-20 21:00:00,3996.38,4001.64,3968.22,3974.7,594481.38
2025-10-20 22:00:00,3974.7,3989.71,3968.51,3987.12,453949.67
2025-10-20 22:00:00,3974.7,3989.71,3968.51,3987.12,453949.67
2025-10-20 22:00:00,3974.7,3989.71,3968.51,3987.12,453949.67
2025-10-20 22:00:00,3974.7,3989.71,3968.51,3987.12,453949.67
2025-10-20 22:00:00,3974.7,3989.71,3968.51,3987.12,453949.67
2025-10-20 22:00:00,3974.7,3989.71,3968.51,3987.12,453949.67
2025-10-20 22:00:00,3974.7,3989.71,3968.51,3987.12,453949.67
2025-10-20 22:00:00,3974.7,3989.71,3968.51,3987.12,453949.67
2025-10-20 22:00:00,3974.7,3989.71,3968.51,3987.12,453949.67
2025-10-20 22:00:00,3974.7,3989.71,3968.51,3987.12,453949.67
2025-10-20 22:00:00,3974.7,3989.71,3968.51,3987.12,453949.67
2025-10-20 22:00:00,3974.7,3989.71,3968.51,3987.12,453949.67
2025-10-20 22:00:00,3974.7,3989.71,3968.51,3987.12,453949.67
2025-10-20 22:00:00,3974.7,3989.71,3968.51,3987.12,453949.67
2025-10-20 22:00:00,3974.7,3989.71,3968.51,3987.12,453949.67
2025-10-20 23:00:00,3987.13,3991.67,3974.2,3977.47,353192.87
2025-10-20 23:00:00,3987.13,3991.67,3974.2,3977.47,353192.87
2025-10-20 23:00:00,3987.13,3991.67,3974.2,3977.47,353192.87
2025-10-20 23:00:00,3987.13,3991.67,3974.2,3977.47,353192.87
2025-10-20 23:00:00,3987.13,3991.67,3974.2,3977.47,353192.87
2025-10-20 23:00:00,3987.13,3991.67,3974.2,3977.47,353192.87
2025-10-20 23:00:00,3987.13,3991.67,3974.2,3977.47,353192.87
2025-10-20 23:00:00,3987.13,3991.67,3974.2,3977.47,353192.87
2025-10-20 23:00:00,3987.13,3991.67,3974.2,3977.47,353192.87
2025-10-20 23:00:00,3987.13,3991.67,3974.2,3977.47,353192.87
2025-10-20 23:00:00,3987.13,3991.67,3974.2,3977.47,353192.87
2025-10-20 23:00:00,3987.13,3991.67,3974.2,3977.47,353192.87
2025-10-20 23:00:00,3987.13,3991.67,3974.2,3977.47,353192.87
2025-10-20 23:00:00,3987.13,3991.67,3974.2,3977.47,353192.87
2025-10-20 23:00:00,3987.13,3991.67,3974.2,3977.47,353192.87
2025-10-21 00:00:00,3977.46,3984.65,3960.57,3970.18,543673.31
2025-10-21 00:00:00,3977.46,3984.65,3960.57,3970.18,543673.31
2025-10-21 00:00:00,3977.46,3984.65,3960.57,3970.18,543673.31
2025-10-21 00:00:00,3977.46,3984.65,3960.57,3970.18,543673.31
2025-10-21 00:00:00,3977.46,3984.65,3960.57,3970.18,543673.31
2025-10-21 00:00:00,3977.46,3984.65,3960.57,3970.18,543673.31
2025-10-21 00:00:00,3977.46,3984.65,3960.57,3970.18,543673.31
2025-10-21 00:00:00,3977.46,3984.65,3960.57,3970.18,543673.31
2025-10-21 00:00:00,3977.46,3984.65,3960.57,3970.18,543673.31
2025-10-21 00:00:00,3977.46,3984.65,3960.57,3970.18,543673.31
2025-10-21 00:00:00,3977.46,3984.65,3960.57,3970.18,543673.31
2025-10-21 00:00:00,3977.46,3984.65,3960.57,3970.18,543673.31
2025-10-21 00:00:00,3977.46,3984.65,3960.57,3970.18,543673.31
2025-10-21 00:00:00,3977.46,3984.65,3960.57,3970.18,543673.31
2025-10-21 00:00:00,3977.46,3984.65,3960.57,3970.18,543673.31
2025-10-21 01:00:00,3970.17,3972.18,3929.26,3946.17,1054157.13
2025-10-21 01:00:00,3970.17,3972.18,3929.26,3946.17,1054157.13
2025-10-21 01:00:00,3970.17,3972.18,3929.26,3946.17,1054157.13
2025-10-21 01:00:00,3970.17,3972.18,3929.26,3946.17,1054157.13
2025-10-21 01:00:00,3970.17,3972.18,3929.26,3946.17,1054157.13
2025-10-21 01:00:00,3970.17,3972.18,3929.26,3946.17,1054157.13
2025-10-21 01:00:00,3970.17,3972.18,3929.26,3946.17,1054157.13
2025-10-21 01:00:00,3970.17,3972.18,3929.26,3946.17,1054157.13
2025-10-21 01:00:00,3970.17,3972.18,3929.26,3946.17,1054157.13
2025-10-21 01:00:00,3970.17,3972.18,3929.26,3946.17,1054157.13
2025-10-21 01:00:00,3970.17,3972.18,3929.26,3946.17,1054157.13
2025-10-21 01:00:00,3970.17,3972.18,3929.26,3946.17,1054157.13
2025-10-21 01:00:00,3970.17,3972.18,3929.26,3946.17,1054157.13
2025-10-21 01:00:00,3970.17,3972.18,3929.26,3946.17,1054157.13
2025-10-21 01:00:00,3970.17,3972.18,3929.26,3946.17,1054157.13
2025-10-21 02:00:00,3946.16,3949.2,3923.2,3930.08,1008067.68
2025-10-21 02:00:00,3946.16,3949.2,3923.2,3930.08,1008067.68
2025-10-21 02:00:00,3946.16,3949.2,3923.2,3930.08,1008067.68
2025-10-21 02:00:00,3946.16,3949.2,3923.2,3930.08,1008067.68
2025-10-21 02:00:00,3946.16,3949.2,3923.2,3930.08,1008067.68
2025-10-21 02:00:00,3946.16,3949.2,3923.2,3930.08,1008067.68
2025-10-21 02:00:00,3946.16,3949.2,3923.2,3930.08,1008067.68
2025-10-21 02:00:00,3946.16,3949.2,3923.2,3930.08,1008067.68
2025-10-21 02:00:00,3946.16,3949.2,3923.2,3930.08,1008067.68
2025-10-21 02:00:00,3946.16,3949.2,3923.2,3930.08,1008067.68
2025-10-21 02:00:00,3946.16,3949.2,3923.2,3930.08,1008067.68
2025-10-21 02:00:00,3946.16,3949.2,3923.2,3930.08,1008067.68
2025-10-21 02:00:00,3946.16,3949.2,3923.2,3930.08,1008067.68
2025-10-21 02:00:00,3946.16,3949.2,3923.2,3930.08,1008067.68
2025-10-21 02:00:00,3946.16,3949.2,3923.2,3930.08,1008067.68
2025-10-21 03:00:00,3930.09,3941.8,3915.1,3920.96,784277.42
2025-10-21 03:00:00,3930.09,3941.8,3915.1,3920.96,784277.42
2025-10-21 03:00:00,3930.09,3941.8,3915.1,3920.96,784277.42
2025-10-21 03:00:00,3930.09,3941.8,3915.1,3920.96,784277.42
2025-10-21 03:00:00,3930.09,3941.8,3915.1,3920.96,784277.42
2025-10-21 03:00:00,3930.09,3941.8,3915.1,3920.96,784277.42
2025-10-21 03:00:00,3930.09,3941.8,3915.1,3920.96,784277.42
2025-10-21 03:00:00,3930.09,3941.8,3915.1,3920.96,784277.42
2025-10-21 03:00:00,3930.09,3941.8,3915.1,3920.96,784277.42
2025-10-21 03:00:00,3930.09,3941.8,3915.1,3920.96,784277.42
2025-10-21 03:00:00,3930.09,3941.8,3915.1,3920.96,784277.42
2025-10-21 03:00:00,3930.09,3941.8,3915.1,3920.96,784277.42
2025-10-21 03:00:00,3930.09,3941.8,3915.1,3920.96,784277.42
2025-10-21 03:00:00,3930.09,3941.8,3915.1,3920.96,784277.42
2025-10-21 03:00:00,3930.09,3941.8,3915.1,3920.96,784277.42
2025-10-21 04:00:00,3920.95,3920.96,3841.83,3849.53,3817835.6
2025-10-21 04:00:00,3920.95,3920.96,3841.83,3849.53,3817835.6
2025-10-21 04:00:00,3920.95,3920.96,3841.83,3849.53,3817835.6
2025-10-21 04:00:00,3920.95,3920.96,3841.83,3849.53,3817835.6
2025-10-21 04:00:00,3920.95,3920.96,3841.83,3849.53,3817835.6
2025-10-21 04:00:00,3920.95,3920.96,3841.83,3849.53,3817835.6
2025-10-21 04:00:00,3920.95,3920.96,3841.83,3849.53,3817835.6
2025-10-21 04:00:00,3920.95,3920.96,3841.83,3849.53,3817835.6
2025-10-21 04:00:00,3920.95,3920.96,3841.83,3849.53,3817835.6
2025-10-21 04:00:00,3920.95,3920.96,3841.83,3849.53,3817835.6
2025-10-21 04:00:00,3920.95,3920.96,3841.83,3849.53,3817835.6
2025-10-21 04:00:00,3920.95,3920.96,3841.83,3849.53,3817835.6
2025-10-21 04:00:00,3920.95,3920.96,3841.83,3849.53,3817835.6
2025-10-21 04:00:00,3920.95,3920.96,3841.83,3849.53,3817835.6
2025-10-21 04:00:00,3920.95,3920.96,3841.83,3849.53,3817835.6
2025-10-21 05:00:00,3849.54,3872.8,3837.01,3862.16,1689123.0
2025-10-21 05:00:00,3849.54,3872.8,3837.01,3862.16,1689123.0
2025-10-21 05:00:00,3849.54,3872.8,3837.01,3862.16,1689123.0
2025-10-21 05:00:00,3849.54,3872.8,3837.01,3862.16,1689123.0
2025-10-21 05:00:00,3849.54,3872.8,3837.01,3862.16,1689123.0
2025-10-21 05:00:00,3849.54,3872.8,3837.01,3862.16,1689123.0
2025-10-21 05:00:00,3849.54,3872.8,3837.01,3862.16,1689123.0
2025-10-21 05:00:00,3849.54,3872.8,3837.01,3862.16,1689123.0
2025-10-21 05:00:00,3849.54,3872.8,3837.01,3862.16,1689123.0
2025-10-21 05:00:00,3849.54,3872.8,3837.01,3862.16,1689123.0
2025-10-21 05:00:00,3849.54,3872.8,3837.01,3862.16,1689123.0
2025-10-21 05:00:00,3849.54,3872.8,3837.01,3862.16,1689123.0
2025-10-21 05:00:00,3849.54,3872.8,3837.01,3862.16,1689123.0
2025-10-21 05:00:00,3849.54,3872.8,3837.01,3862.16,1689123.0
2025-10-21 05:00:00,3849.54,3872.8,3837.01,3862.16,1689123.0
2025-10-21 06:00:00,3862.16,3890.0,3853.61,3885.01,1115481.38
2025-10-21 06:00:00,3862.16,3890.0,3853.61,3885.01,1115481.38
2025-10-21 06:00:00,3862.16,3890.0,3853.61,3885.01,1115481.38
2025-10-21 06:00:00,3862.16,3890.0,3853.61,3885.01,1115481.38
2025-10-21 06:00:00,3862.16,3890.0,3853.61,3885.01,1115481.38
2025-10-21 06:00:00,3862.16,3890.0,3853.61,3885.01,1115481.38
2025-10-21 06:00:00,3862.16,3890.0,3853.61,3885.01,1115481.38
2025-10-21 06:00:00,3862.16,3890.0,3853.61,3885.01,1115481.38
2025-10-21 06:00:00,3862.16,3890.0,3853.61,3885.01,1115481.38
2025-10-21 06:00:00,3862.16,3890.0,3853.61,3885.01,1115481.38
2025-10-21 06:00:00,3862.16,3890.0,3853.61,3885.01,1115481.38
2025-10-21 06:00:00,3862.16,3890.0,3853.61,3885.01,1115481.38
2025-10-21 06:00:00,3862.16,3890.0,3853.61,3885.01,1115481.38
2025-10-21 06:00:00,3862.16,3890.0,3853.61,3885.01,1115481.38
2025-10-21 06:00:00,3862.16,3890.0,3853.61,3885.01,1115481.38
2025-10-21 07:00:00,3885.0,3894.95,3872.4,3890.08,794378.89
2025-10-21 07:00:00,3885.0,3894.95,3872.4,3890.08,794378.89
2025-10-21 07:00:00,3885.0,3894.95,3872.4,3890.08,794378.89
2025-10-21 07:00:00,3885.0,3894.95,3872.4,3890.08,794378.89
2025-10-21 07:00:00,3885.0,3894.95,3872.4,3890.08,794378.89
2025-10-21 07:00:00,3885.0,3894.95,3872.4,3890.08,794378.89
2025-10-21 07:00:00,3885.0,3894.95,3872.4,3890.08,794378.89
2025-10-21 07:00:00,3885.0,3894.95,3872.4,3890.08,794378.89
2025-10-21 07:00:00,3885.0,3894.95,3872.4,3890.08,794378.89
2025-10-21 07:00:00,3885.0,3894.95,3872.4,3890.08,794378.89
2025-10-21 07:00:00,3885.0,3894.95,3872.4,3890.08,794378.89
2025-10-21 07:00:00,3885.0,3894.95,3872.4,3890.08,794378.89
2025-10-21 07:00:00,3885.0,3894.95,3872.4,3890.08,794378.89
2025-10-21 07:00:00,3885.0,3894.95,3872.4,3890.08,794378.89
2025-10-21 07:00:00,3885.0,3894.95,3872.4,3890.08,794378.89
2025-10-21 08:00:00,3890.08,3891.0,3848.88,3866.26,1487926.62
2025-10-21 08:00:00,3890.08,3891.0,3848.88,3866.26,1487926.62
2025-10-21 08:00:00,3890.08,3891.0,3848.88,3866.26,1487926.62
2025-10-21 08:00:00,3890.08,3891.0,3848.88,3866.26,1487926.62
2025-10-21 08:00:00,3890.08,3891.0,3848.88,3866.26,1487926.62
2025-10-21 08:00:00,3890.08,3891.0,3848.88,3866.26,1487926.62
2025-10-21 08:00:00,3890.08,3891.0,3848.88,3866.26,1487926.62
2025-10-21 08:00:00,3890.08,3891.0,3848.88,3866.26,1487926.62
2025-10-21 08:00:00,3890.08,3891.0,3848.88,3866.26,1487926.62
2025-10-21 08:00:00,3890.08,3891.0,3848.88,3866.26,1487926.62
2025-10-21 08:00:00,3890.08,3891.0,3848.88,3866.26,1487926.62
2025-10-21 08:00:00,3890.08,3891.0,3848.88,3866.26,1487926.62
2025-10-21 08:00:00,3890.08,3891.0,3848.88,3866.26,1487926.62
2025-10-21 08:00:00,3890.08,3891.0,3848.88,3866.26,1487926.62
2025-10-21 08:00:00,3890.08,3891.0,3848.88,3866.26,1487926.62
2025-10-21 09:00:00,3866.27,3873.0,3854.55,3862.91,596986.98
2025-10-21 09:00:00,3866.27,3873.0,3854.55,3862.91,596986.98
2025-10-21 09:00:00,3866.27,3873.0,3854.55,3862.91,596986.98
2025-10-21 09:00:00,3866.27,3873.0,3854.55,3862.91,596986.98
2025-10-21 09:00:00,3866.27,3873.0,3854.55,3862.91,596986.98
2025-10-21 09:00:00,3866.27,3873.0,3854.55,3862.91,596986.98
2025-10-21 09:00:00,3866.27,3873.0,3854.55,3862.91,596986.98
2025-10-21 09:00:00,3866.27,3873.0,3854.55,3862.91,596986.98
2025-10-21 09:00:00,3866.27,3873.0,3854.55,3862.91,596986.98
2025-10-21 09:00:00,3866.27,3873.0,3854.55,3862.91,596986.98
2025-10-21 09:00:00,3866.27,3873.0,3854.55,3862.91,596986.98
2025-10-21 09:00:00,3866.27,3873.0,3854.55,3862.91,596986.98
2025-10-21 09:00:00,3866.27,3873.0,3854.55,3862.91,596986.98
2025-10-21 09:00:00,3866.27,3873.0,3854.55,3862.91,596986.98
2025-10-21 09:00:00,3866.27,3873.0,3854.55,3862.91,596986.98
2025-10-21 10:00:00,3862.91,3896.35,3858.0,3882.48,1159506.88
2025-10-21 10:00:00,3862.91,3896.35,3858.0,3882.48,1159506.88
2025-10-21 10:00:00,3862.91,3896.35,3858.0,3882.48,1159506.88
2025-10-21 10:00:00,3862.91,3896.35,3858.0,3882.48,1159506.88
2025-10-21 10:00:00,3862.91,3896.35,3858.0,3882.48,1159506.88
2025-10-21 10:00:00,3862.91,3896.35,3858.0,3882.48,1159506.88
2025-10-21 10:00:00,3862.91,3896.35,3858.0,3882.48,1159506.88
2025-10-21 10:00:00,3862.91,3896.35,3858.0,3882.48,1159506.88
2025-10-21 10:00:00,3862.91,3896.35,3858.0,3882.48,1159506.88
2025-10-21 10:00:00,3862.91,3896.35,3858.0,3882.48,1159506.88
2025-10-21 10:00:00,3862.91,3896.35,3858.0,3882.48,1159506.88
2025-10-21 10:00:00,3862.91,3896.35,3858.0,3882.48,1159506.88
2025-10-21 10:00:00,3862.91,3896.35,3858.0,3882.48,1159506.88
2025-10-21 10:00:00,3862.91,3896.35,3858.0,3882.48,1159506.88
2025-10-21 10:00:00,3862.91,3896.35,3858.0,3882.48,1159506.88
2025-10-21 11:00:00,3882.47,3893.11,3868.32,3888.29,819399.7
2025-10-21 11:00:00,3882.47,3893.11,3868.32,3888.29,819399.7
2025-10-21 11:00:00,3882.47,3893.11,3868.32,3888.29,819399.7
2025-10-21 11:00:00,3882.47,3893.11,3868.32,3888.29,819399.7
2025-10-21 11:00:00,3882.47,3893.11,3868.32,3888.29,819399.7
2025-10-21 11:00:00,3882.47,3893.11,3868.32,3888.29,819399.7
2025-10-21 11:00:00,3882.47,3893.11,3868.32,3888.29,819399.7
2025-10-21 11:00:00,3882.47,3893.11,3868.32,3888.29,819399.7
2025-10-21 11:00:00,3882.47,3893.11,3868.32,3888.29,819399.7
2025-10-21 11:00:00,3882.47,3893.11,3868.32,3888.29,819399.7
2025-10-21 11:00:00,3882.47,3893.11,3868.32,3888.29,819399.7
2025-10-21 11:00:00,3882.47,3893.11,3868.32,3888.29,819399.7
2025-10-21 11:00:00,3882.47,3893.11,3868.32,3888.29,819399.7
2025-10-21 11:00:00,3882.47,3893.11,3868.32,3888.29,819399.7
2025-10-21 11:00:00,3882.47,3893.11,3868.32,3888.29,819399.7
2025-10-21 12:00:00,3888.3,3917.76,3874.03,3879.41,1555607.33
2025-10-21 12:00:00,3888.3,3917.76,3874.03,3879.41,1555607.33
2025-10-21 12:00:00,3888.3,3917.76,3874.03,3879.41,1555607.33
2025-10-21 12:00:00,3888.3,3917.76,3874.03,3879.41,1555607.33
2025-10-21 12:00:00,3888.3,3917.76,3874.03,3879.41,1555607.33
2025-10-21 12:00:00,3888.3,3917.76,3874.03,3879.41,1555607.33
2025-10-21 12:00:00,3888.3,3917.76,3874.03,3879.41,1555607.33
2025-10-21 12:00:00,3888.3,3917.76,3874.03,3879.41,1555607.33
2025-10-21 12:00:00,3888.3,3917.76,3874.03,3879.41,1555607.33
2025-10-21 12:00:00,3888.3,3917.76,3874.03,3879.41,1555607.33
2025-10-21 12:00:00,3888.3,3917.76,3874.03,3879.41,1555607.33
2025-10-21 12:00:00,3888.3,3917.76,3874.03,3879.41,1555607.33
2025-10-21 12:00:00,3888.3,3917.76,3874.03,3879.41,1555607.33
2025-10-21 12:00:00,3888.3,3917.76,3874.03,3879.41,1555607.33
2025-10-21 12:00:00,3888.3,3917.76,3874.03,3879.41,1555607.33
2025-10-21 13:00:00,3879.4,3897.68,3850.69,3864.76,2097412.74
2025-10-21 13:00:00,3879.4,3897.68,3850.69,3864.76,2097412.74
2025-10-21 13:00:00,3879.4,3897.68,3850.69,3864.76,2097412.74
2025-10-21 13:00:00,3879.4,3897.68,3850.69,3864.76,2097412.74
2025-10-21 13:00:00,3879.4,3897.68,3850.69,3864.76,2097412.74
2025-10-21 13:00:00,3879.4,3897.68,3850.69,3864.76,2097412.74
2025-10-21 13:00:00,3879.4,3897.68,3850.69,3864.76,2097412.74
2025-10-21 13:00:00,3879.4,3897.68,3850.69,3864.76,2097412.74
2025-10-21 13:00:00,3879.4,3897.68,3850.69,3864.76,2097412.74
2025-10-21 13:00:00,3879.4,3897.68,3850.69,3864.76,2097412.74
2025-10-21 13:00:00,3879.4,3897.68,3850.69,3864.76,2097412.74
2025-10-21 13:00:00,3879.4,3897.68,3850.69,3864.76,2097412.74
2025-10-21 13:00:00,3879.4,3897.68,3850.69,3864.76,2097412.74
2025-10-21 13:00:00,3879.4,3897.68,3850.69,3864.76,2097412.74
2025-10-21 13:00:00,3879.4,3897.68,3850.69,3864.76,2097412.74
2025-10-21 14:00:00,3864.77,4023.0,3863.33,4019.17,5953848.96
2025-10-21 14:00:00,3864.77,4023.0,3863.33,4019.17,5953848.96
2025-10-21 14:00:00,3864.77,4023.0,3863.33,4019.17,5953848.96
2025-10-21 14:00:00,3864.77,4023.0,3863.33,4019.17,5953848.96
2025-10-21 14:00:00,3864.77,4023.0,3863.33,4019.17,5953848.96
2025-10-21 14:00:00,3864.77,4023.0,3863.33,4019.17,5953848.96
2025-10-21 14:00:00,3864.77,4023.0,3863.33,4019.17,5953848.96
2025-10-21 14:00:00,3864.77,4023.0,3863.33,4019.17,5953848.96
2025-10-21 14:00:00,3864.77,4023.0,3863.33,4019.17,5953848.96
2025-10-21 14:00:00,3864.77,4023.0,3863.33,4019.17,5953848.96
2025-10-21 14:00:00,3864.77,4023.0,3863.33,4019.17,5953848.96
2025-10-21 14:00:00,3864.77,4023.0,3863.33,4019.17,5953848.96
2025-10-21 14:00:00,3864.77,4023.0,3863.33,4019.17,5953848.96
2025-10-21 14:00:00,3864.77,4023.0,3863.33,4019.17,5953848.96
2025-10-21 14:00:00,3864.77,4023.0,3863.33,4019.17,5953848.96
2025-10-21 15:00:00,4019.17,4084.73,3995.0,4079.96,5082329.71
2025-10-21 15:00:00,4019.17,4084.73,3995.0,4079.96,5082329.71
2025-10-21 15:00:00,4019.17,4084.73,3995.0,4079.96,5082329.71
2025-10-21 15:00:00,4019.17,4084.73,3995.0,4079.96,5082329.71
2025-10-21 15:00:00,4019.17,4084.73,3995.0,4079.96,5082329.71
2025-10-21 15:00:00,4019.17,4084.73,3995.0,4079.96,5082329.71
2025-10-21 15:00:00,4019.17,4084.73,3995.0,4079.96,5082329.71
2025-10-21 15:00:00,4019.17,4084.73,3995.0,4079.96,5082329.71
2025-10-21 15:00:00,4019.17,4084.73,3995.0,4079.96,5082329.71
2025-10-21 15:00:00,4019.17,4084.73,3995.0,4079.96,5082329.71
2025-10-21 15:00:00,4019.17,4084.73,3995.0,4079.96,5082329.71
2025-10-21 15:00:00,4019.17,4084.73,3995.0,4079.96,5082329.71
2025-10-21 15:00:00,4019.17,4084.73,3995.0,4079.96,5082329.71
2025-10-21 15:00:00,4019.17,4084.73,3995.0,4079.96,5082329.71
2025-10-21 15:00:00,4019.17,4084.73,3995.0,4079.96,5082329.71
2025-10-21 16:00:00,4079.95,4109.64,4016.6,4028.57,5107477.5
2025-10-21 16:00:00,4079.95,4109.64,4016.6,4028.57,5107477.5
2025-10-21 16:00:00,4079.95,4109.64,4016.6,4028.57,5107477.5
2025-10-21 16:00:00,4079.95,4109.64,4016.6,4028.57,5107477.5
2025-10-21 16:00:00,4079.95,4109.64,4016.6,4028.57,5107477.5
2025-10-21 16:00:00,4079.95,4109.64,4016.6,4028.57,5107477.5
2025-10-21 16:00:00,4079.95,4109.64,4016.6,4028.57,5107477.5
2025-10-21 16:00:00,4079.95,4109.64,4016.6,4028.57,5107477.5
2025-10-21 16:00:00,4079.95,4109.64,4016.6,4028.57,5107477.5
2025-10-21 16:00:00,4079.95,4109.64,4016.6,4028.57,5107477.5
2025-10-21 16:00:00,4079.95,4109.64,4016.6,4028.57,5107477.5
2025-10-21 16:00:00,4079.95,4109.64,4016.6,4028.57,5107477.5
2025-10-21 16:00:00,4079.95,4109.64,4016.6,4028.57,5107477.5
2025-10-21 16:00:00,4079.95,4109.64,4016.6,4028.57,5107477.5
2025-10-21 16:00:00,4079.95,4109.64,4016.6,4028.57,5107477.5
2025-10-21 17:00:00,4028.63,4040.0,3963.5,4012.97,5417368.93
2025-10-21 17:00:00,4028.63,4040.0,3963.5,4012.97,5417368.93
2025-10-21 17:00:00,4028.63,4040.0,3963.5,4012.97,5417368.93
2025-10-21 17:00:00,4028.63,4040.0,3963.5,4012.97,5417368.93
2025-10-21 17:00:00,4028.63,4040.0,3963.5,4012.97,5417368.93
2025-10-21 17:00:00,4028.63,4040.0,3963.5,4012.97,5417368.93
2025-10-21 17:00:00,4028.63,4040.0,3963.5,4012.97,5417368.93
2025-10-21 17:00:00,4028.63,4040.0,3963.5,4012.97,5417368.93
2025-10-21 17:00:00,4028.63,4040.0,3963.5,4012.97,5417368.93
2025-10-21 17:00:00,4028.63,4040.0,3963.5,4012.97,5417368.93
2025-10-21 17:00:00,4028.63,4040.0,3963.5,4012.97,5417368.93
2025-10-21 17:00:00,4028.63,4040.0,3963.5,4012.97,5417368.93
2025-10-21 17:00:00,4028.63,4040.0,3963.5,4012.97,5417368.93
2025-10-21 17:00:00,4028.63,4040.0,3963.5,4012.97,5417368.93
2025-10-21 17:00:00,4028.63,4040.0,3963.5,4012.97,5417368.93
2025-10-21 18:00:00,4012.98,4021.85,3973.18,4012.0,1763815.75
2025-10-21 18:00:00,4012.98,4021.85,3973.18,4012.0,1763815.75
2025-10-21 18:00:00,4012.98,4021.85,3973.18,4012.0,1763815.75
2025-10-21 18:00:00,4012.98,4021.85,3973.18,4012.0,1763815.75
2025-10-21 18:00:00,4012.98,4021.85,3973.18,4012.0,1763815.75
2025-10-21 18:00:00,4012.98,4021.85,3973.18,4012.0,1763815.75
2025-10-21 18:00:00,4012.98,4021.85,3973.18,4012.0,1763815.75
2025-10-21 18:00:00,4012.98,4021.85,3973.18,4012.0,1763815.75
2025-10-21 18:00:00,4012.98,4021.85,3973.18,4012.0,1763815.75
2025-10-21 18:00:00,4012.98,4021.85,3973.18,4012.0,1763815.75
2025-10-21 18:00:00,4012.98,4021.85,3973.18,4012.0,1763815.75
2025-10-21 18:00:00,4012.98,4021.85,3973.18,4012.0,1763815.75
2025-10-21 18:00:00,4012.98,4021.85,3973.18,4012.0,1763815.75
2025-10-21 18:00:00,4012.98,4021.85,3973.18,4012.0,1763815.75
2025-10-21 18:00:00,4012.98,4021.85,3973.18,4012.0,1763815.75
2025-10-21 19:00:00,4012.0,4021.24,3992.08,3994.39,827622.49
2025-10-21 19:00:00,4012.0,4021.24,3992.08,3994.39,827622.49
2025-10-21 19:00:00,4012.0,4021.24,3992.08,3994.39,827622.49
2025-10-21 19:00:00,4012.0,4021.24,3992.08,3994.39,827622.49
2025-10-21 19:00:00,4012.0,4021.24,3992.08,3994.39,827622.49
2025-10-21 19:00:00,4012.0,4021.24,3992.08,3994.39,827622.49
2025-10-21 19:00:00,4012.0,4021.24,3992.08,3994.39,827622.49
2025-10-21 19:00:00,4012.0,4021.24,3992.08,3994.39,827622.49
2025-10-21 19:00:00,4012.0,4021.24,3992.08,3994.39,827622.49
2025-10-21 19:00:00,4012.0,4021.24,3992.08,3994.39,827622.49
2025-10-21 19:00:00,4012.0,4021.24,3992.08,3994.39,827622.49
2025-10-21 19:00:00,4012.0,4021.24,3992.08,3994.39,827622.49
2025-10-21 19:00:00,4012.0,4021.24,3992.08,3994.39,827622.49
2025-10-21 19:00:00,4012.0,4021.24,3992.08,3994.39,827622.49
2025-10-21 19:00:00,4012.0,4021.24,3992.08,3994.39,827622.49
2025-10-21 20:00:00,3994.4,3999.59,3933.0,3951.95,1606206.64
2025-10-21 20:00:00,3994.4,3999.59,3933.0,3951.95,1606206.64
2025-10-21 20:00:00,3994.4,3999.59,3933.0,3951.95,1606206.64
2025-10-21 20:00:00,3994.4,3999.59,3933.0,3951.95,1606206.64
2025-10-21 20:00:00,3994.4,3999.59,3933.0,3951.95,1606206.64
2025-10-21 20:00:00,3994.4,3999.59,3933.0,3951.95,1606206.64
2025-10-21 20:00:00,3994.4,3999.59,3933.0,3951.95,1606206.64
2025-10-21 20:00:00,3994.4,3999.59,3933.0,3951.95,1606206.64
2025-10-21 20:00:00,3994.4,3999.59,3933.0,3951.95,1606206.64
2025-10-21 20:00:00,3994.4,3999.59,3933.0,3951.95,1606206.64
2025-10-21 20:00:00,3994.4,3999.59,3933.0,3951.95,1606206.64
2025-10-21 20:00:00,3994.4,3999.59,3933.0,3951.95,1606206.64
2025-10-21 20:00:00,3994.4,3999.59,3933.0,3951.95,1606206.64
2025-10-21 20:00:00,3994.4,3999.59,3933.0,3951.95,1606206.64
2025-10-21 20:00:00,3994.4,3999.59,3933.0,3951.95,1606206.64
2025-10-21 21:00:00,3951.95,3964.99,3891.58,3943.72,1518314.27
2025-10-21 21:00:00,3951.95,3964.99,3891.58,3943.72,1518314.27
2025-10-21 21:00:00,3951.95,3964.99,3891.58,3943.72,1518314.27
2025-10-21 21:00:00,3951.95,3964.99,3891.58,3943.72,1518314.27
2025-10-21 21:00:00,3951.95,3964.99,3891.58,3943.72,1518314.27
2025-10-21 21:00:00,3951.95,3964.99,3891.58,3943.72,1518314.27
2025-10-21 21:00:00,3951.95,3964.99,3891.58,3943.72,1518314.27
2025-10-21 21:00:00,3951.95,3964.99,3891.58,3943.72,1518314.27
2025-10-21 21:00:00,3951.95,3964.99,3891.58,3943.72,1518314.27
2025-10-21 21:00:00,3951.95,3964.99,3891.58,3943.72,1518314.27
2025-10-21 21:00:00,3951.95,3964.99,3891.58,3943.72,1518314.27
2025-10-21 21:00:00,3951.95,3964.99,3891.58,3943.72,1518314.27
2025-10-21 21:00:00,3951.95,3964.99,3891.58,3943.72,1518314.27
2025-10-21 21:00:00,3951.95,3964.99,3891.58,3943.72,1518314.27
2025-10-21 21:00:00,3951.95,3964.99,3891.58,3943.72,1518314.27
2025-10-21 22:00:00,3943.71,3947.84,3890.7,3899.54,1849216.06
2025-10-21 22:00:00,3943.71,3947.84,3890.7,3899.54,1849216.06
2025-10-21 22:00:00,3943.71,3947.84,3890.7,3899.54,1849216.06
2025-10-21 22:00:00,3943.71,3947.84,3890.7,3899.54,1849216.06
2025-10-21 22:00:00,3943.71,3947.84,3890.7,3899.54,1849216.06
2025-10-21 22:00:00,3943.71,3947.84,3890.7,3899.54,1849216.06
2025-10-21 22:00:00,3943.71,3947.84,3890.7,3899.54,1849216.06
2025-10-21 22:00:00,3943.71,3947.84,3890.7,3899.54,1849216.06
2025-10-21 22:00:00,3943.71,3947.84,3890.7,3899.54,1849216.06
2025-10-21 22:00:00,3943.71,3947.84,3890.7,3899.54,1849216.06
2025-10-21 22:00:00,3943.71,3947.84,3890.7,3899.54,1849216.06
2025-10-21 22:00:00,3943.71,3947.84,3890.7,3899.54,1849216.06
2025-10-21 22:00:00,3943.71,3947.84,3890.7,3899.54,1849216.06
2025-10-21 22:00:00,3943.71,3947.84,3890.7,3899.54,1849216.06
2025-10-21 22:00:00,3943.71,3947.84,3890.7,3899.54,1849216.06
2025-10-21 23:00:00,3899.54,3909.75,3855.11,3870.8,1773641.96
2025-10-21 23:00:00,3899.54,3909.75,3855.11,3870.8,1773641.96
2025-10-21 23:00:00,3899.54,3909.75,3855.11,3870.8,1773641.96
2025-10-21 23:00:00,3899.54,3909.75,3855.11,3870.8,1773641.96
2025-10-21 23:00:00,3899.54,3909.75,3855.11,3870.8,1773641.96
2025-10-21 23:00:00,3899.54,3909.75,3855.11,3870.8,1773641.96
2025-10-21 23:00:00,3899.54,3909.75,3855.11,3870.8,1773641.96
2025-10-21 23:00:00,3899.54,3909.75,3855.11,3870.8,1773641.96
2025-10-21 23:00:00,3899.54,3909.75,3855.11,3870.8,1773641.96
2025-10-21 23:00:00,3899.54,3909.75,3855.11,3870.8,1773641.96
2025-10-21 23:00:00,3899.54,3909.75,3855.11,3870.8,1773641.96
2025-10-21 23:00:00,3899.54,3909.75,3855.11,3870.8,1773641.96
2025-10-21 23:00:00,3899.54,3909.75,3855.11,3870.8,1773641.96
2025-10-21 23:00:00,3899.54,3909.75,3855.11,3870.8,1773641.96
2025-10-21 23:00:00,3899.54,3909.75,3855.11,3870.8,1773641.96
2025-10-22 00:00:00,3870.79,3887.81,3817.0,3840.12,2410892.14
2025-10-22 00:00:00,3870.79,3887.81,3817.0,3840.12,2410892.14
2025-10-22 00:00:00,3870.79,3887.81,3817.0,3840.12,2410892.14
2025-10-22 00:00:00,3870.79,3887.81,3817.0,3840.12,2410892.14
2025-10-22 00:00:00,3870.79,3887.81,3817.0,3840.12,2410892.14
2025-10-22 00:00:00,3870.79,3887.81,3817.0,3840.12,2410892.14
2025-10-22 00:00:00,3870.79,3887.81,3817.0,3840.12,2410892.14
2025-10-22 00:00:00,3870.79,3887.81,3817.0,3840.12,2410892.14
2025-10-22 00:00:00,3870.79,3887.81,3817.0,3840.12,2410892.14
2025-10-22 00:00:00,3870.79,3887.81,3817.0,3840.12,2410892.14
2025-10-22 00:00:00,3870.79,3887.81,3817.0,3840.12,2410892.14
2025-10-22 00:00:00,3870.79,3887.81,3817.0,3840.12,2410892.14
2025-10-22 00:00:00,3870.79,3887.81,3817.0,3840.12,2410892.14
2025-10-22 00:00:00,3870.79,3887.81,3817.0,3840.12,2410892.14
2025-10-22 00:00:00,3870.79,3887.81,3817.0,3840.12,2410892.14
2025-10-22 01:00:00,3840.11,3872.99,3839.13,3868.01,1302227.92
2025-10-22 01:00:00,3840.11,3872.99,3839.13,3868.01,1302227.92
2025-10-22 01:00:00,3840.11,3872.99,3839.13,3868.01,1302227.92
2025-10-22 01:00:00,3840.11,3872.99,3839.13,3868.01,1302227.92
2025-10-22 01:00:00,3840.11,3872.99,3839.13,3868.01,1302227.92
2025-10-22 01:00:00,3840.11,3872.99,3839.13,3868.01,1302227.92
2025-10-22 01:00:00,3840.11,3872.99,3839.13,3868.01,1302227.92
2025-10-22 01:00:00,3840.11,3872.99,3839.13,3868.01,1302227.92
2025-10-22 01:00:00,3840.11,3872.99,3839.13,3868.01,1302227.92
2025-10-22 01:00:00,3840.11,3872.99,3839.13,3868.01,1302227.92
2025-10-22 01:00:00,3840.11,3872.99,3839.13,3868.01,1302227.92
2025-10-22 01:00:00,3840.11,3872.99,3839.13,3868.01,1302227.92
2025-10-22 01:00:00,3840.11,3872.99,3839.13,3868.01,1302227.92
2025-10-22 01:00:00,3840.11,3872.99,3839.13,3868.01,1302227.92
2025-10-22 01:00:00,3840.11,3872.99,3839.13,3868.01,1302227.92
2025-10-22 02:00:00,3868.01,3874.44,3858.32,3859.87,660691.13
2025-10-22 02:00:00,3868.01,3874.44,3858.32,3859.87,660691.13
2025-10-22 02:00:00,3868.01,3874.44,3858.32,3859.87,660691.13
2025-10-22 02:00:00,3868.01,3874.44,3858.32,3859.87,660691.13
2025-10-22 02:00:00,3868.01,3874.44,3858.32,3859.87,660691.13
2025-10-22 02:00:00,3868.01,3874.44,3858.32,3859.87,660691.13
2025-10-22 02:00:00,3868.01,3874.44,3858.32,3859.87,660691.13
2025-10-22 02:00:00,3868.01,3874.44,3858.32,3859.87,660691.13
2025-10-22 02:00:00,3868.01,3874.44,3858.32,3859.87,660691.13
2025-10-22 02:00:00,3868.01,3874.44,3858.32,3859.87,660691.13
2025-10-22 02:00:00,3868.01,3874.44,3858.32,3859.87,660691.13
2025-10-22 02:00:00,3868.01,3874.44,3858.32,3859.87,660691.13
2025-10-22 02:00:00,3868.01,3874.44,3858.32,3859.87,660691.13
2025-10-22 02:00:00,3868.01,3874.44,3858.32,3859.87,660691.13
2025-10-22 02:00:00,3868.01,3874.44,3858.32,3859.87,660691.13
2025-10-22 03:00:00,3859.87,3861.99,3837.36,3857.67,878089.88
2025-10-22 03:00:00,3859.87,3861.99,3837.36,3857.67,878089.88
2025-10-22 03:00:00,3859.87,3861.99,3837.36,3857.67,878089.88
2025-10-22 03:00:00,3859.87,3861.99,3837.36,3857.67,878089.88
2025-10-22 03:00:00,3859.87,3861.99,3837.36,3857.67,878089.88
2025-10-22 03:00:00,3859.87,3861.99,3837.36,3857.67,878089.88
2025-10-22 03:00:00,3859.87,3861.99,3837.36,3857.67,878089.88
2025-10-22 03:00:00,3859.87,3861.99,3837.36,3857.67,878089.88
2025-10-22 03:00:00,3859.87,3861.99,3837.36,3857.67,878089.88
2025-10-22 03:00:00,3859.87,3861.99,3837.36,3857.67,878089.88
2025-10-22 03:00:00,3859.87,3861.99,3837.36,3857.67,878089.88
2025-10-22 03:00:00,3859.87,3861.99,3837.36,3857.67,878089.88
2025-10-22 03:00:00,3859.87,3861.99,3837.36,3857.67,878089.88
2025-10-22 03:00:00,3859.87,3861.99,3837.36,3857.67,878089.88
2025-10-22 03:00:00,3859.87,3861.99,3837.36,3857.67,878089.88
2025-10-22 04:00:00,3857.66,3882.4,3855.24,3876.9,802575.03
2025-10-22 04:00:00,3857.66,3882.4,3855.24,3876.9,802575.03
2025-10-22 04:00:00,3857.66,3882.4,3855.24,3876.9,802575.03
2025-10-22 04:00:00,3857.66,3882.4,3855.24,3876.9,802575.03
2025-10-22 04:00:00,3857.66,3882.4,3855.24,3876.9,802575.03
2025-10-22 04:00:00,3857.66,3882.4,3855.24,3876.9,802575.03
2025-10-22 04:00:00,3857.66,3882.4,3855.24,3876.9,802575.03
2025-10-22 04:00:00,3857.66,3882.4,3855.24,3876.9,802575.03
2025-10-22 04:00:00,3857.66,3882.4,3855.24,3876.9,802575.03
2025-10-22 04:00:00,3857.66,3882.4,3855.24,3876.9,802575.03
2025-10-22 04:00:00,3857.66,3882.4,3855.24,3876.9,802575.03
2025-10-22 04:00:00,3857.66,3882.4,3855.24,3876.9,802575.03
2025-10-22 04:00:00,3857.66,3882.4,3855.24,3876.9,802575.03
2025-10-22 04:00:00,3857.66,3882.4,3855.24,3876.9,802575.03
2025-10-22 04:00:00,3857.66,3882.4,3855.24,3876.9,802575.03
2025-10-22 05:00:00,3876.9,3880.0,3835.0,3858.48,1170492.13
2025-10-22 05:00:00,3876.9,3880.0,3835.0,3858.48,1170492.13
2025-10-22 05:00:00,3876.9,3880.0,3835.0,3858.48,1170492.13
2025-10-22 05:00:00,3876.9,3880.0,3835.0,3858.48,1170492.13
2025-10-22 05:00:00,3876.9,3880.0,3835.0,3858.48,1170492.13
2025-10-22 05:00:00,3876.9,3880.0,3835.0,3858.48,1170492.13
2025-10-22 05:00:00,3876.9,3880.0,3835.0,3858.48,1170492.13
2025-10-22 05:00:00,3876.9,3880.0,3835.0,3858.48,1170492.13
2025-10-22 05:00:00,3876.9,3880.0,3835.0,3858.48,1170492.13
2025-10-22 05:00:00,3876.9,3880.0,3835.0,3858.48,1170492.13
2025-10-22 05:00:00,3876.9,3880.0,3835.0,3858.48,1170492.13
2025-10-22 05:00:00,3876.9,3880.0,3835.0,3858.48,1170492.13
2025-10-22 05:00:00,3876.9,3880.0,3835.0,3858.48,1170492.13
2025-10-22 05:00:00,3876.9,3880.0,3835.0,3858.48,1170492.13
2025-10-22 05:00:00,3876.9,3880.0,3835.0,3858.48,1170492.13
2025-10-22 06:00:00,3858.47,3868.97,3850.27,3850.96,576260.49
2025-10-22 06:00:00,3858.47,3868.97,3850.27,3850.96,576260.49
2025-10-22 06:00:00,3858.47,3868.97,3850.27,3850.96,576260.49
2025-10-22 06:00:00,3858.47,3868.97,3850.27,3850.96,576260.49
2025-10-22 06:00:00,3858.47,3868.97,3850.27,3850.96,576260.49
2025-10-22 06:00:00,3858.47,3868.97,3850.27,3850.96,576260.49
2025-10-22 06:00:00,3858.47,3868.97,3850.27,3850.96,576260.49
2025-10-22 06:00:00,3858.47,3868.97,3850.27,3850.96,576260.49
2025-10-22 06:00:00,3858.47,3868.97,3850.27,3850.96,576260.49
2025-10-22 06:00:00,3858.47,3868.97,3850.27,3850.96,576260.49
2025-10-22 06:00:00,3858.47,3868.97,3850.27,3850.96,576260.49
2025-10-22 06:00:00,3858.47,3868.97,3850.27,3850.96,576260.49
2025-10-22 06:00:00,3858.47,3868.97,3850.27,3850.96,576260.49
2025-10-22 06:00:00,3858.47,3868.97,3850.27,3850.96,576260.49
2025-10-22 06:00:00,3858.47,3868.97,3850.27,3850.96,576260.49
2025-10-22 07:00:00,3850.95,3876.77,3839.01,3867.31,989145.82
2025-10-22 07:00:00,3850.95,3876.77,3839.01,3867.31,989145.82
2025-10-22 07:00:00,3850.95,3876.77,3839.01,3867.31,989145.82
2025-10-22 07:00:00,3850.95,3876.77,3839.01,3867.31,989145.82
2025-10-22 07:00:00,3850.95,3876.77,3839.01,3867.31,989145.82
2025-10-22 07:00:00,3850.95,3876.77,3839.01,3867.31,989145.82
2025-10-22 07:00:00,3850.95,3876.77,3839.01,3867.31,989145.82
2025-10-22 07:00:00,3850.95,3876.77,3839.01,3867.31,989145.82
2025-10-22 07:00:00,3850.95,3876.77,3839.01,3867.31,989145.82
2025-10-22 07:00:00,3850.95,3876.77,3839.01,3867.31,989145.82
2025-10-22 07:00:00,3850.95,3876.77,3839.01,3867.31,989145.82
2025-10-22 07:00:00,3850.95,3876.77,3839.01,3867.31,989145.82
2025-10-22 07:00:00,3850.95,3876.77,3839.01,3867.31,989145.82
2025-10-22 07:00:00,3850.95,3876.77,3839.01,3867.31,989145.82
2025-10-22 07:00:00,3850.95,3876.77,3839.01,3867.31,989145.82
2025-10-22 08:00:00,3867.31,3867.32,3846.87,3852.46,521241.22
2025-10-22 08:00:00,3867.31,3867.32,3846.87,3852.46,521241.22
2025-10-22 08:00:00,3867.31,3867.32,3846.87,3852.46,521241.22
2025-10-22 08:00:00,3867.31,3867.32,3846.87,3852.46,521241.22
2025-10-22 08:00:00,3867.31,3867.32,3846.87,3852.46,521241.22
2025-10-22 08:00:00,3867.31,3867.32,3846.87,3852.46,521241.22
2025-10-22 08:00:00,3867.31,3867.32,3846.87,3852.46,521241.22
2025-10-22 08:00:00,3867.31,3867.32,3846.87,3852.46,521241.22
2025-10-22 08:00:00,3867.31,3867.32,3846.87,3852.46,521241.22
2025-10-22 08:00:00,3867.31,3867.32,3846.87,3852.46,521241.22
2025-10-22 08:00:00,3867.31,3867.32,3846.87,3852.46,521241.22
2025-10-22 08:00:00,3867.31,3867.32,3846.87,3852.46,521241.22
2025-10-22 08:00:00,3867.31,3867.32,3846.87,3852.46,521241.22
2025-10-22 08:00:00,3867.31,3867.32,3846.87,3852.46,521241.22
2025-10-22 08:00:00,3867.31,3867.32,3846.87,3852.46,521241.22
2025-10-22 09:00:00,3852.46,3857.0,3822.0,3835.39,1512491.78
2025-10-22 09:00:00,3852.46,3857.0,3822.0,3835.39,1512491.78
2025-10-22 09:00:00,3852.46,3857.0,3822.0,3835.39,1512491.78
2025-10-22 09:00:00,3852.46,3857.0,3822.0,3835.39,1512491.78
2025-10-22 09:00:00,3852.46,3857.0,3822.0,3835.39,1512491.78
2025-10-22 09:00:00,3852.46,3857.0,3822.0,3835.39,1512491.78
2025-10-22 09:00:00,3852.46,3857.0,3822.0,3835.39,1512491.78
2025-10-22 09:00:00,3852.46,3857.0,3822.0,3835.39,1512491.78
2025-10-22 09:00:00,3852.46,3857.0,3822.0,3835.39,1512491.78
2025-10-22 09:00:00,3852.46,3857.0,3822.0,3835.39,1512491.78
2025-10-22 09:00:00,3852.46,3857.0,3822.0,3835.39,1512491.78
2025-10-22 09:00:00,3852.46,3857.0,3822.0,3835.39,1512491.78
2025-10-22 09:00:00,3852.46,3857.0,3822.0,3835.39,1512491.78
2025-10-22 09:00:00,3852.46,3857.0,3822.0,3835.39,1512491.78
2025-10-22 09:00:00,3852.46,3857.0,3822.0,3835.39,1512491.78
2025-10-22 10:00:00,3835.38,3848.0,3815.49,3819.09,1381987.52
2025-10-22 10:00:00,3835.38,3848.0,3815.49,3819.09,1381987.52
2025-10-22 10:00:00,3835.38,3848.0,3815.49,3819.09,1381987.52
2025-10-22 10:00:00,3835.38,3848.0,3815.49,3819.09,1381987.52
2025-10-22 10:00:00,3835.38,3848.0,3815.49,3819.09,1381987.52
2025-10-22 10:00:00,3835.38,3848.0,3815.49,3819.09,1381987.52
2025-10-22 10:00:00,3835.38,3848.0,3815.49,3819.09,1381987.52
2025-10-22 10:00:00,3835.38,3848.0,3815.49,3819.09,1381987.52
2025-10-22 10:00:00,3835.38,3848.0,3815.49,3819.09,1381987.52
2025-10-22 10:00:00,3835.38,3848.0,3815.49,3819.09,1381987.52
2025-10-22 10:00:00,3835.38,3848.0,3815.49,3819.09,1381987.52
2025-10-22 10:00:00,3835.38,3848.0,3815.49,3819.09,1381987.52
2025-10-22 10:00:00,3835.38,3848.0,3815.49,3819.09,1381987.52
2025-10-22 10:00:00,3835.38,3848.0,3815.49,3819.09,1381987.52
2025-10-22 10:00:00,3835.38,3848.0,3815.49,3819.09,1381987.52
2025-10-22 11:00:00,3819.1,3837.49,3763.54,3827.01,3996566.95
2025-10-22 11:00:00,3819.1,3837.49,3763.54,3827.01,3996566.95
2025-10-22 11:00:00,3819.1,3837.49,3763.54,3827.01,3996566.95
2025-10-22 11:00:00,3819.1,3837.49,3763.54,3827.01,3996566.95
2025-10-22 11:00:00,3819.1,3837.49,3763.54,3827.01,3996566.95
2025-10-22 11:00:00,3819.1,3837.49,3763.54,3827.01,3996566.95
2025-10-22 11:00:00,3819.1,3837.49,3763.54,3827.01,3996566.95
2025-10-22 11:00:00,3819.1,3837.49,3763.54,3827.01,3996566.95
2025-10-22 11:00:00,3819.1,3837.49,3763.54,3827.01,3996566.95
2025-10-22 11:00:00,3819.1,3837.49,3763.54,3827.01,3996566.95
2025-10-22 11:00:00,3819.1,3837.49,3763.54,3827.01,3996566.95
2025-10-22 11:00:00,3819.1,3837.49,3763.54,3827.01,3996566.95
2025-10-22 11:00:00,3819.1,3837.49,3763.54,3827.01,3996566.95
2025-10-22 11:00:00,3819.1,3837.49,3763.54,3827.01,3996566.95
2025-10-22 11:00:00,3819.1,3837.49,3763.54,3827.01,3996566.95
2025-10-22 12:00:00,3827.0,3856.45,3818.6,3844.72,1233455.64
2025-10-22 12:00:00,3827.0,3856.45,3818.6,3844.72,1233455.64
2025-10-22 12:00:00,3827.0,3856.45,3818.6,3844.72,1233455.64
2025-10-22 12:00:00,3827.0,3856.45,3818.6,3844.72,1233455.64
2025-10-22 12:00:00,3827.0,3856.45,3818.6,3844.72,1233455.64
2025-10-22 12:00:00,3827.0,3856.45,3818.6,3844.72,1233455.64
2025-10-22 12:00:00,3827.0,3856.45,3818.6,3844.72,1233455.64
2025-10-22 12:00:00,3827.0,3856.45,3818.6,3844.72,1233455.64
2025-10-22 12:00:00,3827.0,3856.45,3818.6,3844.72,1233455.64
2025-10-22 12:00:00,3827.0,3856.45,3818.6,3844.72,1233455.64
2025-10-22 12:00:00,3827.0,3856.45,3818.6,3844.72,1233455.64
2025-10-22 12:00:00,3827.0,3856.45,3818.6,3844.72,1233455.64
2025-10-22 12:00:00,3827.0,3856.45,3818.6,3844.72,1233455.64
2025-10-22 12:00:00,3827.0,3856.45,3818.6,3844.72,1233455.64
2025-10-22 12:00:00,3827.0,3856.45,3818.6,3844.72,1233455.64
2025-10-22 13:00:00,3844.71,3875.99,3822.3,3870.79,2351447.65
2025-10-22 13:00:00,3844.71,3875.99,3822.3,3870.79,2351447.65
2025-10-22 13:00:00,3844.71,3875.99,3822.3,3870.79,2351447.65
2025-10-22 13:00:00,3844.71,3875.99,3822.3,3870.79,2351447.65
2025-10-22 13:00:00,3844.71,3875.99,3822.3,3870.79,2351447.65
2025-10-22 13:00:00,3844.71,3875.99,3822.3,3870.79,2351447.65
2025-10-22 13:00:00,3844.71,3875.99,3822.3,3870.79,2351447.65
2025-10-22 13:00:00,3844.71,3875.99,3822.3,3870.79,2351447.65
2025-10-22 13:00:00,3844.71,3875.99,3822.3,3870.79,2351447.65
2025-10-22 13:00:00,3844.71,3875.99,3822.3,3870.79,2351447.65
2025-10-22 13:00:00,3844.71,3875.99,3822.3,3870.79,2351447.65
2025-10-22 13:00:00,3844.71,3875.99,3822.3,3870.79,2351447.65
2025-10-22 13:00:00,3844.71,3875.99,3822.3,3870.79,2351447.65
2025-10-22 13:00:00,3844.71,3875.99,3822.3,3870.79,2351447.65
2025-10-22 13:00:00,3844.71,3875.99,3822.3,3870.79,2351447.65
2025-10-22 14:00:00,3870.8,3872.84,3777.01,3851.68,4668876.86
2025-10-22 14:00:00,3870.8,3872.84,3777.01,3851.68,4668876.86
2025-10-22 14:00:00,3870.8,3872.84,3777.01,3851.68,4668876.86
2025-10-22 14:00:00,3870.8,3872.84,3777.01,3851.68,4668876.86
2025-10-22 14:00:00,3870.8,3872.84,3777.01,3851.68,4668876.86
2025-10-22 14:00:00,3870.8,3872.84,3777.01,3851.68,4668876.86
2025-10-22 14:00:00,3870.8,3872.84,3777.01,3851.68,4668876.86
2025-10-22 14:00:00,3870.8,3872.84,3777.01,3851.68,4668876.86
2025-10-22 14:00:00,3870.8,3872.84,3777.01,3851.68,4668876.86
2025-10-22 14:00:00,3870.8,3872.84,3777.01,3851.68,4668876.86
2025-10-22 14:00:00,3870.8,3872.84,3777.01,3851.68,4668876.86
2025-10-22 14:00:00,3870.8,3872.84,3777.01,3851.68,4668876.86
2025-10-22 14:00:00,3870.8,3872.84,3777.01,3851.68,4668876.86
2025-10-22 14:00:00,3870.8,3872.84,3777.01,3851.68,4668876.86
2025-10-22 14:00:00,3870.8,3872.84,3777.01,3851.68,4668876.86
2025-10-22 15:00:00,3851.7,3862.68,3786.93,3839.45,3231811.09
2025-10-22 15:00:00,3851.7,3862.68,3786.93,3839.45,3231811.09
2025-10-22 15:00:00,3851.7,3862.68,3786.93,3839.45,3231811.09
2025-10-22 15:00:00,3851.7,3862.68,3786.93,3839.45,3231811.09
2025-10-22 15:00:00,3851.7,3862.68,3786.93,3839.45,3231811.09
2025-10-22 15:00:00,3851.7,3862.68,3786.93,3839.45,3231811.09
2025-10-22 15:00:00,3851.7,3862.68,3786.93,3839.45,3231811.09
2025-10-22 15:00:00,3851.7,3862.68,3786.93,3839.45,3231811.09
2025-10-22 15:00:00,3851.7,3862.68,3786.93,3839.45,3231811.09
2025-10-22 15:00:00,3851.7,3862.68,3786.93,3839.45,3231811.09
2025-10-22 15:00:00,3851.7,3862.68,3786.93,3839.45,3231811.09
2025-10-22 15:00:00,3851.7,3862.68,3786.93,3839.45,3231811.09
2025-10-22 15:00:00,3851.7,3862.68,3786.93,3839.45,3231811.09
2025-10-22 15:00:00,3851.7,3862.68,3786.93,3839.45,3231811.09
2025-10-22 15:00:00,3851.7,3862.68,3786.93,3839.45,3231811.09
2025-10-22 16:00:00,3839.44,3859.15,3808.08,3833.28,2672316.75
2025-10-22 16:00:00,3839.44,3859.15,3808.08,3833.28,2672316.75
2025-10-22 16:00:00,3839.44,3859.15,3808.08,3833.28,2672316.75
2025-10-22 16:00:00,3839.44,3859.15,3808.08,3833.28,2672316.75
2025-10-22 16:00:00,3839.44,3859.15,3808.08,3833.28,2672316.75
2025-10-22 16:00:00,3839.44,3859.15,3808.08,3833.28,2672316.75
2025-10-22 16:00:00,3839.44,3859.15,3808.08,3833.28,2672316.75
2025-10-22 16:00:00,3839.44,3859.15,3808.08,3833.28,2672316.75
2025-10-22 16:00:00,3839.44,3859.15,3808.08,3833.28,2672316.75
2025-10-22 16:00:00,3839.44,3859.15,3808.08,3833.28,2672316.75
2025-10-22 16:00:00,3839.44,3859.15,3808.08,3833.28,2672316.75
2025-10-22 16:00:00,3839.44,3859.15,3808.08,3833.28,2672316.75
2025-10-22 16:00:00,3839.44,3859.15,3808.08,3833.28,2672316.75
2025-10-22 16:00:00,3839.44,3859.15,3808.08,3833.28,2672316.75
2025-10-22 16:00:00,3839.44,3859.15,3808.08,3833.28,2672316.75
2025-10-22 17:00:00,3833.28,3840.99,3792.0,3805.53,1225354.95
2025-10-22 17:00:00,3833.28,3840.99,3792.0,3805.53,1225354.95
2025-10-22 17:00:00,3833.28,3840.99,3792.0,3805.53,1225354.95
2025-10-22 17:00:00,3833.28,3840.99,3792.0,3805.53,1225354.95
2025-10-22 17:00:00,3833.28,3840.99,3792.0,3805.53,1225354.95
2025-10-22 17:00:00,3833.28,3840.99,3792.0,3805.53,1225354.95
2025-10-22 17:00:00,3833.28,3840.99,3792.0,3805.53,1225354.95
2025-10-22 17:00:00,3833.28,3840.99,3792.0,3805.53,1225354.95
2025-10-22 17:00:00,3833.28,3840.99,3792.0,3805.53,1225354.95
2025-10-22 17:00:00,3833.28,3840.99,3792.0,3805.53,1225354.95
2025-10-22 17:00:00,3833.28,3840.99,3792.0,3805.53,1225354.95
2025-10-22 17:00:00,3833.28,3840.99,3792.0,3805.53,1225354.95
2025-10-22 17:00:00,3833.28,3840.99,3792.0,3805.53,1225354.95
2025-10-22 17:00:00,3833.28,3840.99,3792.0,3805.53,1225354.95
2025-10-22 17:00:00,3833.28,3840.99,3792.0,3805.53,1225354.95
2025-10-22 18:00:00,3805.53,3819.46,3786.34,3800.95,1190635.72
2025-10-22 18:00:00,3805.53,3819.46,3786.34,3800.95,1190635.72
2025-10-22 18:00:00,3805.53,3819.46,3786.34,3800.95,1190635.72
2025-10-22 18:00:00,3805.53,3819.46,3786.34,3800.95,1190635.72
2025-10-22 18:00:00,3805.53,3819.46,3786.34,3800.95,1190635.72
2025-10-22 18:00:00,3805.53,3819.46,3786.34,3800.95,1190635.72
2025-10-22 18:00:00,3805.53,3819.46,3786.34,3800.95,1190635.72
2025-10-22 18:00:00,3805.53,3819.46,3786.34,3800.95,1190635.72
2025-10-22 18:00:00,3805.53,3819.46,3786.34,3800.95,1190635.72
2025-10-22 18:00:00,3805.53,3819.46,3786.34,3800.95,1190635.72
2025-10-22 18:00:00,3805.53,3819.46,3786.34,3800.95,1190635.72
2025-10-22 18:00:00,3805.53,3819.46,3786.34,3800.95,1190635.72
2025-10-22 18:00:00,3805.53,3819.46,3786.34,3800.95,1190635.72
2025-10-22 18:00:00,3805.53,3819.46,3786.34,3800.95,1190635.72
2025-10-22 18:00:00,3805.53,3819.46,3786.34,3800.95,1190635.72
2025-10-22 19:00:00,3800.95,3827.14,3781.06,3802.55,1345123.98
2025-10-22 19:00:00,3800.95,3827.14,3781.06,3802.55,1345123.98
2025-10-22 19:00:00,3800.95,3827.14,3781.06,3802.55,1345123.98
2025-10-22 19:00:00,3800.95,3827.14,3781.06,3802.55,1345123.98
2025-10-22 19:00:00,3800.95,3827.14,3781.06,3802.55,1345123.98
2025-10-22 19:00:00,3800.95,3827.14,3781.06,3802.55,1345123.98
2025-10-22 19:00:00,3800.95,3827.14,3781.06,3802.55,1345123.98
2025-10-22 19:00:00,3800.95,3827.14,3781.06,3802.55,1345123.98
2025-10-22 19:00:00,3800.95,3827.14,3781.06,3802.55,1345123.98
2025-10-22 19:00:00,3800.95,3827.14,3781.06,3802.55,1345123.98
2025-10-22 19:00:00,3800.95,3827.14,3781.06,3802.55,1345123.98
2025-10-22 19:00:00,3800.95,3827.14,3781.06,3802.55,1345123.98
2025-10-22 19:00:00,3800.95,3827.14,3781.06,3802.55,1345123.98
2025-10-22 19:00:00,3800.95,3827.14,3781.06,3802.55,1345123.98
2025-10-22 19:00:00,3800.95,3827.14,3781.06,3802.55,1345123.98
2025-10-22 20:00:00,3802.55,3808.78,3765.8,3779.01,1205087.58
2025-10-22 20:00:00,3802.55,3808.78,3765.8,3779.01,1205087.58
2025-10-22 20:00:00,3802.55,3808.78,3765.8,3779.01,1205087.58
2025-10-22 20:00:00,3802.55,3808.78,3765.8,3779.01,1205087.58
2025-10-22 20:00:00,3802.55,3808.78,3765.8,3779.01,1205087.58
2025-10-22 20:00:00,3802.55,3808.78,3765.8,3779.01,1205087.58
2025-10-22 20:00:00,3802.55,3808.78,3765.8,3779.01,1205087.58
2025-10-22 20:00:00,3802.55,3808.78,3765.8,3779.01,1205087.58
2025-10-22 20:00:00,3802.55,3808.78,3765.8,3779.01,1205087.58
2025-10-22 20:00:00,3802.55,3808.78,3765.8,3779.01,1205087.58
2025-10-22 20:00:00,3802.55,3808.78,3765.8,3779.01,1205087.58
2025-10-22 20:00:00,3802.55,3808.78,3765.8,3779.01,1205087.58
2025-10-22 20:00:00,3802.55,3808.78,3765.8,3779.01,1205087.58
2025-10-22 20:00:00,3802.55,3808.78,3765.8,3779.01,1205087.58
2025-10-22 20:00:00,3802.55,3808.78,3765.8,3779.01,1205087.58
2025-10-22 21:00:00,3779.01,3780.29,3705.01,3742.48,2708007.15
2025-10-22 21:00:00,3779.01,3780.29,3705.01,3742.48,2708007.15
2025-10-22 21:00:00,3779.01,3780.29,3705.01,3742.48,2708007.15
2025-10-22 21:00:00,3779.01,3780.29,3705.01,3742.48,2708007.15
2025-10-22 21:00:00,3779.01,3780.29,3705.01,3742.48,2708007.15
2025-10-22 21:00:00,3779.01,3780.29,3705.01,3742.48,2708007.15
2025-10-22 21:00:00,3779.01,3780.29,3705.01,3742.48,2708007.15
2025-10-22 21:00:00,3779.01,3780.29,3705.01,3742.48,2708007.15
2025-10-22 21:00:00,3779.01,3780.29,3705.01,3742.48,2708007.15
2025-10-22 21:00:00,3779.01,3780.29,3705.01,3742.48,2708007.15
2025-10-22 21:00:00,3779.01,3780.29,3705.01,3742.48,2708007.15
2025-10-22 21:00:00,3779.01,3780.29,3705.01,3742.48,2708007.15
2025-10-22 21:00:00,3779.01,3780.29,3705.01,3742.48,2708007.15
2025-10-22 21:00:00,3779.01,3780.29,3705.01,3742.48,2708007.15
2025-10-22 21:00:00,3779.01,3780.29,3705.01,3742.48,2708007.15
2025-10-22 22:00:00,3742.48,3760.0,3731.38,3750.07,782587.18
2025-10-22 22:00:00,3742.48,3760.0,3731.38,3750.07,782587.18
2025-10-22 22:00:00,3742.48,3760.0,3731.38,3750.07,782587.18
2025-10-22 22:00:00,3742.48,3760.0,3731.38,3750.07,782587.18
2025-10-22 22:00:00,3742.48,3760.0,3731.38,3750.07,782587.18
2025-10-22 22:00:00,3742.48,3760.0,3731.38,3750.07,782587.18
2025-10-22 22:00:00,3742.48,3760.0,3731.38,3750.07,782587.18
2025-10-22 22:00:00,3742.48,3760.0,3731.38,3750.07,782587.18
2025-10-22 22:00:00,3742.48,3760.0,3731.38,3750.07,782587.18
2025-10-22 22:00:00,3742.48,3760.0,3731.38,3750.07,782587.18
2025-10-22 22:00:00,3742.48,3760.0,3731.38,3750.07,782587.18
2025-10-22 22:00:00,3742.48,3760.0,3731.38,3750.07,782587.18
2025-10-22 22:00:00,3742.48,3760.0,3731.38,3750.07,782587.18
2025-10-22 22:00:00,3742.48,3760.0,3731.38,3750.07,782587.18
2025-10-22 22:00:00,3742.48,3760.0,3731.38,3750.07,782587.18
2025-10-22 23:00:00,3750.06,3816.74,3748.4,3803.69,1386795.12
2025-10-22 23:00:00,3750.06,3816.74,3748.4,3803.69,1386795.12
2025-10-22 23:00:00,3750.06,3816.74,3748.4,3803.69,1386795.12
2025-10-22 23:00:00,3750.06,3816.74,3748.4,3803.69,1386795.12
2025-10-22 23:00:00,3750.06,3816.74,3748.4,3803.69,1386795.12
2025-10-22 23:00:00,3750.06,3816.74,3748.4,3803.69,1386795.12
2025-10-22 23:00:00,3750.06,3816.74,3748.4,3803.69,1386795.12
2025-10-22 23:00:00,3750.06,3816.74,3748.4,3803.69,1386795.12
2025-10-22 23:00:00,3750.06,3816.74,3748.4,3803.69,1386795.12
2025-10-22 23:00:00,3750.06,3816.74,3748.4,3803.69,1386795.12
2025-10-22 23:00:00,3750.06,3816.74,3748.4,3803.69,1386795.12
2025-10-22 23:00:00,3750.06,3816.74,3748.4,3803.69,1386795.12
2025-10-22 23:00:00,3750.06,3816.74,3748.4,3803.69,1386795.12
2025-10-22 23:00:00,3750.06,3816.74,3748.4,3803.69,1386795.12
2025-10-22 23:00:00,3750.06,3816.74,3748.4,3803.69,1386795.12
2025-10-23 00:00:00,3803.69,3820.0,3794.34,3813.21,707422.21
2025-10-23 00:00:00,3803.69,3820.0,3794.34,3813.21,707422.21
2025-10-23 00:00:00,3803.69,3820.0,3794.34,3813.21,707422.21
2025-10-23 00:00:00,3803.69,3820.0,3794.34,3813.21,707422.21
2025-10-23 00:00:00,3803.69,3820.0,3794.34,3813.21,707422.21
2025-10-23 00:00:00,3803.69,3820.0,3794.34,3813.21,707422.21
2025-10-23 00:00:00,3803.69,3820.0,3794.34,3813.21,707422.21
2025-10-23 00:00:00,3803.69,3820.0,3794.34,3813.21,707422.21
2025-10-23 00:00:00,3803.69,3820.0,3794.34,3813.21,707422.21
2025-10-23 00:00:00,3803.69,3820.0,3794.34,3813.21,707422.21
2025-10-23 00:00:00,3803.69,3820.0,3794.34,3813.21,707422.21
2025-10-23 00:00:00,3803.69,3820.0,3794.34,3813.21,707422.21
2025-10-23 00:00:00,3803.69,3820.0,3794.34,3813.21,707422.21
2025-10-23 00:00:00,3803.69,3820.0,3794.34,3813.21,707422.21
2025-10-23 00:00:00,3803.69,3820.0,3794.34,3813.21,707422.21
2025-10-23 01:00:00,3813.22,3835.16,3810.0,3819.37,898747.52
2025-10-23 01:00:00,3813.22,3835.16,3810.0,3819.37,898747.52
2025-10-23 01:00:00,3813.22,3835.16,3810.0,3819.37,898747.52
2025-10-23 01:00:00,3813.22,3835.16,3810.0,3819.37,898747.52
2025-10-23 01:00:00,3813.22,3835.16,3810.0,3819.37,898747.52
2025-10-23 01:00:00,3813.22,3835.16,3810.0,3819.37,898747.52
2025-10-23 01:00:00,3813.22,3835.16,3810.0,3819.37,898747.52
2025-10-23 01:00:00,3813.22,3835.16,3810.0,3819.37,898747.52
2025-10-23 01:00:00,3813.22,3835.16,3810.0,3819.37,898747.52
2025-10-23 01:00:00,3813.22,3835.16,3810.0,3819.37,898747.52
2025-10-23 01:00:00,3813.22,3835.16,3810.0,3819.37,898747.52
2025-10-23 01:00:00,3813.22,3835.16,3810.0,3819.37,898747.52
2025-10-23 01:00:00,3813.22,3835.16,3810.0,3819.37,898747.52
2025-10-23 01:00:00,3813.22,3835.16,3810.0,3819.37,898747.52
2025-10-23 01:00:00,3813.22,3835.16,3810.0,3819.37,898747.52
2025-10-23 02:00:00,3819.38,3833.28,3813.0,3823.99,587599.56
2025-10-23 02:00:00,3819.38,3833.28,3813.0,3823.99,587599.56
2025-10-23 02:00:00,3819.38,3833.28,3813.0,3823.99,587599.56
2025-10-23 02:00:00,3819.38,3833.28,3813.0,3823.99,587599.56
2025-10-23 02:00:00,3819.38,3833.28,3813.0,3823.99,587599.56
2025-10-23 02:00:00,3819.38,3833.28,3813.0,3823.99,587599.56
2025-10-23 02:00:00,3819.38,3833.28,3813.0,3823.99,587599.56
2025-10-23 02:00:00,3819.38,3833.28,3813.0,3823.99,587599.56
2025-10-23 02:00:00,3819.38,3833.28,3813.0,3823.99,587599.56
2025-10-23 02:00:00,3819.38,3833.28,3813.0,3823.99,587599.56
2025-10-23 02:00:00,3819.38,3833.28,3813.0,3823.99,587599.56
2025-10-23 02:00:00,3819.38,3833.28,3813.0,3823.99,587599.56
2025-10-23 02:00:00,3819.38,3833.28,3813.0,3823.99,587599.56
2025-10-23 02:00:00,3819.38,3833.28,3813.0,3823.99,587599.56
2025-10-23 02:00:00,3819.38,3833.28,3813.0,3823.99,587599.56
2025-10-23 03:00:00,3823.99,3833.5,3820.0,3824.89,476414.9
2025-10-23 03:00:00,3823.99,3833.5,3820.0,3824.89,476414.9
2025-10-23 03:00:00,3823.99,3833.5,3820.0,3824.89,476414.9
2025-10-23 03:00:00,3823.99,3833.5,3820.0,3824.89,476414.9
2025-10-23 03:00:00,3823.99,3833.5,3820.0,3824.89,476414.9
2025-10-23 03:00:00,3823.99,3833.5,3820.0,3824.89,476414.9
2025-10-23 03:00:00,3823.99,3833.5,3820.0,3824.89,476414.9
2025-10-23 03:00:00,3823.99,3833.5,3820.0,3824.89,476414.9
2025-10-23 03:00:00,3823.99,3833.5,3820.0,3824.89,476414.9
2025-10-23 03:00:00,3823.99,3833.5,3820.0,3824.89,476414.9
2025-10-23 03:00:00,3823.99,3833.5,3820.0,3824.89,476414.9
2025-10-23 03:00:00,3823.99,3833.5,3820.0,3824.89,476414.9
2025-10-23 03:00:00,3823.99,3833.5,3820.0,3824.89,476414.9
2025-10-23 03:00:00,3823.99,3833.5,3820.0,3824.89,476414.9
2025-10-23 03:00:00,3823.99,3833.5,3820.0,3824.89,476414.9
2025-10-23 04:00:00,3824.89,3847.0,3820.54,3833.69,694414.36
2025-10-23 04:00:00,3824.89,3847.0,3820.54,3833.69,694414.36
2025-10-23 04:00:00,3824.89,3847.0,3820.54,3833.69,694414.36
2025-10-23 04:00:00,3824.89,3847.0,3820.54,3833.69,694414.36
2025-10-23 04:00:00,3824.89,3847.0,3820.54,3833.69,694414.36
2025-10-23 04:00:00,3824.89,3847.0,3820.54,3833.69,694414.36
2025-10-23 04:00:00,3824.89,3847.0,3820.54,3833.69,694414.36
2025-10-23 04:00:00,3824.89,3847.0,3820.54,3833.69,694414.36
2025-10-23 04:00:00,3824.89,3847.0,3820.54,3833.69,694414.36
2025-10-23 04:00:00,3824.89,3847.0,3820.54,3833.69,694414.36
2025-10-23 04:00:00,3824.89,3847.0,3820.54,3833.69,694414.36
2025-10-23 04:00:00,3824.89,3847.0,3820.54,3833.69,694414.36
2025-10-23 04:00:00,3824.89,3847.0,3820.54,3833.69,694414.36
2025-10-23 04:00:00,3824.89,3847.0,3820.54,3833.69,694414.36
2025-10-23 04:00:00,3824.89,3847.0,3820.54,3833.69,694414.36
2025-10-23 05:00:00,3833.7,3848.19,3832.67,3846.0,542608.03
2025-10-23 05:00:00,3833.7,3848.19,3832.67,3846.0,542608.03
2025-10-23 05:00:00,3833.7,3848.19,3832.67,3846.0,542608.03
2025-10-23 05:00:00,3833.7,3848.19,3832.67,3846.0,542608.03
2025-10-23 05:00:00,3833.7,3848.19,3832.67,3846.0,542608.03
2025-10-23 05:00:00,3833.7,3848.19,3832.67,3846.0,542608.03
2025-10-23 05:00:00,3833.7,3848.19,3832.67,3846.0,542608.03
2025-10-23 05:00:00,3833.7,3848.19,3832.67,3846.0,542608.03
2025-10-23 05:00:00,3833.7,3848.19,3832.67,3846.0,542608.03
2025-10-23 05:00:00,3833.7,3848.19,3832.67,3846.0,542608.03
2025-10-23 05:00:00,3833.7,3848.19,3832.67,3846.0,542608.03
2025-10-23 05:00:00,3833.7,3848.19,3832.67,3846.0,542608.03
2025-10-23 05:00:00,3833.7,3848.19,3832.67,3846.0,542608.03
2025-10-23 05:00:00,3833.7,3848.19,3832.67,3846.0,542608.03
2025-10-23 05:00:00,3833.7,3848.19,3832.67,3846.0,542608.03
2025-10-23 06:00:00,3845.99,3895.97,3842.0,3889.67,2090781.35
2025-10-23 06:00:00,3845.99,3895.97,3842.0,3889.67,2090781.35
2025-10-23 06:00:00,3845.99,3895.97,3842.0,3889.67,2090781.35
2025-10-23 06:00:00,3845.99,3895.97,3842.0,3889.67,2090781.35
2025-10-23 06:00:00,3845.99,3895.97,3842.0,3889.67,2090781.35
2025-10-23 06:00:00,3845.99,3895.97,3842.0,3889.67,2090781.35
2025-10-23 06:00:00,3845.99,3895.97,3842.0,3889.67,2090781.35
2025-10-23 06:00:00,3845.99,3895.97,3842.0,3889.67,2090781.35
2025-10-23 06:00:00,3845.99,3895.97,3842.0,3889.67,2090781.35
2025-10-23 06:00:00,3845.99,3895.97,3842.0,3889.67,2090781.35
2025-10-23 06:00:00,3845.99,3895.97,3842.0,3889.67,2090781.35
2025-10-23 06:00:00,3845.99,3895.97,3842.0,3889.67,2090781.35
2025-10-23 06:00:00,3845.99,3895.97,3842.0,3889.67,2090781.35
2025-10-23 06:00:00,3845.99,3895.97,3842.0,3889.67,2090781.35
2025-10-23 06:00:00,3845.99,3895.97,3842.0,3889.67,2090781.35
2025-10-23 07:00:00,3889.66,3891.0,3868.01,3878.99,1014729.7
2025-10-23 07:00:00,3889.66,3891.0,3868.01,3878.99,1014729.7
2025-10-23 07:00:00,3889.66,3891.0,3868.01,3878.99,1014729.7
2025-10-23 07:00:00,3889.66,3891.0,3868.01,3878.99,1014729.7
2025-10-23 07:00:00,3889.66,3891.0,3868.01,3878.99,1014729.7
2025-10-23 07:00:00,3889.66,3891.0,3868.01,3878.99,1014729.7
2025-10-23 07:00:00,3889.66,3891.0,3868.01,3878.99,1014729.7
2025-10-23 07:00:00,3889.66,3891.0,3868.01,3878.99,1014729.7
2025-10-23 07:00:00,3889.66,3891.0,3868.01,3878.99,1014729.7
2025-10-23 07:00:00,3889.66,3891.0,3868.01,3878.99,1014729.7
2025-10-23 07:00:00,3889.66,3891.0,3868.01,3878.99,1014729.7
2025-10-23 07:00:00,3889.66,3891.0,3868.01,3878.99,1014729.7
2025-10-23 07:00:00,3889.66,3891.0,3868.01,3878.99,1014729.7
2025-10-23 07:00:00,3889.66,3891.0,3868.01,3878.99,1014729.7
2025-10-23 07:00:00,3889.66,3891.0,3868.01,3878.99,1014729.7
2025-10-23 08:00:00,3878.98,3903.0,3878.98,3884.99,1122168.7
2025-10-23 08:00:00,3878.98,3903.0,3878.98,3884.99,1122168.7
2025-10-23 08:00:00,3878.98,3903.0,3878.98,3884.99,1122168.7
2025-10-23 08:00:00,3878.98,3903.0,3878.98,3884.99,1122168.7
2025-10-23 08:00:00,3878.98,3903.0,3878.98,3884.99,1122168.7
2025-10-23 08:00:00,3878.98,3903.0,3878.98,3884.99,1122168.7
2025-10-23 08:00:00,3878.98,3903.0,3878.98,3884.99,1122168.7
2025-10-23 08:00:00,3878.98,3903.0,3878.98,3884.99,1122168.7
2025-10-23 08:00:00,3878.98,3903.0,3878.98,3884.99,1122168.7
2025-10-23 08:00:00,3878.98,3903.0,3878.98,3884.99,1122168.7
2025-10-23 08:00:00,3878.98,3903.0,3878.98,3884.99,1122168.7
2025-10-23 08:00:00,3878.98,3903.0,3878.98,3884.99,1122168.7
2025-10-23 08:00:00,3878.98,3903.0,3878.98,3884.99,1122168.7
2025-10-23 08:00:00,3878.98,3903.0,3878.98,3884.99,1122168.7
2025-10-23 08:00:00,3878.98,3903.0,3878.98,3884.99,1122168.7
2025-10-23 09:00:00,3885.0,3890.0,3872.73,3888.8,733054.26
2025-10-23 09:00:00,3885.0,3890.0,3872.73,3888.8,733054.26
2025-10-23 09:00:00,3885.0,3890.0,3872.73,3888.8,733054.26
2025-10-23 09:00:00,3885.0,3890.0,3872.73,3888.8,733054.26
2025-10-23 09:00:00,3885.0,3890.0,3872.73,3888.8,733054.26
2025-10-23 09:00:00,3885.0,3890.0,3872.73,3888.8,733054.26
2025-10-23 09:00:00,3885.0,3890.0,3872.73,3888.8,733054.26
2025-10-23 09:00:00,3885.0,3890.0,3872.73,3888.8,733054.26
2025-10-23 09:00:00,3885.0,3890.0,3872.73,3888.8,733054.26
2025-10-23 09:00:00,3885.0,3890.0,3872.73,3888.8,733054.26
2025-10-23 09:00:00,3885.0,3890.0,3872.73,3888.8,733054.26
2025-10-23 09:00:00,3885.0,3890.0,3872.73,3888.8,733054.26
2025-10-23 09:00:00,3885.0,3890.0,3872.73,3888.8,733054.26
2025-10-23 09:00:00,3885.0,3890.0,3872.73,3888.8,733054.26
2025-10-23 09:00:00,3885.0,3890.0,3872.73,3888.8,733054.26
2025-10-23 10:00:00,3888.8,3903.0,3875.58,3875.63,1070197.14
2025-10-23 10:00:00,3888.8,3903.0,3875.58,3875.63,1070197.14
2025-10-23 10:00:00,3888.8,3903.0,3875.58,3875.63,1070197.14
2025-10-23 10:00:00,3888.8,3903.0,3875.58,3875.63,1070197.14
2025-10-23 10:00:00,3888.8,3903.0,3875.58,3875.63,1070197.14
2025-10-23 10:00:00,3888.8,3903.0,3875.58,3875.63,1070197.14
2025-10-23 10:00:00,3888.8,3903.0,3875.58,3875.63,1070197.14
2025-10-23 10:00:00,3888.8,3903.0,3875.58,3875.63,1070197.14
2025-10-23 10:00:00,3888.8,3903.0,3875.58,3875.63,1070197.14
2025-10-23 10:00:00,3888.8,3903.0,3875.58,3875.63,1070197.14
2025-10-23 10:00:00,3888.8,3903.0,3875.58,3875.63,1070197.14
2025-10-23 10:00:00,3888.8,3903.0,3875.58,3875.63,1070197.14
2025-10-23 10:00:00,3888.8,3903.0,3875.58,3875.63,1070197.14
2025-10-23 10:00:00,3888.8,3903.0,3875.58,3875.63,1070197.14
2025-10-23 10:00:00,3888.8,3903.0,3875.58,3875.63,1070197.14
2025-10-23 11:00:00,3875.63,3886.57,3855.26,3861.83,1275331.75
2025-10-23 11:00:00,3875.63,3886.57,3855.26,3861.83,1275331.75
2025-10-23 11:00:00,3875.63,3886.57,3855.26,3861.83,1275331.75
2025-10-23 11:00:00,3875.63,3886.57,3855.26,3861.83,1275331.75
2025-10-23 11:00:00,3875.63,3886.57,3855.26,3861.83,1275331.75
2025-10-23 11:00:00,3875.63,3886.57,3855.26,3861.83,1275331.75
2025-10-23 11:00:00,3875.63,3886.57,3855.26,3861.83,1275331.75
2025-10-23 11:00:00,3875.63,3886.57,3855.26,3861.83,1275331.75
2025-10-23 11:00:00,3875.63,3886.57,3855.26,3861.83,1275331.75
2025-10-23 11:00:00,3875.63,3886.57,3855.26,3861.83,1275331.75
2025-10-23 11:00:00,3875.63,3886.57,3855.26,3861.83,1275331.75
2025-10-23 11:00:00,3875.63,3886.57,3855.26,3861.83,1275331.75
2025-10-23 11:00:00,3875.63,3886.57,3855.26,3861.83,1275331.75
2025-10-23 11:00:00,3875.63,3886.57,3855.26,3861.83,1275331.75
2025-10-23 11:00:00,3875.63,3886.57,3855.26,3861.83,1275331.75
2025-10-23 12:00:00,3861.83,3861.83,3833.8,3851.75,1549144.84
2025-10-23 12:00:00,3861.83,3861.83,3833.8,3851.75,1549144.84
2025-10-23 12:00:00,3861.83,3861.83,3833.8,3851.75,1549144.84
2025-10-23 12:00:00,3861.83,3861.83,3833.8,3851.75,1549144.84
2025-10-23 12:00:00,3861.83,3861.83,3833.8,3851.75,1549144.84
2025-10-23 12:00:00,3861.83,3861.83,3833.8,3851.75,1549144.84
2025-10-23 12:00:00,3861.83,3861.83,3833.8,3851.75,1549144.84
2025-10-23 12:00:00,3861.83,3861.83,3833.8,3851.75,1549144.84
2025-10-23 12:00:00,3861.83,3861.83,3833.8,3851.75,1549144.84
2025-10-23 12:00:00,3861.83,3861.83,3833.8,3851.75,1549144.84
2025-10-23 12:00:00,3861.83,3861.83,3833.8,3851.75,1549144.84
2025-10-23 12:00:00,3861.83,3861.83,3833.8,3851.75,1549144.84
2025-10-23 12:00:00,3861.83,3861.83,3833.8,3851.75,1549144.84
2025-10-23 12:00:00,3861.83,3861.83,3833.8,3851.75,1549144.84
2025-10-23 12:00:00,3861.83,3861.83,3833.8,3851.75,1549144.84
2025-10-23 13:00:00,3851.76,3866.88,3831.14,3850.0,1792473.72
2025-10-23 13:00:00,3851.76,3866.88,3831.14,3850.0,1792473.72
2025-10-23 13:00:00,3851.76,3866.88,3831.14,3850.0,1792473.72
2025-10-23 13:00:00,3851.76,3866.88,3831.14,3850.0,1792473.72
2025-10-23 13:00:00,3851.76,3866.88,3831.14,3850.0,1792473.72
2025-10-23 13:00:00,3851.76,3866.88,3831.14,3850.0,1792473.72
2025-10-23 13:00:00,3851.76,3866.88,3831.14,3850.0,1792473.72
2025-10-23 13:00:00,3851.76,3866.88,3831.14,3850.0,1792473.72
2025-10-23 13:00:00,3851.76,3866.88,3831.14,3850.0,1792473.72
2025-10-23 13:00:00,3851.76,3866.88,3831.14,3850.0,1792473.72
2025-10-23 13:00:00,3851.76,3866.88,3831.14,3850.0,1792473.72
2025-10-23 13:00:00,3851.76,3866.88,3831.14,3850.0,1792473.72
2025-10-23 13:00:00,3851.76,3866.88,3831.14,3850.0,1792473.72
2025-10-23 13:00:00,3851.76,3866.88,3831.14,3850.0,1792473.72
2025-10-23 13:00:00,3851.76,3866.88,3831.14,3850.0,1792473.72
2025-10-23 14:00:00,3850.0,3852.63,3806.0,3845.99,2380522.03
2025-10-23 14:00:00,3850.0,3852.63,3806.0,3845.99,2380522.03
2025-10-23 14:00:00,3850.0,3852.63,3806.0,3845.99,2380522.03
2025-10-23 14:00:00,3850.0,3852.63,3806.0,3845.99,2380522.03
2025-10-23 14:00:00,3850.0,3852.63,3806.0,3845.99,2380522.03
2025-10-23 14:00:00,3850.0,3852.63,3806.0,3845.99,2380522.03
2025-10-23 14:00:00,3850.0,3852.63,3806.0,3845.99,2380522.03
2025-10-23 14:00:00,3850.0,3852.63,3806.0,3845.99,2380522.03
2025-10-23 14:00:00,3850.0,3852.63,3806.0,3845.99,2380522.03
2025-10-23 14:00:00,3850.0,3852.63,3806.0,3845.99,2380522.03
2025-10-23 14:00:00,3850.0,3852.63,3806.0,3845.99,2380522.03
2025-10-23 14:00:00,3850.0,3852.63,3806.0,3845.99,2380522.03
2025-10-23 14:00:00,3850.0,3852.63,3806.0,3845.99,2380522.03
2025-10-23 14:00:00,3850.0,3852.63,3806.0,3845.99,2380522.03
2025-10-23 14:00:00,3850.0,3852.63,3806.0,3845.99,2380522.03
2025-10-23 15:00:00,3846.0,3886.0,3841.0,3874.89,2393506.8
2025-10-23 15:00:00,3846.0,3886.0,3841.0,3874.89,2393506.8
2025-10-23 15:00:00,3846.0,3886.0,3841.0,3874.89,2393506.8
2025-10-23 15:00:00,3846.0,3886.0,3841.0,3874.89,2393506.8
2025-10-23 15:00:00,3846.0,3886.0,3841.0,3874.89,2393506.8
2025-10-23 15:00:00,3846.0,3886.0,3841.0,3874.89,2393506.8
2025-10-23 15:00:00,3846.0,3886.0,3841.0,3874.89,2393506.8
2025-10-23 15:00:00,3846.0,3886.0,3841.0,3874.89,2393506.8
2025-10-23 15:00:00,3846.0,3886.0,3841.0,3874.89,2393506.8
2025-10-23 15:00:00,3846.0,3886.0,3841.0,3874.89,2393506.8
2025-10-23 15:00:00,3846.0,3886.0,3841.0,3874.89,2393506.8
2025-10-23 15:00:00,3846.0,3886.0,3841.0,3874.89,2393506.8
2025-10-23 15:00:00,3846.0,3886.0,3841.0,3874.89,2393506.8
2025-10-23 15:00:00,3846.0,3886.0,3841.0,3874.89,2393506.8
2025-10-23 15:00:00,3846.0,3886.0,3841.0,3874.89,2393506.8
2025-10-23 16:00:00,3874.88,3934.49,3862.66,3916.15,2125548.7
2025-10-23 16:00:00,3874.88,3934.49,3862.66,3916.15,2125548.7
2025-10-23 16:00:00,3874.88,3934.49,3862.66,3916.15,2125548.7
2025-10-23 16:00:00,3874.88,3934.49,3862.66,3916.15,2125548.7
2025-10-23 16:00:00,3874.88,3934.49,3862.66,3916.15,2125548.7
2025-10-23 16:00:00,3874.88,3934.49,3862.66,3916.15,2125548.7
2025-10-23 16:00:00,3874.88,3934.49,3862.66,3916.15,2125548.7
2025-10-23 16:00:00,3874.88,3934.49,3862.66,3916.15,2125548.7
2025-10-23 16:00:00,3874.88,3934.49,3862.66,3916.15,2125548.7
2025-10-23 16:00:00,3874.88,3934.49,3862.66,3916.15,2125548.7
2025-10-23 16:00:00,3874.88,3934.49,3862.66,3916.15,2125548.7
2025-10-23 16:00:00,3874.88,3934.49,3862.66,3916.15,2125548.7
2025-10-23 16:00:00,3874.88,3934.49,3862.66,3916.15,2125548.7
2025-10-23 16:00:00,3874.88,3934.49,3862.66,3916.15,2125548.7
2025-10-23 16:00:00,3874.88,3934.49,3862.66,3916.15,2125548.7
2025-10-23 17:00:00,3916.15,3926.49,3873.71,3919.6,2148858.53
2025-10-23 17:00:00,3916.15,3926.49,3873.71,3919.6,2148858.53
2025-10-23 17:00:00,3916.15,3926.49,3873.71,3919.6,2148858.53
2025-10-23 17:00:00,3916.15,3926.49,3873.71,3919.6,2148858.53
2025-10-23 17:00:00,3916.15,3926.49,3873.71,3919.6,2148858.53
2025-10-23 17:00:00,3916.15,3926.49,3873.71,3919.6,2148858.53
2025-10-23 17:00:00,3916.15,3926.49,3873.71,3919.6,2148858.53
2025-10-23 17:00:00,3916.15,3926.49,3873.71,3919.6,2148858.53
2025-10-23 17:00:00,3916.15,3926.49,3873.71,3919.6,2148858.53
2025-10-23 17:00:00,3916.15,3926.49,3873.71,3919.6,2148858.53
2025-10-23 17:00:00,3916.15,3926.49,3873.71,3919.6,2148858.53
2025-10-23 17:00:00,3916.15,3926.49,3873.71,3919.6,2148858.53
2025-10-23 17:00:00,3916.15,3926.49,3873.71,3919.6,2148858.53
2025-10-23 17:00:00,3916.15,3926.49,3873.71,3919.6,2148858.53
2025-10-23 17:00:00,3916.15,3926.49,3873.71,3919.6,2148858.53
2025-10-23 18:00:00,3919.61,3920.98,3856.0,3868.34,1352952.75
2025-10-23 18:00:00,3919.61,3920.98,3856.0,3868.34,1352952.75
2025-10-23 18:00:00,3919.61,3920.98,3856.0,3868.34,1352952.75
2025-10-23 18:00:00,3919.61,3920.98,3856.0,3868.34,1352952.75
2025-10-23 18:00:00,3919.61,3920.98,3856.0,3868.34,1352952.75
2025-10-23 18:00:00,3919.61,3920.98,3856.0,3868.34,1352952.75
2025-10-23 18:00:00,3919.61,3920.98,3856.0,3868.34,1352952.75
2025-10-23 18:00:00,3919.61,3920.98,3856.0,3868.34,1352952.75
2025-10-23 18:00:00,3919.61,3920.98,3856.0,3868.34,1352952.75
2025-10-23 18:00:00,3919.61,3920.98,3856.0,3868.34,1352952.75
2025-10-23 18:00:00,3919.61,3920.98,3856.0,3868.34,1352952.75
2025-10-23 18:00:00,3919.61,3920.98,3856.0,3868.34,1352952.75
2025-10-23 18:00:00,3919.61,3920.98,3856.0,3868.34,1352952.75
2025-10-23 18:00:00,3919.61,3920.98,3856.0,3868.34,1352952.75
2025-10-23 18:00:00,3919.61,3920.98,3856.0,3868.34,1352952.75
2025-10-23 19:00:00,3868.35,3869.77,3842.96,3857.8,997661.35
2025-10-23 19:00:00,3868.35,3869.77,3842.96,3857.8,997661.35
2025-10-23 19:00:00,3868.35,3869.77,3842.96,3857.8,997661.35
2025-10-23 19:00:00,3868.35,3869.77,3842.96,3857.8,997661.35
2025-10-23 19:00:00,3868.35,3869.77,3842.96,3857.8,997661.35
2025-10-23 19:00:00,3868.35,3869.77,3842.96,3857.8,997661.35
2025-10-23 19:00:00,3868.35,3869.77,3842.96,3857.8,997661.35
2025-10-23 19:00:00,3868.35,3869.77,3842.96,3857.8,997661.35
2025-10-23 19:00:00,3868.35,3869.77,3842.96,3857.8,997661.35
2025-10-23 19:00:00,3868.35,3869.77,3842.96,3857.8,997661.35
2025-10-23 19:00:00,3868.35,3869.77,3842.96,3857.8,997661.35
2025-10-23 19:00:00,3868.35,3869.77,3842.96,3857.8,997661.35
2025-10-23 19:00:00,3868.35,3869.77,3842.96,3857.8,997661.35
2025-10-23 19:00:00,3868.35,3869.77,3842.96,3857.8,997661.35
2025-10-23 19:00:00,3868.35,3869.77,3842.96,3857.8,997661.35
2025-10-23 20:00:00,3857.8,3858.65,3816.06,3827.32,1043825.41
2025-10-23 20:00:00,3857.8,3858.65,3816.06,3827.32,1043825.41
2025-10-23 20:00:00,3857.8,3858.65,3816.06,3827.32,1043825.41
2025-10-23 20:00:00,3857.8,3858.65,3816.06,3827.32,1043825.41
2025-10-23 20:00:00,3857.8,3858.65,3816.06,3827.32,1043825.41
2025-10-23 20:00:00,3857.8,3858.65,3816.06,3827.32,1043825.41
2025-10-23 20:00:00,3857.8,3858.65,3816.06,3827.32,1043825.41
2025-10-23 20:00:00,3857.8,3858.65,3816.06,3827.32,1043825.41
2025-10-23 20:00:00,3857.8,3858.65,3816.06,3827.32,1043825.41
2025-10-23 20:00:00,3857.8,3858.65,3816.06,3827.32,1043825.41
2025-10-23 20:00:00,3857.8,3858.65,3816.06,3827.32,1043825.41
2025-10-23 20:00:00,3857.8,3858.65,3816.06,3827.32,1043825.41
2025-10-23 20:00:00,3857.8,3858.65,3816.06,3827.32,1043825.41
2025-10-23 20:00:00,3857.8,3858.65,3816.06,3827.32,1043825.41
2025-10-23 20:00:00,3857.8,3858.65,3816.06,3827.32,1043825.41
2025-10-23 21:00:00,3827.33,3835.66,3819.15,3826.46,653727.61
2025-10-23 21:00:00,3827.33,3835.66,3819.15,3826.46,653727.61
2025-10-23 21:00:00,3827.33,3835.66,3819.15,3826.46,653727.61
2025-10-23 21:00:00,3827.33,3835.66,3819.15,3826.46,653727.61
2025-10-23 21:00:00,3827.33,3835.66,3819.15,3826.46,653727.61
2025-10-23 21:00:00,3827.33,3835.66,3819.15,3826.46,653727.61
2025-10-23 21:00:00,3827.33,3835.66,3819.15,3826.46,653727.61
2025-10-23 21:00:00,3827.33,3835.66,3819.15,3826.46,653727.61
2025-10-23 21:00:00,3827.33,3835.66,3819.15,3826.46,653727.61
2025-10-23 21:00:00,3827.33,3835.66,3819.15,3826.46,653727.61
2025-10-23 21:00:00,3827.33,3835.66,3819.15,3826.46,653727.61
2025-10-23 21:00:00,3827.33,3835.66,3819.15,3826.46,653727.61
2025-10-23 21:00:00,3827.33,3835.66,3819.15,3826.46,653727.61
2025-10-23 21:00:00,3827.33,3835.66,3819.15,3826.46,653727.61
2025-10-23 21:00:00,3827.33,3835.66,3819.15,3826.46,653727.61
2025-10-23 22:00:00,3826.45,3854.52,3824.25,3848.41,795649.72
2025-10-23 22:00:00,3826.45,3854.52,3824.25,3848.41,795649.72
2025-10-23 22:00:00,3826.45,3854.52,3824.25,3848.41,795649.72
2025-10-23 22:00:00,3826.45,3854.52,3824.25,3848.41,795649.72
2025-10-23 22:00:00,3826.45,3854.52,3824.25,3848.41,795649.72
2025-10-23 22:00:00,3826.45,3854.52,3824.25,3848.41,795649.72
2025-10-23 22:00:00,3826.45,3854.52,3824.25,3848.41,795649.72
2025-10-23 22:00:00,3826.45,3854.52,3824.25,3848.41,795649.72
2025-10-23 22:00:00,3826.45,3854.52,3824.25,3848.41,795649.72
2025-10-23 22:00:00,3826.45,3854.52,3824.25,3848.41,795649.72
2025-10-23 22:00:00,3826.45,3854.52,3824.25,3848.41,795649.72
2025-10-23 22:00:00,3826.45,3854.52,3824.25,3848.41,795649.72
2025-10-23 22:00:00,3826.45,3854.52,3824.25,3848.41,795649.72
2025-10-23 22:00:00,3826.45,3854.52,3824.25,3848.41,795649.72
2025-10-23 22:00:00,3826.45,3854.52,3824.25,3848.41,795649.72
2025-10-23 23:00:00,3848.4,3859.27,3843.33,3854.74,503647.4
2025-10-23 23:00:00,3848.4,3859.27,3843.33,3854.74,503647.4
2025-10-23 23:00:00,3848.4,3859.27,3843.33,3854.74,503647.4
2025-10-23 23:00:00,3848.4,3859.27,3843.33,3854.74,503647.4
2025-10-23 23:00:00,3848.4,3859.27,3843.33,3854.74,503647.4
2025-10-23 23:00:00,3848.4,3859.27,3843.33,3854.74,503647.4
2025-10-23 23:00:00,3848.4,3859.27,3843.33,3854.74,503647.4
2025-10-23 23:00:00,3848.4,3859.27,3843.33,3854.74,503647.4
2025-10-23 23:00:00,3848.4,3859.27,3843.33,3854.74,503647.4
2025-10-23 23:00:00,3848.4,3859.27,3843.33,3854.74,503647.4
2025-10-23 23:00:00,3848.4,3859.27,3843.33,3854.74,503647.4
2025-10-23 23:00:00,3848.4,3859.27,3843.33,3854.74,503647.4
2025-10-23 23:00:00,3848.4,3859.27,3843.33,3854.74,503647.4
2025-10-23 23:00:00,3848.4,3859.27,3843.33,3854.74,503647.4
2025-10-23 23:00:00,3848.4,3859.27,3843.33,3854.74,503647.4
2025-10-24 00:00:00,3854.74,3875.67,3843.01,3865.72,957728.89
2025-10-24 00:00:00,3854.74,3875.67,3843.01,3865.72,957728.89
2025-10-24 00:00:00,3854.74,3875.67,3843.01,3865.72,957728.89
2025-10-24 00:00:00,3854.74,3875.67,3843.01,3865.72,957728.89
2025-10-24 00:00:00,3854.74,3875.67,3843.01,3865.72,957728.89
2025-10-24 00:00:00,3854.74,3875.67,3843.01,3865.72,957728.89
2025-10-24 00:00:00,3854.74,3875.67,3843.01,3865.72,957728.89
2025-10-24 00:00:00,3854.74,3875.67,3843.01,3865.72,957728.89
2025-10-24 00:00:00,3854.74,3875.67,3843.01,3865.72,957728.89
2025-10-24 00:00:00,3854.74,3875.67,3843.01,3865.72,957728.89
2025-10-24 00:00:00,3854.74,3875.67,3843.01,3865.72,957728.89
2025-10-24 00:00:00,3854.74,3875.67,3843.01,3865.72,957728.89
2025-10-24 00:00:00,3854.74,3875.67,3843.01,3865.72,957728.89
2025-10-24 00:00:00,3854.74,3875.67,3843.01,3865.72,957728.89
2025-10-24 00:00:00,3854.74,3875.67,3843.01,3865.72,957728.89
2025-10-24 01:00:00,3865.72,3881.57,3855.05,3879.35,617373.04
2025-10-24 01:00:00,3865.72,3881.57,3855.05,3879.35,617373.04
2025-10-24 01:00:00,3865.72,3881.57,3855.05,3879.35,617373.04
2025-10-24 01:00:00,3865.72,3881.57,3855.05,3879.35,617373.04
2025-10-24 01:00:00,3865.72,3881.57,3855.05,3879.35,617373.04
2025-10-24 01:00:00,3865.72,3881.57,3855.05,3879.35,617373.04
2025-10-24 01:00:00,3865.72,3881.57,3855.05,3879.35,617373.04
2025-10-24 01:00:00,3865.72,3881.57,3855.05,3879.35,617373.04
2025-10-24 01:00:00,3865.72,3881.57,3855.05,3879.35,617373.04
2025-10-24 01:00:00,3865.72,3881.57,3855.05,3879.35,617373.04
2025-10-24 01:00:00,3865.72,3881.57,3855.05,3879.35,617373.04
2025-10-24 01:00:00,3865.72,3881.57,3855.05,3879.35,617373.04
2025-10-24 01:00:00,3865.72,3881.57,3855.05,3879.35,617373.04
2025-10-24 01:00:00,3865.72,3881.57,3855.05,3879.35,617373.04
2025-10-24 01:00:00,3865.72,3881.57,3855.05,3879.35,617373.04
2025-10-24 02:00:00,3879.36,3894.33,3869.0,3887.08,587812.97
2025-10-24 02:00:00,3879.36,3894.33,3869.0,3887.08,587812.97
2025-10-24 02:00:00,3879.36,3894.33,3869.0,3887.08,587812.97
2025-10-24 02:00:00,3879.36,3894.33,3869.0,3887.08,587812.97
2025-10-24 02:00:00,3879.36,3894.33,3869.0,3887.08,587812.97
2025-10-24 02:00:00,3879.36,3894.33,3869.0,3887.08,587812.97
2025-10-24 02:00:00,3879.36,3894.33,3869.0,3887.08,587812.97
2025-10-24 02:00:00,3879.36,3894.33,3869.0,3887.08,587812.97
2025-10-24 02:00:00,3879.36,3894.33,3869.0,3887.08,587812.97
2025-10-24 02:00:00,3879.36,3894.33,3869.0,3887.08,587812.97
2025-10-24 02:00:00,3879.36,3894.33,3869.0,3887.08,587812.97
2025-10-24 02:00:00,3879.36,3894.33,3869.0,3887.08,587812.97
2025-10-24 02:00:00,3879.36,3894.33,3869.0,3887.08,587812.97
2025-10-24 02:00:00,3879.36,3894.33,3869.0,3887.08,587812.97
2025-10-24 02:00:00,3879.36,3894.33,3869.0,3887.08,587812.97
2025-10-24 03:00:00,3887.08,3890.34,3876.23,3889.06,542718.8
2025-10-24 03:00:00,3887.08,3890.34,3876.23,3889.06,542718.8
2025-10-24 03:00:00,3887.08,3890.34,3876.23,3889.06,542718.8
2025-10-24 03:00:00,3887.08,3890.34,3876.23,3889.06,542718.8
2025-10-24 03:00:00,3887.08,3890.34,3876.23,3889.06,542718.8
2025-10-24 03:00:00,3887.08,3890.34,3876.23,3889.06,542718.8
2025-10-24 03:00:00,3887.08,3890.34,3876.23,3889.06,542718.8
2025-10-24 03:00:00,3887.08,3890.34,3876.23,3889.06,542718.8
2025-10-24 03:00:00,3887.08,3890.34,3876.23,3889.06,542718.8
2025-10-24 03:00:00,3887.08,3890.34,3876.23,3889.06,542718.8
2025-10-24 03:00:00,3887.08,3890.34,3876.23,3889.06,542718.8
2025-10-24 03:00:00,3887.08,3890.34,3876.23,3889.06,542718.8
2025-10-24 03:00:00,3887.08,3890.34,3876.23,3889.06,542718.8
2025-10-24 03:00:00,3887.08,3890.34,3876.23,3889.06,542718.8
2025-10-24 03:00:00,3887.08,3890.34,3876.23,3889.06,542718.8
2025-10-24 04:00:00,3889.06,3978.4,3883.7,3972.8,2930876.72
2025-10-24 04:00:00,3889.06,3978.4,3883.7,3972.8,2930876.72
2025-10-24 04:00:00,3889.06,3978.4,3883.7,3972.8,2930876.72
2025-10-24 04:00:00,3889.06,3978.4,3883.7,3972.8,2930876.72
2025-10-24 04:00:00,3889.06,3978.4,3883.7,3972.8,2930876.72
2025-10-24 04:00:00,3889.06,3978.4,3883.7,3972.8,2930876.72
2025-10-24 04:00:00,3889.06,3978.4,3883.7,3972.8,2930876.72
2025-10-24 04:00:00,3889.06,3978.4,3883.7,3972.8,2930876.72
2025-10-24 04:00:00,3889.06,3978.4,3883.7,3972.8,2930876.72
2025-10-24 04:00:00,3889.06,3978.4,3883.7,3972.8,2930876.72
2025-10-24 04:00:00,3889.06,3978.4,3883.7,3972.8,2930876.72
2025-10-24 04:00:00,3889.06,3978.4,3883.7,3972.8,2930876.72
2025-10-24 04:00:00,3889.06,3978.4,3883.7,3972.8,2930876.72
2025-10-24 04:00:00,3889.06,3978.4,3883.7,3972.8,2930876.72
2025-10-24 04:00:00,3889.06,3978.4,3883.7,3972.8,2930876.72
2025-10-24 05:00:00,3972.8,3987.98,3955.0,3972.7,1458094.94
2025-10-24 05:00:00,3972.8,3987.98,3955.0,3972.7,1458094.94
2025-10-24 05:00:00,3972.8,3987.98,3955.0,3972.7,1458094.94
2025-10-24 05:00:00,3972.8,3987.98,3955.0,3972.7,1458094.94
2025-10-24 05:00:00,3972.8,3987.98,3955.0,3972.7,1458094.94
2025-10-24 05:00:00,3972.8,3987.98,3955.0,3972.7,1458094.94
2025-10-24 05:00:00,3972.8,3987.98,3955.0,3972.7,1458094.94
2025-10-24 05:00:00,3972.8,3987.98,3955.0,3972.7,1458094.94
2025-10-24 05:00:00,3972.8,3987.98,3955.0,3972.7,1458094.94
2025-10-24 05:00:00,3972.8,3987.98,3955.0,3972.7,1458094.94
2025-10-24 05:00:00,3972.8,3987.98,3955.0,3972.7,1458094.94
2025-10-24 05:00:00,3972.8,3987.98,3955.0,3972.7,1458094.94
2025-10-24 05:00:00,3972.8,3987.98,3955.0,3972.7,1458094.94
2025-10-24 05:00:00,3972.8,3987.98,3955.0,3972.7,1458094.94
2025-10-24 05:00:00,3972.8,3987.98,3955.0,3972.7,1458094.94
2025-10-24 06:00:00,3972.7,3985.8,3961.21,3980.88,971503.9
2025-10-24 06:00:00,3972.7,3985.8,3961.21,3980.88,971503.9
2025-10-24 06:00:00,3972.7,3985.8,3961.21,3980.88,971503.9
2025-10-24 06:00:00,3972.7,3985.8,3961.21,3980.88,971503.9
2025-10-24 06:00:00,3972.7,3985.8,3961.21,3980.88,971503.9
2025-10-24 06:00:00,3972.7,3985.8,3961.21,3980.88,971503.9
2025-10-24 06:00:00,3972.7,3985.8,3961.21,3980.88,971503.9
2025-10-24 06:00:00,3972.7,3985.8,3961.21,3980.88,971503.9
2025-10-24 06:00:00,3972.7,3985.8,3961.21,3980.88,971503.9
2025-10-24 06:00:00,3972.7,3985.8,3961.21,3980.88,971503.9
2025-10-24 06:00:00,3972.7,3985.8,3961.21,3980.88,971503.9
2025-10-24 06:00:00,3972.7,3985.8,3961.21,3980.88,971503.9
2025-10-24 06:00:00,3972.7,3985.8,3961.21,3980.88,971503.9
2025-10-24 06:00:00,3972.7,3985.8,3961.21,3980.88,971503.9
2025-10-24 06:00:00,3972.7,3985.8,3961.21,3980.88,971503.9
2025-10-24 07:00:00,3980.87,3982.48,3933.0,3947.53,1806152.56
2025-10-24 07:00:00,3980.87,3982.48,3933.0,3947.53,1806152.56
2025-10-24 07:00:00,3980.87,3982.48,3933.0,3947.53,1806152.56
2025-10-24 07:00:00,3980.87,3982.48,3933.0,3947.53,1806152.56
2025-10-24 07:00:00,3980.87,3982.48,3933.0,3947.53,1806152.56
2025-10-24 07:00:00,3980.87,3982.48,3933.0,3947.53,1806152.56
2025-10-24 07:00:00,3980.87,3982.48,3933.0,3947.53,1806152.56
2025-10-24 07:00:00,3980.87,3982.48,3933.0,3947.53,1806152.56
2025-10-24 07:00:00,3980.87,3982.48,3933.0,3947.53,1806152.56
2025-10-24 07:00:00,3980.87,3982.48,3933.0,3947.53,1806152.56
2025-10-24 07:00:00,3980.87,3982.48,3933.0,3947.53,1806152.56
2025-10-24 07:00:00,3980.87,3982.48,3933.0,3947.53,1806152.56
2025-10-24 07:00:00,3980.87,3982.48,3933.0,3947.53,1806152.56
2025-10-24 07:00:00,3980.87,3982.48,3933.0,3947.53,1806152.56
2025-10-24 07:00:00,3980.87,3982.48,3933.0,3947.53,1806152.56
2025-10-24 08:00:00,3947.53,3964.0,3928.04,3951.22,1387952.97
2025-10-24 08:00:00,3947.53,3964.0,3928.04,3951.22,1387952.97
2025-10-24 08:00:00,3947.53,3964.0,3928.04,3951.22,1387952.97
2025-10-24 08:00:00,3947.53,3964.0,3928.04,3951.22,1387952.97
2025-10-24 08:00:00,3947.53,3964.0,3928.04,3951.22,1387952.97
2025-10-24 08:00:00,3947.53,3964.0,3928.04,3951.22,1387952.97
2025-10-24 08:00:00,3947.53,3964.0,3928.04,3951.22,1387952.97
2025-10-24 08:00:00,3947.53,3964.0,3928.04,3951.22,1387952.97
2025-10-24 08:00:00,3947.53,3964.0,3928.04,3951.22,1387952.97
2025-10-24 08:00:00,3947.53,3964.0,3928.04,3951.22,1387952.97
2025-10-24 08:00:00,3947.53,3964.0,3928.04,3951.22,1387952.97
2025-10-24 08:00:00,3947.53,3964.0,3928.04,3951.22,1387952.97
2025-10-24 08:00:00,3947.53,3964.0,3928.04,3951.22,1387952.97
2025-10-24 08:00:00,3947.53,3964.0,3928.04,3951.22,1387952.97
2025-10-24 08:00:00,3947.53,3964.0,3928.04,3951.22,1387952.97
2025-10-24 09:00:00,3951.21,3967.73,3948.2,3957.19,776580.08
2025-10-24 09:00:00,3951.21,3967.73,3948.2,3957.19,776580.08
2025-10-24 09:00:00,3951.21,3967.73,3948.2,3957.19,776580.08
2025-10-24 09:00:00,3951.21,3967.73,3948.2,3957.19,776580.08
2025-10-24 09:00:00,3951.21,3967.73,3948.2,3957.19,776580.08
2025-10-24 09:00:00,3951.21,3967.73,3948.2,3957.19,776580.08
2025-10-24 09:00:00,3951.21,3967.73,3948.2,3957.19,776580.08
2025-10-24 09:00:00,3951.21,3967.73,3948.2,3957.19,776580.08
2025-10-24 09:00:00,3951.21,3967.73,3948.2,3957.19,776580.08
2025-10-24 09:00:00,3951.21,3967.73,3948.2,3957.19,776580.08
2025-10-24 09:00:00,3951.21,3967.73,3948.2,3957.19,776580.08
2025-10-24 09:00:00,3951.21,3967.73,3948.2,3957.19,776580.08
2025-10-24 09:00:00,3951.21,3967.73,3948.2,3957.19,776580.08
2025-10-24 09:00:00,3951.21,3967.73,3948.2,3957.19,776580.08
2025-10-24 09:00:00,3951.21,3967.73,3948.2,3957.19,776580.08
2025-10-24 10:00:00,3957.19,3963.79,3946.01,3954.99,554616.69
2025-10-24 10:00:00,3957.19,3963.79,3946.01,3954.99,554616.69
2025-10-24 10:00:00,3957.19,3963.79,3946.01,3954.99,554616.69
2025-10-24 10:00:00,3957.19,3963.79,3946.01,3954.99,554616.69
2025-10-24 10:00:00,3957.19,3963.79,3946.01,3954.99,554616.69
2025-10-24 10:00:00,3957.19,3963.79,3946.01,3954.99,554616.69
2025-10-24 10:00:00,3957.19,3963.79,3946.01,3954.99,554616.69
2025-10-24 10:00:00,3957.19,3963.79,3946.01,3954.99,554616.69
2025-10-24 10:00:00,3957.19,3963.79,3946.01,3954.99,554616.69
2025-10-24 10:00:00,3957.19,3963.79,3946.01,3954.99,554616.69
2025-10-24 10:00:00,3957.19,3963.79,3946.01,3954.99,554616.69
2025-10-24 10:00:00,3957.19,3963.79,3946.01,3954.99,554616.69
2025-10-24 10:00:00,3957.19,3963.79,3946.01,3954.99,554616.69
2025-10-24 10:00:00,3957.19,3963.79,3946.01,3954.99,554616.69
2025-10-24 10:00:00,3957.19,3963.79,3946.01,3954.99,554616.69
2025-10-24 11:00:00,3955.0,3962.6,3923.4,3944.76,1387288.28
2025-10-24 11:00:00,3955.0,3962.6,3923.4,3944.76,1387288.28
2025-10-24 11:00:00,3955.0,3962.6,3923.4,3944.76,1387288.28
2025-10-24 11:00:00,3955.0,3962.6,3923.4,3944.76,1387288.28
2025-10-24 11:00:00,3955.0,3962.6,3923.4,3944.76,1387288.28
2025-10-24 11:00:00,3955.0,3962.6,3923.4,3944.76,1387288.28
2025-10-24 11:00:00,3955.0,3962.6,3923.4,3944.76,1387288.28
2025-10-24 11:00:00,3955.0,3962.6,3923.4,3944.76,1387288.28
2025-10-24 11:00:00,3955.0,3962.6,3923.4,3944.76,1387288.28
2025-10-24 11:00:00,3955.0,3962.6,3923.4,3944.76,1387288.28
2025-10-24 11:00:00,3955.0,3962.6,3923.4,3944.76,1387288.28
2025-10-24 11:00:00,3955.0,3962.6,3923.4,3944.76,1387288.28
2025-10-24 11:00:00,3955.0,3962.6,3923.4,3944.76,1387288.28
2025-10-24 11:00:00,3955.0,3962.6,3923.4,3944.76,1387288.28
2025-10-24 11:00:00,3955.0,3962.6,3923.4,3944.76,1387288.28
2025-10-24 12:00:00,3944.75,4030.0,3939.21,3962.34,3824084.22
2025-10-24 12:00:00,3944.75,4030.0,3939.21,3962.34,3824084.22
2025-10-24 12:00:00,3944.75,4030.0,3939.21,3962.34,3824084.22
2025-10-24 12:00:00,3944.75,4030.0,3939.21,3962.34,3824084.22
2025-10-24 12:00:00,3944.75,4030.0,3939.21,3962.34,3824084.22
2025-10-24 12:00:00,3944.75,4030.0,3939.21,3962.34,3824084.22
2025-10-24 12:00:00,3944.75,4030.0,3939.21,3962.34,3824084.22
2025-10-24 12:00:00,3944.75,4030.0,3939.21,3962.34,3824084.22
2025-10-24 12:00:00,3944.75,4030.0,3939.21,3962.34,3824084.22
2025-10-24 12:00:00,3944.75,4030.0,3939.21,3962.34,3824084.22
2025-10-24 12:00:00,3944.75,4030.0,3939.21,3962.34,3824084.22
2025-10-24 12:00:00,3944.75,4030.0,3939.21,3962.34,3824084.22
2025-10-24 12:00:00,3944.75,4030.0,3939.21,3962.34,3824084.22
2025-10-24 12:00:00,3944.75,4030.0,3939.21,3962.34,3824084.22
2025-10-24 12:00:00,3944.75,4030.0,3939.21,3962.34,3824084.22
2025-10-24 13:00:00,3962.34,3977.3,3916.02,3945.01,2410976.7
2025-10-24 13:00:00,3962.34,3977.3,3916.02,3945.01,2410976.7
2025-10-24 13:00:00,3962.34,3977.3,3916.02,3945.01,2410976.7
2025-10-24 13:00:00,3962.34,3977.3,3916.02,3945.01,2410976.7
2025-10-24 13:00:00,3962.34,3977.3,3916.02,3945.01,2410976.7
2025-10-24 13:00:00,3962.34,3977.3,3916.02,3945.01,2410976.7
2025-10-24 13:00:00,3962.34,3977.3,3916.02,3945.01,2410976.7
2025-10-24 13:00:00,3962.34,3977.3,3916.02,3945.01,2410976.7
2025-10-24 13:00:00,3962.34,3977.3,3916.02,3945.01,2410976.7
2025-10-24 13:00:00,3962.34,3977.3,3916.02,3945.01,2410976.7
2025-10-24 13:00:00,3962.34,3977.3,3916.02,3945.01,2410976.7
2025-10-24 13:00:00,3962.34,3977.3,3916.02,3945.01,2410976.7
2025-10-24 13:00:00,3962.34,3977.3,3916.02,3945.01,2410976.7
2025-10-24 13:00:00,3962.34,3977.3,3916.02,3945.01,2410976.7
2025-10-24 13:00:00,3962.34,3977.3,3916.02,3945.01,2410976.7
2025-10-24 14:00:00,3945.01,3945.45,3888.0,3900.82,2890962.28
2025-10-24 14:00:00,3945.01,3945.45,3888.0,3900.82,2890962.28
2025-10-24 14:00:00,3945.01,3945.45,3888.0,3900.82,2890962.28
2025-10-24 14:00:00,3945.01,3945.45,3888.0,3900.82,2890962.28
2025-10-24 14:00:00,3945.01,3945.45,3888.0,3900.82,2890962.28
2025-10-24 14:00:00,3945.01,3945.45,3888.0,3900.82,2890962.28
2025-10-24 14:00:00,3945.01,3945.45,3888.0,3900.82,2890962.28
2025-10-24 14:00:00,3945.01,3945.45,3888.0,3900.82,2890962.28
2025-10-24 14:00:00,3945.01,3945.45,3888.0,3900.82,2890962.28
2025-10-24 14:00:00,3945.01,3945.45,3888.0,3900.82,2890962.28
2025-10-24 14:00:00,3945.01,3945.45,3888.0,3900.82,2890962.28
2025-10-24 14:00:00,3945.01,3945.45,3888.0,3900.82,2890962.28
2025-10-24 14:00:00,3945.01,3945.45,3888.0,3900.82,2890962.28
2025-10-24 14:00:00,3945.01,3945.45,3888.0,3900.82,2890962.28
2025-10-24 14:00:00,3945.01,3945.45,3888.0,3900.82,2890962.28
2025-10-24 15:00:00,3900.83,3929.32,3865.01,3887.35,2234971.13
2025-10-24 15:00:00,3900.83,3929.32,3865.01,3887.35,2234971.13
2025-10-24 15:00:00,3900.83,3929.32,3865.01,3887.35,2234971.13
2025-10-24 15:00:00,3900.83,3929.32,3865.01,3887.35,2234971.13
2025-10-24 15:00:00,3900.83,3929.32,3865.01,3887.35,2234971.13
2025-10-24 15:00:00,3900.83,3929.32,3865.01,3887.35,2234971.13
2025-10-24 15:00:00,3900.83,3929.32,3865.01,3887.35,2234971.13
2025-10-24 15:00:00,3900.83,3929.32,3865.01,3887.35,2234971.13
2025-10-24 15:00:00,3900.83,3929.32,3865.01,3887.35,2234971.13
2025-10-24 15:00:00,3900.83,3929.32,3865.01,3887.35,2234971.13
2025-10-24 15:00:00,3900.83,3929.32,3865.01,3887.35,2234971.13
2025-10-24 15:00:00,3900.83,3929.32,3865.01,3887.35,2234971.13
2025-10-24 15:00:00,3900.83,3929.32,3865.01,3887.35,2234971.13
2025-10-24 15:00:00,3900.83,3929.32,3865.01,3887.35,2234971.13
2025-10-24 15:00:00,3900.83,3929.32,3865.01,3887.35,2234971.13
