timestamp,open,high,low,close,volume
2025-05-04 23:45:00,1804.23,1808.78,1803.68,1807.86,23044.444
2025-05-05 00:00:00,1807.85,1812.5,1805.42,1811.59,31611.755
2025-05-05 00:15:00,1811.58,1816.68,1809.0,1815.66,26985.409
2025-05-05 00:30:00,1815.66,1816.19,1812.5,1813.32,17248.219
2025-05-05 00:45:00,1813.33,1817.86,1813.31,1815.01,17405.941
2025-05-05 01:00:00,1815.0,1816.35,1808.55,1812.0,27439.242
2025-05-05 01:15:00,1811.99,1813.33,1802.99,1802.99,39204.721
2025-05-05 01:30:00,1802.99,1803.67,1780.01,1791.04,205955.621
2025-05-05 01:45:00,1791.01,1792.59,1786.15,1790.83,34394.649
2025-05-05 02:00:00,1790.82,1792.0,1781.0,1791.7,99165.708
2025-05-05 02:15:00,1791.7,1798.0,1791.41,1793.79,72769.526
2025-05-05 02:30:00,1793.79,1799.95,1793.79,1797.25,38336.589
2025-05-05 02:45:00,1797.25,1801.67,1797.1,1798.36,26220.223
2025-05-05 03:00:00,1798.36,1799.9,1794.4,1794.78,19772.092
2025-05-05 03:15:00,1794.78,1796.76,1792.23,1793.44,24965.901
2025-05-05 03:30:00,1793.45,1797.23,1793.44,1797.2,16410.153
2025-05-05 03:45:00,1797.21,1797.24,1793.22,1793.71,8859.883
2025-05-05 04:00:00,1793.7,1797.0,1791.89,1795.9,16334.769
2025-05-05 04:15:00,1795.9,1799.18,1795.89,1798.74,15705.965
2025-05-05 04:30:00,1798.73,1803.0,1798.04,1802.29,27872.285
2025-05-05 04:45:00,1802.3,1804.76,1801.0,1803.96,19102.33
2025-05-05 05:00:00,1803.95,1806.35,1800.2,1801.3,27399.242
2025-05-05 05:15:00,1801.3,1804.47,1800.68,1803.86,9910.321
2025-05-05 05:30:00,1803.86,1806.59,1802.5,1804.99,16261.849
2025-05-05 05:45:00,1805.0,1817.81,1804.82,1815.52,65435.784
2025-05-05 06:00:00,1815.53,1821.33,1810.78,1811.27,68944.096
2025-05-05 06:15:00,1811.26,1815.21,1811.26,1814.86,16296.176
2025-05-05 06:30:00,1814.85,1820.85,1813.79,1817.99,35470.148
2025-05-05 06:45:00,1818.0,1819.98,1816.58,1819.11,20020.327
2025-05-05 07:00:00,1819.1,1819.66,1815.62,1817.72,25897.584
2025-05-05 07:15:00,1817.73,1823.69,1816.1,1819.62,35198.935
2025-05-05 07:30:00,1819.61,1829.17,1819.41,1827.0,53465.525
2025-05-05 07:45:00,1827.0,1827.97,1823.47,1825.57,24198.794
2025-05-05 08:00:00,1825.58,1827.47,1822.5,1823.66,27733.231
2025-05-05 08:15:00,1823.66,1827.92,1823.0,1825.52,17469.168
2025-05-05 08:30:00,1825.51,1831.25,1824.19,1827.62,39641.286
2025-05-05 08:45:00,1827.62,1829.5,1825.5,1827.47,18969.09
2025-05-05 09:00:00,1827.47,1829.8,1824.69,1825.18,21302.376
2025-05-05 09:15:00,1825.18,1827.89,1823.88,1826.69,13289.8
2025-05-05 09:30:00,1826.69,1828.88,1825.1,1825.63,17408.764
2025-05-05 09:45:00,1825.63,1827.24,1821.33,1822.59,17554.25
2025-05-05 10:00:00,1822.59,1823.06,1818.03,1818.66,40412.985
2025-05-05 10:15:00,1818.67,1819.28,1812.49,1812.8,40974.337
2025-05-05 10:30:00,1812.8,1815.76,1805.0,1805.16,84355.907
2025-05-05 10:45:00,1805.17,1807.2,1797.0,1804.0,93008.369
2025-05-05 11:00:00,1804.0,1809.49,1803.76,1808.62,47107.531
2025-05-05 11:15:00,1808.62,1810.2,1800.75,1801.52,37233.769
2025-05-05 11:30:00,1801.52,1804.36,1798.2,1799.61,40077.045
2025-05-05 11:45:00,1799.6,1806.1,1799.6,1803.9,29801.364
2025-05-05 12:00:00,1803.9,1807.48,1799.01,1806.56,41448.045
2025-05-05 12:15:00,1806.56,1808.67,1803.65,1806.95,24869.389
2025-05-05 12:30:00,1806.96,1807.91,1803.68,1804.37,15452.762
2025-05-05 12:45:00,1804.36,1804.86,1801.11,1804.77,15899.687
2025-05-05 13:00:00,1804.76,1807.53,1799.62,1801.16,30540.334
2025-05-05 13:15:00,1801.16,1805.45,1799.75,1801.77,20401.68
2025-05-05 13:30:00,1801.77,1805.25,1793.24,1798.24,106024.568
2025-05-05 13:45:00,1798.25,1808.5,1795.01,1807.89,73666.029
2025-05-05 14:00:00,1807.89,1814.99,1801.62,1802.47,92078.212
2025-05-05 14:15:00,1802.48,1806.71,1800.13,1802.89,36139.728
2025-05-05 14:30:00,1802.89,1808.02,1798.33,1805.75,38459.259
2025-05-05 14:45:00,1805.75,1808.5,1801.0,1803.61,27808.113
2025-05-05 15:00:00,1803.6,1806.1,1801.41,1804.23,24210.433
2025-05-05 15:15:00,1804.23,1807.34,1801.0,1803.51,21518.773
2025-05-05 15:30:00,1803.51,1805.64,1796.41,1798.19,29965.287
2025-05-05 15:45:00,1798.2,1800.58,1794.4,1800.37,51497.907
2025-05-05 16:00:00,1800.37,1805.66,1799.72,1802.13,32355.007
2025-05-05 16:15:00,1802.13,1811.33,1802.0,1807.58,50582.575
2025-05-05 16:30:00,1807.59,1811.0,1807.31,1808.94,21270.444
2025-05-05 16:45:00,1808.95,1809.67,1805.6,1807.19,15081.607
2025-05-05 17:00:00,1807.19,1809.2,1805.37,1805.7,22128.333
2025-05-05 17:15:00,1805.69,1813.5,1804.25,1811.1,24977.404
2025-05-05 17:30:00,1811.1,1816.79,1811.0,1813.07,31780.4
2025-05-05 17:45:00,1813.06,1815.29,1812.32,1813.58,12173.479
2025-05-05 18:00:00,1813.58,1816.75,1811.17,1816.1,14451.766
2025-05-05 18:15:00,1816.1,1816.55,1814.01,1816.55,12506.915
2025-05-05 18:30:00,1816.55,1828.0,1815.5,1824.8,70110.626
2025-05-05 18:45:00,1824.8,1826.42,1819.68,1821.79,25478.721
2025-05-05 19:00:00,1821.79,1825.63,1820.62,1823.29,16015.486
2025-05-05 19:15:00,1823.3,1825.2,1818.75,1820.23,21351.871
2025-05-05 19:30:00,1820.23,1820.92,1815.09,1817.15,30457.638
2025-05-05 19:45:00,1817.16,1818.72,1812.34,1815.61,23769.55
2025-05-05 20:00:00,1815.62,1815.85,1810.16,1812.44,21127.911
2025-05-05 20:15:00,1812.43,1814.66,1811.0,1812.7,11198.151
2025-05-05 20:30:00,1812.7,1812.7,1798.12,1804.53,64043.818
2025-05-05 20:45:00,1804.52,1809.33,1802.26,1808.07,16505.09
2025-05-05 21:00:00,1808.06,1813.84,1807.4,1813.49,15343.331
2025-05-05 21:15:00,1813.5,1816.29,1812.75,1815.57,16520.829
2025-05-05 21:30:00,1815.57,1815.57,1807.72,1812.34,25810.321
2025-05-05 21:45:00,1812.33,1819.18,1812.24,1815.81,13860.108
2025-05-05 22:00:00,1815.8,1819.73,1815.39,1819.73,15973.681
2025-05-05 22:15:00,1819.72,1822.55,1818.5,1820.31,19104.995
2025-05-05 22:30:00,1820.32,1832.98,1820.32,1829.36,60749.799
2025-05-05 22:45:00,1829.36,1829.37,1823.9,1825.38,29964.429
2025-05-05 23:00:00,1825.38,1827.89,1824.47,1825.6,18359.735
2025-05-05 23:15:00,1825.6,1829.29,1822.94,1824.15,24969.756
2025-05-05 23:30:00,1824.15,1824.52,1820.2,1821.4,18986.389
2025-05-05 23:45:00,1821.41,1821.78,1815.8,1819.43,20378.208
2025-05-06 00:00:00,1819.44,1819.91,1814.8,1815.87,19153.511
2025-05-06 00:15:00,1815.88,1818.35,1811.7,1817.86,24832.305
2025-05-06 00:30:00,1817.86,1818.24,1810.33,1811.26,20373.237
2025-05-06 00:45:00,1811.25,1813.58,1810.1,1813.51,12265.94
2025-05-06 01:00:00,1813.51,1816.55,1809.34,1815.9,22535.947
2025-05-06 01:15:00,1815.86,1820.15,1815.85,1816.43,23894.759
2025-05-06 01:30:00,1816.43,1817.0,1803.58,1805.2,54127.356
2025-05-06 01:45:00,1805.2,1807.16,1802.31,1803.65,42398.609
2025-05-06 02:00:00,1803.65,1806.5,1800.51,1802.53,41717.487
2025-05-06 02:15:00,1802.52,1802.53,1791.43,1795.9,77176.766
2025-05-06 02:30:00,1795.9,1799.5,1793.02,1797.99,38532.91
2025-05-06 02:45:00,1797.99,1804.34,1797.82,1802.8,38237.326
2025-05-06 03:00:00,1802.79,1803.8,1798.41,1798.49,25866.168
2025-05-06 03:15:00,1798.49,1803.13,1796.76,1802.99,21527.452
2025-05-06 03:30:00,1802.99,1806.15,1802.04,1805.72,28954.915
2025-05-06 03:45:00,1805.72,1806.4,1803.88,1805.53,14752.046
2025-05-06 04:00:00,1805.53,1806.18,1802.69,1803.75,16197.683
2025-05-06 04:15:00,1803.74,1807.9,1803.49,1806.53,17826.404
2025-05-06 04:30:00,1806.54,1807.5,1804.01,1804.8,13913.542
2025-05-06 04:45:00,1804.8,1806.84,1804.79,1806.08,12505.254
2025-05-06 05:00:00,1806.07,1807.0,1803.1,1803.75,15142.603
2025-05-06 05:15:00,1803.74,1804.85,1800.12,1800.95,18173.51
2025-05-06 05:30:00,1800.9,1802.9,1798.8,1800.91,21497.1
2025-05-06 05:45:00,1800.91,1801.98,1797.2,1798.33,18150.535
2025-05-06 06:00:00,1798.32,1803.41,1797.83,1802.63,14227.3
2025-05-06 06:15:00,1802.64,1804.66,1800.91,1802.54,15428.483
2025-05-06 06:30:00,1802.54,1804.94,1801.11,1804.9,9439.77
2025-05-06 06:45:00,1804.89,1805.65,1802.55,1805.52,8581.342
2025-05-06 07:00:00,1805.51,1808.51,1804.31,1804.92,21351.522
2025-05-06 07:15:00,1804.9,1804.9,1802.39,1803.02,8930.946
2025-05-06 07:30:00,1803.03,1806.15,1800.55,1804.63,16793.011
2025-05-06 07:45:00,1804.62,1806.56,1803.71,1805.04,10091.524
2025-05-06 08:00:00,1805.03,1805.4,1798.8,1799.76,27830.322
2025-05-06 08:15:00,1799.76,1799.77,1787.01,1793.81,97228.064
2025-05-06 08:30:00,1793.81,1798.65,1793.7,1798.43,28605.328
2025-05-06 08:45:00,1798.43,1801.26,1796.5,1800.85,25877.338
2025-05-06 09:00:00,1800.85,1801.08,1796.36,1796.79,12959.571
2025-05-06 09:15:00,1796.79,1797.54,1794.5,1796.79,14401.6
2025-05-06 09:30:00,1796.79,1798.62,1792.66,1792.81,14668.839
2025-05-06 09:45:00,1792.81,1797.66,1791.36,1797.39,19135.13
2025-05-06 10:00:00,1797.38,1797.39,1792.68,1793.35,12015.019
2025-05-06 10:15:00,1793.35,1797.41,1792.1,1793.09,14549.07
2025-05-06 10:30:00,1793.08,1797.35,1790.43,1791.22,19007.018
2025-05-06 10:45:00,1791.23,1792.0,1781.66,1784.59,99057.131
2025-05-06 11:00:00,1784.58,1789.93,1783.41,1787.7,36517.631
2025-05-06 11:15:00,1787.7,1789.13,1781.25,1781.93,28751.792
2025-05-06 11:30:00,1781.93,1783.17,1768.0,1774.63,180015.77
2025-05-06 11:45:00,1774.62,1775.55,1756.41,1769.47,185464.92
2025-05-06 12:00:00,1769.46,1774.68,1766.2,1772.34,73123.932
2025-05-06 12:15:00,1772.34,1773.7,1770.0,1771.99,31330.337
2025-05-06 12:30:00,1772.0,1776.22,1770.01,1774.65,31412.446
2025-05-06 12:45:00,1774.64,1776.0,1772.05,1774.5,28145.604
2025-05-06 13:00:00,1774.5,1775.0,1763.67,1765.7,53141.505
2025-05-06 13:15:00,1765.71,1767.98,1758.6,1759.1,46433.848
2025-05-06 13:30:00,1759.1,1769.47,1757.67,1767.18,83670.628
2025-05-06 13:45:00,1767.19,1769.67,1750.17,1758.19,152076.912
2025-05-06 14:00:00,1758.18,1770.69,1758.18,1767.19,72261.16
2025-05-06 14:15:00,1767.2,1778.74,1767.2,1773.27,85525.09
2025-05-06 14:30:00,1773.27,1776.68,1770.61,1770.61,41161.018
2025-05-06 14:45:00,1770.61,1773.58,1766.27,1767.77,38843.227
2025-05-06 15:00:00,1767.71,1769.89,1759.45,1768.5,49785.619
2025-05-06 15:15:00,1768.5,1774.38,1765.56,1773.81,35575.043
2025-05-06 15:30:00,1773.81,1778.0,1771.12,1771.75,45213.811
2025-05-06 15:45:00,1771.76,1773.19,1766.65,1769.38,33339.988
2025-05-06 16:00:00,1769.37,1774.45,1761.3,1773.66,61701.566
2025-05-06 16:15:00,1773.67,1774.0,1764.2,1767.78,37785.034
2025-05-06 16:30:00,1767.78,1773.47,1765.02,1765.69,21398.881
2025-05-06 16:45:00,1765.69,1767.0,1761.45,1762.14,27308.559
2025-05-06 17:00:00,1762.15,1769.86,1762.1,1768.89,26890.908
2025-05-06 17:15:00,1768.88,1774.0,1768.4,1771.79,32117.696
2025-05-06 17:30:00,1771.8,1775.72,1767.0,1767.64,33445.701
2025-05-06 17:45:00,1767.65,1767.65,1764.2,1767.37,30145.344
2025-05-06 18:00:00,1767.37,1772.2,1766.0,1770.51,17285.975
2025-05-06 18:15:00,1770.51,1776.96,1770.28,1776.21,24433.97
2025-05-06 18:30:00,1776.21,1777.0,1773.87,1774.38,18699.024
2025-05-06 18:45:00,1774.38,1790.65,1774.3,1789.27,65401.245
2025-05-06 19:00:00,1789.27,1798.4,1784.0,1785.66,99079.058
2025-05-06 19:15:00,1785.66,1789.26,1783.98,1787.8,24375.798
2025-05-06 19:30:00,1787.81,1791.5,1786.15,1790.4,17903.961
2025-05-06 19:45:00,1790.4,1791.61,1783.15,1783.88,17988.481
2025-05-06 20:00:00,1783.87,1787.27,1781.66,1785.37,22624.047
2025-05-06 20:15:00,1785.38,1788.15,1777.23,1778.72,28582.375
2025-05-06 20:30:00,1778.73,1779.2,1767.26,1773.62,53969.5
2025-05-06 20:45:00,1773.61,1775.83,1769.1,1774.43,19643.617
2025-05-06 21:00:00,1774.42,1780.38,1771.15,1772.56,23970.516
2025-05-06 21:15:00,1772.56,1775.08,1764.03,1766.37,19430.869
2025-05-06 21:30:00,1766.37,1772.51,1765.0,1771.21,20427.843
2025-05-06 21:45:00,1771.21,1776.25,1770.01,1775.0,16053.073
2025-05-06 22:00:00,1775.0,1798.53,1774.64,1788.54,138427.317
2025-05-06 22:15:00,1788.54,1800.7,1788.07,1799.88,66517.722
2025-05-06 22:30:00,1799.89,1806.68,1796.57,1804.66,62734.782
2025-05-06 22:45:00,1804.65,1812.64,1802.18,1810.32,57957.16
2025-05-06 23:00:00,1810.32,1811.82,1800.94,1804.71,55038.302
2025-05-06 23:15:00,1804.71,1817.88,1804.33,1814.0,65911.723
2025-05-06 23:30:00,1813.99,1816.5,1808.55,1816.5,43218.382
2025-05-06 23:45:00,1816.49,1818.53,1813.15,1816.0,39928.853
2025-05-07 00:00:00,1816.0,1820.0,1813.45,1819.03,56782.53
2025-05-07 00:15:00,1819.03,1846.6,1818.2,1836.29,223723.299
2025-05-07 00:30:00,1836.3,1839.6,1831.4,1836.55,57835.453
2025-05-07 00:45:00,1836.56,1842.0,1835.0,1841.49,42022.282
2025-05-07 01:00:00,1841.48,1849.78,1838.88,1843.82,73357.693
2025-05-07 01:15:00,1843.82,1848.4,1841.4,1845.97,37277.054
2025-05-07 01:30:00,1845.98,1846.52,1838.0,1839.54,37790.855
2025-05-07 01:45:00,1839.53,1842.47,1827.05,1832.0,81345.82
2025-05-07 02:00:00,1832.01,1834.49,1821.3,1828.01,108728.617
2025-05-07 02:15:00,1828.01,1829.99,1824.19,1826.86,35052.034
2025-05-07 02:30:00,1826.87,1828.73,1824.3,1824.8,22566.038
2025-05-07 02:45:00,1824.8,1827.67,1821.1,1824.29,34832.836
2025-05-07 03:00:00,1824.29,1825.68,1820.55,1822.55,33882.306
2025-05-07 03:15:00,1822.64,1823.7,1816.5,1823.6,51643.42
2025-05-07 03:30:00,1823.59,1827.92,1822.46,1827.54,37457.529
2025-05-07 03:45:00,1827.54,1827.84,1824.86,1825.75,23046.228
2025-05-07 04:00:00,1825.76,1832.96,1825.75,1831.87,36517.353
2025-05-07 04:15:00,1831.87,1831.87,1827.4,1827.41,12657.543
2025-05-07 04:30:00,1827.4,1827.55,1825.56,1825.66,17710.5
2025-05-07 04:45:00,1825.66,1828.54,1823.81,1827.92,20284.495
2025-05-07 05:00:00,1827.92,1828.15,1825.0,1826.72,12143.172
2025-05-07 05:15:00,1826.71,1829.55,1825.22,1827.65,11894.291
2025-05-07 05:30:00,1827.64,1829.99,1825.11,1826.11,14991.316
2025-05-07 05:45:00,1826.1,1828.56,1825.31,1827.65,8368.722
2025-05-07 06:00:00,1827.65,1833.34,1827.0,1832.5,25784.053
2025-05-07 06:15:00,1832.51,1833.5,1827.04,1828.09,20589.08
2025-05-07 06:30:00,1828.08,1829.2,1826.58,1827.03,16084.069
2025-05-07 06:45:00,1827.02,1829.95,1825.5,1829.84,12902.259
2025-05-07 07:00:00,1829.84,1833.0,1829.27,1831.8,15771.763
2025-05-07 07:15:00,1831.8,1835.63,1831.0,1834.1,25289.631
2025-05-07 07:30:00,1834.1,1834.71,1831.58,1833.83,13969.953
2025-05-07 07:45:00,1833.83,1837.88,1833.21,1837.25,29620.274
2025-05-07 08:00:00,1837.25,1841.54,1833.43,1834.23,44507.178
2025-05-07 08:15:00,1834.22,1837.2,1834.04,1836.05,17550.908
2025-05-07 08:30:00,1836.05,1843.78,1835.0,1841.11,42750.721
2025-05-07 08:45:00,1841.1,1843.05,1838.34,1839.77,27842.939
2025-05-07 09:00:00,1839.76,1842.85,1837.81,1838.27,23879.378
2025-05-07 09:15:00,1838.26,1840.0,1836.16,1839.16,19315.778
2025-05-07 09:30:00,1839.13,1844.99,1838.0,1841.91,26203.547
2025-05-07 09:45:00,1841.91,1843.99,1841.51,1843.01,19799.075
2025-05-07 10:00:00,1843.01,1846.37,1840.8,1842.05,33988.455
2025-05-07 10:15:00,1842.05,1842.26,1832.8,1834.36,60270.672
2025-05-07 10:30:00,1834.37,1838.9,1829.5,1838.87,53909.615
2025-05-07 10:45:00,1838.87,1838.87,1832.4,1832.81,27367.998
2025-05-07 11:00:00,1832.81,1834.82,1830.16,1833.74,31902.403
2025-05-07 11:15:00,1833.74,1835.67,1832.34,1832.82,17301.917
2025-05-07 11:30:00,1832.81,1836.45,1832.43,1835.41,12772.824
2025-05-07 11:45:00,1835.41,1836.42,1834.19,1835.76,9643.567
2025-05-07 12:00:00,1835.75,1836.48,1830.37,1831.79,23681.955
2025-05-07 12:15:00,1831.79,1834.52,1827.52,1828.99,33866.716
2025-05-07 12:30:00,1829.0,1831.5,1826.03,1828.97,33477.535
2025-05-07 12:45:00,1828.96,1830.49,1826.77,1829.86,14696.488
2025-05-07 13:00:00,1829.87,1829.87,1823.16,1824.31,40729.326
2025-05-07 13:15:00,1824.32,1825.71,1822.05,1823.09,26457.012
2025-05-07 13:30:00,1823.1,1834.65,1821.84,1832.5,80800.482
2025-05-07 13:45:00,1832.5,1832.59,1822.65,1828.16,56542.86
2025-05-07 14:00:00,1828.17,1831.97,1826.11,1828.09,41245.769
2025-05-07 14:15:00,1828.1,1832.79,1826.5,1831.3,24645.877
2025-05-07 14:30:00,1831.29,1832.15,1825.88,1827.3,23376.49
2025-05-07 14:45:00,1827.3,1827.55,1815.66,1821.59,89962.931
2025-05-07 15:00:00,1821.59,1824.68,1816.0,1818.86,57198.957
2025-05-07 15:15:00,1818.85,1822.62,1818.0,1820.2,22606.36
2025-05-07 15:30:00,1820.2,1823.0,1816.5,1820.41,26475.345
2025-05-07 15:45:00,1820.41,1821.38,1813.04,1816.73,38174.354
2025-05-07 16:00:00,1816.73,1817.33,1810.35,1814.14,47277.941
2025-05-07 16:15:00,1814.14,1814.14,1803.35,1803.65,73876.196
2025-05-07 16:30:00,1803.66,1807.21,1799.13,1807.2,78999.495
2025-05-07 16:45:00,1807.2,1812.87,1806.51,1811.15,48671.062
2025-05-07 17:00:00,1811.16,1812.52,1806.0,1808.83,28789.401
2025-05-07 17:15:00,1808.83,1810.55,1804.66,1805.06,21815.989
2025-05-07 17:30:00,1805.05,1806.3,1800.1,1802.86,44075.961
2025-05-07 17:45:00,1802.86,1808.14,1787.19,1795.42,131200.758
2025-05-07 18:00:00,1795.41,1807.83,1787.47,1795.09,174352.943
2025-05-07 18:15:00,1795.09,1804.62,1792.75,1801.36,50278.812
2025-05-07 18:30:00,1801.35,1816.43,1798.53,1803.2,105177.093
2025-05-07 18:45:00,1803.2,1807.87,1791.17,1805.72,69373.39
2025-05-07 19:00:00,1805.73,1807.5,1798.45,1798.79,31314.34
2025-05-07 19:15:00,1798.8,1802.15,1788.2,1790.93,50279.919
2025-05-07 19:30:00,1790.94,1807.0,1786.15,1802.59,75717.024
2025-05-07 19:45:00,1802.6,1803.99,1792.3,1795.19,38245.411
2025-05-07 20:00:00,1795.19,1799.46,1793.28,1798.83,17253.914
2025-05-07 20:15:00,1798.81,1800.37,1792.4,1794.5,19292.526
2025-05-07 20:30:00,1794.51,1795.5,1788.1,1791.76,26439.111
2025-05-07 20:45:00,1791.77,1797.5,1791.2,1797.5,18653.345
2025-05-07 21:00:00,1797.5,1801.11,1795.38,1800.67,17067.833
2025-05-07 21:15:00,1800.67,1805.68,1800.0,1805.34,17164.73
2025-05-07 21:30:00,1805.34,1808.54,1798.17,1802.29,36774.182
2025-05-07 21:45:00,1802.29,1805.0,1800.09,1801.7,14288.657
2025-05-07 22:00:00,1801.69,1814.03,1799.7,1811.61,73149.787
2025-05-07 22:15:00,1811.61,1812.99,1805.11,1809.39,29013.951
2025-05-07 22:30:00,1809.39,1821.16,1808.7,1817.32,54200.499
2025-05-07 22:45:00,1817.32,1817.8,1815.07,1816.01,15654.778
2025-05-07 23:00:00,1816.01,1824.71,1814.82,1823.07,31764.695
2025-05-07 23:15:00,1823.06,1823.6,1817.1,1817.21,23583.82
2025-05-07 23:30:00,1817.21,1819.1,1810.31,1811.0,27452.103
2025-05-07 23:45:00,1811.0,1811.73,1807.15,1810.05,22702.866
2025-05-08 00:00:00,1810.05,1814.23,1808.97,1813.05,18461.581
2025-05-08 00:15:00,1813.04,1815.62,1811.69,1815.1,15309.684
2025-05-08 00:30:00,1815.1,1815.69,1807.38,1809.46,24077.785
2025-05-08 00:45:00,1809.47,1827.64,1807.7,1825.9,49251.42
2025-05-08 01:00:00,1825.9,1836.5,1821.43,1824.58,119086.352
2025-05-08 01:15:00,1824.58,1831.69,1819.53,1827.31,52009.105
2025-05-08 01:30:00,1827.31,1830.0,1824.0,1824.8,28305.471
2025-05-08 01:45:00,1824.81,1827.8,1819.0,1822.07,38307.662
2025-05-08 02:00:00,1822.07,1828.29,1822.07,1828.16,27803.685
2025-05-08 02:15:00,1828.2,1840.0,1827.79,1839.21,88672.497
2025-05-08 02:30:00,1839.21,1846.89,1837.19,1839.56,105028.237
2025-05-15 09:30:00,2549.67,2550.99,2530.2,2536.19,92499.06
2025-05-15 09:45:00,2536.2,2542.7,2520.41,2538.32,106625.256
2025-05-15 10:00:00,2538.32,2540.8,2521.2,2528.63,65879.457
2025-05-15 10:15:00,2528.63,2544.29,2527.92,2539.22,46844.943
2025-05-15 10:30:00,2539.21,2540.8,2523.69,2526.37,40493.564
2025-05-15 10:45:00,2526.36,2545.27,2516.0,2542.29,81709.943
2025-05-15 11:00:00,2542.28,2555.52,2541.56,2547.76,59761.293
2025-05-15 11:15:00,2547.76,2558.85,2546.11,2555.12,47444.229
2025-05-15 11:30:00,2555.11,2564.6,2550.56,2551.87,48086.338
2025-05-15 11:45:00,2551.87,2554.62,2547.0,2553.64,28783.01
2025-05-15 12:00:00,2553.63,2558.0,2540.51,2545.9,47613.823
2025-05-15 12:15:00,2545.9,2555.5,2542.27,2549.46,37904.177
2025-05-15 12:30:00,2549.45,2579.13,2546.79,2564.8,176318.254
2025-05-15 12:45:00,2564.8,2565.7,2543.16,2551.77,60586.163
2025-05-15 13:00:00,2551.77,2564.16,2545.67,2562.33,43912.209
2025-05-15 13:15:00,2562.33,2565.65,2555.14,2559.85,28809.747
2025-05-15 13:30:00,2559.85,2567.55,2532.32,2543.9,121213.975
2025-05-15 13:45:00,2543.9,2544.4,2502.88,2530.0,236420.267
2025-05-15 14:00:00,2530.0,2540.45,2512.3,2523.99,117467.689
2025-05-15 14:15:00,2523.99,2531.8,2506.72,2515.25,106123.405
2025-05-15 14:30:00,2515.25,2519.44,2486.0,2492.53,215725.13
2025-05-15 14:45:00,2492.52,2501.92,2477.0,2499.2,171830.246
2025-05-15 15:00:00,2499.2,2515.76,2497.22,2511.73,83999.634
2025-05-15 15:15:00,2511.72,2534.81,2511.41,2532.3,87410.314
2025-05-15 15:30:00,2532.3,2548.86,2530.08,2544.22,122090.46
2025-05-15 15:45:00,2544.23,2568.0,2542.57,2562.66,174923.238
2025-05-15 16:00:00,2562.66,2568.33,2553.84,2556.72,89976.029
2025-05-15 16:15:00,2556.71,2572.0,2555.48,2558.19,80117.725
2025-05-15 16:30:00,2558.2,2571.55,2553.44,2568.82,55334.864
2025-05-15 16:45:00,2568.82,2598.6,2568.6,2597.88,183470.766
2025-05-15 17:00:00,2597.88,2599.53,2579.6,2583.72,86843.928
2025-05-15 17:15:00,2583.72,2602.79,2583.72,2594.24,68963.568
2025-05-15 17:30:00,2594.24,2594.24,2584.0,2589.43,42685.823
2025-05-15 17:45:00,2589.42,2593.77,2564.01,2570.29,103376.677
2025-05-15 18:00:00,2570.3,2577.5,2557.0,2571.12,91577.421
2025-05-15 18:15:00,2571.1,2572.44,2536.0,2541.01,115894.147
2025-05-15 18:30:00,2541.0,2550.58,2522.7,2540.71,118161.917
2025-05-15 18:45:00,2540.7,2542.86,2519.43,2523.92,88523.159
2025-05-15 19:00:00,2523.92,2544.29,2521.13,2540.22,79965.239
2025-05-15 19:15:00,2540.22,2547.2,2510.0,2523.86,89057.135
2025-05-15 19:30:00,2523.87,2532.64,2522.37,2528.52,35177.293
2025-05-15 19:45:00,2528.52,2536.46,2520.24,2529.6,44942.373
2025-05-15 20:00:00,2529.62,2543.66,2518.35,2520.31,82731.616
2025-05-15 20:15:00,2520.31,2540.0,2513.85,2535.25,56820.023
2025-05-15 20:30:00,2535.25,2537.92,2525.19,2534.15,33807.329
2025-05-15 20:45:00,2534.14,2538.08,2531.25,2535.81,17688.14
2025-05-15 21:00:00,2535.8,2538.48,2526.65,2528.2,15483.372
2025-05-15 21:15:00,2528.2,2528.4,2511.0,2525.5,34648.2
2025-05-15 21:30:00,2525.5,2535.5,2515.65,2532.84,36000.993
2025-05-15 21:45:00,2532.85,2540.64,2531.03,2533.99,21555.579
2025-05-15 22:00:00,2533.98,2553.0,2530.84,2550.07,40995.706
2025-05-15 22:15:00,2550.06,2564.14,2546.71,2551.34,44888.449
2025-05-15 22:30:00,2551.33,2562.44,2550.48,2560.56,17575.979
2025-05-15 22:45:00,2560.56,2562.59,2540.53,2540.54,32449.578
2025-05-15 23:00:00,2540.54,2543.97,2527.2,2528.01,50767.502
2025-05-15 23:15:00,2528.0,2533.59,2515.0,2529.52,66467.257
2025-05-15 23:30:00,2529.52,2549.54,2529.52,2544.74,40400.849
2025-05-15 23:45:00,2544.75,2548.64,2538.23,2547.79,22558.315
2025-05-16 00:00:00,2547.79,2556.03,2542.51,2554.63,49530.094
2025-05-16 00:15:00,2554.7,2558.4,2544.22,2548.56,34526.787
2025-05-16 00:30:00,2548.55,2564.26,2548.1,2560.9,38873.712
2025-05-16 00:45:00,2560.9,2561.38,2537.82,2543.45,38567.741
2025-05-16 01:00:00,2543.44,2552.8,2532.83,2545.39,46058.558
2025-05-16 01:15:00,2545.39,2554.0,2534.54,2553.76,39530.692
2025-05-16 01:30:00,2553.76,2568.0,2552.34,2564.74,51399.94
2025-05-16 01:45:00,2564.75,2567.7,2557.31,2565.79,36124.643
2025-05-16 02:00:00,2565.8,2582.49,2565.79,2576.11,90765.75
2025-05-16 02:15:00,2576.11,2578.0,2552.16,2570.24,95517.0
2025-05-16 02:30:00,2570.24,2575.77,2564.6,2566.2,24899.132
2025-05-16 02:45:00,2566.2,2575.33,2566.13,2572.79,20614.558
2025-05-16 03:00:00,2572.8,2575.5,2568.74,2572.59,16910.261
2025-05-16 03:15:00,2572.6,2580.25,2567.23,2573.74,24394.472
2025-05-16 03:30:00,2573.74,2580.0,2571.28,2573.02,26391.386
2025-05-16 03:45:00,2573.03,2584.0,2572.81,2579.97,31642.514
2025-05-16 04:00:00,2579.97,2588.78,2576.19,2579.82,47531.939
2025-05-16 04:15:00,2579.82,2581.0,2570.3,2572.65,23532.767
2025-05-16 04:30:00,2572.65,2574.0,2562.5,2566.88,31668.399
2025-05-16 04:45:00,2566.88,2573.5,2565.8,2573.09,22063.992
2025-05-16 05:00:00,2573.1,2580.0,2573.09,2576.45,22679.117
2025-05-16 05:15:00,2576.45,2591.68,2576.09,2587.1,48540.263
2025-05-16 05:30:00,2587.1,2594.39,2582.22,2593.6,37641.373
2025-05-16 05:45:00,2593.6,2595.61,2587.04,2592.89,33749.788
2025-05-16 06:00:00,2592.9,2597.54,2585.62,2588.86,31782.363
2025-05-16 06:15:00,2588.86,2598.99,2588.86,2593.22,26524.905
2025-05-16 06:30:00,2593.22,2599.47,2590.15,2592.9,22982.67
2025-05-16 06:45:00,2592.92,2599.41,2592.0,2596.22,16614.276
2025-05-16 07:00:00,2596.22,2596.55,2582.45,2588.56,41343.488
2025-05-16 07:15:00,2588.56,2618.58,2586.58,2607.76,132397.384
2025-05-16 07:30:00,2607.76,2610.67,2594.5,2595.67,51418.002
2025-05-16 07:45:00,2595.67,2605.55,2594.2,2600.16,32694.757
2025-05-16 08:00:00,2600.17,2604.0,2593.46,2596.42,31780.284
2025-05-16 08:15:00,2596.43,2597.0,2558.0,2567.41,204160.865
2025-05-16 08:30:00,2567.41,2572.97,2557.14,2568.1,76982.057
2025-05-16 08:45:00,2568.11,2575.57,2562.87,2572.45,42003.192
2025-05-16 09:00:00,2572.45,2607.46,2570.61,2597.81,149580.494
2025-05-16 09:15:00,2597.81,2612.68,2593.56,2608.29,79388.19
2025-05-16 09:30:00,2608.29,2615.87,2602.17,2607.52,62387.56
2025-05-16 09:45:00,2607.54,2614.16,2607.54,2609.8,27637.374
2025-05-16 10:00:00,2609.79,2624.0,2604.23,2616.01,88925.739
2025-05-16 10:15:00,2616.0,2620.0,2610.08,2610.99,52213.039
2025-05-16 10:30:00,2610.98,2626.64,2610.38,2620.74,51825.953
2025-05-16 10:45:00,2620.76,2628.0,2618.33,2623.83,29964.188
2025-05-16 11:00:00,2623.83,2633.0,2620.88,2628.99,55725.227
2025-05-16 11:15:00,2628.99,2648.0,2623.21,2623.51,137601.386
2025-05-16 11:30:00,2623.5,2627.0,2615.2,2615.8,75275.03
2025-05-16 11:45:00,2615.87,2624.2,2615.87,2619.5,29134.386
2025-05-16 12:00:00,2619.5,2621.99,2611.17,2614.16,45300.539
2025-05-16 12:15:00,2614.15,2614.16,2591.08,2597.8,103797.536
2025-05-16 12:30:00,2597.8,2607.94,2597.8,2599.39,56865.85
2025-05-16 12:45:00,2599.38,2602.73,2594.33,2597.26,34877.377
2025-05-16 13:00:00,2597.26,2608.77,2592.48,2606.17,53907.485
2025-05-16 13:15:00,2606.17,2614.01,2598.0,2598.6,39465.435
2025-05-16 13:30:00,2598.59,2615.48,2592.18,2601.3,63761.14
2025-05-16 13:45:00,2601.3,2608.71,2597.91,2605.47,44168.864
2025-05-16 14:00:00,2605.49,2605.49,2580.07,2587.92,130454.196
2025-05-16 14:15:00,2587.99,2606.0,2585.71,2595.86,52360.441
2025-05-16 14:30:00,2595.86,2595.86,2572.57,2573.16,97421.688
2025-05-16 14:45:00,2573.16,2586.08,2572.59,2583.54,44348.56
2025-05-16 15:00:00,2583.54,2603.0,2583.47,2595.64,69902.859
2025-05-16 15:15:00,2595.63,2597.37,2583.84,2585.79,35077.093
2025-05-16 15:30:00,2585.79,2593.4,2584.08,2587.39,30661.316
2025-05-16 15:45:00,2587.38,2594.91,2585.31,2593.92,24110.276
2025-05-16 16:00:00,2593.92,2601.32,2586.67,2586.83,48391.615
2025-05-16 16:15:00,2586.84,2592.0,2577.37,2580.18,48823.241
2025-05-16 16:30:00,2580.17,2583.6,2568.21,2575.24,50837.858
2025-05-16 16:45:00,2575.23,2587.2,2571.0,2585.63,40238.303
2025-05-16 17:00:00,2585.64,2590.0,2578.74,2583.5,25938.879
2025-05-16 17:15:00,2583.5,2594.5,2583.5,2588.64,28438.939
2025-05-16 17:30:00,2588.66,2591.0,2577.04,2585.6,28142.909
2025-05-16 17:45:00,2585.63,2587.99,2571.11,2577.32,27809.383
2025-05-16 18:00:00,2577.32,2583.64,2576.3,2582.04,18540.066
2025-05-16 18:15:00,2582.04,2585.76,2575.0,2577.62,19482.106
2025-05-16 18:30:00,2577.62,2585.49,2574.65,2580.26,18021.959
2025-05-16 18:45:00,2580.25,2591.58,2578.71,2585.2,18275.176
2025-05-16 19:00:00,2585.19,2592.55,2581.55,2582.72,19073.669
2025-05-16 19:15:00,2582.72,2585.2,2576.05,2583.37,19367.639
2025-05-16 19:30:00,2583.37,2586.06,2582.0,2583.99,9818.105
2025-05-16 19:45:00,2583.99,2592.54,2580.67,2590.82,16813.537
2025-05-16 20:00:00,2590.95,2591.88,2585.84,2586.34,15410.286
2025-05-16 20:15:00,2586.34,2586.34,2580.42,2582.13,10173.873
2025-05-16 20:30:00,2582.12,2582.13,2563.57,2564.42,68849.043
2025-05-16 20:45:00,2564.43,2572.5,2561.0,2570.02,40834.502
2025-05-16 21:00:00,2570.05,2583.1,2568.42,2581.99,26813.816
2025-05-16 21:15:00,2581.95,2581.95,2566.21,2567.62,12668.757
2025-05-16 21:30:00,2567.62,2577.37,2547.24,2575.18,61204.105
2025-05-16 21:45:00,2575.18,2576.68,2562.17,2566.53,20511.413
2025-05-16 22:00:00,2566.52,2569.49,2550.26,2554.2,42231.279
2025-05-16 22:15:00,2554.24,2558.58,2545.01,2548.04,33853.358
2025-05-16 22:30:00,2548.05,2556.0,2547.22,2548.5,22987.279
2025-05-16 22:45:00,2548.51,2550.78,2528.11,2544.9,91419.417
2025-05-16 23:00:00,2544.91,2553.0,2544.5,2552.56,32069.195
2025-05-16 23:15:00,2552.56,2553.99,2543.71,2552.0,20662.753
2025-05-16 23:30:00,2551.93,2556.64,2549.63,2550.85,18416.091
2025-05-16 23:45:00,2550.85,2550.86,2529.42,2536.09,73683.42
2025-05-17 00:00:00,2536.09,2537.24,2515.14,2527.85,136165.049
2025-05-17 00:15:00,2527.86,2527.86,2496.0,2499.67,152306.389
2025-05-17 00:30:00,2499.68,2503.88,2481.52,2503.41,110492.775
2025-05-17 00:45:00,2503.4,2510.24,2492.25,2500.16,80746.935
2025-05-17 01:00:00,2500.16,2500.16,2485.01,2488.76,68724.943
2025-05-17 01:15:00,2488.77,2495.87,2478.0,2495.3,109215.696
2025-05-17 01:30:00,2495.3,2495.5,2479.42,2489.11,44062.639
2025-05-17 01:45:00,2489.11,2489.22,2456.1,2474.82,153489.01
2025-05-17 02:00:00,2474.82,2476.83,2454.48,2456.6,90403.703
2025-05-17 02:15:00,2456.61,2482.9,2451.0,2481.87,109285.975
2025-05-17 02:30:00,2481.88,2495.77,2481.76,2494.57,72924.608
2025-05-17 02:45:00,2494.6,2501.44,2483.68,2489.5,79486.637
2025-05-17 03:00:00,2489.51,2494.92,2482.33,2485.99,34513.057
2025-05-17 03:15:00,2486.0,2486.54,2473.6,2485.61,56554.306
2025-05-17 03:30:00,2485.61,2493.09,2482.0,2491.6,27338.352
2025-05-17 03:45:00,2491.65,2496.88,2487.67,2495.89,35054.972
2025-05-17 04:00:00,2495.9,2499.0,2490.29,2490.94,26256.024
2025-05-17 04:15:00,2490.95,2506.65,2490.76,2504.63,42281.968
2025-05-17 04:30:00,2504.7,2512.1,2500.3,2510.72,41897.23
2025-05-17 04:45:00,2510.71,2510.72,2501.46,2505.01,37419.869
2025-05-17 05:00:00,2505.0,2508.74,2501.78,2502.24,22359.052
2025-05-17 05:15:00,2502.25,2505.18,2486.11,2494.26,50893.493
2025-05-17 05:30:00,2494.25,2496.8,2486.18,2488.0,24800.138
2025-05-17 05:45:00,2488.0,2488.01,2474.01,2479.38,50489.848
2025-05-17 06:00:00,2479.38,2495.73,2479.07,2494.52,40173.686
2025-05-17 06:15:00,2494.5,2494.81,2482.56,2484.47,28330.717
2025-05-17 06:30:00,2484.47,2490.32,2481.0,2489.99,21420.696
2025-05-17 06:45:00,2489.98,2493.98,2487.29,2492.03,13680.018
2025-05-17 07:00:00,2492.03,2503.95,2491.0,2497.48,31594.906
2025-05-17 07:15:00,2497.48,2505.44,2496.31,2503.99,26244.796
2025-05-17 07:30:00,2503.99,2504.35,2486.0,2486.19,29654.045
2025-05-17 07:45:00,2486.19,2491.9,2480.16,2491.9,36827.942
2025-05-17 08:00:00,2491.9,2493.13,2483.93,2486.01,29463.486
2025-05-17 08:15:00,2486.01,2491.84,2475.54,2490.59,42761.955
2025-05-17 08:30:00,2490.59,2495.63,2484.51,2485.82,30366.027
2025-05-17 08:45:00,2485.83,2488.0,2478.18,2480.33,23369.109
2025-05-17 09:00:00,2480.33,2484.7,2464.55,2477.74,70201.795
2025-05-17 09:15:00,2477.74,2479.55,2467.65,2474.37,44102.166
2025-05-17 09:30:00,2474.36,2484.99,2473.42,2480.39,39919.411
2025-05-17 09:45:00,2480.4,2485.5,2476.13,2477.51,20689.56
2025-05-17 10:00:00,2477.5,2487.0,2473.72,2484.4,22447.954
2025-05-17 10:15:00,2484.4,2490.8,2482.2,2488.01,24645.758
2025-05-17 10:30:00,2488.01,2488.68,2476.78,2477.94,27987.778
2025-05-17 10:45:00,2477.94,2485.0,2477.3,2484.84,14173.693
2025-05-17 11:00:00,2484.83,2488.31,2478.92,2480.82,19844.231
2025-05-17 11:15:00,2480.81,2484.0,2473.42,2475.64,27383.827
2025-05-17 11:30:00,2475.65,2483.86,2475.36,2483.32,15356.617
2025-05-17 11:45:00,2483.33,2486.36,2479.8,2480.87,15741.882
2025-05-17 12:00:00,2480.87,2485.54,2478.69,2479.59,13983.132
2025-05-17 12:15:00,2479.59,2486.0,2479.13,2481.27,17667.115
2025-05-17 12:30:00,2481.27,2483.31,2476.43,2479.68,23637.792
2025-05-17 12:45:00,2479.68,2479.69,2468.8,2471.38,33258.968
2025-05-17 13:00:00,2471.38,2477.38,2460.4,2476.9,73402.782
2025-05-17 13:15:00,2476.9,2479.73,2463.24,2468.6,42120.196
2025-05-17 13:30:00,2468.6,2468.77,2452.0,2459.99,83420.786
2025-05-17 13:45:00,2460.0,2462.0,2445.01,2460.6,87612.393
2025-05-17 14:00:00,2460.6,2469.51,2460.03,2469.29,45670.264
2025-05-17 14:15:00,2469.29,2481.34,2467.9,2479.3,51581.966
2025-05-17 14:30:00,2479.3,2484.98,2471.03,2476.45,48291.189
2025-05-17 14:45:00,2476.46,2485.0,2476.46,2481.23,30449.503
2025-05-17 15:00:00,2481.22,2483.5,2472.0,2476.7,29847.814
2025-05-17 15:15:00,2476.71,2482.69,2472.0,2479.75,33058.002
2025-05-17 15:30:00,2479.75,2482.88,2477.11,2479.25,21507.376
2025-05-17 15:45:00,2479.25,2479.25,2472.26,2473.71,18090.809
2025-05-17 16:00:00,2473.71,2480.0,2467.07,2474.66,35564.379
2025-05-17 16:15:00,2474.66,2476.6,2462.56,2467.2,34842.233
2025-05-17 16:30:00,2467.2,2467.54,2450.95,2458.94,67655.867
2025-05-17 16:45:00,2458.95,2467.0,2447.32,2467.0,54669.927
2025-05-17 17:00:00,2466.99,2474.18,2464.01,2471.4,38475.813
2025-05-17 17:15:00,2471.4,2474.8,2462.62,2473.99,27707.099
2025-05-17 17:30:00,2473.99,2479.61,2470.1,2476.27,30801.495
2025-05-17 17:45:00,2476.26,2476.72,2469.0,2469.15,17050.831
2025-05-17 18:00:00,2469.15,2482.71,2467.88,2478.3,55078.876
2025-05-17 18:15:00,2478.3,2488.57,2468.85,2482.56,53985.779
2025-05-17 18:30:00,2482.57,2483.0,2470.5,2476.12,29261.637
2025-05-17 18:45:00,2476.12,2476.12,2462.02,2466.0,18767.865
2025-05-17 19:00:00,2466.01,2475.29,2460.78,2474.23,18798.239
2025-05-17 19:15:00,2474.23,2479.49,2471.5,2473.48,14995.035
2025-05-17 19:30:00,2473.48,2475.92,2467.6,2474.56,14708.854
2025-05-17 19:45:00,2474.55,2475.0,2467.0,2469.07,11478.601
2025-05-17 20:00:00,2469.06,2475.29,2463.72,2464.8,17654.308
2025-05-17 20:15:00,2464.8,2475.0,2464.42,2473.32,18206.384
2025-05-17 20:30:00,2473.32,2481.99,2472.84,2478.58,12737.009
2025-05-17 20:45:00,2478.57,2495.45,2474.88,2488.24,44574.631
2025-05-17 21:00:00,2488.23,2493.4,2483.33,2488.09,19759.417
2025-05-17 21:15:00,2488.09,2488.85,2480.69,2482.71,10378.104
2025-05-17 21:30:00,2482.71,2490.56,2482.7,2485.22,9296.124
2025-05-17 21:45:00,2485.22,2486.28,2478.24,2485.01,12088.639
2025-05-17 22:00:00,2485.0,2485.43,2463.02,2468.24,38540.783
2025-05-17 22:15:00,2468.23,2468.51,2456.19,2458.0,27643.766
2025-05-17 22:30:00,2458.0,2465.91,2452.01,2464.57,28826.766
2025-05-17 22:45:00,2464.57,2465.46,2455.69,2459.51,18728.504
2025-05-17 23:00:00,2459.5,2472.88,2456.58,2469.3,23917.565
2025-05-17 23:15:00,2469.31,2475.0,2466.0,2474.62,17847.672
2025-05-17 23:30:00,2474.61,2477.8,2471.0,2472.95,10649.385
2025-05-17 23:45:00,2472.96,2475.0,2471.33,2474.6,7709.012
2025-05-18 00:00:00,2474.61,2482.79,2472.64,2479.38,14288.144
2025-05-18 00:15:00,2479.37,2481.22,2472.63,2476.89,13608.195
2025-05-18 00:30:00,2476.9,2477.86,2471.2,2472.38,13544.851
2025-05-18 00:45:00,2472.38,2485.29,2471.08,2481.97,28610.636
2025-05-18 01:00:00,2481.98,2483.62,2477.27,2477.81,12085.481
2025-05-18 01:15:00,2477.8,2483.0,2474.0,2475.35,20688.099
2025-05-18 01:30:00,2475.35,2480.42,2472.12,2476.36,11081.002
2025-05-18 01:45:00,2476.36,2486.79,2473.29,2484.43,20473.317
2025-05-18 02:00:00,2484.44,2487.01,2481.67,2483.27,14691.524
2025-05-18 02:15:00,2483.26,2484.0,2479.88,2482.93,10612.222
2025-05-18 02:30:00,2482.93,2484.39,2475.02,2476.91,11612.605
2025-05-18 02:45:00,2476.81,2483.14,2476.12,2480.23,11872.26
2025-05-18 03:00:00,2480.23,2485.92,2473.66,2477.57,28434.095
2025-05-18 03:15:00,2477.58,2477.58,2467.12,2467.9,26667.761
2025-05-18 03:30:00,2467.9,2480.6,2467.31,2479.06,28822.543
2025-05-18 03:45:00,2479.06,2480.99,2475.36,2476.43,8349.023
2025-05-18 04:00:00,2476.43,2483.0,2476.43,2481.31,10082.14
2025-05-18 04:15:00,2481.3,2483.3,2479.47,2481.08,6258.912
2025-05-18 04:30:00,2481.09,2487.72,2479.9,2486.86,17673.179
2025-05-18 04:45:00,2486.87,2488.2,2482.5,2484.89,19072.895
2025-05-18 05:00:00,2484.9,2492.5,2484.39,2490.81,30409.384
2025-05-18 05:15:00,2490.81,2505.59,2490.81,2501.03,72596.499
2025-05-18 05:30:00,2501.04,2505.0,2494.5,2496.78,33257.297
2025-05-18 05:45:00,2496.78,2514.29,2496.36,2511.0,54411.633
2025-05-18 06:00:00,2511.01,2512.49,2504.8,2508.44,24759.779
2025-05-18 06:15:00,2508.45,2510.66,2500.22,2503.54,23096.604
2025-05-18 06:30:00,2503.53,2503.86,2493.23,2498.0,37495.279
2025-05-18 06:45:00,2498.01,2498.62,2491.46,2496.21,24596.918
2025-05-18 07:00:00,2496.2,2501.84,2493.65,2501.07,22307.18
2025-05-18 07:15:00,2501.07,2506.65,2500.64,2505.26,21515.475
2025-05-18 07:30:00,2505.25,2505.45,2500.0,2503.33,17556.393
2025-05-18 07:45:00,2503.32,2510.42,2501.36,2508.44,26410.686
2025-05-18 08:00:00,2508.44,2528.04,2508.44,2517.99,79120.755
2025-05-18 08:15:00,2518.0,2524.75,2514.27,2524.2,49310.463
2025-05-18 08:30:00,2524.2,2527.03,2515.8,2516.52,37450.594
2025-05-18 08:45:00,2516.53,2519.86,2513.63,2516.13,22709.111
2025-05-18 09:00:00,2516.14,2522.34,2516.14,2522.21,17666.129
2025-05-18 09:15:00,2522.21,2522.21,2514.34,2516.19,17643.202
2025-05-18 09:30:00,2516.2,2516.54,2503.39,2504.21,47105.857
2025-05-18 09:45:00,2504.21,2509.46,2502.6,2507.12,28497.367
2025-05-18 10:00:00,2507.13,2512.67,2505.09,2511.49,23267.479
2025-05-18 10:15:00,2511.49,2512.47,2500.01,2500.19,20789.336
2025-05-18 10:30:00,2500.18,2502.93,2495.69,2501.93,36400.305
2025-05-18 10:45:00,2501.92,2504.6,2500.0,2504.41,14979.227
2025-05-18 11:00:00,2504.42,2508.44,2503.1,2505.74,15760.083
2025-05-18 11:15:00,2505.73,2512.76,2505.54,2507.1,15912.267
2025-05-18 11:30:00,2507.1,2510.95,2501.0,2501.2,22293.595
2025-05-18 11:45:00,2501.19,2505.0,2499.62,2500.43,13506.18
2025-05-18 12:00:00,2500.43,2501.27,2485.0,2493.27,83386.454
2025-05-18 12:15:00,2493.27,2501.37,2490.67,2500.47,29536.3
2025-05-25 19:15:00,2514.91,2520.46,2514.9,2520.45,8176.33
2025-05-25 19:30:00,2520.46,2524.8,2519.47,2520.83,18882.358
2025-05-25 19:45:00,2520.84,2534.99,2519.44,2525.58,42082.237
2025-05-25 20:00:00,2525.58,2527.95,2516.34,2517.53,17488.383
2025-05-25 20:15:00,2517.54,2521.0,2509.14,2520.48,18457.563
2025-05-25 20:30:00,2520.48,2525.58,2519.89,2524.49,14924.311
2025-05-25 20:45:00,2524.5,2524.5,2519.57,2522.94,7433.377
2025-05-25 21:00:00,2522.94,2531.33,2522.01,2530.04,11640.952
2025-05-25 21:15:00,2530.05,2530.56,2519.0,2520.49,12757.292
2025-05-25 21:30:00,2520.5,2520.5,2505.12,2516.14,28085.507
2025-05-25 21:45:00,2516.14,2519.89,2513.0,2514.25,6743.248
2025-05-25 22:00:00,2514.25,2548.31,2511.54,2533.08,117975.812
2025-05-25 22:15:00,2533.09,2541.71,2530.23,2534.74,52381.275
2025-05-25 22:30:00,2534.74,2546.78,2533.0,2544.8,32355.838
2025-05-25 22:45:00,2544.81,2553.97,2540.98,2548.0,52253.682
2025-05-25 23:00:00,2548.01,2550.99,2542.14,2543.22,31420.725
2025-05-25 23:15:00,2543.22,2543.23,2534.0,2537.53,30355.149
2025-05-25 23:30:00,2537.52,2547.24,2536.44,2546.24,20977.763
2025-05-25 23:45:00,2546.24,2552.99,2542.15,2549.99,25860.102
2025-05-26 00:00:00,2549.99,2558.0,2546.5,2546.54,42524.995
2025-05-26 00:15:00,2546.54,2555.88,2533.1,2544.14,45600.564
2025-05-26 00:30:00,2544.15,2559.26,2541.69,2554.81,41548.258
2025-05-26 00:45:00,2554.8,2573.79,2552.0,2570.51,72867.661
2025-05-26 01:00:00,2570.51,2575.89,2557.12,2558.99,70129.488
2025-05-26 01:15:00,2558.99,2562.85,2554.5,2557.55,32635.716
2025-05-26 01:30:00,2557.55,2565.16,2553.8,2562.39,27455.601
2025-05-26 01:45:00,2562.4,2566.0,2554.2,2557.58,31160.895
2025-05-26 02:00:00,2557.57,2560.0,2550.36,2553.61,24011.15
2025-05-26 02:15:00,2553.62,2563.0,2551.23,2559.7,22488.234
2025-05-26 02:30:00,2559.69,2560.0,2546.66,2550.88,36710.914
2025-05-26 02:45:00,2550.88,2553.87,2546.18,2552.04,18771.285
2025-05-26 03:00:00,2552.04,2552.83,2547.52,2550.0,15536.724
2025-05-26 03:15:00,2550.0,2559.68,2548.46,2558.58,20488.818
2025-05-26 03:30:00,2558.58,2562.78,2554.52,2560.51,17945.132
2025-05-26 03:45:00,2560.51,2565.55,2557.66,2558.99,20402.815
2025-05-26 04:00:00,2559.0,2563.4,2556.3,2558.65,16046.206
2025-05-26 04:15:00,2558.66,2565.3,2557.2,2563.42,18646.461
2025-05-26 04:30:00,2563.42,2565.53,2561.0,2563.99,16558.034
2025-05-26 04:45:00,2563.99,2568.81,2562.23,2563.07,24880.222
2025-05-26 05:00:00,2563.06,2564.84,2560.0,2562.0,18038.567
2025-05-26 05:15:00,2562.0,2571.55,2560.99,2568.73,22899.76
2025-05-26 05:30:00,2568.73,2574.0,2566.33,2566.84,31521.801
2025-05-26 05:45:00,2566.85,2570.0,2566.0,2566.81,13821.505
2025-05-26 06:00:00,2566.8,2571.0,2563.55,2565.71,20250.241
2025-05-26 06:15:00,2565.7,2571.48,2565.57,2570.5,17196.567
2025-05-26 06:30:00,2570.5,2570.51,2565.79,2569.0,12652.558
2025-05-26 06:45:00,2569.0,2584.92,2567.78,2581.42,72628.129
2025-05-26 07:00:00,2581.42,2598.53,2578.18,2585.01,119380.243
2025-05-26 07:15:00,2585.01,2591.55,2580.11,2580.72,55690.776
2025-05-26 07:30:00,2580.72,2585.86,2576.18,2582.5,38134.873
2025-05-26 07:45:00,2582.51,2584.0,2576.0,2579.86,28541.991
2025-05-26 08:00:00,2579.86,2581.9,2572.0,2577.99,31137.317
2025-05-26 08:15:00,2578.0,2580.41,2573.0,2573.74,20091.573
2025-05-26 08:30:00,2573.75,2576.0,2567.12,2569.4,45257.811
2025-05-26 08:45:00,2569.4,2570.83,2564.0,2567.33,32246.922
2025-05-26 09:00:00,2567.33,2572.91,2563.32,2572.32,34273.064
2025-05-26 09:15:00,2572.32,2573.75,2569.81,2570.32,15830.63
2025-05-26 09:30:00,2570.31,2570.97,2551.64,2561.15,77313.167
2025-05-26 09:45:00,2561.14,2563.87,2558.0,2562.33,34137.39
2025-05-26 10:00:00,2562.33,2566.19,2559.0,2563.52,25979.498
2025-05-26 10:15:00,2563.52,2568.58,2560.63,2565.93,16212.16
2025-05-26 10:30:00,2565.93,2566.78,2562.62,2565.56,10484.93
2025-05-26 10:45:00,2565.56,2566.78,2552.66,2558.57,39843.728
2025-05-26 11:00:00,2558.57,2562.75,2554.6,2560.89,20866.104
2025-05-26 11:15:00,2560.89,2563.0,2559.52,2561.81,11074.514
2025-05-26 11:30:00,2561.81,2567.39,2555.62,2565.55,21606.196
2025-05-26 11:45:00,2565.54,2567.58,2562.73,2566.85,13659.118
2025-05-26 12:00:00,2566.85,2569.5,2561.68,2563.19,20107.761
2025-05-26 12:15:00,2563.19,2565.84,2559.57,2561.78,13762.435
2025-05-26 12:30:00,2561.78,2565.0,2561.0,2564.98,10075.721
2025-05-26 12:45:00,2564.98,2573.71,2564.1,2567.15,33542.349
2025-05-26 13:00:00,2567.15,2570.53,2558.64,2561.58,25765.304
2025-05-26 13:15:00,2561.57,2566.48,2555.55,2563.44,40702.422
2025-05-26 13:30:00,2563.38,2568.53,2561.0,2564.19,21938.177
2025-05-26 13:45:00,2564.18,2564.58,2536.0,2550.0,111493.06
2025-05-26 14:00:00,2550.0,2555.47,2546.0,2555.1,36230.593
2025-05-26 14:15:00,2555.09,2555.09,2545.0,2549.13,35165.552
2025-05-26 14:30:00,2549.13,2549.66,2541.0,2546.93,35800.434
2025-05-26 14:45:00,2546.92,2550.26,2542.02,2549.83,25894.728
2025-05-26 15:00:00,2549.83,2552.5,2544.27,2546.25,17612.733
2025-05-26 15:15:00,2546.24,2556.59,2545.48,2555.3,23955.607
2025-05-26 15:30:00,2555.29,2570.22,2555.29,2560.66,87530.301
2025-05-26 15:45:00,2560.66,2567.86,2560.21,2564.8,31809.082
2025-05-26 16:00:00,2564.81,2572.65,2561.3,2562.57,41263.128
2025-05-26 16:15:00,2562.57,2563.55,2534.08,2542.89,125558.6
2025-05-26 16:30:00,2542.9,2549.4,2536.5,2546.7,43559.377
2025-05-26 16:45:00,2546.7,2548.66,2538.4,2541.59,27251.621
2025-05-26 17:00:00,2541.59,2547.99,2540.31,2544.21,14658.8
2025-05-26 17:15:00,2544.21,2546.98,2536.89,2540.74,16420.98
2025-05-26 17:30:00,2540.74,2542.6,2534.36,2538.39,17266.405
2025-05-26 17:45:00,2538.39,2538.39,2523.34,2532.89,64328.126
2025-05-26 18:00:00,2532.89,2540.23,2526.78,2539.69,22914.649
2025-05-26 18:15:00,2539.69,2542.57,2534.55,2542.16,17429.972
2025-05-26 18:30:00,2542.16,2545.31,2539.56,2541.18,11259.538
2025-05-26 18:45:00,2541.18,2541.29,2531.22,2533.85,16848.601
2025-05-26 19:00:00,2533.88,2539.57,2531.16,2537.99,13662.163
2025-05-26 19:15:00,2537.99,2542.17,2537.21,2539.32,10953.738
2025-05-26 19:30:00,2539.32,2541.0,2534.09,2538.99,11183.661
2025-05-26 19:45:00,2538.98,2543.11,2537.7,2539.75,8730.577
2025-05-26 20:00:00,2539.75,2546.0,2535.03,2545.38,25451.484
2025-05-26 20:15:00,2545.38,2547.46,2541.49,2544.65,13040.347
2025-05-26 20:30:00,2544.65,2561.1,2543.66,2555.62,56626.405
2025-05-26 20:45:00,2555.62,2568.0,2551.46,2565.14,36762.542
2025-05-26 21:00:00,2565.14,2567.32,2558.82,2559.64,18653.315
2025-05-26 21:15:00,2559.63,2563.53,2554.37,2560.29,21280.811
2025-05-26 21:30:00,2560.29,2566.5,2556.13,2558.6,17900.67
2025-05-26 21:45:00,2558.61,2563.8,2556.71,2561.41,9939.204
2025-05-26 22:00:00,2561.42,2584.54,2556.96,2574.81,48744.043
2025-05-26 22:15:00,2574.81,2579.32,2563.3,2563.47,24971.297
2025-05-26 22:30:00,2563.47,2568.0,2559.67,2560.46,14315.027
2025-05-26 22:45:00,2560.46,2562.41,2555.6,2558.51,12084.853
2025-05-26 23:00:00,2558.52,2559.58,2551.71,2558.12,17430.807
2025-05-26 23:15:00,2558.12,2558.43,2553.3,2556.29,11503.144
2025-05-26 23:30:00,2556.3,2562.96,2554.3,2559.96,20230.014
2025-05-26 23:45:00,2559.97,2564.0,2559.33,2562.87,10286.525
2025-05-27 00:00:00,2562.87,2568.01,2559.32,2567.88,22558.169
2025-05-27 00:15:00,2567.87,2572.75,2557.26,2558.97,29996.74
2025-05-27 00:30:00,2558.96,2559.07,2551.55,2553.18,21565.159
2025-05-27 00:45:00,2553.19,2557.5,2547.33,2550.14,23094.245
2025-05-27 01:00:00,2550.17,2550.17,2534.17,2535.54,65683.333
2025-05-27 01:15:00,2535.54,2536.64,2508.06,2526.3,165745.489
2025-05-27 01:30:00,2526.31,2530.48,2520.1,2525.91,54104.059
2025-05-27 01:45:00,2525.91,2530.47,2523.0,2528.94,25769.448
2025-05-27 02:00:00,2528.94,2535.75,2527.07,2535.0,26120.809
2025-05-27 02:15:00,2535.01,2540.44,2530.0,2539.42,30050.615
2025-05-27 02:30:00,2539.42,2543.78,2537.85,2539.58,26689.378
2025-05-27 02:45:00,2539.59,2540.61,2530.77,2534.49,31012.178
2025-05-27 03:00:00,2534.49,2559.45,2534.48,2556.83,67298.764
2025-05-27 03:15:00,2556.83,2564.78,2551.35,2551.95,45762.76
2025-05-27 03:30:00,2551.95,2554.5,2548.5,2550.79,25786.0
2025-05-27 03:45:00,2550.8,2552.24,2546.47,2547.91,17492.982
2025-05-27 04:00:00,2547.91,2557.44,2547.61,2552.61,23404.233
2025-05-27 04:15:00,2552.62,2561.15,2551.72,2558.0,21510.233
2025-05-27 04:30:00,2558.0,2562.32,2556.08,2559.99,18667.192
2025-05-27 04:45:00,2559.99,2567.72,2555.0,2557.87,50543.286
2025-05-27 05:00:00,2557.87,2558.6,2553.55,2557.18,17836.268
2025-05-27 05:15:00,2557.17,2557.75,2548.98,2554.5,21385.605
2025-05-27 05:30:00,2554.5,2563.89,2552.67,2562.4,24100.271
2025-05-27 05:45:00,2562.39,2572.0,2560.61,2568.23,46625.814
2025-05-27 06:00:00,2568.23,2607.59,2568.23,2598.35,199868.427
2025-05-27 06:15:00,2598.35,2609.99,2588.16,2595.3,143355.095
2025-05-27 06:30:00,2595.3,2601.43,2590.03,2591.38,58653.586
2025-05-27 06:45:00,2591.38,2592.44,2563.32,2568.94,163806.914
2025-05-27 07:00:00,2568.96,2584.35,2568.6,2582.81,73927.828
2025-05-27 07:15:00,2582.81,2590.48,2580.22,2589.68,31914.151
2025-05-27 07:30:00,2589.68,2605.0,2589.21,2597.89,87350.588
2025-05-27 07:45:00,2597.89,2618.0,2597.89,2606.52,110571.646
2025-05-27 08:00:00,2606.54,2637.0,2606.29,2624.6,229616.693
2025-05-27 08:15:00,2624.6,2642.42,2624.01,2636.53,110602.565
2025-05-27 08:30:00,2636.53,2640.47,2628.86,2632.37,70665.15
2025-05-27 08:45:00,2632.37,2639.0,2630.0,2633.99,48395.569
2025-05-27 09:00:00,2633.99,2639.12,2632.53,2635.21,47149.509
2025-05-27 09:15:00,2635.22,2635.76,2620.8,2622.49,70447.535
2025-05-27 09:30:00,2622.5,2635.96,2622.19,2634.83,41724.625
2025-05-27 09:45:00,2634.82,2648.43,2632.89,2637.04,74445.475
2025-05-27 10:00:00,2637.05,2638.5,2629.55,2632.87,24882.433
2025-05-27 10:15:00,2632.88,2640.48,2630.5,2639.48,30017.952
2025-05-27 10:30:00,2639.47,2641.09,2631.95,2632.22,20625.018
2025-05-27 10:45:00,2632.22,2638.4,2632.0,2637.39,14298.508
2025-05-27 11:00:00,2637.39,2640.0,2630.0,2631.38,24074.643
2025-05-27 11:15:00,2631.4,2637.0,2625.51,2636.87,25898.233
2025-05-27 11:30:00,2636.86,2649.53,2636.42,2643.44,59424.792
2025-05-27 11:45:00,2643.43,2654.05,2640.69,2650.78,62702.79
2025-05-27 12:00:00,2650.78,2652.78,2636.0,2638.26,57726.531
2025-05-27 12:15:00,2638.26,2648.99,2633.01,2647.43,55408.073
2025-05-27 12:30:00,2647.42,2648.03,2636.5,2637.73,25034.207
2025-05-27 12:45:00,2637.73,2647.99,2636.81,2647.0,29182.639
2025-05-27 13:00:00,2647.01,2678.0,2644.44,2663.27,191456.58
2025-05-27 13:15:00,2663.28,2685.0,2660.56,2665.9,165894.631
2025-05-27 13:30:00,2665.91,2674.61,2646.94,2655.31,115269.374
2025-05-27 13:45:00,2655.3,2662.0,2642.63,2654.06,81733.535
2025-05-27 14:00:00,2654.05,2666.88,2652.82,2663.29,60994.953
2025-05-27 14:15:00,2663.3,2664.0,2648.44,2650.32,68745.983
2025-05-27 14:30:00,2650.32,2660.77,2632.2,2659.31,148629.933
2025-05-27 14:45:00,2659.31,2671.49,2652.6,2659.89,106690.622
2025-05-27 15:00:00,2659.9,2667.84,2652.0,2663.93,55455.651
2025-05-27 15:15:00,2663.93,2667.84,2655.48,2661.99,38958.73
2025-05-27 15:30:00,2661.99,2665.98,2658.5,2663.45,33665.483
2025-05-27 15:45:00,2663.45,2669.52,2661.62,2667.27,29883.516
2025-05-27 16:00:00,2667.27,2668.39,2657.16,2664.98,37603.859
2025-05-27 16:15:00,2664.97,2679.99,2661.16,2661.16,87174.008
2025-05-27 16:30:00,2661.16,2676.0,2660.33,2674.21,40880.745
2025-05-27 16:45:00,2674.21,2683.12,2666.47,2669.22,51048.165
2025-05-27 17:00:00,2669.23,2694.95,2668.9,2686.88,100038.211
2025-05-27 17:15:00,2686.88,2691.8,2670.11,2678.7,78299.675
2025-05-27 17:30:00,2678.7,2703.32,2675.44,2699.23,99217.546
2025-05-27 17:45:00,2699.23,2711.64,2694.0,2694.72,115124.304
2025-05-27 18:00:00,2694.73,2707.55,2694.0,2697.19,40746.802
2025-05-27 18:15:00,2697.2,2702.97,2682.67,2683.39,54612.236
2025-05-27 18:30:00,2683.4,2690.0,2674.51,2680.61,51144.738
2025-05-27 18:45:00,2680.61,2684.65,2678.0,2679.26,20738.738
2025-05-27 19:00:00,2679.27,2685.76,2673.0,2681.32,34247.968
2025-05-27 19:15:00,2681.31,2684.52,2676.01,2680.16,17361.835
2025-05-27 19:30:00,2680.16,2683.09,2670.38,2680.52,36243.484
2025-05-27 19:45:00,2680.52,2687.81,2680.0,2686.66,21997.889
2025-05-27 20:00:00,2686.66,2693.33,2683.23,2688.55,25685.163
2025-05-27 20:15:00,2688.55,2692.3,2679.29,2682.08,19581.644
2025-05-27 20:30:00,2682.09,2682.87,2662.36,2666.99,50910.798
2025-05-27 20:45:00,2666.89,2676.37,2663.33,2667.3,32853.442
2025-05-27 21:00:00,2667.31,2676.0,2667.31,2675.91,20615.844
2025-05-27 21:15:00,2675.91,2676.5,2655.38,2664.98,34280.748
2025-05-27 21:30:00,2665.0,2671.24,2658.0,2661.28,30222.417
2025-05-27 21:45:00,2661.29,2665.6,2658.0,2662.0,19311.69
2025-05-27 22:00:00,2661.99,2668.6,2656.0,2660.31,29918.015
2025-05-27 22:15:00,2660.32,2665.98,2651.76,2661.63,41453.389
2025-05-27 22:30:00,2661.62,2666.86,2658.13,2663.9,17221.63
2025-05-27 22:45:00,2663.89,2667.97,2657.29,2659.0,16991.178
2025-05-27 23:00:00,2659.0,2663.02,2655.01,2660.22,14580.038
2025-05-27 23:15:00,2660.22,2662.28,2651.06,2651.93,22319.291
2025-05-27 23:30:00,2651.93,2663.9,2651.11,2660.12,19083.33
2025-05-27 23:45:00,2660.12,2663.92,2659.07,2660.0,15343.191
2025-05-28 00:00:00,2660.01,2660.9,2647.0,2649.3,34114.262
2025-05-28 00:15:00,2649.3,2654.37,2638.99,2651.88,56631.846
2025-05-28 00:30:00,2651.88,2653.6,2642.5,2650.37,21868.802
2025-05-28 00:45:00,2650.36,2659.7,2642.5,2657.44,28188.983
2025-05-28 01:00:00,2657.44,2658.58,2647.71,2648.06,17821.697
2025-05-28 01:15:00,2648.07,2648.56,2636.41,2639.3,39716.084
2025-05-28 01:30:00,2639.3,2644.5,2635.35,2639.35,34552.963
2025-05-28 01:45:00,2639.34,2645.0,2630.01,2633.69,40029.299
2025-05-28 02:00:00,2633.7,2636.77,2626.0,2630.31,55617.219
2025-05-28 02:15:00,2630.31,2632.1,2616.79,2621.41,66410.278
2025-05-28 02:30:00,2621.41,2638.23,2619.09,2634.74,56075.225
2025-05-28 02:45:00,2634.73,2641.51,2633.45,2637.25,29778.138
2025-05-28 03:00:00,2637.24,2640.0,2632.5,2639.71,23971.167
2025-05-28 03:15:00,2639.72,2640.4,2632.0,2634.99,15514.106
2025-05-28 03:30:00,2634.99,2646.0,2633.87,2642.84,36528.887
2025-05-28 03:45:00,2642.84,2650.0,2642.08,2644.07,35568.505
2025-05-28 04:00:00,2644.07,2646.96,2640.0,2640.99,21995.342
2025-05-28 04:15:00,2641.0,2644.4,2632.18,2635.3,29444.938
2025-05-28 04:30:00,2635.31,2647.2,2635.01,2646.3,23264.247
2025-05-28 04:45:00,2646.3,2651.39,2644.4,2644.86,25563.727
2025-05-28 05:00:00,2644.85,2645.63,2635.49,2637.54,22959.145
2025-05-28 05:15:00,2637.55,2641.56,2636.21,2638.65,13091.584
2025-05-28 05:30:00,2638.65,2643.96,2633.38,2636.91,22555.804
2025-05-28 05:45:00,2636.91,2640.63,2635.91,2638.13,10173.617
2025-05-28 06:00:00,2638.13,2638.25,2623.17,2623.27,48876.358
2025-05-28 06:15:00,2623.27,2633.61,2622.22,2632.77,29996.073
2025-05-28 06:30:00,2632.76,2632.76,2623.63,2627.12,17692.563
2025-05-28 06:45:00,2627.12,2631.63,2625.65,2626.61,15235.332
2025-05-28 07:00:00,2626.61,2636.28,2623.44,2632.74,23763.383
2025-05-28 07:15:00,2632.75,2636.88,2631.66,2632.63,14539.496
2025-05-28 07:30:00,2632.62,2639.73,2632.19,2639.0,16736.857
2025-05-28 07:45:00,2638.99,2642.04,2633.98,2635.0,20616.941
2025-05-28 08:00:00,2634.99,2638.91,2626.86,2630.61,21600.444
2025-05-28 08:15:00,2630.61,2640.0,2628.56,2638.01,15635.485
2025-05-28 08:30:00,2638.01,2644.4,2632.01,2643.48,27259.052
2025-05-28 08:45:00,2643.48,2643.5,2638.77,2641.55,11284.81
2025-05-28 09:00:00,2641.54,2642.49,2635.0,2635.48,14993.711
2025-05-28 09:15:00,2635.48,2637.49,2629.01,2630.0,25040.283
2025-05-28 09:30:00,2630.0,2632.09,2620.56,2627.49,52666.314
2025-05-28 09:45:00,2627.48,2629.47,2623.27,2625.95,25706.398
2025-05-28 10:00:00,2625.95,2626.11,2606.53,2625.11,108388.082
2025-05-28 10:15:00,2625.11,2633.67,2618.02,2633.39,45777.712
2025-05-28 10:30:00,2633.4,2641.88,2632.78,2635.17,43800.147
2025-05-28 10:45:00,2635.18,2641.99,2634.19,2639.33,23835.865
2025-05-28 11:00:00,2639.33,2647.95,2639.0,2643.3,42414.475
2025-05-28 11:15:00,2643.31,2648.0,2640.24,2641.88,22482.441
2025-05-28 11:30:00,2641.88,2653.59,2641.88,2648.86,36990.757
2025-05-28 11:45:00,2648.87,2659.11,2647.64,2655.99,59533.414
2025-05-28 12:00:00,2656.0,2659.0,2651.49,2654.1,31673.445
2025-05-28 12:15:00,2654.09,2681.23,2653.92,2670.35,132059.283
2025-05-28 12:30:00,2670.35,2675.2,2665.6,2672.57,42640.717
2025-05-28 12:45:00,2672.56,2674.59,2662.69,2665.67,33550.169
2025-05-28 13:00:00,2665.71,2671.4,2658.48,2667.64,38495.169
2025-05-28 13:15:00,2667.63,2676.0,2660.9,2672.28,40384.879
2025-05-28 13:30:00,2672.3,2687.96,2663.94,2669.79,123097.686
2025-05-28 13:45:00,2669.8,2671.17,2652.0,2656.02,110323.757
2025-05-28 14:00:00,2656.03,2659.2,2632.06,2632.25,168866.315
2025-05-28 14:15:00,2632.23,2642.03,2619.49,2640.97,168180.48
2025-05-28 14:30:00,2640.97,2642.0,2631.0,2636.33,58638.135
2025-05-28 14:45:00,2636.32,2640.44,2626.13,2627.11,49047.002
2025-05-28 15:00:00,2627.1,2636.52,2612.05,2615.56,108254.372
2025-05-28 15:15:00,2615.57,2633.15,2615.08,2630.2,55441.442
2025-05-28 15:30:00,2630.2,2639.25,2626.0,2635.97,35395.657
2025-05-28 15:45:00,2635.98,2637.5,2623.88,2626.24,31511.404
2025-05-28 16:00:00,2626.25,2635.85,2625.66,2632.09,35584.013
2025-05-28 16:15:00,2632.09,2642.84,2631.94,2640.6,41931.54
2025-05-28 16:30:00,2640.59,2640.9,2632.0,2636.63,17616.723
2025-05-28 16:45:00,2636.63,2639.8,2634.23,2639.67,13023.773
2025-05-28 17:00:00,2639.67,2661.36,2639.67,2652.34,99418.972
2025-05-28 17:15:00,2652.34,2663.47,2646.0,2651.95,49847.334
2025-05-28 17:30:00,2651.95,2652.5,2642.4,2646.14,31220.966
2025-05-28 17:45:00,2646.15,2654.62,2645.3,2651.74,16796.201
2025-05-28 18:00:00,2651.74,2656.28,2647.55,2653.99,21387.933
2025-05-28 18:15:00,2653.99,2657.35,2644.19,2644.5,18953.47
2025-05-28 18:30:00,2644.5,2650.81,2640.66,2649.4,17148.171
2025-05-28 18:45:00,2649.36,2652.2,2631.6,2635.46,49296.903
2025-05-28 19:00:00,2635.46,2654.75,2633.99,2648.04,33436.097
2025-05-28 19:15:00,2648.04,2652.29,2638.0,2638.71,18274.058
2025-05-28 19:30:00,2638.71,2640.49,2618.43,2619.21,60041.027
2025-05-28 19:45:00,2619.22,2625.87,2615.24,2616.52,56358.753
2025-05-28 20:00:00,2616.51,2626.43,2614.81,2619.0,33250.092
2025-05-28 20:15:00,2619.0,2630.77,2609.01,2629.01,73084.02
2025-05-28 20:30:00,2629.0,2633.24,2622.13,2630.88,22443.067
2025-05-28 20:45:00,2630.88,2634.64,2625.45,2633.54,20245.807
2025-05-28 21:00:00,2633.54,2638.64,2629.76,2638.63,10986.906
2025-05-28 21:15:00,2638.64,2647.98,2637.32,2639.42,27354.525
2025-05-28 21:30:00,2639.43,2646.3,2639.15,2646.3,12619.517
2025-05-28 21:45:00,2646.29,2659.79,2644.33,2650.65,35486.253
2025-05-28 22:00:00,2650.65,2651.95,2640.75,2645.38,25150.781
2025-06-05 05:00:00,2629.2,2630.0,2623.25,2624.27,25943.158
2025-06-05 05:15:00,2624.27,2626.67,2618.47,2620.28,29665.437
2025-06-05 05:30:00,2620.28,2620.37,2607.01,2610.18,62906.133
2025-06-05 05:45:00,2610.18,2614.0,2608.0,2612.1,30806.958
2025-06-05 06:00:00,2612.11,2614.98,2608.27,2611.12,21342.305
2025-06-05 06:15:00,2611.12,2617.35,2604.29,2616.41,42798.071
2025-06-05 06:30:00,2616.4,2617.24,2601.37,2603.57,45913.819
2025-06-05 06:45:00,2603.58,2606.91,2601.66,2603.58,31725.078
2025-06-05 07:00:00,2603.58,2610.01,2603.58,2609.13,22430.074
2025-06-05 07:15:00,2609.13,2614.31,2609.02,2611.68,31569.106
2025-06-05 07:30:00,2611.68,2612.0,2603.38,2605.01,23389.514
2025-06-05 07:45:00,2605.01,2606.12,2600.01,2603.37,42082.539
2025-06-05 08:00:00,2603.36,2607.12,2602.25,2604.68,17243.005
2025-06-05 08:15:00,2604.69,2609.68,2596.0,2607.37,48887.034
2025-06-05 08:30:00,2607.37,2609.29,2600.51,2603.13,20760.726
2025-06-05 08:45:00,2603.14,2606.8,2601.0,2604.67,12411.785
2025-06-05 09:00:00,2604.67,2609.58,2604.54,2606.93,21303.357
2025-06-05 09:15:00,2606.93,2608.5,2601.37,2604.42,20659.562
2025-06-05 09:30:00,2604.41,2607.84,2602.65,2606.89,13543.033
2025-06-05 09:45:00,2606.89,2609.76,2604.69,2608.98,21250.597
2025-06-05 10:00:00,2608.98,2613.05,2607.27,2611.48,22100.399
2025-06-05 10:15:00,2611.49,2612.21,2601.0,2602.05,25782.433
2025-06-05 10:30:00,2602.05,2604.82,2578.15,2590.62,156602.671
2025-06-05 10:45:00,2590.63,2597.85,2585.81,2595.85,49239.26
2025-06-05 11:00:00,2595.84,2599.33,2592.48,2594.84,38209.049
2025-06-05 11:15:00,2594.84,2604.64,2593.09,2602.81,42572.905
2025-06-05 11:30:00,2602.8,2608.54,2602.72,2604.74,34726.004
2025-06-05 11:45:00,2604.73,2609.13,2604.73,2606.81,15880.245
2025-06-05 12:00:00,2606.8,2619.91,2604.4,2618.5,69338.46
2025-06-05 12:15:00,2618.5,2628.0,2617.22,2625.25,76755.062
2025-06-05 12:30:00,2625.25,2630.0,2618.56,2627.59,51841.518
2025-06-05 12:45:00,2627.59,2640.0,2625.46,2630.7,122738.521
2025-06-05 13:00:00,2630.7,2634.99,2620.02,2625.28,59641.423
2025-06-05 13:15:00,2625.27,2630.99,2621.0,2628.23,61587.999
2025-06-05 13:30:00,2628.23,2629.7,2611.03,2613.32,93922.201
2025-06-05 13:45:00,2613.32,2613.85,2578.02,2588.67,293617.25
2025-06-05 14:00:00,2588.67,2594.0,2583.82,2586.41,100297.42
2025-06-05 14:15:00,2586.41,2587.88,2561.0,2581.27,237148.045
2025-06-05 14:30:00,2581.28,2595.0,2570.01,2592.58,119068.007
2025-06-05 14:45:00,2592.59,2615.0,2578.0,2586.56,235187.748
2025-06-05 15:00:00,2586.53,2591.85,2580.89,2582.13,48590.298
2025-06-05 15:15:00,2582.13,2601.4,2580.63,2599.06,67567.54
2025-06-05 15:30:00,2599.06,2600.5,2589.15,2595.32,33818.969
2025-06-05 15:45:00,2595.31,2596.19,2586.52,2588.31,31464.467
2025-06-05 16:00:00,2588.31,2590.81,2579.23,2579.81,55417.09
2025-06-05 16:15:00,2579.82,2580.0,2555.18,2563.72,187099.01
2025-06-05 16:30:00,2563.72,2571.0,2556.5,2564.28,73721.705
2025-06-05 16:45:00,2564.34,2565.2,2551.09,2558.15,88436.989
2025-06-05 17:00:00,2558.24,2572.86,2557.21,2569.71,69053.474
2025-06-05 17:15:00,2569.72,2576.81,2564.37,2570.77,55812.918
2025-06-05 17:30:00,2570.77,2573.5,2565.39,2568.94,21948.635
2025-06-05 17:45:00,2568.94,2570.0,2561.92,2568.95,24006.112
2025-06-05 18:00:00,2568.94,2573.33,2554.56,2558.06,49970.081
2025-06-05 18:15:00,2558.05,2577.45,2552.4,2576.21,63357.69
2025-06-05 18:30:00,2576.22,2582.95,2573.01,2575.82,49395.076
2025-06-05 18:45:00,2575.83,2581.11,2571.5,2574.83,24945.244
2025-06-05 19:00:00,2574.83,2577.03,2562.01,2563.19,42824.253
2025-06-05 19:15:00,2563.18,2565.2,2503.28,2538.59,427859.393
2025-06-05 19:30:00,2538.6,2549.48,2535.5,2540.91,78820.231
2025-06-05 19:45:00,2540.91,2541.33,2525.01,2527.97,69210.71
2025-06-05 20:00:00,2527.97,2534.4,2490.0,2505.08,164602.034
2025-06-05 20:15:00,2505.07,2506.09,2436.93,2472.26,406267.525
2025-06-05 20:30:00,2472.26,2473.82,2403.44,2417.78,341955.672
2025-06-05 20:45:00,2417.79,2443.54,2392.08,2397.61,277483.617
2025-06-05 21:00:00,2397.61,2428.18,2390.02,2409.61,176333.142
2025-06-05 21:15:00,2409.6,2425.4,2409.08,2418.3,63580.024
2025-06-05 21:30:00,2418.29,2449.99,2412.89,2440.35,113607.707
2025-06-05 21:45:00,2440.33,2441.0,2421.65,2436.33,54457.036
2025-06-05 22:00:00,2436.34,2436.34,2408.44,2411.53,80363.108
2025-06-05 22:15:00,2411.53,2425.0,2408.75,2417.0,50550.635
2025-06-05 22:30:00,2416.99,2427.84,2415.65,2424.17,36841.02
2025-06-05 22:45:00,2424.16,2434.99,2423.04,2428.97,38750.349
2025-06-05 23:00:00,2428.96,2435.0,2423.55,2430.11,36662.067
2025-06-05 23:15:00,2430.11,2431.72,2417.4,2420.92,54454.169
2025-06-05 23:30:00,2420.93,2425.6,2418.0,2420.71,35010.195
2025-06-05 23:45:00,2420.71,2420.71,2410.2,2413.23,36920.179
2025-06-06 00:00:00,2413.23,2416.58,2403.0,2406.23,91152.719
2025-06-06 00:15:00,2406.24,2412.58,2380.01,2408.78,151675.862
2025-06-06 00:30:00,2408.79,2423.6,2408.0,2422.46,67475.747
2025-06-06 00:45:00,2422.45,2427.47,2416.17,2425.09,37881.91
2025-06-06 01:00:00,2425.08,2427.74,2418.71,2424.84,26198.321
2025-06-06 01:15:00,2424.84,2426.0,2415.99,2421.73,25454.357
2025-06-06 01:30:00,2421.74,2427.5,2416.59,2418.62,32724.643
2025-06-06 01:45:00,2418.63,2423.99,2415.17,2420.39,21619.888
2025-06-06 02:00:00,2420.39,2423.6,2416.01,2418.82,19584.268
2025-06-06 02:15:00,2418.81,2418.81,2401.1,2405.8,61037.575
2025-06-06 02:30:00,2405.8,2418.53,2401.19,2417.0,47724.219
2025-06-06 02:45:00,2416.99,2435.0,2413.27,2433.99,74375.602
2025-06-06 03:00:00,2434.0,2435.42,2426.83,2427.73,39128.327
2025-06-06 03:15:00,2427.73,2443.95,2427.31,2442.11,63120.466
2025-06-06 03:30:00,2442.11,2449.0,2439.47,2447.99,52617.674
2025-06-06 03:45:00,2447.99,2455.5,2447.38,2454.13,51353.061
2025-06-06 04:00:00,2454.13,2457.0,2446.91,2450.37,59719.804
2025-06-06 04:15:00,2450.37,2456.0,2445.7,2449.45,48570.998
2025-06-06 04:30:00,2449.45,2455.0,2447.34,2452.28,37077.911
2025-06-06 04:45:00,2452.21,2462.34,2451.58,2457.49,62705.28
2025-06-06 05:00:00,2457.5,2464.2,2455.49,2461.49,37314.049
2025-06-06 05:15:00,2461.5,2464.25,2446.31,2449.44,65909.762
2025-06-06 05:30:00,2449.45,2458.38,2445.0,2457.58,37156.823
2025-06-06 05:45:00,2457.58,2460.95,2454.69,2458.66,22866.423
2025-06-06 06:00:00,2458.66,2463.89,2452.73,2463.0,27756.164
2025-06-06 06:15:00,2463.0,2467.77,2447.28,2456.14,57797.833
2025-06-06 06:30:00,2456.14,2462.45,2455.3,2456.31,26829.956
2025-06-06 06:45:00,2456.32,2461.0,2455.74,2456.68,20955.279
2025-06-06 07:00:00,2456.68,2461.0,2456.15,2459.61,19899.229
2025-06-06 07:15:00,2459.61,2465.88,2456.17,2461.94,30143.672
2025-06-06 07:30:00,2461.91,2462.0,2451.8,2454.28,42467.619
2025-06-06 07:45:00,2454.28,2454.48,2449.44,2454.12,29556.683
2025-06-06 08:00:00,2454.12,2460.7,2452.58,2460.01,32473.51
2025-06-06 08:15:00,2460.01,2464.88,2459.06,2461.91,24574.138
2025-06-06 08:30:00,2461.92,2465.0,2456.0,2461.99,29559.577
2025-06-06 08:45:00,2461.99,2463.3,2458.91,2459.98,15182.457
2025-06-06 09:00:00,2459.98,2463.93,2458.26,2462.85,19064.305
2025-06-06 09:15:00,2462.89,2481.68,2462.51,2472.49,117254.828
2025-06-06 09:30:00,2472.5,2475.0,2470.38,2472.46,30113.08
2025-06-06 09:45:00,2472.46,2473.0,2466.39,2467.36,30499.694
2025-06-06 10:00:00,2467.36,2478.5,2466.85,2477.69,26471.365
2025-06-06 10:15:00,2477.7,2486.42,2475.12,2479.4,63016.102
2025-06-06 10:30:00,2479.4,2481.96,2475.66,2481.07,30745.896
2025-06-06 10:45:00,2481.08,2484.6,2478.21,2480.22,22936.865
2025-06-06 11:00:00,2480.22,2487.32,2478.44,2483.76,22132.262
2025-06-06 11:15:00,2483.75,2492.76,2482.38,2482.65,54398.749
2025-06-06 11:30:00,2482.66,2483.69,2470.89,2479.92,65020.896
2025-06-06 11:45:00,2479.92,2480.87,2471.82,2474.93,35787.882
2025-06-06 12:00:00,2474.93,2479.47,2472.36,2478.73,28106.687
2025-06-06 12:15:00,2478.72,2478.86,2473.0,2477.68,27389.095
2025-06-06 12:30:00,2477.69,2500.0,2465.07,2472.28,235229.767
2025-06-06 12:45:00,2472.28,2479.26,2472.27,2474.39,45611.161
2025-06-06 13:00:00,2474.4,2488.55,2474.4,2485.09,46144.609
2025-06-06 13:15:00,2485.1,2485.99,2478.0,2481.45,34864.464
2025-06-06 13:30:00,2481.46,2507.0,2479.56,2498.22,133418.85
2025-06-06 13:45:00,2498.22,2519.97,2498.22,2502.0,148562.188
2025-06-06 14:00:00,2501.99,2509.64,2493.04,2508.29,71042.449
2025-06-06 14:15:00,2508.28,2513.63,2501.0,2506.11,51941.354
2025-06-06 14:30:00,2506.11,2517.5,2500.0,2517.39,60679.859
2025-06-06 14:45:00,2517.4,2523.68,2512.66,2517.57,75692.789
2025-06-06 15:00:00,2517.57,2525.71,2511.66,2524.0,65113.889
2025-06-06 15:15:00,2523.99,2529.99,2504.19,2507.24,111831.527
2025-06-06 15:30:00,2507.24,2511.3,2494.54,2499.78,78533.258
2025-06-06 15:45:00,2499.77,2508.99,2499.77,2508.33,46674.774
2025-06-06 16:00:00,2508.33,2517.72,2505.16,2505.82,53211.779
2025-06-06 16:15:00,2505.81,2513.0,2503.0,2506.67,36855.203
2025-06-06 16:30:00,2506.67,2512.62,2498.6,2502.87,38855.623
2025-06-06 16:45:00,2502.88,2507.81,2490.46,2496.38,52094.313
2025-06-06 17:00:00,2496.38,2497.63,2483.63,2489.4,60619.098
2025-06-06 17:15:00,2489.39,2496.97,2483.38,2488.3,33254.248
2025-06-06 17:30:00,2488.3,2489.99,2482.15,2486.4,26145.559
2025-06-06 17:45:00,2486.39,2501.19,2485.02,2498.61,42770.588
2025-06-06 18:00:00,2498.6,2503.02,2491.17,2492.68,28073.397
2025-06-06 18:15:00,2492.68,2497.44,2487.46,2489.03,14300.473
2025-06-06 18:30:00,2489.03,2495.04,2487.75,2494.04,20695.337
2025-06-06 18:45:00,2494.03,2496.4,2490.52,2493.99,9935.322
2025-06-06 19:00:00,2493.99,2501.45,2492.9,2498.4,19455.725
2025-06-06 19:15:00,2498.4,2499.08,2487.89,2488.48,26294.13
2025-06-06 19:30:00,2488.48,2492.41,2485.14,2491.73,19997.815
2025-06-06 19:45:00,2491.72,2494.44,2482.68,2483.13,24820.127
2025-06-06 20:00:00,2483.13,2493.75,2480.47,2492.14,31102.343
2025-06-06 20:15:00,2492.13,2495.65,2490.78,2493.58,10612.896
2025-06-06 20:30:00,2493.57,2506.68,2492.16,2504.0,35210.433
2025-06-06 20:45:00,2504.0,2504.01,2494.35,2498.65,15070.227
2025-06-06 21:00:00,2498.64,2498.98,2487.22,2487.84,18902.386
2025-06-06 21:15:00,2487.85,2492.37,2486.0,2490.2,12131.373
2025-06-06 21:30:00,2490.19,2497.0,2489.63,2496.99,12622.565
2025-06-06 21:45:00,2496.99,2498.0,2489.88,2490.8,11070.971
2025-06-06 22:00:00,2490.81,2492.52,2483.34,2486.17,22125.336
2025-06-06 22:15:00,2486.2,2489.13,2481.24,2487.87,12747.853
2025-06-06 22:30:00,2487.86,2487.86,2475.66,2479.1,36726.955
2025-06-06 22:45:00,2479.1,2483.5,2476.52,2481.5,14263.504
2025-06-06 23:00:00,2481.5,2482.0,2471.32,2472.7,31058.139
2025-06-06 23:15:00,2472.7,2478.97,2472.0,2477.78,16310.085
2025-06-06 23:30:00,2477.79,2481.48,2476.38,2479.0,20100.224
2025-06-06 23:45:00,2478.99,2481.0,2473.69,2475.35,9364.924
2025-06-07 00:00:00,2475.34,2477.82,2461.83,2462.86,64959.94
2025-06-07 00:15:00,2462.86,2467.8,2455.92,2466.17,64277.087
2025-06-07 00:30:00,2466.18,2474.76,2465.33,2472.69,24409.226
2025-06-07 00:45:00,2472.69,2481.76,2469.25,2479.84,39800.587
2025-06-07 01:00:00,2479.83,2480.42,2472.11,2478.33,25240.138
2025-06-07 01:15:00,2478.32,2478.92,2470.0,2470.12,14841.968
2025-06-07 01:30:00,2470.12,2472.0,2465.03,2469.6,28875.558
2025-06-07 01:45:00,2469.6,2473.81,2469.6,2470.17,12770.398
2025-06-07 02:00:00,2470.17,2471.33,2467.0,2469.38,17431.026
2025-06-07 02:15:00,2469.38,2474.78,2469.06,2472.3,16761.418
2025-06-07 02:30:00,2472.29,2473.89,2469.63,2470.77,12872.669
2025-06-07 02:45:00,2470.78,2480.87,2470.21,2478.61,33428.433
2025-06-07 03:00:00,2478.6,2487.61,2476.26,2485.37,42872.283
2025-06-07 03:15:00,2485.37,2491.59,2482.62,2488.79,34867.467
2025-06-07 03:30:00,2488.8,2491.44,2484.78,2489.3,21388.485
2025-06-07 03:45:00,2489.3,2492.33,2486.03,2487.79,17076.85
2025-06-07 04:00:00,2487.79,2488.27,2481.2,2481.74,22505.714
2025-06-07 04:15:00,2481.73,2485.84,2481.21,2482.5,12884.631
2025-06-07 04:30:00,2482.5,2487.74,2478.51,2487.48,20861.351
2025-06-07 04:45:00,2487.49,2489.0,2485.19,2488.6,12342.839
2025-06-07 05:00:00,2488.61,2489.3,2483.98,2487.5,15308.522
2025-06-07 05:15:00,2487.5,2488.65,2484.08,2487.5,8756.38
2025-06-07 05:30:00,2487.51,2492.82,2485.34,2492.16,13235.306
2025-06-07 05:45:00,2492.17,2495.5,2490.83,2492.56,25394.438
2025-06-07 06:00:00,2492.57,2492.85,2485.67,2486.43,20095.129
2025-06-07 06:15:00,2486.44,2487.79,2483.0,2483.46,19652.853
2025-06-07 06:30:00,2483.46,2489.0,2483.45,2488.0,17177.085
2025-06-07 06:45:00,2488.01,2500.86,2487.15,2500.15,55919.889
2025-06-07 07:00:00,2500.15,2500.79,2489.0,2490.49,33405.836
2025-06-07 07:15:00,2490.48,2495.51,2486.06,2490.89,36296.121
2025-06-07 07:30:00,2490.89,2494.63,2490.7,2491.03,10060.488
2025-06-07 07:45:00,2491.03,2491.7,2488.09,2490.12,12568.854
2025-06-07 08:00:00,2490.12,2491.14,2485.5,2486.16,14688.25
2025-06-07 08:15:00,2486.16,2489.18,2483.65,2487.62,22016.421
2025-06-07 08:30:00,2487.62,2487.91,2485.34,2485.45,14098.092
2025-06-07 08:45:00,2485.44,2486.82,2480.47,2482.79,26180.216
2025-06-07 09:00:00,2482.79,2487.22,2481.82,2486.7,14526.257
2025-06-07 09:15:00,2486.69,2489.38,2483.2,2487.69,12944.199
2025-06-07 09:30:00,2487.7,2488.2,2484.0,2484.24,8513.568
2025-06-07 09:45:00,2484.25,2486.57,2483.61,2484.89,6322.47
2025-06-07 10:00:00,2484.88,2488.81,2483.44,2488.55,8676.806
2025-06-07 10:15:00,2488.55,2494.25,2488.0,2493.41,28319.399
2025-06-07 10:30:00,2493.42,2494.0,2490.0,2490.61,14394.921
2025-06-07 10:45:00,2490.62,2495.65,2487.11,2493.72,21534.623
2025-06-07 11:00:00,2493.72,2495.39,2491.13,2492.88,14523.619
2025-06-07 11:15:00,2492.88,2499.86,2492.05,2495.7,33624.484
2025-06-07 11:30:00,2495.7,2500.0,2493.9,2496.78,22091.32
2025-06-07 11:45:00,2496.79,2496.82,2491.79,2494.18,15190.989
2025-06-07 12:00:00,2494.17,2496.29,2492.0,2493.92,11517.138
2025-06-07 12:15:00,2493.92,2497.55,2492.51,2497.09,11411.792
2025-06-07 12:30:00,2497.1,2506.36,2495.55,2504.54,55660.114
2025-06-07 12:45:00,2504.53,2504.95,2495.09,2496.37,23552.574
2025-06-07 13:00:00,2496.37,2505.8,2491.3,2503.8,45938.203
2025-06-07 13:15:00,2503.81,2509.56,2501.52,2503.94,40117.678
2025-06-07 13:30:00,2503.93,2507.83,2501.42,2506.78,24109.82
2025-06-07 13:45:00,2506.79,2513.98,2505.16,2505.72,47887.774
2025-06-07 14:00:00,2505.73,2511.75,2503.28,2510.58,26682.106
2025-06-07 14:15:00,2510.58,2511.0,2503.89,2506.85,22289.264
2025-06-07 14:30:00,2506.85,2517.0,2506.71,2516.17,50848.105
2025-06-07 14:45:00,2516.17,2516.8,2511.25,2514.43,21038.017
2025-06-07 15:00:00,2514.43,2522.71,2514.42,2516.24,55066.028
2025-06-07 15:15:00,2516.25,2522.53,2514.16,2516.26,30538.639
2025-06-07 15:30:00,2516.26,2517.68,2511.4,2513.68,28993.818
2025-06-07 15:45:00,2513.67,2518.56,2512.84,2518.15,17699.505
2025-06-07 16:00:00,2518.15,2524.63,2517.34,2519.68,33474.832
2025-06-07 16:15:00,2519.68,2522.5,2514.58,2515.66,34113.418
2025-06-07 16:30:00,2515.65,2515.94,2508.44,2514.22,39494.548
2025-06-07 16:45:00,2514.23,2514.52,2506.15,2508.78,32660.329
2025-06-07 17:00:00,2508.78,2512.54,2508.54,2511.0,18736.533
2025-06-07 17:15:00,2511.0,2511.94,2506.5,2510.76,18022.61
2025-06-07 17:30:00,2510.75,2512.3,2507.0,2510.24,12459.53
2025-06-07 17:45:00,2510.23,2510.48,2505.5,2506.72,14373.362
2025-06-07 18:00:00,2506.72,2515.72,2506.01,2513.55,20835.27
2025-06-07 18:15:00,2513.56,2522.53,2513.55,2519.66,26166.853
2025-06-07 18:30:00,2519.57,2521.72,2511.8,2512.0,16080.523
2025-06-07 18:45:00,2512.0,2516.44,2510.24,2515.74,10888.132
2025-06-07 19:00:00,2515.73,2520.59,2515.29,2517.59,10566.367
2025-06-07 19:15:00,2517.6,2522.61,2517.13,2521.51,9914.607
2025-06-07 19:30:00,2521.5,2522.47,2516.31,2516.32,11564.828
2025-06-07 19:45:00,2516.31,2518.52,2515.2,2515.9,11393.175
2025-06-07 20:00:00,2515.9,2524.84,2515.9,2523.69,17005.149
2025-06-07 20:15:00,2523.69,2523.93,2518.69,2522.4,8866.614
2025-06-07 20:30:00,2522.4,2522.4,2517.45,2518.37,8113.77
2025-06-07 20:45:00,2518.37,2522.19,2517.43,2520.71,6059.689
2025-06-07 21:00:00,2520.71,2521.61,2517.14,2518.63,8156.123
2025-06-07 21:15:00,2518.63,2521.3,2517.07,2519.28,7844.197
2025-06-07 21:30:00,2519.27,2522.2,2519.2,2522.19,6517.566
2025-06-07 21:45:00,2522.2,2522.22,2518.0,2521.29,7783.621
2025-06-07 22:00:00,2521.29,2522.4,2518.11,2519.31,10316.283
2025-06-07 22:15:00,2519.32,2523.13,2518.67,2522.72,5519.699
2025-06-07 22:30:00,2522.71,2544.92,2521.02,2534.61,113785.429
2025-06-07 22:45:00,2534.62,2541.21,2532.56,2534.21,20521.569
2025-06-07 23:00:00,2534.21,2535.16,2526.15,2528.46,25025.088
2025-06-07 23:15:00,2528.46,2529.0,2523.17,2525.22,15084.049
2025-06-07 23:30:00,2525.23,2527.91,2520.0,2523.22,22843.847
2025-06-07 23:45:00,2523.21,2525.0,2521.5,2523.51,8661.68
2025-06-08 00:00:00,2523.51,2524.0,2516.0,2516.5,32815.83
2025-06-08 00:15:00,2516.49,2519.88,2515.31,2519.88,25905.48
2025-06-08 00:30:00,2519.88,2524.87,2518.75,2519.0,14273.706
2025-06-08 00:45:00,2519.01,2519.01,2513.33,2516.46,18572.436
2025-06-08 01:00:00,2516.47,2516.47,2510.04,2514.81,29660.539
2025-06-08 01:15:00,2514.81,2514.81,2510.21,2511.99,14800.607
2025-06-08 01:30:00,2511.98,2520.88,2510.74,2517.95,18519.828
2025-06-08 01:45:00,2517.96,2520.48,2515.83,2517.74,10081.404
2025-06-08 02:00:00,2517.75,2517.97,2511.47,2512.97,14102.762
2025-06-08 02:15:00,2512.97,2515.57,2511.71,2512.83,8569.201
2025-06-08 02:30:00,2512.83,2515.97,2512.47,2513.55,10702.272
2025-06-08 02:45:00,2513.55,2514.88,2510.5,2510.93,9732.082
2025-06-08 03:00:00,2510.93,2511.5,2506.47,2509.21,32957.855
2025-06-08 03:15:00,2509.21,2511.44,2508.34,2509.4,7984.162
2025-06-08 03:30:00,2509.39,2513.79,2509.18,2513.5,10798.701
2025-06-08 03:45:00,2513.5,2513.5,2509.6,2510.43,5638.975
2025-06-08 04:00:00,2510.44,2510.5,2507.0,2508.47,13629.104
2025-06-08 04:15:00,2508.47,2511.35,2507.82,2510.61,7312.299
2025-06-08 04:30:00,2510.61,2517.8,2510.6,2516.81,26661.074
2025-06-08 04:45:00,2516.82,2518.73,2514.0,2514.91,12134.263
2025-06-08 05:00:00,2514.91,2515.52,2510.01,2510.02,13660.981
2025-06-08 05:15:00,2510.01,2515.0,2510.0,2514.1,18666.993
2025-06-08 05:30:00,2514.09,2514.78,2508.68,2509.43,16775.397
2025-06-08 05:45:00,2509.41,2510.67,2507.5,2510.48,12557.713
2025-06-08 06:00:00,2510.48,2511.92,2510.0,2511.78,6297.775
2025-06-08 06:15:00,2511.78,2515.29,2510.23,2512.7,17874.686
2025-06-08 06:30:00,2512.69,2515.22,2512.35,2515.21,6704.835
2025-06-08 06:45:00,2515.22,2516.0,2511.55,2511.6,8068.277
2025-06-08 07:00:00,2511.61,2514.0,2511.15,2512.31,7167.472
2025-06-08 07:15:00,2512.36,2514.5,2511.1,2513.37,8135.721
2025-06-08 07:30:00,2513.38,2515.0,2511.5,2511.84,7156.688
2025-06-08 07:45:00,2511.84,2513.43,2510.1,2513.39,9072.055
2025-06-15 14:45:00,2541.65,2553.93,2541.29,2547.36,77044.633
2025-06-15 15:00:00,2547.36,2549.84,2543.0,2545.0,31909.981
2025-06-15 15:15:00,2545.0,2550.27,2543.7,2549.99,19717.041
2025-06-15 15:30:00,2550.0,2551.9,2544.34,2544.83,19297.416
2025-06-15 15:45:00,2544.84,2548.07,2537.0,2540.47,50353.443
2025-06-15 16:00:00,2540.46,2547.13,2538.24,2540.33,28069.361
2025-06-15 16:15:00,2540.33,2542.29,2534.19,2542.16,42933.59
2025-06-15 16:30:00,2542.16,2555.0,2538.35,2550.01,49717.49
2025-06-15 16:45:00,2550.01,2550.67,2545.0,2550.18,21116.327
2025-06-15 17:00:00,2550.18,2551.48,2544.0,2544.0,14551.663
2025-06-15 17:15:00,2544.0,2549.5,2543.2,2547.42,13125.719
2025-06-15 17:30:00,2547.42,2549.9,2543.96,2549.09,13807.049
2025-06-15 17:45:00,2549.1,2559.0,2547.76,2552.19,39243.136
2025-06-15 18:00:00,2552.18,2553.26,2543.03,2545.78,25020.857
2025-06-15 18:15:00,2545.79,2546.17,2539.51,2544.2,18771.693
2025-06-15 18:30:00,2544.21,2546.7,2541.49,2544.97,8121.835
2025-06-15 18:45:00,2544.96,2548.68,2542.81,2547.61,8623.221
2025-06-15 19:00:00,2547.6,2552.0,2546.0,2550.44,9357.611
2025-06-15 19:15:00,2550.44,2551.86,2544.03,2545.89,7711.549
2025-06-15 19:30:00,2545.89,2547.9,2529.26,2532.61,58947.631
2025-06-15 19:45:00,2532.61,2537.21,2530.0,2535.63,19677.564
2025-06-15 20:00:00,2535.63,2535.78,2519.06,2522.12,51825.436
2025-06-15 20:15:00,2522.13,2522.51,2510.4,2511.74,48185.478
2025-06-15 20:30:00,2511.8,2518.5,2490.3,2492.35,100383.694
2025-06-15 20:45:00,2492.34,2503.43,2490.82,2501.94,43792.91
2025-06-15 21:00:00,2501.88,2505.47,2495.6,2503.54,35157.504
2025-06-15 21:15:00,2503.53,2512.63,2503.25,2511.97,29575.424
2025-06-15 21:30:00,2511.97,2512.37,2503.15,2508.8,25804.147
2025-06-15 21:45:00,2508.8,2517.81,2508.76,2515.82,21567.933
2025-06-15 22:00:00,2515.82,2545.85,2512.1,2540.32,102765.078
2025-06-15 22:15:00,2540.33,2545.88,2535.64,2538.8,46593.151
2025-06-15 22:30:00,2538.79,2542.65,2532.29,2540.63,32132.651
2025-06-15 22:45:00,2540.63,2549.0,2539.13,2543.58,35798.566
2025-06-15 23:00:00,2543.58,2547.0,2538.13,2539.98,14447.326
2025-06-15 23:15:00,2539.9,2546.0,2539.56,2543.1,15341.507
2025-06-15 23:30:00,2543.11,2548.5,2542.18,2547.64,19146.574
2025-06-15 23:45:00,2547.64,2548.39,2543.0,2546.2,13868.002
2025-06-16 00:00:00,2546.2,2548.52,2539.16,2542.2,24888.636
2025-06-16 00:15:00,2542.19,2551.97,2536.69,2541.39,38219.474
2025-06-16 00:30:00,2541.4,2547.0,2538.0,2544.56,31499.288
2025-06-16 00:45:00,2544.55,2546.8,2538.76,2543.4,19307.292
2025-06-16 01:00:00,2543.39,2544.9,2522.0,2524.01,82865.636
2025-06-16 01:15:00,2524.01,2529.65,2518.33,2521.43,50799.754
2025-06-16 01:30:00,2521.43,2539.75,2513.0,2537.02,79841.945
2025-06-16 01:45:00,2537.01,2558.49,2535.06,2553.2,109104.414
2025-06-16 02:00:00,2553.2,2576.39,2553.12,2572.14,140677.293
2025-06-16 02:15:00,2572.13,2577.99,2563.15,2568.05,95299.751
2025-06-16 02:30:00,2568.04,2577.0,2564.76,2572.62,52788.126
2025-06-16 02:45:00,2572.62,2576.13,2570.61,2572.98,25168.361
2025-06-16 03:00:00,2572.99,2574.34,2564.2,2567.9,38584.207
2025-06-16 03:15:00,2567.9,2573.29,2564.49,2571.0,21823.942
2025-06-16 03:30:00,2570.99,2572.5,2568.63,2569.73,16472.958
2025-06-16 03:45:00,2569.73,2570.05,2566.48,2567.36,13683.222
2025-06-16 04:00:00,2567.37,2573.2,2565.14,2573.2,25171.327
2025-06-16 04:15:00,2573.2,2577.72,2569.01,2571.42,45041.11
2025-06-16 04:30:00,2571.42,2577.0,2569.01,2575.77,25555.455
2025-06-16 04:45:00,2575.77,2575.77,2571.7,2574.49,17123.208
2025-06-16 05:00:00,2574.48,2577.57,2572.0,2573.44,28939.089
2025-06-16 05:15:00,2573.45,2596.93,2573.33,2595.84,155124.087
2025-06-16 05:30:00,2595.85,2619.98,2593.72,2605.28,220192.269
2025-06-16 05:45:00,2605.27,2609.51,2603.1,2606.35,46012.994
2025-06-16 06:00:00,2606.36,2610.87,2602.01,2609.98,48658.984
2025-06-16 06:15:00,2609.98,2616.0,2608.57,2610.23,44237.719
2025-06-16 06:30:00,2610.23,2616.73,2608.05,2613.48,32057.701
2025-06-16 06:45:00,2613.49,2619.36,2604.4,2606.6,56916.066
2025-06-16 07:00:00,2606.6,2638.0,2606.6,2628.99,162184.834
2025-06-16 07:15:00,2628.99,2631.69,2617.48,2623.19,68283.687
2025-06-16 07:30:00,2623.19,2632.38,2621.71,2626.3,52689.212
2025-06-16 07:45:00,2626.3,2628.03,2622.98,2627.7,23307.289
2025-06-16 08:00:00,2627.71,2629.22,2624.02,2627.22,22505.72
2025-06-16 08:15:00,2627.23,2630.54,2620.24,2622.3,35971.6
2025-06-16 08:30:00,2622.3,2628.8,2621.4,2626.92,33632.927
2025-06-16 08:45:00,2626.91,2629.5,2625.01,2629.5,18723.268
2025-06-16 09:00:00,2629.49,2630.0,2623.38,2624.49,21491.927
2025-06-16 09:15:00,2624.49,2627.77,2621.3,2623.55,26874.767
2025-06-16 09:30:00,2623.56,2624.34,2618.25,2620.45,25012.402
2025-06-16 09:45:00,2620.46,2623.47,2617.61,2620.55,25572.182
2025-06-16 10:00:00,2620.56,2629.26,2620.0,2627.99,31975.647
2025-06-16 10:15:00,2627.99,2634.02,2622.91,2624.98,40708.822
2025-06-16 10:30:00,2624.97,2625.64,2618.92,2619.51,19786.843
2025-06-16 10:45:00,2619.5,2619.6,2609.03,2616.0,73276.856
2025-06-16 11:00:00,2616.01,2616.15,2608.01,2608.72,36912.193
2025-06-16 11:15:00,2608.71,2610.41,2591.0,2597.01,125682.727
2025-06-16 11:30:00,2597.01,2614.6,2596.0,2612.61,75161.012
2025-06-16 11:45:00,2612.7,2619.62,2610.79,2615.92,47282.574
2025-06-16 12:00:00,2615.92,2616.38,2605.0,2610.43,57297.695
2025-06-16 12:15:00,2610.43,2613.75,2603.2,2608.94,34381.472
2025-06-16 12:30:00,2608.93,2616.3,2605.03,2614.35,26944.219
2025-06-16 12:45:00,2614.35,2618.42,2612.34,2614.07,23956.698
2025-06-16 13:00:00,2614.06,2617.44,2608.03,2612.09,25231.473
2025-06-16 13:15:00,2612.09,2613.91,2606.77,2611.17,18101.386
2025-06-16 13:30:00,2611.18,2623.83,2609.0,2621.12,64892.04
2025-06-16 13:45:00,2621.15,2646.44,2614.0,2638.6,188117.463
2025-06-16 14:00:00,2638.61,2644.44,2625.44,2631.83,113637.527
2025-06-16 14:15:00,2631.84,2641.78,2628.0,2638.58,61448.677
2025-06-16 14:30:00,2638.58,2656.77,2637.06,2643.1,146334.356
2025-06-16 14:45:00,2643.11,2647.56,2636.36,2638.52,69424.236
2025-06-16 15:00:00,2638.51,2641.73,2631.79,2639.33,47487.984
2025-06-16 15:15:00,2639.33,2644.48,2633.68,2635.8,32786.742
2025-06-16 15:30:00,2635.81,2642.38,2635.21,2639.45,32956.152
2025-06-16 15:45:00,2639.45,2645.71,2626.54,2630.9,63598.696
2025-06-16 16:00:00,2630.9,2639.32,2626.78,2639.06,48479.238
2025-06-16 16:15:00,2639.06,2644.5,2634.75,2635.26,33149.974
2025-06-16 16:30:00,2635.26,2641.46,2633.0,2633.0,22249.536
2025-06-16 16:45:00,2633.0,2638.57,2626.16,2634.5,47072.579
2025-06-16 17:00:00,2634.5,2638.5,2632.36,2633.01,19257.103
2025-06-16 17:15:00,2633.0,2641.09,2629.89,2636.78,35960.08
2025-06-16 17:30:00,2636.78,2641.58,2633.12,2633.72,25165.594
2025-06-16 17:45:00,2633.73,2636.86,2628.13,2632.79,28433.384
2025-06-16 18:00:00,2632.8,2638.32,2630.8,2637.18,17298.096
2025-06-16 18:15:00,2637.18,2644.67,2634.57,2642.3,27616.059
2025-06-16 18:30:00,2642.3,2643.0,2636.68,2640.45,17253.238
2025-06-16 18:45:00,2640.45,2653.95,2637.65,2653.19,43153.993
2025-06-16 19:00:00,2653.19,2659.41,2643.56,2647.52,62061.783
2025-06-16 19:15:00,2647.52,2669.2,2647.5,2664.75,114798.036
2025-06-16 19:30:00,2664.75,2665.08,2646.35,2651.9,53665.296
2025-06-16 19:45:00,2651.89,2660.32,2648.01,2659.19,35525.15
2025-06-16 20:00:00,2659.19,2659.5,2642.69,2651.09,54129.452
2025-06-16 20:15:00,2651.08,2657.47,2648.19,2657.2,17659.67
2025-06-16 20:30:00,2657.2,2670.98,2654.57,2669.95,41396.335
2025-06-16 20:45:00,2669.95,2679.46,2667.0,2668.53,63371.413
2025-06-16 21:00:00,2668.52,2670.37,2654.13,2654.3,29457.127
2025-06-16 21:15:00,2654.29,2658.18,2650.67,2656.57,27315.083
2025-06-16 21:30:00,2656.57,2656.86,2642.64,2648.17,36158.788
2025-06-16 21:45:00,2648.18,2654.24,2645.54,2647.75,15387.749
2025-06-16 22:00:00,2647.76,2656.63,2647.27,2652.66,29225.476
2025-06-16 22:15:00,2652.68,2654.78,2649.52,2654.78,10393.67
2025-06-16 22:30:00,2654.77,2655.0,2553.5,2555.69,350889.037
2025-06-16 22:45:00,2555.69,2580.62,2542.36,2568.8,269810.166
2025-06-16 23:00:00,2568.81,2589.99,2559.09,2586.35,140431.775
2025-06-16 23:15:00,2586.35,2595.0,2568.0,2573.6,126339.719
2025-06-16 23:30:00,2573.6,2578.46,2557.0,2568.56,96596.3
2025-06-16 23:45:00,2568.56,2571.0,2533.06,2543.29,167721.659
2025-06-17 00:00:00,2543.29,2544.1,2523.23,2537.46,219377.768
2025-06-17 00:15:00,2537.46,2571.49,2527.33,2569.53,188244.848
2025-06-17 00:30:00,2569.54,2573.8,2554.05,2559.43,85510.285
2025-06-17 00:45:00,2559.44,2587.27,2558.81,2586.14,98154.531
2025-06-17 01:00:00,2586.15,2591.99,2572.0,2576.76,78395.822
2025-06-17 01:15:00,2576.76,2583.0,2573.7,2577.89,34829.475
2025-06-17 01:30:00,2577.89,2589.76,2576.15,2579.89,39815.378
2025-06-17 01:45:00,2579.89,2586.26,2576.0,2579.71,25528.464
2025-06-17 02:00:00,2579.71,2580.26,2573.08,2577.99,26295.646
2025-06-17 02:15:00,2577.99,2577.99,2560.11,2562.91,72640.203
2025-06-17 02:30:00,2562.91,2573.0,2557.0,2572.09,58370.95
2025-06-17 02:45:00,2572.1,2615.99,2565.74,2607.54,175326.232
2025-06-17 03:00:00,2607.54,2618.0,2599.2,2611.71,87007.716
2025-06-17 03:15:00,2611.7,2616.0,2603.74,2606.24,60080.043
2025-06-17 03:30:00,2606.24,2612.25,2603.7,2605.0,36845.226
2025-06-17 03:45:00,2604.99,2610.5,2602.23,2606.09,35340.747
2025-06-17 04:00:00,2606.08,2609.7,2601.0,2604.76,26839.329
2025-06-17 04:15:00,2604.76,2606.08,2592.0,2594.43,67180.355
2025-06-17 04:30:00,2594.44,2595.12,2586.16,2591.54,51079.267
2025-06-17 04:45:00,2591.53,2597.93,2590.87,2590.88,26197.755
2025-06-17 05:00:00,2590.87,2597.0,2590.46,2592.32,16326.061
2025-06-17 05:15:00,2592.38,2593.37,2575.0,2585.22,78148.46
2025-06-17 05:30:00,2585.23,2587.91,2582.65,2583.08,21698.25
2025-06-17 05:45:00,2583.07,2583.26,2574.46,2578.88,45607.92
2025-06-17 06:00:00,2578.88,2587.72,2572.93,2585.32,47657.042
2025-06-17 06:15:00,2585.32,2586.97,2576.51,2581.79,27031.861
2025-06-17 06:30:00,2581.78,2583.0,2575.71,2580.11,23295.824
2025-06-17 06:45:00,2580.12,2584.21,2575.24,2581.2,27147.184
2025-06-17 07:00:00,2581.15,2585.63,2577.48,2578.01,24575.368
2025-06-17 07:15:00,2578.0,2580.71,2568.63,2569.72,54506.309
2025-06-17 07:30:00,2569.71,2580.58,2569.58,2578.61,37587.404
2025-06-17 07:45:00,2578.6,2585.58,2578.28,2581.4,31629.879
2025-06-17 08:00:00,2581.4,2584.56,2578.7,2582.87,18027.211
2025-06-17 08:15:00,2582.87,2582.88,2573.09,2579.81,27737.46
2025-06-17 08:30:00,2579.81,2579.81,2564.08,2570.14,50209.031
2025-06-17 08:45:00,2570.14,2575.51,2567.24,2570.81,37860.068
2025-06-17 09:00:00,2570.82,2575.64,2561.54,2568.9,53480.37
2025-06-17 09:15:00,2568.9,2573.0,2566.26,2569.16,33525.39
2025-06-17 09:30:00,2569.15,2572.96,2560.19,2565.96,51096.623
2025-06-17 09:45:00,2565.96,2568.55,2562.58,2565.89,25410.52
2025-06-17 10:00:00,2565.88,2568.5,2557.0,2560.44,49943.427
2025-06-17 10:15:00,2560.41,2565.5,2553.3,2561.97,47710.979
2025-06-17 10:30:00,2561.97,2563.0,2543.46,2547.6,101541.998
2025-06-17 10:45:00,2547.61,2556.39,2543.4,2555.99,51483.942
2025-06-17 11:00:00,2555.99,2556.3,2546.6,2547.79,30487.483
2025-06-17 11:15:00,2547.79,2549.83,2540.24,2543.61,47370.747
2025-06-17 11:30:00,2543.61,2548.89,2542.01,2543.35,27483.177
2025-06-17 11:45:00,2543.35,2553.23,2542.83,2551.19,30258.211
2025-06-17 12:00:00,2551.19,2557.81,2549.14,2555.0,55003.103
2025-06-17 12:15:00,2555.01,2556.24,2547.8,2548.69,25842.41
2025-06-17 12:30:00,2548.69,2558.69,2545.19,2555.81,46904.036
2025-06-17 12:45:00,2555.81,2556.25,2543.51,2546.76,41446.563
2025-06-17 13:00:00,2546.75,2552.77,2545.12,2549.49,24306.019
2025-06-17 13:15:00,2549.49,2557.35,2546.9,2555.87,49591.911
2025-06-17 13:30:00,2555.87,2562.97,2545.8,2548.98,106373.919
2025-06-17 13:45:00,2548.99,2557.7,2547.57,2552.29,46701.398
2025-06-17 14:00:00,2552.29,2567.0,2546.6,2564.59,82977.679
2025-06-17 14:15:00,2564.59,2565.29,2552.06,2558.12,73201.0
2025-06-17 14:30:00,2558.12,2560.79,2547.7,2551.45,59360.298
2025-06-17 14:45:00,2551.45,2556.6,2527.09,2532.31,162926.828
2025-06-17 15:00:00,2532.31,2539.99,2507.32,2520.31,339956.168
2025-06-17 15:15:00,2520.31,2520.31,2488.01,2495.1,272282.178
2025-06-17 15:30:00,2495.1,2504.55,2479.51,2499.28,278018.527
2025-06-17 15:45:00,2499.29,2500.69,2490.1,2497.41,73889.464
2025-06-17 16:00:00,2497.4,2501.09,2490.41,2495.7,92577.179
2025-06-17 16:15:00,2495.7,2497.45,2483.13,2485.28,97964.513
2025-06-17 16:30:00,2485.29,2496.0,2474.0,2483.92,178188.04
2025-06-17 16:45:00,2483.92,2486.66,2457.0,2460.33,255897.483
2025-06-17 17:00:00,2460.33,2471.59,2452.04,2461.01,172226.404
2025-06-17 17:15:00,2461.02,2476.44,2458.6,2475.0,96391.135
2025-06-17 17:30:00,2475.0,2485.8,2467.41,2469.99,149761.635
2025-06-17 17:45:00,2469.99,2472.34,2463.19,2465.48,75586.141
2025-06-17 18:00:00,2465.48,2477.0,2462.08,2472.69,38627.418
2025-06-17 18:15:00,2472.68,2473.53,2463.0,2463.65,38643.796
2025-06-17 18:30:00,2463.7,2474.94,2463.65,2473.62,35370.697
2025-06-17 18:45:00,2473.62,2496.2,2473.61,2496.2,91437.5
2025-06-17 19:00:00,2496.2,2515.84,2495.84,2513.81,145388.313
2025-06-17 19:15:00,2513.82,2540.72,2513.47,2532.42,185116.933
2025-06-17 19:30:00,2532.41,2538.18,2524.0,2529.62,61766.418
2025-06-17 19:45:00,2529.62,2543.33,2526.3,2526.9,90043.367
2025-06-17 20:00:00,2526.9,2533.0,2520.91,2523.11,69890.537
2025-06-17 20:15:00,2523.1,2527.74,2509.61,2522.25,108916.88
2025-06-17 20:30:00,2522.26,2525.87,2512.53,2518.47,45753.516
2025-06-17 20:45:00,2518.48,2518.87,2505.02,2509.41,44187.084
2025-06-17 21:00:00,2509.4,2515.27,2501.0,2506.51,41073.634
2025-06-17 21:15:00,2506.51,2516.81,2503.44,2515.49,27888.618
2025-06-17 21:30:00,2515.49,2525.43,2515.48,2520.89,52590.174
2025-06-17 21:45:00,2520.88,2522.56,2510.19,2518.8,18334.666
2025-06-17 22:00:00,2518.8,2519.56,2508.96,2517.98,22692.795
2025-06-17 22:15:00,2517.98,2520.51,2513.0,2514.34,18975.191
2025-06-17 22:30:00,2514.33,2514.91,2505.23,2509.2,23916.384
2025-06-17 22:45:00,2509.21,2510.88,2490.34,2493.4,65396.888
2025-06-17 23:00:00,2493.42,2506.46,2492.5,2505.35,36647.117
2025-06-17 23:15:00,2505.35,2512.5,2504.69,2511.8,27020.656
2025-06-17 23:30:00,2511.81,2518.43,2510.71,2516.6,27428.802
2025-06-17 23:45:00,2516.6,2518.0,2508.35,2508.9,21736.069
2025-06-18 00:00:00,2508.91,2520.6,2508.91,2516.59,27808.716
2025-06-18 00:15:00,2516.6,2519.69,2506.62,2507.99,34076.066
2025-06-18 00:30:00,2508.0,2529.48,2504.62,2521.98,66741.482
2025-06-18 00:45:00,2521.98,2526.23,2513.84,2525.12,38530.551
2025-06-18 01:00:00,2525.13,2536.54,2522.98,2528.2,55752.055
2025-06-18 01:15:00,2528.2,2534.95,2520.21,2521.12,38119.899
2025-06-18 01:30:00,2521.13,2528.0,2520.87,2524.06,30978.583
2025-06-18 01:45:00,2524.06,2524.06,2516.88,2518.49,27395.104
2025-06-18 02:00:00,2518.49,2523.92,2516.35,2519.71,18148.921
2025-06-18 02:15:00,2519.7,2527.84,2512.49,2525.88,43961.929
2025-06-18 02:30:00,2525.87,2528.8,2518.0,2518.0,24967.615
2025-06-18 02:45:00,2518.01,2523.0,2513.76,2513.79,27800.311
2025-06-18 03:00:00,2513.79,2518.0,2511.29,2515.89,34828.834
2025-06-18 03:15:00,2515.89,2523.84,2515.47,2521.3,31409.254
2025-06-18 03:30:00,2521.29,2531.38,2521.29,2529.31,33961.335
2025-06-18 03:45:00,2529.31,2529.6,2523.8,2526.76,26112.387
2025-06-18 04:00:00,2526.76,2532.26,2524.0,2531.88,22845.371
2025-06-18 04:15:00,2531.87,2533.77,2526.01,2528.59,24264.298
2025-06-18 04:30:00,2528.59,2537.16,2527.06,2535.58,25814.601
2025-06-18 04:45:00,2535.58,2546.29,2533.61,2535.97,63019.568
2025-06-18 05:00:00,2535.98,2537.8,2532.25,2533.01,26591.298
2025-06-18 05:15:00,2533.01,2538.5,2533.01,2536.51,17432.014
2025-06-18 05:30:00,2536.52,2542.43,2536.0,2539.13,20021.576
2025-06-18 05:45:00,2539.14,2539.53,2535.15,2535.94,11285.271
2025-06-18 06:00:00,2535.95,2539.98,2532.0,2535.06,31021.128
2025-06-18 06:15:00,2535.05,2535.73,2528.0,2531.85,23405.714
2025-06-18 06:30:00,2531.86,2535.65,2524.41,2526.16,40590.139
2025-06-18 06:45:00,2526.17,2527.54,2518.11,2522.82,51086.539
2025-06-18 07:00:00,2522.83,2526.45,2516.01,2518.0,47722.198
2025-06-18 07:15:00,2518.01,2525.49,2516.9,2524.03,26521.989
2025-06-18 07:30:00,2524.02,2532.34,2522.5,2529.85,42326.666
2025-06-18 07:45:00,2529.85,2532.85,2528.37,2532.47,17532.297
2025-06-18 08:00:00,2532.47,2547.99,2531.65,2542.04,82229.038
2025-06-18 08:15:00,2542.04,2544.11,2536.03,2536.39,36371.942
2025-06-18 08:30:00,2536.39,2536.51,2525.47,2527.35,56628.523
2025-06-18 08:45:00,2527.34,2535.49,2527.34,2532.39,35561.256
2025-06-18 09:00:00,2532.39,2539.65,2530.0,2534.31,31167.583
2025-06-18 09:15:00,2534.31,2538.66,2532.23,2533.92,26105.5
2025-06-18 09:30:00,2533.93,2534.46,2521.63,2523.44,45707.551
2025-06-18 09:45:00,2523.44,2526.72,2520.0,2526.22,38806.713
2025-06-18 10:00:00,2526.22,2526.56,2517.23,2521.43,42140.266
2025-06-18 10:15:00,2521.44,2528.12,2510.68,2514.23,69741.703
2025-06-18 10:30:00,2514.24,2517.0,2505.0,2507.91,90258.237
2025-06-18 10:45:00,2507.9,2509.91,2486.97,2493.98,132308.012
2025-06-18 11:00:00,2493.98,2505.81,2489.5,2505.2,85346.308
2025-06-18 11:15:00,2505.2,2505.54,2496.4,2505.28,51547.296
2025-06-18 11:30:00,2505.28,2513.89,2500.62,2511.39,61936.232
2025-06-18 11:45:00,2511.39,2516.0,2508.7,2512.8,61352.795
2025-06-18 12:00:00,2512.79,2515.1,2507.27,2511.28,30986.772
2025-06-18 12:15:00,2511.28,2511.3,2500.01,2502.9,51451.922
2025-06-18 12:30:00,2502.9,2506.14,2493.22,2494.95,57651.385
2025-06-18 12:45:00,2494.96,2498.5,2491.0,2492.49,45522.869
2025-06-18 13:00:00,2492.5,2494.0,2476.57,2481.87,125485.818
2025-06-18 13:15:00,2481.86,2485.13,2466.6,2469.58,129712.724
2025-06-18 13:30:00,2469.59,2491.61,2464.08,2485.34,178468.463
2025-06-18 13:45:00,2485.33,2504.52,2477.41,2501.08,120002.13
2025-06-18 14:00:00,2501.08,2533.16,2492.69,2528.81,295184.745
2025-06-18 14:15:00,2528.81,2537.95,2521.44,2531.75,127494.636
2025-06-18 14:30:00,2531.75,2535.93,2523.57,2527.29,99753.795
2025-06-18 14:45:00,2527.3,2528.18,2493.01,2503.97,219394.912
2025-06-18 15:00:00,2503.97,2514.74,2497.5,2499.49,109507.081
2025-06-18 15:15:00,2499.49,2514.21,2489.0,2509.6,123205.198
2025-06-18 15:30:00,2509.6,2518.88,2503.24,2513.44,73932.922
2025-06-18 15:45:00,2513.45,2519.54,2505.0,2507.6,49945.457
2025-06-18 16:00:00,2507.6,2513.65,2502.49,2507.04,49230.1
2025-06-18 16:15:00,2507.03,2507.14,2492.9,2495.81,99503.811
2025-06-18 16:30:00,2495.8,2506.5,2494.0,2503.99,34441.208
2025-06-18 16:45:00,2503.99,2504.41,2495.21,2498.94,25762.72
2025-06-18 17:00:00,2498.95,2499.59,2480.83,2488.96,84210.521
2025-06-18 17:15:00,2488.95,2494.88,2478.01,2481.01,45898.604
2025-06-18 17:30:00,2481.01,2491.77,2466.0,2490.79,133262.938
2025-06-26 00:30:00,2419.8,2425.68,2415.68,2423.49,19127.347
2025-06-26 00:45:00,2423.49,2427.49,2420.1,2425.59,18493.802
2025-06-26 01:00:00,2425.6,2425.85,2421.68,2424.02,10364.073
2025-06-26 01:15:00,2424.03,2443.96,2418.0,2440.22,67223.034
2025-06-26 01:30:00,2440.22,2474.11,2435.46,2455.51,216071.734
2025-06-26 01:45:00,2455.5,2460.0,2450.12,2457.69,50622.893
2025-06-26 02:00:00,2457.7,2473.8,2457.7,2464.53,77873.546
2025-06-26 02:15:00,2464.52,2469.8,2462.39,2467.0,35848.266
2025-06-26 02:30:00,2467.01,2469.38,2460.1,2461.79,34985.275
2025-06-26 02:45:00,2461.8,2500.0,2458.0,2491.82,205342.798
2025-06-26 03:00:00,2491.82,2519.93,2491.31,2499.42,207996.858
2025-06-26 03:15:00,2499.42,2504.61,2489.17,2490.85,88782.38
2025-06-26 03:30:00,2490.85,2493.59,2481.4,2484.21,51121.514
2025-06-26 03:45:00,2484.2,2488.89,2482.29,2488.01,25716.28
2025-06-26 04:00:00,2488.0,2490.87,2478.0,2482.44,46498.792
2025-06-26 04:15:00,2482.44,2483.64,2472.72,2475.29,48465.524
2025-06-26 04:30:00,2475.29,2487.15,2473.5,2476.74,39106.145
2025-06-26 04:45:00,2476.74,2481.0,2469.02,2479.7,35442.032
2025-06-26 05:00:00,2479.69,2483.0,2474.24,2479.32,18905.786
2025-06-26 05:15:00,2479.32,2479.5,2470.35,2473.99,22409.037
2025-06-26 05:30:00,2474.0,2476.56,2466.17,2470.62,34351.927
2025-06-26 05:45:00,2470.61,2476.0,2469.01,2474.92,16445.203
2025-06-26 06:00:00,2474.91,2485.71,2472.6,2481.77,41383.021
2025-06-26 06:15:00,2481.76,2482.96,2476.69,2478.89,16983.735
2025-06-26 06:30:00,2478.88,2484.04,2477.92,2480.18,14126.096
2025-06-26 06:45:00,2480.2,2489.38,2479.6,2485.9,26688.649
2025-06-26 07:00:00,2485.9,2489.65,2479.02,2487.29,38208.235
2025-06-26 07:15:00,2487.29,2496.79,2485.0,2492.59,69445.502
2025-06-26 07:30:00,2492.6,2495.5,2488.38,2493.8,24126.621
2025-06-26 07:45:00,2493.8,2499.31,2486.34,2488.63,40469.433
2025-06-26 08:00:00,2488.62,2497.25,2488.17,2497.25,26931.103
2025-06-26 08:15:00,2497.24,2499.24,2488.17,2488.88,34998.177
2025-06-26 08:30:00,2488.85,2493.95,2483.05,2487.01,34244.96
2025-06-26 08:45:00,2487.01,2488.89,2483.79,2485.93,22861.486
2025-06-26 09:00:00,2485.93,2488.0,2464.98,2468.48,95337.949
2025-06-26 09:15:00,2468.47,2475.93,2467.91,2471.07,48989.345
2025-06-26 09:30:00,2471.08,2474.42,2467.24,2469.57,31065.502
2025-06-26 09:45:00,2469.57,2470.56,2461.0,2462.35,59893.273
2025-06-26 10:00:00,2462.35,2466.32,2451.7,2463.06,117612.754
2025-06-26 10:15:00,2463.05,2463.22,2456.85,2458.8,34066.849
2025-06-26 10:30:00,2458.79,2460.86,2454.2,2455.4,23455.042
2025-06-26 10:45:00,2455.41,2458.54,2445.17,2449.69,78901.177
2025-06-26 11:00:00,2449.69,2453.18,2448.5,2452.01,27135.545
2025-06-26 11:15:00,2452.0,2452.87,2438.41,2445.96,84977.22
2025-06-26 11:30:00,2445.96,2449.66,2441.43,2442.64,42170.615
2025-06-26 11:45:00,2442.64,2452.22,2442.14,2449.52,58341.648
2025-06-26 12:00:00,2449.51,2453.93,2440.02,2444.09,49273.874
2025-06-26 12:15:00,2444.08,2446.43,2432.0,2441.81,109346.328
2025-06-26 12:30:00,2441.8,2451.21,2438.47,2447.71,83870.295
2025-06-26 12:45:00,2447.71,2448.03,2433.51,2438.98,48641.837
2025-06-26 13:00:00,2438.97,2442.66,2427.0,2430.5,74291.158
2025-06-26 13:15:00,2430.51,2440.47,2430.5,2438.44,42902.884
2025-06-26 13:30:00,2438.44,2445.39,2431.45,2441.48,51078.104
2025-06-26 13:45:00,2441.49,2444.0,2423.23,2432.31,88788.537
2025-06-26 14:00:00,2432.3,2437.28,2421.07,2427.96,70541.318
2025-06-26 14:15:00,2427.96,2436.62,2424.07,2434.76,46755.739
2025-06-26 14:30:00,2434.76,2449.0,2434.0,2448.0,92062.364
2025-06-26 14:45:00,2448.0,2459.49,2441.61,2445.57,111273.725
2025-06-26 15:00:00,2445.59,2448.22,2439.08,2439.37,32277.389
2025-06-26 15:15:00,2439.37,2446.61,2413.0,2416.31,115268.133
2025-06-26 15:30:00,2416.31,2429.6,2408.0,2424.13,216501.709
2025-06-26 15:45:00,2424.13,2436.15,2423.81,2432.0,44992.666
2025-06-26 16:00:00,2432.01,2436.91,2423.54,2428.12,48727.203
2025-06-26 16:15:00,2428.11,2431.65,2422.25,2428.51,37812.544
2025-06-26 16:30:00,2428.51,2429.49,2422.51,2423.74,16132.261
2025-06-26 16:45:00,2423.74,2426.77,2417.03,2426.77,32810.867
2025-06-26 17:00:00,2426.77,2435.0,2421.47,2421.7,35577.111
2025-06-26 17:15:00,2421.71,2428.0,2420.15,2425.6,18194.618
2025-06-26 17:30:00,2425.59,2429.28,2423.42,2427.29,18170.603
2025-06-26 17:45:00,2427.28,2429.5,2418.45,2419.5,27254.484
2025-06-26 18:00:00,2419.5,2431.77,2416.61,2430.2,38533.613
2025-06-26 18:15:00,2430.2,2437.74,2423.04,2424.99,33073.953
2025-06-26 18:30:00,2424.99,2426.2,2418.35,2425.21,19398.504
2025-06-26 18:45:00,2425.21,2428.0,2419.69,2424.45,14907.453
2025-06-26 19:00:00,2424.45,2429.76,2421.43,2426.6,14055.958
2025-06-26 19:15:00,2426.6,2434.13,2425.9,2428.4,23412.966
2025-06-26 19:30:00,2428.4,2439.5,2428.07,2437.03,18556.569
2025-06-26 19:45:00,2437.02,2442.78,2433.33,2434.49,27159.089
2025-06-26 20:00:00,2434.49,2442.64,2428.9,2437.99,40804.683
2025-06-26 20:15:00,2437.99,2444.0,2437.25,2442.59,23691.072
2025-06-26 20:30:00,2442.59,2456.61,2441.38,2455.75,50706.222
2025-06-26 20:45:00,2455.74,2456.66,2441.49,2444.53,33001.983
2025-06-26 21:00:00,2444.53,2444.81,2416.59,2421.89,62487.037
2025-06-26 21:15:00,2421.89,2428.8,2417.8,2425.6,32903.239
2025-06-26 21:30:00,2425.6,2430.03,2393.0,2409.07,134699.931
2025-06-26 21:45:00,2409.08,2417.21,2404.03,2412.67,40466.567
2025-06-26 22:00:00,2412.66,2423.85,2410.35,2411.59,50779.414
2025-06-26 22:15:00,2411.6,2422.48,2410.54,2418.78,23361.645
2025-06-26 22:30:00,2418.79,2420.74,2411.39,2411.41,16199.969
2025-06-26 22:45:00,2411.4,2418.12,2411.13,2412.54,16308.06
2025-06-26 23:00:00,2412.53,2414.41,2404.11,2405.37,30854.185
2025-06-26 23:15:00,2405.37,2416.58,2405.37,2414.17,20628.69
2025-06-26 23:30:00,2414.16,2416.46,2410.95,2413.86,12311.738
2025-06-26 23:45:00,2413.85,2415.72,2411.31,2415.0,7949.643
2025-06-27 00:00:00,2414.99,2420.76,2413.56,2414.88,18817.621
2025-06-27 00:15:00,2414.89,2419.6,2414.69,2418.1,13918.835
2025-06-27 00:30:00,2418.1,2418.7,2405.35,2406.77,27317.479
2025-06-27 00:45:00,2406.77,2409.98,2398.06,2399.21,48262.756
2025-06-27 01:00:00,2399.21,2421.58,2380.46,2417.3,162584.084
2025-06-27 01:15:00,2417.3,2426.21,2411.33,2421.22,60022.764
2025-06-27 01:30:00,2421.23,2429.32,2420.0,2426.08,29878.77
2025-06-27 01:45:00,2426.08,2430.77,2423.57,2424.98,27094.776
2025-06-27 02:00:00,2424.99,2429.83,2422.03,2428.59,25142.757
2025-06-27 02:15:00,2428.6,2432.87,2428.49,2429.99,27536.004
2025-06-27 02:30:00,2430.0,2436.0,2429.17,2433.67,24057.131
2025-06-27 02:45:00,2433.67,2439.11,2432.47,2436.47,29911.159
2025-06-27 03:00:00,2436.48,2441.33,2431.23,2432.17,34576.329
2025-06-27 03:15:00,2432.18,2444.53,2432.18,2440.18,28860.258
2025-06-27 03:30:00,2440.19,2443.43,2439.2,2442.29,16636.665
2025-06-27 03:45:00,2442.3,2447.33,2442.19,2445.49,26710.602
2025-06-27 04:00:00,2445.5,2446.22,2442.36,2443.99,18824.782
2025-06-27 04:15:00,2443.99,2449.91,2438.01,2447.59,39074.227
2025-06-27 04:30:00,2447.58,2452.0,2447.02,2448.31,34627.152
2025-06-27 04:45:00,2448.31,2452.11,2447.51,2448.26,20120.72
2025-06-27 05:00:00,2448.26,2451.99,2444.6,2447.99,24926.625
2025-06-27 05:15:00,2447.99,2448.21,2434.1,2435.38,59894.97
2025-06-27 05:30:00,2435.38,2438.75,2433.06,2437.6,36737.143
2025-06-27 05:45:00,2437.61,2439.9,2435.04,2438.09,18442.821
2025-06-27 06:00:00,2438.1,2443.28,2435.12,2442.0,24729.331
2025-06-27 06:15:00,2442.0,2446.54,2438.35,2440.1,30666.065
2025-06-27 06:30:00,2440.1,2446.0,2438.36,2444.85,14725.16
2025-06-27 06:45:00,2444.85,2449.7,2443.0,2447.19,25815.879
2025-06-27 07:00:00,2447.19,2451.82,2444.0,2450.97,26094.115
2025-06-27 07:15:00,2450.97,2458.66,2443.0,2444.59,87582.406
2025-06-27 07:30:00,2444.58,2444.63,2436.14,2437.89,55527.68
2025-06-27 07:45:00,2437.89,2442.0,2436.06,2441.3,35165.268
2025-06-27 08:00:00,2441.3,2444.45,2434.18,2438.71,41329.822
2025-06-27 08:15:00,2438.7,2441.5,2436.21,2436.7,25015.26
2025-06-27 08:30:00,2436.7,2449.43,2436.1,2448.57,46573.652
2025-06-27 08:45:00,2448.57,2463.27,2443.71,2447.2,126420.228
2025-06-27 09:00:00,2447.21,2449.12,2440.96,2445.14,33931.737
2025-06-27 09:15:00,2445.14,2453.0,2445.0,2447.16,26000.624
2025-06-27 09:30:00,2447.17,2456.1,2447.17,2455.0,39603.065
2025-06-27 09:45:00,2455.01,2462.0,2452.56,2459.46,46100.271
2025-06-27 10:00:00,2459.46,2460.48,2448.85,2450.5,34129.273
2025-06-27 10:15:00,2450.49,2453.0,2446.3,2450.52,24117.478
2025-06-27 10:30:00,2450.51,2452.92,2446.31,2448.11,15005.591
2025-06-27 10:45:00,2448.11,2450.18,2444.0,2445.0,20781.149
2025-06-27 11:00:00,2445.0,2449.37,2445.0,2448.22,12036.933
2025-06-27 11:15:00,2448.22,2453.98,2442.38,2442.77,34445.08
2025-06-27 11:30:00,2442.76,2445.87,2441.35,2444.15,18214.938
2025-06-27 11:45:00,2444.15,2446.54,2442.27,2446.53,10121.294
2025-06-27 12:00:00,2446.53,2449.49,2443.0,2448.4,18478.354
2025-06-27 12:15:00,2448.4,2456.62,2446.45,2451.43,31906.4
2025-06-27 12:30:00,2451.43,2452.0,2435.0,2437.28,74965.488
2025-06-27 12:45:00,2437.29,2439.94,2425.5,2428.71,80165.723
2025-06-27 13:00:00,2428.71,2434.53,2423.16,2434.22,57650.475
2025-06-27 13:15:00,2434.21,2436.0,2420.82,2424.96,52193.132
2025-06-27 13:30:00,2424.96,2434.81,2421.39,2427.39,61651.44
2025-06-27 13:45:00,2427.39,2429.33,2415.19,2426.83,85290.195
2025-06-27 14:00:00,2426.83,2437.49,2422.35,2422.68,66482.856
2025-06-27 14:15:00,2422.68,2427.0,2415.5,2419.3,58294.128
2025-06-27 14:30:00,2419.29,2425.0,2412.59,2422.33,53521.674
2025-06-27 14:45:00,2422.33,2426.78,2419.41,2422.0,30320.525
2025-06-27 15:00:00,2422.01,2425.5,2418.2,2422.15,19089.616
2025-06-27 15:15:00,2422.16,2430.0,2419.81,2429.37,26418.627
2025-06-27 15:30:00,2429.39,2439.97,2427.39,2437.3,51023.436
2025-06-27 15:45:00,2437.29,2441.8,2432.7,2437.04,33727.736
2025-06-27 16:00:00,2437.05,2439.65,2431.44,2432.01,28990.856
2025-06-27 16:15:00,2432.0,2436.12,2430.23,2434.36,20140.677
2025-06-27 16:30:00,2434.35,2448.81,2434.17,2435.49,60360.028
2025-06-27 16:45:00,2435.5,2436.43,2430.74,2431.94,19618.0
2025-06-27 17:00:00,2431.94,2432.45,2417.21,2419.34,57280.701
2025-06-27 17:15:00,2419.33,2425.57,2413.12,2415.3,37705.27
2025-06-27 17:30:00,2415.27,2417.5,2403.0,2403.7,79185.037
2025-06-27 17:45:00,2403.69,2406.5,2393.38,2403.25,120473.487
2025-06-27 18:00:00,2403.24,2407.25,2400.05,2400.97,36308.958
2025-06-27 18:15:00,2400.97,2405.0,2393.57,2396.22,40779.389
2025-06-27 18:30:00,2396.22,2399.93,2388.0,2391.2,59277.495
2025-06-27 18:45:00,2391.2,2393.95,2386.58,2393.66,35250.85
2025-06-27 19:00:00,2393.65,2409.68,2390.8,2405.01,61361.757
2025-06-27 19:15:00,2405.01,2409.53,2400.17,2405.3,29932.39
2025-06-27 19:30:00,2405.3,2409.48,2402.38,2408.01,18300.378
2025-06-27 19:45:00,2408.0,2416.32,2407.5,2411.37,44774.782
2025-06-27 20:00:00,2411.4,2421.35,2410.02,2417.5,34107.103
2025-06-27 20:15:00,2417.51,2423.44,2417.5,2421.19,15421.543
2025-06-27 20:30:00,2421.19,2424.42,2419.26,2423.41,17591.597
2025-06-27 20:45:00,2423.41,2426.48,2420.12,2425.17,19483.525
2025-06-27 21:00:00,2425.17,2427.62,2420.25,2420.44,17332.623
2025-06-27 21:15:00,2420.45,2427.26,2415.66,2426.78,25540.87
2025-06-27 21:30:00,2426.77,2428.5,2418.53,2420.45,13866.098
2025-06-27 21:45:00,2420.46,2423.49,2417.15,2418.56,6093.392
2025-06-27 22:00:00,2418.57,2423.7,2418.34,2419.8,7150.758
2025-06-27 22:15:00,2419.8,2422.9,2419.61,2420.07,5861.928
2025-06-27 22:30:00,2420.07,2424.48,2418.33,2421.5,12622.751
2025-06-27 22:45:00,2421.5,2423.58,2420.64,2420.93,8971.002
2025-06-27 23:00:00,2420.93,2423.6,2419.02,2420.41,7712.375
2025-06-27 23:15:00,2420.41,2420.41,2415.25,2415.71,10140.023
2025-06-27 23:30:00,2415.7,2419.58,2412.27,2418.66,12433.063
2025-06-27 23:45:00,2418.66,2423.15,2418.66,2422.0,8641.112
2025-06-28 00:00:00,2422.0,2422.86,2415.19,2416.0,16921.057
2025-06-28 00:15:00,2416.0,2420.23,2415.46,2419.37,10661.438
2025-06-28 00:30:00,2419.37,2420.69,2416.45,2418.46,8897.349
2025-06-28 00:45:00,2418.46,2422.13,2415.73,2417.0,13826.024
2025-06-28 01:00:00,2417.01,2418.83,2410.38,2412.57,12892.625
2025-06-28 01:15:00,2412.58,2413.37,2407.66,2410.99,29575.234
2025-06-28 01:30:00,2411.0,2413.0,2404.09,2412.77,21641.548
2025-06-28 01:45:00,2412.76,2417.81,2412.0,2416.85,15332.001
2025-06-28 02:00:00,2416.86,2417.8,2413.69,2414.05,11049.329
2025-06-28 02:15:00,2414.06,2420.5,2414.05,2420.33,20815.449
2025-06-28 02:30:00,2420.32,2422.0,2418.78,2419.8,12398.417
2025-06-28 02:45:00,2419.81,2419.81,2417.39,2417.51,10610.608
2025-06-28 03:00:00,2417.5,2419.6,2415.0,2416.45,8525.614
2025-06-28 03:15:00,2416.44,2421.48,2416.44,2419.39,10267.467
2025-06-28 03:30:00,2419.39,2420.85,2417.3,2419.91,9606.148
2025-06-28 03:45:00,2419.92,2421.6,2418.51,2419.79,9494.149
2025-06-28 04:00:00,2419.8,2421.04,2417.17,2417.56,14226.727
2025-06-28 04:15:00,2417.55,2420.2,2416.32,2420.19,11625.651
2025-06-28 04:30:00,2420.2,2420.2,2417.99,2419.14,4706.685
2025-06-28 04:45:00,2419.14,2420.0,2417.89,2419.8,4157.367
2025-06-28 05:00:00,2419.8,2427.5,2419.79,2426.91,26262.642
2025-06-28 05:15:00,2426.91,2427.0,2421.0,2422.78,13438.26
2025-06-28 05:30:00,2422.78,2424.66,2418.0,2418.26,15770.852
2025-06-28 05:45:00,2418.27,2421.59,2417.5,2421.17,9085.76
2025-06-28 06:00:00,2421.17,2425.63,2420.36,2425.54,11782.386
2025-06-28 06:15:00,2425.54,2425.66,2422.6,2425.0,8649.187
2025-06-28 06:30:00,2425.0,2425.0,2422.57,2423.91,4743.941
2025-06-28 06:45:00,2423.91,2426.6,2422.42,2426.45,13394.414
2025-06-28 07:00:00,2426.45,2427.0,2423.05,2424.49,12907.01
2025-06-28 07:15:00,2424.49,2427.68,2423.45,2426.04,18408.99
2025-06-28 07:30:00,2426.03,2427.8,2425.23,2426.6,11277.452
2025-06-28 07:45:00,2426.6,2433.82,2426.4,2430.81,33493.82
2025-06-28 08:00:00,2430.81,2431.54,2419.43,2421.31,32013.046
2025-06-28 08:15:00,2421.31,2424.42,2418.58,2423.0,34347.589
2025-06-28 08:30:00,2423.0,2424.55,2421.11,2422.17,10975.655
2025-06-28 08:45:00,2422.16,2423.55,2420.33,2423.54,7833.008
2025-06-28 09:00:00,2423.54,2424.18,2419.9,2420.29,13709.872
2025-06-28 09:15:00,2420.29,2423.35,2418.91,2423.02,10042.491
2025-06-28 09:30:00,2423.01,2426.98,2423.0,2424.84,10441.275
2025-06-28 09:45:00,2424.83,2427.68,2424.36,2425.93,14041.712
2025-06-28 10:00:00,2425.94,2427.99,2425.87,2426.79,6631.52
2025-06-28 10:15:00,2426.79,2428.8,2424.53,2428.43,13588.293
2025-06-28 10:30:00,2428.42,2429.0,2423.33,2424.19,10632.552
2025-06-28 10:45:00,2424.2,2425.37,2422.6,2425.09,7875.56
2025-06-28 11:00:00,2425.1,2427.87,2425.1,2426.44,9798.188
2025-06-28 11:15:00,2426.44,2427.58,2425.4,2427.1,5277.62
2025-06-28 11:30:00,2427.1,2427.23,2425.3,2426.93,5284.81
2025-06-28 11:45:00,2426.92,2427.58,2425.51,2426.55,4255.06
2025-06-28 12:00:00,2426.56,2427.07,2424.51,2425.01,8398.684
2025-06-28 12:15:00,2425.0,2425.2,2421.5,2423.13,14418.494
2025-06-28 12:30:00,2423.14,2427.28,2423.13,2425.28,9085.973
2025-06-28 12:45:00,2425.27,2426.73,2424.11,2425.16,4437.832
2025-06-28 13:00:00,2425.16,2428.96,2425.16,2426.19,11615.116
2025-06-28 13:15:00,2426.19,2426.19,2421.58,2423.28,14647.918
2025-06-28 13:30:00,2423.3,2423.54,2418.2,2421.52,28780.61
2025-06-28 13:45:00,2421.52,2422.24,2420.31,2422.0,7021.546
2025-06-28 14:00:00,2421.99,2425.46,2421.61,2425.27,10612.333
2025-06-28 14:15:00,2425.27,2426.86,2424.52,2425.39,17852.894
2025-06-28 14:30:00,2425.39,2426.5,2423.52,2425.08,6350.283
2025-06-28 14:45:00,2425.08,2425.09,2423.51,2424.63,3008.034
2025-06-28 15:00:00,2424.64,2426.0,2423.67,2424.84,5907.332
2025-06-28 15:15:00,2424.84,2426.5,2422.03,2423.89,8015.694
2025-06-28 15:30:00,2423.89,2426.46,2423.89,2425.99,5200.71
2025-06-28 15:45:00,2425.99,2442.41,2425.88,2434.76,72648.033
2025-06-28 16:00:00,2434.77,2443.4,2434.77,2437.5,63228.529
2025-06-28 16:15:00,2437.5,2438.55,2430.5,2435.89,33717.364
2025-06-28 16:30:00,2435.9,2439.66,2430.7,2432.62,20095.897
2025-06-28 16:45:00,2432.61,2434.4,2430.34,2434.01,10409.537
2025-06-28 17:00:00,2434.01,2438.71,2433.35,2437.38,12234.196
2025-06-28 17:15:00,2437.37,2437.73,2432.27,2435.28,13068.171
2025-06-28 17:30:00,2435.29,2441.26,2434.0,2438.67,18434.452
2025-06-28 17:45:00,2438.68,2447.01,2437.16,2442.94,40629.212
2025-06-28 18:00:00,2442.93,2443.6,2437.5,2438.65,14611.509
2025-06-28 18:15:00,2438.65,2439.58,2435.16,2436.82,10588.297
2025-06-28 18:30:00,2436.82,2438.88,2432.5,2433.86,12796.742
2025-06-28 18:45:00,2433.87,2437.5,2431.5,2435.99,6362.964
2025-06-28 19:00:00,2435.99,2436.1,2432.86,2434.03,7934.356
2025-06-28 19:15:00,2434.04,2438.98,2434.03,2435.4,8198.621
2025-06-28 19:30:00,2435.39,2435.47,2431.01,2432.92,8142.232
2025-06-28 19:45:00,2432.91,2433.48,2431.57,2432.15,3857.244
2025-06-28 20:00:00,2432.16,2433.84,2430.51,2431.17,7300.1
2025-06-28 20:15:00,2431.18,2431.18,2425.68,2430.48,22985.862
2025-06-28 20:30:00,2430.48,2433.16,2429.75,2431.59,5255.294
2025-06-28 20:45:00,2431.59,2431.93,2427.31,2428.4,8217.732
2025-06-28 21:00:00,2428.4,2431.01,2427.92,2429.05,5704.725
2025-06-28 21:15:00,2429.06,2431.28,2427.56,2430.05,6914.478
2025-06-28 21:30:00,2430.05,2433.15,2429.95,2431.9,5256.62
2025-06-28 21:45:00,2431.9,2437.26,2429.1,2435.63,10477.015
2025-06-28 22:00:00,2435.63,2436.53,2432.66,2433.15,8371.4
2025-06-28 22:15:00,2433.15,2439.94,2433.15,2437.42,8336.775
2025-06-28 22:30:00,2437.42,2440.42,2434.84,2439.58,6492.219
2025-06-28 22:45:00,2439.58,2440.34,2437.74,2439.03,8068.049
2025-06-28 23:00:00,2439.03,2441.1,2438.43,2438.43,10768.972
2025-06-28 23:15:00,2438.44,2438.9,2435.66,2436.93,7586.512
2025-06-28 23:30:00,2436.94,2437.02,2434.3,2435.12,6511.563
2025-06-28 23:45:00,2435.12,2436.17,2433.91,2434.91,5101.231
2025-06-29 00:00:00,2434.92,2435.99,2431.01,2432.73,9851.997
2025-06-29 00:15:00,2432.74,2439.3,2430.79,2436.63,17062.349
2025-06-29 00:30:00,2436.64,2440.43,2435.29,2436.12,10181.435
2025-06-29 00:45:00,2436.12,2441.99,2436.12,2437.54,13864.71
2025-06-29 01:00:00,2437.54,2438.09,2433.8,2433.8,6156.217
2025-06-29 01:15:00,2433.81,2436.76,2432.4,2432.82,8366.84
2025-06-29 01:30:00,2432.83,2434.54,2428.86,2429.78,18592.389
2025-06-29 01:45:00,2429.78,2431.72,2427.1,2428.51,18418.327
2025-06-29 02:00:00,2428.5,2429.42,2423.0,2425.66,20691.493
2025-06-29 02:15:00,2425.66,2428.88,2425.1,2427.51,11927.502
2025-06-29 02:30:00,2427.51,2432.39,2427.12,2430.46,11706.375
2025-06-29 02:45:00,2430.46,2431.1,2428.95,2430.76,7481.268
2025-06-29 03:00:00,2430.76,2431.86,2429.0,2430.25,6776.333
2025-06-29 03:15:00,2430.25,2431.93,2429.66,2430.24,4481.981
2025-07-06 10:15:00,2507.33,2509.31,2504.88,2509.17,15892.889
2025-07-06 10:30:00,2509.17,2513.0,2508.97,2511.1,12151.527
2025-07-06 10:45:00,2511.1,2511.1,2507.13,2507.35,4604.045
2025-07-06 11:00:00,2507.34,2510.04,2506.18,2508.48,9276.975
2025-07-06 11:15:00,2508.48,2511.57,2508.47,2511.05,4636.202
2025-07-06 11:30:00,2511.04,2512.71,2510.18,2511.82,5981.991
2025-07-06 11:45:00,2511.82,2515.41,2511.41,2514.93,14854.892
2025-07-06 12:00:00,2514.93,2515.0,2511.87,2512.83,7962.804
2025-07-06 12:15:00,2512.82,2512.83,2510.35,2511.58,7083.248
2025-07-06 12:30:00,2511.58,2520.96,2511.58,2517.59,32519.158
2025-07-06 12:45:00,2517.6,2519.96,2517.04,2518.99,20873.112
2025-07-06 13:00:00,2519.0,2519.37,2515.7,2518.01,11291.561
2025-07-06 13:15:00,2518.0,2537.97,2517.01,2533.56,102699.572
2025-07-06 13:30:00,2533.56,2544.0,2532.57,2540.8,127547.675
2025-07-06 13:45:00,2540.8,2569.8,2540.77,2557.19,216944.607
2025-07-06 14:00:00,2557.18,2562.85,2552.3,2553.22,75839.182
2025-07-06 14:15:00,2553.22,2559.79,2552.03,2557.0,52174.745
2025-07-06 14:30:00,2557.0,2566.67,2545.45,2551.79,105945.719
2025-07-06 14:45:00,2551.79,2558.88,2548.17,2558.0,50349.24
2025-07-06 15:00:00,2558.01,2560.38,2555.0,2557.73,30757.334
2025-07-06 15:15:00,2557.73,2559.41,2553.4,2557.85,17703.325
2025-07-06 15:30:00,2557.84,2560.68,2547.0,2550.82,32854.109
2025-07-06 15:45:00,2550.83,2557.76,2548.5,2557.38,23402.214
2025-07-06 16:00:00,2557.37,2559.8,2547.2,2550.49,37118.145
2025-07-06 16:15:00,2550.49,2553.73,2549.11,2550.09,22703.361
2025-07-06 16:30:00,2550.08,2551.0,2540.1,2545.51,53819.566
2025-07-06 16:45:00,2545.51,2553.61,2542.69,2550.98,21451.27
2025-07-06 17:00:00,2550.99,2551.59,2543.44,2544.52,17853.07
2025-07-06 17:15:00,2544.53,2551.4,2542.37,2549.96,25298.483
2025-07-06 17:30:00,2549.97,2551.4,2546.63,2548.93,15138.994
2025-07-06 17:45:00,2548.93,2550.22,2545.1,2545.88,9525.173
2025-07-06 18:00:00,2545.87,2546.43,2541.4,2544.36,21934.681
2025-07-06 18:15:00,2544.36,2544.62,2533.81,2535.2,48476.684
2025-07-06 18:30:00,2535.2,2537.47,2526.0,2527.21,56243.889
2025-07-06 18:45:00,2527.21,2531.74,2522.52,2530.97,45186.776
2025-07-06 19:00:00,2530.97,2538.0,2530.21,2535.92,25933.505
2025-07-06 19:15:00,2535.91,2536.67,2533.93,2535.91,9243.301
2025-07-06 19:30:00,2535.9,2537.24,2530.5,2534.25,11568.93
2025-07-06 19:45:00,2534.24,2540.99,2532.8,2539.67,14525.407
2025-07-06 20:00:00,2539.67,2548.31,2538.71,2546.3,27138.247
2025-07-06 20:15:00,2546.3,2547.0,2543.84,2544.9,10964.09
2025-07-06 20:30:00,2544.93,2548.8,2543.31,2547.11,7020.019
2025-07-06 20:45:00,2547.11,2550.29,2543.75,2544.02,8529.401
2025-07-06 21:00:00,2544.01,2553.15,2544.01,2551.99,15785.388
2025-07-06 21:15:00,2551.99,2569.59,2550.2,2564.38,55057.462
2025-07-06 21:30:00,2564.37,2601.79,2564.37,2595.2,231956.353
2025-07-06 21:45:00,2595.2,2597.72,2581.31,2586.61,62164.7
2025-07-06 22:00:00,2586.6,2604.98,2586.6,2595.26,82073.155
2025-07-06 22:15:00,2595.27,2598.53,2592.03,2597.8,25666.984
2025-07-06 22:30:00,2597.8,2597.87,2585.44,2586.51,42854.681
2025-07-06 22:45:00,2586.5,2587.64,2578.77,2581.42,28014.418
2025-07-06 23:00:00,2581.42,2582.0,2564.07,2572.06,80988.517
2025-07-06 23:15:00,2572.05,2572.4,2562.17,2563.74,25778.896
2025-07-06 23:30:00,2563.74,2570.75,2561.17,2570.07,23072.68
2025-07-06 23:45:00,2570.0,2571.89,2568.03,2569.35,13358.34
2025-07-07 00:00:00,2569.36,2573.82,2565.44,2572.38,25966.486
2025-07-07 00:15:00,2572.39,2573.22,2559.03,2563.26,26738.076
2025-07-07 00:30:00,2563.25,2565.2,2553.3,2558.51,42960.985
2025-07-07 00:45:00,2558.51,2562.5,2558.14,2560.14,15411.197
2025-07-07 01:00:00,2560.14,2562.0,2551.4,2554.37,26240.723
2025-07-07 01:15:00,2554.38,2560.86,2548.64,2559.73,46052.515
2025-07-07 01:30:00,2559.74,2564.69,2559.31,2561.45,17314.169
2025-07-07 01:45:00,2561.45,2563.68,2560.19,2562.07,8806.87
2025-07-07 02:00:00,2562.06,2578.54,2562.06,2575.26,57272.719
2025-07-07 02:15:00,2575.26,2583.58,2574.1,2578.0,53358.416
2025-07-07 02:30:00,2578.0,2580.5,2571.0,2580.38,32587.052
2025-07-07 02:45:00,2580.37,2580.6,2573.95,2574.99,21547.415
2025-07-07 03:00:00,2574.99,2577.3,2573.11,2573.12,14901.922
2025-07-07 03:15:00,2573.11,2589.8,2573.11,2585.3,40294.716
2025-07-07 03:30:00,2585.3,2586.36,2578.0,2579.19,23920.336
2025-07-07 03:45:00,2579.19,2579.46,2574.26,2576.0,17817.052
2025-07-07 04:00:00,2576.01,2579.49,2571.43,2573.93,19141.662
2025-07-07 04:15:00,2573.93,2579.0,2571.71,2574.0,16141.077
2025-07-07 04:30:00,2573.99,2574.68,2568.6,2569.88,15077.102
2025-07-07 04:45:00,2569.89,2573.52,2569.15,2572.34,10918.222
2025-07-07 05:00:00,2572.35,2577.0,2571.47,2574.38,17288.241
2025-07-07 05:15:00,2574.38,2575.94,2570.75,2571.7,14892.136
2025-07-07 05:30:00,2571.71,2573.58,2566.99,2572.42,21196.832
2025-07-07 05:45:00,2572.42,2572.42,2564.77,2567.98,19760.824
2025-07-07 06:00:00,2567.99,2570.36,2562.0,2568.17,23598.428
2025-07-07 06:15:00,2568.17,2575.71,2568.16,2573.64,22817.063
2025-07-07 06:30:00,2573.63,2574.4,2564.12,2564.12,18231.672
2025-07-07 06:45:00,2564.13,2567.74,2562.5,2564.38,24471.672
2025-07-07 07:00:00,2564.38,2569.42,2558.67,2568.63,37045.991
2025-07-07 07:15:00,2568.61,2572.46,2564.2,2568.74,19511.7
2025-07-07 07:30:00,2568.75,2573.77,2565.57,2573.0,22048.649
2025-07-07 07:45:00,2573.0,2578.65,2573.0,2577.0,29252.344
2025-07-07 08:00:00,2576.99,2578.0,2573.08,2573.3,20660.859
2025-07-07 08:15:00,2573.31,2574.49,2568.87,2573.79,20387.9
2025-07-07 08:30:00,2573.78,2584.94,2573.12,2582.89,34841.833
2025-07-07 08:45:00,2582.89,2587.47,2577.17,2583.89,35234.455
2025-07-07 09:00:00,2583.89,2584.09,2576.85,2578.35,19630.51
2025-07-07 09:15:00,2578.36,2578.94,2573.04,2577.03,20766.197
2025-07-07 09:30:00,2577.03,2577.92,2572.67,2574.58,12974.782
2025-07-07 09:45:00,2574.58,2574.58,2565.38,2571.31,37797.604
2025-07-07 10:00:00,2571.32,2571.32,2561.03,2566.52,45031.137
2025-07-07 10:15:00,2566.53,2567.89,2558.17,2559.13,39282.451
2025-07-07 10:30:00,2559.15,2563.18,2558.28,2562.01,26575.151
2025-07-07 10:45:00,2562.0,2563.5,2557.5,2557.93,19982.519
2025-07-07 11:00:00,2557.97,2561.19,2555.56,2556.27,23606.446
2025-07-07 11:15:00,2556.27,2561.7,2551.36,2558.6,52183.748
2025-07-07 11:30:00,2558.61,2565.86,2557.32,2562.89,31982.695
2025-07-07 11:45:00,2562.89,2564.36,2559.67,2561.96,14865.286
2025-07-07 12:00:00,2561.95,2563.84,2555.0,2556.92,18721.925
2025-07-07 12:15:00,2556.91,2556.92,2542.66,2548.74,94491.424
2025-07-07 12:30:00,2548.75,2553.67,2547.51,2550.0,25447.702
2025-07-07 12:45:00,2550.0,2554.35,2544.13,2547.67,30962.558
2025-07-07 13:00:00,2547.68,2552.26,2545.42,2549.1,19085.495
2025-07-07 13:15:00,2549.1,2557.82,2534.0,2557.22,128870.326
2025-07-07 13:30:00,2557.23,2562.96,2548.88,2554.33,81761.407
2025-07-07 13:45:00,2554.34,2568.39,2546.98,2564.73,89461.417
2025-07-07 14:00:00,2564.73,2566.85,2538.28,2542.14,104304.158
2025-07-07 14:15:00,2542.15,2548.4,2535.02,2541.42,92968.88
2025-07-07 14:30:00,2541.41,2541.54,2527.2,2534.91,105850.242
2025-07-07 14:45:00,2534.94,2541.79,2529.6,2530.39,49051.608
2025-07-07 15:00:00,2530.37,2540.0,2525.59,2537.91,51711.524
2025-07-07 15:15:00,2537.91,2542.99,2531.29,2540.0,39141.785
2025-07-07 15:30:00,2540.0,2542.55,2533.64,2535.04,29801.505
2025-07-07 15:45:00,2535.05,2536.98,2531.4,2532.51,18349.302
2025-07-07 16:00:00,2532.51,2539.7,2530.0,2534.75,42065.403
2025-07-07 16:15:00,2534.75,2541.5,2509.09,2530.0,239069.017
2025-07-07 16:30:00,2530.0,2535.58,2525.34,2534.22,61235.776
2025-07-07 16:45:00,2534.23,2534.95,2520.6,2523.0,44279.602
2025-07-07 17:00:00,2522.99,2530.7,2515.3,2530.11,74292.073
2025-07-07 17:15:00,2530.12,2535.63,2524.74,2534.81,28152.578
2025-07-07 17:30:00,2534.81,2547.0,2529.53,2531.65,63844.174
2025-07-07 17:45:00,2531.65,2533.17,2528.6,2532.25,12641.607
2025-07-07 18:00:00,2532.26,2537.67,2531.33,2535.78,15137.969
2025-07-07 18:15:00,2535.78,2536.3,2519.01,2520.51,50381.432
2025-07-07 18:30:00,2520.5,2529.9,2520.03,2526.42,46932.77
2025-07-07 18:45:00,2526.42,2544.88,2526.42,2542.97,35648.556
2025-07-07 19:00:00,2542.97,2544.35,2538.29,2542.3,30772.961
2025-07-07 19:15:00,2542.3,2556.32,2542.14,2549.25,67831.709
2025-07-07 19:30:00,2549.24,2554.3,2543.5,2543.52,22656.759
2025-07-07 19:45:00,2543.53,2546.34,2539.69,2542.69,24639.73
2025-07-07 20:00:00,2542.69,2542.69,2532.39,2536.72,25852.113
2025-07-07 20:15:00,2536.72,2538.91,2529.33,2537.78,17989.154
2025-07-07 20:30:00,2537.78,2543.36,2534.63,2534.63,12019.272
2025-07-07 20:45:00,2534.64,2535.15,2528.5,2533.16,19866.262
2025-07-07 21:00:00,2533.16,2535.74,2530.0,2530.0,11567.755
2025-07-07 21:15:00,2530.0,2532.0,2521.58,2523.66,27693.641
2025-07-07 21:30:00,2523.65,2538.32,2522.0,2536.0,17201.772
2025-07-07 21:45:00,2536.01,2541.0,2536.0,2538.76,9759.997
2025-07-07 22:00:00,2538.75,2540.99,2529.28,2535.49,14980.86
2025-07-07 22:15:00,2535.5,2538.4,2528.53,2528.96,9958.559
2025-07-07 22:30:00,2528.95,2536.64,2528.45,2536.34,7307.922
2025-07-07 22:45:00,2536.34,2536.34,2532.64,2535.28,5052.737
2025-07-07 23:00:00,2535.28,2541.86,2535.15,2540.9,13219.773
2025-07-07 23:15:00,2540.89,2541.86,2538.0,2538.99,6792.595
2025-07-07 23:30:00,2538.99,2544.58,2538.54,2541.25,12996.341
2025-07-07 23:45:00,2541.26,2543.98,2540.85,2541.35,8002.853
2025-07-08 00:00:00,2541.35,2546.73,2539.0,2546.49,13326.048
2025-07-08 00:15:00,2546.48,2552.47,2542.55,2551.94,27421.956
2025-07-08 00:30:00,2551.93,2553.85,2546.51,2551.35,17359.38
2025-07-08 00:45:00,2551.35,2551.35,2536.13,2539.29,60866.902
2025-07-08 01:00:00,2539.28,2539.29,2532.64,2535.0,25372.95
2025-07-08 01:15:00,2534.99,2535.27,2531.01,2531.11,17266.89
2025-07-08 01:30:00,2531.12,2535.98,2528.72,2528.72,21101.137
2025-07-08 01:45:00,2528.72,2529.53,2525.45,2525.74,23574.525
2025-07-08 02:00:00,2525.73,2528.98,2522.11,2527.33,27584.369
2025-07-08 02:15:00,2527.34,2536.6,2524.65,2536.0,38995.848
2025-07-08 02:30:00,2535.99,2537.51,2527.3,2528.89,26292.875
2025-07-08 02:45:00,2528.88,2529.0,2523.02,2526.95,21830.192
2025-07-08 03:00:00,2526.95,2530.57,2526.27,2530.53,8963.47
2025-07-08 03:15:00,2530.52,2535.48,2529.22,2534.09,14272.548
2025-07-08 03:30:00,2534.08,2536.69,2532.75,2535.9,8831.101
2025-07-08 03:45:00,2535.9,2538.33,2532.59,2536.71,11898.994
2025-07-08 04:00:00,2536.71,2536.71,2533.15,2533.51,10338.779
2025-07-08 04:15:00,2533.51,2534.91,2530.69,2534.9,9276.264
2025-07-08 04:30:00,2534.91,2543.4,2534.91,2540.49,28482.272
2025-07-08 04:45:00,2540.49,2542.61,2538.87,2542.3,9724.156
2025-07-08 05:00:00,2542.29,2545.55,2541.62,2541.99,24767.687
2025-07-08 05:15:00,2542.0,2547.64,2540.43,2547.22,20350.869
2025-07-08 05:30:00,2547.22,2548.47,2544.48,2548.47,15563.37
2025-07-08 05:45:00,2548.47,2550.88,2548.16,2550.64,25403.682
2025-07-08 06:00:00,2550.62,2554.6,2549.16,2553.11,37142.854
2025-07-08 06:15:00,2553.11,2555.3,2548.24,2550.32,33415.058
2025-07-08 06:30:00,2550.32,2558.4,2550.23,2557.56,32717.615
2025-07-08 06:45:00,2557.56,2562.6,2555.01,2557.55,49452.761
2025-07-08 07:00:00,2557.55,2558.0,2551.84,2551.84,24427.394
2025-07-08 07:15:00,2551.85,2552.29,2546.0,2548.97,44254.156
2025-07-08 07:30:00,2548.96,2553.45,2547.02,2550.51,15260.555
2025-07-08 07:45:00,2550.5,2554.75,2549.32,2552.41,16247.458
2025-07-08 08:00:00,2552.42,2560.24,2549.41,2558.69,25854.97
2025-07-08 08:15:00,2558.69,2559.01,2550.5,2551.12,17046.046
2025-07-08 08:30:00,2551.12,2552.42,2547.19,2547.68,17837.93
2025-07-08 08:45:00,2547.69,2550.45,2545.22,2545.28,19619.19
2025-07-08 09:00:00,2545.29,2549.41,2542.0,2548.71,30279.978
2025-07-08 09:15:00,2548.71,2549.85,2543.44,2548.9,12543.229
2025-07-08 09:30:00,2548.91,2554.0,2548.24,2554.0,18015.391
2025-07-08 09:45:00,2553.99,2554.21,2550.59,2550.6,12556.43
2025-07-08 10:00:00,2550.6,2555.56,2549.21,2554.9,16665.935
2025-07-08 10:15:00,2554.89,2560.99,2554.58,2557.83,33615.671
2025-07-08 10:30:00,2557.8,2565.45,2557.22,2563.36,54688.47
2025-07-08 10:45:00,2563.35,2565.17,2560.54,2564.93,27247.483
2025-07-08 11:00:00,2564.94,2585.57,2561.64,2578.14,143765.371
2025-07-08 11:15:00,2578.13,2580.68,2573.3,2574.19,29160.305
2025-07-08 11:30:00,2574.18,2576.9,2572.83,2576.12,18206.961
2025-07-08 11:45:00,2576.12,2576.74,2573.0,2573.84,16196.126
2025-07-08 12:00:00,2573.84,2578.8,2573.83,2577.99,18593.251
2025-07-08 12:15:00,2577.99,2578.0,2570.19,2572.82,24982.862
2025-07-08 12:30:00,2572.82,2577.9,2571.9,2575.99,16823.249
2025-07-08 12:45:00,2575.99,2584.0,2575.99,2581.79,47145.552
2025-07-08 13:00:00,2581.79,2585.98,2577.86,2579.71,35757.3
2025-07-08 13:15:00,2579.71,2579.86,2576.0,2577.74,16369.315
2025-07-08 13:30:00,2577.78,2579.73,2569.0,2579.72,51923.338
2025-07-08 13:45:00,2579.72,2599.99,2579.71,2586.62,158520.243
2025-07-08 14:00:00,2586.62,2588.0,2571.43,2574.81,79521.684
2025-07-08 14:15:00,2574.8,2578.6,2565.17,2569.2,68260.119
2025-07-08 14:30:00,2569.2,2578.81,2568.01,2577.76,51118.915
2025-07-08 14:45:00,2577.77,2578.0,2556.0,2562.89,97180.846
2025-07-08 15:00:00,2562.89,2567.99,2560.0,2564.79,30485.143
2025-07-08 15:15:00,2564.79,2568.69,2558.01,2558.5,29668.065
2025-07-08 15:30:00,2558.5,2565.78,2557.47,2563.47,23611.905
2025-07-08 15:45:00,2563.48,2566.26,2560.01,2563.73,18006.204
2025-07-08 16:00:00,2563.76,2567.79,2559.0,2560.29,32604.332
2025-07-08 16:15:00,2560.29,2579.83,2558.47,2575.22,77569.691
2025-07-08 16:30:00,2575.22,2580.82,2565.53,2573.8,56488.154
2025-07-08 16:45:00,2573.8,2576.44,2570.73,2575.19,17505.648
2025-07-08 17:00:00,2575.19,2619.97,2574.0,2612.62,269532.323
2025-07-08 17:15:00,2612.62,2617.77,2603.5,2609.3,120468.411
2025-07-08 17:30:00,2609.29,2617.71,2605.29,2606.0,49686.688
2025-07-08 17:45:00,2606.0,2627.68,2606.0,2615.7,106955.582
2025-07-08 18:00:00,2615.7,2621.38,2610.32,2618.0,48674.714
2025-07-08 18:15:00,2617.99,2620.0,2611.59,2614.02,29100.507
2025-07-08 18:30:00,2614.01,2619.71,2611.53,2618.85,21941.643
2025-07-08 18:45:00,2618.85,2625.0,2615.73,2623.77,27175.199
2025-07-08 19:00:00,2623.78,2624.0,2607.24,2610.44,40833.408
2025-07-08 19:15:00,2610.44,2616.0,2609.12,2610.41,17440.017
2025-07-08 19:30:00,2610.4,2611.19,2600.17,2604.69,46388.561
2025-07-08 19:45:00,2604.7,2611.8,2602.01,2609.13,24821.415
2025-07-08 20:00:00,2609.12,2609.95,2603.49,2603.78,10446.609
2025-07-08 20:15:00,2603.78,2613.5,2601.47,2611.45,25945.318
2025-07-08 20:30:00,2611.46,2611.46,2606.0,2606.62,6656.171
2025-07-08 20:45:00,2606.62,2606.63,2596.61,2597.14,24785.833
2025-07-08 21:00:00,2597.13,2606.2,2595.45,2606.17,21344.699
2025-07-08 21:15:00,2606.16,2606.77,2599.79,2606.76,13863.211
2025-07-08 21:30:00,2606.77,2609.61,2602.17,2606.3,16677.899
2025-07-08 21:45:00,2606.3,2612.06,2606.0,2608.07,16192.71
2025-07-08 22:00:00,2608.06,2611.57,2601.81,2603.01,15942.303
2025-07-08 22:15:00,2603.01,2605.23,2601.01,2605.12,7180.677
2025-07-08 22:30:00,2605.11,2608.58,2603.91,2608.53,8198.47
2025-07-08 22:45:00,2608.53,2610.0,2606.62,2609.11,14100.016
2025-07-08 23:00:00,2609.1,2614.3,2605.67,2612.67,20216.319
2025-07-08 23:15:00,2612.66,2614.5,2607.8,2608.92,16263.157
2025-07-08 23:30:00,2608.93,2616.44,2608.79,2615.26,16497.464
2025-07-08 23:45:00,2615.25,2616.2,2612.64,2613.83,10137.448
2025-07-09 00:00:00,2613.83,2614.47,2607.31,2608.81,21144.589
2025-07-09 00:15:00,2608.81,2609.74,2602.63,2602.99,25510.055
2025-07-09 00:30:00,2602.99,2609.2,2602.0,2609.09,17476.905
2025-07-09 00:45:00,2609.08,2613.68,2607.41,2612.3,16959.808
2025-07-09 01:00:00,2612.3,2626.64,2610.5,2618.97,61393.006
2025-07-09 01:15:00,2618.96,2618.97,2605.61,2605.62,36588.363
2025-07-09 01:30:00,2605.62,2607.49,2600.8,2601.12,35759.843
2025-07-09 01:45:00,2601.11,2604.99,2598.41,2604.27,32930.224
2025-07-09 02:00:00,2604.27,2609.14,2601.29,2607.24,22672.403
2025-07-09 02:15:00,2607.24,2607.99,2600.67,2603.56,15991.524
2025-07-09 02:30:00,2603.56,2607.0,2602.65,2606.36,8832.542
2025-07-09 02:45:00,2606.36,2606.43,2600.88,2601.81,9926.279
2025-07-09 03:00:00,2601.81,2606.25,2596.0,2596.02,34882.89
2025-07-09 03:15:00,2596.02,2597.87,2590.25,2597.5,43896.503
2025-07-09 03:30:00,2597.5,2598.4,2592.52,2593.59,15475.478
2025-07-09 03:45:00,2593.6,2594.92,2588.03,2590.34,27471.598
2025-07-09 04:00:00,2590.35,2594.31,2590.0,2590.0,14889.786
2025-07-09 04:15:00,2590.0,2594.76,2589.5,2594.4,12938.096
2025-07-09 04:30:00,2594.4,2601.69,2593.82,2597.91,36130.553
2025-07-09 04:45:00,2597.91,2602.8,2597.61,2602.28,15732.333
2025-07-09 05:00:00,2602.27,2612.55,2600.73,2606.79,53584.957
2025-07-09 05:15:00,2606.8,2609.68,2603.65,2604.49,21547.897
2025-07-09 05:30:00,2604.49,2646.68,2603.71,2634.64,224638.371
2025-07-09 05:45:00,2634.63,2637.99,2620.21,2626.82,80393.502
2025-07-09 06:00:00,2626.82,2628.4,2616.58,2620.27,59727.501
2025-07-09 06:15:00,2620.27,2628.77,2619.0,2625.45,36376.457
2025-07-09 06:30:00,2625.46,2628.49,2622.5,2623.29,18508.069
2025-07-09 06:45:00,2623.29,2632.64,2622.96,2630.1,33255.986
2025-07-09 07:00:00,2630.09,2633.32,2623.78,2624.07,28047.789
2025-07-09 07:15:00,2624.06,2629.46,2623.92,2627.5,14050.633
2025-07-09 07:30:00,2627.49,2629.12,2620.2,2620.6,30288.753
2025-07-09 07:45:00,2620.59,2625.11,2620.59,2623.8,16056.293
2025-07-09 08:00:00,2623.81,2625.39,2621.0,2623.0,13183.823
2025-07-09 08:15:00,2623.0,2623.81,2616.03,2621.5,38308.87
2025-07-09 08:30:00,2621.5,2623.29,2620.02,2620.02,11598.553
2025-07-09 08:45:00,2620.03,2620.03,2609.9,2610.97,57018.419
2025-07-09 09:00:00,2610.96,2613.89,2602.87,2605.69,54284.073
2025-07-09 09:15:00,2605.69,2611.96,2605.2,2610.31,34148.146
2025-07-09 09:30:00,2610.31,2612.0,2607.0,2611.82,16304.368
2025-07-09 09:45:00,2611.82,2613.0,2610.01,2610.01,14567.578
2025-07-09 10:00:00,2610.02,2612.66,2605.35,2612.01,20107.301
2025-07-09 10:15:00,2612.01,2614.23,2610.19,2612.66,19197.983
2025-07-09 10:30:00,2612.66,2621.39,2612.18,2619.02,31280.799
2025-07-09 10:45:00,2619.01,2619.02,2613.46,2616.96,17101.463
2025-07-09 11:00:00,2616.96,2624.35,2616.84,2623.88,24960.877
2025-07-09 11:15:00,2623.88,2624.28,2620.06,2622.12,19221.117
2025-07-09 11:30:00,2622.12,2626.77,2615.0,2619.99,42084.142
2025-07-09 11:45:00,2620.0,2629.8,2619.99,2624.9,49342.52
2025-07-09 12:00:00,2624.9,2652.56,2622.4,2651.86,143564.355
2025-07-09 12:15:00,2651.86,2663.55,2646.97,2661.53,186615.375
2025-07-09 12:30:00,2661.53,2663.58,2654.55,2660.0,61430.16
2025-07-09 12:45:00,2660.0,2665.28,2656.03,2658.35,67057.648
2025-07-09 13:00:00,2658.34,2667.92,2657.63,2663.59,68264.163
2025-07-16 20:00:00,3383.05,3409.97,3374.73,3390.79,233269.079
2025-07-16 20:15:00,3390.79,3423.59,3388.25,3413.51,167282.612
2025-07-16 20:30:00,3413.51,3416.56,3390.42,3402.27,87092.205
2025-07-16 20:45:00,3402.27,3402.27,3366.31,3379.92,103720.755
2025-07-16 21:00:00,3379.92,3391.85,3371.05,3380.46,62393.513
2025-07-16 21:15:00,3380.46,3399.7,3377.31,3394.04,37639.184
2025-07-16 21:30:00,3394.03,3394.04,3340.9,3368.3,106888.255
2025-07-16 21:45:00,3368.31,3382.98,3368.27,3374.5,34320.167
2025-07-16 22:00:00,3374.51,3390.49,3374.51,3383.6,38241.412
2025-07-16 22:15:00,3383.6,3387.88,3370.85,3374.5,43786.788
2025-07-16 22:30:00,3374.5,3375.81,3350.16,3363.46,56856.046
2025-07-16 22:45:00,3363.46,3364.7,3350.0,3363.01,44998.154
2025-07-16 23:00:00,3363.02,3365.49,3349.29,3359.85,24771.488
2025-07-16 23:15:00,3359.86,3373.98,3346.09,3367.29,43115.152
2025-07-16 23:30:00,3367.29,3368.65,3353.56,3368.36,29430.102
2025-07-16 23:45:00,3368.37,3375.61,3363.4,3371.52,23511.244
2025-07-17 00:00:00,3371.52,3384.31,3367.38,3374.3,41152.624
2025-07-17 00:15:00,3374.29,3399.0,3373.87,3383.11,46463.289
2025-07-17 00:30:00,3383.11,3392.71,3376.06,3387.87,34257.35
2025-07-17 00:45:00,3387.9,3397.95,3376.18,3376.18,47914.984
2025-07-17 01:00:00,3376.18,3395.58,3373.69,3395.57,44076.651
2025-07-17 01:15:00,3395.58,3395.99,3365.57,3373.89,62623.866
2025-07-17 01:30:00,3373.89,3374.29,3340.34,3347.84,102940.016
2025-07-17 01:45:00,3347.85,3348.86,3310.01,3338.03,166943.301
2025-07-17 02:00:00,3338.04,3354.64,3332.56,3347.73,53161.575
2025-07-17 02:15:00,3347.74,3361.7,3345.41,3356.95,37924.059
2025-07-17 02:30:00,3356.93,3362.48,3347.57,3349.77,28508.616
2025-07-17 02:45:00,3349.78,3354.79,3334.27,3348.89,31956.29
2025-07-17 03:00:00,3348.9,3350.32,3331.6,3333.16,24834.965
2025-07-17 03:15:00,3333.16,3341.82,3318.0,3321.9,56072.014
2025-07-17 03:30:00,3321.9,3330.32,3313.46,3328.6,42181.032
2025-07-17 03:45:00,3328.6,3338.0,3320.7,3330.48,26872.278
2025-07-17 04:00:00,3330.47,3339.8,3321.0,3336.09,34712.933
2025-07-17 04:15:00,3336.08,3343.43,3333.0,3338.48,21204.47
2025-07-17 04:30:00,3338.48,3347.26,3338.48,3343.42,25048.346
2025-07-17 04:45:00,3343.41,3352.6,3341.34,3350.79,24441.816
2025-07-17 05:00:00,3350.79,3350.8,3337.56,3341.99,20966.145
2025-07-17 05:15:00,3342.0,3355.63,3341.6,3354.53,15694.216
2025-07-17 05:30:00,3354.52,3369.09,3349.3,3365.52,52201.8
2025-07-17 05:45:00,3365.52,3377.24,3361.61,3373.99,50111.499
2025-07-17 06:00:00,3373.99,3384.7,3370.75,3373.5,57817.674
2025-07-17 06:15:00,3373.49,3432.26,3362.93,3424.25,254557.942
2025-07-17 06:30:00,3424.24,3445.0,3422.2,3431.32,146652.591
2025-07-17 06:45:00,3431.32,3443.46,3425.56,3441.02,58789.299
2025-07-17 07:00:00,3441.01,3441.37,3407.52,3417.04,121659.223
2025-07-17 07:15:00,3417.04,3429.39,3412.9,3421.74,44114.672
2025-07-17 07:30:00,3421.74,3470.0,3421.74,3459.79,197601.454
2025-07-17 07:45:00,3459.79,3460.67,3445.37,3448.13,68860.634
2025-07-17 08:00:00,3448.12,3450.0,3436.01,3446.47,64456.328
2025-07-17 08:15:00,3446.47,3446.65,3428.74,3433.67,53333.513
2025-07-17 08:30:00,3433.67,3438.68,3424.58,3436.79,53310.813
2025-07-17 08:45:00,3436.79,3451.0,3426.01,3448.55,45517.202
2025-07-17 09:00:00,3448.55,3465.0,3440.0,3455.89,78926.665
2025-07-17 09:15:00,3455.89,3478.9,3447.78,3473.71,97779.775
2025-07-17 09:30:00,3473.7,3477.03,3462.05,3474.0,76273.717
2025-07-17 09:45:00,3474.0,3478.9,3464.71,3465.58,55475.457
2025-07-17 10:00:00,3465.58,3469.44,3448.36,3465.7,86609.979
2025-07-17 10:15:00,3465.7,3473.65,3463.39,3469.22,39121.838
2025-07-17 10:30:00,3469.21,3484.39,3453.04,3456.45,89448.028
2025-07-17 10:45:00,3456.45,3466.99,3455.01,3458.46,57055.095
2025-07-17 11:00:00,3458.46,3459.19,3445.58,3457.89,48836.059
2025-07-17 11:15:00,3457.9,3460.84,3436.79,3442.7,58273.735
2025-07-17 11:30:00,3442.7,3448.12,3430.63,3436.86,69854.137
2025-07-17 11:45:00,3436.86,3442.69,3431.0,3434.66,26574.379
2025-07-17 12:00:00,3434.66,3441.36,3412.05,3430.6,108801.235
2025-07-17 12:15:00,3430.61,3437.99,3415.36,3416.58,58562.943
2025-07-17 12:30:00,3416.58,3439.99,3412.61,3437.5,70813.735
2025-07-17 12:45:00,3437.5,3439.99,3426.31,3426.31,35288.621
2025-07-17 13:00:00,3426.32,3432.82,3415.62,3422.01,39677.011
2025-07-17 13:15:00,3422.01,3427.38,3411.2,3423.51,40569.704
2025-07-17 13:30:00,3423.5,3425.0,3381.11,3382.11,164497.802
2025-07-17 13:45:00,3382.1,3409.81,3363.57,3401.01,220704.136
2025-07-17 14:00:00,3401.0,3423.35,3401.0,3416.01,98244.186
2025-07-17 14:15:00,3416.01,3422.43,3402.63,3418.41,64893.939
2025-07-17 14:30:00,3418.42,3435.0,3415.38,3423.18,82161.987
2025-07-17 14:45:00,3423.18,3434.0,3422.98,3426.79,47259.049
2025-07-17 15:00:00,3426.8,3433.8,3401.49,3402.07,85825.816
2025-07-17 15:15:00,3402.06,3420.0,3388.06,3414.13,83266.952
2025-07-17 15:30:00,3414.13,3425.79,3414.0,3424.7,38717.194
2025-07-17 15:45:00,3424.71,3431.5,3410.82,3420.72,51021.907
2025-07-17 16:00:00,3420.73,3428.0,3400.05,3407.31,55350.561
2025-07-17 16:15:00,3407.32,3407.7,3377.23,3387.81,108452.013
2025-07-17 16:30:00,3387.89,3413.94,3366.0,3397.59,230986.85
2025-07-17 16:45:00,3397.59,3402.72,3377.47,3394.99,72674.988
2025-07-17 17:00:00,3394.98,3406.75,3389.29,3405.99,41749.832
2025-07-17 17:15:00,3406.0,3412.83,3396.69,3401.36,35670.811
2025-07-17 17:30:00,3401.35,3407.76,3391.5,3407.14,31233.926
2025-07-17 17:45:00,3407.13,3430.0,3402.69,3424.24,90818.482
2025-07-17 18:00:00,3424.24,3434.0,3418.38,3423.34,41371.619
2025-07-17 18:15:00,3423.33,3436.98,3419.97,3430.68,35149.847
2025-07-17 18:30:00,3430.69,3442.86,3424.23,3426.8,48771.329
2025-07-17 18:45:00,3426.8,3429.99,3419.62,3426.25,26029.898
2025-07-17 19:00:00,3426.26,3442.86,3426.26,3441.83,35322.238
2025-07-17 19:15:00,3441.84,3448.99,3438.57,3441.34,44030.213
2025-07-17 19:30:00,3441.35,3455.4,3437.19,3441.98,43026.394
2025-07-17 19:45:00,3441.99,3441.99,3402.38,3411.02,102440.968
2025-07-17 20:00:00,3411.15,3413.58,3373.5,3392.07,116275.252
2025-07-17 20:15:00,3392.07,3406.38,3371.18,3400.26,85698.213
2025-07-17 20:30:00,3400.25,3415.86,3397.1,3405.29,39926.948
2025-07-17 20:45:00,3405.28,3419.74,3401.03,3419.51,33872.262
2025-07-17 21:00:00,3419.51,3487.11,3416.61,3484.59,165528.157
2025-07-17 21:15:00,3484.58,3502.04,3465.65,3480.84,154846.946
2025-07-17 21:30:00,3480.84,3481.5,3441.67,3465.14,84608.15
2025-07-17 21:45:00,3465.14,3482.0,3461.26,3467.52,50202.559
2025-07-17 22:00:00,3467.52,3488.0,3462.28,3486.51,46389.503
2025-07-17 22:15:00,3486.51,3493.66,3471.03,3477.82,37809.232
2025-07-17 22:30:00,3477.81,3485.0,3471.41,3477.2,19518.944
2025-07-17 22:45:00,3477.2,3492.89,3450.49,3466.32,83366.896
2025-07-17 23:00:00,3466.32,3490.61,3461.55,3486.96,44141.325
2025-07-17 23:15:00,3487.0,3525.0,3486.69,3511.69,161369.788
2025-07-17 23:30:00,3511.7,3512.0,3474.56,3477.64,106055.716
2025-07-17 23:45:00,3477.65,3485.49,3472.23,3476.41,25916.758
2025-07-18 00:00:00,3476.41,3483.08,3458.0,3469.73,50216.355
2025-07-18 00:15:00,3469.72,3481.76,3465.38,3478.35,29646.086
2025-07-18 00:30:00,3478.35,3515.97,3478.35,3515.96,66438.799
2025-07-18 00:45:00,3515.96,3540.0,3512.64,3537.73,131713.288
2025-07-18 01:00:00,3537.74,3585.89,3525.0,3574.78,189627.046
2025-07-18 01:15:00,3574.77,3588.0,3562.04,3576.77,117703.517
2025-07-18 01:30:00,3576.77,3621.99,3568.14,3603.41,190013.193
2025-07-18 01:45:00,3603.41,3628.0,3592.53,3615.2,123228.203
2025-07-18 02:00:00,3615.2,3618.51,3588.81,3605.4,103984.474
2025-07-18 02:15:00,3605.4,3615.97,3595.01,3611.16,58799.36
2025-07-18 02:30:00,3611.15,3626.94,3598.51,3599.77,86890.784
2025-07-18 02:45:00,3599.77,3609.69,3589.0,3602.01,64262.209
2025-07-18 03:00:00,3602.02,3605.0,3587.36,3593.61,47117.301
2025-07-18 03:15:00,3593.61,3596.0,3584.67,3592.89,36902.272
2025-07-18 03:30:00,3592.89,3607.37,3591.36,3606.3,30904.336
2025-07-18 03:45:00,3606.21,3607.0,3592.35,3596.54,32506.589
2025-07-18 04:00:00,3596.54,3597.0,3576.37,3583.51,50305.092
2025-07-18 04:15:00,3583.5,3596.0,3578.29,3594.5,37549.769
2025-07-18 04:30:00,3594.51,3619.47,3591.66,3612.92,89429.591
2025-07-18 04:45:00,3612.92,3621.99,3607.2,3619.68,41497.181
2025-07-18 05:00:00,3619.69,3648.14,3615.84,3630.86,158229.081
2025-07-18 05:15:00,3630.84,3647.39,3628.51,3641.99,69100.227
2025-07-18 05:30:00,3642.0,3658.78,3633.32,3649.0,98110.904
2025-07-18 05:45:00,3649.0,3674.99,3645.8,3670.34,118065.661
2025-07-18 06:00:00,3670.34,3670.35,3640.01,3652.03,112854.764
2025-07-18 06:15:00,3652.03,3654.35,3641.35,3645.46,42146.976
2025-07-18 06:30:00,3645.46,3657.72,3643.43,3652.73,44187.737
2025-07-18 06:45:00,3652.73,3664.99,3649.27,3650.99,44420.288
2025-07-18 07:00:00,3651.0,3671.49,3630.15,3641.13,105810.018
2025-07-18 07:15:00,3641.13,3654.69,3627.0,3647.85,84569.699
2025-07-18 07:30:00,3647.86,3650.0,3625.88,3631.91,70924.144
2025-07-18 07:45:00,3631.91,3632.58,3605.93,3608.0,98498.597
2025-07-18 08:00:00,3608.01,3628.82,3607.4,3617.39,76439.544
2025-07-18 08:15:00,3617.28,3631.98,3615.52,3626.53,41525.117
2025-07-18 08:30:00,3626.52,3626.52,3587.51,3588.01,142268.318
2025-07-18 08:45:00,3588.0,3615.0,3585.0,3606.66,72303.926
2025-07-18 09:00:00,3606.66,3614.88,3598.01,3614.34,42634.247
2025-07-18 09:15:00,3614.34,3619.33,3600.35,3603.81,39124.976
2025-07-18 09:30:00,3603.8,3618.77,3595.0,3613.79,40667.811
2025-07-18 09:45:00,3613.79,3627.31,3613.16,3623.29,48892.005
2025-07-18 10:00:00,3623.28,3625.95,3611.03,3619.35,31660.172
2025-07-18 10:15:00,3619.35,3622.5,3603.05,3615.82,37043.834
2025-07-18 10:30:00,3615.82,3622.3,3607.34,3613.03,28714.625
2025-07-18 10:45:00,3613.03,3623.78,3606.5,3619.85,33557.51
2025-07-18 11:00:00,3619.85,3626.58,3608.58,3609.43,29609.302
2025-07-18 11:15:00,3609.44,3612.82,3590.0,3599.17,70337.164
2025-07-18 11:30:00,3599.17,3618.55,3597.07,3616.55,37745.73
2025-07-18 11:45:00,3616.54,3621.21,3611.22,3612.33,24756.84
2025-07-18 12:00:00,3612.33,3620.0,3606.01,3607.27,21327.472
2025-07-18 12:15:00,3607.26,3611.69,3593.02,3596.87,42728.128
2025-07-18 12:30:00,3596.87,3617.0,3596.19,3613.28,32518.565
2025-07-18 12:45:00,3613.29,3642.52,3609.06,3639.51,71939.57
2025-07-18 13:00:00,3639.52,3656.19,3620.12,3635.89,127177.039
2025-07-18 13:15:00,3635.88,3637.63,3610.24,3624.0,65625.829
2025-07-18 13:30:00,3624.0,3649.31,3614.46,3639.18,85122.113
2025-07-18 13:45:00,3639.17,3660.0,3637.61,3641.34,91436.871
2025-07-18 14:00:00,3641.34,3674.88,3632.88,3665.01,128637.335
2025-07-18 14:15:00,3665.02,3666.0,3585.8,3598.61,287830.318
2025-07-18 14:30:00,3598.61,3606.88,3555.91,3577.47,244747.628
2025-07-18 14:45:00,3577.48,3606.86,3575.62,3586.94,135103.817
2025-07-18 15:00:00,3586.94,3591.68,3562.85,3567.71,111120.537
2025-07-18 15:15:00,3567.71,3574.99,3532.21,3545.8,210578.525
2025-07-18 15:30:00,3545.8,3561.98,3533.45,3547.69,84830.565
2025-07-18 15:45:00,3547.68,3571.58,3543.61,3565.49,60834.666
2025-07-18 16:00:00,3565.49,3582.28,3557.0,3557.53,79157.935
2025-07-18 16:15:00,3557.52,3579.0,3549.27,3574.34,50418.893
2025-07-18 16:30:00,3574.34,3588.9,3562.26,3584.43,60681.062
2025-07-18 16:45:00,3584.44,3591.0,3568.0,3574.81,38866.796
2025-07-18 17:00:00,3574.8,3584.41,3568.25,3577.75,29795.806
2025-07-18 17:15:00,3577.75,3617.99,3577.75,3613.09,85724.447
2025-07-18 17:30:00,3613.0,3626.81,3597.0,3601.77,80711.643
2025-07-18 17:45:00,3601.77,3606.14,3586.78,3601.89,58755.654
2025-07-18 18:00:00,3601.89,3605.53,3580.56,3581.87,40793.085
2025-07-18 18:15:00,3581.87,3609.0,3567.25,3607.46,58331.588
2025-07-18 18:30:00,3607.46,3607.85,3587.08,3592.72,27771.329
2025-07-18 18:45:00,3592.63,3594.43,3568.92,3573.42,34240.727
2025-07-18 19:00:00,3573.41,3576.86,3538.16,3552.01,84250.132
2025-07-18 19:15:00,3552.0,3584.78,3552.0,3576.59,48627.235
2025-07-18 19:30:00,3576.58,3583.86,3559.29,3564.0,38128.928
2025-07-18 19:45:00,3564.0,3565.99,3543.6,3552.59,38570.493
2025-07-18 20:00:00,3552.6,3555.97,3505.6,3531.65,130933.415
2025-07-18 20:15:00,3531.65,3536.99,3486.0,3493.65,151509.409
2025-07-18 20:30:00,3493.64,3507.36,3476.92,3502.21,104396.763
2025-07-18 20:45:00,3502.21,3530.1,3499.46,3517.25,69350.917
2025-07-18 21:00:00,3517.26,3547.96,3515.01,3545.83,47054.544
2025-07-18 21:15:00,3545.83,3558.52,3536.1,3553.21,42380.952
2025-07-18 21:30:00,3553.22,3563.0,3550.54,3556.92,19297.039
2025-07-18 21:45:00,3556.91,3573.45,3551.01,3555.37,52737.431
2025-07-18 22:00:00,3555.3,3557.88,3531.77,3543.83,47090.999
2025-07-18 22:15:00,3543.82,3578.77,3538.0,3572.4,50795.504
2025-07-18 22:30:00,3572.4,3575.98,3558.6,3558.61,24117.361
2025-07-18 22:45:00,3558.6,3562.1,3535.0,3539.7,48507.847
2025-07-18 23:00:00,3539.7,3542.25,3507.26,3528.0,54393.647
2025-07-18 23:15:00,3528.0,3545.91,3527.07,3530.6,37188.936
2025-07-18 23:30:00,3530.59,3542.4,3529.3,3537.66,18785.972
2025-07-18 23:45:00,3537.65,3552.48,3536.51,3547.6,18518.652
2025-07-19 00:00:00,3547.6,3554.24,3544.28,3554.15,17871.864
2025-07-19 00:15:00,3554.23,3559.38,3550.0,3555.94,14657.196
2025-07-19 00:30:00,3555.95,3566.46,3538.33,3546.08,34742.054
2025-07-19 00:45:00,3546.08,3548.71,3522.48,3523.42,30861.391
2025-07-19 01:00:00,3523.42,3528.46,3507.02,3522.53,67202.565
2025-07-19 01:15:00,3522.52,3539.88,3520.7,3538.64,27862.709
2025-07-19 01:30:00,3538.65,3552.67,3533.61,3549.36,18552.681
2025-07-19 01:45:00,3549.35,3554.0,3542.11,3546.78,15183.157
2025-07-19 02:00:00,3546.79,3548.86,3535.01,3542.99,17552.731
2025-07-19 02:15:00,3542.98,3561.53,3535.7,3552.2,33364.91
2025-07-19 02:30:00,3552.2,3570.89,3551.91,3567.42,28830.789
2025-07-19 02:45:00,3567.41,3577.77,3567.41,3570.66,31974.802
2025-07-19 03:00:00,3570.66,3585.96,3567.8,3585.5,50592.633
2025-07-19 03:15:00,3585.5,3590.73,3579.37,3587.38,36279.804
2025-07-19 03:30:00,3587.39,3599.99,3587.37,3595.32,48112.878
2025-07-19 03:45:00,3595.32,3596.0,3580.78,3593.0,36532.477
2025-07-19 04:00:00,3593.0,3609.96,3591.5,3599.98,49170.539
2025-07-19 04:15:00,3599.95,3602.21,3586.4,3591.73,33743.193
2025-07-19 04:30:00,3591.73,3597.0,3580.27,3588.43,27666.757
2025-07-19 04:45:00,3588.43,3593.81,3580.25,3590.17,19331.111
2025-07-19 05:00:00,3590.17,3593.0,3576.5,3581.28,26258.808
2025-07-19 05:15:00,3581.29,3587.48,3575.38,3583.0,24258.633
2025-07-19 05:30:00,3583.0,3595.97,3578.63,3593.3,22607.378
2025-07-19 05:45:00,3593.29,3593.75,3582.0,3586.21,11644.434
2025-07-19 06:00:00,3586.2,3587.6,3575.7,3576.09,14980.7
2025-07-19 06:15:00,3576.19,3580.58,3568.0,3568.5,39392.979
2025-07-19 06:30:00,3568.51,3579.48,3567.8,3570.31,26309.195
2025-07-19 06:45:00,3570.31,3576.79,3570.01,3572.0,13584.019
2025-07-19 07:00:00,3572.01,3591.86,3570.17,3579.44,35369.167
2025-07-19 07:15:00,3579.44,3585.23,3576.34,3577.21,14480.286
2025-07-19 07:30:00,3577.2,3577.21,3568.0,3570.37,20308.516
2025-07-19 07:45:00,3570.37,3576.49,3570.29,3572.16,9014.64
2025-07-19 08:00:00,3572.16,3579.25,3554.0,3557.61,45310.998
2025-07-19 08:15:00,3557.52,3564.56,3554.41,3561.85,32674.197
2025-07-19 08:30:00,3561.85,3562.56,3546.5,3554.86,34923.183
2025-07-19 08:45:00,3554.85,3562.3,3550.0,3555.0,28085.728
2025-07-19 09:00:00,3554.99,3562.44,3550.0,3553.0,14652.107
2025-07-19 09:15:00,3553.0,3563.5,3551.81,3559.8,15944.288
2025-07-19 09:30:00,3559.79,3571.88,3557.01,3563.31,24202.53
2025-07-19 09:45:00,3563.3,3566.5,3556.46,3559.13,11380.485
2025-07-19 10:00:00,3559.13,3560.4,3551.44,3553.0,16503.389
2025-07-19 10:15:00,3553.0,3561.92,3551.52,3559.83,12237.583
2025-07-19 10:30:00,3559.82,3569.35,3559.01,3566.74,16656.406
2025-07-19 10:45:00,3566.74,3568.78,3556.2,3558.81,13937.2
2025-07-19 11:00:00,3558.81,3568.5,3552.5,3553.03,17849.746
2025-07-19 11:15:00,3553.02,3578.72,3537.91,3573.7,81382.057
2025-07-19 11:30:00,3573.69,3574.8,3561.76,3564.21,21462.005
2025-07-19 11:45:00,3564.22,3565.09,3547.31,3552.84,38833.325
2025-07-19 12:00:00,3552.85,3556.0,3539.0,3542.88,36753.908
2025-07-19 12:15:00,3542.88,3558.91,3538.98,3549.0,35253.147
2025-07-19 12:30:00,3549.0,3556.98,3542.91,3552.66,23571.421
2025-07-19 12:45:00,3552.64,3565.98,3549.06,3562.04,24093.912
2025-07-19 13:00:00,3562.04,3567.02,3552.07,3563.82,21309.544
2025-07-19 13:15:00,3563.81,3567.73,3558.75,3564.59,23874.94
2025-07-19 13:30:00,3564.6,3572.63,3561.93,3566.58,24969.449
2025-07-19 13:45:00,3566.58,3566.58,3549.52,3558.85,32670.65
2025-07-19 14:00:00,3558.85,3564.05,3544.02,3545.31,43994.047
2025-07-19 14:15:00,3545.32,3554.88,3542.64,3545.1,31540.94
2025-07-19 14:30:00,3545.09,3552.26,3538.1,3548.99,43850.034
2025-07-19 14:45:00,3548.99,3551.66,3526.17,3532.41,47904.399
2025-07-19 15:00:00,3532.4,3548.0,3530.9,3543.15,25322.146
2025-07-19 15:15:00,3543.15,3557.94,3543.14,3556.97,30506.964
2025-07-19 15:30:00,3556.97,3563.63,3548.04,3562.28,27925.689
2025-07-19 15:45:00,3562.29,3562.59,3550.71,3552.66,15628.388
2025-07-19 16:00:00,3552.66,3553.81,3539.45,3539.46,35007.94
2025-07-19 16:15:00,3539.46,3568.79,3536.0,3563.86,41768.643
2025-07-19 16:30:00,3563.83,3569.99,3555.73,3568.61,35762.229
2025-07-19 16:45:00,3568.6,3571.04,3557.44,3560.12,26792.264
2025-07-19 17:00:00,3560.13,3561.46,3547.04,3548.54,22645.6
2025-07-19 17:15:00,3548.54,3554.0,3542.5,3547.74,15675.328
2025-07-19 17:30:00,3547.73,3549.85,3537.53,3541.01,21202.768
2025-07-19 17:45:00,3541.01,3549.18,3532.47,3543.23,25675.914
2025-07-19 18:00:00,3543.24,3554.9,3540.22,3552.87,15358.734
2025-07-19 18:15:00,3552.88,3559.93,3543.37,3555.0,16743.432
2025-07-19 18:30:00,3555.0,3562.69,3555.0,3557.24,12787.082
2025-07-19 18:45:00,3557.24,3560.0,3551.22,3553.09,10140.588
2025-07-19 19:00:00,3553.13,3556.12,3541.72,3551.35,17177.343
2025-07-19 19:15:00,3551.36,3564.42,3550.01,3563.36,17034.192
2025-07-19 19:30:00,3563.36,3583.0,3561.56,3578.69,38470.676
2025-07-19 19:45:00,3578.69,3580.0,3569.0,3578.2,24137.39
2025-07-19 20:00:00,3578.2,3595.0,3575.15,3580.99,39458.173
2025-07-19 20:15:00,3581.0,3584.53,3573.8,3583.5,13099.402
2025-07-19 20:30:00,3583.5,3584.48,3576.0,3576.89,10061.248
2025-07-19 20:45:00,3576.89,3583.45,3564.0,3564.01,19352.063
2025-07-19 21:00:00,3564.0,3571.5,3548.49,3551.6,33175.915
2025-07-19 21:15:00,3551.6,3560.4,3538.0,3559.1,39236.837
2025-07-19 21:30:00,3559.1,3559.1,3548.13,3558.44,12102.513
2025-07-19 21:45:00,3558.44,3574.72,3554.71,3571.76,18708.329
2025-07-19 22:00:00,3571.76,3582.78,3562.76,3579.67,26382.553
2025-07-19 22:15:00,3579.66,3591.48,3579.62,3584.65,27448.235
2025-07-19 22:30:00,3584.65,3585.1,3573.75,3580.1,17449.357
2025-07-19 22:45:00,3580.09,3584.0,3576.81,3576.81,6525.448
2025-07-27 05:45:00,3786.71,3791.59,3782.5,3790.41,20848.489
2025-07-27 06:00:00,3790.42,3790.42,3772.73,3777.22,35875.596
2025-07-27 06:15:00,3777.22,3781.33,3773.72,3774.83,11443.65
2025-07-27 06:30:00,3774.84,3778.99,3772.0,3777.7,13613.995
2025-07-27 06:45:00,3777.7,3778.87,3763.58,3771.45,35989.89
2025-07-27 07:00:00,3771.44,3777.38,3765.6,3775.11,18928.671
2025-07-27 07:15:00,3775.11,3782.19,3773.21,3775.48,16734.238
2025-07-27 07:30:00,3775.47,3776.52,3770.08,3774.18,10763.507
2025-07-27 07:45:00,3774.19,3774.87,3761.35,3767.08,27270.926
2025-07-27 08:00:00,3767.09,3772.61,3764.53,3769.27,14696.772
2025-07-27 08:15:00,3769.26,3775.6,3765.52,3767.7,9712.821
2025-07-27 08:30:00,3767.69,3770.85,3763.65,3770.85,14910.846
2025-07-27 08:45:00,3770.84,3773.93,3768.35,3769.78,9840.161
2025-07-27 09:00:00,3769.78,3773.04,3765.12,3768.61,10820.882
2025-07-27 09:15:00,3768.61,3771.2,3765.88,3766.82,7894.686
2025-07-27 09:30:00,3766.83,3771.42,3762.39,3765.6,20326.982
2025-07-27 09:45:00,3765.6,3765.61,3749.75,3762.2,53267.727
2025-07-27 10:00:00,3762.2,3777.31,3761.93,3776.55,36937.868
2025-07-27 10:15:00,3776.55,3792.0,3776.5,3784.58,51737.205
2025-07-27 10:30:00,3784.58,3822.5,3781.68,3819.29,115132.356
2025-07-27 10:45:00,3819.29,3843.13,3811.01,3816.39,173163.106
2025-07-27 11:00:00,3816.39,3826.99,3808.24,3824.67,65452.198
2025-07-27 11:15:00,3824.66,3835.88,3820.36,3823.79,52180.84
2025-07-27 11:30:00,3823.79,3831.49,3809.8,3813.95,42434.947
2025-07-27 11:45:00,3813.94,3818.13,3803.56,3814.63,36820.389
2025-07-27 12:00:00,3814.63,3835.0,3814.62,3833.17,62610.535
2025-07-27 12:15:00,3833.16,3836.99,3812.0,3813.97,35708.388
2025-07-27 12:30:00,3813.97,3818.0,3804.55,3812.22,37949.071
2025-07-27 12:45:00,3812.21,3828.88,3812.21,3825.01,35458.102
2025-07-27 13:00:00,3825.0,3829.99,3817.68,3820.59,20948.58
2025-07-27 13:15:00,3820.6,3820.7,3812.83,3818.79,14775.248
2025-07-27 13:30:00,3818.79,3819.0,3809.13,3811.64,16979.176
2025-07-27 13:45:00,3811.64,3813.6,3806.0,3809.69,23632.49
2025-07-27 14:00:00,3809.69,3817.03,3804.72,3811.7,28915.293
2025-07-27 14:15:00,3811.69,3823.07,3806.39,3811.81,40226.29
2025-07-27 14:30:00,3811.8,3817.88,3805.34,3805.65,16041.3
2025-07-27 14:45:00,3805.64,3812.5,3791.04,3808.81,69133.891
2025-07-27 15:00:00,3808.8,3812.53,3795.0,3797.43,31239.103
2025-07-27 15:15:00,3797.43,3810.33,3792.06,3804.9,24323.118
2025-07-27 15:30:00,3804.9,3816.67,3803.01,3814.89,21407.632
2025-07-27 15:45:00,3814.89,3820.99,3811.21,3818.31,21402.699
2025-07-27 16:00:00,3818.31,3831.04,3817.27,3828.71,41661.994
2025-07-27 16:15:00,3828.72,3839.2,3824.12,3835.69,56541.952
2025-07-27 16:30:00,3835.69,3853.73,3833.56,3834.8,126027.222
2025-07-27 16:45:00,3834.8,3842.38,3810.0,3815.36,97968.838
2025-07-27 17:00:00,3815.35,3824.2,3807.14,3816.14,47244.802
2025-07-27 17:15:00,3816.14,3825.95,3809.0,3823.71,34230.396
2025-07-27 17:30:00,3823.72,3828.74,3814.98,3826.0,21933.928
2025-07-27 17:45:00,3826.0,3841.15,3824.84,3837.08,30169.663
2025-07-27 18:00:00,3837.04,3849.76,3832.57,3845.28,33261.248
2025-07-27 18:15:00,3845.28,3869.0,3839.22,3859.99,97455.213
2025-07-27 18:30:00,3860.0,3865.38,3847.08,3854.83,39057.275
2025-07-27 18:45:00,3854.83,3854.83,3844.01,3845.73,22946.866
2025-07-27 19:00:00,3845.72,3851.52,3839.33,3847.47,18154.09
2025-07-27 19:15:00,3847.46,3847.46,3835.44,3837.49,14209.303
2025-07-27 19:30:00,3837.49,3843.49,3830.45,3833.33,13328.555
2025-07-27 19:45:00,3833.32,3837.61,3825.41,3827.74,15558.038
2025-07-27 20:00:00,3827.74,3842.45,3826.71,3836.07,20291.709
2025-07-27 20:15:00,3836.08,3839.97,3829.0,3833.43,9318.168
2025-07-27 20:30:00,3833.44,3833.7,3821.7,3823.5,17062.455
2025-07-27 20:45:00,3823.5,3828.79,3818.88,3821.6,17569.647
2025-07-27 21:00:00,3821.6,3829.46,3820.52,3821.26,9670.434
2025-07-27 21:15:00,3821.26,3826.74,3816.5,3826.74,10805.574
2025-07-27 21:30:00,3826.74,3830.98,3814.04,3819.58,12379.954
2025-07-27 21:45:00,3819.57,3839.58,3819.51,3835.69,14718.784
2025-07-27 22:00:00,3835.7,3855.69,3834.46,3854.89,33197.577
2025-07-27 22:15:00,3854.89,3860.0,3841.19,3854.73,24741.574
2025-07-27 22:30:00,3854.74,3874.95,3848.29,3873.37,40824.095
2025-07-27 22:45:00,3873.37,3880.0,3859.03,3863.38,45868.307
2025-07-27 23:00:00,3863.39,3863.8,3838.01,3842.45,39252.276
2025-07-27 23:15:00,3842.46,3862.52,3840.0,3858.48,27859.641
2025-07-27 23:30:00,3858.48,3865.29,3849.03,3861.23,15807.333
2025-07-27 23:45:00,3861.22,3874.97,3859.21,3871.0,26436.487
2025-07-28 00:00:00,3871.0,3881.47,3858.27,3880.67,37633.085
2025-07-28 00:15:00,3880.67,3886.47,3870.44,3884.51,67715.025
2025-07-28 00:30:00,3884.5,3885.3,3864.1,3864.61,32129.22
2025-07-28 00:45:00,3864.61,3872.76,3854.36,3861.0,46045.348
2025-07-28 01:00:00,3861.0,3864.3,3847.28,3852.3,39684.992
2025-07-28 01:15:00,3852.3,3864.86,3849.58,3859.28,28148.961
2025-07-28 01:30:00,3859.28,3859.28,3845.12,3848.49,22034.791
2025-07-28 01:45:00,3848.49,3851.37,3843.4,3848.93,20165.222
2025-07-28 02:00:00,3848.93,3858.48,3842.1,3855.72,31214.675
2025-07-28 02:15:00,3855.71,3874.65,3855.53,3873.63,41407.274
2025-07-28 02:30:00,3873.63,3908.06,3871.18,3889.59,195934.611
2025-07-28 02:45:00,3889.59,3900.0,3879.11,3885.23,58747.555
2025-07-28 03:00:00,3885.23,3894.48,3875.86,3879.57,31617.453
2025-07-28 03:15:00,3879.58,3884.74,3870.09,3870.82,27555.392
2025-07-28 03:30:00,3870.81,3879.78,3868.0,3868.05,22147.917
2025-07-28 03:45:00,3868.04,3879.49,3868.0,3879.1,17345.321
2025-07-28 04:00:00,3879.1,3887.64,3871.6,3871.61,23057.252
2025-07-28 04:15:00,3871.6,3881.05,3867.0,3879.3,19268.218
2025-07-28 04:30:00,3879.3,3903.14,3873.81,3897.69,48397.717
2025-07-28 04:45:00,3897.7,3904.93,3893.05,3901.26,42579.755
2025-07-28 05:00:00,3901.26,3923.71,3899.48,3920.89,76118.015
2025-07-28 05:15:00,3920.89,3940.0,3920.88,3938.38,113075.151
2025-07-28 05:30:00,3938.38,3939.12,3922.79,3933.81,63860.269
2025-07-28 05:45:00,3933.8,3942.49,3924.0,3929.0,48268.694
2025-07-28 06:00:00,3929.0,3933.96,3923.8,3932.06,31203.731
2025-07-28 06:15:00,3932.07,3933.47,3916.04,3920.69,40631.06
2025-07-28 06:30:00,3920.7,3926.91,3910.0,3911.76,40202.711
2025-07-28 06:45:00,3911.76,3916.08,3909.0,3912.2,25757.494
2025-07-28 07:00:00,3912.2,3913.7,3881.2,3883.99,97339.999
2025-07-28 07:15:00,3883.98,3897.39,3876.0,3895.01,88514.918
2025-07-28 07:30:00,3895.01,3896.13,3883.31,3889.47,33599.044
2025-07-28 07:45:00,3889.47,3894.05,3886.46,3892.58,17311.939
2025-07-28 08:00:00,3892.57,3903.51,3883.35,3887.27,39279.374
2025-07-28 08:15:00,3887.26,3900.76,3887.0,3897.31,22358.063
2025-07-28 08:30:00,3897.3,3898.16,3882.0,3887.75,25438.967
2025-07-28 08:45:00,3887.76,3894.0,3885.56,3891.59,12138.741
2025-07-28 09:00:00,3891.58,3891.58,3883.52,3886.33,18084.616
2025-07-28 09:15:00,3886.33,3891.75,3878.45,3881.02,18384.589
2025-07-28 09:30:00,3881.03,3889.69,3871.87,3877.33,34308.766
2025-07-28 09:45:00,3877.33,3895.65,3877.33,3893.51,34720.759
2025-07-28 10:00:00,3893.51,3897.0,3881.54,3881.72,20541.791
2025-07-28 10:15:00,3881.72,3893.13,3881.66,3889.14,12894.454
2025-07-28 10:30:00,3889.14,3889.15,3875.76,3885.42,25614.838
2025-07-28 10:45:00,3885.42,3889.22,3880.0,3887.48,15407.855
2025-07-28 11:00:00,3887.47,3893.32,3876.01,3878.41,24280.472
2025-07-28 11:15:00,3878.41,3879.03,3868.72,3869.7,31398.99
2025-07-28 11:30:00,3869.69,3875.97,3858.0,3871.1,64331.723
2025-07-28 11:45:00,3871.1,3879.8,3871.09,3879.53,16406.231
2025-07-28 12:00:00,3879.48,3887.84,3872.33,3881.6,28561.352
2025-07-28 12:15:00,3881.58,3890.0,3879.56,3883.22,23428.957
2025-07-28 12:30:00,3883.22,3889.24,3880.41,3886.37,16824.067
2025-07-28 12:45:00,3886.38,3887.28,3868.64,3870.79,35354.536
2025-07-28 13:00:00,3870.79,3874.82,3855.0,3858.73,54126.696
2025-07-28 13:15:00,3858.73,3864.1,3834.0,3844.01,135647.804
2025-07-28 13:30:00,3844.0,3868.08,3825.8,3852.52,136991.539
2025-07-28 13:45:00,3852.52,3860.0,3832.34,3843.66,57137.706
2025-07-28 14:00:00,3843.65,3852.51,3832.33,3836.4,42293.066
2025-07-28 14:15:00,3836.4,3839.3,3775.0,3785.26,295568.941
2025-07-28 14:30:00,3785.26,3798.0,3773.01,3795.79,103325.195
2025-07-28 14:45:00,3795.79,3796.91,3781.0,3785.0,46731.496
2025-07-28 15:00:00,3785.01,3803.0,3780.72,3801.1,44421.662
2025-07-28 15:15:00,3801.1,3821.4,3798.67,3813.97,110589.387
2025-07-28 15:30:00,3813.97,3820.48,3803.31,3805.59,31307.184
2025-07-28 15:45:00,3805.59,3813.07,3788.14,3806.61,48060.088
2025-07-28 16:00:00,3806.61,3808.67,3792.0,3797.56,29537.955
2025-07-28 16:15:00,3797.56,3815.55,3793.42,3812.72,36468.134
2025-07-28 16:30:00,3812.72,3817.39,3803.24,3816.59,24558.144
2025-07-28 16:45:00,3816.59,3821.87,3804.51,3805.0,25334.495
2025-07-28 17:00:00,3805.01,3808.66,3791.6,3792.19,27125.808
2025-07-28 17:15:00,3792.18,3803.25,3778.4,3802.47,72415.392
2025-07-28 17:30:00,3802.46,3809.56,3786.57,3791.66,25282.989
2025-07-28 17:45:00,3791.65,3796.11,3782.0,3784.26,19532.557
2025-07-28 18:00:00,3784.26,3788.0,3752.01,3777.53,119129.299
2025-07-28 18:15:00,3777.52,3780.62,3754.0,3770.99,51390.802
2025-07-28 18:30:00,3771.0,3777.66,3754.0,3776.76,41032.628
2025-07-28 18:45:00,3776.75,3784.39,3769.18,3782.26,26388.083
2025-07-28 19:00:00,3782.25,3803.0,3781.49,3800.25,56513.15
2025-07-28 19:15:00,3800.25,3806.08,3797.37,3798.79,22475.351
2025-07-28 19:30:00,3798.79,3798.79,3769.02,3771.56,40631.685
2025-07-28 19:45:00,3771.57,3797.6,3763.39,3796.85,37540.34
2025-07-28 20:00:00,3796.85,3803.99,3776.0,3780.52,30311.081
2025-07-28 20:15:00,3780.53,3787.5,3765.0,3766.6,26943.805
2025-07-28 20:30:00,3766.59,3786.5,3765.0,3777.34,21750.964
2025-07-28 20:45:00,3777.34,3790.86,3772.41,3787.56,12213.301
2025-07-28 21:00:00,3787.56,3795.76,3778.51,3781.29,18025.549
2025-07-28 21:15:00,3781.29,3789.38,3774.15,3783.14,11149.228
2025-07-28 21:30:00,3783.14,3802.86,3779.0,3802.45,22214.716
2025-07-28 21:45:00,3802.45,3802.77,3779.45,3788.17,19241.151
2025-07-28 22:00:00,3788.17,3802.68,3787.36,3797.92,19691.227
2025-07-28 22:15:00,3797.93,3800.0,3786.36,3793.32,13972.883
2025-07-28 22:30:00,3793.31,3796.0,3765.01,3775.9,42383.709
2025-07-28 22:45:00,3775.9,3786.67,3769.18,3786.11,16813.741
2025-07-28 23:00:00,3786.11,3788.52,3774.1,3787.14,15980.634
2025-07-28 23:15:00,3787.14,3799.5,3783.05,3785.46,25407.966
2025-07-28 23:30:00,3785.44,3799.4,3782.38,3787.19,18172.113
2025-07-28 23:45:00,3787.2,3796.99,3773.88,3796.98,28731.078
2025-07-29 00:00:00,3796.99,3808.86,3787.12,3808.21,46392.269
2025-07-29 00:15:00,3808.2,3821.8,3807.14,3808.92,59798.721
2025-07-29 00:30:00,3808.92,3816.27,3740.01,3754.39,156674.896
2025-07-29 00:45:00,3754.39,3780.14,3747.0,3779.79,42112.964
2025-07-29 01:00:00,3779.79,3786.85,3768.4,3782.71,35239.098
2025-07-29 01:15:00,3782.72,3798.0,3781.05,3794.91,23715.792
2025-07-29 01:30:00,3794.9,3798.33,3785.0,3785.46,18682.541
2025-07-29 01:45:00,3785.46,3786.28,3757.14,3758.22,37085.303
2025-07-29 02:00:00,3758.21,3772.98,3756.66,3770.11,28825.994
2025-07-29 02:15:00,3770.11,3770.78,3728.81,3758.32,95682.079
2025-07-29 02:30:00,3758.32,3765.2,3744.01,3754.01,33296.968
2025-07-29 02:45:00,3754.0,3761.05,3741.08,3758.4,32593.211
2025-07-29 03:00:00,3758.39,3783.08,3758.37,3781.62,56939.341
2025-07-29 03:15:00,3781.62,3786.2,3774.4,3783.0,23241.202
2025-07-29 03:30:00,3782.99,3789.66,3774.36,3789.22,29336.984
2025-07-29 03:45:00,3789.22,3798.7,3778.68,3791.11,49920.908
2025-07-29 04:00:00,3791.11,3801.92,3788.29,3800.59,27604.724
2025-07-29 04:15:00,3800.58,3800.59,3786.31,3788.28,25638.408
2025-07-29 04:30:00,3788.29,3794.47,3780.62,3784.0,24975.014
2025-07-29 04:45:00,3784.0,3787.12,3772.49,3777.36,25339.388
2025-07-29 05:00:00,3777.35,3793.96,3777.35,3788.72,20069.082
2025-07-29 05:15:00,3788.72,3792.95,3781.45,3790.23,7825.024
2025-07-29 05:30:00,3790.24,3803.58,3787.69,3798.78,26106.028
2025-07-29 05:45:00,3798.79,3806.97,3797.2,3806.3,21945.076
2025-07-29 06:00:00,3806.3,3812.0,3800.51,3809.73,30254.313
2025-07-29 06:15:00,3809.73,3821.1,3809.19,3815.83,48701.878
2025-07-29 06:30:00,3815.83,3829.83,3810.31,3820.2,54685.935
2025-07-29 06:45:00,3820.15,3835.0,3814.0,3827.79,64736.455
2025-07-29 07:00:00,3827.8,3842.0,3827.71,3840.1,60487.451
2025-07-29 07:15:00,3840.09,3845.79,3831.98,3832.69,37898.345
2025-07-29 07:30:00,3832.7,3877.13,3832.7,3872.97,130589.501
2025-07-29 07:45:00,3872.97,3879.12,3867.6,3876.24,58000.809
2025-07-29 08:00:00,3876.25,3886.0,3866.64,3870.11,55930.465
2025-07-29 08:15:00,3870.1,3877.47,3858.37,3862.53,36710.276
2025-07-29 08:30:00,3862.53,3880.74,3862.52,3876.4,40661.047
2025-07-29 08:45:00,3876.46,3884.0,3868.54,3871.45,26150.616
2025-07-29 09:00:00,3871.46,3878.15,3866.37,3866.7,19348.864
2025-07-29 09:15:00,3866.7,3878.3,3863.24,3873.95,27368.865
2025-07-29 09:30:00,3873.95,3876.47,3867.57,3876.47,16399.949
2025-07-29 09:45:00,3876.46,3876.93,3870.66,3871.7,12987.124
2025-07-29 10:00:00,3871.7,3874.08,3849.02,3852.04,56525.988
2025-07-29 10:15:00,3852.05,3858.47,3839.55,3852.19,51966.489
2025-07-29 10:30:00,3852.19,3865.8,3842.18,3846.34,39803.74
2025-07-29 10:45:00,3846.34,3847.67,3823.49,3828.87,75903.036
2025-07-29 11:00:00,3828.87,3830.17,3819.8,3830.0,47304.823
2025-07-29 11:15:00,3830.0,3835.5,3825.06,3831.4,35154.787
2025-07-29 11:30:00,3831.4,3839.71,3811.0,3815.67,63524.149
2025-07-29 11:45:00,3815.68,3826.27,3814.0,3825.01,27241.203
2025-07-29 12:00:00,3825.0,3844.6,3821.0,3824.69,60947.891
2025-07-29 12:15:00,3824.7,3857.58,3824.7,3850.01,72841.243
2025-07-29 12:30:00,3850.01,3859.99,3842.0,3855.0,41069.951
2025-07-29 12:45:00,3854.99,3855.77,3845.88,3851.93,17324.845
2025-07-29 13:00:00,3851.93,3858.81,3840.24,3849.66,37929.17
2025-07-29 13:15:00,3849.66,3873.58,3848.2,3864.26,57394.432
2025-07-29 13:30:00,3864.26,3867.28,3844.48,3852.34,38071.885
2025-07-29 13:45:00,3852.35,3857.64,3828.08,3838.01,62017.13
2025-07-29 14:00:00,3838.04,3839.22,3790.63,3809.3,147458.895
2025-07-29 14:15:00,3809.3,3825.74,3802.39,3819.9,65295.315
2025-07-29 14:30:00,3819.91,3820.0,3798.5,3807.26,46993.485
2025-07-29 14:45:00,3807.27,3813.0,3769.0,3781.32,130025.914
2025-07-29 15:00:00,3781.31,3783.19,3762.12,3771.5,79950.516
2025-07-29 15:15:00,3771.5,3775.4,3756.65,3760.01,55649.877
2025-07-29 15:30:00,3760.01,3767.41,3745.96,3758.81,75378.33
2025-07-29 15:45:00,3758.82,3772.0,3754.48,3760.5,57251.567
2025-07-29 16:00:00,3760.5,3768.57,3748.97,3757.49,45514.522
2025-07-29 16:15:00,3757.49,3763.31,3737.0,3746.24,89574.615
2025-07-29 16:30:00,3746.4,3751.35,3715.01,3737.1,159585.045
2025-07-29 16:45:00,3737.1,3758.33,3729.24,3750.52,84164.228
2025-07-29 17:00:00,3750.52,3772.05,3743.07,3770.13,66453.818
2025-07-29 17:15:00,3770.14,3784.41,3759.7,3782.93,79547.707
2025-07-29 17:30:00,3782.92,3793.76,3757.74,3758.22,70464.527
2025-07-29 17:45:00,3758.22,3772.82,3757.52,3768.01,39382.082
2025-07-29 18:00:00,3768.0,3775.0,3751.0,3761.23,26161.05
2025-07-29 18:15:00,3761.24,3767.8,3749.32,3766.74,22965.41
2025-07-29 18:30:00,3766.75,3774.97,3764.11,3766.19,20350.133
2025-07-29 18:45:00,3766.2,3773.56,3761.14,3769.59,10169.778
2025-07-29 19:00:00,3769.6,3781.73,3766.65,3781.72,25413.241
2025-07-29 19:15:00,3781.72,3796.05,3756.0,3761.19,61399.828
2025-07-29 19:30:00,3761.2,3773.56,3759.58,3768.48,26581.99
2025-07-29 19:45:00,3768.47,3774.4,3760.05,3763.85,20792.269
2025-07-29 20:00:00,3763.84,3766.82,3738.31,3748.74,48181.187
2025-07-29 20:15:00,3748.75,3783.44,3741.3,3763.31,59108.485
2025-07-29 20:30:00,3763.3,3765.42,3741.88,3748.84,35293.695
2025-07-29 20:45:00,3748.83,3763.45,3743.64,3763.45,13194.736
2025-07-29 21:00:00,3763.45,3768.0,3751.34,3766.28,17857.512
2025-07-29 21:15:00,3766.28,3771.11,3756.79,3761.91,12588.616
2025-07-29 21:30:00,3761.9,3770.81,3758.82,3761.5,10504.144
2025-07-29 21:45:00,3761.5,3784.36,3761.49,3779.12,14491.035
2025-07-29 22:00:00,3779.12,3786.26,3756.84,3762.22,36338.682
2025-07-29 22:15:00,3762.23,3780.25,3762.22,3779.9,11264.176
2025-07-29 22:30:00,3779.86,3785.38,3777.3,3782.99,13189.982
2025-07-29 22:45:00,3782.99,3793.76,3781.53,3790.72,20727.071
2025-07-29 23:00:00,3790.72,3793.77,3781.85,3784.5,17953.268
2025-07-29 23:15:00,3784.51,3794.0,3783.27,3789.5,9238.474
2025-07-29 23:30:00,3789.51,3804.0,3784.41,3784.41,34495.212
2025-07-29 23:45:00,3784.41,3794.13,3781.95,3792.39,13288.88
2025-07-30 00:00:00,3792.39,3793.68,3777.09,3786.99,24321.866
2025-07-30 00:15:00,3787.0,3789.59,3769.27,3769.97,19475.138
2025-07-30 00:30:00,3769.98,3774.63,3757.65,3765.65,27119.455
2025-07-30 00:45:00,3765.65,3775.93,3753.84,3773.31,26946.71
2025-07-30 01:00:00,3773.32,3784.5,3770.1,3781.18,22146.698
2025-07-30 01:15:00,3781.19,3782.99,3760.35,3769.0,22206.467
2025-07-30 01:30:00,3769.0,3795.68,3766.75,3793.54,30359.386
2025-07-30 01:45:00,3793.55,3811.62,3786.82,3790.59,61523.164
2025-07-30 02:00:00,3790.6,3815.0,3783.0,3813.9,37307.027
2025-07-30 02:15:00,3813.91,3815.49,3799.47,3805.44,27808.198
2025-07-30 02:30:00,3805.44,3821.46,3798.8,3814.95,47622.42
2025-07-30 02:45:00,3814.96,3819.64,3809.63,3811.38,17544.122
2025-07-30 03:00:00,3811.37,3815.86,3804.0,3815.09,17073.893
2025-07-30 03:15:00,3815.1,3819.3,3810.0,3819.29,17572.329
2025-07-30 03:30:00,3819.3,3820.77,3815.85,3817.7,13580.853
2025-07-30 03:45:00,3817.78,3827.9,3810.3,3815.79,27532.373
2025-07-30 04:00:00,3815.8,3823.7,3815.0,3819.99,14227.277
2025-07-30 04:15:00,3820.0,3821.17,3815.14,3815.14,10609.688
2025-07-30 04:30:00,3815.15,3815.5,3797.22,3807.91,46483.042
2025-07-30 04:45:00,3807.91,3809.37,3800.84,3807.31,14348.983
2025-07-30 05:00:00,3807.31,3813.0,3790.6,3791.33,33105.106
2025-07-30 05:15:00,3791.33,3809.4,3784.77,3807.65,50240.938
2025-07-30 05:30:00,3807.66,3809.94,3799.01,3803.75,14159.222
2025-07-30 05:45:00,3803.76,3814.31,3793.5,3808.35,23070.583
2025-07-30 06:00:00,3808.34,3818.32,3807.53,3815.37,22980.403
2025-07-30 06:15:00,3815.37,3820.58,3813.77,3820.11,17278.148
2025-07-30 06:30:00,3820.11,3827.38,3814.71,3824.03,22514.354
2025-07-30 06:45:00,3824.03,3828.96,3820.26,3822.99,18156.256
2025-07-30 07:00:00,3823.0,3832.94,3815.84,3818.69,36280.262
2025-07-30 07:15:00,3818.69,3827.77,3813.13,3827.5,28320.738
2025-07-30 07:30:00,3827.49,3830.74,3811.2,3818.0,30529.992
2025-07-30 07:45:00,3818.01,3818.45,3802.0,3809.56,38079.652
2025-07-30 08:00:00,3809.55,3822.5,3797.22,3800.41,44099.018
2025-07-30 08:15:00,3800.42,3818.0,3795.49,3816.79,28008.66
2025-07-30 08:30:00,3816.79,3822.31,3806.67,3820.99,24177.934
2025-08-06 15:30:00,3627.0,3648.26,3626.0,3643.93,60807.306
2025-08-06 15:45:00,3643.94,3667.97,3637.57,3662.64,76055.779
2025-08-06 16:00:00,3662.64,3673.02,3642.19,3649.3,96720.35
2025-08-06 16:15:00,3649.31,3658.78,3645.55,3649.39,29472.943
2025-08-06 16:30:00,3649.38,3655.9,3639.0,3641.95,34859.241
2025-08-06 16:45:00,3641.95,3651.98,3638.81,3643.49,29959.074
2025-08-06 17:00:00,3643.49,3647.94,3636.85,3644.44,17452.235
2025-08-06 17:15:00,3644.43,3655.63,3643.3,3654.37,25667.401
2025-08-06 17:30:00,3654.37,3666.16,3647.73,3664.65,24874.731
2025-08-06 17:45:00,3664.64,3683.95,3660.78,3680.41,59955.961
2025-08-06 18:00:00,3680.4,3697.92,3680.0,3694.14,59125.026
2025-08-06 18:15:00,3694.14,3696.22,3675.05,3678.93,44333.807
2025-08-06 18:30:00,3678.92,3686.78,3673.5,3675.82,19591.953
2025-08-06 18:45:00,3675.82,3679.27,3671.33,3675.49,17596.012
2025-08-06 19:00:00,3675.5,3684.83,3674.24,3679.46,16297.421
2025-08-06 19:15:00,3679.46,3680.39,3675.0,3675.31,13616.887
2025-08-06 19:30:00,3675.31,3675.7,3667.13,3671.52,13820.921
2025-08-06 19:45:00,3671.52,3682.8,3668.16,3682.02,18257.49
2025-08-06 20:00:00,3682.01,3682.01,3672.26,3674.3,8775.48
2025-08-06 20:15:00,3674.3,3678.83,3672.94,3674.1,6604.055
2025-08-06 20:30:00,3674.16,3676.47,3665.14,3674.74,15583.572
2025-08-06 20:45:00,3674.74,3675.42,3668.3,3672.56,8758.277
2025-08-06 21:00:00,3672.57,3683.67,3671.75,3674.6,15839.783
2025-08-06 21:15:00,3674.59,3680.72,3672.78,3675.0,8215.841
2025-08-06 21:30:00,3674.99,3675.53,3650.42,3660.88,41496.852
2025-08-06 21:45:00,3660.87,3668.86,3658.99,3668.54,10162.226
2025-08-06 22:00:00,3668.53,3679.59,3664.03,3675.08,21046.07
2025-08-06 22:15:00,3675.08,3678.3,3669.07,3678.29,7932.896
2025-08-06 22:30:00,3678.29,3680.0,3672.76,3674.98,8383.626
2025-08-06 22:45:00,3674.98,3681.27,3673.73,3680.79,13454.482
2025-08-06 23:00:00,3680.79,3683.6,3674.38,3677.0,13888.676
2025-08-06 23:15:00,3677.0,3679.26,3671.98,3674.99,7662.916
2025-08-06 23:30:00,3675.0,3681.67,3674.04,3680.49,8816.999
2025-08-06 23:45:00,3680.49,3684.63,3678.43,3680.97,10277.564
2025-08-07 00:00:00,3680.97,3681.0,3667.3,3672.21,19998.435
2025-08-07 00:15:00,3672.21,3676.92,3662.0,3675.93,21989.952
2025-08-07 00:30:00,3675.92,3681.0,3672.57,3672.58,14705.994
2025-08-07 00:45:00,3672.57,3674.53,3667.24,3672.65,11927.054
2025-08-07 01:00:00,3672.65,3680.24,3669.71,3677.25,11309.218
2025-08-07 01:15:00,3677.25,3711.43,3672.54,3705.13,79525.301
2025-08-07 01:30:00,3705.14,3716.0,3688.68,3689.93,73538.782
2025-08-07 01:45:00,3689.92,3691.92,3665.0,3666.0,62246.734
2025-08-07 02:00:00,3666.0,3672.88,3656.17,3672.56,45614.447
2025-08-07 02:15:00,3672.48,3676.16,3664.42,3669.27,25482.93
2025-08-07 02:30:00,3669.25,3671.1,3655.3,3656.32,24489.677
2025-08-07 02:45:00,3656.32,3660.0,3648.36,3657.82,38330.679
2025-08-07 03:00:00,3657.82,3662.45,3651.6,3651.9,16690.509
2025-08-07 03:15:00,3651.9,3655.4,3646.1,3654.0,25144.585
2025-08-07 03:30:00,3654.0,3660.43,3652.61,3660.22,18354.353
2025-08-07 03:45:00,3660.21,3663.43,3654.54,3655.12,12014.21
2025-08-07 04:00:00,3655.13,3666.0,3653.4,3661.52,16512.663
2025-08-07 04:15:00,3661.51,3669.12,3660.65,3666.0,15340.332
2025-08-07 04:30:00,3666.0,3666.01,3657.43,3659.28,14809.158
2025-08-07 04:45:00,3659.28,3661.95,3655.4,3660.56,10832.596
2025-08-07 05:00:00,3660.56,3664.3,3657.43,3663.75,11936.968
2025-08-07 05:15:00,3663.75,3678.37,3663.18,3675.52,33228.263
2025-08-07 05:30:00,3675.52,3681.81,3671.54,3675.77,26181.195
2025-08-07 05:45:00,3675.77,3687.45,3675.08,3685.81,36362.561
2025-08-07 06:00:00,3685.82,3703.56,3684.41,3699.96,63969.509
2025-08-07 06:15:00,3699.97,3699.97,3685.61,3685.9,42438.419
2025-08-07 06:30:00,3685.9,3694.18,3684.0,3693.06,25471.527
2025-08-07 06:45:00,3693.06,3709.52,3690.53,3693.18,53782.184
2025-08-07 07:00:00,3693.19,3706.34,3692.0,3700.7,24480.17
2025-08-07 07:15:00,3700.69,3708.0,3698.85,3701.8,21596.614
2025-08-07 07:30:00,3701.8,3703.96,3696.28,3697.5,17230.794
2025-08-07 07:45:00,3697.5,3700.72,3692.5,3700.71,17133.303
2025-08-07 08:00:00,3700.72,3723.0,3700.43,3714.17,82794.867
2025-08-07 08:15:00,3714.18,3726.04,3713.47,3724.88,51437.111
2025-08-07 08:30:00,3724.87,3724.88,3713.35,3716.01,29908.923
2025-08-07 08:45:00,3716.0,3720.79,3710.9,3719.59,24851.501
2025-08-07 09:00:00,3719.59,3726.67,3712.93,3714.69,30932.96
2025-08-07 09:15:00,3714.7,3725.85,3714.0,3722.8,16245.164
2025-08-07 09:30:00,3722.8,3727.26,3717.9,3727.25,22737.82
2025-08-07 09:45:00,3727.24,3733.52,3721.64,3729.72,41438.972
2025-08-07 10:00:00,3729.71,3798.63,3727.71,3794.49,328760.006
2025-08-07 10:15:00,3794.49,3798.72,3783.61,3797.57,113242.89
2025-08-07 10:30:00,3797.57,3823.87,3794.62,3810.19,205195.386
2025-08-07 10:45:00,3810.2,3824.75,3806.25,3819.2,66861.889
2025-08-07 11:00:00,3819.2,3821.77,3805.0,3809.67,60840.551
2025-08-07 11:15:00,3809.67,3822.99,3806.0,3819.89,62614.107
2025-08-07 11:30:00,3819.89,3837.41,3812.61,3826.97,82749.317
2025-08-07 11:45:00,3826.98,3844.51,3825.48,3825.78,106580.538
2025-08-07 12:00:00,3825.77,3833.83,3822.15,3832.34,45894.394
2025-08-07 12:15:00,3832.33,3844.5,3828.47,3835.57,52201.276
2025-08-07 12:30:00,3835.57,3846.51,3832.45,3841.43,55909.589
2025-08-07 12:45:00,3841.44,3851.91,3830.1,3848.22,83857.209
2025-08-07 13:00:00,3848.22,3852.99,3836.35,3840.98,55520.881
2025-08-07 13:15:00,3840.98,3843.48,3825.37,3830.78,65443.021
2025-08-07 13:30:00,3830.78,3864.0,3826.7,3857.71,138084.716
2025-08-07 13:45:00,3857.7,3864.65,3845.83,3856.09,76537.099
2025-08-07 14:00:00,3856.08,3857.0,3827.26,3828.86,92344.716
2025-08-07 14:15:00,3828.87,3839.6,3825.92,3829.4,65160.503
2025-08-07 14:30:00,3829.43,3830.65,3806.0,3814.99,137412.022
2025-08-07 14:45:00,3814.99,3820.65,3801.6,3817.81,74432.15
2025-08-07 15:00:00,3817.82,3825.0,3812.5,3819.18,32574.802
2025-08-07 15:15:00,3819.18,3834.27,3813.36,3826.44,49448.306
2025-08-07 15:30:00,3826.45,3838.94,3824.07,3832.29,43562.421
2025-08-07 15:45:00,3832.29,3838.0,3824.03,3834.81,28275.142
2025-08-07 16:00:00,3834.81,3841.54,3824.85,3831.9,45022.629
2025-08-07 16:15:00,3831.9,3834.36,3821.24,3829.6,32115.352
2025-08-07 16:30:00,3829.6,3834.0,3803.89,3804.05,66737.446
2025-08-07 16:45:00,3804.02,3818.35,3778.77,3813.23,180009.054
2025-08-07 17:00:00,3813.23,3819.76,3802.48,3814.12,40389.128
2025-08-07 17:15:00,3814.12,3826.96,3809.43,3818.01,34331.861
2025-08-07 17:30:00,3818.01,3828.0,3812.52,3826.88,23375.904
2025-08-07 17:45:00,3826.89,3833.55,3819.88,3828.14,20993.156
2025-08-07 18:00:00,3828.14,3828.64,3809.0,3811.6,25569.445
2025-08-07 18:15:00,3811.61,3821.06,3806.49,3819.82,18777.771
2025-08-07 18:30:00,3819.82,3820.07,3812.53,3813.09,9871.145
2025-08-07 18:45:00,3813.09,3829.5,3812.0,3825.53,17202.837
2025-08-07 19:00:00,3825.54,3828.76,3820.36,3826.92,10648.133
2025-08-07 19:15:00,3826.92,3841.94,3825.0,3839.2,38489.051
2025-08-07 19:30:00,3839.19,3850.0,3836.5,3849.77,52386.225
2025-08-07 19:45:00,3849.77,3876.54,3849.51,3865.81,117485.998
2025-08-07 20:00:00,3865.81,3867.83,3849.51,3854.12,37360.655
2025-08-07 20:15:00,3854.12,3864.6,3852.42,3862.19,18127.614
2025-08-07 20:30:00,3862.2,3869.55,3856.0,3863.43,14792.591
2025-08-07 20:45:00,3863.42,3879.57,3857.79,3872.47,29957.042
2025-08-07 21:00:00,3872.46,3874.99,3861.87,3864.86,18743.186
2025-08-07 21:15:00,3864.85,3871.55,3864.64,3869.33,9231.126
2025-08-07 21:30:00,3869.4,3872.48,3856.7,3859.99,20608.814
2025-08-07 21:45:00,3859.99,3886.36,3858.57,3869.41,43933.567
2025-08-07 22:00:00,3869.4,3883.58,3866.33,3882.4,29729.796
2025-08-07 22:15:00,3882.4,3886.99,3875.5,3882.01,29904.67
2025-08-07 22:30:00,3882.0,3886.59,3875.58,3881.51,27289.457
2025-08-07 22:45:00,3881.55,3926.88,3881.02,3914.99,154197.437
2025-08-07 23:00:00,3915.0,3916.38,3891.07,3893.48,46187.355
2025-08-07 23:15:00,3893.48,3898.0,3889.33,3891.1,23255.778
2025-08-07 23:30:00,3891.11,3899.98,3887.72,3898.21,27927.514
2025-08-07 23:45:00,3898.2,3917.32,3898.04,3908.47,46595.785
2025-08-08 00:00:00,3908.46,3911.43,3886.0,3905.06,48280.28
2025-08-08 00:15:00,3905.05,3906.0,3880.9,3897.69,65438.868
2025-08-08 00:30:00,3897.69,3936.34,3890.15,3920.92,119540.204
2025-08-08 00:45:00,3920.98,3928.89,3897.37,3898.61,68748.659
2025-08-08 01:00:00,3898.61,3917.26,3888.25,3912.77,65384.151
2025-08-08 01:15:00,3912.77,3912.9,3887.21,3896.59,52911.457
2025-08-08 01:30:00,3896.59,3898.8,3883.92,3887.21,28845.026
2025-08-08 01:45:00,3887.21,3891.47,3875.86,3885.99,32017.761
2025-08-08 02:00:00,3885.99,3892.77,3878.12,3892.77,30136.227
2025-08-08 02:15:00,3892.78,3893.25,3884.5,3887.22,11894.645
2025-08-08 02:30:00,3887.21,3894.33,3883.33,3891.18,14773.577
2025-08-08 02:45:00,3891.18,3904.55,3889.17,3892.03,46006.15
2025-08-08 03:00:00,3892.02,3903.12,3890.8,3901.49,24475.913
2025-08-08 03:15:00,3901.49,3968.96,3900.57,3951.06,187143.914
2025-08-08 03:30:00,3951.07,3952.27,3927.37,3929.05,66344.342
2025-08-08 03:45:00,3929.05,3939.0,3923.37,3938.0,36353.137
2025-08-08 04:00:00,3938.0,3938.0,3918.76,3921.5,45687.367
2025-08-08 04:15:00,3921.5,3925.0,3914.0,3924.99,25743.648
2025-08-08 04:30:00,3924.99,3934.88,3923.16,3924.47,25937.381
2025-08-08 04:45:00,3924.47,3927.02,3918.0,3919.6,14232.236
2025-08-08 05:00:00,3919.6,3919.9,3905.21,3909.41,33273.887
2025-08-08 05:15:00,3909.41,3911.99,3893.29,3898.87,40721.9
2025-08-08 05:30:00,3898.87,3904.75,3894.6,3904.06,21271.5
2025-08-08 05:45:00,3904.05,3904.38,3897.52,3900.25,16553.043
2025-08-08 06:00:00,3900.24,3915.94,3893.76,3915.94,33733.082
2025-08-08 06:15:00,3915.94,3918.0,3904.17,3915.49,23555.506
2025-08-08 06:30:00,3915.5,3919.19,3908.6,3912.91,22382.986
2025-08-08 06:45:00,3912.92,3915.0,3905.33,3913.61,13769.855
2025-08-08 07:00:00,3913.61,3915.0,3899.04,3907.0,24736.768
2025-08-08 07:15:00,3906.99,3928.32,3906.99,3920.36,42060.555
2025-08-08 07:30:00,3920.36,3921.0,3914.0,3914.0,19906.573
2025-08-08 07:45:00,3914.01,3920.83,3912.75,3914.8,16774.805
2025-08-08 08:00:00,3914.8,3926.5,3913.09,3921.85,20355.069
2025-08-08 08:15:00,3921.85,3923.89,3902.0,3904.34,28879.263
2025-08-08 08:30:00,3904.33,3904.69,3886.25,3890.67,63687.794
2025-08-08 08:45:00,3890.67,3899.0,3883.35,3897.5,37440.001
2025-08-08 09:00:00,3897.49,3898.8,3889.0,3892.44,22630.006
2025-08-08 09:15:00,3892.44,3898.0,3883.21,3889.17,26104.592
2025-08-08 09:30:00,3889.18,3895.88,3887.26,3892.93,13276.41
2025-08-08 09:45:00,3892.94,3901.5,3892.18,3899.07,15485.176
2025-08-08 10:00:00,3899.07,3907.9,3898.13,3900.2,23462.771
2025-08-08 10:15:00,3900.2,3902.95,3894.38,3895.74,11268.165
2025-08-08 10:30:00,3895.73,3901.27,3891.3,3891.31,11533.007
2025-08-08 10:45:00,3891.3,3898.12,3885.46,3896.32,21512.446
2025-08-08 11:00:00,3896.33,3908.83,3896.33,3906.51,26433.691
2025-08-08 11:15:00,3906.5,3913.2,3903.71,3904.48,24462.032
2025-08-08 11:30:00,3904.49,3917.88,3904.21,3913.8,29160.623
2025-08-08 11:45:00,3913.79,3919.87,3912.38,3916.91,21000.187
2025-08-08 12:00:00,3916.9,3917.43,3897.16,3904.63,35523.645
2025-08-08 12:15:00,3904.64,3909.84,3899.45,3907.39,17221.321
2025-08-08 12:30:00,3907.4,3908.31,3895.32,3899.17,16599.213
2025-08-08 12:45:00,3899.17,3901.22,3891.0,3891.01,21071.262
2025-08-08 13:00:00,3891.0,3902.84,3890.04,3897.15,20096.477
2025-08-08 13:15:00,3897.16,3913.44,3894.51,3911.99,32095.58
2025-08-08 13:30:00,3911.99,3942.38,3903.2,3936.42,107610.049
2025-08-08 13:45:00,3936.42,4013.02,3936.42,3999.01,379494.199
2025-08-08 14:00:00,3999.01,4005.0,3957.03,3965.81,200187.596
2025-08-08 14:15:00,3965.8,3970.0,3942.0,3962.09,138794.203
2025-08-08 14:30:00,3962.08,3965.84,3943.03,3958.49,66214.606
2025-08-08 14:45:00,3958.48,3984.12,3957.8,3983.49,82854.215
2025-08-08 15:00:00,3983.49,3988.0,3946.3,3954.6,109407.925
2025-08-08 15:15:00,3954.54,3963.03,3947.11,3953.2,39795.665
2025-08-08 15:30:00,3953.2,3964.0,3925.23,3928.33,86352.208
2025-08-08 15:45:00,3928.33,3955.03,3928.33,3953.29,60864.3
2025-08-08 16:00:00,3953.3,3966.8,3951.04,3954.38,46621.638
2025-08-08 16:15:00,3954.39,3976.0,3948.24,3964.79,45909.113
2025-08-08 16:30:00,3964.8,3971.1,3955.8,3959.1,25259.303
2025-08-08 16:45:00,3959.11,3970.94,3958.57,3969.67,18955.5
2025-08-08 17:00:00,3969.66,3993.69,3966.48,3987.2,62307.606
2025-08-08 17:15:00,3987.2,4002.42,3978.38,3994.74,72748.535
2025-08-08 17:30:00,3994.71,4030.0,3992.43,4018.38,150353.95
2025-08-08 17:45:00,4018.37,4034.62,4011.06,4031.91,65356.163
2025-08-08 18:00:00,4031.92,4051.0,4028.89,4039.2,94965.833
2025-08-08 18:15:00,4039.2,4058.12,4031.53,4046.1,76696.191
2025-08-08 18:30:00,4046.1,4054.3,4041.49,4044.5,67051.531
2025-08-08 18:45:00,4044.49,4056.46,4033.0,4056.29,49287.053
2025-08-08 19:00:00,4056.28,4066.0,4041.09,4048.0,54993.474
2025-08-08 19:15:00,4048.01,4052.87,4036.37,4041.64,25278.644
2025-08-08 19:30:00,4041.64,4048.67,4030.04,4043.99,24318.013
2025-08-08 19:45:00,4043.99,4062.0,4042.0,4060.0,37859.985
2025-08-08 20:00:00,4059.99,4072.58,4049.44,4051.56,47205.044
2025-08-08 20:15:00,4051.57,4054.12,4045.0,4048.77,13580.707
2025-08-08 20:30:00,4048.76,4057.2,4046.61,4051.76,13074.774
2025-08-08 20:45:00,4051.77,4060.33,4050.34,4056.94,17843.833
2025-08-08 21:00:00,4056.94,4058.33,4049.52,4050.57,12911.251
2025-08-08 21:15:00,4050.57,4051.88,4038.0,4039.38,19570.692
2025-08-08 21:30:00,4039.38,4047.12,4039.3,4045.22,10383.299
2025-08-08 21:45:00,4045.22,4046.27,4036.96,4036.96,8151.332
2025-08-08 22:00:00,4036.96,4038.57,4023.0,4033.31,37664.414
2025-08-08 22:15:00,4033.31,4038.49,4027.45,4029.99,14747.5
2025-08-08 22:30:00,4030.0,4030.0,4016.0,4028.45,34727.565
2025-08-08 22:45:00,4028.45,4035.42,4023.55,4024.29,18534.808
2025-08-08 23:00:00,4024.29,4032.36,4021.61,4026.21,12605.989
2025-08-08 23:15:00,4026.21,4028.51,4020.35,4022.0,9952.577
2025-08-08 23:30:00,4022.01,4022.01,4006.26,4011.6,29551.482
2025-08-08 23:45:00,4011.61,4014.8,4007.55,4009.66,11799.531
2025-08-09 00:00:00,4009.66,4013.56,4006.23,4012.05,17112.573
2025-08-09 00:15:00,4012.21,4026.29,4006.24,4018.66,23732.654
2025-08-09 00:30:00,4018.66,4023.64,4014.29,4020.39,13769.896
2025-08-09 00:45:00,4020.4,4024.46,4010.63,4016.5,19822.716
2025-08-09 01:00:00,4016.49,4024.43,4009.25,4017.0,20084.748
2025-08-09 01:15:00,4017.0,4020.52,4013.0,4019.39,10223.819
2025-08-09 01:30:00,4019.39,4033.8,4018.04,4029.15,27297.966
2025-08-09 01:45:00,4029.14,4037.0,4025.22,4032.04,21720.326
2025-08-09 02:00:00,4032.0,4033.0,4023.14,4025.0,17759.994
2025-08-09 02:15:00,4025.0,4033.9,4025.0,4031.6,11273.64
2025-08-09 02:30:00,4031.6,4037.71,4026.93,4034.2,9542.542
2025-08-09 02:45:00,4034.19,4037.4,4028.37,4031.03,10254.876
2025-08-09 03:00:00,4031.03,4042.84,4024.51,4040.88,40572.783
2025-08-09 03:15:00,4040.87,4042.88,4031.77,4038.06,20813.038
2025-08-09 03:30:00,4038.06,4049.92,4033.16,4044.35,30305.407
2025-08-09 03:45:00,4044.36,4050.83,4040.77,4049.48,24849.236
2025-08-09 04:00:00,4049.49,4057.64,4043.2,4055.55,27432.321
2025-08-09 04:15:00,4055.56,4063.0,4050.91,4061.36,27858.708
2025-08-09 04:30:00,4061.37,4100.8,4058.89,4079.82,186665.102
2025-08-09 04:45:00,4079.81,4084.44,4073.0,4079.57,53090.721
2025-08-09 05:00:00,4079.58,4218.0,4074.19,4159.01,444111.217
2025-08-09 05:15:00,4159.01,4182.32,4152.0,4179.88,104223.94
2025-08-09 05:30:00,4179.89,4197.86,4164.0,4177.44,132222.85
2025-08-09 05:45:00,4177.43,4195.0,4171.43,4181.89,63770.367
2025-08-09 06:00:00,4181.9,4183.79,4143.0,4160.99,108163.15
2025-08-09 06:15:00,4161.0,4182.0,4153.61,4175.61,52488.048
2025-08-09 06:30:00,4175.61,4175.61,4153.28,4157.23,34370.894
2025-08-09 06:45:00,4157.27,4163.58,4145.82,4162.5,38886.191
2025-08-09 07:00:00,4162.5,4174.0,4158.18,4168.31,25094.427
2025-08-09 07:15:00,4168.31,4177.57,4163.45,4165.0,25208.749
2025-08-09 07:30:00,4164.99,4168.6,4156.16,4162.91,22068.0
2025-08-09 07:45:00,4162.9,4171.68,4159.0,4170.39,16913.643
2025-08-09 08:00:00,4170.4,4178.82,4168.44,4177.08,28389.34
2025-08-09 08:15:00,4177.08,4187.88,4172.33,4187.87,28927.299
2025-08-09 08:30:00,4187.88,4203.45,4179.81,4200.41,58314.734
2025-08-09 08:45:00,4200.41,4200.69,4164.49,4189.7,69533.381
2025-08-09 09:00:00,4189.7,4200.0,4173.32,4198.76,45827.188
2025-08-09 09:15:00,4198.75,4200.0,4185.6,4189.0,24899.209
2025-08-09 09:30:00,4189.01,4196.53,4185.07,4195.69,21389.198
2025-08-09 09:45:00,4195.7,4240.0,4193.79,4218.51,194587.419
2025-08-09 10:00:00,4218.52,4248.9,4214.02,4238.0,113094.677
2025-08-09 10:15:00,4237.99,4245.55,4220.99,4224.77,59124.984
2025-08-09 10:30:00,4224.78,4227.93,4217.6,4220.29,33857.647
2025-08-09 10:45:00,4220.29,4231.44,4212.4,4216.79,45325.56
2025-08-09 11:00:00,4216.79,4217.78,4200.48,4201.71,56983.122
2025-08-09 11:15:00,4201.71,4209.6,4197.17,4208.53,32243.711
2025-08-09 11:30:00,4208.53,4208.59,4185.55,4200.86,50188.67
2025-08-09 11:45:00,4200.85,4200.85,4188.21,4190.7,26807.507
2025-08-09 12:00:00,4190.71,4201.5,4182.0,4198.3,52262.671
2025-08-09 12:15:00,4198.3,4207.73,4196.66,4204.84,26959.638
2025-08-09 12:30:00,4204.84,4205.18,4190.0,4191.4,24584.346
2025-08-09 12:45:00,4191.41,4200.0,4190.52,4196.11,13433.418
2025-08-09 13:00:00,4196.1,4199.62,4170.01,4179.06,53543.698
2025-08-09 13:15:00,4179.06,4194.37,4173.86,4191.69,43449.787
2025-08-09 13:30:00,4191.69,4191.7,4172.02,4182.64,37463.08
2025-08-09 13:45:00,4182.64,4182.64,4165.15,4166.43,48356.712
2025-08-09 14:00:00,4166.43,4186.8,4154.0,4185.52,78650.056
2025-08-09 14:15:00,4185.52,4199.0,4177.25,4194.0,51272.351
2025-08-09 14:30:00,4194.01,4196.0,4186.82,4189.33,26599.213
2025-08-09 14:45:00,4189.33,4199.0,4183.81,4196.51,23227.648
2025-08-09 15:00:00,4196.51,4228.35,4196.0,4211.49,92749.28
2025-08-09 15:15:00,4211.5,4224.23,4171.17,4199.41,115888.626
2025-08-09 15:30:00,4199.41,4207.51,4193.0,4203.6,27360.443
2025-08-09 15:45:00,4203.56,4214.79,4200.65,4209.01,28863.774
2025-08-09 16:00:00,4209.01,4216.07,4206.19,4214.97,25399.501
2025-08-09 16:15:00,4214.98,4228.0,4212.24,4216.68,42710.339
2025-08-09 16:30:00,4216.67,4220.0,4193.3,4209.7,49273.395
2025-08-09 16:45:00,4209.69,4214.69,4199.0,4207.53,19669.612
2025-08-09 17:00:00,4207.52,4219.13,4200.04,4217.2,24824.725
2025-08-09 17:15:00,4217.2,4225.0,4212.89,4222.8,20549.379
2025-08-09 17:30:00,4222.81,4240.0,4214.73,4229.71,62387.643
2025-08-09 17:45:00,4229.72,4237.95,4222.06,4234.9,19201.206
2025-08-09 18:00:00,4234.91,4238.6,4223.57,4227.21,20049.118
2025-08-09 18:15:00,4227.2,4241.72,4221.0,4236.67,35342.815
2025-08-17 01:15:00,4405.11,4408.79,4397.03,4403.61,16580.487
2025-08-17 01:30:00,4403.61,4419.33,4391.6,4399.31,31198.266
2025-08-17 01:45:00,4399.31,4407.32,4393.39,4404.76,19481.337
2025-08-17 02:00:00,4404.75,4410.96,4398.3,4399.4,12805.138
2025-08-17 02:15:00,4399.4,4414.05,4397.0,4411.98,13606.508
2025-08-17 02:30:00,4411.98,4417.0,4405.0,4415.98,16688.571
2025-08-17 02:45:00,4415.98,4432.31,4410.5,4432.3,35861.182
2025-08-17 03:00:00,4432.29,4444.04,4428.08,4438.24,42927.64
2025-08-17 03:15:00,4438.24,4440.6,4425.53,4427.82,19188.785
2025-08-17 03:30:00,4427.82,4455.0,4426.0,4452.29,41568.309
2025-08-17 03:45:00,4452.29,4457.42,4448.02,4450.63,32971.639
2025-08-17 04:00:00,4450.63,4464.76,4449.65,4453.57,54885.922
2025-08-17 04:15:00,4453.57,4474.99,4451.55,4470.3,48720.333
2025-08-17 04:30:00,4470.29,4476.0,4463.64,4465.73,25588.361
2025-08-17 04:45:00,4465.73,4487.43,4462.15,4481.22,53408.039
2025-08-17 05:00:00,4481.21,4488.8,4475.11,4484.34,31665.994
2025-08-17 05:15:00,4484.34,4488.48,4471.14,4474.72,27721.651
2025-08-17 05:30:00,4474.72,4476.79,4464.19,4469.97,26906.668
2025-08-17 05:45:00,4469.96,4475.88,4465.15,4467.62,12963.77
2025-08-17 06:00:00,4467.62,4481.9,4467.61,4481.56,14957.929
2025-08-17 06:15:00,4481.56,4481.56,4472.34,4473.11,10734.866
2025-08-17 06:30:00,4473.11,4473.11,4458.37,4468.51,30043.576
2025-08-17 06:45:00,4468.51,4470.53,4453.16,4455.04,30420.134
2025-08-17 07:00:00,4455.04,4462.12,4441.41,4460.54,45048.967
2025-08-17 07:15:00,4460.54,4468.5,4460.0,4463.0,25207.212
2025-08-17 07:30:00,4463.01,4470.42,4452.45,4467.0,19581.82
2025-08-17 07:45:00,4467.0,4469.78,4462.0,4464.88,11002.299
2025-08-17 08:00:00,4464.87,4467.95,4456.78,4461.15,10394.452
2025-08-17 08:15:00,4461.14,4472.67,4459.56,4471.64,16837.261
2025-08-17 08:30:00,4471.65,4484.19,4470.92,4480.6,26051.858
2025-08-17 08:45:00,4480.61,4536.77,4478.0,4533.0,192407.624
2025-08-17 09:00:00,4533.0,4555.97,4532.36,4543.23,108318.574
2025-08-17 09:15:00,4543.22,4557.65,4537.52,4544.17,47509.96
2025-08-17 09:30:00,4544.16,4549.43,4527.0,4531.59,55165.255
2025-08-17 09:45:00,4531.58,4543.0,4524.09,4540.74,33572.519
2025-08-17 10:00:00,4540.74,4542.25,4526.78,4532.62,25062.172
2025-08-17 10:15:00,4532.62,4542.39,4530.02,4532.81,15325.023
2025-08-17 10:30:00,4532.81,4550.5,4531.7,4550.4,21875.663
2025-08-17 10:45:00,4550.4,4574.99,4544.0,4565.96,74155.924
2025-08-17 11:00:00,4565.96,4567.48,4552.49,4557.21,31294.085
2025-08-17 11:15:00,4557.22,4560.39,4551.31,4552.56,12841.534
2025-08-17 11:30:00,4552.56,4559.31,4544.64,4556.26,20087.988
2025-08-17 11:45:00,4556.27,4558.88,4545.78,4549.74,17887.782
2025-08-17 12:00:00,4549.73,4552.0,4537.27,4543.22,23987.986
2025-08-17 12:15:00,4543.22,4544.74,4535.71,4539.98,18663.603
2025-08-17 12:30:00,4539.99,4547.49,4537.4,4542.08,13973.859
2025-08-17 12:45:00,4542.09,4544.48,4532.26,4539.63,22653.297
2025-08-17 13:00:00,4539.62,4541.99,4515.0,4518.99,52864.701
2025-08-17 13:15:00,4518.99,4531.39,4517.86,4528.64,24780.52
2025-08-17 13:30:00,4528.63,4535.96,4524.0,4533.97,22826.033
2025-08-17 13:45:00,4533.98,4549.47,4533.55,4534.23,44776.024
2025-08-17 14:00:00,4534.22,4544.81,4530.59,4540.5,18608.967
2025-08-17 14:15:00,4540.49,4544.6,4530.5,4542.27,16940.333
2025-08-17 14:30:00,4542.27,4553.0,4538.76,4550.33,24692.767
2025-08-17 14:45:00,4550.32,4557.5,4545.07,4551.36,27797.878
2025-08-17 15:00:00,4551.35,4556.89,4546.85,4551.23,17620.973
2025-08-17 15:15:00,4551.24,4553.38,4542.48,4552.7,15792.648
2025-08-17 15:30:00,4552.69,4563.57,4551.37,4562.34,22878.376
2025-08-17 15:45:00,4562.33,4562.83,4554.22,4559.21,13628.033
2025-08-17 16:00:00,4559.21,4564.57,4545.12,4550.2,31736.388
2025-08-17 16:15:00,4550.19,4550.79,4531.44,4537.01,48890.447
2025-08-17 16:30:00,4537.0,4537.1,4518.0,4526.0,50616.049
2025-08-17 16:45:00,4526.0,4530.0,4501.0,4515.41,72840.217
2025-08-17 17:00:00,4515.41,4524.6,4506.6,4506.98,29170.982
2025-08-17 17:15:00,4506.98,4522.0,4502.33,4518.6,29143.298
2025-08-17 17:30:00,4518.68,4531.6,4517.38,4528.99,23969.238
2025-08-17 17:45:00,4528.98,4532.5,4521.02,4521.7,16293.738
2025-08-17 18:00:00,4521.71,4529.31,4515.41,4527.5,13122.683
2025-08-17 18:15:00,4527.5,4531.0,4508.66,4513.14,17765.708
2025-08-17 18:30:00,4513.14,4518.46,4506.3,4509.35,11474.65
2025-08-17 18:45:00,4509.35,4510.39,4423.0,4466.84,224490.101
2025-08-17 19:00:00,4466.83,4480.98,4445.0,4476.57,83992.618
2025-08-17 19:15:00,4476.4,4481.83,4466.52,4477.9,22409.022
2025-08-17 19:30:00,4477.91,4479.28,4446.74,4455.98,40946.448
2025-08-17 19:45:00,4455.99,4463.0,4444.43,4457.61,28014.064
2025-08-17 20:00:00,4457.61,4470.66,4454.99,4468.94,19271.066
2025-08-17 20:15:00,4468.94,4475.64,4466.0,4472.44,17354.331
2025-08-17 20:30:00,4472.44,4476.61,4472.0,4476.0,7970.153
2025-08-17 20:45:00,4475.99,4476.16,4461.21,4465.2,9844.53
2025-08-17 21:00:00,4465.26,4472.7,4460.12,4468.0,9668.132
2025-08-17 21:15:00,4468.0,4469.74,4460.68,4465.41,6724.976
2025-08-17 21:30:00,4465.42,4478.53,4460.6,4478.52,17450.836
2025-08-17 21:45:00,4478.52,4484.84,4471.21,4472.86,13664.537
2025-08-17 22:00:00,4472.85,4497.54,4469.7,4495.09,34143.59
2025-08-17 22:15:00,4495.09,4523.58,4488.0,4511.19,45251.636
2025-08-17 22:30:00,4511.2,4530.0,4510.01,4528.99,28815.895
2025-08-17 22:45:00,4528.99,4532.81,4517.36,4519.9,17480.524
2025-08-17 23:00:00,4519.89,4521.27,4502.38,4503.9,21480.03
2025-08-17 23:15:00,4503.91,4509.0,4479.61,4483.53,45639.546
2025-08-17 23:30:00,4483.52,4499.26,4477.18,4493.13,32508.803
2025-08-17 23:45:00,4493.13,4494.67,4465.38,4471.49,40920.671
2025-08-18 00:00:00,4471.48,4481.44,4463.0,4475.86,28470.09
2025-08-18 00:15:00,4475.85,4475.85,4439.12,4447.47,67437.345
2025-08-18 00:30:00,4447.46,4460.84,4433.8,4452.65,55871.575
2025-08-18 00:45:00,4452.65,4464.0,4450.4,4461.61,24673.383
2025-08-18 01:00:00,4461.62,4467.88,4448.96,4453.4,24756.611
2025-08-18 01:15:00,4453.4,4463.67,4410.72,4410.79,94241.022
2025-08-18 01:30:00,4410.78,4429.28,4390.0,4398.28,149514.823
2025-08-18 01:45:00,4398.29,4409.48,4381.14,4395.11,87514.181
2025-08-18 02:00:00,4395.1,4401.11,4339.57,4375.51,206002.633
2025-08-18 02:15:00,4375.51,4388.32,4360.03,4364.28,96406.315
2025-08-18 02:30:00,4364.28,4380.88,4342.5,4367.76,100780.307
2025-08-18 02:45:00,4367.77,4370.94,4307.1,4319.19,207768.279
2025-08-18 03:00:00,4319.2,4337.18,4310.66,4318.45,75161.223
2025-08-18 03:15:00,4318.5,4331.37,4305.43,4306.2,57521.427
2025-08-18 03:30:00,4306.21,4317.95,4276.0,4305.21,209139.596
2025-08-18 03:45:00,4305.21,4323.58,4295.9,4318.88,64512.513
2025-08-18 04:00:00,4318.89,4324.6,4301.0,4318.34,57577.613
2025-08-18 04:15:00,4318.35,4329.0,4310.0,4326.39,38323.384
2025-08-18 04:30:00,4326.39,4340.0,4323.0,4324.23,65416.224
2025-08-18 04:45:00,4324.22,4337.53,4323.65,4334.82,22831.567
2025-08-18 05:00:00,4334.82,4346.34,4334.81,4341.91,38449.054
2025-08-18 05:15:00,4341.9,4341.91,4317.08,4319.26,44272.485
2025-08-18 05:30:00,4319.26,4321.14,4280.73,4291.14,110366.715
2025-08-18 05:45:00,4291.14,4311.52,4258.0,4311.52,149792.985
2025-08-18 06:00:00,4311.51,4311.55,4272.02,4273.12,64887.397
2025-08-18 06:15:00,4273.12,4284.79,4248.5,4261.75,114687.063
2025-08-18 06:30:00,4261.75,4276.9,4236.0,4245.94,126478.087
2025-08-18 06:45:00,4245.95,4253.88,4228.0,4251.21,109290.981
2025-08-18 07:00:00,4251.2,4272.45,4244.4,4249.89,68140.674
2025-08-18 07:15:00,4249.88,4265.0,4233.81,4246.56,60855.498
2025-08-18 07:30:00,4246.57,4268.2,4237.42,4258.47,42949.082
2025-08-18 07:45:00,4258.48,4263.8,4248.33,4254.91,31025.05
2025-08-18 08:00:00,4254.91,4280.0,4254.69,4264.5,76554.522
2025-08-18 08:15:00,4264.49,4283.58,4259.77,4281.59,42085.152
2025-08-18 08:30:00,4281.58,4285.57,4260.35,4265.21,41384.571
2025-08-18 08:45:00,4265.22,4266.14,4248.01,4257.56,54907.239
2025-08-18 09:00:00,4257.55,4258.57,4232.0,4239.61,56811.591
2025-08-18 09:15:00,4239.6,4246.23,4222.47,4234.61,73075.283
2025-08-18 09:30:00,4234.62,4305.57,4225.0,4295.01,200105.303
2025-08-18 09:45:00,4295.0,4317.52,4284.0,4290.81,113643.564
2025-08-18 10:00:00,4290.8,4305.93,4278.29,4282.8,60786.158
2025-08-18 10:15:00,4282.81,4297.84,4265.27,4270.97,54826.429
2025-08-18 10:30:00,4270.98,4289.0,4268.44,4288.82,29894.401
2025-08-18 10:45:00,4288.82,4288.82,4256.87,4263.04,57042.872
2025-08-18 11:00:00,4263.04,4274.11,4259.45,4271.34,26088.747
2025-08-18 11:15:00,4271.3,4276.1,4266.62,4268.05,16169.767
2025-08-18 11:30:00,4268.06,4270.09,4250.69,4264.92,40379.366
2025-08-18 11:45:00,4264.91,4277.78,4261.01,4273.01,35177.558
2025-08-18 12:00:00,4273.0,4305.73,4269.2,4296.0,65566.614
2025-08-18 12:15:00,4296.01,4302.32,4285.6,4289.93,29277.047
2025-08-18 12:30:00,4289.94,4339.41,4286.7,4334.41,132892.628
2025-08-18 12:45:00,4334.41,4343.5,4325.28,4341.58,67194.805
2025-08-18 13:00:00,4341.58,4360.0,4328.5,4334.28,87512.55
2025-08-18 13:15:00,4334.29,4365.5,4326.63,4351.79,82104.794
2025-08-18 13:30:00,4351.8,4368.0,4315.05,4324.28,115531.46
2025-08-18 13:45:00,4324.32,4335.83,4280.03,4285.11,137604.093
2025-08-18 14:00:00,4285.12,4313.93,4271.73,4312.4,126717.998
2025-08-18 14:15:00,4312.41,4319.86,4302.3,4310.97,76186.372
2025-08-18 14:30:00,4310.84,4321.77,4292.86,4295.12,51423.775
2025-08-18 14:45:00,4295.13,4332.71,4279.04,4331.7,89180.206
2025-08-18 15:00:00,4331.69,4338.3,4310.01,4312.79,49090.806
2025-08-18 15:15:00,4312.79,4322.84,4296.0,4312.01,42564.159
2025-08-18 15:30:00,4312.0,4330.0,4303.7,4319.2,40229.881
2025-08-18 15:45:00,4319.17,4345.0,4315.0,4344.05,65856.964
2025-08-18 16:00:00,4344.05,4360.0,4336.11,4336.11,69019.279
2025-08-18 16:15:00,4336.11,4339.49,4313.74,4322.91,50562.931
2025-08-18 16:30:00,4322.91,4326.92,4298.0,4308.48,56474.728
2025-08-18 16:45:00,4308.48,4333.96,4307.34,4318.74,39091.186
2025-08-18 17:00:00,4318.74,4335.0,4311.33,4333.22,39772.985
2025-08-18 17:15:00,4333.22,4361.99,4332.6,4352.49,57307.938
2025-08-18 17:30:00,4352.49,4380.23,4352.48,4356.55,78149.132
2025-08-18 17:45:00,4356.56,4364.3,4342.0,4342.0,36786.094
2025-08-18 18:00:00,4342.0,4344.21,4330.0,4333.01,35037.005
2025-08-18 18:15:00,4333.01,4346.8,4325.6,4345.89,35447.853
2025-08-18 18:30:00,4345.9,4359.18,4341.33,4352.0,25905.6
2025-08-18 18:45:00,4351.96,4372.15,4350.47,4366.0,27932.697
2025-08-18 19:00:00,4366.0,4383.87,4352.8,4353.9,60294.626
2025-08-18 19:15:00,4353.9,4379.51,4346.68,4369.99,31950.144
2025-08-18 19:30:00,4370.0,4370.75,4350.23,4351.27,16632.498
2025-08-18 19:45:00,4351.27,4362.9,4342.38,4353.64,33429.273
2025-08-18 20:00:00,4353.6,4366.85,4342.92,4366.57,25568.054
2025-08-18 20:15:00,4366.58,4366.58,4346.22,4356.07,9600.177
2025-08-18 20:30:00,4356.08,4358.0,4316.38,4331.4,41901.826
2025-08-18 20:45:00,4331.4,4341.82,4325.04,4331.42,20209.703
2025-08-18 21:00:00,4331.43,4348.31,4328.51,4347.33,14869.21
2025-08-18 21:15:00,4347.33,4358.51,4344.01,4351.76,17961.416
2025-08-18 21:30:00,4351.77,4356.03,4325.58,4328.5,18471.913
2025-08-18 21:45:00,4328.49,4361.73,4326.14,4352.09,19775.392
2025-08-18 22:00:00,4352.1,4378.22,4352.1,4375.0,38612.634
2025-08-18 22:15:00,4374.99,4387.0,4366.15,4381.61,28483.569
2025-08-18 22:30:00,4381.6,4384.27,4358.52,4361.21,25664.493
2025-08-18 22:45:00,4361.21,4365.59,4338.14,4339.31,30992.881
2025-08-18 23:00:00,4339.3,4349.93,4333.6,4334.78,22701.289
2025-08-18 23:15:00,4334.79,4338.8,4320.51,4328.64,25938.325
2025-08-18 23:30:00,4328.64,4334.62,4308.52,4312.91,30196.627
2025-08-18 23:45:00,4312.91,4317.99,4303.17,4312.51,29702.547
2025-08-19 00:00:00,4312.51,4321.76,4305.29,4318.31,24342.026
2025-08-19 00:15:00,4318.3,4322.95,4284.67,4285.4,75850.803
2025-08-19 00:30:00,4285.41,4295.38,4265.3,4286.69,89555.196
2025-08-19 00:45:00,4286.69,4342.7,4286.1,4341.96,71756.737
2025-08-19 01:00:00,4341.96,4355.0,4330.0,4330.75,73953.443
2025-08-19 01:15:00,4330.75,4341.74,4315.77,4315.77,34152.558
2025-08-19 01:30:00,4315.78,4317.13,4295.66,4300.62,50041.081
2025-08-19 01:45:00,4300.62,4305.26,4285.71,4294.82,30569.322
2025-08-19 02:00:00,4294.82,4297.94,4280.55,4293.55,38039.119
2025-08-19 02:15:00,4293.52,4300.0,4281.21,4292.09,31190.921
2025-08-19 02:30:00,4292.1,4298.88,4281.62,4288.0,22748.882
2025-08-19 02:45:00,4288.0,4300.0,4282.43,4285.4,23760.399
2025-08-19 03:00:00,4285.4,4290.91,4258.0,4271.78,74535.574
2025-08-19 03:15:00,4271.78,4279.0,4250.0,4255.2,47866.601
2025-08-19 03:30:00,4255.19,4260.0,4213.03,4226.41,153902.719
2025-08-19 03:45:00,4226.4,4231.31,4214.44,4218.41,90585.341
2025-08-19 04:00:00,4218.4,4223.06,4191.68,4212.01,137538.128
2025-08-19 04:15:00,4212.0,4222.89,4196.87,4205.25,52564.61
2025-08-19 04:30:00,4205.25,4232.59,4203.4,4231.16,46333.426
2025-08-19 04:45:00,4231.17,4234.81,4222.33,4234.58,33645.256
2025-08-19 05:00:00,4234.58,4241.57,4218.02,4221.4,46682.784
2025-08-19 05:15:00,4221.41,4245.01,4220.65,4243.69,36262.531
2025-08-19 05:30:00,4243.69,4249.59,4233.46,4242.91,33600.39
2025-08-19 05:45:00,4242.91,4244.6,4227.5,4229.7,29853.816
2025-08-19 06:00:00,4229.71,4239.21,4223.39,4235.25,29944.55
2025-08-19 06:15:00,4235.26,4247.59,4227.18,4244.28,27167.443
2025-08-19 06:30:00,4244.27,4249.25,4238.5,4238.99,20007.641
2025-08-19 06:45:00,4238.98,4246.01,4231.33,4240.72,22312.075
2025-08-19 07:00:00,4240.71,4245.49,4229.01,4233.66,26449.667
2025-08-19 07:15:00,4233.67,4234.03,4203.07,4218.22,67255.731
2025-08-19 07:30:00,4218.22,4236.0,4213.27,4227.55,37027.544
2025-08-19 07:45:00,4227.55,4237.4,4223.33,4233.82,27284.956
2025-08-19 08:00:00,4233.82,4242.2,4217.27,4237.9,34503.422
2025-08-19 08:15:00,4237.9,4243.88,4230.99,4231.68,22234.756
2025-08-19 08:30:00,4231.68,4238.0,4221.64,4236.55,25468.305
2025-08-19 08:45:00,4236.54,4268.0,4235.14,4255.65,82290.51
2025-08-19 09:00:00,4255.65,4277.0,4253.27,4265.5,55403.856
2025-08-19 09:15:00,4265.5,4283.0,4260.16,4279.23,39036.254
2025-08-19 09:30:00,4279.2,4306.5,4276.05,4281.03,81913.487
2025-08-19 09:45:00,4281.04,4285.69,4274.89,4280.46,27140.144
2025-08-19 10:00:00,4280.46,4287.53,4274.13,4280.69,20194.764
2025-08-19 10:15:00,4280.7,4298.0,4279.61,4293.09,27149.092
2025-08-19 10:30:00,4293.09,4301.02,4282.61,4291.35,29240.926
2025-08-19 10:45:00,4291.35,4292.22,4278.1,4284.79,24424.284
2025-08-19 11:00:00,4284.8,4294.0,4284.65,4293.27,15831.847
2025-08-19 11:15:00,4293.28,4313.16,4288.9,4304.38,40183.289
2025-08-19 11:30:00,4304.38,4316.67,4294.43,4295.57,37478.76
2025-08-19 11:45:00,4295.58,4310.0,4292.87,4307.7,21650.844
2025-08-19 12:00:00,4307.71,4308.0,4298.0,4304.31,24482.877
2025-08-19 12:15:00,4304.32,4313.88,4299.27,4305.77,25010.5
2025-08-19 12:30:00,4305.77,4307.48,4292.03,4301.12,24473.448
2025-08-19 12:45:00,4301.13,4304.88,4283.33,4304.19,47094.745
2025-08-19 13:00:00,4304.19,4304.2,4293.35,4296.05,23916.45
2025-08-19 13:15:00,4296.05,4315.36,4295.63,4312.87,41982.629
2025-08-19 13:30:00,4312.88,4339.96,4273.0,4277.01,179912.286
2025-08-19 13:45:00,4277.01,4312.44,4262.55,4291.06,139871.211
2025-08-19 14:00:00,4291.05,4305.6,4269.46,4271.85,64331.063
2025-08-19 14:15:00,4271.85,4275.45,4206.0,4210.45,171180.326
2025-08-19 14:30:00,4210.44,4223.77,4182.16,4200.98,226196.059
2025-08-19 14:45:00,4200.99,4210.93,4187.1,4191.1,103990.134
2025-08-19 15:00:00,4191.11,4198.6,4169.62,4185.65,136808.291
2025-08-19 15:15:00,4185.64,4227.78,4175.87,4224.6,142180.675
2025-08-19 15:30:00,4224.61,4231.2,4201.73,4215.59,70228.736
2025-08-19 15:45:00,4215.6,4216.19,4186.67,4190.4,59103.291
2025-08-19 16:00:00,4190.41,4205.62,4183.0,4183.83,57810.165
2025-08-19 16:15:00,4183.84,4196.25,4175.68,4176.31,53642.954
2025-08-19 16:30:00,4176.32,4185.73,4153.33,4166.29,151001.806
2025-08-19 16:45:00,4166.29,4171.5,4135.74,4141.11,137224.418
2025-08-19 17:00:00,4141.11,4157.91,4131.1,4157.23,96451.368
2025-08-19 17:15:00,4157.22,4172.87,4146.2,4167.52,52111.769
2025-08-19 17:30:00,4167.52,4182.16,4166.0,4168.62,58780.701
2025-08-19 17:45:00,4168.6,4188.62,4161.31,4184.46,41985.958
2025-08-19 18:00:00,4184.46,4186.61,4172.0,4180.19,30445.306
2025-08-19 18:15:00,4180.18,4185.92,4164.43,4165.44,35180.098
2025-08-19 18:30:00,4165.45,4172.8,4140.0,4142.54,55206.891
2025-08-19 18:45:00,4142.54,4152.81,4119.76,4144.61,124941.905
2025-08-19 19:00:00,4144.64,4149.82,4113.52,4124.27,89427.425
2025-08-19 19:15:00,4124.29,4165.61,4112.99,4162.13,91081.205
2025-08-19 19:30:00,4162.14,4168.0,4153.58,4154.75,30357.142
2025-08-19 19:45:00,4154.75,4159.98,4135.38,4141.2,50923.663
2025-08-19 20:00:00,4141.23,4153.72,4114.33,4118.23,53557.218
2025-08-19 20:15:00,4118.23,4148.4,4116.71,4143.8,35688.598
2025-08-19 20:30:00,4143.84,4156.01,4143.5,4146.91,29779.506
2025-08-19 20:45:00,4146.94,4164.17,4145.98,4158.27,28524.951
2025-08-19 21:00:00,4158.22,4164.0,4136.28,4163.31,30106.245
2025-08-19 21:15:00,4163.31,4164.33,4138.64,4151.22,24933.17
2025-08-19 21:30:00,4151.22,4153.19,4140.0,4151.37,9389.817
2025-08-19 21:45:00,4151.36,4152.66,4143.17,4152.65,8643.163
2025-08-19 22:00:00,4152.65,4154.47,4121.78,4133.68,40699.111
2025-08-19 22:15:00,4133.68,4146.61,4118.16,4141.84,32533.277
2025-08-19 22:30:00,4141.67,4148.45,4131.12,4142.27,19527.564
2025-08-19 22:45:00,4142.26,4143.86,4128.63,4130.95,15487.715
2025-08-19 23:00:00,4130.94,4134.87,4114.09,4124.25,31969.243
2025-08-19 23:15:00,4124.39,4133.0,4105.0,4107.72,61398.677
2025-08-19 23:30:00,4107.71,4117.68,4080.01,4096.67,135310.778
2025-08-19 23:45:00,4096.67,4097.77,4066.1,4075.0,83589.76
2025-08-20 00:00:00,4074.99,4101.91,4074.76,4094.8,65298.658
2025-08-20 00:15:00,4094.81,4102.76,4074.23,4091.0,37873.243
2025-08-20 00:30:00,4091.0,4115.4,4080.0,4111.06,42311.124
2025-08-20 00:45:00,4111.06,4114.0,4103.0,4104.01,29412.767
2025-08-20 01:00:00,4104.01,4122.91,4095.03,4102.01,55676.298
2025-08-20 01:15:00,4102.01,4116.0,4089.8,4092.37,43366.849
2025-08-20 01:30:00,4092.37,4094.54,4060.79,4075.74,88777.377
2025-08-20 01:45:00,4075.75,4121.2,4075.54,4109.59,81811.411
2025-08-20 02:00:00,4109.6,4133.74,4105.03,4133.73,48547.144
2025-08-20 02:15:00,4133.73,4139.35,4126.3,4136.0,41699.737
2025-08-20 02:30:00,4135.99,4138.44,4121.64,4130.98,31381.226
2025-08-20 02:45:00,4130.99,4142.0,4125.41,4136.81,32447.912
2025-08-20 03:00:00,4136.8,4148.65,4131.0,4132.39,39743.225
2025-08-20 03:15:00,4132.4,4154.8,4126.65,4150.51,38236.911
2025-08-20 03:30:00,4150.52,4157.76,4136.16,4142.0,41865.293
2025-08-20 03:45:00,4142.0,4144.3,4135.9,4140.01,14968.994
2025-08-20 04:00:00,4140.0,4162.99,4138.6,4154.7,39182.229
2025-08-27 11:00:00,4578.99,4595.63,4578.99,4595.13,22823.938
2025-08-27 11:15:00,4595.13,4602.2,4587.6,4589.64,18287.976
2025-08-27 11:30:00,4589.63,4602.94,4589.46,4597.63,12474.617
2025-08-27 11:45:00,4597.63,4613.57,4597.62,4606.64,25652.911
2025-08-27 12:00:00,4606.65,4623.91,4590.01,4609.6,62849.303
2025-08-27 12:15:00,4609.59,4615.34,4587.23,4588.46,30540.948
2025-08-27 12:30:00,4588.46,4591.99,4576.16,4582.17,40426.44
2025-08-27 12:45:00,4582.18,4617.0,4579.0,4613.27,44443.592
2025-08-27 13:00:00,4613.27,4613.3,4586.84,4593.52,42386.046
2025-08-27 13:15:00,4593.51,4609.0,4588.0,4604.98,26356.126
2025-08-27 13:30:00,4604.99,4658.88,4572.02,4624.26,187949.84
2025-08-27 13:45:00,4624.3,4632.69,4589.09,4593.89,122696.021
2025-08-27 14:00:00,4593.84,4609.85,4581.02,4603.49,50273.015
2025-08-27 14:15:00,4603.49,4632.69,4592.43,4629.88,63936.448
2025-08-27 14:30:00,4629.89,4662.84,4626.42,4626.42,130404.989
2025-08-27 14:45:00,4626.42,4630.17,4602.36,4610.81,79809.162
2025-08-27 15:00:00,4610.81,4641.87,4606.06,4638.27,51616.807
2025-08-27 15:15:00,4638.28,4646.71,4620.17,4635.11,51557.057
2025-08-27 15:30:00,4635.1,4643.9,4624.62,4639.18,38766.747
2025-08-27 15:45:00,4639.19,4657.78,4636.0,4654.8,42824.387
2025-08-27 16:00:00,4654.79,4655.0,4629.0,4636.17,41917.944
2025-08-27 16:15:00,4636.16,4652.14,4613.0,4624.66,53772.71
2025-08-27 16:30:00,4624.66,4625.78,4603.0,4618.27,50028.725
2025-08-27 16:45:00,4618.26,4636.0,4614.5,4628.42,32559.222
2025-08-27 17:00:00,4628.42,4629.93,4612.32,4615.09,25538.883
2025-08-27 17:15:00,4615.1,4633.21,4607.23,4627.91,31755.308
2025-08-27 17:30:00,4627.9,4635.19,4620.7,4632.14,20863.835
2025-08-27 17:45:00,4632.14,4643.15,4628.2,4629.09,28225.112
2025-08-27 18:00:00,4629.08,4641.58,4624.48,4638.1,24604.392
2025-08-27 18:15:00,4638.1,4639.73,4615.98,4619.49,27539.303
2025-08-27 18:30:00,4619.49,4620.35,4607.11,4609.19,23136.009
2025-08-27 18:45:00,4609.19,4625.1,4586.0,4589.25,41846.693
2025-08-27 19:00:00,4589.24,4597.76,4531.03,4542.79,129598.508
2025-08-27 19:15:00,4542.8,4565.68,4538.38,4554.48,47389.744
2025-08-27 19:30:00,4554.47,4578.0,4553.2,4572.34,34476.378
2025-08-27 19:45:00,4572.35,4573.56,4558.35,4563.04,21195.48
2025-08-27 20:00:00,4563.03,4564.88,4519.72,4559.03,82663.762
2025-08-27 20:15:00,4559.04,4611.71,4508.3,4584.75,235296.869
2025-08-27 20:30:00,4584.76,4603.93,4570.79,4592.1,54055.71
2025-08-27 20:45:00,4592.09,4596.34,4572.71,4593.29,29517.785
2025-08-27 21:00:00,4593.29,4595.0,4571.02,4575.8,22883.557
2025-08-27 21:15:00,4575.8,4576.24,4545.45,4556.71,30337.919
2025-08-27 21:30:00,4556.71,4569.74,4529.88,4540.23,25969.321
2025-08-27 21:45:00,4540.22,4548.75,4512.62,4525.79,39269.456
2025-08-27 22:00:00,4525.8,4525.91,4479.0,4498.29,77266.49
2025-08-27 22:15:00,4498.3,4513.39,4497.01,4505.28,25777.085
2025-08-27 22:30:00,4505.28,4535.16,4502.32,4533.99,26504.501
2025-08-27 22:45:00,4533.98,4535.34,4518.14,4522.11,18336.336
2025-08-27 23:00:00,4522.1,4538.0,4517.31,4522.62,18366.29
2025-08-27 23:15:00,4522.62,4529.67,4500.45,4517.35,38347.776
2025-08-27 23:30:00,4517.34,4522.63,4490.79,4493.9,29800.364
2025-08-27 23:45:00,4493.9,4507.0,4489.26,4505.6,25939.314
2025-08-28 00:00:00,4505.6,4519.24,4496.44,4516.55,26675.487
2025-08-28 00:15:00,4516.55,4521.81,4475.11,4496.45,50367.252
2025-08-28 00:30:00,4496.46,4497.7,4466.0,4493.62,48569.581
2025-08-28 00:45:00,4493.62,4506.21,4474.16,4492.66,40507.668
2025-08-28 01:00:00,4492.67,4508.82,4491.9,4503.47,30005.173
2025-08-28 01:15:00,4503.47,4512.5,4495.33,4499.5,23932.395
2025-08-28 01:30:00,4499.49,4518.4,4498.97,4509.73,21547.46
2025-08-28 01:45:00,4509.72,4522.0,4505.0,4515.0,22215.695
2025-08-28 02:00:00,4515.0,4526.76,4510.54,4510.8,24675.477
2025-08-28 02:15:00,4510.81,4522.0,4505.6,4519.5,19416.884
2025-08-28 02:30:00,4519.5,4525.0,4510.0,4513.2,12087.405
2025-08-28 02:45:00,4513.21,4517.92,4508.45,4510.9,12243.458
2025-08-28 03:00:00,4510.9,4535.44,4505.52,4530.83,34213.805
2025-08-28 03:15:00,4530.83,4540.0,4526.41,4536.38,29074.143
2025-08-28 03:30:00,4536.39,4546.99,4535.62,4541.1,29845.076
2025-08-28 03:45:00,4541.1,4546.81,4532.58,4539.87,19165.258
2025-08-28 04:00:00,4539.86,4549.57,4533.0,4549.02,17690.438
2025-08-28 04:15:00,4549.02,4556.48,4545.15,4551.4,29471.451
2025-08-28 04:30:00,4551.41,4566.4,4548.3,4562.03,40412.699
2025-08-28 04:45:00,4562.03,4578.63,4557.45,4569.0,57165.545
2025-08-28 05:00:00,4569.01,4586.0,4565.7,4573.01,36568.543
2025-08-28 05:15:00,4573.0,4579.5,4562.2,4563.44,26141.502
2025-08-28 05:30:00,4563.43,4572.0,4557.27,4557.71,21518.239
2025-08-28 05:45:00,4557.72,4571.77,4551.7,4568.41,40731.324
2025-08-28 06:00:00,4568.41,4573.63,4552.54,4557.31,24931.021
2025-08-28 06:15:00,4557.31,4570.0,4553.45,4569.79,14644.272
2025-08-28 06:30:00,4569.79,4579.9,4563.54,4577.05,25199.753
2025-08-28 06:45:00,4577.05,4584.0,4570.64,4581.36,22676.666
2025-08-28 07:00:00,4581.36,4584.92,4575.11,4577.39,17391.852
2025-08-28 07:15:00,4577.4,4580.5,4562.57,4572.49,28066.06
2025-08-28 07:30:00,4572.49,4573.92,4564.09,4573.07,16255.646
2025-08-28 07:45:00,4573.07,4598.48,4572.8,4594.6,36920.719
2025-08-28 08:00:00,4594.6,4632.57,4592.28,4616.78,113213.651
2025-08-28 08:15:00,4616.77,4620.96,4598.36,4599.05,47814.054
2025-08-28 08:30:00,4599.05,4611.6,4595.58,4601.3,23944.631
2025-08-28 08:45:00,4601.31,4605.82,4593.48,4602.69,18470.755
2025-08-28 09:00:00,4602.68,4603.57,4587.64,4591.0,27577.589
2025-08-28 09:15:00,4590.99,4598.99,4586.8,4597.15,18325.644
2025-08-28 09:30:00,4597.15,4597.24,4580.05,4587.48,21080.263
2025-08-28 09:45:00,4587.48,4590.0,4578.09,4585.4,21989.053
2025-08-28 10:00:00,4585.4,4599.95,4580.1,4598.0,20369.863
2025-08-28 10:15:00,4597.99,4603.51,4586.0,4602.5,18442.625
2025-08-28 10:30:00,4602.49,4611.69,4600.59,4603.6,22902.927
2025-08-28 10:45:00,4603.61,4609.39,4597.23,4609.3,12102.422
2025-08-28 11:00:00,4609.3,4609.41,4587.57,4587.6,21696.007
2025-08-28 11:15:00,4587.6,4598.95,4586.44,4597.45,16200.353
2025-08-28 11:30:00,4597.45,4601.76,4588.0,4589.58,13653.444
2025-08-28 11:45:00,4589.59,4593.78,4581.25,4593.77,15673.037
2025-08-28 12:00:00,4593.77,4595.96,4585.0,4586.6,11089.984
2025-08-28 12:15:00,4586.6,4591.22,4572.0,4584.01,28432.873
2025-08-28 12:30:00,4584.0,4612.92,4578.9,4609.35,89895.111
2025-08-28 12:45:00,4609.35,4611.99,4595.42,4597.69,30431.226
2025-08-28 13:00:00,4597.68,4603.0,4592.21,4595.4,17769.281
2025-08-28 13:15:00,4595.4,4612.86,4591.68,4596.06,31572.6
2025-08-28 13:30:00,4596.05,4609.0,4582.22,4589.15,61868.278
2025-08-28 13:45:00,4589.14,4591.56,4560.2,4573.24,101186.555
2025-08-28 14:00:00,4573.24,4592.22,4565.0,4581.0,48228.964
2025-08-28 14:15:00,4580.99,4590.0,4550.91,4553.51,72434.344
2025-08-28 14:30:00,4553.51,4576.0,4541.55,4565.6,64098.802
2025-08-28 14:45:00,4565.61,4582.0,4563.01,4565.45,30460.557
2025-08-28 15:00:00,4565.45,4571.9,4545.0,4549.04,30934.258
2025-08-28 15:15:00,4549.04,4562.07,4512.0,4515.42,104907.439
2025-08-28 15:30:00,4515.42,4531.75,4514.31,4517.01,43531.752
2025-08-28 15:45:00,4517.01,4517.47,4483.2,4502.43,115755.188
2025-08-28 16:00:00,4502.44,4520.67,4497.4,4520.26,47406.845
2025-08-28 16:15:00,4520.26,4528.89,4507.26,4520.68,43148.121
2025-08-28 16:30:00,4520.68,4522.7,4507.97,4517.69,18736.606
2025-08-28 16:45:00,4517.69,4518.66,4456.7,4463.9,101547.851
2025-08-28 17:00:00,4463.9,4480.0,4461.87,4474.0,54393.527
2025-08-28 17:15:00,4474.0,4490.91,4464.66,4487.86,45749.881
2025-08-28 17:30:00,4487.86,4495.02,4470.13,4492.02,33304.397
2025-08-28 17:45:00,4492.03,4497.08,4481.01,4488.36,20040.889
2025-08-28 18:00:00,4488.36,4491.0,4472.15,4479.42,24430.888
2025-08-28 18:15:00,4479.43,4505.67,4473.0,4502.66,28086.021
2025-08-28 18:30:00,4502.65,4508.17,4490.8,4490.8,20685.937
2025-08-28 18:45:00,4490.81,4495.4,4479.0,4479.53,30313.103
2025-08-28 19:00:00,4479.52,4491.62,4474.01,4477.76,24008.327
2025-08-28 19:15:00,4477.76,4479.07,4463.35,4478.87,30122.754
2025-08-28 19:30:00,4478.87,4481.7,4451.36,4456.22,44708.994
2025-08-28 19:45:00,4456.22,4466.27,4432.61,4436.47,61935.839
2025-08-28 20:00:00,4436.47,4459.9,4425.86,4457.96,45723.397
2025-08-28 20:15:00,4457.95,4468.0,4454.89,4459.66,20164.626
2025-08-28 20:30:00,4459.65,4468.67,4452.26,4463.38,16395.786
2025-08-28 20:45:00,4463.36,4465.59,4452.0,4457.18,18161.441
2025-08-28 21:00:00,4457.19,4473.49,4455.19,4472.13,11965.514
2025-08-28 21:15:00,4472.12,4481.25,4468.1,4477.26,17393.393
2025-08-28 21:30:00,4477.27,4488.94,4473.32,4475.0,17738.456
2025-08-28 21:45:00,4475.0,4489.99,4474.26,4486.55,12541.069
2025-08-28 22:00:00,4486.54,4503.25,4486.0,4498.0,22816.173
2025-08-28 22:15:00,4498.0,4508.33,4495.0,4504.41,12237.816
2025-08-28 22:30:00,4504.4,4514.56,4500.83,4502.6,13149.414
2025-08-28 22:45:00,4502.61,4510.9,4500.5,4504.06,12039.691
2025-08-28 23:00:00,4504.06,4511.0,4496.52,4499.87,19414.515
2025-08-28 23:15:00,4499.88,4508.8,4493.51,4499.11,13970.058
2025-08-28 23:30:00,4499.1,4503.69,4492.0,4500.6,12255.965
2025-08-28 23:45:00,4500.6,4513.67,4496.1,4509.15,20145.713
2025-08-29 00:00:00,4509.16,4516.37,4494.83,4494.88,21662.017
2025-08-29 00:15:00,4494.89,4512.29,4487.9,4508.45,23019.359
2025-08-29 00:30:00,4508.45,4510.03,4481.66,4484.21,21843.27
2025-08-29 00:45:00,4484.21,4484.6,4467.44,4480.69,37573.498
2025-08-29 01:00:00,4480.69,4489.42,4461.12,4467.09,35883.262
2025-08-29 01:15:00,4467.1,4467.98,4432.75,4448.62,64166.386
2025-08-29 01:30:00,4448.61,4468.0,4447.0,4464.66,32640.712
2025-08-29 01:45:00,4464.66,4467.99,4454.14,4454.82,20912.121
2025-08-29 02:00:00,4454.81,4494.44,4448.64,4487.07,47687.043
2025-08-29 02:15:00,4487.07,4488.0,4473.6,4476.96,26604.613
2025-08-29 02:30:00,4476.95,4478.0,4463.53,4471.3,17524.55
2025-08-29 02:45:00,4471.31,4483.2,4469.04,4478.95,16715.297
2025-08-29 03:00:00,4478.95,4486.0,4465.8,4474.86,20229.437
2025-08-29 03:15:00,4474.86,4484.0,4472.47,4483.63,12239.044
2025-08-29 03:30:00,4483.64,4501.86,4479.45,4494.56,33202.534
2025-08-29 03:45:00,4494.56,4504.1,4487.83,4487.84,17998.074
2025-08-29 04:00:00,4487.84,4493.35,4481.11,4484.0,17102.197
2025-08-29 04:15:00,4484.0,4495.8,4482.27,4492.42,11433.336
2025-08-29 04:30:00,4492.43,4492.56,4482.0,4485.77,10025.537
2025-08-29 04:45:00,4485.77,4485.78,4466.89,4475.5,26063.812
2025-08-29 05:00:00,4475.5,4479.0,4465.72,4476.0,13016.404
2025-08-29 05:15:00,4476.01,4476.01,4462.0,4470.2,17369.366
2025-08-29 05:30:00,4470.21,4477.33,4467.48,4473.42,9365.296
2025-08-29 05:45:00,4473.43,4483.94,4463.49,4478.74,20157.376
2025-08-29 06:00:00,4478.75,4486.09,4464.27,4464.27,19397.839
2025-08-29 06:15:00,4464.28,4465.01,4450.86,4453.57,36483.747
2025-08-29 06:30:00,4453.57,4474.44,4443.66,4473.0,75231.091
2025-08-29 06:45:00,4472.83,4473.88,4452.61,4455.14,25432.733
2025-08-29 07:00:00,4455.13,4455.14,4388.0,4393.4,184942.197
2025-08-29 07:15:00,4393.39,4400.68,4374.01,4383.19,114450.062
2025-08-29 07:30:00,4383.2,4398.0,4381.36,4381.36,49316.629
2025-08-29 07:45:00,4381.37,4393.75,4365.0,4380.0,52517.506
2025-08-29 08:00:00,4380.0,4397.0,4371.17,4373.9,52112.072
2025-08-29 08:15:00,4373.9,4379.93,4356.0,4359.27,79629.371
2025-08-29 08:30:00,4359.27,4373.01,4346.0,4356.4,67954.347
2025-08-29 08:45:00,4356.39,4364.32,4327.62,4334.55,78251.54
2025-08-29 09:00:00,4334.56,4337.1,4318.01,4328.01,83411.301
2025-08-29 09:15:00,4328.01,4344.64,4325.0,4340.49,51307.868
2025-08-29 09:30:00,4340.49,4341.69,4325.03,4329.82,47456.444
2025-08-29 09:45:00,4329.82,4340.87,4328.03,4336.81,25322.667
2025-08-29 10:00:00,4336.82,4354.88,4333.1,4349.4,48311.64
2025-08-29 10:15:00,4349.4,4361.73,4345.17,4357.34,31088.57
2025-08-29 10:30:00,4357.33,4357.49,4348.43,4351.72,19070.052
2025-08-29 10:45:00,4351.73,4354.46,4333.31,4345.0,47585.104
2025-08-29 11:00:00,4345.0,4357.86,4331.22,4355.25,32859.362
2025-08-29 11:15:00,4355.25,4355.62,4337.0,4341.02,20637.34
2025-08-29 11:30:00,4341.03,4344.8,4334.38,4336.0,16599.708
2025-08-29 11:45:00,4336.0,4347.97,4336.0,4345.16,10225.014
2025-08-29 12:00:00,4345.15,4366.88,4345.15,4366.07,31735.278
2025-08-29 12:15:00,4366.06,4370.0,4355.43,4365.86,29229.371
2025-08-29 12:30:00,4365.85,4453.05,4365.45,4390.18,309344.979
2025-08-29 12:45:00,4390.17,4415.56,4384.71,4405.0,58997.561
2025-08-29 13:00:00,4404.99,4411.0,4388.67,4399.18,35648.818
2025-08-29 13:15:00,4399.19,4401.9,4385.58,4390.47,30648.476
2025-08-29 13:30:00,4390.48,4393.22,4333.0,4345.49,161051.74
2025-08-29 13:45:00,4345.49,4346.5,4311.29,4329.57,154855.54
2025-08-29 14:00:00,4329.57,4354.56,4260.51,4286.11,292391.563
2025-08-29 14:15:00,4286.12,4309.76,4266.36,4295.3,142162.191
2025-08-29 14:30:00,4295.3,4322.29,4281.35,4310.01,98516.62
2025-08-29 14:45:00,4310.0,4322.0,4272.42,4281.33,84713.119
2025-08-29 15:00:00,4281.32,4327.86,4280.4,4321.72,73756.837
2025-08-29 15:15:00,4321.73,4347.0,4315.16,4317.39,94780.833
2025-08-29 15:30:00,4317.4,4333.33,4305.32,4332.41,45059.039
2025-08-29 15:45:00,4332.41,4341.55,4305.89,4314.09,50087.423
2025-08-29 16:00:00,4314.09,4338.59,4292.67,4338.09,80466.915
2025-08-29 16:15:00,4338.1,4353.14,4324.0,4331.3,60898.71
2025-08-29 16:30:00,4331.29,4342.47,4327.11,4328.41,26308.475
2025-08-29 16:45:00,4328.4,4334.17,4312.44,4333.43,32532.087
2025-08-29 17:00:00,4333.44,4336.41,4313.0,4316.71,33950.795
2025-08-29 17:15:00,4316.7,4352.0,4310.38,4340.49,43599.165
2025-08-29 17:30:00,4340.5,4356.52,4333.15,4343.02,37443.961
2025-08-29 17:45:00,4343.02,4348.92,4328.39,4330.38,18022.145
2025-08-29 18:00:00,4330.39,4340.47,4322.0,4327.35,23941.335
2025-08-29 18:15:00,4327.45,4330.39,4303.67,4312.44,36054.393
2025-08-29 18:30:00,4312.42,4320.0,4306.28,4310.7,20892.049
2025-08-29 18:45:00,4310.7,4318.66,4306.0,4313.42,22880.036
2025-08-29 19:00:00,4313.42,4347.49,4304.52,4341.97,44030.487
2025-08-29 19:15:00,4341.96,4359.0,4340.69,4350.99,29900.573
2025-08-29 19:30:00,4351.0,4361.99,4336.37,4348.08,27556.223
2025-08-29 19:45:00,4348.02,4365.99,4336.36,4338.99,29895.806
2025-08-29 20:00:00,4339.0,4346.49,4321.08,4332.99,35201.622
2025-08-29 20:15:00,4332.98,4345.9,4326.13,4339.2,20144.251
2025-08-29 20:30:00,4339.2,4343.07,4323.85,4328.05,16932.596
2025-08-29 20:45:00,4328.06,4336.32,4311.0,4319.84,32069.262
2025-08-29 21:00:00,4319.85,4334.59,4303.78,4334.22,28970.031
2025-08-29 21:15:00,4334.21,4339.78,4322.47,4337.99,11265.33
2025-08-29 21:30:00,4338.0,4378.23,4338.0,4374.86,46307.401
2025-08-29 21:45:00,4374.86,4376.68,4356.0,4363.6,21146.094
2025-08-29 22:00:00,4363.61,4366.31,4343.29,4344.85,17303.817
2025-08-29 22:15:00,4344.85,4362.93,4344.85,4361.55,15948.377
2025-08-29 22:30:00,4361.54,4366.46,4348.0,4349.63,10451.602
2025-08-29 22:45:00,4349.62,4365.0,4347.0,4364.38,10528.366
2025-08-29 23:00:00,4364.38,4369.5,4356.06,4361.98,16522.9
2025-08-29 23:15:00,4361.99,4371.5,4358.41,4363.48,8767.776
2025-08-29 23:30:00,4363.47,4373.45,4362.1,4373.33,10176.173
2025-08-29 23:45:00,4373.33,4373.34,4356.2,4358.52,11292.156
2025-08-30 00:00:00,4358.52,4358.98,4346.3,4347.24,18605.37
2025-08-30 00:15:00,4347.25,4362.29,4343.3,4348.05,15451.931
2025-08-30 00:30:00,4348.05,4349.0,4328.41,4330.76,33564.666
2025-08-30 00:45:00,4330.75,4341.92,4329.78,4341.91,14992.798
2025-08-30 01:00:00,4341.91,4347.47,4337.0,4343.23,8399.922
2025-08-30 01:15:00,4343.24,4343.45,4321.05,4324.99,17670.192
2025-08-30 01:30:00,4324.98,4331.49,4319.01,4319.7,13595.885
2025-08-30 01:45:00,4319.71,4320.77,4256.53,4263.98,137863.661
2025-08-30 02:00:00,4263.98,4303.0,4255.16,4302.4,73724.747
2025-08-30 02:15:00,4302.41,4311.48,4296.15,4307.52,41631.616
2025-08-30 02:30:00,4307.52,4315.59,4304.81,4309.0,19532.61
2025-08-30 02:45:00,4308.99,4313.95,4300.76,4302.5,18429.997
2025-08-30 03:00:00,4302.5,4327.0,4301.43,4322.28,30525.018
2025-08-30 03:15:00,4322.27,4381.51,4322.27,4357.41,110630.228
2025-08-30 03:30:00,4357.41,4371.0,4351.57,4354.22,39156.276
2025-08-30 03:45:00,4354.23,4362.21,4350.26,4350.69,27341.095
2025-08-30 04:00:00,4350.69,4361.85,4348.79,4356.49,16196.158
2025-08-30 04:15:00,4356.49,4366.7,4355.12,4366.11,13733.07
2025-08-30 04:30:00,4366.1,4367.0,4354.21,4355.73,14605.562
2025-08-30 04:45:00,4355.73,4359.46,4349.06,4350.94,12189.118
2025-08-30 05:00:00,4350.93,4371.53,4345.33,4362.73,29066.272
2025-08-30 05:15:00,4362.73,4376.0,4362.0,4372.57,22944.061
2025-08-30 05:30:00,4372.57,4400.0,4370.57,4392.88,67131.076
2025-08-30 05:45:00,4392.87,4398.71,4374.0,4377.88,46053.597
2025-08-30 06:00:00,4377.87,4389.77,4373.45,4374.69,30906.228
2025-08-30 06:15:00,4374.7,4389.73,4371.36,4388.53,20257.032
2025-08-30 06:30:00,4388.53,4395.72,4383.39,4394.23,27193.786
2025-08-30 06:45:00,4394.22,4403.37,4387.59,4394.3,29917.134
2025-08-30 07:00:00,4394.3,4402.0,4390.0,4397.25,26004.582
2025-08-30 07:15:00,4397.25,4399.41,4386.5,4392.7,16827.91
2025-08-30 07:30:00,4392.7,4407.99,4387.76,4406.45,24195.278
2025-08-30 07:45:00,4406.46,4413.74,4396.8,4400.0,37466.737
2025-08-30 08:00:00,4400.0,4405.0,4391.03,4394.06,19533.252
2025-08-30 08:15:00,4394.06,4398.79,4388.84,4392.17,15597.827
2025-08-30 08:30:00,4392.18,4396.17,4383.0,4392.34,22148.087
2025-08-30 08:45:00,4392.34,4399.97,4385.46,4393.35,20719.381
2025-08-30 09:00:00,4393.35,4393.35,4385.0,4385.82,17648.076
2025-08-30 09:15:00,4385.83,4391.93,4382.07,4382.43,11081.274
2025-08-30 09:30:00,4382.42,4388.0,4376.0,4383.6,29226.56
2025-08-30 09:45:00,4383.61,4395.91,4380.88,4389.99,13635.283
2025-08-30 10:00:00,4390.0,4399.9,4386.0,4392.83,16544.801
2025-08-30 10:15:00,4392.84,4405.99,4392.83,4398.68,20776.72
2025-08-30 10:30:00,4398.68,4399.48,4383.0,4385.15,16228.367
2025-08-30 10:45:00,4385.15,4392.18,4382.12,4390.37,9650.572
2025-08-30 11:00:00,4390.37,4400.0,4384.41,4395.0,18800.279
2025-08-30 11:15:00,4395.01,4395.01,4388.34,4391.53,5474.51
2025-08-30 11:30:00,4391.53,4394.86,4381.3,4385.76,10987.22
2025-08-30 11:45:00,4385.77,4392.58,4385.0,4390.01,5139.276
2025-08-30 12:00:00,4390.0,4391.48,4377.29,4382.39,14439.686
2025-08-30 12:15:00,4382.39,4383.36,4364.1,4371.03,33531.04
2025-08-30 12:30:00,4371.03,4371.81,4346.11,4353.59,67605.89
2025-08-30 12:45:00,4353.59,4368.18,4352.63,4365.24,27825.037
2025-08-30 13:00:00,4365.25,4365.45,4336.1,4342.29,47970.702
2025-08-30 13:15:00,4342.29,4353.59,4336.64,4348.13,25506.661
2025-08-30 13:30:00,4348.14,4361.76,4339.45,4341.37,30047.653
2025-08-30 13:45:00,4341.37,4359.36,4329.19,4357.0,45742.074
2025-09-06 20:45:00,4270.72,4279.34,4270.12,4277.48,11366.308
2025-09-06 21:00:00,4277.48,4277.77,4272.0,4272.5,5755.011
2025-09-06 21:15:00,4272.5,4275.0,4269.99,4272.4,5024.871
2025-09-06 21:30:00,4272.46,4275.98,4266.35,4270.83,9510.829
2025-09-06 21:45:00,4270.83,4284.77,4270.83,4280.69,15084.793
2025-09-06 22:00:00,4280.69,4287.0,4273.2,4276.85,11820.973
2025-09-06 22:15:00,4276.84,4282.0,4274.54,4275.01,5362.775
2025-09-06 22:30:00,4275.0,4277.08,4269.4,4272.44,7390.508
2025-09-06 22:45:00,4272.44,4276.58,4267.62,4275.8,8755.157
2025-09-06 23:00:00,4275.81,4278.83,4265.86,4277.02,9974.225
2025-09-06 23:15:00,4277.03,4282.37,4273.36,4278.2,6345.668
2025-09-06 23:30:00,4278.21,4280.0,4272.35,4273.53,3956.662
2025-09-06 23:45:00,4273.53,4273.54,4269.44,4271.6,5251.635
2025-09-07 00:00:00,4271.6,4277.99,4268.52,4276.67,7291.917
2025-09-07 00:15:00,4276.66,4277.7,4272.45,4272.66,3615.517
2025-09-07 00:30:00,4272.66,4284.01,4270.0,4283.39,11158.52
2025-09-07 00:45:00,4283.4,4287.38,4280.35,4282.45,11075.581
2025-09-07 01:00:00,4282.45,4294.0,4281.0,4290.0,18058.028
2025-09-07 01:15:00,4290.0,4294.81,4286.04,4291.25,12186.18
2025-09-07 01:30:00,4291.26,4295.99,4289.32,4295.4,11268.271
2025-09-07 01:45:00,4295.41,4302.67,4292.0,4293.53,24703.619
2025-09-07 02:00:00,4293.53,4293.53,4287.0,4291.79,10979.446
2025-09-07 02:15:00,4291.79,4293.78,4287.02,4293.77,6962.595
2025-09-07 02:30:00,4293.77,4297.43,4289.0,4292.81,8172.985
2025-09-07 02:45:00,4292.8,4301.82,4292.8,4297.67,11507.972
2025-09-07 03:00:00,4297.67,4299.5,4293.33,4293.79,5887.735
2025-09-07 03:15:00,4293.79,4302.0,4293.6,4301.41,11450.627
2025-09-07 03:30:00,4301.4,4302.5,4295.0,4295.58,7097.262
2025-09-07 03:45:00,4295.58,4296.66,4291.0,4295.51,7427.101
2025-09-07 04:00:00,4295.5,4297.79,4291.01,4291.27,8258.845
2025-09-07 04:15:00,4291.27,4294.7,4291.26,4294.0,5081.802
2025-09-07 04:30:00,4294.0,4296.0,4291.94,4293.0,4674.732
2025-09-07 04:45:00,4293.0,4300.67,4292.99,4299.1,8800.492
2025-09-07 05:00:00,4299.09,4299.78,4294.65,4297.75,6720.317
2025-09-07 05:15:00,4297.75,4302.0,4295.65,4300.15,7883.063
2025-09-07 05:30:00,4300.19,4300.2,4292.99,4292.99,7854.627
2025-09-07 05:45:00,4293.0,4294.29,4290.6,4292.61,8258.968
2025-09-07 06:00:00,4292.61,4294.0,4288.92,4288.92,5711.369
2025-09-07 06:15:00,4288.93,4290.17,4286.07,4288.8,11058.355
2025-09-07 06:30:00,4288.8,4291.5,4281.29,4284.5,16246.147
2025-09-07 06:45:00,4284.51,4288.56,4280.57,4282.0,7926.171
2025-09-07 07:00:00,4282.0,4284.65,4276.0,4283.6,18946.248
2025-09-07 07:15:00,4283.59,4292.6,4281.24,4291.01,11131.612
2025-09-07 07:30:00,4291.01,4305.73,4291.01,4297.2,36973.524
2025-09-07 07:45:00,4297.2,4300.2,4289.63,4293.0,19391.467
2025-09-07 08:00:00,4293.0,4300.8,4292.64,4299.68,19108.304
2025-09-07 08:15:00,4299.67,4313.47,4297.8,4307.0,38186.236
2025-09-07 08:30:00,4307.0,4312.0,4302.0,4302.01,17263.528
2025-09-07 08:45:00,4302.01,4307.76,4299.35,4299.36,13641.678
2025-09-07 09:00:00,4299.35,4306.79,4297.43,4304.51,10240.01
2025-09-07 09:15:00,4304.51,4309.48,4298.0,4299.21,12939.561
2025-09-07 09:30:00,4299.22,4299.22,4292.0,4292.4,18747.133
2025-09-07 09:45:00,4292.4,4298.0,4290.0,4297.81,14170.428
2025-09-07 10:00:00,4297.82,4304.0,4294.57,4303.33,10104.451
2025-09-07 10:15:00,4303.34,4304.41,4296.0,4297.75,5569.216
2025-09-07 10:30:00,4297.75,4303.33,4297.74,4300.28,4940.571
2025-09-07 10:45:00,4300.29,4303.0,4296.85,4302.81,8676.93
2025-09-07 11:00:00,4302.81,4306.73,4302.45,4304.41,8607.636
2025-09-07 11:15:00,4304.4,4305.0,4301.1,4301.52,5895.164
2025-09-07 11:30:00,4301.52,4304.44,4301.4,4303.45,4633.385
2025-09-07 11:45:00,4303.46,4308.45,4301.61,4308.45,8889.426
2025-09-07 12:00:00,4308.44,4308.96,4295.03,4298.11,17479.972
2025-09-07 12:15:00,4298.1,4298.11,4291.64,4294.55,11750.095
2025-09-07 12:30:00,4294.54,4301.67,4293.21,4295.81,16660.087
2025-09-07 12:45:00,4295.81,4298.88,4294.24,4298.88,5498.477
2025-09-07 13:00:00,4298.88,4299.09,4294.47,4294.47,5306.092
2025-09-07 13:15:00,4294.48,4296.69,4285.94,4296.2,25250.727
2025-09-07 13:30:00,4296.19,4306.0,4295.42,4300.0,16223.128
2025-09-07 13:45:00,4300.0,4303.86,4296.01,4302.9,7353.177
2025-09-07 14:00:00,4302.9,4308.0,4295.6,4300.64,18134.111
2025-09-07 14:15:00,4300.65,4305.42,4295.13,4298.63,10931.008
2025-09-07 14:30:00,4298.63,4309.98,4295.29,4308.8,15000.612
2025-09-07 14:45:00,4308.8,4308.88,4294.55,4297.92,17210.59
2025-09-07 15:00:00,4297.92,4298.4,4294.02,4295.13,11284.666
2025-09-07 15:15:00,4295.12,4302.56,4294.73,4297.92,11737.443
2025-09-07 15:30:00,4297.91,4302.78,4295.33,4302.33,7838.349
2025-09-07 15:45:00,4302.33,4302.86,4295.01,4297.23,6582.903
2025-09-07 16:00:00,4297.23,4299.5,4290.2,4292.57,16772.536
2025-09-07 16:15:00,4292.57,4294.3,4283.0,4288.8,25744.004
2025-09-07 16:30:00,4288.8,4291.53,4283.28,4289.4,14775.175
2025-09-07 16:45:00,4289.39,4290.66,4281.02,4281.89,15899.401
2025-09-07 17:00:00,4281.89,4286.0,4272.71,4275.68,26801.858
2025-09-07 17:15:00,4275.68,4280.54,4269.0,4272.11,50978.12
2025-09-07 17:30:00,4272.11,4283.67,4270.34,4281.67,13023.552
2025-09-07 17:45:00,4281.67,4283.57,4273.33,4273.34,7942.864
2025-09-07 18:00:00,4273.34,4280.26,4271.8,4278.02,7004.633
2025-09-07 18:15:00,4278.02,4281.97,4273.81,4273.81,5574.571
2025-09-07 18:30:00,4273.82,4279.0,4268.01,4275.45,16398.501
2025-09-07 18:45:00,4275.45,4282.0,4274.0,4279.59,7419.376
2025-09-07 19:00:00,4279.6,4286.88,4275.81,4275.94,15495.211
2025-09-07 19:15:00,4275.94,4281.87,4275.0,4280.0,5973.324
2025-09-07 19:30:00,4280.0,4295.0,4279.12,4294.36,14156.11
2025-09-07 19:45:00,4294.36,4294.97,4288.66,4291.75,6512.857
2025-09-07 20:00:00,4291.75,4292.27,4279.25,4279.8,8840.958
2025-09-07 20:15:00,4279.79,4285.05,4279.44,4283.8,2773.918
2025-09-07 20:30:00,4283.8,4285.6,4281.12,4285.6,2381.01
2025-09-07 20:45:00,4285.59,4298.99,4285.34,4298.55,11115.118
2025-09-07 21:00:00,4298.56,4298.92,4288.0,4295.84,9148.132
2025-09-07 21:15:00,4295.84,4295.84,4286.09,4286.48,5799.101
2025-09-07 21:30:00,4286.48,4294.25,4286.48,4288.98,5783.691
2025-09-07 21:45:00,4288.98,4292.0,4285.0,4286.29,3631.47
2025-09-07 22:00:00,4286.29,4295.0,4284.79,4294.99,10609.989
2025-09-07 22:15:00,4295.0,4304.56,4295.0,4302.27,18942.267
2025-09-07 22:30:00,4302.28,4304.99,4293.01,4300.14,8728.236
2025-09-07 22:45:00,4300.15,4308.99,4300.15,4307.6,13613.143
2025-09-07 23:00:00,4307.6,4317.85,4307.59,4314.0,32336.927
2025-09-07 23:15:00,4314.0,4336.0,4313.11,4326.52,47612.26
2025-09-07 23:30:00,4326.51,4328.7,4317.15,4322.64,12787.147
2025-09-07 23:45:00,4322.64,4324.17,4296.55,4304.1,33849.377
2025-09-08 00:00:00,4304.1,4313.0,4299.01,4302.38,18758.639
2025-09-08 00:15:00,4302.38,4316.0,4290.43,4315.11,23984.708
2025-09-08 00:30:00,4315.11,4317.01,4304.6,4310.09,18359.122
2025-09-08 00:45:00,4310.09,4310.9,4293.55,4297.35,16087.791
2025-09-08 01:00:00,4297.35,4301.04,4290.5,4292.19,18208.212
2025-09-08 01:15:00,4292.19,4296.0,4281.43,4285.7,24889.996
2025-09-08 01:30:00,4285.7,4297.5,4285.0,4290.0,11662.623
2025-09-08 01:45:00,4290.01,4293.67,4286.84,4291.01,9607.851
2025-09-08 02:00:00,4291.01,4293.68,4283.02,4290.39,10047.211
2025-09-08 02:15:00,4290.4,4294.84,4277.0,4285.41,21014.876
2025-09-08 02:30:00,4285.41,4307.36,4283.67,4301.2,29942.245
2025-09-08 02:45:00,4301.2,4307.68,4298.14,4307.3,16846.771
2025-09-08 03:00:00,4307.31,4310.99,4302.01,4306.54,16543.23
2025-09-08 03:15:00,4306.55,4309.29,4303.0,4307.85,10883.328
2025-09-08 03:30:00,4307.85,4329.48,4307.75,4315.53,45001.863
2025-09-08 03:45:00,4315.54,4317.5,4305.15,4310.0,24151.356
2025-09-08 04:00:00,4310.0,4312.0,4295.38,4303.0,21513.411
2025-09-08 04:15:00,4303.0,4306.32,4298.8,4303.95,9733.059
2025-09-08 04:30:00,4303.95,4308.45,4298.53,4301.79,9884.958
2025-09-08 04:45:00,4301.79,4302.86,4293.9,4296.08,14887.45
2025-09-08 05:00:00,4296.07,4301.42,4294.0,4295.43,7474.532
2025-09-08 05:15:00,4295.43,4302.97,4292.03,4295.78,10193.06
2025-09-08 05:30:00,4295.78,4296.02,4288.0,4288.16,18671.455
2025-09-08 05:45:00,4288.16,4297.0,4287.89,4295.44,7431.87
2025-09-08 06:00:00,4295.43,4297.53,4287.9,4292.5,11683.49
2025-09-08 06:15:00,4292.5,4301.49,4290.68,4300.17,15357.767
2025-09-08 06:30:00,4300.16,4302.0,4297.33,4298.25,8816.358
2025-09-08 06:45:00,4298.24,4298.25,4290.13,4290.23,12037.146
2025-09-08 07:00:00,4290.22,4297.5,4289.13,4297.42,9653.041
2025-09-08 07:15:00,4297.42,4308.15,4295.28,4304.0,18120.622
2025-09-08 07:30:00,4304.01,4310.41,4289.84,4293.95,28289.298
2025-09-08 07:45:00,4293.95,4294.63,4285.68,4290.7,17332.89
2025-09-08 08:00:00,4290.7,4293.6,4286.51,4290.87,12077.805
2025-09-08 08:15:00,4290.87,4297.46,4287.5,4293.24,12251.402
2025-09-08 08:30:00,4293.25,4303.39,4292.48,4300.72,25464.132
2025-09-08 08:45:00,4300.72,4303.67,4294.0,4300.47,20305.528
2025-09-08 09:00:00,4300.47,4316.68,4295.54,4315.47,30550.736
2025-09-08 09:15:00,4315.47,4333.0,4315.33,4318.79,76752.93
2025-09-08 09:30:00,4318.8,4319.79,4305.21,4311.36,36802.698
2025-09-08 09:45:00,4311.36,4318.04,4309.71,4318.04,18947.853
2025-09-08 10:00:00,4318.04,4328.88,4313.53,4322.49,28496.037
2025-09-08 10:15:00,4322.49,4332.0,4320.0,4330.74,27057.529
2025-09-08 10:30:00,4330.74,4333.0,4319.01,4332.89,27253.493
2025-09-08 10:45:00,4332.88,4336.74,4325.0,4327.0,26627.45
2025-09-08 11:00:00,4327.01,4328.38,4316.0,4318.43,27867.713
2025-09-08 11:15:00,4318.43,4323.08,4298.34,4302.76,45148.912
2025-09-08 11:30:00,4302.76,4305.32,4297.11,4305.0,34951.039
2025-09-08 11:45:00,4304.99,4318.48,4304.99,4310.47,28381.459
2025-09-08 12:00:00,4310.47,4318.0,4305.0,4306.54,18586.269
2025-09-08 12:15:00,4306.55,4315.0,4304.0,4313.67,15091.601
2025-09-08 12:30:00,4313.67,4320.61,4312.05,4319.58,15056.299
2025-09-08 12:45:00,4319.58,4321.0,4314.17,4318.5,11147.585
2025-09-08 13:00:00,4318.5,4361.5,4317.51,4357.63,123132.378
2025-09-08 13:15:00,4357.64,4361.41,4334.08,4338.5,68539.739
2025-09-08 13:30:00,4338.5,4347.55,4317.01,4331.39,95895.496
2025-09-08 13:45:00,4331.4,4338.89,4314.0,4318.24,51083.057
2025-09-08 14:00:00,4318.23,4335.0,4312.63,4325.5,45176.854
2025-09-08 14:15:00,4325.49,4343.68,4317.22,4341.27,36370.558
2025-09-08 14:30:00,4341.24,4357.39,4336.0,4341.96,62057.49
2025-09-08 14:45:00,4341.96,4352.85,4338.57,4348.82,20893.87
2025-09-08 15:00:00,4348.82,4367.21,4342.18,4361.19,73076.702
2025-09-08 15:15:00,4361.19,4382.36,4361.19,4379.6,103689.818
2025-09-08 15:30:00,4379.6,4380.53,4360.05,4369.99,43719.61
2025-09-08 15:45:00,4370.0,4372.03,4360.0,4370.0,27891.462
2025-09-08 16:00:00,4369.99,4371.94,4356.28,4356.43,26519.536
2025-09-08 16:15:00,4356.44,4367.01,4348.05,4364.17,34433.147
2025-09-08 16:30:00,4364.17,4365.0,4334.15,4345.67,44401.93
2025-09-08 16:45:00,4345.66,4345.72,4332.0,4337.85,36208.341
2025-09-08 17:00:00,4337.85,4339.0,4325.6,4329.15,37251.808
2025-09-08 17:15:00,4329.15,4342.39,4329.15,4339.12,29180.011
2025-09-08 17:30:00,4339.11,4339.79,4323.01,4323.5,21194.579
2025-09-08 17:45:00,4323.5,4327.85,4298.0,4309.6,93589.215
2025-09-08 18:00:00,4309.6,4322.22,4308.0,4316.86,31476.89
2025-09-08 18:15:00,4316.86,4327.54,4316.86,4327.18,18200.842
2025-09-08 18:30:00,4327.18,4328.89,4317.88,4325.63,18541.339
2025-09-08 18:45:00,4325.63,4334.71,4325.31,4328.38,14061.914
2025-09-08 19:00:00,4328.38,4328.38,4307.65,4313.06,24743.977
2025-09-08 19:15:00,4313.07,4314.75,4299.4,4309.85,31627.301
2025-09-08 19:30:00,4309.86,4310.52,4282.23,4291.8,61468.929
2025-09-08 19:45:00,4291.8,4299.89,4286.25,4292.0,27116.606
2025-09-08 20:00:00,4292.01,4296.97,4284.8,4288.4,19626.991
2025-09-08 20:15:00,4288.39,4289.76,4281.0,4285.54,20686.313
2025-09-08 20:30:00,4285.54,4302.33,4283.57,4287.29,22697.539
2025-09-08 20:45:00,4287.29,4298.25,4286.01,4297.59,9868.555
2025-09-08 21:00:00,4297.6,4304.0,4293.89,4301.6,10667.812
2025-09-08 21:15:00,4301.59,4308.0,4299.84,4306.9,10698.9
2025-09-08 21:30:00,4306.9,4316.68,4303.61,4308.51,13092.873
2025-09-08 21:45:00,4308.51,4320.88,4308.5,4320.87,13390.61
2025-09-08 22:00:00,4320.87,4332.85,4316.57,4322.88,28035.028
2025-09-08 22:15:00,4322.87,4324.0,4315.28,4317.6,11107.094
2025-09-08 22:30:00,4317.6,4319.29,4308.59,4314.42,13161.884
2025-09-08 22:45:00,4314.42,4318.5,4306.6,4310.04,13133.286
2025-09-08 23:00:00,4310.03,4319.25,4307.34,4313.5,11402.046
2025-09-08 23:15:00,4313.51,4319.4,4295.22,4302.5,20800.365
2025-09-08 23:30:00,4302.51,4304.81,4296.0,4299.1,16029.059
2025-09-08 23:45:00,4299.1,4312.0,4297.32,4305.16,12998.604
2025-09-09 00:00:00,4305.15,4310.7,4302.25,4307.41,13396.254
2025-09-09 00:15:00,4307.41,4314.86,4294.11,4299.3,22841.242
2025-09-09 00:30:00,4299.3,4299.6,4288.01,4298.99,24560.671
2025-09-09 00:45:00,4298.99,4307.12,4291.4,4301.22,16010.883
2025-09-09 01:00:00,4301.22,4307.84,4296.83,4297.74,14571.49
2025-09-09 01:15:00,4297.74,4297.74,4284.06,4290.0,34466.784
2025-09-09 01:30:00,4290.0,4295.22,4282.0,4294.0,20568.373
2025-09-09 01:45:00,4294.0,4294.0,4283.98,4286.53,13056.693
2025-09-09 02:00:00,4286.52,4288.13,4279.39,4282.0,22350.288
2025-09-09 02:15:00,4281.99,4291.0,4276.01,4284.71,23736.851
2025-09-09 02:30:00,4284.71,4295.0,4282.0,4288.89,16779.091
2025-09-09 02:45:00,4288.9,4292.91,4276.64,4290.12,23470.814
2025-09-09 03:00:00,4290.13,4297.0,4287.99,4295.13,17676.674
2025-09-09 03:15:00,4295.14,4304.04,4292.21,4300.64,23621.385
2025-09-09 03:30:00,4300.65,4303.0,4293.31,4300.51,13371.37
2025-09-09 03:45:00,4300.52,4307.91,4297.71,4305.5,17648.121
2025-09-09 04:00:00,4305.5,4307.0,4302.25,4302.65,9549.39
2025-09-09 04:15:00,4302.65,4314.44,4302.21,4310.43,26185.559
2025-09-09 04:30:00,4310.43,4313.6,4305.0,4308.94,19609.131
2025-09-09 04:45:00,4308.95,4316.69,4306.0,4312.5,14868.129
2025-09-09 05:00:00,4312.5,4313.0,4303.54,4305.37,17726.581
2025-09-09 05:15:00,4305.38,4309.5,4300.77,4306.2,22707.422
2025-09-09 05:30:00,4306.2,4310.0,4304.44,4309.99,9364.91
2025-09-09 05:45:00,4310.0,4319.79,4309.13,4317.56,15248.375
2025-09-09 06:00:00,4317.57,4342.29,4313.92,4340.9,64408.03
2025-09-09 06:15:00,4340.91,4351.8,4335.83,4344.48,69859.503
2025-09-09 06:30:00,4344.48,4369.77,4344.47,4359.48,77589.562
2025-09-09 06:45:00,4359.48,4374.07,4357.78,4364.13,52803.922
2025-09-09 07:00:00,4364.13,4376.94,4363.53,4372.99,35642.345
2025-09-09 07:15:00,4373.0,4380.0,4365.94,4370.79,41705.071
2025-09-09 07:30:00,4370.8,4371.12,4352.71,4354.4,46691.034
2025-09-09 07:45:00,4354.4,4360.29,4345.0,4360.27,43661.795
2025-09-09 08:00:00,4360.27,4365.71,4354.06,4356.0,22131.003
2025-09-09 08:15:00,4356.0,4358.83,4342.0,4358.13,29527.059
2025-09-09 08:30:00,4358.13,4365.0,4358.13,4360.15,17483.771
2025-09-09 08:45:00,4360.15,4360.78,4348.15,4358.39,22016.245
2025-09-09 09:00:00,4358.39,4360.0,4351.0,4355.1,9136.61
2025-09-09 09:15:00,4355.11,4364.99,4355.1,4364.98,13988.71
2025-09-09 09:30:00,4364.98,4365.0,4358.18,4360.25,7917.289
2025-09-09 09:45:00,4360.26,4361.6,4353.56,4355.96,10256.721
2025-09-09 10:00:00,4355.97,4362.0,4355.3,4357.48,7611.77
2025-09-09 10:15:00,4357.47,4360.21,4345.03,4345.34,17450.957
2025-09-09 10:30:00,4345.34,4360.44,4341.0,4357.59,25821.326
2025-09-09 10:45:00,4357.58,4357.6,4342.0,4347.46,22489.996
2025-09-09 11:00:00,4347.46,4354.0,4346.0,4349.66,8671.642
2025-09-09 11:15:00,4349.67,4355.44,4343.5,4353.6,16077.039
2025-09-09 11:30:00,4353.6,4354.8,4347.06,4351.48,8707.726
2025-09-09 11:45:00,4351.48,4354.68,4345.38,4346.65,8388.6
2025-09-09 12:00:00,4346.66,4358.0,4327.33,4355.62,63801.116
2025-09-09 12:15:00,4355.62,4366.57,4354.56,4365.4,30669.579
2025-09-09 12:30:00,4365.4,4366.41,4345.67,4347.4,37661.56
2025-09-09 12:45:00,4347.4,4353.85,4343.8,4344.49,17081.322
2025-09-09 13:00:00,4344.49,4346.96,4327.0,4339.11,60153.716
2025-09-09 13:15:00,4339.11,4342.99,4323.2,4341.04,45825.168
2025-09-09 13:30:00,4341.04,4358.98,4337.45,4356.45,51713.389
2025-09-09 13:45:00,4356.44,4359.66,4337.85,4345.99,35363.231
2025-09-09 14:00:00,4346.0,4361.85,4305.21,4335.12,205569.669
2025-09-09 14:15:00,4335.12,4336.0,4313.0,4321.88,49795.417
2025-09-09 14:30:00,4321.88,4321.89,4284.0,4291.74,137561.568
2025-09-09 14:45:00,4291.74,4306.0,4287.24,4304.77,42102.782
2025-09-09 15:00:00,4304.77,4308.88,4283.75,4291.17,48894.588
2025-09-09 15:15:00,4291.17,4297.64,4282.0,4290.09,44544.138
2025-09-09 15:30:00,4290.08,4292.74,4276.67,4278.57,54973.121
2025-09-09 15:45:00,4278.58,4295.56,4277.35,4284.51,46517.167
2025-09-09 16:00:00,4284.51,4294.0,4279.22,4293.99,25184.203
2025-09-09 16:15:00,4293.99,4297.0,4280.93,4286.38,23957.054
2025-09-09 16:30:00,4286.37,4290.34,4281.0,4282.01,16589.402
2025-09-09 16:45:00,4282.01,4288.63,4277.14,4287.3,20264.476
2025-09-09 17:00:00,4287.3,4296.85,4286.0,4290.35,28159.971
2025-09-09 17:15:00,4290.35,4292.94,4280.09,4283.58,24798.522
2025-09-09 17:30:00,4283.59,4286.0,4278.98,4285.9,15583.353
2025-09-09 17:45:00,4285.9,4287.99,4280.16,4285.22,12261.71
2025-09-09 18:00:00,4285.21,4290.59,4280.07,4284.99,16235.637
2025-09-09 18:15:00,4284.99,4293.0,4283.46,4289.57,11175.476
2025-09-09 18:30:00,4289.57,4289.76,4281.76,4282.33,9685.186
2025-09-09 18:45:00,4282.34,4289.97,4282.11,4285.9,7228.486
2025-09-09 19:00:00,4285.9,4292.35,4284.32,4290.3,8625.214
2025-09-09 19:15:00,4290.3,4295.0,4287.78,4294.85,10190.998
2025-09-09 19:30:00,4294.85,4299.0,4290.0,4291.6,10690.395
2025-09-09 19:45:00,4291.6,4297.5,4291.28,4293.88,6547.527
2025-09-09 20:00:00,4293.87,4294.26,4283.5,4286.88,15777.237
2025-09-09 20:15:00,4286.88,4291.78,4280.55,4283.6,10294.684
2025-09-09 20:30:00,4283.6,4289.22,4283.59,4286.38,4554.076
2025-09-09 20:45:00,4286.38,4305.0,4286.37,4304.43,27234.978
2025-09-09 21:00:00,4304.43,4319.94,4299.01,4313.69,26816.673
2025-09-09 21:15:00,4313.73,4319.26,4292.63,4298.46,17455.848
2025-09-09 21:30:00,4298.46,4312.29,4295.8,4301.96,10324.799
2025-09-09 21:45:00,4301.96,4303.61,4296.67,4301.9,4831.62
2025-09-09 22:00:00,4301.89,4315.87,4298.39,4313.58,12847.607
2025-09-09 22:15:00,4313.59,4314.19,4307.68,4308.25,8735.557
2025-09-09 22:30:00,4308.25,4314.29,4306.81,4314.29,8392.571
2025-09-09 22:45:00,4314.28,4318.3,4309.12,4318.19,12594.899
2025-09-09 23:00:00,4318.2,4318.64,4311.43,4312.0,9362.092
2025-09-09 23:15:00,4312.01,4312.44,4304.57,4307.42,8439.021
2025-09-09 23:30:00,4307.42,4315.07,4302.0,4314.99,19571.237
2025-09-17 06:30:00,4516.68,4537.49,4516.67,4536.04,45216.478
2025-09-17 06:45:00,4536.04,4547.86,4528.0,4543.0,50168.32
2025-09-17 07:00:00,4543.01,4546.68,4534.65,4544.15,28774.267
2025-09-17 07:15:00,4544.14,4552.94,4534.23,4539.16,42191.626
2025-09-17 07:30:00,4539.16,4543.0,4536.32,4537.53,18296.217
2025-09-17 07:45:00,4537.53,4543.2,4537.52,4541.69,10281.185
2025-09-17 08:00:00,4541.68,4543.0,4514.06,4514.5,51693.986
2025-09-17 08:15:00,4514.5,4520.9,4506.46,4508.7,30870.174
2025-09-17 08:30:00,4508.69,4510.92,4490.74,4500.45,72807.016
2025-09-17 08:45:00,4500.45,4512.0,4498.5,4509.01,20183.365
2025-09-17 09:00:00,4509.01,4509.01,4501.7,4504.01,13454.213
2025-09-17 09:15:00,4504.0,4508.23,4499.01,4505.18,13849.709
2025-09-17 09:30:00,4505.18,4508.0,4499.01,4501.91,9914.925
2025-09-17 09:45:00,4501.9,4503.2,4491.55,4492.8,17841.845
2025-09-17 10:00:00,4492.81,4499.28,4487.0,4488.22,20024.154
2025-09-17 10:15:00,4488.21,4490.9,4480.43,4483.16,26715.136
2025-09-17 10:30:00,4483.16,4489.41,4476.67,4486.0,23643.582
2025-09-17 10:45:00,4485.99,4487.13,4476.54,4481.86,19232.276
2025-09-17 11:00:00,4481.85,4489.0,4477.6,4487.82,23628.491
2025-09-17 11:15:00,4487.82,4495.78,4485.18,4491.74,20743.586
2025-09-17 11:30:00,4491.74,4492.8,4487.62,4489.0,9041.574
2025-09-17 11:45:00,4489.01,4494.4,4489.0,4489.64,8228.029
2025-09-17 12:00:00,4489.64,4492.4,4481.01,4488.74,15937.294
2025-09-17 12:15:00,4488.75,4504.55,4482.88,4504.32,21796.516
2025-09-17 12:30:00,4504.31,4511.27,4490.26,4496.62,33356.989
2025-09-17 12:45:00,4496.62,4504.87,4494.35,4500.19,12246.62
2025-09-17 13:00:00,4500.2,4509.0,4498.38,4504.49,19396.114
2025-09-17 13:15:00,4504.5,4510.94,4500.74,4502.51,14638.036
2025-09-17 13:30:00,4502.5,4504.96,4481.01,4487.84,45382.97
2025-09-17 13:45:00,4487.84,4504.97,4483.52,4494.0,32471.259
2025-09-17 14:00:00,4494.0,4502.0,4490.28,4498.99,15674.54
2025-09-17 14:15:00,4498.99,4500.67,4466.1,4472.5,47147.807
2025-09-17 14:30:00,4472.5,4487.55,4465.0,4483.5,41615.632
2025-09-17 14:45:00,4483.51,4493.33,4476.99,4487.8,22425.069
2025-09-17 15:00:00,4487.8,4496.85,4484.11,4494.5,16035.312
2025-09-17 15:15:00,4494.5,4497.0,4479.57,4480.0,17393.149
2025-09-17 15:30:00,4480.0,4495.98,4480.0,4491.68,20257.532
2025-09-17 15:45:00,4491.7,4493.0,4485.71,4487.5,8622.828
2025-09-17 16:00:00,4487.5,4487.5,4476.01,4478.76,17573.915
2025-09-17 16:15:00,4478.8,4482.35,4467.95,4481.37,27565.767
2025-09-17 16:30:00,4481.37,4485.71,4478.0,4484.25,13800.036
2025-09-17 16:45:00,4484.25,4490.54,4480.47,4485.62,15663.99
2025-09-17 17:00:00,4485.61,4492.19,4478.0,4480.24,19606.127
2025-09-17 17:15:00,4480.24,4483.69,4471.5,4480.52,19337.302
2025-09-17 17:30:00,4480.52,4532.27,4480.0,4509.18,107949.802
2025-09-17 17:45:00,4509.18,4526.81,4421.36,4421.36,174944.281
2025-09-17 18:00:00,4421.36,4520.0,4398.0,4455.0,438685.609
2025-09-17 18:15:00,4454.99,4499.0,4434.0,4495.41,147235.482
2025-09-17 18:30:00,4495.41,4496.48,4435.2,4440.21,162865.574
2025-09-17 18:45:00,4440.21,4460.0,4422.0,4453.77,138367.816
2025-09-17 19:00:00,4453.7,4493.63,4450.24,4470.28,114360.254
2025-09-17 19:15:00,4470.28,4514.26,4470.07,4504.81,69469.175
2025-09-17 19:30:00,4504.81,4513.74,4493.1,4506.0,44748.977
2025-09-17 19:45:00,4506.0,4524.28,4497.39,4515.0,35403.155
2025-09-17 20:00:00,4514.89,4538.91,4514.73,4529.37,48278.739
2025-09-17 20:15:00,4529.37,4538.09,4510.67,4512.48,36706.511
2025-09-17 20:30:00,4512.48,4524.36,4500.03,4507.2,27633.077
2025-09-17 20:45:00,4507.2,4514.67,4492.71,4499.49,23765.818
2025-09-17 21:00:00,4499.5,4518.0,4483.74,4515.62,40475.516
2025-09-17 21:15:00,4515.63,4523.86,4511.47,4514.21,15542.424
2025-09-17 21:30:00,4514.21,4528.0,4514.21,4527.49,12899.817
2025-09-17 21:45:00,4527.49,4537.0,4521.74,4526.96,21405.171
2025-09-17 22:00:00,4526.96,4548.8,4525.0,4545.95,33119.361
2025-09-17 22:15:00,4545.95,4565.3,4537.36,4561.7,47334.773
2025-09-17 22:30:00,4561.71,4575.8,4560.04,4572.79,39912.182
2025-09-17 22:45:00,4572.79,4599.59,4568.03,4584.64,70299.247
2025-09-17 23:00:00,4584.63,4614.75,4584.19,4599.28,63585.365
2025-09-17 23:15:00,4599.28,4603.39,4582.0,4585.59,43878.191
2025-09-17 23:30:00,4585.6,4599.79,4577.25,4584.99,26662.686
2025-09-17 23:45:00,4585.0,4594.45,4584.99,4587.77,13736.167
2025-09-18 00:00:00,4587.77,4607.48,4587.77,4604.67,56669.985
2025-09-18 00:15:00,4604.68,4606.5,4590.06,4592.0,22403.986
2025-09-18 00:30:00,4592.01,4602.99,4591.4,4597.93,20305.016
2025-09-18 00:45:00,4597.93,4601.6,4581.0,4582.76,27479.276
2025-09-18 01:00:00,4582.76,4606.75,4576.95,4601.52,41298.138
2025-09-18 01:15:00,4601.52,4611.66,4598.02,4606.61,23148.018
2025-09-18 01:30:00,4606.61,4630.53,4605.1,4629.14,63481.672
2025-09-18 01:45:00,4629.15,4630.83,4614.5,4616.5,29427.773
2025-09-18 02:00:00,4616.49,4617.43,4605.5,4612.29,22649.513
2025-09-18 02:15:00,4612.3,4614.65,4602.15,4604.15,23411.368
2025-09-18 02:30:00,4604.16,4611.33,4603.0,4606.18,11871.703
2025-09-18 02:45:00,4606.18,4613.6,4603.18,4611.75,16852.314
2025-09-18 03:00:00,4611.74,4637.79,4607.0,4636.72,52631.513
2025-09-18 03:15:00,4636.73,4643.06,4621.73,4627.69,39300.588
2025-09-18 03:30:00,4627.68,4629.6,4618.07,4619.69,17867.494
2025-09-18 03:45:00,4619.7,4621.0,4611.15,4612.15,22385.444
2025-09-18 04:00:00,4612.15,4616.92,4607.2,4613.6,22700.754
2025-09-18 04:15:00,4613.59,4618.0,4603.5,4605.21,21336.621
2025-09-18 04:30:00,4605.21,4608.72,4596.21,4603.0,25842.877
2025-09-18 04:45:00,4603.0,4610.0,4600.2,4609.99,15505.512
2025-09-18 05:00:00,4609.99,4609.99,4599.0,4600.23,10037.161
2025-09-18 05:15:00,4600.24,4604.63,4587.57,4588.9,21638.025
2025-09-18 05:30:00,4588.89,4592.19,4582.25,4587.5,27486.299
2025-09-18 05:45:00,4587.49,4589.96,4583.5,4588.0,14785.084
2025-09-18 06:00:00,4587.99,4592.31,4558.41,4561.41,66355.548
2025-09-18 06:15:00,4561.4,4571.72,4554.21,4556.76,45838.393
2025-09-18 06:30:00,4556.65,4569.26,4551.0,4566.97,38645.837
2025-09-18 06:45:00,4566.97,4572.3,4562.58,4569.49,20196.963
2025-09-18 07:00:00,4569.5,4577.44,4569.49,4576.18,21785.851
2025-09-18 07:15:00,4576.18,4580.21,4569.1,4576.29,17565.861
2025-09-18 07:30:00,4576.29,4580.01,4570.75,4579.0,12272.035
2025-09-18 07:45:00,4579.0,4581.6,4572.3,4572.68,12240.806
2025-09-18 08:00:00,4572.69,4581.5,4569.28,4581.19,16282.343
2025-09-18 08:15:00,4581.19,4592.69,4578.22,4590.11,28423.609
2025-09-18 08:30:00,4590.1,4606.31,4587.57,4591.5,35064.622
2025-09-18 08:45:00,4591.51,4601.45,4590.0,4600.0,16156.738
2025-09-18 09:00:00,4600.0,4601.45,4590.66,4593.48,11116.304
2025-09-18 09:15:00,4593.47,4601.2,4593.47,4598.99,11958.131
2025-09-18 09:30:00,4599.0,4601.99,4587.38,4590.3,18621.85
2025-09-18 09:45:00,4590.3,4597.24,4589.22,4595.23,7418.22
2025-09-18 10:00:00,4595.24,4598.9,4580.01,4585.27,22996.157
2025-09-18 10:15:00,4585.28,4587.8,4568.0,4569.61,32110.907
2025-09-18 10:30:00,4569.62,4578.4,4569.21,4576.44,12607.293
2025-09-18 10:45:00,4576.45,4576.45,4571.0,4572.3,9843.268
2025-09-18 11:00:00,4572.3,4581.99,4571.99,4580.07,15850.6
2025-09-18 11:15:00,4580.1,4586.71,4579.42,4581.2,12535.302
2025-09-18 11:30:00,4581.21,4584.3,4571.5,4573.64,7393.841
2025-09-18 11:45:00,4573.64,4575.35,4567.0,4574.14,16791.782
2025-09-18 12:00:00,4574.15,4579.92,4566.57,4578.65,16120.054
2025-09-18 12:15:00,4578.66,4586.41,4573.0,4583.65,20668.455
2025-09-18 12:30:00,4583.64,4584.0,4566.26,4576.95,21492.257
2025-09-18 12:45:00,4576.94,4579.52,4569.0,4569.0,9771.441
2025-09-18 13:00:00,4569.0,4580.0,4561.34,4579.2,27690.068
2025-09-18 13:15:00,4579.21,4584.98,4576.44,4582.77,22596.129
2025-09-18 13:30:00,4582.77,4603.0,4568.47,4571.74,78115.06
2025-09-18 13:45:00,4571.72,4586.45,4555.25,4585.96,61314.034
2025-09-18 14:00:00,4585.96,4617.61,4584.62,4605.0,76658.842
2025-09-18 14:15:00,4605.0,4623.28,4602.57,4606.43,62535.931
2025-09-18 14:30:00,4606.44,4611.73,4591.0,4597.98,37729.453
2025-09-18 14:45:00,4597.99,4598.6,4587.05,4594.01,28821.166
2025-09-18 15:00:00,4594.01,4604.36,4586.55,4588.44,28314.672
2025-09-18 15:15:00,4588.45,4604.12,4584.0,4588.34,22910.262
2025-09-18 15:30:00,4588.34,4599.5,4588.33,4595.47,18624.42
2025-09-18 15:45:00,4595.48,4606.0,4594.2,4597.09,26746.985
2025-09-18 16:00:00,4597.08,4604.34,4587.48,4596.69,18122.077
2025-09-18 16:15:00,4596.68,4617.13,4596.34,4614.67,61607.536
2025-09-18 16:30:00,4614.67,4630.85,4608.77,4627.54,50857.193
2025-09-18 16:45:00,4627.54,4634.3,4618.0,4619.0,39242.386
2025-09-18 17:00:00,4619.0,4622.71,4604.0,4614.45,40965.902
2025-09-18 17:15:00,4614.45,4630.0,4602.63,4605.74,40321.277
2025-09-18 17:30:00,4605.73,4606.22,4594.55,4602.76,25068.965
2025-09-18 17:45:00,4602.77,4613.0,4602.0,4607.12,13962.967
2025-09-18 18:00:00,4607.11,4612.14,4600.6,4609.99,10092.465
2025-09-18 18:15:00,4609.99,4612.74,4603.77,4609.28,9320.968
2025-09-18 18:30:00,4609.28,4611.79,4601.08,4605.59,8755.4
2025-09-18 18:45:00,4605.6,4620.96,4605.6,4615.87,15410.16
2025-09-18 19:00:00,4615.88,4616.94,4604.44,4604.48,9092.514
2025-09-18 19:15:00,4604.52,4607.15,4588.42,4589.5,17632.366
2025-09-18 19:30:00,4589.49,4594.11,4578.55,4591.99,33270.581
2025-09-18 19:45:00,4592.0,4593.38,4584.18,4586.4,13584.898
2025-09-18 20:00:00,4586.39,4595.0,4584.69,4593.44,8160.518
2025-09-18 20:15:00,4593.44,4595.95,4587.5,4589.95,4336.64
2025-09-18 20:30:00,4589.96,4601.62,4587.67,4600.46,7816.694
2025-09-18 20:45:00,4600.45,4603.45,4598.0,4602.85,8987.898
2025-09-18 21:00:00,4602.86,4603.04,4592.0,4592.01,4212.129
2025-09-18 21:15:00,4592.0,4596.78,4588.21,4592.06,7697.106
2025-09-18 21:30:00,4592.05,4595.95,4591.1,4593.35,3849.994
2025-09-18 21:45:00,4593.34,4601.18,4589.44,4592.32,3864.667
2025-09-18 22:00:00,4592.31,4592.78,4584.44,4585.27,9866.081
2025-09-18 22:15:00,4585.28,4594.54,4584.71,4593.28,3815.564
2025-09-18 22:30:00,4593.28,4599.76,4593.27,4596.99,3885.895
2025-09-18 22:45:00,4596.99,4598.76,4586.67,4588.99,10324.776
2025-09-18 23:00:00,4588.99,4589.0,4570.7,4580.02,28193.546
2025-09-18 23:15:00,4580.01,4580.01,4568.22,4575.77,16847.033
2025-09-18 23:30:00,4575.78,4585.87,4574.48,4584.01,10389.779
2025-09-18 23:45:00,4584.01,4590.39,4582.86,4585.49,10963.081
2025-09-19 00:00:00,4585.5,4592.0,4584.95,4587.56,9289.06
2025-09-19 00:15:00,4587.57,4599.65,4587.0,4597.74,11862.345
2025-09-19 00:30:00,4597.75,4610.95,4596.4,4607.96,24541.301
2025-09-19 00:45:00,4607.97,4610.0,4599.3,4607.21,16266.696
2025-09-19 01:00:00,4607.2,4610.6,4598.0,4601.04,17014.779
2025-09-19 01:15:00,4601.05,4615.1,4595.9,4614.35,21091.569
2025-09-19 01:30:00,4614.36,4619.38,4601.95,4603.17,25645.317
2025-09-19 01:45:00,4603.17,4608.0,4598.0,4604.75,16328.509
2025-09-19 02:00:00,4604.75,4613.0,4595.01,4596.05,14932.425
2025-09-19 02:15:00,4596.06,4600.18,4587.74,4589.77,19652.213
2025-09-19 02:30:00,4589.77,4598.0,4586.5,4590.83,10608.025
2025-09-19 02:45:00,4590.83,4594.67,4586.51,4587.45,10946.765
2025-09-19 03:00:00,4587.45,4597.3,4587.22,4594.33,11600.719
2025-09-19 03:15:00,4594.32,4599.99,4570.0,4576.14,32304.354
2025-09-19 03:30:00,4576.13,4576.69,4541.01,4551.92,106759.827
2025-09-19 03:45:00,4551.92,4554.48,4542.47,4548.41,46357.706
2025-09-19 04:00:00,4548.4,4549.15,4530.4,4533.45,63560.472
2025-09-19 04:15:00,4533.45,4547.5,4533.0,4547.5,29600.534
2025-09-19 04:30:00,4547.49,4552.91,4542.06,4548.4,23685.724
2025-09-19 04:45:00,4548.4,4557.44,4547.9,4555.94,15291.178
2025-09-19 05:00:00,4555.99,4556.6,4547.3,4552.34,12097.252
2025-09-19 05:15:00,4552.34,4552.34,4526.7,4529.66,36276.975
2025-09-19 05:30:00,4529.65,4539.44,4526.08,4534.68,25324.159
2025-09-19 05:45:00,4534.69,4542.0,4534.26,4539.31,12186.848
2025-09-19 06:00:00,4539.31,4540.23,4531.0,4531.82,13029.141
2025-09-19 06:15:00,4531.82,4541.0,4528.4,4532.95,16023.521
2025-09-19 06:30:00,4532.96,4536.41,4527.13,4531.45,11383.59
2025-09-19 06:45:00,4531.44,4534.7,4517.59,4522.63,39375.823
2025-09-19 07:00:00,4522.63,4528.73,4516.57,4526.84,29892.085
2025-09-19 07:15:00,4526.85,4535.0,4526.84,4533.3,17595.507
2025-09-19 07:30:00,4533.3,4541.51,4530.24,4540.17,19614.929
2025-09-19 07:45:00,4540.16,4540.23,4535.01,4536.4,12251.77
2025-09-19 08:00:00,4536.41,4543.12,4535.63,4541.0,11272.459
2025-09-19 08:15:00,4541.01,4547.39,4538.43,4539.0,15497.705
2025-09-19 08:30:00,4539.0,4539.82,4529.17,4535.04,14851.757
2025-09-19 08:45:00,4535.04,4535.05,4530.0,4532.25,5655.836
2025-09-19 09:00:00,4532.25,4541.0,4531.12,4539.9,8335.046
2025-09-19 09:15:00,4539.89,4541.61,4525.47,4530.07,20761.473
2025-09-19 09:30:00,4530.07,4538.26,4525.53,4525.53,12062.583
2025-09-19 09:45:00,4525.54,4528.32,4512.52,4520.93,43156.655
2025-09-19 10:00:00,4520.93,4527.65,4515.0,4526.85,22801.974
2025-09-19 10:15:00,4526.85,4531.42,4523.42,4523.6,15112.973
2025-09-19 10:30:00,4523.6,4530.96,4520.19,4529.06,14231.528
2025-09-19 10:45:00,4529.06,4530.0,4525.2,4525.35,6900.633
2025-09-19 11:00:00,4525.35,4526.75,4512.0,4519.16,22439.825
2025-09-19 11:15:00,4519.16,4522.37,4512.27,4513.41,17023.89
2025-09-19 11:30:00,4513.41,4515.56,4506.0,4507.37,32348.612
2025-09-19 11:45:00,4507.36,4515.5,4506.43,4512.01,15817.123
2025-09-19 12:00:00,4512.01,4517.45,4511.21,4516.93,14001.898
2025-09-19 12:15:00,4516.94,4518.6,4505.34,4511.36,23814.051
2025-09-19 12:30:00,4511.35,4519.5,4507.1,4517.16,19779.129
2025-09-19 12:45:00,4517.19,4518.5,4512.8,4516.61,8954.132
2025-09-19 13:00:00,4516.6,4527.17,4516.26,4525.01,21864.667
2025-09-19 13:15:00,4525.0,4532.76,4520.0,4523.0,23461.444
2025-09-19 13:30:00,4523.0,4528.74,4507.54,4519.81,37012.016
2025-09-19 13:45:00,4519.81,4534.9,4517.33,4525.81,26135.293
2025-09-19 14:00:00,4525.8,4538.32,4523.0,4536.36,27112.383
2025-09-19 14:15:00,4536.36,4541.57,4526.8,4530.8,28022.472
2025-09-19 14:30:00,4530.77,4538.5,4519.7,4520.99,22211.132
2025-09-19 14:45:00,4521.0,4523.68,4483.01,4492.86,146553.96
2025-09-19 15:00:00,4492.86,4495.0,4453.18,4460.72,150426.446
2025-09-19 15:15:00,4460.71,4467.89,4443.0,4466.05,104513.314
2025-09-19 15:30:00,4466.05,4477.0,4456.0,4473.05,49721.825
2025-09-19 15:45:00,4473.04,4475.55,4464.33,4472.72,24399.997
2025-09-19 16:00:00,4472.73,4481.0,4469.48,4480.28,30245.321
2025-09-19 16:15:00,4480.28,4482.89,4472.19,4481.23,19469.365
2025-09-19 16:30:00,4481.23,4483.53,4472.63,4481.14,17417.534
2025-09-19 16:45:00,4481.13,4487.47,4477.88,4478.71,18521.983
2025-09-19 17:00:00,4478.71,4478.88,4461.51,4463.24,27794.856
2025-09-19 17:15:00,4463.25,4473.92,4459.41,4470.01,20192.49
2025-09-19 17:30:00,4470.0,4470.0,4454.44,4463.36,21173.589
2025-09-19 17:45:00,4463.36,4464.9,4455.71,4457.64,12717.811
2025-09-19 18:00:00,4457.63,4460.77,4431.04,4446.51,63321.805
2025-09-19 18:15:00,4446.51,4452.8,4439.68,4449.0,24774.718
2025-09-19 18:30:00,4449.0,4459.88,4448.99,4455.67,15306.569
2025-09-19 18:45:00,4455.68,4459.17,4441.5,4446.72,17273.716
2025-09-19 19:00:00,4446.72,4459.38,4445.97,4457.42,17761.327
2025-09-19 19:15:00,4457.42,4464.01,4453.41,4462.3,8473.483
2025-09-19 19:30:00,4462.29,4463.93,4450.09,4450.09,11132.531
2025-09-19 19:45:00,4450.1,4453.0,4438.41,4438.42,15955.511
2025-09-19 20:00:00,4438.42,4452.47,4436.0,4448.29,14226.32
2025-09-19 20:15:00,4448.28,4462.06,4445.15,4460.32,11099.382
2025-09-19 20:30:00,4460.34,4462.5,4458.69,4462.43,5471.168
2025-09-19 20:45:00,4462.43,4462.83,4454.01,4457.58,7969.061
2025-09-19 21:00:00,4457.59,4460.5,4448.34,4460.49,7616.016
2025-09-19 21:15:00,4460.5,4461.0,4457.77,4460.05,4300.578
2025-09-19 21:30:00,4460.06,4470.0,4460.05,4469.21,15954.236
2025-09-19 21:45:00,4469.21,4470.0,4464.57,4469.37,6327.534
2025-09-19 22:00:00,4469.36,4473.46,4468.94,4473.34,7308.496
2025-09-19 22:15:00,4473.35,4476.5,4470.0,4470.61,7919.187
2025-09-19 22:30:00,4470.62,4473.27,4467.1,4467.83,5052.187
2025-09-19 22:45:00,4467.83,4472.44,4466.5,4466.5,4458.529
2025-09-19 23:00:00,4466.5,4467.75,4452.85,4454.52,12850.928
2025-09-19 23:15:00,4454.51,4459.16,4446.31,4447.39,16140.082
2025-09-19 23:30:00,4447.4,4457.63,4443.23,4457.63,10338.016
2025-09-19 23:45:00,4457.63,4467.62,4457.62,4466.99,10649.608
2025-09-20 00:00:00,4467.0,4470.0,4463.13,4467.33,9114.666
2025-09-20 00:15:00,4467.33,4469.49,4458.13,4460.54,9302.974
2025-09-20 00:30:00,4460.55,4471.43,4460.54,4471.0,10138.676
2025-09-20 00:45:00,4471.0,4474.02,4469.99,4474.01,9169.489
2025-09-20 01:00:00,4474.02,4474.2,4465.0,4465.01,8070.35
2025-09-20 01:15:00,4465.0,4471.95,4464.0,4468.3,5810.523
2025-09-20 01:30:00,4468.3,4469.45,4456.3,4468.25,14927.037
2025-09-20 01:45:00,4468.25,4470.0,4464.09,4464.1,5886.952
2025-09-20 02:00:00,4464.09,4464.67,4453.59,4456.71,10052.833
2025-09-20 02:15:00,4456.71,4463.45,4452.0,4460.49,10110.743
2025-09-20 02:30:00,4460.48,4464.55,4454.92,4463.62,7082.875
2025-09-20 02:45:00,4463.62,4467.01,4460.7,4463.42,5327.981
2025-09-20 03:00:00,4463.43,4464.12,4457.0,4461.77,6442.204
2025-09-20 03:15:00,4461.78,4466.0,4459.24,4459.63,4055.882
2025-09-20 03:30:00,4459.63,4464.69,4458.3,4463.36,5020.634
2025-09-20 03:45:00,4463.36,4464.67,4459.92,4463.6,4358.497
2025-09-20 04:00:00,4463.59,4466.48,4460.8,4466.23,6136.413
2025-09-20 04:15:00,4466.23,4466.37,4461.82,4462.75,3464.684
2025-09-20 04:30:00,4462.74,4471.3,4462.45,4470.77,9343.492
2025-09-20 04:45:00,4470.76,4473.99,4467.5,4471.96,7947.001
2025-09-20 05:00:00,4471.97,4472.73,4464.19,4472.3,10652.891
2025-09-20 05:15:00,4472.3,4474.92,4471.38,4474.2,5394.343
2025-09-20 05:30:00,4474.2,4483.0,4470.72,4472.92,24935.578
2025-09-20 05:45:00,4472.91,4477.95,4472.91,4476.25,6112.173
2025-09-20 06:00:00,4476.25,4476.25,4468.1,4469.42,6276.439
2025-09-20 06:15:00,4469.42,4473.27,4468.64,4473.19,4701.135
2025-09-20 06:30:00,4473.2,4474.15,4470.36,4471.97,5294.626
2025-09-20 06:45:00,4471.98,4474.36,4470.05,4471.3,3565.121
2025-09-20 07:00:00,4471.31,4474.0,4470.99,4471.8,4888.371
2025-09-20 07:15:00,4471.8,4473.7,4468.65,4468.65,7035.573
2025-09-20 07:30:00,4468.66,4475.85,4466.95,4473.62,11003.376
2025-09-20 07:45:00,4473.62,4481.24,4472.38,4481.15,17144.682
2025-09-20 08:00:00,4481.15,4481.15,4474.1,4474.85,10744.495
2025-09-20 08:15:00,4474.86,4476.3,4472.33,4473.07,5246.074
2025-09-20 08:30:00,4473.06,4476.47,4472.5,4474.84,4402.834
2025-09-20 08:45:00,4474.84,4474.84,4462.3,4463.55,13696.442
2025-09-20 09:00:00,4463.55,4470.0,4462.55,4468.94,7881.355
2025-09-20 09:15:00,4468.94,4469.74,4463.25,4463.27,5387.242
2025-09-27 16:15:00,4009.44,4013.8,4005.36,4009.54,10638.55
2025-09-27 16:30:00,4009.53,4012.8,4005.51,4008.11,7746.38
2025-09-27 16:45:00,4008.11,4010.6,4001.33,4005.47,8859.573
2025-09-27 17:00:00,4005.48,4005.77,3982.45,3993.11,44618.677
2025-09-27 17:15:00,3993.12,3993.22,3977.0,3987.41,36604.48
2025-09-27 17:30:00,3987.41,3998.49,3985.35,3994.1,15829.684
2025-09-27 17:45:00,3994.09,4002.16,3988.77,4000.0,13271.553
2025-09-27 18:00:00,4000.01,4002.5,3990.53,3994.1,11780.022
2025-09-27 18:15:00,3994.09,3997.2,3990.64,3994.01,4592.725
2025-09-27 18:30:00,3994.02,3995.0,3984.59,3985.55,9810.728
2025-09-27 18:45:00,3985.55,3995.0,3985.55,3994.67,6251.341
2025-09-27 19:00:00,3994.67,3995.76,3990.0,3990.82,3466.981
2025-09-27 19:15:00,3990.82,3998.19,3989.63,3997.6,4650.528
2025-09-27 19:30:00,3997.61,3998.06,3992.4,3996.0,4391.78
2025-09-27 19:45:00,3996.0,4001.83,3994.82,4000.51,4717.138
2025-09-27 20:00:00,4000.5,4005.96,3998.77,4001.55,6494.972
2025-09-27 20:15:00,4001.55,4002.26,3999.2,4001.72,2319.55
2025-09-27 20:30:00,4001.73,4008.83,3999.39,4002.08,6673.107
2025-09-27 20:45:00,4002.07,4005.0,3998.58,4004.99,3359.852
2025-09-27 21:00:00,4004.99,4012.0,4004.53,4011.95,6934.196
2025-09-27 21:15:00,4011.95,4012.0,4007.5,4009.75,4039.723
2025-09-27 21:30:00,4009.76,4016.19,4008.03,4014.74,6799.836
2025-09-27 21:45:00,4014.74,4019.5,4012.79,4012.8,5447.037
2025-09-27 22:00:00,4012.8,4021.88,4011.98,4021.32,8135.424
2025-09-27 22:15:00,4021.32,4032.0,4020.62,4031.02,23558.5
2025-09-27 22:30:00,4031.03,4031.2,4017.42,4017.9,10174.07
2025-09-27 22:45:00,4017.9,4021.55,4013.65,4021.01,6794.45
2025-09-27 23:00:00,4021.0,4025.32,4014.4,4022.79,14990.594
2025-09-27 23:15:00,4022.78,4024.53,4013.48,4016.99,9036.246
2025-09-27 23:30:00,4016.98,4019.0,4012.0,4016.53,6823.461
2025-09-27 23:45:00,4016.53,4020.0,4013.18,4016.96,7051.834
2025-09-28 00:00:00,4016.97,4021.91,4005.0,4011.44,17562.228
2025-09-28 00:15:00,4011.44,4031.06,4009.28,4027.4,16605.436
2025-09-28 00:30:00,4027.4,4030.69,4014.4,4023.07,16460.986
2025-09-28 00:45:00,4023.07,4023.97,4013.0,4014.52,11106.198
2025-09-28 01:00:00,4014.52,4016.37,4002.0,4003.83,20084.705
2025-09-28 01:15:00,4003.83,4011.44,4003.43,4005.1,11545.841
2025-09-28 01:30:00,4005.1,4011.44,3992.51,3996.14,25611.566
2025-09-28 01:45:00,3996.15,3998.7,3992.31,3995.01,10398.664
2025-09-28 02:00:00,3995.01,4005.0,3993.79,3994.24,14127.136
2025-09-28 02:15:00,3994.23,4005.0,3993.8,4003.23,9055.676
2025-09-28 02:30:00,4003.23,4009.92,3999.14,4001.52,10455.023
2025-09-28 02:45:00,4001.52,4001.52,3996.19,3999.61,6152.138
2025-09-28 03:00:00,3999.64,4004.78,3999.64,4003.48,5116.132
2025-09-28 03:15:00,4003.48,4009.0,3998.51,4001.2,6737.12
2025-09-28 03:30:00,4001.21,4003.0,3995.06,3998.3,8063.192
2025-09-28 03:45:00,3998.3,4002.44,3997.06,4001.01,2992.027
2025-09-28 04:00:00,4001.01,4004.47,3997.44,3997.45,6945.9
2025-09-28 04:15:00,3997.44,4000.41,3995.5,3995.5,4328.331
2025-09-28 04:30:00,3995.5,4003.12,3995.03,4002.79,5278.098
2025-09-28 04:45:00,4002.79,4004.17,3999.24,4003.7,4756.529
2025-09-28 05:00:00,4003.7,4008.0,4001.57,4001.57,6782.007
2025-09-28 05:15:00,4001.57,4009.95,4001.32,4009.79,9323.999
2025-09-28 05:30:00,4009.79,4019.22,4007.2,4009.69,18443.118
2025-09-28 05:45:00,4009.7,4010.59,4005.4,4009.09,6029.252
2025-09-28 06:00:00,4009.08,4015.0,4008.52,4009.43,6216.822
2025-09-28 06:15:00,4009.43,4013.28,3998.0,3998.79,12523.553
2025-09-28 06:30:00,3998.78,4010.71,3994.65,4000.66,24193.733
2025-09-28 06:45:00,4000.67,4004.93,3998.0,4004.92,7427.219
2025-09-28 07:00:00,4004.92,4006.94,4000.45,4006.09,6027.949
2025-09-28 07:15:00,4006.09,4010.69,4005.0,4008.01,8057.261
2025-09-28 07:30:00,4008.0,4012.0,4004.74,4010.95,8556.426
2025-09-28 07:45:00,4010.95,4014.0,4009.47,4012.02,7434.225
2025-09-28 08:00:00,4012.03,4014.1,4006.92,4009.85,9334.193
2025-09-28 08:15:00,4009.86,4011.3,4001.56,4003.81,10164.387
2025-09-28 08:30:00,4003.82,4005.73,3998.5,4002.36,10124.689
2025-09-28 08:45:00,4002.36,4007.9,4000.0,4000.0,8214.53
2025-09-28 09:00:00,4000.0,4004.87,3987.02,3991.21,28469.981
2025-09-28 09:15:00,3991.21,3996.73,3987.2,3996.01,17563.772
2025-09-28 09:30:00,3996.01,4002.89,3995.77,4000.94,11258.343
2025-09-28 09:45:00,4000.94,4001.09,3994.28,3994.29,6875.154
2025-09-28 10:00:00,3994.29,3994.29,3982.27,3992.34,23467.578
2025-09-28 10:15:00,3992.33,3993.83,3990.0,3990.0,7270.769
2025-09-28 10:30:00,3990.0,3998.77,3990.0,3996.49,9033.88
2025-09-28 10:45:00,3996.49,3998.88,3993.67,3994.55,6291.391
2025-09-28 11:00:00,3994.56,3995.45,3990.0,3990.66,6195.415
2025-09-28 11:15:00,3990.66,3993.0,3983.0,3984.91,17553.41
2025-09-28 11:30:00,3984.9,3994.15,3984.9,3986.34,11214.233
2025-09-28 11:45:00,3986.34,3993.65,3983.45,3990.85,10116.216
2025-09-28 12:00:00,3990.84,3991.0,3984.38,3987.05,8065.824
2025-09-28 12:15:00,3987.05,3990.02,3982.69,3987.5,8496.012
2025-09-28 12:30:00,3987.5,3987.99,3962.06,3970.0,58769.049
2025-09-28 12:45:00,3970.0,3980.48,3965.0,3976.01,31539.873
2025-09-28 13:00:00,3976.01,3990.0,3975.9,3986.14,21414.061
2025-09-28 13:15:00,3986.13,4003.0,3983.64,3996.43,39502.636
2025-09-28 13:30:00,3996.43,4002.42,3993.45,3999.28,22785.25
2025-09-28 13:45:00,3999.28,4020.0,3994.55,4011.38,52688.016
2025-09-28 14:00:00,4011.38,4013.77,4005.74,4011.6,18473.462
2025-09-28 14:15:00,4011.59,4024.95,4010.0,4019.29,39333.704
2025-09-28 14:30:00,4019.28,4019.4,4011.47,4016.14,19282.585
2025-09-28 14:45:00,4016.13,4026.15,4013.01,4022.28,26112.698
2025-09-28 15:00:00,4022.28,4027.0,4014.93,4019.66,24823.172
2025-09-28 15:15:00,4019.66,4023.78,4016.45,4020.63,10648.882
2025-09-28 15:30:00,4020.63,4020.85,4013.4,4019.4,11532.79
2025-09-28 15:45:00,4019.4,4021.3,4014.97,4019.18,15525.081
2025-09-28 16:00:00,4019.18,4053.0,4019.06,4032.2,93999.464
2025-09-28 16:15:00,4032.2,4036.0,4027.0,4028.5,23896.484
2025-09-28 16:30:00,4028.5,4030.26,4021.17,4025.75,17452.224
2025-09-28 16:45:00,4025.76,4031.3,4023.95,4030.9,9483.021
2025-09-28 17:00:00,4030.9,4043.95,4026.71,4037.67,26711.608
2025-09-28 17:15:00,4037.66,4041.27,4020.71,4035.35,32685.717
2025-09-28 17:30:00,4035.34,4046.76,4030.48,4042.84,19433.099
2025-09-28 17:45:00,4042.84,4049.88,4033.65,4037.43,20432.508
2025-09-28 18:00:00,4037.42,4042.94,4033.0,4035.18,9425.465
2025-09-28 18:15:00,4035.18,4038.35,4033.95,4034.62,4751.924
2025-09-28 18:30:00,4034.61,4040.0,4034.15,4037.14,6079.669
2025-09-28 18:45:00,4037.15,4040.3,4035.02,4040.09,5073.804
2025-09-28 19:00:00,4040.09,4044.18,4031.97,4032.0,13123.281
2025-09-28 19:15:00,4032.0,4037.82,4030.55,4036.21,5214.959
2025-09-28 19:30:00,4036.2,4037.95,4033.77,4035.0,2021.639
2025-09-28 19:45:00,4034.99,4037.97,4034.11,4036.96,2109.2
2025-09-28 20:00:00,4036.96,4038.0,4033.39,4035.16,5621.685
2025-09-28 20:15:00,4035.16,4052.07,4034.37,4046.16,15333.247
2025-09-28 20:30:00,4046.16,4064.96,4045.32,4054.36,39577.663
2025-09-28 20:45:00,4054.36,4059.03,4047.6,4048.39,15379.106
2025-09-28 21:00:00,4048.39,4059.89,4048.38,4050.24,10796.138
2025-09-28 21:15:00,4050.24,4052.96,4047.56,4047.56,5795.037
2025-09-28 21:30:00,4047.56,4047.57,4039.43,4043.31,9680.246
2025-09-28 21:45:00,4043.31,4047.8,4040.61,4047.79,5014.112
2025-09-28 22:00:00,4047.8,4113.71,4047.79,4086.95,129044.67
2025-09-28 22:15:00,4086.96,4118.0,4086.74,4106.42,54269.803
2025-09-28 22:30:00,4106.42,4124.63,4105.14,4121.46,44761.352
2025-09-28 22:45:00,4121.46,4139.5,4119.84,4130.0,69843.089
2025-09-28 23:00:00,4130.0,4137.5,4118.44,4126.3,40665.62
2025-09-28 23:15:00,4126.3,4131.28,4118.41,4125.08,18687.323
2025-09-28 23:30:00,4125.07,4141.88,4120.23,4137.24,27473.458
2025-09-28 23:45:00,4137.25,4143.12,4133.1,4139.36,22431.286
2025-09-29 00:00:00,4139.35,4143.75,4131.93,4134.17,27940.098
2025-09-29 00:15:00,4134.18,4142.99,4124.44,4136.75,28823.403
2025-09-29 00:30:00,4136.76,4137.6,4121.0,4126.11,25932.002
2025-09-29 00:45:00,4126.1,4138.18,4123.08,4125.0,16771.133
2025-09-29 01:00:00,4125.0,4134.44,4116.45,4131.76,24798.723
2025-09-29 01:15:00,4131.77,4135.68,4115.2,4118.15,26694.116
2025-09-29 01:30:00,4118.15,4125.0,4115.07,4121.99,13510.058
2025-09-29 01:45:00,4121.99,4122.0,4109.99,4112.29,25200.477
2025-09-29 02:00:00,4112.28,4121.0,4109.52,4116.7,17665.781
2025-09-29 02:15:00,4116.7,4126.8,4109.38,4121.64,18762.35
2025-09-29 02:30:00,4121.63,4123.99,4105.79,4107.44,18987.418
2025-09-29 02:45:00,4107.43,4111.22,4105.68,4110.0,16814.328
2025-09-29 03:00:00,4110.0,4111.0,4102.07,4102.57,18795.427
2025-09-29 03:15:00,4102.58,4110.55,4101.2,4110.33,19093.544
2025-09-29 03:30:00,4110.34,4113.12,4106.0,4106.73,13046.419
2025-09-29 03:45:00,4106.72,4119.78,4105.6,4119.77,14875.04
2025-09-29 04:00:00,4119.77,4121.18,4114.06,4116.0,10857.458
2025-09-29 04:15:00,4116.0,4122.2,4111.6,4112.4,8249.613
2025-09-29 04:30:00,4112.4,4121.0,4111.5,4118.21,9551.064
2025-09-29 04:45:00,4118.2,4120.0,4115.38,4117.36,3884.397
2025-09-29 05:00:00,4117.35,4118.63,4103.3,4106.99,16298.74
2025-09-29 05:15:00,4107.0,4107.97,4101.3,4106.1,12902.897
2025-09-29 05:30:00,4106.11,4111.59,4104.34,4109.82,9801.023
2025-09-29 05:45:00,4109.82,4114.98,4108.58,4112.43,6862.469
2025-09-29 06:00:00,4112.44,4112.91,4090.86,4097.88,29119.137
2025-09-29 06:15:00,4097.89,4107.56,4095.03,4101.01,18280.18
2025-09-29 06:30:00,4101.01,4107.5,4100.0,4107.41,10462.213
2025-09-29 06:45:00,4107.41,4107.42,4095.35,4095.77,13472.563
2025-09-29 07:00:00,4095.77,4099.67,4091.5,4096.77,13045.362
2025-09-29 07:15:00,4096.77,4097.73,4086.0,4092.6,23238.578
2025-09-29 07:30:00,4092.6,4109.01,4091.88,4105.1,24536.142
2025-09-29 07:45:00,4105.1,4111.66,4102.73,4106.54,13679.589
2025-09-29 08:00:00,4106.54,4117.83,4106.4,4107.97,22006.322
2025-09-29 08:15:00,4108.0,4121.1,4106.4,4119.03,18628.323
2025-09-29 08:30:00,4119.04,4126.07,4114.32,4124.98,26956.443
2025-09-29 08:45:00,4124.98,4134.43,4119.74,4119.79,37314.732
2025-09-29 09:00:00,4119.8,4129.0,4119.43,4120.45,13262.956
2025-09-29 09:15:00,4120.46,4135.55,4117.0,4132.51,24246.618
2025-09-29 09:30:00,4132.5,4137.94,4122.14,4124.11,26456.678
2025-09-29 09:45:00,4124.12,4132.02,4124.11,4131.87,12305.526
2025-09-29 10:00:00,4131.87,4135.68,4128.37,4131.99,13153.208
2025-09-29 10:15:00,4131.99,4132.6,4126.93,4130.79,8467.44
2025-09-29 10:30:00,4130.8,4131.89,4117.61,4120.38,22417.876
2025-09-29 10:45:00,4120.39,4122.63,4111.7,4114.1,17329.044
2025-09-29 11:00:00,4114.1,4114.96,4092.0,4093.46,47730.476
2025-09-29 11:15:00,4093.47,4103.92,4092.75,4102.61,27852.902
2025-09-29 11:30:00,4102.6,4107.77,4098.3,4104.44,14269.18
2025-09-29 11:45:00,4104.44,4105.0,4098.13,4101.57,10824.825
2025-09-29 12:00:00,4101.56,4109.33,4096.82,4109.33,16631.3
2025-09-29 12:15:00,4109.33,4117.6,4106.15,4117.03,26967.687
2025-09-29 12:30:00,4117.03,4128.16,4095.01,4102.34,39611.588
2025-09-29 12:45:00,4102.35,4113.2,4090.53,4096.27,32197.491
2025-09-29 13:00:00,4096.26,4105.0,4080.08,4102.59,64666.746
2025-09-29 13:15:00,4102.59,4110.8,4101.41,4107.0,28585.319
2025-09-29 13:30:00,4107.0,4148.77,4103.07,4146.64,91651.781
2025-09-29 13:45:00,4146.64,4185.99,4140.4,4167.07,230007.586
2025-09-29 14:00:00,4167.07,4180.05,4157.57,4179.63,96867.055
2025-09-29 14:15:00,4179.63,4187.43,4163.47,4178.25,76836.912
2025-09-29 14:30:00,4178.24,4194.74,4176.0,4190.72,62831.42
2025-09-29 14:45:00,4190.72,4206.6,4182.78,4186.61,89527.644
2025-09-29 15:00:00,4186.61,4197.99,4178.68,4181.2,44554.011
2025-09-29 15:15:00,4181.21,4186.0,4165.05,4169.75,52589.568
2025-09-29 15:30:00,4169.76,4174.93,4164.42,4169.08,34467.778
2025-09-29 15:45:00,4169.08,4169.66,4151.5,4163.28,49806.614
2025-09-29 16:00:00,4163.28,4170.05,4157.01,4167.66,29443.89
2025-09-29 16:15:00,4167.67,4173.5,4155.36,4157.19,27473.949
2025-09-29 16:30:00,4157.19,4165.0,4149.0,4150.83,25684.224
2025-09-29 16:45:00,4150.83,4155.0,4137.31,4140.63,44774.832
2025-09-29 17:00:00,4140.63,4145.96,4125.25,4138.89,52323.865
2025-09-29 17:15:00,4138.89,4149.87,4128.0,4145.62,29715.262
2025-09-29 17:30:00,4145.61,4148.89,4138.6,4144.6,17456.101
2025-09-29 17:45:00,4144.6,4157.6,4144.24,4153.58,27097.421
2025-09-29 18:00:00,4153.59,4156.57,4140.54,4147.6,19114.974
2025-09-29 18:15:00,4147.59,4152.32,4142.31,4151.19,12173.65
2025-09-29 18:30:00,4151.19,4154.5,4146.0,4154.36,10176.744
2025-09-29 18:45:00,4154.35,4161.87,4154.32,4160.0,12776.189
2025-09-29 19:00:00,4159.99,4173.2,4158.0,4172.99,24812.793
2025-09-29 19:15:00,4173.0,4173.0,4158.04,4170.2,15153.724
2025-09-29 19:30:00,4170.2,4181.8,4161.1,4180.49,20235.632
2025-09-29 19:45:00,4180.49,4192.17,4177.55,4186.16,36193.084
2025-09-29 20:00:00,4186.16,4192.97,4179.55,4192.68,18280.172
2025-09-29 20:15:00,4192.68,4196.0,4185.19,4189.33,13088.392
2025-09-29 20:30:00,4189.32,4232.28,4185.5,4228.87,83298.833
2025-09-29 20:45:00,4228.87,4232.42,4216.0,4224.98,28090.841
2025-09-29 21:00:00,4224.99,4234.33,4209.03,4213.53,21616.98
2025-09-29 21:15:00,4213.54,4224.93,4212.53,4221.59,13859.921
2025-09-29 21:30:00,4221.58,4223.68,4217.63,4223.27,9867.339
2025-09-29 21:45:00,4223.27,4227.42,4215.6,4222.0,9145.017
2025-09-29 22:00:00,4222.01,4226.44,4215.4,4220.03,14461.117
2025-09-29 22:15:00,4220.03,4221.28,4215.25,4218.0,11819.844
2025-09-29 22:30:00,4217.99,4224.25,4211.13,4214.69,10134.264
2025-09-29 22:45:00,4214.68,4229.0,4213.03,4223.81,18149.478
2025-09-29 23:00:00,4223.81,4228.0,4217.25,4220.28,15000.687
2025-09-29 23:15:00,4220.28,4225.25,4215.01,4219.33,12453.67
2025-09-29 23:30:00,4219.32,4219.97,4212.8,4213.25,7763.119
2025-09-29 23:45:00,4213.26,4216.71,4210.6,4212.84,13170.91
2025-09-30 00:00:00,4212.83,4221.83,4205.0,4210.0,18871.841
2025-09-30 00:15:00,4210.01,4210.01,4192.41,4197.21,36915.319
2025-09-30 00:30:00,4197.22,4223.31,4196.5,4216.95,29681.82
2025-09-30 00:45:00,4216.95,4243.62,4197.44,4204.17,85304.724
2025-09-30 01:00:00,4204.17,4216.45,4198.52,4215.89,24177.433
2025-09-30 01:15:00,4215.89,4225.44,4203.21,4210.52,34544.259
2025-09-30 01:30:00,4210.52,4211.34,4198.0,4199.38,32461.01
2025-09-30 01:45:00,4199.38,4202.52,4188.6,4201.64,30192.815
2025-09-30 02:00:00,4201.65,4206.52,4196.5,4199.33,14176.536
2025-09-30 02:15:00,4199.34,4206.65,4194.23,4195.47,14892.902
2025-09-30 02:30:00,4195.47,4205.73,4194.6,4202.02,8257.183
2025-09-30 02:45:00,4202.02,4209.23,4195.38,4197.1,14680.601
2025-09-30 03:00:00,4197.1,4201.64,4186.01,4195.46,18222.097
2025-09-30 03:15:00,4195.45,4201.92,4192.39,4200.01,8935.466
2025-09-30 03:30:00,4200.01,4205.56,4196.36,4205.02,12260.63
2025-09-30 03:45:00,4205.02,4206.0,4196.68,4197.0,10203.735
2025-09-30 04:00:00,4197.0,4198.3,4192.6,4193.34,7739.788
2025-09-30 04:15:00,4193.34,4199.0,4192.5,4194.99,9082.698
2025-09-30 04:30:00,4194.99,4197.99,4191.33,4194.25,9489.401
2025-09-30 04:45:00,4194.25,4196.0,4187.0,4187.19,13650.315
2025-09-30 05:00:00,4187.19,4193.33,4177.06,4184.82,29592.482
2025-09-30 05:15:00,4184.82,4184.82,4175.26,4179.5,21586.439
2025-09-30 05:30:00,4179.5,4180.84,4171.29,4175.45,17112.73
2025-09-30 05:45:00,4175.45,4187.59,4168.1,4182.64,30680.513
2025-09-30 06:00:00,4182.64,4190.97,4178.04,4189.19,16359.291
2025-09-30 06:15:00,4189.2,4197.39,4183.69,4194.77,22706.498
2025-09-30 06:30:00,4194.77,4201.58,4190.07,4198.55,33255.234
2025-09-30 06:45:00,4198.55,4199.16,4187.01,4187.99,14188.963
2025-09-30 07:00:00,4187.99,4205.0,4185.87,4193.86,23295.743
2025-09-30 07:15:00,4193.86,4194.66,4187.75,4190.64,8486.842
2025-09-30 07:30:00,4190.64,4191.32,4170.98,4175.82,28077.691
2025-09-30 07:45:00,4175.83,4184.41,4173.9,4180.63,21688.27
2025-09-30 08:00:00,4180.62,4181.56,4172.0,4176.8,14275.558
2025-09-30 08:15:00,4176.79,4178.37,4172.06,4176.02,15183.953
2025-09-30 08:30:00,4176.02,4178.18,4162.0,4168.74,36334.74
2025-09-30 08:45:00,4168.73,4173.5,4165.0,4167.35,14966.11
2025-09-30 09:00:00,4167.35,4169.88,4152.0,4154.0,42042.635
2025-09-30 09:15:00,4154.0,4168.75,4151.0,4168.75,25851.852
2025-09-30 09:30:00,4168.75,4176.77,4150.7,4154.89,35133.786
2025-09-30 09:45:00,4154.89,4154.99,4132.12,4139.01,65096.494
2025-09-30 10:00:00,4139.0,4148.0,4133.45,4139.24,37448.419
2025-09-30 10:15:00,4139.24,4146.1,4136.48,4143.01,26618.338
2025-09-30 10:30:00,4143.01,4154.64,4138.31,4153.96,26507.487
2025-09-30 10:45:00,4153.95,4164.0,4153.03,4156.1,33046.677
2025-09-30 11:00:00,4156.1,4160.0,4148.92,4152.87,17205.048
2025-09-30 11:15:00,4152.87,4160.0,4145.59,4158.78,18472.666
2025-09-30 11:30:00,4158.77,4167.5,4157.72,4164.19,21139.389
2025-09-30 11:45:00,4164.19,4167.62,4160.94,4162.64,14928.039
2025-09-30 12:00:00,4162.64,4163.7,4156.1,4158.83,15014.722
2025-09-30 12:15:00,4158.82,4167.0,4158.0,4165.0,10468.978
2025-09-30 12:30:00,4165.0,4173.67,4163.0,4167.11,26630.518
2025-09-30 12:45:00,4167.1,4167.82,4153.14,4155.79,19515.149
2025-09-30 13:00:00,4155.8,4159.43,4146.01,4153.99,29132.878
2025-09-30 13:15:00,4153.99,4164.55,4149.6,4164.55,21252.34
2025-09-30 13:30:00,4164.55,4172.75,4147.6,4170.01,38708.884
2025-09-30 13:45:00,4170.0,4173.33,4137.27,4152.61,48804.081
2025-09-30 14:00:00,4152.6,4159.08,4127.33,4140.01,66146.869
2025-09-30 14:15:00,4140.01,4150.86,4113.61,4124.21,75736.595
2025-09-30 14:30:00,4124.2,4131.0,4116.5,4128.27,47826.466
2025-09-30 14:45:00,4128.26,4148.81,4126.71,4147.25,39932.508
2025-09-30 15:00:00,4147.26,4148.0,4106.46,4116.29,66428.215
2025-09-30 15:15:00,4116.3,4119.45,4092.19,4105.25,93901.553
2025-09-30 15:30:00,4105.26,4115.79,4102.0,4108.23,37783.364
2025-09-30 15:45:00,4108.22,4120.85,4105.6,4117.88,22381.81
2025-09-30 16:00:00,4117.87,4123.0,4111.13,4115.55,26889.261
2025-09-30 16:15:00,4115.54,4125.7,4105.3,4114.18,34126.992
2025-09-30 16:30:00,4114.17,4116.4,4097.0,4106.85,43720.326
2025-09-30 16:45:00,4106.85,4110.97,4090.01,4097.34,52688.053
2025-09-30 17:00:00,4097.34,4108.48,4094.79,4104.15,27757.663
2025-09-30 17:15:00,4104.14,4109.0,4093.4,4098.72,24720.472
2025-09-30 17:30:00,4098.71,4106.0,4091.97,4094.76,26250.316
2025-09-30 17:45:00,4094.75,4102.6,4092.0,4099.06,14322.189
2025-09-30 18:00:00,4099.05,4115.28,4091.03,4113.83,26192.16
2025-09-30 18:15:00,4113.83,4116.86,4103.52,4108.78,17155.038
2025-09-30 18:30:00,4108.78,4111.0,4101.0,4108.87,11881.495
2025-09-30 18:45:00,4108.86,4116.8,4108.01,4114.71,11745.235
2025-09-30 19:00:00,4114.71,4123.0,4107.0,4118.41,23213.657
2025-10-08 02:00:00,4481.05,4485.45,4473.57,4479.4,13950.349
2025-10-08 02:15:00,4479.41,4496.2,4478.48,4495.49,23256.004
2025-10-08 02:30:00,4495.49,4495.88,4476.22,4477.62,21802.105
2025-10-08 02:45:00,4477.62,4485.83,4471.0,4478.85,15236.528
2025-10-08 03:00:00,4478.86,4478.86,4456.17,4461.38,27052.614
2025-10-08 03:15:00,4461.38,4465.43,4433.1,4440.0,54082.893
2025-10-08 03:30:00,4440.01,4449.06,4431.64,4438.01,34772.195
2025-10-08 03:45:00,4438.0,4449.35,4434.5,4442.25,22821.06
2025-10-08 04:00:00,4442.25,4446.84,4408.14,4439.16,87083.505
2025-10-08 04:15:00,4439.15,4451.5,4439.15,4444.49,34083.981
2025-10-08 04:30:00,4444.48,4464.8,4444.48,4457.6,35096.687
2025-10-08 04:45:00,4457.59,4462.5,4452.59,4460.0,15172.511
2025-10-08 05:00:00,4460.0,4460.5,4442.64,4446.56,21924.24
2025-10-08 05:15:00,4446.55,4449.82,4422.0,4432.55,51836.04
2025-10-08 05:30:00,4432.55,4439.0,4427.96,4427.96,19493.28
2025-10-08 05:45:00,4427.96,4438.51,4418.01,4436.0,27362.356
2025-10-08 06:00:00,4436.0,4447.74,4421.7,4445.4,28155.47
2025-10-08 06:15:00,4445.4,4452.0,4437.51,4441.4,17046.121
2025-10-08 06:30:00,4441.41,4452.0,4436.78,4447.57,16581.108
2025-10-08 06:45:00,4447.58,4456.57,4444.99,4453.45,14151.92
2025-10-08 07:00:00,4453.46,4462.01,4446.27,4449.56,27978.059
2025-10-08 07:15:00,4449.56,4454.65,4444.44,4450.31,12968.325
2025-10-08 07:30:00,4450.31,4453.0,4440.27,4448.66,10737.192
2025-10-08 07:45:00,4448.66,4462.24,4441.67,4461.25,20610.792
2025-10-08 08:00:00,4461.25,4469.96,4456.55,4458.15,28766.059
2025-10-08 08:15:00,4458.16,4473.25,4455.9,4470.04,25616.748
2025-10-08 08:30:00,4470.04,4494.82,4467.56,4492.31,65498.517
2025-10-08 08:45:00,4492.3,4494.99,4468.0,4473.3,46352.95
2025-10-08 09:00:00,4473.3,4482.0,4472.88,4477.44,17639.626
2025-10-08 09:15:00,4477.44,4477.54,4469.1,4474.78,15095.039
2025-10-08 09:30:00,4474.78,4482.9,4471.67,4478.86,13626.687
2025-10-08 09:45:00,4478.85,4481.88,4473.2,4481.88,7692.318
2025-10-08 10:00:00,4481.88,4492.47,4478.0,4479.07,21858.538
2025-10-08 10:15:00,4479.07,4491.59,4477.4,4485.6,15197.403
2025-10-08 10:30:00,4485.6,4498.11,4483.64,4491.92,34755.917
2025-10-08 10:45:00,4491.92,4503.48,4491.0,4497.61,30177.88
2025-10-08 11:00:00,4497.61,4504.7,4490.01,4502.1,24998.217
2025-10-08 11:15:00,4502.1,4502.1,4487.31,4491.24,18916.636
2025-10-08 11:30:00,4491.24,4491.24,4480.33,4482.67,16432.157
2025-10-08 11:45:00,4482.67,4489.99,4480.5,4485.37,11544.4
2025-10-08 12:00:00,4485.37,4494.99,4477.5,4488.8,19889.364
2025-10-08 12:15:00,4488.81,4490.69,4471.5,4478.55,20044.145
2025-10-08 12:30:00,4478.55,4483.01,4472.0,4480.63,18607.023
2025-10-08 12:45:00,4480.63,4481.67,4467.36,4476.38,16787.083
2025-10-08 13:00:00,4476.38,4484.44,4467.42,4482.81,19471.515
2025-10-08 13:15:00,4482.82,4487.9,4474.48,4474.54,12680.868
2025-10-08 13:30:00,4474.54,4479.99,4446.77,4454.79,80999.724
2025-10-08 13:45:00,4454.79,4477.74,4435.23,4474.0,72388.439
2025-10-08 14:00:00,4474.0,4521.38,4474.0,4492.46,136265.335
2025-10-08 14:15:00,4492.46,4506.6,4479.64,4484.58,50551.935
2025-10-08 14:30:00,4484.58,4495.0,4455.55,4463.87,64002.048
2025-10-08 14:45:00,4463.86,4471.43,4437.0,4448.3,62535.74
2025-10-08 15:00:00,4448.3,4467.62,4445.04,4456.59,36840.37
2025-10-08 15:15:00,4456.6,4464.71,4433.84,4458.61,58210.9
2025-10-08 15:30:00,4458.61,4458.91,4450.0,4453.69,18052.392
2025-10-08 15:45:00,4453.69,4454.13,4438.0,4445.05,29709.641
2025-10-08 16:00:00,4445.04,4455.99,4436.5,4455.99,30072.86
2025-10-08 16:15:00,4455.98,4463.86,4452.66,4461.41,38332.213
2025-10-08 16:30:00,4461.4,4466.48,4452.27,4465.17,25355.172
2025-10-08 16:45:00,4465.18,4496.86,4460.95,4493.7,68259.167
2025-10-08 17:00:00,4493.7,4513.68,4487.53,4511.3,58109.276
2025-10-08 17:15:00,4511.3,4544.29,4507.06,4537.53,103458.13
2025-10-08 17:30:00,4537.53,4555.9,4525.0,4525.82,83284.691
2025-10-08 17:45:00,4525.83,4543.0,4522.49,4536.62,33986.649
2025-10-08 18:00:00,4536.62,4542.0,4523.1,4537.0,36473.073
2025-10-08 18:15:00,4537.01,4538.67,4525.52,4528.05,23572.618
2025-10-08 18:30:00,4528.04,4533.69,4510.1,4513.39,40883.115
2025-10-08 18:45:00,4513.38,4533.58,4513.38,4520.91,30594.154
2025-10-08 19:00:00,4520.91,4524.91,4495.0,4501.04,43188.292
2025-10-08 19:15:00,4501.04,4518.25,4496.0,4514.79,25136.69
2025-10-08 19:30:00,4514.8,4524.0,4508.25,4511.62,18007.374
2025-10-08 19:45:00,4511.61,4517.44,4505.74,4512.72,14312.695
2025-10-08 20:00:00,4512.68,4515.37,4502.63,4508.72,9286.168
2025-10-08 20:15:00,4508.72,4524.98,4508.72,4518.5,18935.592
2025-10-08 20:30:00,4518.5,4519.5,4511.19,4514.81,6163.378
2025-10-08 20:45:00,4514.81,4515.35,4497.42,4501.68,16320.065
2025-10-08 21:00:00,4501.67,4511.47,4500.01,4511.29,12980.959
2025-10-08 21:15:00,4511.29,4524.5,4509.2,4521.2,9469.274
2025-10-08 21:30:00,4521.2,4525.92,4518.72,4520.71,7680.399
2025-10-08 21:45:00,4520.71,4523.0,4511.42,4523.0,8051.884
2025-10-08 22:00:00,4523.0,4536.97,4520.0,4527.34,21816.218
2025-10-08 22:15:00,4527.34,4531.39,4521.21,4522.99,6492.931
2025-10-08 22:30:00,4523.0,4527.8,4522.64,4525.44,4359.15
2025-10-08 22:45:00,4525.44,4526.18,4518.73,4519.28,8323.242
2025-10-08 23:00:00,4519.27,4520.22,4507.03,4511.66,16291.231
2025-10-08 23:15:00,4511.66,4529.73,4510.8,4529.72,10019.878
2025-10-08 23:30:00,4529.72,4535.84,4526.08,4527.29,13421.297
2025-10-08 23:45:00,4527.29,4528.1,4520.74,4523.51,6225.746
2025-10-09 00:00:00,4523.5,4525.52,4512.0,4515.2,14115.007
2025-10-09 00:15:00,4515.2,4529.69,4514.41,4517.44,13167.446
2025-10-09 00:30:00,4517.45,4521.4,4508.0,4513.58,14696.929
2025-10-09 00:45:00,4513.58,4519.75,4505.0,4509.13,14250.028
2025-10-09 01:00:00,4509.12,4512.0,4495.01,4497.6,29325.593
2025-10-09 01:15:00,4497.61,4500.1,4472.24,4479.8,67562.486
2025-10-09 01:30:00,4479.79,4479.79,4460.66,4462.72,42359.522
2025-10-09 01:45:00,4462.72,4478.79,4462.71,4477.72,22646.821
2025-10-09 02:00:00,4477.71,4480.54,4450.0,4461.76,37452.679
2025-10-09 02:15:00,4461.76,4463.65,4438.88,4446.0,44853.121
2025-10-09 02:30:00,4446.01,4452.2,4413.01,4420.0,75860.94
2025-10-09 02:45:00,4420.01,4431.11,4400.5,4411.04,70365.652
2025-10-09 03:00:00,4411.03,4432.55,4410.01,4429.07,38712.999
2025-10-09 03:15:00,4429.07,4442.57,4429.06,4438.52,32403.504
2025-10-09 03:30:00,4438.52,4446.1,4435.16,4439.03,21717.73
2025-10-09 03:45:00,4439.04,4451.32,4438.08,4448.49,15449.86
2025-10-09 04:00:00,4448.5,4450.64,4435.95,4436.04,14232.845
2025-10-09 04:15:00,4436.03,4457.0,4436.03,4455.43,23552.13
2025-10-09 04:30:00,4455.44,4455.95,4442.3,4444.44,13716.945
2025-10-09 04:45:00,4444.44,4453.94,4444.06,4452.69,10835.985
2025-10-09 05:00:00,4452.69,4458.42,4440.24,4440.26,14361.517
2025-10-09 05:15:00,4440.25,4445.56,4435.95,4445.53,17438.251
2025-10-09 05:30:00,4445.54,4453.2,4439.38,4445.01,11255.644
2025-10-09 05:45:00,4445.0,4453.0,4441.14,4452.21,7288.049
2025-10-09 06:00:00,4452.21,4452.39,4428.55,4435.94,34168.199
2025-10-09 06:15:00,4435.94,4440.52,4421.2,4432.3,34625.353
2025-10-09 06:30:00,4432.29,4442.25,4426.78,4438.77,15666.017
2025-10-09 06:45:00,4438.77,4442.0,4422.0,4427.6,15851.183
2025-10-09 07:00:00,4427.6,4431.85,4423.0,4425.51,10638.966
2025-10-09 07:15:00,4425.5,4433.0,4415.8,4422.57,23028.401
2025-10-09 07:30:00,4422.57,4423.14,4408.88,4415.0,24828.515
2025-10-09 07:45:00,4414.99,4435.89,4414.11,4424.0,23668.613
2025-10-09 08:00:00,4424.0,4424.91,4401.11,4401.55,37243.961
2025-10-09 08:15:00,4401.55,4403.64,4333.0,4338.23,238204.19
2025-10-09 08:30:00,4338.23,4357.84,4326.3,4337.68,114050.437
2025-10-09 08:45:00,4337.68,4350.31,4317.0,4326.45,85418.484
2025-10-09 09:00:00,4326.45,4348.0,4324.22,4344.6,49806.926
2025-10-09 09:15:00,4344.6,4354.89,4331.69,4348.82,42121.005
2025-10-09 09:30:00,4348.82,4351.92,4335.0,4336.45,21873.193
2025-10-09 09:45:00,4336.45,4343.67,4328.7,4333.36,28037.945
2025-10-09 10:00:00,4333.35,4344.48,4327.52,4342.61,24632.31
2025-10-09 10:15:00,4342.6,4345.65,4322.99,4328.36,25475.002
2025-10-09 10:30:00,4328.37,4355.94,4328.36,4347.66,41567.825
2025-10-09 10:45:00,4347.66,4356.66,4343.15,4351.99,24434.8
2025-10-09 11:00:00,4351.99,4361.15,4351.81,4356.98,22552.348
2025-10-09 11:15:00,4356.98,4374.44,4355.74,4372.21,41976.457
2025-10-09 11:30:00,4372.22,4385.76,4363.64,4382.21,51607.993
2025-10-09 11:45:00,4382.22,4382.4,4370.15,4371.01,18806.169
2025-10-09 12:00:00,4371.0,4390.0,4367.0,4380.04,39617.641
2025-10-09 12:15:00,4380.04,4388.4,4374.99,4381.41,19369.781
2025-10-09 12:30:00,4381.41,4412.1,4375.05,4402.65,64736.305
2025-10-09 12:45:00,4402.64,4407.15,4393.0,4401.73,33287.838
2025-10-09 13:00:00,4401.73,4404.91,4383.42,4387.68,33317.83
2025-10-09 13:15:00,4387.69,4399.5,4385.0,4395.95,20010.548
2025-10-09 13:30:00,4395.96,4396.34,4360.11,4366.09,87019.186
2025-10-09 13:45:00,4366.08,4386.36,4345.62,4348.94,81694.804
2025-10-09 14:00:00,4348.94,4372.32,4333.73,4368.81,91230.917
2025-10-09 14:15:00,4368.81,4374.08,4336.84,4339.44,49265.158
2025-10-09 14:30:00,4339.44,4339.87,4302.05,4316.47,142468.894
2025-10-09 14:45:00,4316.5,4346.38,4313.77,4342.94,70988.291
2025-10-09 15:00:00,4342.95,4361.69,4342.95,4346.3,59728.218
2025-10-09 15:15:00,4346.3,4352.97,4310.67,4314.24,55638.865
2025-10-09 15:30:00,4314.24,4317.95,4288.0,4292.84,127911.927
2025-10-09 15:45:00,4292.84,4322.74,4291.87,4312.36,57450.271
2025-10-09 16:00:00,4312.37,4323.49,4309.57,4315.05,28157.244
2025-10-09 16:15:00,4315.05,4326.0,4290.16,4306.4,63422.479
2025-10-09 16:30:00,4306.4,4307.35,4284.0,4301.65,60838.228
2025-10-09 16:45:00,4301.65,4304.37,4263.0,4275.08,101158.456
2025-10-09 17:00:00,4275.09,4309.0,4266.8,4303.46,83367.25
2025-10-09 17:15:00,4303.46,4316.34,4296.69,4299.65,40856.386
2025-10-09 17:30:00,4299.66,4320.91,4299.23,4314.87,28153.514
2025-10-09 17:45:00,4314.86,4334.98,4312.16,4333.1,44218.612
2025-10-09 18:00:00,4333.1,4337.99,4317.83,4327.85,38284.616
2025-10-09 18:15:00,4327.85,4338.74,4322.5,4323.36,33249.759
2025-10-09 18:30:00,4323.31,4325.81,4305.22,4309.5,33524.71
2025-10-09 18:45:00,4309.49,4312.75,4299.0,4306.28,19076.611
2025-10-09 19:00:00,4306.28,4322.1,4305.53,4319.3,17736.612
2025-10-09 19:15:00,4319.31,4334.4,4313.33,4333.0,16843.187
2025-10-09 19:30:00,4333.0,4336.0,4325.6,4327.46,13545.906
2025-10-09 19:45:00,4327.46,4344.0,4321.37,4336.74,21577.211
2025-10-09 20:00:00,4336.74,4346.0,4329.17,4329.19,22129.962
2025-10-09 20:15:00,4329.18,4331.36,4325.53,4326.38,6900.939
2025-10-09 20:30:00,4326.39,4339.0,4326.38,4339.0,7983.858
2025-10-09 20:45:00,4339.0,4343.0,4331.54,4335.04,11887.749
2025-10-09 21:00:00,4335.04,4357.6,4333.17,4353.7,22798.377
2025-10-09 21:15:00,4353.71,4354.67,4342.72,4343.48,11069.939
2025-10-09 21:30:00,4343.46,4353.8,4338.16,4349.34,5878.752
2025-10-09 21:45:00,4349.33,4357.64,4346.07,4355.85,7938.573
2025-10-09 22:00:00,4355.85,4363.47,4350.12,4360.99,14258.485
2025-10-09 22:15:00,4360.99,4371.62,4358.77,4371.62,19341.574
2025-10-09 22:30:00,4371.61,4378.88,4365.1,4377.26,21184.202
2025-10-09 22:45:00,4377.26,4381.0,4372.0,4375.62,15464.97
2025-10-09 23:00:00,4375.62,4377.35,4362.01,4365.71,19599.717
2025-10-09 23:15:00,4365.71,4367.96,4354.7,4364.03,18271.145
2025-10-09 23:30:00,4364.02,4366.04,4358.71,4365.74,9761.719
2025-10-09 23:45:00,4365.75,4367.47,4362.41,4366.61,8951.292
2025-10-10 00:00:00,4366.61,4370.74,4360.51,4364.5,11913.784
2025-10-10 00:15:00,4364.5,4384.77,4364.49,4381.11,26530.109
2025-10-10 00:30:00,4381.1,4381.91,4373.27,4375.56,12663.653
2025-10-10 00:45:00,4375.55,4379.73,4370.22,4378.75,7964.363
2025-10-10 01:00:00,4378.74,4387.9,4375.0,4385.18,15950.268
2025-10-10 01:15:00,4385.17,4391.51,4382.44,4390.5,18325.833
2025-10-10 01:30:00,4390.49,4390.88,4369.12,4372.25,17450.643
2025-10-10 01:45:00,4372.25,4380.44,4369.54,4371.59,13524.069
2025-10-10 02:00:00,4371.58,4372.87,4357.14,4364.97,35330.95
2025-10-10 02:15:00,4364.96,4378.74,4364.41,4374.69,16518.574
2025-10-10 02:30:00,4374.69,4378.69,4362.01,4366.77,19379.908
2025-10-10 02:45:00,4366.78,4367.13,4348.2,4357.9,29863.933
2025-10-10 03:00:00,4357.9,4359.99,4344.07,4353.06,27952.897
2025-10-10 03:15:00,4353.06,4376.0,4348.4,4375.72,26665.26
2025-10-10 03:30:00,4375.71,4391.88,4375.71,4383.99,45341.281
2025-10-10 03:45:00,4384.0,4387.99,4341.07,4345.46,57149.054
2025-10-10 04:00:00,4345.47,4361.0,4343.23,4355.39,30137.398
2025-10-10 04:15:00,4355.39,4356.43,4344.01,4347.7,19967.734
2025-10-10 04:30:00,4347.7,4353.89,4332.43,4341.2,29978.681
2025-10-10 04:45:00,4341.19,4345.0,4337.64,4342.85,10597.089
2025-10-10 05:00:00,4342.86,4343.88,4325.69,4332.53,29976.438
2025-10-10 05:15:00,4332.53,4362.89,4332.3,4353.97,35786.953
2025-10-10 05:30:00,4353.97,4357.2,4343.31,4356.25,18786.118
2025-10-10 05:45:00,4356.25,4368.3,4355.77,4366.31,18209.392
2025-10-10 06:00:00,4366.31,4375.55,4362.0,4365.31,25622.676
2025-10-10 06:15:00,4365.31,4370.69,4348.86,4350.0,21299.691
2025-10-10 06:30:00,4350.0,4356.3,4335.5,4346.99,27261.48
2025-10-10 06:45:00,4346.98,4353.05,4317.41,4326.17,60677.18
2025-10-10 07:00:00,4326.17,4328.78,4313.05,4325.24,33691.503
2025-10-10 07:15:00,4325.24,4331.5,4316.78,4325.58,22612.919
2025-10-10 07:30:00,4325.58,4332.64,4320.59,4330.68,18029.256
2025-10-10 07:45:00,4330.68,4330.91,4316.47,4321.88,32132.487
2025-10-10 08:00:00,4321.89,4331.57,4311.0,4323.07,23780.171
2025-10-10 08:15:00,4323.08,4335.0,4322.46,4332.78,16292.208
2025-10-10 08:30:00,4332.79,4337.39,4323.86,4329.82,15581.863
2025-10-10 08:45:00,4329.84,4347.84,4329.83,4344.01,24690.754
2025-10-10 09:00:00,4344.0,4344.01,4332.0,4336.92,18187.196
2025-10-10 09:15:00,4336.92,4348.96,4329.1,4346.01,14713.412
2025-10-10 09:30:00,4346.01,4349.59,4338.55,4340.6,14944.535
2025-10-10 09:45:00,4340.59,4342.86,4316.39,4319.66,42390.776
2025-10-10 10:00:00,4319.67,4327.6,4318.47,4323.0,12852.05
2025-10-10 10:15:00,4322.99,4332.9,4321.67,4322.9,11167.316
2025-10-10 10:30:00,4322.9,4330.8,4320.35,4330.67,8097.381
2025-10-10 10:45:00,4330.68,4343.96,4328.0,4340.6,21303.966
2025-10-10 11:00:00,4340.61,4346.0,4333.4,4333.41,21421.343
2025-10-10 11:15:00,4333.4,4337.24,4326.26,4333.12,13920.259
2025-10-10 11:30:00,4333.12,4338.0,4332.53,4336.53,8000.892
2025-10-10 11:45:00,4336.54,4344.99,4335.49,4341.25,11335.944
2025-10-10 12:00:00,4341.25,4351.52,4334.24,4335.99,21443.236
2025-10-10 12:15:00,4336.0,4345.5,4331.89,4342.59,11514.582
2025-10-10 12:30:00,4342.6,4346.58,4336.59,4336.59,10636.544
2025-10-10 12:45:00,4336.59,4346.32,4335.52,4346.32,9944.225
2025-10-10 13:00:00,4346.31,4360.0,4346.31,4352.48,40618.198
2025-10-10 13:15:00,4352.48,4367.34,4346.67,4363.05,38120.105
2025-10-10 13:30:00,4363.05,4388.3,4357.31,4374.14,86751.653
2025-10-10 13:45:00,4374.14,4375.42,4342.7,4353.58,75589.093
2025-10-10 14:00:00,4353.58,4374.0,4343.41,4349.0,48205.01
2025-10-10 14:15:00,4349.01,4353.2,4318.98,4324.4,81996.599
2025-10-10 14:30:00,4324.41,4339.39,4321.73,4328.67,36748.456
2025-10-10 14:45:00,4328.67,4330.81,4276.0,4278.2,138054.36
2025-10-10 15:00:00,4278.2,4282.0,4241.46,4255.7,238651.737
2025-10-10 15:15:00,4255.71,4266.4,4158.75,4159.01,434894.261
2025-10-10 15:30:00,4159.01,4159.01,4067.33,4136.08,601049.961
2025-10-10 15:45:00,4136.07,4139.53,4090.39,4101.01,139461.805
2025-10-10 16:00:00,4101.0,4128.35,4083.11,4110.61,136229.745
2025-10-10 16:15:00,4110.61,4126.76,4095.2,4114.65,87193.941
2025-10-10 16:30:00,4114.66,4135.81,4107.63,4110.11,89315.519
2025-10-10 16:45:00,4110.11,4116.84,4096.93,4105.89,55807.675
2025-10-10 17:00:00,4105.89,4110.39,4085.02,4090.51,74498.303
2025-10-10 17:15:00,4090.5,4108.56,4085.95,4102.68,52275.324
2025-10-10 17:30:00,4102.67,4105.33,4089.0,4093.11,37422.579
2025-10-10 17:45:00,4093.11,4102.2,4073.09,4091.74,63531.618
2025-10-10 18:00:00,4091.74,4097.99,4070.49,4082.78,88313.695
2025-10-10 18:15:00,4082.78,4098.0,4075.69,4085.61,42435.511
2025-10-10 18:30:00,4085.6,4092.0,4057.51,4071.83,82081.505
2025-10-10 18:45:00,4071.83,4082.0,4050.25,4051.31,96774.41
2025-10-10 19:00:00,4051.3,4062.07,4020.59,4029.26,160116.472
2025-10-10 19:15:00,4029.26,4030.93,3948.44,3948.79,269116.132
2025-10-10 19:30:00,3948.79,4026.71,3947.22,4024.26,199192.414
2025-10-10 19:45:00,4024.25,4035.98,3990.1,3995.07,104107.764
2025-10-10 20:00:00,3995.07,4019.0,3993.64,4001.0,46300.342
2025-10-10 20:15:00,4001.01,4022.18,3994.52,4021.54,32973.859
2025-10-10 20:30:00,4021.54,4022.42,4005.02,4013.91,22323.262
2025-10-10 20:45:00,4013.91,4017.23,3840.6,3866.18,450608.263
2025-10-10 21:00:00,3866.31,3911.66,3604.0,3722.94,615569.076
2025-10-10 21:15:00,3723.15,3785.08,3355.12,3580.01,1014317.028
2025-10-10 21:30:00,3580.0,3790.0,3567.36,3765.9,268524.204
2025-10-10 21:45:00,3764.64,3914.0,3693.2,3887.5,272406.551
2025-10-10 22:00:00,3887.5,3895.1,3780.0,3877.6,240013.645
2025-10-10 22:15:00,3877.62,3900.0,3820.5,3860.62,150729.145
2025-10-10 22:30:00,3860.53,3883.0,3843.09,3862.13,87320.214
2025-10-10 22:45:00,3862.13,3889.7,3828.73,3850.64,91965.927
2025-10-10 23:00:00,3850.68,3868.99,3781.25,3822.08,79056.983
2025-10-10 23:15:00,3822.09,3877.29,3812.75,3860.79,72588.501
2025-10-10 23:30:00,3860.73,3915.91,3857.27,3893.71,81856.536
2025-10-10 23:45:00,3893.71,3895.23,3800.0,3823.96,84195.902
2025-10-11 00:00:00,3823.96,3872.63,3814.0,3866.46,70452.081
2025-10-11 00:15:00,3866.46,3868.67,3800.0,3843.58,89764.209
2025-10-11 00:30:00,3843.58,3844.99,3815.69,3840.14,29102.437
2025-10-11 00:45:00,3840.14,3869.0,3830.52,3834.21,43288.172
2025-10-11 01:00:00,3834.21,3836.74,3796.77,3806.92,56866.115
2025-10-11 01:15:00,3806.91,3809.58,3753.15,3764.39,81204.577
2025-10-11 01:30:00,3764.4,3793.28,3743.61,3748.22,80601.895
2025-10-11 01:45:00,3748.22,3774.71,3723.85,3733.17,82437.945
2025-10-11 02:00:00,3733.17,3779.61,3729.44,3774.55,69388.169
2025-10-11 02:15:00,3774.56,3815.96,3773.0,3805.7,69259.743
2025-10-11 02:30:00,3805.7,3863.49,3802.55,3856.52,61742.795
2025-10-11 02:45:00,3856.52,3856.52,3831.0,3839.22,43527.677
2025-10-11 03:00:00,3839.22,3846.0,3774.16,3788.0,83116.212
2025-10-11 03:15:00,3788.0,3788.76,3766.21,3775.67,52296.763
2025-10-11 03:30:00,3775.67,3786.85,3753.38,3775.05,53488.405
2025-10-11 03:45:00,3775.05,3794.78,3768.56,3790.27,31343.176
2025-10-11 04:00:00,3790.26,3809.53,3781.0,3795.91,36007.429
2025-10-11 04:15:00,3795.91,3817.0,3789.19,3807.44,40086.646
2025-10-11 04:30:00,3807.45,3809.99,3777.2,3793.75,30474.665
2025-10-11 04:45:00,3793.75,3818.0,3778.49,3818.0,34465.519
2025-10-18 11:45:00,3877.3,3881.49,3873.0,3880.72,9581.43
2025-10-18 12:00:00,3880.71,3887.56,3875.11,3884.23,11454.901
2025-10-18 12:15:00,3884.23,3892.51,3874.49,3878.36,17733.611
2025-10-18 12:30:00,3878.37,3879.61,3871.01,3879.27,10557.123
2025-10-18 12:45:00,3879.28,3884.44,3876.66,3881.32,5229.207
2025-10-18 13:00:00,3881.32,3881.68,3866.0,3872.59,19427.165
2025-10-18 13:15:00,3872.59,3874.0,3861.46,3872.32,14418.135
2025-10-18 13:30:00,3872.32,3872.32,3853.33,3859.83,30591.91
2025-10-18 13:45:00,3859.82,3869.58,3855.34,3863.86,18716.567
2025-10-18 14:00:00,3863.87,3873.0,3847.11,3852.5,35802.255
2025-10-18 14:15:00,3852.51,3867.3,3852.51,3864.63,14413.491
2025-10-18 14:30:00,3864.63,3880.0,3864.62,3869.01,24151.587
2025-10-18 14:45:00,3869.01,3878.4,3867.67,3871.98,13270.322
2025-10-18 15:00:00,3871.98,3878.32,3868.02,3870.09,11410.362
2025-10-18 15:15:00,3870.09,3878.67,3869.3,3871.98,9618.723
2025-10-18 15:30:00,3871.98,3872.0,3861.96,3871.66,15579.693
2025-10-18 15:45:00,3871.67,3877.91,3871.35,3875.88,9514.918
2025-10-18 16:00:00,3875.88,3880.98,3868.89,3873.6,12926.966
2025-10-18 16:15:00,3873.59,3875.55,3860.14,3865.99,11623.034
2025-10-18 16:30:00,3865.99,3866.0,3851.24,3852.66,24688.082
2025-10-18 16:45:00,3852.66,3867.0,3852.03,3863.39,15765.341
2025-10-18 17:00:00,3863.39,3869.0,3855.99,3868.67,12253.614
2025-10-18 17:15:00,3868.68,3889.99,3867.95,3884.76,38093.515
2025-10-18 17:30:00,3884.76,3886.29,3875.6,3878.01,18377.86
2025-10-18 17:45:00,3878.01,3897.89,3875.3,3892.03,25750.603
2025-10-18 18:00:00,3892.02,3897.21,3883.43,3884.91,13286.181
2025-10-18 18:15:00,3884.92,3888.13,3881.01,3887.33,6971.497
2025-10-18 18:30:00,3887.32,3892.0,3886.01,3888.2,6809.889
2025-10-18 18:45:00,3888.2,3888.76,3883.29,3886.92,5326.609
2025-10-18 19:00:00,3886.92,3890.18,3880.41,3883.75,4854.287
2025-10-18 19:15:00,3883.76,3892.0,3883.75,3888.36,5299.221
2025-10-18 19:30:00,3888.35,3889.0,3885.0,3887.65,2812.508
2025-10-18 19:45:00,3887.64,3892.98,3886.58,3891.41,3812.498
2025-10-18 20:00:00,3891.41,3896.87,3885.0,3885.13,12325.546
2025-10-18 20:15:00,3885.12,3899.78,3883.47,3897.88,10395.778
2025-10-18 20:30:00,3897.87,3909.17,3890.24,3892.4,20121.479
2025-10-18 20:45:00,3892.41,3897.31,3883.34,3883.56,12142.403
2025-10-18 21:00:00,3883.59,3886.22,3866.66,3876.99,23303.089
2025-10-18 21:15:00,3877.0,3886.78,3868.36,3886.78,11037.901
2025-10-18 21:30:00,3886.78,3894.88,3882.61,3888.35,12081.719
2025-10-18 21:45:00,3888.35,3894.76,3885.78,3889.64,4951.208
2025-10-18 22:00:00,3889.65,3892.73,3881.48,3884.0,4738.902
2025-10-18 22:15:00,3884.0,3891.99,3883.0,3889.53,3797.519
2025-10-18 22:30:00,3889.52,3893.39,3887.14,3888.63,3681.525
2025-10-18 22:45:00,3888.63,3888.63,3881.0,3883.61,3651.984
2025-10-18 23:00:00,3883.6,3887.87,3879.01,3884.37,6521.038
2025-10-18 23:15:00,3884.36,3886.4,3878.48,3884.44,5175.42
2025-10-18 23:30:00,3884.44,3887.99,3882.96,3883.62,3822.233
2025-10-18 23:45:00,3883.63,3887.49,3883.11,3886.5,2594.688
2025-10-19 00:00:00,3886.49,3890.85,3880.0,3882.55,8076.046
2025-10-19 00:15:00,3882.55,3887.5,3877.87,3879.42,8670.894
2025-10-19 00:30:00,3879.42,3880.38,3861.35,3865.39,17030.218
2025-10-19 00:45:00,3865.39,3869.14,3860.23,3867.39,12554.933
2025-10-19 01:00:00,3867.38,3867.58,3853.86,3858.41,16555.034
2025-10-19 01:15:00,3858.41,3870.42,3857.2,3869.93,11774.064
2025-10-19 01:30:00,3869.93,3871.24,3862.77,3867.99,4987.588
2025-10-19 01:45:00,3868.0,3875.38,3867.56,3872.66,10738.179
2025-10-19 02:00:00,3872.66,3874.87,3863.5,3865.54,9379.958
2025-10-19 02:15:00,3865.53,3871.99,3863.5,3867.12,6329.108
2025-10-19 02:30:00,3867.12,3871.29,3865.0,3866.67,4844.628
2025-10-19 02:45:00,3866.68,3872.43,3864.4,3871.36,5363.533
2025-10-19 03:00:00,3871.37,3873.59,3866.53,3867.03,6549.86
2025-10-19 03:15:00,3867.03,3886.48,3867.02,3884.39,21951.36
2025-10-19 03:30:00,3884.39,3901.28,3884.0,3896.75,34185.666
2025-10-19 03:45:00,3896.76,3904.93,3892.73,3904.0,24599.77
2025-10-19 04:00:00,3903.99,3906.63,3889.33,3893.19,20777.171
2025-10-19 04:15:00,3893.18,3898.8,3892.01,3898.04,9035.184
2025-10-19 04:30:00,3898.01,3901.3,3895.0,3897.0,7311.29
2025-10-19 04:45:00,3896.99,3900.8,3895.49,3900.79,7518.604
2025-10-19 05:00:00,3900.8,3903.33,3898.27,3899.93,9315.049
2025-10-19 05:15:00,3899.93,3918.86,3898.8,3903.98,42172.857
2025-10-19 05:30:00,3903.98,3909.93,3897.16,3899.99,13222.655
2025-10-19 05:45:00,3899.99,3899.99,3891.67,3894.66,17356.747
2025-10-19 06:00:00,3894.65,3898.64,3886.2,3887.6,12943.799
2025-10-19 06:15:00,3887.6,3889.62,3883.5,3886.43,12425.579
2025-10-19 06:30:00,3886.44,3886.71,3873.36,3878.59,28056.718
2025-10-19 06:45:00,3878.59,3881.28,3872.05,3879.48,14833.392
2025-10-19 07:00:00,3879.49,3886.49,3875.51,3885.38,13580.042
2025-10-19 07:15:00,3885.38,3889.61,3880.81,3882.27,12623.592
2025-10-19 07:30:00,3882.26,3893.16,3877.5,3879.69,13232.839
2025-10-19 07:45:00,3879.69,3886.79,3877.0,3886.79,8504.236
2025-10-19 08:00:00,3886.79,3895.0,3883.31,3886.23,20688.686
2025-10-19 08:15:00,3886.23,3957.14,3824.0,3874.25,288549.702
2025-10-19 08:30:00,3874.24,3874.24,3858.01,3861.36,42345.651
2025-10-19 08:45:00,3861.36,3873.36,3856.43,3861.77,35783.303
2025-10-19 09:00:00,3861.77,3863.0,3847.11,3859.65,40312.948
2025-10-19 09:15:00,3859.65,3867.83,3850.0,3852.53,24425.114
2025-10-19 09:30:00,3852.53,3906.32,3851.8,3894.54,87643.849
2025-10-19 09:45:00,3894.54,3930.0,3888.12,3910.83,110233.792
2025-10-19 10:00:00,3910.82,3925.14,3896.28,3907.99,41727.487
2025-10-19 10:15:00,3907.99,3948.0,3905.0,3932.8,72262.854
2025-10-19 10:30:00,3932.72,3934.8,3917.42,3923.31,35144.204
2025-10-19 10:45:00,3923.31,3929.86,3915.01,3929.38,15694.509
2025-10-19 11:00:00,3929.37,3949.95,3929.22,3944.33,50951.373
2025-10-19 11:15:00,3944.33,3949.33,3923.05,3928.99,30871.634
2025-10-19 11:30:00,3929.0,3933.32,3921.0,3921.4,18069.133
2025-10-19 11:45:00,3921.41,3925.55,3911.03,3922.41,24505.053
2025-10-19 12:00:00,3922.41,3928.9,3913.9,3916.23,19646.468
2025-10-19 12:15:00,3916.23,3920.5,3908.78,3912.66,17585.036
2025-10-19 12:30:00,3912.66,3922.06,3906.0,3914.29,19055.42
2025-10-19 12:45:00,3914.29,3922.75,3910.57,3921.99,12902.08
2025-10-19 13:00:00,3921.99,3924.89,3911.77,3915.93,13195.838
2025-10-19 13:15:00,3915.92,3924.44,3913.21,3923.88,11418.54
2025-10-19 13:30:00,3923.87,3948.0,3923.24,3944.11,45843.847
2025-10-19 13:45:00,3944.11,3987.75,3940.95,3970.5,109105.727
2025-10-19 14:00:00,3970.51,3972.0,3952.68,3966.03,56729.64
2025-10-19 14:15:00,3966.02,4001.95,3961.48,3989.39,99437.994
2025-10-19 14:30:00,3989.4,3995.0,3968.08,3980.65,55265.239
2025-10-19 14:45:00,3980.65,3990.0,3977.07,3987.85,22637.655
2025-10-19 15:00:00,3987.84,3991.0,3975.52,3979.99,23515.754
2025-10-19 15:15:00,3979.99,3988.43,3975.19,3980.0,15966.707
2025-10-19 15:30:00,3980.0,3981.55,3971.36,3973.5,11885.427
2025-10-19 15:45:00,3973.51,3979.9,3972.46,3977.36,8330.975
2025-10-19 16:00:00,3977.36,3978.66,3966.49,3968.46,17242.549
2025-10-19 16:15:00,3968.46,3971.63,3960.0,3967.54,21779.653
2025-10-19 16:30:00,3967.55,3987.33,3956.48,3983.45,36162.021
2025-10-19 16:45:00,3983.46,3987.47,3976.26,3979.66,19462.934
2025-10-19 17:00:00,3979.66,4026.66,3978.99,4010.36,113062.976
2025-10-19 17:15:00,4010.36,4016.19,3987.73,3988.0,50266.773
2025-10-19 17:30:00,3988.01,3994.67,3983.53,3989.06,20685.039
2025-10-19 17:45:00,3989.06,3994.77,3982.31,3991.9,16385.473
2025-10-19 18:00:00,3991.9,4004.59,3987.0,3990.68,18398.135
2025-10-19 18:15:00,3990.69,3996.41,3984.43,3992.2,13259.835
2025-10-19 18:30:00,3992.2,4003.01,3989.2,3999.85,20027.326
2025-10-19 18:45:00,3999.84,4004.26,3997.71,4000.0,9875.085
2025-10-19 19:00:00,4000.0,4003.68,3976.21,3988.11,26707.781
2025-10-19 19:15:00,3988.11,3990.22,3984.09,3990.22,8703.206
2025-10-19 19:30:00,3990.21,3990.51,3978.49,3983.34,9388.108
2025-10-19 19:45:00,3983.35,3988.08,3977.0,3984.37,6368.542
2025-10-19 20:00:00,3984.38,3986.38,3977.5,3977.5,11753.884
2025-10-19 20:15:00,3977.51,3982.91,3973.15,3982.9,9777.645
2025-10-19 20:30:00,3982.91,3984.44,3979.0,3982.11,5369.487
2025-10-19 20:45:00,3982.11,4002.56,3982.1,3999.38,25861.465
2025-10-19 21:00:00,3999.38,4002.96,3993.5,4001.0,16747.506
2025-10-19 21:15:00,4001.0,4001.0,3985.0,3985.01,10893.909
2025-10-19 21:30:00,3985.02,3993.0,3983.0,3989.84,6428.846
2025-10-19 21:45:00,3989.85,3997.0,3986.53,3996.16,7721.635
2025-10-19 22:00:00,3996.16,4008.33,3986.28,4003.0,26906.005
2025-10-19 22:15:00,4003.0,4019.0,4000.54,4013.7,21360.419
2025-10-19 22:30:00,4013.71,4022.0,4009.43,4021.26,15653.69
2025-10-19 22:45:00,4021.25,4029.68,4016.9,4018.55,22278.825
2025-10-19 23:00:00,4018.55,4018.56,3995.38,4000.57,32511.746
2025-10-19 23:15:00,4000.56,4000.57,3990.0,3992.29,15278.091
2025-10-19 23:30:00,3992.29,3995.35,3967.3,3974.36,41102.386
2025-10-19 23:45:00,3974.36,3985.86,3971.8,3980.8,19642.615
2025-10-20 00:00:00,3980.79,3980.82,3953.03,3954.63,48974.737
2025-10-20 00:15:00,3954.63,3959.4,3918.0,3924.01,90590.811
2025-10-20 00:30:00,3924.01,3940.78,3905.71,3931.0,75035.034
2025-10-20 00:45:00,3930.99,3944.97,3926.01,3939.88,25543.793
2025-10-20 01:00:00,3939.88,3952.5,3928.19,3941.54,41990.957
2025-10-20 01:15:00,3941.54,3952.9,3937.69,3945.86,16938.943
2025-10-20 01:30:00,3945.87,3950.0,3933.68,3942.18,15936.857
2025-10-20 01:45:00,3942.18,3949.0,3935.0,3936.37,15451.853
2025-10-20 02:00:00,3936.38,3936.38,3917.06,3926.37,41995.603
2025-10-20 02:15:00,3926.36,3949.11,3923.8,3944.85,29484.916
2025-10-20 02:30:00,3944.84,3961.94,3940.0,3956.39,37609.416
2025-10-20 02:45:00,3956.39,3965.0,3950.26,3955.0,20618.672
2025-10-20 03:00:00,3954.99,3955.55,3944.76,3954.6,13784.407
2025-10-20 03:15:00,3954.61,3967.25,3953.0,3959.96,15463.495
2025-10-20 03:30:00,3959.97,3986.0,3952.58,3977.62,37677.875
2025-10-20 03:45:00,3977.63,4038.96,3973.15,4025.45,115191.505
2025-10-20 04:00:00,4025.46,4046.86,4023.0,4032.98,62500.304
2025-10-20 04:15:00,4032.99,4037.82,4020.65,4028.8,25442.65
2025-10-20 04:30:00,4028.8,4044.0,4028.79,4039.1,26857.211
2025-10-20 04:45:00,4039.11,4054.0,4033.52,4052.28,38730.413
2025-10-20 05:00:00,4052.28,4054.44,4040.0,4052.0,28168.406
2025-10-20 05:15:00,4051.99,4054.0,4042.18,4051.74,20467.136
2025-10-20 05:30:00,4051.74,4065.0,4050.0,4056.78,41284.165
2025-10-20 05:45:00,4056.79,4073.0,4052.43,4058.97,51008.254
2025-10-20 06:00:00,4058.97,4077.89,4054.37,4068.62,49001.155
2025-10-20 06:15:00,4068.62,4083.26,4067.19,4071.99,40254.153
2025-10-20 06:30:00,4071.99,4082.0,4070.54,4079.2,33378.926
2025-10-20 06:45:00,4079.19,4081.0,4071.01,4072.41,13577.899
2025-10-20 07:00:00,4072.4,4073.79,4061.0,4070.74,35801.325
2025-10-20 07:15:00,4070.75,4075.0,4065.32,4066.5,15348.234
2025-10-20 07:30:00,4066.5,4067.63,4055.01,4058.29,23032.547
2025-10-20 07:45:00,4058.28,4060.0,4048.34,4053.21,33013.258
2025-10-20 08:00:00,4053.21,4055.85,4036.88,4046.13,30957.442
2025-10-20 08:15:00,4046.12,4048.0,4032.0,4047.38,33334.553
2025-10-20 08:30:00,4047.37,4070.77,4040.26,4049.15,61442.113
2025-10-20 08:45:00,4049.15,4057.89,4039.0,4043.6,18571.397
2025-10-20 09:00:00,4043.6,4050.62,4034.47,4046.25,22093.09
2025-10-20 09:15:00,4046.24,4047.25,4033.56,4037.89,17695.011
2025-10-20 09:30:00,4037.89,4042.28,4033.0,4039.61,13572.198
2025-10-20 09:45:00,4039.6,4046.04,4034.71,4043.38,12706.079
2025-10-20 10:00:00,4043.38,4050.76,4035.78,4043.94,21726.727
2025-10-20 10:15:00,4043.95,4049.7,4040.17,4047.09,13191.092
2025-10-20 10:30:00,4047.09,4052.0,4034.0,4037.16,17420.701
2025-10-20 10:45:00,4037.15,4037.15,4012.5,4024.59,66222.187
2025-10-20 11:00:00,4024.6,4025.43,4011.84,4014.32,28587.877
2025-10-20 11:15:00,4014.32,4032.29,4010.04,4030.43,30894.66
2025-10-20 11:30:00,4030.43,4032.48,4023.33,4029.01,12867.739
2025-10-20 11:45:00,4029.0,4041.0,4027.94,4033.22,24408.69
2025-10-20 12:00:00,4033.21,4033.54,4022.18,4027.0,19675.29
2025-10-20 12:15:00,4027.0,4037.9,4024.23,4034.24,12074.595
2025-10-20 12:30:00,4034.25,4038.0,4025.13,4026.81,12501.328
2025-10-20 12:45:00,4026.81,4036.0,4024.47,4036.0,9968.276
2025-10-20 13:00:00,4035.99,4039.5,4027.73,4027.73,16795.821
2025-10-20 13:15:00,4027.73,4033.0,4018.0,4024.3,30119.205
2025-10-20 13:30:00,4024.31,4042.42,4023.71,4032.04,42820.045
2025-10-20 13:45:00,4032.05,4043.81,4025.19,4037.76,28556.583
2025-10-20 14:00:00,4037.77,4041.87,4024.15,4025.67,17609.891
2025-10-20 14:15:00,4025.67,4047.84,4011.0,4042.86,64000.214
2025-10-20 14:30:00,4042.86,4045.0,4024.2,4029.8,31336.236
2025-10-20 14:45:00,4029.8,4042.42,4029.32,4037.17,15383.317
2025-10-20 15:00:00,4037.19,4048.8,4022.39,4022.39,35175.953
2025-10-20 15:15:00,4022.39,4027.2,4015.22,4022.64,34070.856
2025-10-20 15:30:00,4022.63,4030.2,4018.0,4028.05,18007.749
2025-10-20 15:45:00,4028.05,4041.0,4000.93,4002.14,67681.516
2025-10-20 16:00:00,4002.14,4002.19,3943.0,3973.37,228536.258
2025-10-20 16:15:00,3973.37,3978.88,3952.0,3962.82,53233.66
2025-10-20 16:30:00,3962.82,3962.82,3930.0,3935.66,103461.988
2025-10-20 16:45:00,3935.66,3953.77,3922.76,3947.87,76337.882
2025-10-20 17:00:00,3947.86,3963.78,3937.34,3940.1,60419.859
2025-10-20 17:15:00,3940.1,3949.34,3930.21,3936.81,30611.726
2025-10-20 17:30:00,3936.81,3939.45,3920.1,3927.52,37906.297
2025-10-20 17:45:00,3927.52,3955.37,3926.57,3949.29,38180.577
2025-10-20 18:00:00,3949.29,3958.72,3945.55,3950.75,18284.099
2025-10-20 18:15:00,3950.76,3959.99,3944.2,3958.32,15394.773
2025-10-20 18:30:00,3958.32,3965.0,3954.39,3961.45,18229.403
2025-10-20 18:45:00,3961.45,3974.04,3961.0,3972.05,24867.092
2025-10-20 19:00:00,3972.04,3977.64,3961.1,3966.4,26574.974
2025-10-20 19:15:00,3966.4,3974.51,3956.72,3972.26,21300.597
2025-10-20 19:30:00,3972.27,3987.01,3971.01,3982.65,24055.569
2025-10-20 19:45:00,3982.65,3991.38,3977.25,3978.88,21945.788
2025-10-20 20:00:00,3978.88,3988.0,3972.19,3986.45,13714.33
2025-10-20 20:15:00,3986.45,3995.14,3981.82,3984.48,13723.02
2025-10-20 20:30:00,3984.48,3991.8,3979.41,3991.52,7123.119
2025-10-20 20:45:00,3991.52,3997.06,3987.63,3996.37,9883.626
2025-10-20 21:00:00,3996.38,4001.64,3989.69,3990.7,21567.26
2025-10-20 21:15:00,3990.69,3991.11,3976.46,3985.08,14519.387
2025-10-20 21:30:00,3985.07,3986.47,3970.73,3977.99,10078.907
2025-10-20 21:45:00,3978.0,3978.6,3968.22,3974.7,13282.584
2025-10-20 22:00:00,3974.7,3983.94,3968.51,3982.93,13251.948
2025-10-20 22:15:00,3982.93,3986.22,3978.57,3978.96,7455.416
2025-10-20 22:30:00,3978.95,3989.04,3978.37,3988.77,12871.746
2025-10-20 22:45:00,3988.77,3989.71,3982.0,3987.12,11815.857
2025-10-20 23:00:00,3987.13,3991.67,3976.07,3978.51,11771.642
2025-10-20 23:15:00,3978.5,3986.17,3974.58,3986.16,9129.566
2025-10-20 23:30:00,3986.17,3987.01,3977.05,3979.46,7089.987
2025-10-20 23:45:00,3979.46,3983.0,3974.2,3977.47,7328.092
2025-10-21 00:00:00,3977.46,3977.47,3960.57,3962.9,22167.257
2025-10-21 00:15:00,3962.91,3977.07,3962.9,3975.76,13633.828
2025-10-21 00:30:00,3975.76,3984.65,3969.0,3979.5,11813.215
2025-10-21 00:45:00,3979.5,3979.99,3970.17,3970.18,6753.031
2025-10-21 01:00:00,3970.17,3972.18,3952.0,3955.3,29443.494
2025-10-21 01:15:00,3955.3,3964.41,3953.44,3961.89,10183.468
2025-10-21 01:30:00,3961.88,3963.0,3950.12,3956.67,15001.752
2025-10-21 01:45:00,3956.67,3959.59,3929.26,3946.17,50786.999
2025-10-21 02:00:00,3946.16,3949.2,3925.01,3936.65,39793.698
2025-10-21 02:15:00,3936.65,3938.38,3923.2,3936.2,26524.689
2025-10-21 02:30:00,3936.19,3946.0,3932.57,3937.66,18677.897
2025-10-21 02:45:00,3937.67,3940.31,3928.01,3930.08,15810.484
2025-10-21 03:00:00,3930.09,3936.63,3926.61,3931.81,13572.352
2025-10-21 03:15:00,3931.81,3941.8,3928.86,3934.11,13736.869
2025-10-21 03:30:00,3934.11,3939.68,3931.24,3933.55,11449.891
2025-10-21 03:45:00,3933.54,3933.55,3915.1,3920.96,39668.63
2025-10-21 04:00:00,3920.95,3920.96,3864.0,3877.23,204555.972
2025-10-21 04:15:00,3877.23,3878.79,3865.61,3875.72,44806.657
2025-10-21 04:30:00,3875.72,3875.92,3851.09,3856.1,72009.96
2025-10-21 04:45:00,3856.1,3859.63,3841.83,3849.53,60410.971
2025-10-21 05:00:00,3849.54,3856.9,3837.01,3854.63,44157.717
2025-10-21 05:15:00,3854.63,3865.0,3850.0,3862.62,42629.189
2025-10-21 05:30:00,3862.62,3868.57,3845.39,3864.39,48394.381
2025-10-21 05:45:00,3864.39,3872.8,3858.0,3862.16,33731.013
2025-10-21 06:00:00,3862.16,3863.54,3853.61,3862.74,19842.062
2025-10-21 06:15:00,3862.73,3886.95,3861.02,3879.22,43560.155
2025-10-21 06:30:00,3879.22,3889.44,3877.7,3880.27,28989.519
2025-10-21 06:45:00,3880.2,3890.0,3879.03,3885.01,19156.402
2025-10-21 07:00:00,3885.0,3887.42,3872.4,3873.13,25327.098
2025-10-21 07:15:00,3873.13,3891.85,3873.13,3890.21,17331.664
2025-10-21 07:30:00,3890.2,3894.95,3885.9,3886.8,27371.484
2025-10-21 07:45:00,3886.79,3893.97,3886.08,3890.08,9407.643
2025-10-21 08:00:00,3890.08,3891.0,3873.9,3876.82,33770.101
2025-10-21 08:15:00,3876.83,3884.0,3870.89,3877.45,20177.336
2025-10-21 08:30:00,3877.45,3877.78,3852.88,3856.02,56842.715
2025-10-21 08:45:00,3856.02,3872.66,3848.88,3866.26,38002.51
2025-10-21 09:00:00,3866.27,3867.45,3854.55,3864.41,20899.435
2025-10-21 09:15:00,3864.4,3873.0,3859.21,3868.53,16703.745
2025-10-21 09:30:00,3868.52,3871.95,3861.44,3864.4,12623.546
2025-10-21 09:45:00,3864.4,3868.27,3859.68,3862.91,9471.972
2025-10-21 10:00:00,3862.91,3871.98,3860.51,3868.23,11985.644
2025-10-21 10:15:00,3868.22,3871.85,3858.0,3860.06,13395.008
2025-10-21 10:30:00,3860.06,3879.99,3860.05,3871.19,27203.769
2025-10-21 10:45:00,3871.2,3896.35,3871.2,3882.48,63366.267
2025-10-21 11:00:00,3882.47,3883.0,3868.32,3874.0,31516.974
2025-10-21 11:15:00,3874.0,3885.91,3869.88,3882.0,20601.084
2025-10-21 11:30:00,3882.0,3892.99,3878.44,3886.65,19165.326
2025-10-21 11:45:00,3886.66,3893.11,3886.66,3888.29,10656.586
2025-10-21 12:00:00,3888.3,3890.98,3883.01,3886.47,11999.087
2025-10-21 12:15:00,3886.48,3917.76,3886.01,3902.86,64004.825
2025-10-21 12:30:00,3902.87,3914.3,3897.52,3913.61,22841.896
2025-10-21 12:45:00,3913.62,3914.88,3874.03,3879.41,56714.925
2025-10-21 13:00:00,3879.4,3891.6,3859.2,3880.15,63730.761
2025-10-21 13:15:00,3880.14,3885.55,3873.86,3883.52,20330.307
2025-10-21 13:30:00,3883.52,3897.68,3867.31,3875.56,46159.707
2025-10-21 13:45:00,3875.55,3875.55,3850.69,3864.76,79520.499
2025-10-21 14:00:00,3864.77,3926.4,3863.33,3925.39,127991.219
2025-10-21 14:15:00,3925.39,3955.4,3911.95,3912.43,165665.265
2025-10-21 14:30:00,3912.43,3937.63,3911.88,3928.0,57466.362
2025-10-21 14:45:00,3928.0,4023.0,3919.0,4019.17,244262.05
2025-10-21 15:00:00,4019.17,4045.53,3995.0,4030.58,198117.914
2025-10-21 15:15:00,4030.58,4068.0,4020.2,4052.7,132649.662
2025-10-21 15:30:00,4052.7,4073.02,4036.0,4072.49,87131.16
2025-10-21 15:45:00,4072.49,4084.73,4060.21,4079.96,90334.235
2025-10-21 16:00:00,4079.95,4095.83,4062.62,4084.31,143493.733
2025-10-21 16:15:00,4084.32,4109.64,4080.86,4096.89,98915.726
2025-10-21 16:30:00,4096.89,4108.6,4082.24,4088.32,99277.224
2025-10-21 16:45:00,4088.3,4101.97,4016.6,4028.57,169061.067
2025-10-21 17:00:00,4028.63,4040.0,4003.13,4012.73,170270.819
2025-10-21 17:15:00,4012.72,4016.65,3963.5,4006.0,217518.737
2025-10-21 17:30:00,4006.0,4033.81,3993.44,4023.72,108799.809
2025-10-21 17:45:00,4023.72,4029.0,4005.62,4012.97,45147.528
2025-10-21 18:00:00,4012.98,4021.85,3973.18,3983.73,72814.392
2025-10-21 18:15:00,3983.74,3999.6,3975.37,3987.99,42623.461
2025-10-21 18:30:00,3988.0,3994.67,3976.73,3991.74,27903.953
2025-10-21 18:45:00,3991.74,4014.15,3991.12,4012.0,33039.769
2025-10-21 19:00:00,4012.0,4021.24,4007.99,4020.13,19652.268
2025-10-21 19:15:00,4020.13,4021.21,3996.35,3999.86,27285.221
2025-10-21 19:30:00,3999.86,4007.43,3993.37,4004.44,20652.888
2025-10-21 19:45:00,4004.44,4012.87,3992.08,3994.39,15171.872
2025-10-21 20:00:00,3994.4,3999.59,3973.38,3978.71,29631.33
2025-10-21 20:15:00,3978.71,3980.0,3933.0,3949.98,96492.894
2025-10-21 20:30:00,3949.99,3958.78,3941.01,3953.61,16400.411
2025-10-21 20:45:00,3953.61,3957.99,3941.43,3951.95,18096.029
2025-10-21 21:00:00,3951.95,3964.99,3947.6,3961.46,19633.269
2025-10-21 21:15:00,3961.47,3963.39,3891.58,3928.46,99479.219
2025-10-21 21:30:00,3928.47,3947.74,3925.0,3946.54,18898.303
2025-10-21 21:45:00,3946.53,3954.12,3939.89,3943.72,13820.636
2025-10-21 22:00:00,3943.71,3947.84,3916.97,3933.19,27693.396
2025-10-21 22:15:00,3933.2,3942.9,3907.3,3910.0,36030.825
2025-10-21 22:30:00,3910.01,3922.0,3890.7,3911.07,87266.227
2025-10-21 22:45:00,3911.06,3924.92,3895.36,3899.54,33931.158
2025-10-21 23:00:00,3899.54,3905.95,3888.13,3899.4,34663.619
2025-10-21 23:15:00,3899.39,3909.75,3889.16,3892.76,25446.604
2025-10-21 23:30:00,3892.76,3893.18,3855.11,3868.87,90483.23
2025-10-21 23:45:00,3868.81,3879.55,3865.64,3870.8,26770.743
2025-10-22 00:00:00,3870.79,3887.81,3859.51,3884.2,40905.211
2025-10-22 00:15:00,3884.19,3884.19,3850.0,3858.4,40359.738
2025-10-22 00:30:00,3858.34,3870.54,3817.0,3836.36,136931.923
2025-10-22 00:45:00,3836.4,3847.1,3836.4,3840.12,22892.342
2025-10-22 01:00:00,3840.11,3864.35,3839.13,3863.2,40368.949
2025-10-22 01:15:00,3863.21,3863.21,3844.53,3854.1,30279.188
2025-10-22 01:30:00,3854.09,3860.59,3846.0,3860.39,20764.289
2025-10-22 01:45:00,3860.4,3872.99,3853.0,3868.01,38810.366
2025-10-22 02:00:00,3868.01,3874.44,3862.72,3873.94,24158.929
2025-10-22 02:15:00,3873.94,3873.95,3865.24,3871.0,13922.123
2025-10-22 02:30:00,3871.0,3871.0,3859.67,3863.39,16238.614
2025-10-22 02:45:00,3863.38,3865.33,3858.32,3859.87,11749.447
2025-10-22 03:00:00,3859.87,3859.87,3837.36,3841.99,36008.201
2025-10-22 03:15:00,3841.98,3861.99,3840.0,3857.7,19117.305
2025-10-22 03:30:00,3857.7,3859.47,3845.0,3849.19,21295.873
2025-10-22 03:45:00,3849.19,3857.96,3847.31,3857.67,11387.609
2025-10-22 04:00:00,3857.66,3871.47,3855.24,3868.39,19800.984
2025-10-22 04:15:00,3868.38,3872.0,3861.1,3862.8,15909.808
2025-10-22 04:30:00,3862.8,3882.4,3862.21,3876.51,31733.48
2025-10-22 04:45:00,3876.51,3878.32,3873.52,3876.9,12813.231
2025-10-22 05:00:00,3876.9,3880.0,3862.84,3864.61,18025.083
2025-10-22 05:15:00,3864.61,3865.97,3835.0,3847.43,48958.124
2025-10-22 05:30:00,3847.42,3852.67,3838.64,3846.8,29545.846
2025-10-22 05:45:00,3846.8,3863.0,3843.0,3858.48,20520.16
2025-10-22 06:00:00,3858.47,3860.76,3851.3,3859.99,12524.936
2025-10-22 06:15:00,3860.0,3865.95,3852.19,3858.06,19617.757
2025-10-22 06:30:00,3858.06,3868.97,3857.57,3864.63,13385.739
2025-10-22 06:45:00,3864.63,3864.63,3850.27,3850.96,12097.617
2025-10-22 07:00:00,3850.95,3853.0,3839.01,3840.52,36461.279
2025-10-22 07:15:00,3840.53,3859.99,3840.52,3859.02,24022.474
2025-10-22 07:30:00,3859.02,3867.27,3853.49,3859.91,16570.357
2025-10-22 07:45:00,3859.91,3876.77,3856.04,3867.31,21860.472
2025-10-22 08:00:00,3867.31,3867.32,3853.32,3853.78,14286.744
2025-10-22 08:15:00,3853.78,3861.95,3846.87,3856.2,18809.059
2025-10-22 08:30:00,3856.2,3860.0,3849.37,3859.21,8711.516
2025-10-22 08:45:00,3859.21,3861.47,3848.89,3852.46,10316.803
2025-10-22 09:00:00,3852.46,3856.91,3842.01,3843.45,18944.238
2025-10-22 09:15:00,3843.45,3851.0,3822.0,3849.01,66669.397
2025-10-22 09:30:00,3849.01,3857.0,3830.01,3833.29,36561.175
2025-10-22 09:45:00,3833.29,3841.9,3826.01,3835.39,29074.368
2025-10-22 10:00:00,3835.38,3848.0,3828.88,3842.95,20161.657
2025-10-22 10:15:00,3842.95,3847.0,3832.0,3836.35,16736.223
2025-10-22 10:30:00,3836.35,3840.85,3826.52,3832.25,25692.391
2025-10-22 10:45:00,3832.26,3836.97,3815.49,3819.09,75608.481
2025-10-22 11:00:00,3819.1,3828.32,3763.54,3823.77,265825.345
2025-10-22 11:15:00,3823.78,3837.49,3805.56,3821.82,73386.343
2025-10-22 11:30:00,3821.82,3836.81,3821.82,3825.15,30637.631
2025-10-22 11:45:00,3825.15,3829.25,3813.09,3827.01,29807.376
2025-10-22 12:00:00,3827.0,3833.5,3818.6,3831.34,24355.527
2025-10-22 12:15:00,3831.34,3853.96,3831.34,3843.1,51897.699
2025-10-22 12:30:00,3843.09,3856.45,3838.48,3848.43,25417.622
2025-10-22 12:45:00,3848.44,3848.88,3840.16,3844.72,21674.716
2025-10-22 13:00:00,3844.71,3864.97,3836.07,3857.29,46096.066
2025-10-22 13:15:00,3857.29,3857.57,3846.13,3848.59,18754.857
2025-10-22 13:30:00,3848.6,3858.0,3822.3,3839.68,91255.572
2025-10-22 13:45:00,3839.68,3875.99,3828.94,3870.79,79038.27
2025-10-22 14:00:00,3870.8,3872.84,3830.38,3839.59,66764.797
2025-10-22 14:15:00,3839.6,3848.0,3782.0,3809.88,173587.219
2025-10-22 14:30:00,3809.88,3816.99,3790.21,3793.6,89030.777
2025-10-22 14:45:00,3793.6,3851.77,3777.01,3851.68,137504.893
2025-10-22 15:00:00,3851.7,3862.68,3822.01,3825.1,108351.489
2025-10-22 15:15:00,3825.1,3826.21,3786.93,3802.56,87260.767
2025-10-22 15:30:00,3802.56,3843.99,3796.04,3838.16,88059.524
2025-10-22 15:45:00,3838.16,3845.0,3827.02,3839.45,39509.329
2025-10-22 16:00:00,3839.44,3851.0,3825.41,3837.06,44517.325
2025-10-22 16:15:00,3837.06,3844.0,3809.97,3838.51,63335.628
2025-10-22 16:30:00,3838.51,3859.15,3808.08,3841.78,120359.266
2025-10-22 16:45:00,3841.77,3853.8,3829.76,3833.28,39019.456
2025-10-22 17:00:00,3833.28,3840.99,3822.28,3831.35,25201.185
2025-10-22 17:15:00,3831.35,3833.0,3818.2,3824.1,23759.027
2025-10-22 17:30:00,3824.1,3837.98,3808.8,3812.33,29972.919
2025-10-22 17:45:00,3812.33,3822.0,3792.0,3805.53,43602.364
2025-10-22 18:00:00,3805.53,3819.46,3803.43,3805.38,21233.763
2025-10-22 18:15:00,3805.39,3819.1,3786.34,3807.59,52665.086
2025-10-22 18:30:00,3807.58,3811.25,3792.53,3797.65,28348.494
2025-10-22 18:45:00,3797.66,3802.34,3790.0,3800.95,16816.229
2025-10-22 19:00:00,3800.95,3827.14,3795.23,3817.73,35216.495
2025-10-22 19:15:00,3817.86,3824.77,3808.48,3812.25,16692.309
2025-10-22 19:30:00,3812.25,3822.45,3803.77,3804.39,23168.606
2025-10-22 19:45:00,3804.4,3809.53,3781.06,3802.55,59434.988
2025-10-22 20:00:00,3802.55,3808.78,3792.08,3796.05,22481.76
2025-10-22 20:15:00,3796.05,3796.06,3773.11,3781.89,35208.742
2025-10-22 20:30:00,3781.89,3800.87,3765.8,3798.7,44395.06
2025-10-22 20:45:00,3798.7,3799.28,3769.0,3779.01,18423.196
2025-10-22 21:00:00,3779.01,3780.29,3705.01,3741.1,172006.952
2025-10-22 21:15:00,3741.1,3751.49,3720.15,3722.01,43279.017
2025-10-22 21:30:00,3722.0,3747.76,3717.98,3739.99,28531.033
2025-10-22 21:45:00,3740.0,3756.89,3736.33,3742.48,26983.713
2025-10-22 22:00:00,3742.48,3760.0,3738.9,3756.57,25063.099
2025-10-22 22:15:00,3756.57,3757.78,3731.38,3735.96,19790.29
2025-10-22 22:30:00,3735.96,3753.49,3734.04,3750.39,15985.014
2025-10-22 22:45:00,3750.38,3754.56,3738.82,3750.07,17420.315
2025-10-22 23:00:00,3750.06,3773.58,3748.4,3770.72,29334.237
2025-10-22 23:15:00,3770.72,3809.88,3769.82,3793.45,53059.159
2025-10-22 23:30:00,3793.46,3816.74,3793.34,3793.84,41579.4
2025-10-22 23:45:00,3793.84,3810.0,3793.84,3803.69,14706.716
2025-10-23 00:00:00,3803.69,3810.0,3794.34,3809.75,19766.598
2025-10-23 00:15:00,3809.75,3818.82,3800.09,3805.29,19151.909
2025-10-23 00:30:00,3805.3,3814.68,3803.26,3805.84,12854.43
2025-10-23 00:45:00,3805.84,3820.0,3803.1,3813.21,18969.284
2025-10-23 01:00:00,3813.22,3835.16,3810.46,3826.29,29451.155
2025-10-23 01:15:00,3826.3,3832.4,3810.0,3817.99,30035.397
2025-10-23 01:30:00,3817.99,3825.33,3816.13,3822.83,18225.631
2025-10-23 01:45:00,3822.84,3826.44,3818.11,3819.37,12162.569
2025-10-23 02:00:00,3819.38,3820.0,3813.0,3818.98,11165.722
2025-10-23 02:15:00,3818.98,3826.67,3818.98,3824.38,12392.759
2025-10-23 02:30:00,3824.39,3833.28,3824.39,3829.01,16386.852
2025-10-23 02:45:00,3829.0,3829.3,3817.8,3823.99,18814.623
2025-10-23 03:00:00,3823.99,3828.73,3822.0,3822.47,10896.793
2025-10-23 03:15:00,3822.48,3832.64,3822.43,3830.79,14064.999
2025-10-23 03:30:00,3830.79,3833.5,3822.95,3823.63,13116.15
2025-10-23 03:45:00,3823.62,3827.43,3820.0,3824.89,9563.548
2025-10-23 04:00:00,3824.89,3831.86,3820.54,3821.15,10792.308
2025-10-23 04:15:00,3821.15,3832.71,3820.72,3828.55,11702.328
2025-10-23 04:30:00,3828.55,3847.0,3823.0,3843.11,31562.564
2025-10-23 04:45:00,3843.11,3844.49,3833.17,3833.69,15384.236
2025-10-23 05:00:00,3833.7,3841.86,3832.67,3840.24,15054.966
2025-10-23 05:15:00,3840.24,3841.8,3836.42,3839.26,10614.298
2025-10-23 05:30:00,3839.26,3840.0,3835.0,3835.01,8082.717
2025-10-23 05:45:00,3835.01,3848.19,3834.0,3846.0,20508.822
2025-10-23 06:00:00,3845.99,3853.0,3842.0,3852.45,23068.982
2025-10-23 06:15:00,3852.45,3887.0,3852.45,3874.2,107934.662
2025-10-23 06:30:00,3874.19,3881.56,3869.04,3877.41,30808.931
2025-10-23 06:45:00,3877.41,3895.97,3876.01,3889.67,47265.56
2025-10-23 07:00:00,3889.66,3891.0,3876.0,3876.86,29435.64
2025-10-23 07:15:00,3876.85,3879.47,3868.01,3876.57,30418.029
2025-10-23 07:30:00,3876.57,3887.61,3871.54,3881.01,24869.319
2025-10-23 07:45:00,3881.01,3886.0,3877.07,3878.99,16749.982
2025-10-23 08:00:00,3878.98,3896.97,3878.98,3892.15,31593.768
2025-10-23 08:15:00,3892.15,3903.0,3886.08,3894.26,37104.416
2025-10-23 08:30:00,3894.26,3902.0,3883.11,3889.12,26483.396
2025-10-23 08:45:00,3889.11,3896.61,3882.23,3884.99,17035.29
2025-10-23 09:00:00,3885.0,3886.88,3873.0,3873.7,30265.117
2025-10-23 09:15:00,3873.71,3886.0,3872.73,3885.62,19569.502
2025-10-23 09:30:00,3885.62,3887.74,3880.8,3882.66,9162.4
2025-10-23 09:45:00,3882.66,3890.0,3878.9,3888.8,14308.407
2025-10-23 10:00:00,3888.8,3900.0,3888.4,3897.28,24215.364
2025-10-23 10:15:00,3897.28,3903.0,3892.99,3893.14,28395.605
2025-10-23 10:30:00,3893.14,3893.8,3875.59,3880.24,37711.553
2025-10-23 10:45:00,3880.24,3883.34,3875.58,3875.63,16697.192
2025-10-23 11:00:00,3875.63,3880.1,3871.15,3874.0,20391.329
2025-10-23 11:15:00,3874.0,3886.57,3855.26,3880.65,53279.268
2025-10-23 11:30:00,3880.66,3881.88,3860.57,3864.84,33191.781
2025-10-23 11:45:00,3864.85,3867.87,3858.49,3861.83,20670.797
2025-10-23 12:00:00,3861.83,3861.83,3833.8,3844.01,80550.959
2025-10-23 12:15:00,3844.0,3857.8,3840.0,3855.56,24047.853
2025-10-23 12:30:00,3855.55,3855.64,3839.88,3850.0,23561.99
2025-10-23 12:45:00,3850.0,3856.4,3843.12,3851.75,26753.682
2025-10-23 13:00:00,3851.76,3852.95,3831.14,3844.78,38896.691
2025-10-23 13:15:00,3844.79,3849.38,3839.64,3844.99,15616.961
2025-10-23 13:30:00,3845.0,3866.88,3831.53,3844.76,77370.495
2025-10-23 13:45:00,3844.77,3856.9,3834.3,3850.0,47363.225
2025-10-23 14:00:00,3850.0,3852.63,3809.0,3813.61,99880.562
2025-10-23 14:15:00,3813.62,3834.0,3806.0,3826.21,69217.532
2025-10-23 14:30:00,3826.22,3851.32,3823.6,3836.61,42514.36
2025-10-23 14:45:00,3836.61,3847.05,3833.75,3845.99,26439.749
2025-10-23 15:00:00,3846.0,3877.58,3841.0,3863.58,85484.758
2025-10-23 15:15:00,3863.58,3868.54,3843.77,3861.0,54795.193
2025-10-23 15:30:00,3861.01,3881.77,3856.13,3858.71,54443.014
2025-10-23 15:45:00,3858.71,3886.0,3856.0,3874.89,44627.715
2025-10-23 16:00:00,3874.88,3883.22,3862.66,3876.29,45903.149
2025-10-23 16:15:00,3876.29,3880.67,3868.19,3872.49,17290.204
2025-10-23 16:30:00,3872.49,3879.72,3865.0,3878.62,28618.259
2025-10-23 16:45:00,3878.63,3934.49,3878.62,3916.15,120743.258
2025-10-23 17:00:00,3916.15,3919.38,3873.71,3885.39,88901.052
2025-10-23 17:15:00,3885.38,3891.49,3880.56,3885.82,18598.343
2025-10-23 17:30:00,3885.83,3923.08,3884.01,3909.62,66946.804
2025-10-23 17:45:00,3909.61,3926.49,3909.61,3919.6,40439.654
2025-10-23 18:00:00,3919.61,3920.98,3888.54,3892.61,41058.919
2025-10-23 18:15:00,3892.62,3900.0,3882.81,3885.7,28736.63
2025-10-23 18:30:00,3885.7,3886.05,3867.62,3874.39,32257.339
2025-10-23 18:45:00,3874.39,3876.0,3856.0,3868.34,33242.387
2025-10-23 19:00:00,3868.35,3869.77,3842.96,3853.78,48349.602
2025-10-23 19:15:00,3853.77,3867.0,3845.0,3866.61,21363.89
2025-10-23 19:30:00,3866.6,3866.94,3855.0,3856.56,13765.314
2025-10-23 19:45:00,3856.55,3868.75,3852.49,3857.8,16287.329
2025-10-23 20:00:00,3857.8,3858.65,3832.0,3840.65,36130.035
2025-10-23 20:15:00,3840.64,3851.35,3839.68,3849.61,12263.155
2025-10-23 20:30:00,3849.61,3853.19,3842.08,3847.82,14774.642
2025-10-23 20:45:00,3847.82,3849.85,3816.06,3827.32,41214.709
2025-10-23 21:00:00,3827.33,3834.58,3819.37,3834.54,23457.724
2025-10-23 21:15:00,3834.53,3835.66,3824.67,3825.02,10494.963
2025-10-23 21:30:00,3825.02,3832.15,3819.15,3821.69,19112.595
2025-10-23 21:45:00,3821.69,3830.0,3821.0,3826.46,12307.479
2025-10-23 22:00:00,3826.45,3847.22,3824.25,3838.26,30186.091
2025-10-23 22:15:00,3838.26,3843.69,3833.77,3842.88,16554.939
2025-10-23 22:30:00,3842.89,3854.52,3841.25,3845.0,21276.621
2025-10-23 22:45:00,3845.0,3851.43,3842.37,3848.41,11547.321
2025-10-23 23:00:00,3848.4,3854.0,3843.33,3853.48,13522.331
2025-10-23 23:15:00,3853.48,3859.27,3847.37,3852.38,13184.352
2025-10-23 23:30:00,3852.37,3856.07,3847.77,3853.97,11325.767
2025-10-23 23:45:00,3853.97,3858.05,3850.05,3854.74,12332.29
2025-10-24 00:00:00,3854.74,3858.8,3845.4,3853.73,23597.455
2025-10-24 00:15:00,3853.72,3861.98,3846.0,3847.0,16563.753
2025-10-24 00:30:00,3847.0,3866.28,3843.01,3860.61,24124.95
2025-10-24 00:45:00,3860.61,3875.67,3860.61,3865.72,31486.731
2025-10-24 01:00:00,3865.72,3873.8,3865.72,3871.56,14294.987
2025-10-24 01:15:00,3871.56,3871.56,3855.05,3859.2,18461.052
2025-10-24 01:30:00,3859.2,3874.95,3858.0,3874.74,12308.819
2025-10-24 01:45:00,3874.73,3881.57,3873.6,3879.35,16672.446
2025-10-24 02:00:00,3879.36,3881.57,3873.5,3875.3,9467.319
2025-10-24 02:15:00,3875.29,3881.0,3869.0,3873.95,10769.394
2025-10-24 02:30:00,3873.95,3886.32,3873.94,3885.6,17477.864
2025-10-24 02:45:00,3885.6,3894.33,3882.07,3887.08,21066.72
2025-10-24 03:00:00,3887.08,3890.34,3880.11,3883.25,17021.397
2025-10-24 03:15:00,3883.25,3888.88,3880.87,3883.84,8710.021
2025-10-24 03:30:00,3883.84,3884.0,3878.05,3881.65,11891.791
2025-10-24 03:45:00,3881.65,3889.78,3876.23,3889.06,16648.671
2025-10-24 04:00:00,3889.06,3898.4,3883.7,3897.39,21778.783
2025-10-24 04:15:00,3897.39,3918.6,3895.31,3916.74,52279.556
2025-10-24 04:30:00,3916.74,3965.99,3916.2,3961.61,149672.407
2025-10-24 04:45:00,3961.62,3978.4,3956.66,3972.8,69356.926
2025-10-24 05:00:00,3972.8,3975.73,3955.0,3968.34,55148.829
2025-10-24 05:15:00,3968.34,3970.3,3956.58,3966.99,26408.945
2025-10-24 05:30:00,3967.0,3977.63,3962.0,3972.1,26270.849
2025-10-24 05:45:00,3972.11,3987.98,3970.4,3972.7,37980.871
2025-10-24 06:00:00,3972.7,3974.55,3961.21,3967.09,30588.045
2025-10-24 06:15:00,3967.08,3983.54,3962.05,3983.51,25838.017
2025-10-24 06:30:00,3983.52,3983.98,3976.76,3978.38,21192.547
2025-10-24 06:45:00,3978.38,3985.8,3975.3,3980.88,19531.781
2025-10-24 07:00:00,3980.87,3982.48,3972.14,3972.16,22047.954
2025-10-24 07:15:00,3972.16,3974.85,3965.54,3970.99,18611.437
2025-10-24 07:30:00,3970.98,3972.5,3945.89,3946.98,66838.422
2025-10-24 07:45:00,3946.99,3949.51,3933.0,3947.53,73117.443
2025-10-24 08:00:00,3947.53,3949.79,3929.32,3941.61,41761.545
2025-10-24 08:15:00,3941.6,3941.61,3932.24,3934.43,15970.324
2025-10-24 08:30:00,3934.43,3954.27,3928.04,3952.44,40493.88
2025-10-24 08:45:00,3952.45,3964.0,3948.25,3951.22,40569.548
2025-10-24 09:00:00,3951.21,3965.0,3948.2,3961.2,32742.955
2025-10-24 09:15:00,3961.2,3967.73,3957.14,3965.57,15549.373
2025-10-24 09:30:00,3965.58,3966.44,3955.08,3961.02,18763.901
2025-10-24 09:45:00,3961.02,3963.29,3952.08,3957.19,10601.779
2025-10-24 10:00:00,3957.19,3963.41,3950.75,3962.89,13890.39
2025-10-24 10:15:00,3962.89,3963.79,3946.01,3947.7,15779.544
2025-10-24 10:30:00,3947.71,3955.59,3947.71,3953.79,16039.329
2025-10-24 10:45:00,3953.79,3957.62,3951.47,3954.99,9752.406
2025-10-24 11:00:00,3955.0,3962.0,3951.0,3960.0,16264.851
2025-10-24 11:15:00,3960.0,3962.6,3952.0,3953.81,12985.663
2025-10-24 11:30:00,3953.8,3953.8,3923.4,3945.01,78867.166
2025-10-24 11:45:00,3945.0,3948.72,3938.0,3944.76,30611.148
2025-10-24 12:00:00,3944.75,3955.81,3944.63,3952.56,17449.565
2025-10-24 12:15:00,3952.55,3959.21,3939.21,3953.02,37360.435
2025-10-24 12:30:00,3953.03,4030.0,3947.91,3975.51,269914.108
2025-10-24 12:45:00,3975.52,3975.96,3951.32,3962.34,57684.314
2025-10-24 13:00:00,3962.34,3969.43,3954.0,3961.53,22347.698
2025-10-24 13:15:00,3961.54,3977.3,3959.4,3964.65,25736.594
2025-10-24 13:30:00,3964.65,3969.5,3928.11,3934.27,89314.667
2025-10-24 13:45:00,3934.27,3946.31,3916.02,3945.01,103698.711
2025-10-24 14:00:00,3945.01,3945.45,3910.01,3935.0,66751.072
2025-10-24 14:15:00,3935.0,3936.36,3892.8,3903.19,107396.869
2025-10-24 14:30:00,3903.19,3913.83,3893.84,3911.82,59518.033
2025-10-24 14:45:00,3911.81,3913.0,3888.0,3900.82,55430.254
2025-10-24 15:00:00,3900.83,3922.76,3898.0,3914.0,48263.601
2025-10-24 15:15:00,3913.99,3929.32,3908.0,3915.93,49365.169
2025-10-24 15:30:00,3915.93,3918.0,3900.15,3902.08,26539.355
2025-10-24 15:45:00,3902.08,3902.09,3865.01,3887.35,99328.988
2025-10-24 16:00:00,3887.35,3888.49,3866.21,3881.5,58224.764
2025-10-24 16:15:00,3881.51,3891.58,3876.13,3883.89,36151.387
2025-10-24 16:30:00,3883.9,3884.5,3880.09,3880.45,2093.161
