timestamp,open,high,low,close,volume
2025-10-21 13:00:00,3879.4,3891.6,3859.2,3880.15,637307.61
2025-10-21 13:15:00,3880.14,3885.55,3873.86,3883.52,203303.07
2025-10-21 13:15:00,3880.14,3885.55,3873.86,3883.52,203303.07
2025-10-21 13:30:00,3883.52,3897.68,3867.31,3875.56,461597.07
2025-10-21 13:30:00,3883.52,3897.68,3867.31,3875.56,461597.07
2025-10-21 13:30:00,3883.52,3897.68,3867.31,3875.56,461597.07
2025-10-21 13:45:00,3875.55,3875.55,3850.69,3864.76,795204.99
2025-10-21 13:45:00,3875.55,3875.55,3850.69,3864.76,795204.99
2025-10-21 13:45:00,3875.55,3875.55,3850.69,3864.76,795204.99
2025-10-21 13:45:00,3875.55,3875.55,3850.69,3864.76,795204.99
2025-10-21 14:00:00,3864.77,3926.4,3863.33,3925.39,1279912.19
2025-10-21 14:00:00,3864.77,3926.4,3863.33,3925.39,1279912.19
2025-10-21 14:00:00,3864.77,3926.4,3863.33,3925.39,1279912.19
2025-10-21 14:00:00,3864.77,3926.4,3863.33,3925.39,1279912.19
2025-10-21 14:00:00,3864.77,3926.4,3863.33,3925.39,1279912.19
2025-10-21 14:15:00,3925.39,3955.4,3911.95,3912.43,1656652.65
2025-10-21 14:15:00,3925.39,3955.4,3911.95,3912.43,1656652.65
2025-10-21 14:15:00,3925.39,3955.4,3911.95,3912.43,1656652.65
2025-10-21 14:15:00,3925.39,3955.4,3911.95,3912.43,1656652.65
2025-10-21 14:15:00,3925.39,3955.4,3911.95,3912.43,1656652.65
2025-10-21 14:15:00,3925.39,3955.4,3911.95,3912.43,1656652.65
2025-10-21 14:30:00,3912.43,3937.63,3911.88,3928.0,574663.62
2025-10-21 14:30:00,3912.43,3937.63,3911.88,3928.0,574663.62
2025-10-21 14:30:00,3912.43,3937.63,3911.88,3928.0,574663.62
2025-10-21 14:30:00,3912.43,3937.63,3911.88,3928.0,574663.62
2025-10-21 14:30:00,3912.43,3937.63,3911.88,3928.0,574663.62
2025-10-21 14:30:00,3912.43,3937.63,3911.88,3928.0,574663.62
2025-10-21 14:30:00,3912.43,3937.63,3911.88,3928.0,574663.62
2025-10-21 14:45:00,3928.0,4023.0,3919.0,4019.17,2442620.5
2025-10-21 14:45:00,3928.0,4023.0,3919.0,4019.17,2442620.5
2025-10-21 14:45:00,3928.0,4023.0,3919.0,4019.17,2442620.5
2025-10-21 14:45:00,3928.0,4023.0,3919.0,4019.17,2442620.5
2025-10-21 14:45:00,3928.0,4023.0,3919.0,4019.17,2442620.5
2025-10-21 14:45:00,3928.0,4023.0,3919.0,4019.17,2442620.5
2025-10-21 14:45:00,3928.0,4023.0,3919.0,4019.17,2442620.5
2025-10-21 14:45:00,3928.0,4023.0,3919.0,4019.17,2442620.5
2025-10-21 15:00:00,4019.17,4045.53,3995.0,4030.58,1981179.14
2025-10-21 15:00:00,4019.17,4045.53,3995.0,4030.58,1981179.14
2025-10-21 15:00:00,4019.17,4045.53,3995.0,4030.58,1981179.14
2025-10-21 15:00:00,4019.17,4045.53,3995.0,4030.58,1981179.14
2025-10-21 15:00:00,4019.17,4045.53,3995.0,4030.58,1981179.14
2025-10-21 15:00:00,4019.17,4045.53,3995.0,4030.58,1981179.14
2025-10-21 15:00:00,4019.17,4045.53,3995.0,4030.58,1981179.14
2025-10-21 15:00:00,4019.17,4045.53,3995.0,4030.58,1981179.14
2025-10-21 15:00:00,4019.17,4045.53,3995.0,4030.58,1981179.14
2025-10-21 15:15:00,4030.58,4068.0,4020.2,4052.7,1326496.62
2025-10-21 15:15:00,4030.58,4068.0,4020.2,4052.7,1326496.62
2025-10-21 15:15:00,4030.58,4068.0,4020.2,4052.7,1326496.62
2025-10-21 15:15:00,4030.58,4068.0,4020.2,4052.7,1326496.62
2025-10-21 15:15:00,4030.58,4068.0,4020.2,4052.7,1326496.62
2025-10-21 15:15:00,4030.58,4068.0,4020.2,4052.7,1326496.62
2025-10-21 15:15:00,4030.58,4068.0,4020.2,4052.7,1326496.62
2025-10-21 15:15:00,4030.58,4068.0,4020.2,4052.7,1326496.62
2025-10-21 15:15:00,4030.58,4068.0,4020.2,4052.7,1326496.62
2025-10-21 15:15:00,4030.58,4068.0,4020.2,4052.7,1326496.62
2025-10-21 15:30:00,4052.7,4073.02,4036.0,4072.49,871311.6
2025-10-21 15:30:00,4052.7,4073.02,4036.0,4072.49,871311.6
2025-10-21 15:30:00,4052.7,4073.02,4036.0,4072.49,871311.6
2025-10-21 15:30:00,4052.7,4073.02,4036.0,4072.49,871311.6
2025-10-21 15:30:00,4052.7,4073.02,4036.0,4072.49,871311.6
2025-10-21 15:30:00,4052.7,4073.02,4036.0,4072.49,871311.6
2025-10-21 15:30:00,4052.7,4073.02,4036.0,4072.49,871311.6
2025-10-21 15:30:00,4052.7,4073.02,4036.0,4072.49,871311.6
2025-10-21 15:30:00,4052.7,4073.02,4036.0,4072.49,871311.6
2025-10-21 15:30:00,4052.7,4073.02,4036.0,4072.49,871311.6
2025-10-21 15:30:00,4052.7,4073.02,4036.0,4072.49,871311.6
2025-10-21 15:45:00,4072.49,4084.73,4060.21,4079.96,903342.35
2025-10-21 15:45:00,4072.49,4084.73,4060.21,4079.96,903342.35
2025-10-21 15:45:00,4072.49,4084.73,4060.21,4079.96,903342.35
2025-10-21 15:45:00,4072.49,4084.73,4060.21,4079.96,903342.35
2025-10-21 15:45:00,4072.49,4084.73,4060.21,4079.96,903342.35
2025-10-21 15:45:00,4072.49,4084.73,4060.21,4079.96,903342.35
2025-10-21 15:45:00,4072.49,4084.73,4060.21,4079.96,903342.35
2025-10-21 15:45:00,4072.49,4084.73,4060.21,4079.96,903342.35
2025-10-21 15:45:00,4072.49,4084.73,4060.21,4079.96,903342.35
2025-10-21 15:45:00,4072.49,4084.73,4060.21,4079.96,903342.35
2025-10-21 15:45:00,4072.49,4084.73,4060.21,4079.96,903342.35
2025-10-21 15:45:00,4072.49,4084.73,4060.21,4079.96,903342.35
2025-10-21 16:00:00,4079.95,4095.83,4062.62,4084.31,1434937.33
2025-10-21 16:00:00,4079.95,4095.83,4062.62,4084.31,1434937.33
2025-10-21 16:00:00,4079.95,4095.83,4062.62,4084.31,1434937.33
2025-10-21 16:00:00,4079.95,4095.83,4062.62,4084.31,1434937.33
2025-10-21 16:00:00,4079.95,4095.83,4062.62,4084.31,1434937.33
2025-10-21 16:00:00,4079.95,4095.83,4062.62,4084.31,1434937.33
2025-10-21 16:00:00,4079.95,4095.83,4062.62,4084.31,1434937.33
2025-10-21 16:00:00,4079.95,4095.83,4062.62,4084.31,1434937.33
2025-10-21 16:00:00,4079.95,4095.83,4062.62,4084.31,1434937.33
2025-10-21 16:00:00,4079.95,4095.83,4062.62,4084.31,1434937.33
2025-10-21 16:00:00,4079.95,4095.83,4062.62,4084.31,1434937.33
2025-10-21 16:00:00,4079.95,4095.83,4062.62,4084.31,1434937.33
2025-10-21 16:00:00,4079.95,4095.83,4062.62,4084.31,1434937.33
2025-10-21 16:15:00,4084.32,4109.64,4080.86,4096.89,989157.26
2025-10-21 16:15:00,4084.32,4109.64,4080.86,4096.89,989157.26
2025-10-21 16:15:00,4084.32,4109.64,4080.86,4096.89,989157.26
2025-10-21 16:15:00,4084.32,4109.64,4080.86,4096.89,989157.26
2025-10-21 16:15:00,4084.32,4109.64,4080.86,4096.89,989157.26
2025-10-21 16:15:00,4084.32,4109.64,4080.86,4096.89,989157.26
2025-10-21 16:15:00,4084.32,4109.64,4080.86,4096.89,989157.26
2025-10-21 16:15:00,4084.32,4109.64,4080.86,4096.89,989157.26
2025-10-21 16:15:00,4084.32,4109.64,4080.86,4096.89,989157.26
2025-10-21 16:15:00,4084.32,4109.64,4080.86,4096.89,989157.26
2025-10-21 16:15:00,4084.32,4109.64,4080.86,4096.89,989157.26
2025-10-21 16:15:00,4084.32,4109.64,4080.86,4096.89,989157.26
2025-10-21 16:15:00,4084.32,4109.64,4080.86,4096.89,989157.26
2025-10-21 16:15:00,4084.32,4109.64,4080.86,4096.89,989157.26
2025-10-21 16:30:00,4096.89,4108.6,4082.24,4088.32,992772.24
2025-10-21 16:30:00,4096.89,4108.6,4082.24,4088.32,992772.24
2025-10-21 16:30:00,4096.89,4108.6,4082.24,4088.32,992772.24
2025-10-21 16:30:00,4096.89,4108.6,4082.24,4088.32,992772.24
2025-10-21 16:30:00,4096.89,4108.6,4082.24,4088.32,992772.24
2025-10-21 16:30:00,4096.89,4108.6,4082.24,4088.32,992772.24
2025-10-21 16:30:00,4096.89,4108.6,4082.24,4088.32,992772.24
2025-10-21 16:30:00,4096.89,4108.6,4082.24,4088.32,992772.24
2025-10-21 16:30:00,4096.89,4108.6,4082.24,4088.32,992772.24
2025-10-21 16:30:00,4096.89,4108.6,4082.24,4088.32,992772.24
2025-10-21 16:30:00,4096.89,4108.6,4082.24,4088.32,992772.24
2025-10-21 16:30:00,4096.89,4108.6,4082.24,4088.32,992772.24
2025-10-21 16:30:00,4096.89,4108.6,4082.24,4088.32,992772.24
2025-10-21 16:30:00,4096.89,4108.6,4082.24,4088.32,992772.24
2025-10-21 16:30:00,4096.89,4108.6,4082.24,4088.32,992772.24
2025-10-21 16:45:00,4088.3,4101.97,4016.6,4028.57,1690610.67
2025-10-21 16:45:00,4088.3,4101.97,4016.6,4028.57,1690610.67
2025-10-21 16:45:00,4088.3,4101.97,4016.6,4028.57,1690610.67
2025-10-21 16:45:00,4088.3,4101.97,4016.6,4028.57,1690610.67
2025-10-21 16:45:00,4088.3,4101.97,4016.6,4028.57,1690610.67
2025-10-21 16:45:00,4088.3,4101.97,4016.6,4028.57,1690610.67
2025-10-21 16:45:00,4088.3,4101.97,4016.6,4028.57,1690610.67
2025-10-21 16:45:00,4088.3,4101.97,4016.6,4028.57,1690610.67
2025-10-21 16:45:00,4088.3,4101.97,4016.6,4028.57,1690610.67
2025-10-21 16:45:00,4088.3,4101.97,4016.6,4028.57,1690610.67
2025-10-21 16:45:00,4088.3,4101.97,4016.6,4028.57,1690610.67
2025-10-21 16:45:00,4088.3,4101.97,4016.6,4028.57,1690610.67
2025-10-21 16:45:00,4088.3,4101.97,4016.6,4028.57,1690610.67
2025-10-21 16:45:00,4088.3,4101.97,4016.6,4028.57,1690610.67
2025-10-21 16:45:00,4088.3,4101.97,4016.6,4028.57,1690610.67
2025-10-21 16:45:00,4088.3,4101.97,4016.6,4028.57,1690610.67
2025-10-21 17:00:00,4028.63,4040.0,4003.13,4012.73,1702708.19
2025-10-21 17:00:00,4028.63,4040.0,4003.13,4012.73,1702708.19
2025-10-21 17:00:00,4028.63,4040.0,4003.13,4012.73,1702708.19
2025-10-21 17:00:00,4028.63,4040.0,4003.13,4012.73,1702708.19
2025-10-21 17:00:00,4028.63,4040.0,4003.13,4012.73,1702708.19
2025-10-21 17:00:00,4028.63,4040.0,4003.13,4012.73,1702708.19
2025-10-21 17:00:00,4028.63,4040.0,4003.13,4012.73,1702708.19
2025-10-21 17:00:00,4028.63,4040.0,4003.13,4012.73,1702708.19
2025-10-21 17:00:00,4028.63,4040.0,4003.13,4012.73,1702708.19
2025-10-21 17:00:00,4028.63,4040.0,4003.13,4012.73,1702708.19
2025-10-21 17:00:00,4028.63,4040.0,4003.13,4012.73,1702708.19
2025-10-21 17:00:00,4028.63,4040.0,4003.13,4012.73,1702708.19
2025-10-21 17:00:00,4028.63,4040.0,4003.13,4012.73,1702708.19
2025-10-21 17:00:00,4028.63,4040.0,4003.13,4012.73,1702708.19
2025-10-21 17:00:00,4028.63,4040.0,4003.13,4012.73,1702708.19
2025-10-21 17:00:00,4028.63,4040.0,4003.13,4012.73,1702708.19
2025-10-21 17:00:00,4028.63,4040.0,4003.13,4012.73,1702708.19
2025-10-21 17:15:00,4012.72,4016.65,3963.5,4006.0,2175187.37
2025-10-21 17:15:00,4012.72,4016.65,3963.5,4006.0,2175187.37
2025-10-21 17:15:00,4012.72,4016.65,3963.5,4006.0,2175187.37
2025-10-21 17:15:00,4012.72,4016.65,3963.5,4006.0,2175187.37
2025-10-21 17:15:00,4012.72,4016.65,3963.5,4006.0,2175187.37
2025-10-21 17:15:00,4012.72,4016.65,3963.5,4006.0,2175187.37
2025-10-21 17:15:00,4012.72,4016.65,3963.5,4006.0,2175187.37
2025-10-21 17:15:00,4012.72,4016.65,3963.5,4006.0,2175187.37
2025-10-21 17:15:00,4012.72,4016.65,3963.5,4006.0,2175187.37
2025-10-21 17:15:00,4012.72,4016.65,3963.5,4006.0,2175187.37
2025-10-21 17:15:00,4012.72,4016.65,3963.5,4006.0,2175187.37
2025-10-21 17:15:00,4012.72,4016.65,3963.5,4006.0,2175187.37
2025-10-21 17:15:00,4012.72,4016.65,3963.5,4006.0,2175187.37
2025-10-21 17:15:00,4012.72,4016.65,3963.5,4006.0,2175187.37
2025-10-21 17:15:00,4012.72,4016.65,3963.5,4006.0,2175187.37
2025-10-21 17:15:00,4012.72,4016.65,3963.5,4006.0,2175187.37
2025-10-21 17:15:00,4012.72,4016.65,3963.5,4006.0,2175187.37
2025-10-21 17:15:00,4012.72,4016.65,3963.5,4006.0,2175187.37
2025-10-21 17:30:00,4006.0,4033.81,3993.44,4023.72,1087998.09
2025-10-21 17:30:00,4006.0,4033.81,3993.44,4023.72,1087998.09
2025-10-21 17:30:00,4006.0,4033.81,3993.44,4023.72,1087998.09
2025-10-21 17:30:00,4006.0,4033.81,3993.44,4023.72,1087998.09
2025-10-21 17:30:00,4006.0,4033.81,3993.44,4023.72,1087998.09
2025-10-21 17:30:00,4006.0,4033.81,3993.44,4023.72,1087998.09
2025-10-21 17:30:00,4006.0,4033.81,3993.44,4023.72,1087998.09
2025-10-21 17:30:00,4006.0,4033.81,3993.44,4023.72,1087998.09
2025-10-21 17:30:00,4006.0,4033.81,3993.44,4023.72,1087998.09
2025-10-21 17:30:00,4006.0,4033.81,3993.44,4023.72,1087998.09
2025-10-21 17:30:00,4006.0,4033.81,3993.44,4023.72,1087998.09
2025-10-21 17:30:00,4006.0,4033.81,3993.44,4023.72,1087998.09
2025-10-21 17:30:00,4006.0,4033.81,3993.44,4023.72,1087998.09
2025-10-21 17:30:00,4006.0,4033.81,3993.44,4023.72,1087998.09
2025-10-21 17:30:00,4006.0,4033.81,3993.44,4023.72,1087998.09
2025-10-21 17:30:00,4006.0,4033.81,3993.44,4023.72,1087998.09
2025-10-21 17:30:00,4006.0,4033.81,3993.44,4023.72,1087998.09
2025-10-21 17:30:00,4006.0,4033.81,3993.44,4023.72,1087998.09
2025-10-21 17:30:00,4006.0,4033.81,3993.44,4023.72,1087998.09
2025-10-21 17:45:00,4023.72,4029.0,4005.62,4012.97,451475.28
2025-10-21 17:45:00,4023.72,4029.0,4005.62,4012.97,451475.28
2025-10-21 17:45:00,4023.72,4029.0,4005.62,4012.97,451475.28
2025-10-21 17:45:00,4023.72,4029.0,4005.62,4012.97,451475.28
2025-10-21 17:45:00,4023.72,4029.0,4005.62,4012.97,451475.28
2025-10-21 17:45:00,4023.72,4029.0,4005.62,4012.97,451475.28
2025-10-21 17:45:00,4023.72,4029.0,4005.62,4012.97,451475.28
2025-10-21 17:45:00,4023.72,4029.0,4005.62,4012.97,451475.28
2025-10-21 17:45:00,4023.72,4029.0,4005.62,4012.97,451475.28
2025-10-21 17:45:00,4023.72,4029.0,4005.62,4012.97,451475.28
2025-10-21 17:45:00,4023.72,4029.0,4005.62,4012.97,451475.28
2025-10-21 17:45:00,4023.72,4029.0,4005.62,4012.97,451475.28
2025-10-21 17:45:00,4023.72,4029.0,4005.62,4012.97,451475.28
2025-10-21 17:45:00,4023.72,4029.0,4005.62,4012.97,451475.28
2025-10-21 17:45:00,4023.72,4029.0,4005.62,4012.97,451475.28
2025-10-21 17:45:00,4023.72,4029.0,4005.62,4012.97,451475.28
2025-10-21 17:45:00,4023.72,4029.0,4005.62,4012.97,451475.28
2025-10-21 17:45:00,4023.72,4029.0,4005.62,4012.97,451475.28
2025-10-21 17:45:00,4023.72,4029.0,4005.62,4012.97,451475.28
2025-10-21 17:45:00,4023.72,4029.0,4005.62,4012.97,451475.28
2025-10-21 18:00:00,4012.98,4021.85,3973.18,3983.73,728143.92
2025-10-21 18:00:00,4012.98,4021.85,3973.18,3983.73,728143.92
2025-10-21 18:00:00,4012.98,4021.85,3973.18,3983.73,728143.92
2025-10-21 18:00:00,4012.98,4021.85,3973.18,3983.73,728143.92
2025-10-21 18:00:00,4012.98,4021.85,3973.18,3983.73,728143.92
2025-10-21 18:00:00,4012.98,4021.85,3973.18,3983.73,728143.92
2025-10-21 18:00:00,4012.98,4021.85,3973.18,3983.73,728143.92
2025-10-21 18:00:00,4012.98,4021.85,3973.18,3983.73,728143.92
2025-10-21 18:00:00,4012.98,4021.85,3973.18,3983.73,728143.92
2025-10-21 18:00:00,4012.98,4021.85,3973.18,3983.73,728143.92
2025-10-21 18:00:00,4012.98,4021.85,3973.18,3983.73,728143.92
2025-10-21 18:00:00,4012.98,4021.85,3973.18,3983.73,728143.92
2025-10-21 18:00:00,4012.98,4021.85,3973.18,3983.73,728143.92
2025-10-21 18:00:00,4012.98,4021.85,3973.18,3983.73,728143.92
2025-10-21 18:00:00,4012.98,4021.85,3973.18,3983.73,728143.92
2025-10-21 18:00:00,4012.98,4021.85,3973.18,3983.73,728143.92
2025-10-21 18:00:00,4012.98,4021.85,3973.18,3983.73,728143.92
2025-10-21 18:00:00,4012.98,4021.85,3973.18,3983.73,728143.92
2025-10-21 18:00:00,4012.98,4021.85,3973.18,3983.73,728143.92
2025-10-21 18:00:00,4012.98,4021.85,3973.18,3983.73,728143.92
2025-10-21 18:00:00,4012.98,4021.85,3973.18,3983.73,728143.92
2025-10-21 18:15:00,3983.74,3999.6,3975.37,3987.99,426234.61
2025-10-21 18:15:00,3983.74,3999.6,3975.37,3987.99,426234.61
2025-10-21 18:15:00,3983.74,3999.6,3975.37,3987.99,426234.61
2025-10-21 18:15:00,3983.74,3999.6,3975.37,3987.99,426234.61
2025-10-21 18:15:00,3983.74,3999.6,3975.37,3987.99,426234.61
2025-10-21 18:15:00,3983.74,3999.6,3975.37,3987.99,426234.61
2025-10-21 18:15:00,3983.74,3999.6,3975.37,3987.99,426234.61
2025-10-21 18:15:00,3983.74,3999.6,3975.37,3987.99,426234.61
2025-10-21 18:15:00,3983.74,3999.6,3975.37,3987.99,426234.61
2025-10-21 18:15:00,3983.74,3999.6,3975.37,3987.99,426234.61
2025-10-21 18:15:00,3983.74,3999.6,3975.37,3987.99,426234.61
2025-10-21 18:15:00,3983.74,3999.6,3975.37,3987.99,426234.61
2025-10-21 18:15:00,3983.74,3999.6,3975.37,3987.99,426234.61
2025-10-21 18:15:00,3983.74,3999.6,3975.37,3987.99,426234.61
2025-10-21 18:15:00,3983.74,3999.6,3975.37,3987.99,426234.61
2025-10-21 18:15:00,3983.74,3999.6,3975.37,3987.99,426234.61
2025-10-21 18:15:00,3983.74,3999.6,3975.37,3987.99,426234.61
2025-10-21 18:15:00,3983.74,3999.6,3975.37,3987.99,426234.61
2025-10-21 18:15:00,3983.74,3999.6,3975.37,3987.99,426234.61
2025-10-21 18:15:00,3983.74,3999.6,3975.37,3987.99,426234.61
2025-10-21 18:15:00,3983.74,3999.6,3975.37,3987.99,426234.61
2025-10-21 18:15:00,3983.74,3999.6,3975.37,3987.99,426234.61
2025-10-21 18:30:00,3988.0,3994.67,3976.73,3991.74,279039.53
2025-10-21 18:30:00,3988.0,3994.67,3976.73,3991.74,279039.53
2025-10-21 18:30:00,3988.0,3994.67,3976.73,3991.74,279039.53
2025-10-21 18:30:00,3988.0,3994.67,3976.73,3991.74,279039.53
2025-10-21 18:30:00,3988.0,3994.67,3976.73,3991.74,279039.53
2025-10-21 18:30:00,3988.0,3994.67,3976.73,3991.74,279039.53
2025-10-21 18:30:00,3988.0,3994.67,3976.73,3991.74,279039.53
2025-10-21 18:30:00,3988.0,3994.67,3976.73,3991.74,279039.53
2025-10-21 18:30:00,3988.0,3994.67,3976.73,3991.74,279039.53
2025-10-21 18:30:00,3988.0,3994.67,3976.73,3991.74,279039.53
2025-10-21 18:30:00,3988.0,3994.67,3976.73,3991.74,279039.53
2025-10-21 18:30:00,3988.0,3994.67,3976.73,3991.74,279039.53
2025-10-21 18:30:00,3988.0,3994.67,3976.73,3991.74,279039.53
2025-10-21 18:30:00,3988.0,3994.67,3976.73,3991.74,279039.53
2025-10-21 18:30:00,3988.0,3994.67,3976.73,3991.74,279039.53
2025-10-21 18:30:00,3988.0,3994.67,3976.73,3991.74,279039.53
2025-10-21 18:30:00,3988.0,3994.67,3976.73,3991.74,279039.53
2025-10-21 18:30:00,3988.0,3994.67,3976.73,3991.74,279039.53
2025-10-21 18:30:00,3988.0,3994.67,3976.73,3991.74,279039.53
2025-10-21 18:30:00,3988.0,3994.67,3976.73,3991.74,279039.53
2025-10-21 18:30:00,3988.0,3994.67,3976.73,3991.74,279039.53
2025-10-21 18:30:00,3988.0,3994.67,3976.73,3991.74,279039.53
2025-10-21 18:30:00,3988.0,3994.67,3976.73,3991.74,279039.53
2025-10-21 18:45:00,3991.74,4014.15,3991.12,4012.0,330397.69
2025-10-21 18:45:00,3991.74,4014.15,3991.12,4012.0,330397.69
2025-10-21 18:45:00,3991.74,4014.15,3991.12,4012.0,330397.69
2025-10-21 18:45:00,3991.74,4014.15,3991.12,4012.0,330397.69
2025-10-21 18:45:00,3991.74,4014.15,3991.12,4012.0,330397.69
2025-10-21 18:45:00,3991.74,4014.15,3991.12,4012.0,330397.69
2025-10-21 18:45:00,3991.74,4014.15,3991.12,4012.0,330397.69
2025-10-21 18:45:00,3991.74,4014.15,3991.12,4012.0,330397.69
2025-10-21 18:45:00,3991.74,4014.15,3991.12,4012.0,330397.69
2025-10-21 18:45:00,3991.74,4014.15,3991.12,4012.0,330397.69
2025-10-21 18:45:00,3991.74,4014.15,3991.12,4012.0,330397.69
2025-10-21 18:45:00,3991.74,4014.15,3991.12,4012.0,330397.69
2025-10-21 18:45:00,3991.74,4014.15,3991.12,4012.0,330397.69
2025-10-21 18:45:00,3991.74,4014.15,3991.12,4012.0,330397.69
2025-10-21 18:45:00,3991.74,4014.15,3991.12,4012.0,330397.69
2025-10-21 18:45:00,3991.74,4014.15,3991.12,4012.0,330397.69
2025-10-21 18:45:00,3991.74,4014.15,3991.12,4012.0,330397.69
2025-10-21 18:45:00,3991.74,4014.15,3991.12,4012.0,330397.69
2025-10-21 18:45:00,3991.74,4014.15,3991.12,4012.0,330397.69
2025-10-21 18:45:00,3991.74,4014.15,3991.12,4012.0,330397.69
2025-10-21 18:45:00,3991.74,4014.15,3991.12,4012.0,330397.69
2025-10-21 18:45:00,3991.74,4014.15,3991.12,4012.0,330397.69
2025-10-21 18:45:00,3991.74,4014.15,3991.12,4012.0,330397.69
2025-10-21 18:45:00,3991.74,4014.15,3991.12,4012.0,330397.69
2025-10-21 19:00:00,4012.0,4021.24,4007.99,4020.13,196522.68
2025-10-21 19:00:00,4012.0,4021.24,4007.99,4020.13,196522.68
2025-10-21 19:00:00,4012.0,4021.24,4007.99,4020.13,196522.68
2025-10-21 19:00:00,4012.0,4021.24,4007.99,4020.13,196522.68
2025-10-21 19:00:00,4012.0,4021.24,4007.99,4020.13,196522.68
2025-10-21 19:00:00,4012.0,4021.24,4007.99,4020.13,196522.68
2025-10-21 19:00:00,4012.0,4021.24,4007.99,4020.13,196522.68
2025-10-21 19:00:00,4012.0,4021.24,4007.99,4020.13,196522.68
2025-10-21 19:00:00,4012.0,4021.24,4007.99,4020.13,196522.68
2025-10-21 19:00:00,4012.0,4021.24,4007.99,4020.13,196522.68
2025-10-21 19:00:00,4012.0,4021.24,4007.99,4020.13,196522.68
2025-10-21 19:00:00,4012.0,4021.24,4007.99,4020.13,196522.68
2025-10-21 19:00:00,4012.0,4021.24,4007.99,4020.13,196522.68
2025-10-21 19:00:00,4012.0,4021.24,4007.99,4020.13,196522.68
2025-10-21 19:00:00,4012.0,4021.24,4007.99,4020.13,196522.68
2025-10-21 19:00:00,4012.0,4021.24,4007.99,4020.13,196522.68
2025-10-21 19:00:00,4012.0,4021.24,4007.99,4020.13,196522.68
2025-10-21 19:00:00,4012.0,4021.24,4007.99,4020.13,196522.68
2025-10-21 19:00:00,4012.0,4021.24,4007.99,4020.13,196522.68
2025-10-21 19:00:00,4012.0,4021.24,4007.99,4020.13,196522.68
2025-10-21 19:00:00,4012.0,4021.24,4007.99,4020.13,196522.68
2025-10-21 19:00:00,4012.0,4021.24,4007.99,4020.13,196522.68
2025-10-21 19:00:00,4012.0,4021.24,4007.99,4020.13,196522.68
2025-10-21 19:00:00,4012.0,4021.24,4007.99,4020.13,196522.68
2025-10-21 19:00:00,4012.0,4021.24,4007.99,4020.13,196522.68
2025-10-21 19:15:00,4020.13,4021.21,3996.35,3999.86,272852.21
2025-10-21 19:15:00,4020.13,4021.21,3996.35,3999.86,272852.21
2025-10-21 19:15:00,4020.13,4021.21,3996.35,3999.86,272852.21
2025-10-21 19:15:00,4020.13,4021.21,3996.35,3999.86,272852.21
2025-10-21 19:15:00,4020.13,4021.21,3996.35,3999.86,272852.21
2025-10-21 19:15:00,4020.13,4021.21,3996.35,3999.86,272852.21
2025-10-21 19:15:00,4020.13,4021.21,3996.35,3999.86,272852.21
2025-10-21 19:15:00,4020.13,4021.21,3996.35,3999.86,272852.21
2025-10-21 19:15:00,4020.13,4021.21,3996.35,3999.86,272852.21
2025-10-21 19:15:00,4020.13,4021.21,3996.35,3999.86,272852.21
2025-10-21 19:15:00,4020.13,4021.21,3996.35,3999.86,272852.21
2025-10-21 19:15:00,4020.13,4021.21,3996.35,3999.86,272852.21
2025-10-21 19:15:00,4020.13,4021.21,3996.35,3999.86,272852.21
2025-10-21 19:15:00,4020.13,4021.21,3996.35,3999.86,272852.21
2025-10-21 19:15:00,4020.13,4021.21,3996.35,3999.86,272852.21
2025-10-21 19:15:00,4020.13,4021.21,3996.35,3999.86,272852.21
2025-10-21 19:15:00,4020.13,4021.21,3996.35,3999.86,272852.21
2025-10-21 19:15:00,4020.13,4021.21,3996.35,3999.86,272852.21
2025-10-21 19:15:00,4020.13,4021.21,3996.35,3999.86,272852.21
2025-10-21 19:15:00,4020.13,4021.21,3996.35,3999.86,272852.21
2025-10-21 19:15:00,4020.13,4021.21,3996.35,3999.86,272852.21
2025-10-21 19:15:00,4020.13,4021.21,3996.35,3999.86,272852.21
2025-10-21 19:15:00,4020.13,4021.21,3996.35,3999.86,272852.21
2025-10-21 19:15:00,4020.13,4021.21,3996.35,3999.86,272852.21
2025-10-21 19:15:00,4020.13,4021.21,3996.35,3999.86,272852.21
2025-10-21 19:15:00,4020.13,4021.21,3996.35,3999.86,272852.21
2025-10-21 19:30:00,3999.86,4007.43,3993.37,4004.44,206528.88
2025-10-21 19:30:00,3999.86,4007.43,3993.37,4004.44,206528.88
2025-10-21 19:30:00,3999.86,4007.43,3993.37,4004.44,206528.88
2025-10-21 19:30:00,3999.86,4007.43,3993.37,4004.44,206528.88
2025-10-21 19:30:00,3999.86,4007.43,3993.37,4004.44,206528.88
2025-10-21 19:30:00,3999.86,4007.43,3993.37,4004.44,206528.88
2025-10-21 19:30:00,3999.86,4007.43,3993.37,4004.44,206528.88
2025-10-21 19:30:00,3999.86,4007.43,3993.37,4004.44,206528.88
2025-10-21 19:30:00,3999.86,4007.43,3993.37,4004.44,206528.88
2025-10-21 19:30:00,3999.86,4007.43,3993.37,4004.44,206528.88
2025-10-21 19:30:00,3999.86,4007.43,3993.37,4004.44,206528.88
2025-10-21 19:30:00,3999.86,4007.43,3993.37,4004.44,206528.88
2025-10-21 19:30:00,3999.86,4007.43,3993.37,4004.44,206528.88
2025-10-21 19:30:00,3999.86,4007.43,3993.37,4004.44,206528.88
2025-10-21 19:30:00,3999.86,4007.43,3993.37,4004.44,206528.88
2025-10-21 19:30:00,3999.86,4007.43,3993.37,4004.44,206528.88
2025-10-21 19:30:00,3999.86,4007.43,3993.37,4004.44,206528.88
2025-10-21 19:30:00,3999.86,4007.43,3993.37,4004.44,206528.88
2025-10-21 19:30:00,3999.86,4007.43,3993.37,4004.44,206528.88
2025-10-21 19:30:00,3999.86,4007.43,3993.37,4004.44,206528.88
2025-10-21 19:30:00,3999.86,4007.43,3993.37,4004.44,206528.88
2025-10-21 19:30:00,3999.86,4007.43,3993.37,4004.44,206528.88
2025-10-21 19:30:00,3999.86,4007.43,3993.37,4004.44,206528.88
2025-10-21 19:30:00,3999.86,4007.43,3993.37,4004.44,206528.88
2025-10-21 19:30:00,3999.86,4007.43,3993.37,4004.44,206528.88
2025-10-21 19:30:00,3999.86,4007.43,3993.37,4004.44,206528.88
2025-10-21 19:30:00,3999.86,4007.43,3993.37,4004.44,206528.88
2025-10-21 19:45:00,4004.44,4012.87,3992.08,3994.39,151718.72
2025-10-21 19:45:00,4004.44,4012.87,3992.08,3994.39,151718.72
2025-10-21 19:45:00,4004.44,4012.87,3992.08,3994.39,151718.72
2025-10-21 19:45:00,4004.44,4012.87,3992.08,3994.39,151718.72
2025-10-21 19:45:00,4004.44,4012.87,3992.08,3994.39,151718.72
2025-10-21 19:45:00,4004.44,4012.87,3992.08,3994.39,151718.72
2025-10-21 19:45:00,4004.44,4012.87,3992.08,3994.39,151718.72
2025-10-21 19:45:00,4004.44,4012.87,3992.08,3994.39,151718.72
2025-10-21 19:45:00,4004.44,4012.87,3992.08,3994.39,151718.72
2025-10-21 19:45:00,4004.44,4012.87,3992.08,3994.39,151718.72
2025-10-21 19:45:00,4004.44,4012.87,3992.08,3994.39,151718.72
2025-10-21 19:45:00,4004.44,4012.87,3992.08,3994.39,151718.72
2025-10-21 19:45:00,4004.44,4012.87,3992.08,3994.39,151718.72
2025-10-21 19:45:00,4004.44,4012.87,3992.08,3994.39,151718.72
2025-10-21 19:45:00,4004.44,4012.87,3992.08,3994.39,151718.72
2025-10-21 19:45:00,4004.44,4012.87,3992.08,3994.39,151718.72
2025-10-21 19:45:00,4004.44,4012.87,3992.08,3994.39,151718.72
2025-10-21 19:45:00,4004.44,4012.87,3992.08,3994.39,151718.72
2025-10-21 19:45:00,4004.44,4012.87,3992.08,3994.39,151718.72
2025-10-21 19:45:00,4004.44,4012.87,3992.08,3994.39,151718.72
2025-10-21 19:45:00,4004.44,4012.87,3992.08,3994.39,151718.72
2025-10-21 19:45:00,4004.44,4012.87,3992.08,3994.39,151718.72
2025-10-21 19:45:00,4004.44,4012.87,3992.08,3994.39,151718.72
2025-10-21 19:45:00,4004.44,4012.87,3992.08,3994.39,151718.72
2025-10-21 19:45:00,4004.44,4012.87,3992.08,3994.39,151718.72
2025-10-21 19:45:00,4004.44,4012.87,3992.08,3994.39,151718.72
2025-10-21 19:45:00,4004.44,4012.87,3992.08,3994.39,151718.72
2025-10-21 19:45:00,4004.44,4012.87,3992.08,3994.39,151718.72
2025-10-21 20:00:00,3994.4,3999.59,3973.38,3978.71,296313.3
2025-10-21 20:00:00,3994.4,3999.59,3973.38,3978.71,296313.3
2025-10-21 20:00:00,3994.4,3999.59,3973.38,3978.71,296313.3
2025-10-21 20:00:00,3994.4,3999.59,3973.38,3978.71,296313.3
2025-10-21 20:00:00,3994.4,3999.59,3973.38,3978.71,296313.3
2025-10-21 20:00:00,3994.4,3999.59,3973.38,3978.71,296313.3
2025-10-21 20:00:00,3994.4,3999.59,3973.38,3978.71,296313.3
2025-10-21 20:00:00,3994.4,3999.59,3973.38,3978.71,296313.3
2025-10-21 20:00:00,3994.4,3999.59,3973.38,3978.71,296313.3
2025-10-21 20:00:00,3994.4,3999.59,3973.38,3978.71,296313.3
2025-10-21 20:00:00,3994.4,3999.59,3973.38,3978.71,296313.3
2025-10-21 20:00:00,3994.4,3999.59,3973.38,3978.71,296313.3
2025-10-21 20:00:00,3994.4,3999.59,3973.38,3978.71,296313.3
2025-10-21 20:00:00,3994.4,3999.59,3973.38,3978.71,296313.3
2025-10-21 20:00:00,3994.4,3999.59,3973.38,3978.71,296313.3
2025-10-21 20:00:00,3994.4,3999.59,3973.38,3978.71,296313.3
2025-10-21 20:00:00,3994.4,3999.59,3973.38,3978.71,296313.3
2025-10-21 20:00:00,3994.4,3999.59,3973.38,3978.71,296313.3
2025-10-21 20:00:00,3994.4,3999.59,3973.38,3978.71,296313.3
2025-10-21 20:00:00,3994.4,3999.59,3973.38,3978.71,296313.3
2025-10-21 20:00:00,3994.4,3999.59,3973.38,3978.71,296313.3
2025-10-21 20:00:00,3994.4,3999.59,3973.38,3978.71,296313.3
2025-10-21 20:00:00,3994.4,3999.59,3973.38,3978.71,296313.3
2025-10-21 20:00:00,3994.4,3999.59,3973.38,3978.71,296313.3
2025-10-21 20:00:00,3994.4,3999.59,3973.38,3978.71,296313.3
2025-10-21 20:00:00,3994.4,3999.59,3973.38,3978.71,296313.3
2025-10-21 20:00:00,3994.4,3999.59,3973.38,3978.71,296313.3
2025-10-21 20:00:00,3994.4,3999.59,3973.38,3978.71,296313.3
2025-10-21 20:00:00,3994.4,3999.59,3973.38,3978.71,296313.3
2025-10-21 20:15:00,3978.71,3980.0,3933.0,3949.98,964928.94
2025-10-21 20:15:00,3978.71,3980.0,3933.0,3949.98,964928.94
2025-10-21 20:15:00,3978.71,3980.0,3933.0,3949.98,964928.94
2025-10-21 20:15:00,3978.71,3980.0,3933.0,3949.98,964928.94
2025-10-21 20:15:00,3978.71,3980.0,3933.0,3949.98,964928.94
2025-10-21 20:15:00,3978.71,3980.0,3933.0,3949.98,964928.94
2025-10-21 20:15:00,3978.71,3980.0,3933.0,3949.98,964928.94
2025-10-21 20:15:00,3978.71,3980.0,3933.0,3949.98,964928.94
2025-10-21 20:15:00,3978.71,3980.0,3933.0,3949.98,964928.94
2025-10-21 20:15:00,3978.71,3980.0,3933.0,3949.98,964928.94
2025-10-21 20:15:00,3978.71,3980.0,3933.0,3949.98,964928.94
2025-10-21 20:15:00,3978.71,3980.0,3933.0,3949.98,964928.94
2025-10-21 20:15:00,3978.71,3980.0,3933.0,3949.98,964928.94
2025-10-21 20:15:00,3978.71,3980.0,3933.0,3949.98,964928.94
2025-10-21 20:15:00,3978.71,3980.0,3933.0,3949.98,964928.94
2025-10-21 20:15:00,3978.71,3980.0,3933.0,3949.98,964928.94
2025-10-21 20:15:00,3978.71,3980.0,3933.0,3949.98,964928.94
2025-10-21 20:15:00,3978.71,3980.0,3933.0,3949.98,964928.94
2025-10-21 20:15:00,3978.71,3980.0,3933.0,3949.98,964928.94
2025-10-21 20:15:00,3978.71,3980.0,3933.0,3949.98,964928.94
2025-10-21 20:15:00,3978.71,3980.0,3933.0,3949.98,964928.94
2025-10-21 20:15:00,3978.71,3980.0,3933.0,3949.98,964928.94
2025-10-21 20:15:00,3978.71,3980.0,3933.0,3949.98,964928.94
2025-10-21 20:15:00,3978.71,3980.0,3933.0,3949.98,964928.94
2025-10-21 20:15:00,3978.71,3980.0,3933.0,3949.98,964928.94
2025-10-21 20:15:00,3978.71,3980.0,3933.0,3949.98,964928.94
2025-10-21 20:15:00,3978.71,3980.0,3933.0,3949.98,964928.94
2025-10-21 20:15:00,3978.71,3980.0,3933.0,3949.98,964928.94
2025-10-21 20:15:00,3978.71,3980.0,3933.0,3949.98,964928.94
2025-10-21 20:15:00,3978.71,3980.0,3933.0,3949.98,964928.94
2025-10-21 20:30:00,3949.99,3958.78,3941.01,3953.61,164004.11
2025-10-21 20:30:00,3949.99,3958.78,3941.01,3953.61,164004.11
2025-10-21 20:30:00,3949.99,3958.78,3941.01,3953.61,164004.11
2025-10-21 20:30:00,3949.99,3958.78,3941.01,3953.61,164004.11
2025-10-21 20:30:00,3949.99,3958.78,3941.01,3953.61,164004.11
2025-10-21 20:30:00,3949.99,3958.78,3941.01,3953.61,164004.11
2025-10-21 20:30:00,3949.99,3958.78,3941.01,3953.61,164004.11
2025-10-21 20:30:00,3949.99,3958.78,3941.01,3953.61,164004.11
2025-10-21 20:30:00,3949.99,3958.78,3941.01,3953.61,164004.11
2025-10-21 20:30:00,3949.99,3958.78,3941.01,3953.61,164004.11
2025-10-21 20:30:00,3949.99,3958.78,3941.01,3953.61,164004.11
2025-10-21 20:30:00,3949.99,3958.78,3941.01,3953.61,164004.11
2025-10-21 20:30:00,3949.99,3958.78,3941.01,3953.61,164004.11
2025-10-21 20:30:00,3949.99,3958.78,3941.01,3953.61,164004.11
2025-10-21 20:30:00,3949.99,3958.78,3941.01,3953.61,164004.11
2025-10-21 20:30:00,3949.99,3958.78,3941.01,3953.61,164004.11
2025-10-21 20:30:00,3949.99,3958.78,3941.01,3953.61,164004.11
2025-10-21 20:30:00,3949.99,3958.78,3941.01,3953.61,164004.11
2025-10-21 20:30:00,3949.99,3958.78,3941.01,3953.61,164004.11
2025-10-21 20:30:00,3949.99,3958.78,3941.01,3953.61,164004.11
2025-10-21 20:30:00,3949.99,3958.78,3941.01,3953.61,164004.11
2025-10-21 20:30:00,3949.99,3958.78,3941.01,3953.61,164004.11
2025-10-21 20:30:00,3949.99,3958.78,3941.01,3953.61,164004.11
2025-10-21 20:30:00,3949.99,3958.78,3941.01,3953.61,164004.11
2025-10-21 20:30:00,3949.99,3958.78,3941.01,3953.61,164004.11
2025-10-21 20:30:00,3949.99,3958.78,3941.01,3953.61,164004.11
2025-10-21 20:30:00,3949.99,3958.78,3941.01,3953.61,164004.11
2025-10-21 20:30:00,3949.99,3958.78,3941.01,3953.61,164004.11
2025-10-21 20:30:00,3949.99,3958.78,3941.01,3953.61,164004.11
2025-10-21 20:30:00,3949.99,3958.78,3941.01,3953.61,164004.11
2025-10-21 20:30:00,3949.99,3958.78,3941.01,3953.61,164004.11
2025-10-21 20:45:00,3953.61,3957.99,3941.43,3951.95,180960.29
2025-10-21 20:45:00,3953.61,3957.99,3941.43,3951.95,180960.29
2025-10-21 20:45:00,3953.61,3957.99,3941.43,3951.95,180960.29
2025-10-21 20:45:00,3953.61,3957.99,3941.43,3951.95,180960.29
2025-10-21 20:45:00,3953.61,3957.99,3941.43,3951.95,180960.29
2025-10-21 20:45:00,3953.61,3957.99,3941.43,3951.95,180960.29
2025-10-21 20:45:00,3953.61,3957.99,3941.43,3951.95,180960.29
2025-10-21 20:45:00,3953.61,3957.99,3941.43,3951.95,180960.29
2025-10-21 20:45:00,3953.61,3957.99,3941.43,3951.95,180960.29
2025-10-21 20:45:00,3953.61,3957.99,3941.43,3951.95,180960.29
2025-10-21 20:45:00,3953.61,3957.99,3941.43,3951.95,180960.29
2025-10-21 20:45:00,3953.61,3957.99,3941.43,3951.95,180960.29
2025-10-21 20:45:00,3953.61,3957.99,3941.43,3951.95,180960.29
2025-10-21 20:45:00,3953.61,3957.99,3941.43,3951.95,180960.29
2025-10-21 20:45:00,3953.61,3957.99,3941.43,3951.95,180960.29
2025-10-21 20:45:00,3953.61,3957.99,3941.43,3951.95,180960.29
2025-10-21 20:45:00,3953.61,3957.99,3941.43,3951.95,180960.29
2025-10-21 20:45:00,3953.61,3957.99,3941.43,3951.95,180960.29
2025-10-21 20:45:00,3953.61,3957.99,3941.43,3951.95,180960.29
2025-10-21 20:45:00,3953.61,3957.99,3941.43,3951.95,180960.29
2025-10-21 20:45:00,3953.61,3957.99,3941.43,3951.95,180960.29
2025-10-21 20:45:00,3953.61,3957.99,3941.43,3951.95,180960.29
2025-10-21 20:45:00,3953.61,3957.99,3941.43,3951.95,180960.29
2025-10-21 20:45:00,3953.61,3957.99,3941.43,3951.95,180960.29
2025-10-21 20:45:00,3953.61,3957.99,3941.43,3951.95,180960.29
2025-10-21 20:45:00,3953.61,3957.99,3941.43,3951.95,180960.29
2025-10-21 20:45:00,3953.61,3957.99,3941.43,3951.95,180960.29
2025-10-21 20:45:00,3953.61,3957.99,3941.43,3951.95,180960.29
2025-10-21 20:45:00,3953.61,3957.99,3941.43,3951.95,180960.29
2025-10-21 20:45:00,3953.61,3957.99,3941.43,3951.95,180960.29
2025-10-21 20:45:00,3953.61,3957.99,3941.43,3951.95,180960.29
2025-10-21 20:45:00,3953.61,3957.99,3941.43,3951.95,180960.29
2025-10-21 21:00:00,3951.95,3964.99,3947.6,3961.46,196332.69
2025-10-21 21:00:00,3951.95,3964.99,3947.6,3961.46,196332.69
2025-10-21 21:00:00,3951.95,3964.99,3947.6,3961.46,196332.69
2025-10-21 21:00:00,3951.95,3964.99,3947.6,3961.46,196332.69
2025-10-21 21:00:00,3951.95,3964.99,3947.6,3961.46,196332.69
2025-10-21 21:00:00,3951.95,3964.99,3947.6,3961.46,196332.69
2025-10-21 21:00:00,3951.95,3964.99,3947.6,3961.46,196332.69
2025-10-21 21:00:00,3951.95,3964.99,3947.6,3961.46,196332.69
2025-10-21 21:00:00,3951.95,3964.99,3947.6,3961.46,196332.69
2025-10-21 21:00:00,3951.95,3964.99,3947.6,3961.46,196332.69
2025-10-21 21:00:00,3951.95,3964.99,3947.6,3961.46,196332.69
2025-10-21 21:00:00,3951.95,3964.99,3947.6,3961.46,196332.69
2025-10-21 21:00:00,3951.95,3964.99,3947.6,3961.46,196332.69
2025-10-21 21:00:00,3951.95,3964.99,3947.6,3961.46,196332.69
2025-10-21 21:00:00,3951.95,3964.99,3947.6,3961.46,196332.69
2025-10-21 21:00:00,3951.95,3964.99,3947.6,3961.46,196332.69
2025-10-21 21:00:00,3951.95,3964.99,3947.6,3961.46,196332.69
2025-10-21 21:00:00,3951.95,3964.99,3947.6,3961.46,196332.69
2025-10-21 21:00:00,3951.95,3964.99,3947.6,3961.46,196332.69
2025-10-21 21:00:00,3951.95,3964.99,3947.6,3961.46,196332.69
2025-10-21 21:00:00,3951.95,3964.99,3947.6,3961.46,196332.69
2025-10-21 21:00:00,3951.95,3964.99,3947.6,3961.46,196332.69
2025-10-21 21:00:00,3951.95,3964.99,3947.6,3961.46,196332.69
2025-10-21 21:00:00,3951.95,3964.99,3947.6,3961.46,196332.69
2025-10-21 21:00:00,3951.95,3964.99,3947.6,3961.46,196332.69
2025-10-21 21:00:00,3951.95,3964.99,3947.6,3961.46,196332.69
2025-10-21 21:00:00,3951.95,3964.99,3947.6,3961.46,196332.69
2025-10-21 21:00:00,3951.95,3964.99,3947.6,3961.46,196332.69
2025-10-21 21:00:00,3951.95,3964.99,3947.6,3961.46,196332.69
2025-10-21 21:00:00,3951.95,3964.99,3947.6,3961.46,196332.69
2025-10-21 21:00:00,3951.95,3964.99,3947.6,3961.46,196332.69
2025-10-21 21:00:00,3951.95,3964.99,3947.6,3961.46,196332.69
2025-10-21 21:00:00,3951.95,3964.99,3947.6,3961.46,196332.69
2025-10-21 21:15:00,3961.47,3963.39,3891.58,3928.46,994792.19
2025-10-21 21:15:00,3961.47,3963.39,3891.58,3928.46,994792.19
2025-10-21 21:15:00,3961.47,3963.39,3891.58,3928.46,994792.19
2025-10-21 21:15:00,3961.47,3963.39,3891.58,3928.46,994792.19
2025-10-21 21:15:00,3961.47,3963.39,3891.58,3928.46,994792.19
2025-10-21 21:15:00,3961.47,3963.39,3891.58,3928.46,994792.19
2025-10-21 21:15:00,3961.47,3963.39,3891.58,3928.46,994792.19
2025-10-21 21:15:00,3961.47,3963.39,3891.58,3928.46,994792.19
2025-10-21 21:15:00,3961.47,3963.39,3891.58,3928.46,994792.19
2025-10-21 21:15:00,3961.47,3963.39,3891.58,3928.46,994792.19
2025-10-21 21:15:00,3961.47,3963.39,3891.58,3928.46,994792.19
2025-10-21 21:15:00,3961.47,3963.39,3891.58,3928.46,994792.19
2025-10-21 21:15:00,3961.47,3963.39,3891.58,3928.46,994792.19
2025-10-21 21:15:00,3961.47,3963.39,3891.58,3928.46,994792.19
2025-10-21 21:15:00,3961.47,3963.39,3891.58,3928.46,994792.19
2025-10-21 21:15:00,3961.47,3963.39,3891.58,3928.46,994792.19
2025-10-21 21:15:00,3961.47,3963.39,3891.58,3928.46,994792.19
2025-10-21 21:15:00,3961.47,3963.39,3891.58,3928.46,994792.19
2025-10-21 21:15:00,3961.47,3963.39,3891.58,3928.46,994792.19
2025-10-21 21:15:00,3961.47,3963.39,3891.58,3928.46,994792.19
2025-10-21 21:15:00,3961.47,3963.39,3891.58,3928.46,994792.19
2025-10-21 21:15:00,3961.47,3963.39,3891.58,3928.46,994792.19
2025-10-21 21:15:00,3961.47,3963.39,3891.58,3928.46,994792.19
2025-10-21 21:15:00,3961.47,3963.39,3891.58,3928.46,994792.19
2025-10-21 21:15:00,3961.47,3963.39,3891.58,3928.46,994792.19
2025-10-21 21:15:00,3961.47,3963.39,3891.58,3928.46,994792.19
2025-10-21 21:15:00,3961.47,3963.39,3891.58,3928.46,994792.19
2025-10-21 21:15:00,3961.47,3963.39,3891.58,3928.46,994792.19
2025-10-21 21:15:00,3961.47,3963.39,3891.58,3928.46,994792.19
2025-10-21 21:15:00,3961.47,3963.39,3891.58,3928.46,994792.19
2025-10-21 21:15:00,3961.47,3963.39,3891.58,3928.46,994792.19
2025-10-21 21:15:00,3961.47,3963.39,3891.58,3928.46,994792.19
2025-10-21 21:15:00,3961.47,3963.39,3891.58,3928.46,994792.19
2025-10-21 21:15:00,3961.47,3963.39,3891.58,3928.46,994792.19
2025-10-21 21:30:00,3928.47,3947.74,3925.0,3946.54,188983.03
2025-10-21 21:30:00,3928.47,3947.74,3925.0,3946.54,188983.03
2025-10-21 21:30:00,3928.47,3947.74,3925.0,3946.54,188983.03
2025-10-21 21:30:00,3928.47,3947.74,3925.0,3946.54,188983.03
2025-10-21 21:30:00,3928.47,3947.74,3925.0,3946.54,188983.03
2025-10-21 21:30:00,3928.47,3947.74,3925.0,3946.54,188983.03
2025-10-21 21:30:00,3928.47,3947.74,3925.0,3946.54,188983.03
2025-10-21 21:30:00,3928.47,3947.74,3925.0,3946.54,188983.03
2025-10-21 21:30:00,3928.47,3947.74,3925.0,3946.54,188983.03
2025-10-21 21:30:00,3928.47,3947.74,3925.0,3946.54,188983.03
2025-10-21 21:30:00,3928.47,3947.74,3925.0,3946.54,188983.03
2025-10-21 21:30:00,3928.47,3947.74,3925.0,3946.54,188983.03
2025-10-21 21:30:00,3928.47,3947.74,3925.0,3946.54,188983.03
2025-10-21 21:30:00,3928.47,3947.74,3925.0,3946.54,188983.03
2025-10-21 21:30:00,3928.47,3947.74,3925.0,3946.54,188983.03
2025-10-21 21:30:00,3928.47,3947.74,3925.0,3946.54,188983.03
2025-10-21 21:30:00,3928.47,3947.74,3925.0,3946.54,188983.03
2025-10-21 21:30:00,3928.47,3947.74,3925.0,3946.54,188983.03
2025-10-21 21:30:00,3928.47,3947.74,3925.0,3946.54,188983.03
2025-10-21 21:30:00,3928.47,3947.74,3925.0,3946.54,188983.03
2025-10-21 21:30:00,3928.47,3947.74,3925.0,3946.54,188983.03
2025-10-21 21:30:00,3928.47,3947.74,3925.0,3946.54,188983.03
2025-10-21 21:30:00,3928.47,3947.74,3925.0,3946.54,188983.03
2025-10-21 21:30:00,3928.47,3947.74,3925.0,3946.54,188983.03
2025-10-21 21:30:00,3928.47,3947.74,3925.0,3946.54,188983.03
2025-10-21 21:30:00,3928.47,3947.74,3925.0,3946.54,188983.03
2025-10-21 21:30:00,3928.47,3947.74,3925.0,3946.54,188983.03
2025-10-21 21:30:00,3928.47,3947.74,3925.0,3946.54,188983.03
2025-10-21 21:30:00,3928.47,3947.74,3925.0,3946.54,188983.03
2025-10-21 21:30:00,3928.47,3947.74,3925.0,3946.54,188983.03
2025-10-21 21:30:00,3928.47,3947.74,3925.0,3946.54,188983.03
2025-10-21 21:30:00,3928.47,3947.74,3925.0,3946.54,188983.03
2025-10-21 21:30:00,3928.47,3947.74,3925.0,3946.54,188983.03
2025-10-21 21:30:00,3928.47,3947.74,3925.0,3946.54,188983.03
2025-10-21 21:30:00,3928.47,3947.74,3925.0,3946.54,188983.03
2025-10-21 21:45:00,3946.53,3954.12,3939.89,3943.72,138206.36
2025-10-21 21:45:00,3946.53,3954.12,3939.89,3943.72,138206.36
2025-10-21 21:45:00,3946.53,3954.12,3939.89,3943.72,138206.36
2025-10-21 21:45:00,3946.53,3954.12,3939.89,3943.72,138206.36
2025-10-21 21:45:00,3946.53,3954.12,3939.89,3943.72,138206.36
2025-10-21 21:45:00,3946.53,3954.12,3939.89,3943.72,138206.36
2025-10-21 21:45:00,3946.53,3954.12,3939.89,3943.72,138206.36
2025-10-21 21:45:00,3946.53,3954.12,3939.89,3943.72,138206.36
2025-10-21 21:45:00,3946.53,3954.12,3939.89,3943.72,138206.36
2025-10-21 21:45:00,3946.53,3954.12,3939.89,3943.72,138206.36
2025-10-21 21:45:00,3946.53,3954.12,3939.89,3943.72,138206.36
2025-10-21 21:45:00,3946.53,3954.12,3939.89,3943.72,138206.36
2025-10-21 21:45:00,3946.53,3954.12,3939.89,3943.72,138206.36
2025-10-21 21:45:00,3946.53,3954.12,3939.89,3943.72,138206.36
2025-10-21 21:45:00,3946.53,3954.12,3939.89,3943.72,138206.36
2025-10-21 21:45:00,3946.53,3954.12,3939.89,3943.72,138206.36
2025-10-21 21:45:00,3946.53,3954.12,3939.89,3943.72,138206.36
2025-10-21 21:45:00,3946.53,3954.12,3939.89,3943.72,138206.36
2025-10-21 21:45:00,3946.53,3954.12,3939.89,3943.72,138206.36
2025-10-21 21:45:00,3946.53,3954.12,3939.89,3943.72,138206.36
2025-10-21 21:45:00,3946.53,3954.12,3939.89,3943.72,138206.36
2025-10-21 21:45:00,3946.53,3954.12,3939.89,3943.72,138206.36
2025-10-21 21:45:00,3946.53,3954.12,3939.89,3943.72,138206.36
2025-10-21 21:45:00,3946.53,3954.12,3939.89,3943.72,138206.36
2025-10-21 21:45:00,3946.53,3954.12,3939.89,3943.72,138206.36
2025-10-21 21:45:00,3946.53,3954.12,3939.89,3943.72,138206.36
2025-10-21 21:45:00,3946.53,3954.12,3939.89,3943.72,138206.36
2025-10-21 21:45:00,3946.53,3954.12,3939.89,3943.72,138206.36
2025-10-21 21:45:00,3946.53,3954.12,3939.89,3943.72,138206.36
2025-10-21 21:45:00,3946.53,3954.12,3939.89,3943.72,138206.36
2025-10-21 21:45:00,3946.53,3954.12,3939.89,3943.72,138206.36
2025-10-21 21:45:00,3946.53,3954.12,3939.89,3943.72,138206.36
2025-10-21 21:45:00,3946.53,3954.12,3939.89,3943.72,138206.36
2025-10-21 21:45:00,3946.53,3954.12,3939.89,3943.72,138206.36
2025-10-21 21:45:00,3946.53,3954.12,3939.89,3943.72,138206.36
2025-10-21 21:45:00,3946.53,3954.12,3939.89,3943.72,138206.36
2025-10-21 22:00:00,3943.71,3947.84,3916.97,3933.19,276933.96
2025-10-21 22:00:00,3943.71,3947.84,3916.97,3933.19,276933.96
2025-10-21 22:00:00,3943.71,3947.84,3916.97,3933.19,276933.96
2025-10-21 22:00:00,3943.71,3947.84,3916.97,3933.19,276933.96
2025-10-21 22:00:00,3943.71,3947.84,3916.97,3933.19,276933.96
2025-10-21 22:00:00,3943.71,3947.84,3916.97,3933.19,276933.96
2025-10-21 22:00:00,3943.71,3947.84,3916.97,3933.19,276933.96
2025-10-21 22:00:00,3943.71,3947.84,3916.97,3933.19,276933.96
2025-10-21 22:00:00,3943.71,3947.84,3916.97,3933.19,276933.96
2025-10-21 22:00:00,3943.71,3947.84,3916.97,3933.19,276933.96
2025-10-21 22:00:00,3943.71,3947.84,3916.97,3933.19,276933.96
2025-10-21 22:00:00,3943.71,3947.84,3916.97,3933.19,276933.96
2025-10-21 22:00:00,3943.71,3947.84,3916.97,3933.19,276933.96
2025-10-21 22:00:00,3943.71,3947.84,3916.97,3933.19,276933.96
2025-10-21 22:00:00,3943.71,3947.84,3916.97,3933.19,276933.96
2025-10-21 22:00:00,3943.71,3947.84,3916.97,3933.19,276933.96
2025-10-21 22:00:00,3943.71,3947.84,3916.97,3933.19,276933.96
2025-10-21 22:00:00,3943.71,3947.84,3916.97,3933.19,276933.96
2025-10-21 22:00:00,3943.71,3947.84,3916.97,3933.19,276933.96
2025-10-21 22:00:00,3943.71,3947.84,3916.97,3933.19,276933.96
2025-10-21 22:00:00,3943.71,3947.84,3916.97,3933.19,276933.96
2025-10-21 22:00:00,3943.71,3947.84,3916.97,3933.19,276933.96
2025-10-21 22:00:00,3943.71,3947.84,3916.97,3933.19,276933.96
2025-10-21 22:00:00,3943.71,3947.84,3916.97,3933.19,276933.96
2025-10-21 22:00:00,3943.71,3947.84,3916.97,3933.19,276933.96
2025-10-21 22:00:00,3943.71,3947.84,3916.97,3933.19,276933.96
2025-10-21 22:00:00,3943.71,3947.84,3916.97,3933.19,276933.96
2025-10-21 22:00:00,3943.71,3947.84,3916.97,3933.19,276933.96
2025-10-21 22:00:00,3943.71,3947.84,3916.97,3933.19,276933.96
2025-10-21 22:00:00,3943.71,3947.84,3916.97,3933.19,276933.96
2025-10-21 22:00:00,3943.71,3947.84,3916.97,3933.19,276933.96
2025-10-21 22:00:00,3943.71,3947.84,3916.97,3933.19,276933.96
2025-10-21 22:00:00,3943.71,3947.84,3916.97,3933.19,276933.96
2025-10-21 22:00:00,3943.71,3947.84,3916.97,3933.19,276933.96
2025-10-21 22:00:00,3943.71,3947.84,3916.97,3933.19,276933.96
2025-10-21 22:00:00,3943.71,3947.84,3916.97,3933.19,276933.96
2025-10-21 22:00:00,3943.71,3947.84,3916.97,3933.19,276933.96
2025-10-21 22:15:00,3933.2,3942.9,3907.3,3910.0,360308.25
2025-10-21 22:15:00,3933.2,3942.9,3907.3,3910.0,360308.25
2025-10-21 22:15:00,3933.2,3942.9,3907.3,3910.0,360308.25
2025-10-21 22:15:00,3933.2,3942.9,3907.3,3910.0,360308.25
2025-10-21 22:15:00,3933.2,3942.9,3907.3,3910.0,360308.25
2025-10-21 22:15:00,3933.2,3942.9,3907.3,3910.0,360308.25
2025-10-21 22:15:00,3933.2,3942.9,3907.3,3910.0,360308.25
2025-10-21 22:15:00,3933.2,3942.9,3907.3,3910.0,360308.25
2025-10-21 22:15:00,3933.2,3942.9,3907.3,3910.0,360308.25
2025-10-21 22:15:00,3933.2,3942.9,3907.3,3910.0,360308.25
2025-10-21 22:15:00,3933.2,3942.9,3907.3,3910.0,360308.25
2025-10-21 22:15:00,3933.2,3942.9,3907.3,3910.0,360308.25
2025-10-21 22:15:00,3933.2,3942.9,3907.3,3910.0,360308.25
2025-10-21 22:15:00,3933.2,3942.9,3907.3,3910.0,360308.25
2025-10-21 22:15:00,3933.2,3942.9,3907.3,3910.0,360308.25
2025-10-21 22:15:00,3933.2,3942.9,3907.3,3910.0,360308.25
2025-10-21 22:15:00,3933.2,3942.9,3907.3,3910.0,360308.25
2025-10-21 22:15:00,3933.2,3942.9,3907.3,3910.0,360308.25
2025-10-21 22:15:00,3933.2,3942.9,3907.3,3910.0,360308.25
2025-10-21 22:15:00,3933.2,3942.9,3907.3,3910.0,360308.25
2025-10-21 22:15:00,3933.2,3942.9,3907.3,3910.0,360308.25
2025-10-21 22:15:00,3933.2,3942.9,3907.3,3910.0,360308.25
2025-10-21 22:15:00,3933.2,3942.9,3907.3,3910.0,360308.25
2025-10-21 22:15:00,3933.2,3942.9,3907.3,3910.0,360308.25
2025-10-21 22:15:00,3933.2,3942.9,3907.3,3910.0,360308.25
2025-10-21 22:15:00,3933.2,3942.9,3907.3,3910.0,360308.25
2025-10-21 22:15:00,3933.2,3942.9,3907.3,3910.0,360308.25
2025-10-21 22:15:00,3933.2,3942.9,3907.3,3910.0,360308.25
2025-10-21 22:15:00,3933.2,3942.9,3907.3,3910.0,360308.25
2025-10-21 22:15:00,3933.2,3942.9,3907.3,3910.0,360308.25
2025-10-21 22:15:00,3933.2,3942.9,3907.3,3910.0,360308.25
2025-10-21 22:15:00,3933.2,3942.9,3907.3,3910.0,360308.25
2025-10-21 22:15:00,3933.2,3942.9,3907.3,3910.0,360308.25
2025-10-21 22:15:00,3933.2,3942.9,3907.3,3910.0,360308.25
2025-10-21 22:15:00,3933.2,3942.9,3907.3,3910.0,360308.25
2025-10-21 22:15:00,3933.2,3942.9,3907.3,3910.0,360308.25
2025-10-21 22:15:00,3933.2,3942.9,3907.3,3910.0,360308.25
2025-10-21 22:15:00,3933.2,3942.9,3907.3,3910.0,360308.25
2025-10-21 22:30:00,3910.01,3922.0,3890.7,3911.07,872662.27
2025-10-21 22:30:00,3910.01,3922.0,3890.7,3911.07,872662.27
2025-10-21 22:30:00,3910.01,3922.0,3890.7,3911.07,872662.27
2025-10-21 22:30:00,3910.01,3922.0,3890.7,3911.07,872662.27
2025-10-21 22:30:00,3910.01,3922.0,3890.7,3911.07,872662.27
2025-10-21 22:30:00,3910.01,3922.0,3890.7,3911.07,872662.27
2025-10-21 22:30:00,3910.01,3922.0,3890.7,3911.07,872662.27
2025-10-21 22:30:00,3910.01,3922.0,3890.7,3911.07,872662.27
2025-10-21 22:30:00,3910.01,3922.0,3890.7,3911.07,872662.27
2025-10-21 22:30:00,3910.01,3922.0,3890.7,3911.07,872662.27
2025-10-21 22:30:00,3910.01,3922.0,3890.7,3911.07,872662.27
2025-10-21 22:30:00,3910.01,3922.0,3890.7,3911.07,872662.27
2025-10-21 22:30:00,3910.01,3922.0,3890.7,3911.07,872662.27
2025-10-21 22:30:00,3910.01,3922.0,3890.7,3911.07,872662.27
2025-10-21 22:30:00,3910.01,3922.0,3890.7,3911.07,872662.27
2025-10-21 22:30:00,3910.01,3922.0,3890.7,3911.07,872662.27
2025-10-21 22:30:00,3910.01,3922.0,3890.7,3911.07,872662.27
2025-10-21 22:30:00,3910.01,3922.0,3890.7,3911.07,872662.27
2025-10-21 22:30:00,3910.01,3922.0,3890.7,3911.07,872662.27
2025-10-21 22:30:00,3910.01,3922.0,3890.7,3911.07,872662.27
2025-10-21 22:30:00,3910.01,3922.0,3890.7,3911.07,872662.27
2025-10-21 22:30:00,3910.01,3922.0,3890.7,3911.07,872662.27
2025-10-21 22:30:00,3910.01,3922.0,3890.7,3911.07,872662.27
2025-10-21 22:30:00,3910.01,3922.0,3890.7,3911.07,872662.27
2025-10-21 22:30:00,3910.01,3922.0,3890.7,3911.07,872662.27
2025-10-21 22:30:00,3910.01,3922.0,3890.7,3911.07,872662.27
2025-10-21 22:30:00,3910.01,3922.0,3890.7,3911.07,872662.27
2025-10-21 22:30:00,3910.01,3922.0,3890.7,3911.07,872662.27
2025-10-21 22:30:00,3910.01,3922.0,3890.7,3911.07,872662.27
2025-10-21 22:30:00,3910.01,3922.0,3890.7,3911.07,872662.27
2025-10-21 22:30:00,3910.01,3922.0,3890.7,3911.07,872662.27
2025-10-21 22:30:00,3910.01,3922.0,3890.7,3911.07,872662.27
2025-10-21 22:30:00,3910.01,3922.0,3890.7,3911.07,872662.27
2025-10-21 22:30:00,3910.01,3922.0,3890.7,3911.07,872662.27
2025-10-21 22:30:00,3910.01,3922.0,3890.7,3911.07,872662.27
2025-10-21 22:30:00,3910.01,3922.0,3890.7,3911.07,872662.27
2025-10-21 22:30:00,3910.01,3922.0,3890.7,3911.07,872662.27
2025-10-21 22:30:00,3910.01,3922.0,3890.7,3911.07,872662.27
2025-10-21 22:30:00,3910.01,3922.0,3890.7,3911.07,872662.27
2025-10-21 22:45:00,3911.06,3924.92,3895.36,3899.54,339311.58
2025-10-21 22:45:00,3911.06,3924.92,3895.36,3899.54,339311.58
2025-10-21 22:45:00,3911.06,3924.92,3895.36,3899.54,339311.58
2025-10-21 22:45:00,3911.06,3924.92,3895.36,3899.54,339311.58
2025-10-21 22:45:00,3911.06,3924.92,3895.36,3899.54,339311.58
2025-10-21 22:45:00,3911.06,3924.92,3895.36,3899.54,339311.58
2025-10-21 22:45:00,3911.06,3924.92,3895.36,3899.54,339311.58
2025-10-21 22:45:00,3911.06,3924.92,3895.36,3899.54,339311.58
2025-10-21 22:45:00,3911.06,3924.92,3895.36,3899.54,339311.58
2025-10-21 22:45:00,3911.06,3924.92,3895.36,3899.54,339311.58
2025-10-21 22:45:00,3911.06,3924.92,3895.36,3899.54,339311.58
2025-10-21 22:45:00,3911.06,3924.92,3895.36,3899.54,339311.58
2025-10-21 22:45:00,3911.06,3924.92,3895.36,3899.54,339311.58
2025-10-21 22:45:00,3911.06,3924.92,3895.36,3899.54,339311.58
2025-10-21 22:45:00,3911.06,3924.92,3895.36,3899.54,339311.58
2025-10-21 22:45:00,3911.06,3924.92,3895.36,3899.54,339311.58
2025-10-21 22:45:00,3911.06,3924.92,3895.36,3899.54,339311.58
2025-10-21 22:45:00,3911.06,3924.92,3895.36,3899.54,339311.58
2025-10-21 22:45:00,3911.06,3924.92,3895.36,3899.54,339311.58
2025-10-21 22:45:00,3911.06,3924.92,3895.36,3899.54,339311.58
2025-10-21 22:45:00,3911.06,3924.92,3895.36,3899.54,339311.58
2025-10-21 22:45:00,3911.06,3924.92,3895.36,3899.54,339311.58
2025-10-21 22:45:00,3911.06,3924.92,3895.36,3899.54,339311.58
2025-10-21 22:45:00,3911.06,3924.92,3895.36,3899.54,339311.58
2025-10-21 22:45:00,3911.06,3924.92,3895.36,3899.54,339311.58
2025-10-21 22:45:00,3911.06,3924.92,3895.36,3899.54,339311.58
2025-10-21 22:45:00,3911.06,3924.92,3895.36,3899.54,339311.58
2025-10-21 22:45:00,3911.06,3924.92,3895.36,3899.54,339311.58
2025-10-21 22:45:00,3911.06,3924.92,3895.36,3899.54,339311.58
2025-10-21 22:45:00,3911.06,3924.92,3895.36,3899.54,339311.58
2025-10-21 22:45:00,3911.06,3924.92,3895.36,3899.54,339311.58
2025-10-21 22:45:00,3911.06,3924.92,3895.36,3899.54,339311.58
2025-10-21 22:45:00,3911.06,3924.92,3895.36,3899.54,339311.58
2025-10-21 22:45:00,3911.06,3924.92,3895.36,3899.54,339311.58
2025-10-21 22:45:00,3911.06,3924.92,3895.36,3899.54,339311.58
2025-10-21 22:45:00,3911.06,3924.92,3895.36,3899.54,339311.58
2025-10-21 22:45:00,3911.06,3924.92,3895.36,3899.54,339311.58
2025-10-21 22:45:00,3911.06,3924.92,3895.36,3899.54,339311.58
2025-10-21 22:45:00,3911.06,3924.92,3895.36,3899.54,339311.58
2025-10-21 22:45:00,3911.06,3924.92,3895.36,3899.54,339311.58
2025-10-21 23:00:00,3899.54,3905.95,3888.13,3899.4,346636.19
2025-10-21 23:00:00,3899.54,3905.95,3888.13,3899.4,346636.19
2025-10-21 23:00:00,3899.54,3905.95,3888.13,3899.4,346636.19
2025-10-21 23:00:00,3899.54,3905.95,3888.13,3899.4,346636.19
2025-10-21 23:00:00,3899.54,3905.95,3888.13,3899.4,346636.19
2025-10-21 23:00:00,3899.54,3905.95,3888.13,3899.4,346636.19
2025-10-21 23:00:00,3899.54,3905.95,3888.13,3899.4,346636.19
2025-10-21 23:00:00,3899.54,3905.95,3888.13,3899.4,346636.19
2025-10-21 23:00:00,3899.54,3905.95,3888.13,3899.4,346636.19
2025-10-21 23:00:00,3899.54,3905.95,3888.13,3899.4,346636.19
2025-10-21 23:00:00,3899.54,3905.95,3888.13,3899.4,346636.19
2025-10-21 23:00:00,3899.54,3905.95,3888.13,3899.4,346636.19
2025-10-21 23:00:00,3899.54,3905.95,3888.13,3899.4,346636.19
2025-10-21 23:00:00,3899.54,3905.95,3888.13,3899.4,346636.19
2025-10-21 23:00:00,3899.54,3905.95,3888.13,3899.4,346636.19
2025-10-21 23:00:00,3899.54,3905.95,3888.13,3899.4,346636.19
2025-10-21 23:00:00,3899.54,3905.95,3888.13,3899.4,346636.19
2025-10-21 23:00:00,3899.54,3905.95,3888.13,3899.4,346636.19
2025-10-21 23:00:00,3899.54,3905.95,3888.13,3899.4,346636.19
2025-10-21 23:00:00,3899.54,3905.95,3888.13,3899.4,346636.19
2025-10-21 23:00:00,3899.54,3905.95,3888.13,3899.4,346636.19
2025-10-21 23:00:00,3899.54,3905.95,3888.13,3899.4,346636.19
2025-10-21 23:00:00,3899.54,3905.95,3888.13,3899.4,346636.19
2025-10-21 23:00:00,3899.54,3905.95,3888.13,3899.4,346636.19
2025-10-21 23:00:00,3899.54,3905.95,3888.13,3899.4,346636.19
2025-10-21 23:00:00,3899.54,3905.95,3888.13,3899.4,346636.19
2025-10-21 23:00:00,3899.54,3905.95,3888.13,3899.4,346636.19
2025-10-21 23:00:00,3899.54,3905.95,3888.13,3899.4,346636.19
2025-10-21 23:00:00,3899.54,3905.95,3888.13,3899.4,346636.19
2025-10-21 23:00:00,3899.54,3905.95,3888.13,3899.4,346636.19
2025-10-21 23:00:00,3899.54,3905.95,3888.13,3899.4,346636.19
2025-10-21 23:00:00,3899.54,3905.95,3888.13,3899.4,346636.19
2025-10-21 23:00:00,3899.54,3905.95,3888.13,3899.4,346636.19
2025-10-21 23:00:00,3899.54,3905.95,3888.13,3899.4,346636.19
2025-10-21 23:00:00,3899.54,3905.95,3888.13,3899.4,346636.19
2025-10-21 23:00:00,3899.54,3905.95,3888.13,3899.4,346636.19
2025-10-21 23:00:00,3899.54,3905.95,3888.13,3899.4,346636.19
2025-10-21 23:00:00,3899.54,3905.95,3888.13,3899.4,346636.19
2025-10-21 23:00:00,3899.54,3905.95,3888.13,3899.4,346636.19
2025-10-21 23:00:00,3899.54,3905.95,3888.13,3899.4,346636.19
2025-10-21 23:00:00,3899.54,3905.95,3888.13,3899.4,346636.19
2025-10-21 23:15:00,3899.39,3909.75,3889.16,3892.76,254466.04
2025-10-21 23:15:00,3899.39,3909.75,3889.16,3892.76,254466.04
2025-10-21 23:15:00,3899.39,3909.75,3889.16,3892.76,254466.04
2025-10-21 23:15:00,3899.39,3909.75,3889.16,3892.76,254466.04
2025-10-21 23:15:00,3899.39,3909.75,3889.16,3892.76,254466.04
2025-10-21 23:15:00,3899.39,3909.75,3889.16,3892.76,254466.04
2025-10-21 23:15:00,3899.39,3909.75,3889.16,3892.76,254466.04
2025-10-21 23:15:00,3899.39,3909.75,3889.16,3892.76,254466.04
2025-10-21 23:15:00,3899.39,3909.75,3889.16,3892.76,254466.04
2025-10-21 23:15:00,3899.39,3909.75,3889.16,3892.76,254466.04
2025-10-21 23:15:00,3899.39,3909.75,3889.16,3892.76,254466.04
2025-10-21 23:15:00,3899.39,3909.75,3889.16,3892.76,254466.04
2025-10-21 23:15:00,3899.39,3909.75,3889.16,3892.76,254466.04
2025-10-21 23:15:00,3899.39,3909.75,3889.16,3892.76,254466.04
2025-10-21 23:15:00,3899.39,3909.75,3889.16,3892.76,254466.04
2025-10-21 23:15:00,3899.39,3909.75,3889.16,3892.76,254466.04
2025-10-21 23:15:00,3899.39,3909.75,3889.16,3892.76,254466.04
2025-10-21 23:15:00,3899.39,3909.75,3889.16,3892.76,254466.04
2025-10-21 23:15:00,3899.39,3909.75,3889.16,3892.76,254466.04
2025-10-21 23:15:00,3899.39,3909.75,3889.16,3892.76,254466.04
2025-10-21 23:15:00,3899.39,3909.75,3889.16,3892.76,254466.04
2025-10-21 23:15:00,3899.39,3909.75,3889.16,3892.76,254466.04
2025-10-21 23:15:00,3899.39,3909.75,3889.16,3892.76,254466.04
2025-10-21 23:15:00,3899.39,3909.75,3889.16,3892.76,254466.04
2025-10-21 23:15:00,3899.39,3909.75,3889.16,3892.76,254466.04
2025-10-21 23:15:00,3899.39,3909.75,3889.16,3892.76,254466.04
2025-10-21 23:15:00,3899.39,3909.75,3889.16,3892.76,254466.04
2025-10-21 23:15:00,3899.39,3909.75,3889.16,3892.76,254466.04
2025-10-21 23:15:00,3899.39,3909.75,3889.16,3892.76,254466.04
2025-10-21 23:15:00,3899.39,3909.75,3889.16,3892.76,254466.04
2025-10-21 23:15:00,3899.39,3909.75,3889.16,3892.76,254466.04
2025-10-21 23:15:00,3899.39,3909.75,3889.16,3892.76,254466.04
2025-10-21 23:15:00,3899.39,3909.75,3889.16,3892.76,254466.04
2025-10-21 23:15:00,3899.39,3909.75,3889.16,3892.76,254466.04
2025-10-21 23:15:00,3899.39,3909.75,3889.16,3892.76,254466.04
2025-10-21 23:15:00,3899.39,3909.75,3889.16,3892.76,254466.04
2025-10-21 23:15:00,3899.39,3909.75,3889.16,3892.76,254466.04
2025-10-21 23:15:00,3899.39,3909.75,3889.16,3892.76,254466.04
2025-10-21 23:15:00,3899.39,3909.75,3889.16,3892.76,254466.04
2025-10-21 23:15:00,3899.39,3909.75,3889.16,3892.76,254466.04
2025-10-21 23:15:00,3899.39,3909.75,3889.16,3892.76,254466.04
2025-10-21 23:15:00,3899.39,3909.75,3889.16,3892.76,254466.04
2025-10-21 23:30:00,3892.76,3893.18,3855.11,3868.87,904832.3
2025-10-21 23:30:00,3892.76,3893.18,3855.11,3868.87,904832.3
2025-10-21 23:30:00,3892.76,3893.18,3855.11,3868.87,904832.3
2025-10-21 23:30:00,3892.76,3893.18,3855.11,3868.87,904832.3
2025-10-21 23:30:00,3892.76,3893.18,3855.11,3868.87,904832.3
2025-10-21 23:30:00,3892.76,3893.18,3855.11,3868.87,904832.3
2025-10-21 23:30:00,3892.76,3893.18,3855.11,3868.87,904832.3
2025-10-21 23:30:00,3892.76,3893.18,3855.11,3868.87,904832.3
2025-10-21 23:30:00,3892.76,3893.18,3855.11,3868.87,904832.3
2025-10-21 23:30:00,3892.76,3893.18,3855.11,3868.87,904832.3
2025-10-21 23:30:00,3892.76,3893.18,3855.11,3868.87,904832.3
2025-10-21 23:30:00,3892.76,3893.18,3855.11,3868.87,904832.3
2025-10-21 23:30:00,3892.76,3893.18,3855.11,3868.87,904832.3
2025-10-21 23:30:00,3892.76,3893.18,3855.11,3868.87,904832.3
2025-10-21 23:30:00,3892.76,3893.18,3855.11,3868.87,904832.3
2025-10-21 23:30:00,3892.76,3893.18,3855.11,3868.87,904832.3
2025-10-21 23:30:00,3892.76,3893.18,3855.11,3868.87,904832.3
2025-10-21 23:30:00,3892.76,3893.18,3855.11,3868.87,904832.3
2025-10-21 23:30:00,3892.76,3893.18,3855.11,3868.87,904832.3
2025-10-21 23:30:00,3892.76,3893.18,3855.11,3868.87,904832.3
2025-10-21 23:30:00,3892.76,3893.18,3855.11,3868.87,904832.3
2025-10-21 23:30:00,3892.76,3893.18,3855.11,3868.87,904832.3
2025-10-21 23:30:00,3892.76,3893.18,3855.11,3868.87,904832.3
2025-10-21 23:30:00,3892.76,3893.18,3855.11,3868.87,904832.3
2025-10-21 23:30:00,3892.76,3893.18,3855.11,3868.87,904832.3
2025-10-21 23:30:00,3892.76,3893.18,3855.11,3868.87,904832.3
2025-10-21 23:30:00,3892.76,3893.18,3855.11,3868.87,904832.3
2025-10-21 23:30:00,3892.76,3893.18,3855.11,3868.87,904832.3
2025-10-21 23:30:00,3892.76,3893.18,3855.11,3868.87,904832.3
2025-10-21 23:30:00,3892.76,3893.18,3855.11,3868.87,904832.3
2025-10-21 23:30:00,3892.76,3893.18,3855.11,3868.87,904832.3
2025-10-21 23:30:00,3892.76,3893.18,3855.11,3868.87,904832.3
2025-10-21 23:30:00,3892.76,3893.18,3855.11,3868.87,904832.3
2025-10-21 23:30:00,3892.76,3893.18,3855.11,3868.87,904832.3
2025-10-21 23:30:00,3892.76,3893.18,3855.11,3868.87,904832.3
2025-10-21 23:30:00,3892.76,3893.18,3855.11,3868.87,904832.3
2025-10-21 23:30:00,3892.76,3893.18,3855.11,3868.87,904832.3
2025-10-21 23:30:00,3892.76,3893.18,3855.11,3868.87,904832.3
2025-10-21 23:30:00,3892.76,3893.18,3855.11,3868.87,904832.3
2025-10-21 23:30:00,3892.76,3893.18,3855.11,3868.87,904832.3
2025-10-21 23:30:00,3892.76,3893.18,3855.11,3868.87,904832.3
2025-10-21 23:30:00,3892.76,3893.18,3855.11,3868.87,904832.3
2025-10-21 23:30:00,3892.76,3893.18,3855.11,3868.87,904832.3
2025-10-21 23:45:00,3868.81,3879.55,3865.64,3870.8,267707.43
2025-10-21 23:45:00,3868.81,3879.55,3865.64,3870.8,267707.43
2025-10-21 23:45:00,3868.81,3879.55,3865.64,3870.8,267707.43
2025-10-21 23:45:00,3868.81,3879.55,3865.64,3870.8,267707.43
2025-10-21 23:45:00,3868.81,3879.55,3865.64,3870.8,267707.43
2025-10-21 23:45:00,3868.81,3879.55,3865.64,3870.8,267707.43
2025-10-21 23:45:00,3868.81,3879.55,3865.64,3870.8,267707.43
2025-10-21 23:45:00,3868.81,3879.55,3865.64,3870.8,267707.43
2025-10-21 23:45:00,3868.81,3879.55,3865.64,3870.8,267707.43
2025-10-21 23:45:00,3868.81,3879.55,3865.64,3870.8,267707.43
2025-10-21 23:45:00,3868.81,3879.55,3865.64,3870.8,267707.43
2025-10-21 23:45:00,3868.81,3879.55,3865.64,3870.8,267707.43
2025-10-21 23:45:00,3868.81,3879.55,3865.64,3870.8,267707.43
2025-10-21 23:45:00,3868.81,3879.55,3865.64,3870.8,267707.43
2025-10-21 23:45:00,3868.81,3879.55,3865.64,3870.8,267707.43
2025-10-21 23:45:00,3868.81,3879.55,3865.64,3870.8,267707.43
2025-10-21 23:45:00,3868.81,3879.55,3865.64,3870.8,267707.43
2025-10-21 23:45:00,3868.81,3879.55,3865.64,3870.8,267707.43
2025-10-21 23:45:00,3868.81,3879.55,3865.64,3870.8,267707.43
2025-10-21 23:45:00,3868.81,3879.55,3865.64,3870.8,267707.43
2025-10-21 23:45:00,3868.81,3879.55,3865.64,3870.8,267707.43
2025-10-21 23:45:00,3868.81,3879.55,3865.64,3870.8,267707.43
2025-10-21 23:45:00,3868.81,3879.55,3865.64,3870.8,267707.43
2025-10-21 23:45:00,3868.81,3879.55,3865.64,3870.8,267707.43
2025-10-21 23:45:00,3868.81,3879.55,3865.64,3870.8,267707.43
2025-10-21 23:45:00,3868.81,3879.55,3865.64,3870.8,267707.43
2025-10-21 23:45:00,3868.81,3879.55,3865.64,3870.8,267707.43
2025-10-21 23:45:00,3868.81,3879.55,3865.64,3870.8,267707.43
2025-10-21 23:45:00,3868.81,3879.55,3865.64,3870.8,267707.43
2025-10-21 23:45:00,3868.81,3879.55,3865.64,3870.8,267707.43
2025-10-21 23:45:00,3868.81,3879.55,3865.64,3870.8,267707.43
2025-10-21 23:45:00,3868.81,3879.55,3865.64,3870.8,267707.43
2025-10-21 23:45:00,3868.81,3879.55,3865.64,3870.8,267707.43
2025-10-21 23:45:00,3868.81,3879.55,3865.64,3870.8,267707.43
2025-10-21 23:45:00,3868.81,3879.55,3865.64,3870.8,267707.43
2025-10-21 23:45:00,3868.81,3879.55,3865.64,3870.8,267707.43
2025-10-21 23:45:00,3868.81,3879.55,3865.64,3870.8,267707.43
2025-10-21 23:45:00,3868.81,3879.55,3865.64,3870.8,267707.43
2025-10-21 23:45:00,3868.81,3879.55,3865.64,3870.8,267707.43
2025-10-21 23:45:00,3868.81,3879.55,3865.64,3870.8,267707.43
2025-10-21 23:45:00,3868.81,3879.55,3865.64,3870.8,267707.43
2025-10-21 23:45:00,3868.81,3879.55,3865.64,3870.8,267707.43
2025-10-21 23:45:00,3868.81,3879.55,3865.64,3870.8,267707.43
2025-10-21 23:45:00,3868.81,3879.55,3865.64,3870.8,267707.43
2025-10-22 00:00:00,3870.79,3887.81,3859.51,3884.2,409052.11
2025-10-22 00:00:00,3870.79,3887.81,3859.51,3884.2,409052.11
2025-10-22 00:00:00,3870.79,3887.81,3859.51,3884.2,409052.11
2025-10-22 00:00:00,3870.79,3887.81,3859.51,3884.2,409052.11
2025-10-22 00:00:00,3870.79,3887.81,3859.51,3884.2,409052.11
2025-10-22 00:00:00,3870.79,3887.81,3859.51,3884.2,409052.11
2025-10-22 00:00:00,3870.79,3887.81,3859.51,3884.2,409052.11
2025-10-22 00:00:00,3870.79,3887.81,3859.51,3884.2,409052.11
2025-10-22 00:00:00,3870.79,3887.81,3859.51,3884.2,409052.11
2025-10-22 00:00:00,3870.79,3887.81,3859.51,3884.2,409052.11
2025-10-22 00:00:00,3870.79,3887.81,3859.51,3884.2,409052.11
2025-10-22 00:00:00,3870.79,3887.81,3859.51,3884.2,409052.11
2025-10-22 00:00:00,3870.79,3887.81,3859.51,3884.2,409052.11
2025-10-22 00:00:00,3870.79,3887.81,3859.51,3884.2,409052.11
2025-10-22 00:00:00,3870.79,3887.81,3859.51,3884.2,409052.11
2025-10-22 00:00:00,3870.79,3887.81,3859.51,3884.2,409052.11
2025-10-22 00:00:00,3870.79,3887.81,3859.51,3884.2,409052.11
2025-10-22 00:00:00,3870.79,3887.81,3859.51,3884.2,409052.11
2025-10-22 00:00:00,3870.79,3887.81,3859.51,3884.2,409052.11
2025-10-22 00:00:00,3870.79,3887.81,3859.51,3884.2,409052.11
2025-10-22 00:00:00,3870.79,3887.81,3859.51,3884.2,409052.11
2025-10-22 00:00:00,3870.79,3887.81,3859.51,3884.2,409052.11
2025-10-22 00:00:00,3870.79,3887.81,3859.51,3884.2,409052.11
2025-10-22 00:00:00,3870.79,3887.81,3859.51,3884.2,409052.11
2025-10-22 00:00:00,3870.79,3887.81,3859.51,3884.2,409052.11
2025-10-22 00:00:00,3870.79,3887.81,3859.51,3884.2,409052.11
2025-10-22 00:00:00,3870.79,3887.81,3859.51,3884.2,409052.11
2025-10-22 00:00:00,3870.79,3887.81,3859.51,3884.2,409052.11
2025-10-22 00:00:00,3870.79,3887.81,3859.51,3884.2,409052.11
2025-10-22 00:00:00,3870.79,3887.81,3859.51,3884.2,409052.11
2025-10-22 00:00:00,3870.79,3887.81,3859.51,3884.2,409052.11
2025-10-22 00:00:00,3870.79,3887.81,3859.51,3884.2,409052.11
2025-10-22 00:00:00,3870.79,3887.81,3859.51,3884.2,409052.11
2025-10-22 00:00:00,3870.79,3887.81,3859.51,3884.2,409052.11
2025-10-22 00:00:00,3870.79,3887.81,3859.51,3884.2,409052.11
2025-10-22 00:00:00,3870.79,3887.81,3859.51,3884.2,409052.11
2025-10-22 00:00:00,3870.79,3887.81,3859.51,3884.2,409052.11
2025-10-22 00:00:00,3870.79,3887.81,3859.51,3884.2,409052.11
2025-10-22 00:00:00,3870.79,3887.81,3859.51,3884.2,409052.11
2025-10-22 00:00:00,3870.79,3887.81,3859.51,3884.2,409052.11
2025-10-22 00:00:00,3870.79,3887.81,3859.51,3884.2,409052.11
2025-10-22 00:00:00,3870.79,3887.81,3859.51,3884.2,409052.11
2025-10-22 00:00:00,3870.79,3887.81,3859.51,3884.2,409052.11
2025-10-22 00:00:00,3870.79,3887.81,3859.51,3884.2,409052.11
2025-10-22 00:00:00,3870.79,3887.81,3859.51,3884.2,409052.11
2025-10-22 00:15:00,3884.19,3884.19,3850.0,3858.4,403597.38
2025-10-22 00:15:00,3884.19,3884.19,3850.0,3858.4,403597.38
2025-10-22 00:15:00,3884.19,3884.19,3850.0,3858.4,403597.38
2025-10-22 00:15:00,3884.19,3884.19,3850.0,3858.4,403597.38
2025-10-22 00:15:00,3884.19,3884.19,3850.0,3858.4,403597.38
2025-10-22 00:15:00,3884.19,3884.19,3850.0,3858.4,403597.38
2025-10-22 00:15:00,3884.19,3884.19,3850.0,3858.4,403597.38
2025-10-22 00:15:00,3884.19,3884.19,3850.0,3858.4,403597.38
2025-10-22 00:15:00,3884.19,3884.19,3850.0,3858.4,403597.38
2025-10-22 00:15:00,3884.19,3884.19,3850.0,3858.4,403597.38
2025-10-22 00:15:00,3884.19,3884.19,3850.0,3858.4,403597.38
2025-10-22 00:15:00,3884.19,3884.19,3850.0,3858.4,403597.38
2025-10-22 00:15:00,3884.19,3884.19,3850.0,3858.4,403597.38
2025-10-22 00:15:00,3884.19,3884.19,3850.0,3858.4,403597.38
2025-10-22 00:15:00,3884.19,3884.19,3850.0,3858.4,403597.38
2025-10-22 00:15:00,3884.19,3884.19,3850.0,3858.4,403597.38
2025-10-22 00:15:00,3884.19,3884.19,3850.0,3858.4,403597.38
2025-10-22 00:15:00,3884.19,3884.19,3850.0,3858.4,403597.38
2025-10-22 00:15:00,3884.19,3884.19,3850.0,3858.4,403597.38
2025-10-22 00:15:00,3884.19,3884.19,3850.0,3858.4,403597.38
2025-10-22 00:15:00,3884.19,3884.19,3850.0,3858.4,403597.38
2025-10-22 00:15:00,3884.19,3884.19,3850.0,3858.4,403597.38
2025-10-22 00:15:00,3884.19,3884.19,3850.0,3858.4,403597.38
2025-10-22 00:15:00,3884.19,3884.19,3850.0,3858.4,403597.38
2025-10-22 00:15:00,3884.19,3884.19,3850.0,3858.4,403597.38
2025-10-22 00:15:00,3884.19,3884.19,3850.0,3858.4,403597.38
2025-10-22 00:15:00,3884.19,3884.19,3850.0,3858.4,403597.38
2025-10-22 00:15:00,3884.19,3884.19,3850.0,3858.4,403597.38
2025-10-22 00:15:00,3884.19,3884.19,3850.0,3858.4,403597.38
2025-10-22 00:15:00,3884.19,3884.19,3850.0,3858.4,403597.38
2025-10-22 00:15:00,3884.19,3884.19,3850.0,3858.4,403597.38
2025-10-22 00:15:00,3884.19,3884.19,3850.0,3858.4,403597.38
2025-10-22 00:15:00,3884.19,3884.19,3850.0,3858.4,403597.38
2025-10-22 00:15:00,3884.19,3884.19,3850.0,3858.4,403597.38
2025-10-22 00:15:00,3884.19,3884.19,3850.0,3858.4,403597.38
2025-10-22 00:15:00,3884.19,3884.19,3850.0,3858.4,403597.38
2025-10-22 00:15:00,3884.19,3884.19,3850.0,3858.4,403597.38
2025-10-22 00:15:00,3884.19,3884.19,3850.0,3858.4,403597.38
2025-10-22 00:15:00,3884.19,3884.19,3850.0,3858.4,403597.38
2025-10-22 00:15:00,3884.19,3884.19,3850.0,3858.4,403597.38
2025-10-22 00:15:00,3884.19,3884.19,3850.0,3858.4,403597.38
2025-10-22 00:15:00,3884.19,3884.19,3850.0,3858.4,403597.38
2025-10-22 00:15:00,3884.19,3884.19,3850.0,3858.4,403597.38
2025-10-22 00:15:00,3884.19,3884.19,3850.0,3858.4,403597.38
2025-10-22 00:15:00,3884.19,3884.19,3850.0,3858.4,403597.38
2025-10-22 00:15:00,3884.19,3884.19,3850.0,3858.4,403597.38
2025-10-22 00:30:00,3858.34,3870.54,3817.0,3836.36,1369319.23
2025-10-22 00:30:00,3858.34,3870.54,3817.0,3836.36,1369319.23
2025-10-22 00:30:00,3858.34,3870.54,3817.0,3836.36,1369319.23
2025-10-22 00:30:00,3858.34,3870.54,3817.0,3836.36,1369319.23
2025-10-22 00:30:00,3858.34,3870.54,3817.0,3836.36,1369319.23
2025-10-22 00:30:00,3858.34,3870.54,3817.0,3836.36,1369319.23
2025-10-22 00:30:00,3858.34,3870.54,3817.0,3836.36,1369319.23
2025-10-22 00:30:00,3858.34,3870.54,3817.0,3836.36,1369319.23
2025-10-22 00:30:00,3858.34,3870.54,3817.0,3836.36,1369319.23
2025-10-22 00:30:00,3858.34,3870.54,3817.0,3836.36,1369319.23
2025-10-22 00:30:00,3858.34,3870.54,3817.0,3836.36,1369319.23
2025-10-22 00:30:00,3858.34,3870.54,3817.0,3836.36,1369319.23
2025-10-22 00:30:00,3858.34,3870.54,3817.0,3836.36,1369319.23
2025-10-22 00:30:00,3858.34,3870.54,3817.0,3836.36,1369319.23
2025-10-22 00:30:00,3858.34,3870.54,3817.0,3836.36,1369319.23
2025-10-22 00:30:00,3858.34,3870.54,3817.0,3836.36,1369319.23
2025-10-22 00:30:00,3858.34,3870.54,3817.0,3836.36,1369319.23
2025-10-22 00:30:00,3858.34,3870.54,3817.0,3836.36,1369319.23
2025-10-22 00:30:00,3858.34,3870.54,3817.0,3836.36,1369319.23
2025-10-22 00:30:00,3858.34,3870.54,3817.0,3836.36,1369319.23
2025-10-22 00:30:00,3858.34,3870.54,3817.0,3836.36,1369319.23
2025-10-22 00:30:00,3858.34,3870.54,3817.0,3836.36,1369319.23
2025-10-22 00:30:00,3858.34,3870.54,3817.0,3836.36,1369319.23
2025-10-22 00:30:00,3858.34,3870.54,3817.0,3836.36,1369319.23
2025-10-22 00:30:00,3858.34,3870.54,3817.0,3836.36,1369319.23
2025-10-22 00:30:00,3858.34,3870.54,3817.0,3836.36,1369319.23
2025-10-22 00:30:00,3858.34,3870.54,3817.0,3836.36,1369319.23
2025-10-22 00:30:00,3858.34,3870.54,3817.0,3836.36,1369319.23
2025-10-22 00:30:00,3858.34,3870.54,3817.0,3836.36,1369319.23
2025-10-22 00:30:00,3858.34,3870.54,3817.0,3836.36,1369319.23
2025-10-22 00:30:00,3858.34,3870.54,3817.0,3836.36,1369319.23
2025-10-22 00:30:00,3858.34,3870.54,3817.0,3836.36,1369319.23
2025-10-22 00:30:00,3858.34,3870.54,3817.0,3836.36,1369319.23
2025-10-22 00:30:00,3858.34,3870.54,3817.0,3836.36,1369319.23
2025-10-22 00:30:00,3858.34,3870.54,3817.0,3836.36,1369319.23
2025-10-22 00:30:00,3858.34,3870.54,3817.0,3836.36,1369319.23
2025-10-22 00:30:00,3858.34,3870.54,3817.0,3836.36,1369319.23
2025-10-22 00:30:00,3858.34,3870.54,3817.0,3836.36,1369319.23
2025-10-22 00:30:00,3858.34,3870.54,3817.0,3836.36,1369319.23
2025-10-22 00:30:00,3858.34,3870.54,3817.0,3836.36,1369319.23
2025-10-22 00:30:00,3858.34,3870.54,3817.0,3836.36,1369319.23
2025-10-22 00:30:00,3858.34,3870.54,3817.0,3836.36,1369319.23
2025-10-22 00:30:00,3858.34,3870.54,3817.0,3836.36,1369319.23
2025-10-22 00:30:00,3858.34,3870.54,3817.0,3836.36,1369319.23
2025-10-22 00:30:00,3858.34,3870.54,3817.0,3836.36,1369319.23
2025-10-22 00:30:00,3858.34,3870.54,3817.0,3836.36,1369319.23
2025-10-22 00:30:00,3858.34,3870.54,3817.0,3836.36,1369319.23
2025-10-22 00:45:00,3836.4,3847.1,3836.4,3840.12,228923.42
2025-10-22 00:45:00,3836.4,3847.1,3836.4,3840.12,228923.42
2025-10-22 00:45:00,3836.4,3847.1,3836.4,3840.12,228923.42
2025-10-22 00:45:00,3836.4,3847.1,3836.4,3840.12,228923.42
2025-10-22 00:45:00,3836.4,3847.1,3836.4,3840.12,228923.42
2025-10-22 00:45:00,3836.4,3847.1,3836.4,3840.12,228923.42
2025-10-22 00:45:00,3836.4,3847.1,3836.4,3840.12,228923.42
2025-10-22 00:45:00,3836.4,3847.1,3836.4,3840.12,228923.42
2025-10-22 00:45:00,3836.4,3847.1,3836.4,3840.12,228923.42
2025-10-22 00:45:00,3836.4,3847.1,3836.4,3840.12,228923.42
2025-10-22 00:45:00,3836.4,3847.1,3836.4,3840.12,228923.42
2025-10-22 00:45:00,3836.4,3847.1,3836.4,3840.12,228923.42
2025-10-22 00:45:00,3836.4,3847.1,3836.4,3840.12,228923.42
2025-10-22 00:45:00,3836.4,3847.1,3836.4,3840.12,228923.42
2025-10-22 00:45:00,3836.4,3847.1,3836.4,3840.12,228923.42
2025-10-22 00:45:00,3836.4,3847.1,3836.4,3840.12,228923.42
2025-10-22 00:45:00,3836.4,3847.1,3836.4,3840.12,228923.42
2025-10-22 00:45:00,3836.4,3847.1,3836.4,3840.12,228923.42
2025-10-22 00:45:00,3836.4,3847.1,3836.4,3840.12,228923.42
2025-10-22 00:45:00,3836.4,3847.1,3836.4,3840.12,228923.42
2025-10-22 00:45:00,3836.4,3847.1,3836.4,3840.12,228923.42
2025-10-22 00:45:00,3836.4,3847.1,3836.4,3840.12,228923.42
2025-10-22 00:45:00,3836.4,3847.1,3836.4,3840.12,228923.42
2025-10-22 00:45:00,3836.4,3847.1,3836.4,3840.12,228923.42
2025-10-22 00:45:00,3836.4,3847.1,3836.4,3840.12,228923.42
2025-10-22 00:45:00,3836.4,3847.1,3836.4,3840.12,228923.42
2025-10-22 00:45:00,3836.4,3847.1,3836.4,3840.12,228923.42
2025-10-22 00:45:00,3836.4,3847.1,3836.4,3840.12,228923.42
2025-10-22 00:45:00,3836.4,3847.1,3836.4,3840.12,228923.42
2025-10-22 00:45:00,3836.4,3847.1,3836.4,3840.12,228923.42
2025-10-22 00:45:00,3836.4,3847.1,3836.4,3840.12,228923.42
2025-10-22 00:45:00,3836.4,3847.1,3836.4,3840.12,228923.42
2025-10-22 00:45:00,3836.4,3847.1,3836.4,3840.12,228923.42
2025-10-22 00:45:00,3836.4,3847.1,3836.4,3840.12,228923.42
2025-10-22 00:45:00,3836.4,3847.1,3836.4,3840.12,228923.42
2025-10-22 00:45:00,3836.4,3847.1,3836.4,3840.12,228923.42
2025-10-22 00:45:00,3836.4,3847.1,3836.4,3840.12,228923.42
2025-10-22 00:45:00,3836.4,3847.1,3836.4,3840.12,228923.42
2025-10-22 00:45:00,3836.4,3847.1,3836.4,3840.12,228923.42
2025-10-22 00:45:00,3836.4,3847.1,3836.4,3840.12,228923.42
2025-10-22 00:45:00,3836.4,3847.1,3836.4,3840.12,228923.42
2025-10-22 00:45:00,3836.4,3847.1,3836.4,3840.12,228923.42
2025-10-22 00:45:00,3836.4,3847.1,3836.4,3840.12,228923.42
2025-10-22 00:45:00,3836.4,3847.1,3836.4,3840.12,228923.42
2025-10-22 00:45:00,3836.4,3847.1,3836.4,3840.12,228923.42
2025-10-22 00:45:00,3836.4,3847.1,3836.4,3840.12,228923.42
2025-10-22 00:45:00,3836.4,3847.1,3836.4,3840.12,228923.42
2025-10-22 00:45:00,3836.4,3847.1,3836.4,3840.12,228923.42
2025-10-22 01:00:00,3840.11,3864.35,3839.13,3863.2,403689.49
2025-10-22 01:00:00,3840.11,3864.35,3839.13,3863.2,403689.49
2025-10-22 01:00:00,3840.11,3864.35,3839.13,3863.2,403689.49
2025-10-22 01:00:00,3840.11,3864.35,3839.13,3863.2,403689.49
2025-10-22 01:00:00,3840.11,3864.35,3839.13,3863.2,403689.49
2025-10-22 01:00:00,3840.11,3864.35,3839.13,3863.2,403689.49
2025-10-22 01:00:00,3840.11,3864.35,3839.13,3863.2,403689.49
2025-10-22 01:00:00,3840.11,3864.35,3839.13,3863.2,403689.49
2025-10-22 01:00:00,3840.11,3864.35,3839.13,3863.2,403689.49
2025-10-22 01:00:00,3840.11,3864.35,3839.13,3863.2,403689.49
2025-10-22 01:00:00,3840.11,3864.35,3839.13,3863.2,403689.49
2025-10-22 01:00:00,3840.11,3864.35,3839.13,3863.2,403689.49
2025-10-22 01:00:00,3840.11,3864.35,3839.13,3863.2,403689.49
2025-10-22 01:00:00,3840.11,3864.35,3839.13,3863.2,403689.49
2025-10-22 01:00:00,3840.11,3864.35,3839.13,3863.2,403689.49
2025-10-22 01:00:00,3840.11,3864.35,3839.13,3863.2,403689.49
2025-10-22 01:00:00,3840.11,3864.35,3839.13,3863.2,403689.49
2025-10-22 01:00:00,3840.11,3864.35,3839.13,3863.2,403689.49
2025-10-22 01:00:00,3840.11,3864.35,3839.13,3863.2,403689.49
2025-10-22 01:00:00,3840.11,3864.35,3839.13,3863.2,403689.49
2025-10-22 01:00:00,3840.11,3864.35,3839.13,3863.2,403689.49
2025-10-22 01:00:00,3840.11,3864.35,3839.13,3863.2,403689.49
2025-10-22 01:00:00,3840.11,3864.35,3839.13,3863.2,403689.49
2025-10-22 01:00:00,3840.11,3864.35,3839.13,3863.2,403689.49
2025-10-22 01:00:00,3840.11,3864.35,3839.13,3863.2,403689.49
2025-10-22 01:00:00,3840.11,3864.35,3839.13,3863.2,403689.49
2025-10-22 01:00:00,3840.11,3864.35,3839.13,3863.2,403689.49
2025-10-22 01:00:00,3840.11,3864.35,3839.13,3863.2,403689.49
2025-10-22 01:00:00,3840.11,3864.35,3839.13,3863.2,403689.49
2025-10-22 01:00:00,3840.11,3864.35,3839.13,3863.2,403689.49
2025-10-22 01:00:00,3840.11,3864.35,3839.13,3863.2,403689.49
2025-10-22 01:00:00,3840.11,3864.35,3839.13,3863.2,403689.49
2025-10-22 01:00:00,3840.11,3864.35,3839.13,3863.2,403689.49
2025-10-22 01:00:00,3840.11,3864.35,3839.13,3863.2,403689.49
2025-10-22 01:00:00,3840.11,3864.35,3839.13,3863.2,403689.49
2025-10-22 01:00:00,3840.11,3864.35,3839.13,3863.2,403689.49
2025-10-22 01:00:00,3840.11,3864.35,3839.13,3863.2,403689.49
2025-10-22 01:00:00,3840.11,3864.35,3839.13,3863.2,403689.49
2025-10-22 01:00:00,3840.11,3864.35,3839.13,3863.2,403689.49
2025-10-22 01:00:00,3840.11,3864.35,3839.13,3863.2,403689.49
2025-10-22 01:00:00,3840.11,3864.35,3839.13,3863.2,403689.49
2025-10-22 01:00:00,3840.11,3864.35,3839.13,3863.2,403689.49
2025-10-22 01:00:00,3840.11,3864.35,3839.13,3863.2,403689.49
2025-10-22 01:00:00,3840.11,3864.35,3839.13,3863.2,403689.49
2025-10-22 01:00:00,3840.11,3864.35,3839.13,3863.2,403689.49
2025-10-22 01:00:00,3840.11,3864.35,3839.13,3863.2,403689.49
2025-10-22 01:00:00,3840.11,3864.35,3839.13,3863.2,403689.49
2025-10-22 01:00:00,3840.11,3864.35,3839.13,3863.2,403689.49
2025-10-22 01:00:00,3840.11,3864.35,3839.13,3863.2,403689.49
2025-10-22 01:15:00,3863.21,3863.21,3844.53,3854.1,302791.88
2025-10-22 01:15:00,3863.21,3863.21,3844.53,3854.1,302791.88
2025-10-22 01:15:00,3863.21,3863.21,3844.53,3854.1,302791.88
2025-10-22 01:15:00,3863.21,3863.21,3844.53,3854.1,302791.88
2025-10-22 01:15:00,3863.21,3863.21,3844.53,3854.1,302791.88
2025-10-22 01:15:00,3863.21,3863.21,3844.53,3854.1,302791.88
2025-10-22 01:15:00,3863.21,3863.21,3844.53,3854.1,302791.88
2025-10-22 01:15:00,3863.21,3863.21,3844.53,3854.1,302791.88
2025-10-22 01:15:00,3863.21,3863.21,3844.53,3854.1,302791.88
2025-10-22 01:15:00,3863.21,3863.21,3844.53,3854.1,302791.88
2025-10-22 01:15:00,3863.21,3863.21,3844.53,3854.1,302791.88
2025-10-22 01:15:00,3863.21,3863.21,3844.53,3854.1,302791.88
2025-10-22 01:15:00,3863.21,3863.21,3844.53,3854.1,302791.88
2025-10-22 01:15:00,3863.21,3863.21,3844.53,3854.1,302791.88
2025-10-22 01:15:00,3863.21,3863.21,3844.53,3854.1,302791.88
2025-10-22 01:15:00,3863.21,3863.21,3844.53,3854.1,302791.88
2025-10-22 01:15:00,3863.21,3863.21,3844.53,3854.1,302791.88
2025-10-22 01:15:00,3863.21,3863.21,3844.53,3854.1,302791.88
2025-10-22 01:15:00,3863.21,3863.21,3844.53,3854.1,302791.88
2025-10-22 01:15:00,3863.21,3863.21,3844.53,3854.1,302791.88
2025-10-22 01:15:00,3863.21,3863.21,3844.53,3854.1,302791.88
2025-10-22 01:15:00,3863.21,3863.21,3844.53,3854.1,302791.88
2025-10-22 01:15:00,3863.21,3863.21,3844.53,3854.1,302791.88
2025-10-22 01:15:00,3863.21,3863.21,3844.53,3854.1,302791.88
2025-10-22 01:15:00,3863.21,3863.21,3844.53,3854.1,302791.88
2025-10-22 01:15:00,3863.21,3863.21,3844.53,3854.1,302791.88
2025-10-22 01:15:00,3863.21,3863.21,3844.53,3854.1,302791.88
2025-10-22 01:15:00,3863.21,3863.21,3844.53,3854.1,302791.88
2025-10-22 01:15:00,3863.21,3863.21,3844.53,3854.1,302791.88
2025-10-22 01:15:00,3863.21,3863.21,3844.53,3854.1,302791.88
2025-10-22 01:15:00,3863.21,3863.21,3844.53,3854.1,302791.88
2025-10-22 01:15:00,3863.21,3863.21,3844.53,3854.1,302791.88
2025-10-22 01:15:00,3863.21,3863.21,3844.53,3854.1,302791.88
2025-10-22 01:15:00,3863.21,3863.21,3844.53,3854.1,302791.88
2025-10-22 01:15:00,3863.21,3863.21,3844.53,3854.1,302791.88
2025-10-22 01:15:00,3863.21,3863.21,3844.53,3854.1,302791.88
2025-10-22 01:15:00,3863.21,3863.21,3844.53,3854.1,302791.88
2025-10-22 01:15:00,3863.21,3863.21,3844.53,3854.1,302791.88
2025-10-22 01:15:00,3863.21,3863.21,3844.53,3854.1,302791.88
2025-10-22 01:15:00,3863.21,3863.21,3844.53,3854.1,302791.88
2025-10-22 01:15:00,3863.21,3863.21,3844.53,3854.1,302791.88
2025-10-22 01:15:00,3863.21,3863.21,3844.53,3854.1,302791.88
2025-10-22 01:15:00,3863.21,3863.21,3844.53,3854.1,302791.88
2025-10-22 01:15:00,3863.21,3863.21,3844.53,3854.1,302791.88
2025-10-22 01:15:00,3863.21,3863.21,3844.53,3854.1,302791.88
2025-10-22 01:15:00,3863.21,3863.21,3844.53,3854.1,302791.88
2025-10-22 01:15:00,3863.21,3863.21,3844.53,3854.1,302791.88
2025-10-22 01:15:00,3863.21,3863.21,3844.53,3854.1,302791.88
2025-10-22 01:15:00,3863.21,3863.21,3844.53,3854.1,302791.88
2025-10-22 01:15:00,3863.21,3863.21,3844.53,3854.1,302791.88
2025-10-22 01:30:00,3854.09,3860.59,3846.0,3860.39,207642.89
2025-10-22 01:30:00,3854.09,3860.59,3846.0,3860.39,207642.89
2025-10-22 01:30:00,3854.09,3860.59,3846.0,3860.39,207642.89
2025-10-22 01:30:00,3854.09,3860.59,3846.0,3860.39,207642.89
2025-10-22 01:30:00,3854.09,3860.59,3846.0,3860.39,207642.89
2025-10-22 01:30:00,3854.09,3860.59,3846.0,3860.39,207642.89
2025-10-22 01:30:00,3854.09,3860.59,3846.0,3860.39,207642.89
2025-10-22 01:30:00,3854.09,3860.59,3846.0,3860.39,207642.89
2025-10-22 01:30:00,3854.09,3860.59,3846.0,3860.39,207642.89
2025-10-22 01:30:00,3854.09,3860.59,3846.0,3860.39,207642.89
2025-10-22 01:30:00,3854.09,3860.59,3846.0,3860.39,207642.89
2025-10-22 01:30:00,3854.09,3860.59,3846.0,3860.39,207642.89
2025-10-22 01:30:00,3854.09,3860.59,3846.0,3860.39,207642.89
2025-10-22 01:30:00,3854.09,3860.59,3846.0,3860.39,207642.89
2025-10-22 01:30:00,3854.09,3860.59,3846.0,3860.39,207642.89
2025-10-22 01:30:00,3854.09,3860.59,3846.0,3860.39,207642.89
2025-10-22 01:30:00,3854.09,3860.59,3846.0,3860.39,207642.89
2025-10-22 01:30:00,3854.09,3860.59,3846.0,3860.39,207642.89
2025-10-22 01:30:00,3854.09,3860.59,3846.0,3860.39,207642.89
2025-10-22 01:30:00,3854.09,3860.59,3846.0,3860.39,207642.89
2025-10-22 01:30:00,3854.09,3860.59,3846.0,3860.39,207642.89
2025-10-22 01:30:00,3854.09,3860.59,3846.0,3860.39,207642.89
2025-10-22 01:30:00,3854.09,3860.59,3846.0,3860.39,207642.89
2025-10-22 01:30:00,3854.09,3860.59,3846.0,3860.39,207642.89
2025-10-22 01:30:00,3854.09,3860.59,3846.0,3860.39,207642.89
2025-10-22 01:30:00,3854.09,3860.59,3846.0,3860.39,207642.89
2025-10-22 01:30:00,3854.09,3860.59,3846.0,3860.39,207642.89
2025-10-22 01:30:00,3854.09,3860.59,3846.0,3860.39,207642.89
2025-10-22 01:30:00,3854.09,3860.59,3846.0,3860.39,207642.89
2025-10-22 01:30:00,3854.09,3860.59,3846.0,3860.39,207642.89
2025-10-22 01:30:00,3854.09,3860.59,3846.0,3860.39,207642.89
2025-10-22 01:30:00,3854.09,3860.59,3846.0,3860.39,207642.89
2025-10-22 01:30:00,3854.09,3860.59,3846.0,3860.39,207642.89
2025-10-22 01:30:00,3854.09,3860.59,3846.0,3860.39,207642.89
2025-10-22 01:30:00,3854.09,3860.59,3846.0,3860.39,207642.89
2025-10-22 01:30:00,3854.09,3860.59,3846.0,3860.39,207642.89
2025-10-22 01:30:00,3854.09,3860.59,3846.0,3860.39,207642.89
2025-10-22 01:30:00,3854.09,3860.59,3846.0,3860.39,207642.89
2025-10-22 01:30:00,3854.09,3860.59,3846.0,3860.39,207642.89
2025-10-22 01:30:00,3854.09,3860.59,3846.0,3860.39,207642.89
2025-10-22 01:30:00,3854.09,3860.59,3846.0,3860.39,207642.89
2025-10-22 01:30:00,3854.09,3860.59,3846.0,3860.39,207642.89
2025-10-22 01:30:00,3854.09,3860.59,3846.0,3860.39,207642.89
2025-10-22 01:30:00,3854.09,3860.59,3846.0,3860.39,207642.89
2025-10-22 01:30:00,3854.09,3860.59,3846.0,3860.39,207642.89
2025-10-22 01:30:00,3854.09,3860.59,3846.0,3860.39,207642.89
2025-10-22 01:30:00,3854.09,3860.59,3846.0,3860.39,207642.89
2025-10-22 01:30:00,3854.09,3860.59,3846.0,3860.39,207642.89
2025-10-22 01:30:00,3854.09,3860.59,3846.0,3860.39,207642.89
2025-10-22 01:30:00,3854.09,3860.59,3846.0,3860.39,207642.89
2025-10-22 01:30:00,3854.09,3860.59,3846.0,3860.39,207642.89
2025-10-22 01:45:00,3860.4,3872.99,3853.0,3868.01,388103.66
2025-10-22 01:45:00,3860.4,3872.99,3853.0,3868.01,388103.66
2025-10-22 01:45:00,3860.4,3872.99,3853.0,3868.01,388103.66
2025-10-22 01:45:00,3860.4,3872.99,3853.0,3868.01,388103.66
2025-10-22 01:45:00,3860.4,3872.99,3853.0,3868.01,388103.66
2025-10-22 01:45:00,3860.4,3872.99,3853.0,3868.01,388103.66
2025-10-22 01:45:00,3860.4,3872.99,3853.0,3868.01,388103.66
2025-10-22 01:45:00,3860.4,3872.99,3853.0,3868.01,388103.66
2025-10-22 01:45:00,3860.4,3872.99,3853.0,3868.01,388103.66
2025-10-22 01:45:00,3860.4,3872.99,3853.0,3868.01,388103.66
2025-10-22 01:45:00,3860.4,3872.99,3853.0,3868.01,388103.66
2025-10-22 01:45:00,3860.4,3872.99,3853.0,3868.01,388103.66
2025-10-22 01:45:00,3860.4,3872.99,3853.0,3868.01,388103.66
2025-10-22 01:45:00,3860.4,3872.99,3853.0,3868.01,388103.66
2025-10-22 01:45:00,3860.4,3872.99,3853.0,3868.01,388103.66
2025-10-22 01:45:00,3860.4,3872.99,3853.0,3868.01,388103.66
2025-10-22 01:45:00,3860.4,3872.99,3853.0,3868.01,388103.66
2025-10-22 01:45:00,3860.4,3872.99,3853.0,3868.01,388103.66
2025-10-22 01:45:00,3860.4,3872.99,3853.0,3868.01,388103.66
2025-10-22 01:45:00,3860.4,3872.99,3853.0,3868.01,388103.66
2025-10-22 01:45:00,3860.4,3872.99,3853.0,3868.01,388103.66
2025-10-22 01:45:00,3860.4,3872.99,3853.0,3868.01,388103.66
2025-10-22 01:45:00,3860.4,3872.99,3853.0,3868.01,388103.66
2025-10-22 01:45:00,3860.4,3872.99,3853.0,3868.01,388103.66
2025-10-22 01:45:00,3860.4,3872.99,3853.0,3868.01,388103.66
2025-10-22 01:45:00,3860.4,3872.99,3853.0,3868.01,388103.66
2025-10-22 01:45:00,3860.4,3872.99,3853.0,3868.01,388103.66
2025-10-22 01:45:00,3860.4,3872.99,3853.0,3868.01,388103.66
2025-10-22 01:45:00,3860.4,3872.99,3853.0,3868.01,388103.66
2025-10-22 01:45:00,3860.4,3872.99,3853.0,3868.01,388103.66
2025-10-22 01:45:00,3860.4,3872.99,3853.0,3868.01,388103.66
2025-10-22 01:45:00,3860.4,3872.99,3853.0,3868.01,388103.66
2025-10-22 01:45:00,3860.4,3872.99,3853.0,3868.01,388103.66
2025-10-22 01:45:00,3860.4,3872.99,3853.0,3868.01,388103.66
2025-10-22 01:45:00,3860.4,3872.99,3853.0,3868.01,388103.66
2025-10-22 01:45:00,3860.4,3872.99,3853.0,3868.01,388103.66
2025-10-22 01:45:00,3860.4,3872.99,3853.0,3868.01,388103.66
2025-10-22 01:45:00,3860.4,3872.99,3853.0,3868.01,388103.66
2025-10-22 01:45:00,3860.4,3872.99,3853.0,3868.01,388103.66
2025-10-22 01:45:00,3860.4,3872.99,3853.0,3868.01,388103.66
2025-10-22 01:45:00,3860.4,3872.99,3853.0,3868.01,388103.66
2025-10-22 01:45:00,3860.4,3872.99,3853.0,3868.01,388103.66
2025-10-22 01:45:00,3860.4,3872.99,3853.0,3868.01,388103.66
2025-10-22 01:45:00,3860.4,3872.99,3853.0,3868.01,388103.66
2025-10-22 01:45:00,3860.4,3872.99,3853.0,3868.01,388103.66
2025-10-22 01:45:00,3860.4,3872.99,3853.0,3868.01,388103.66
2025-10-22 01:45:00,3860.4,3872.99,3853.0,3868.01,388103.66
2025-10-22 01:45:00,3860.4,3872.99,3853.0,3868.01,388103.66
2025-10-22 01:45:00,3860.4,3872.99,3853.0,3868.01,388103.66
2025-10-22 01:45:00,3860.4,3872.99,3853.0,3868.01,388103.66
2025-10-22 01:45:00,3860.4,3872.99,3853.0,3868.01,388103.66
2025-10-22 01:45:00,3860.4,3872.99,3853.0,3868.01,388103.66
2025-10-22 02:00:00,3868.01,3874.44,3862.72,3873.94,241589.29
2025-10-22 02:00:00,3868.01,3874.44,3862.72,3873.94,241589.29
2025-10-22 02:00:00,3868.01,3874.44,3862.72,3873.94,241589.29
2025-10-22 02:00:00,3868.01,3874.44,3862.72,3873.94,241589.29
2025-10-22 02:00:00,3868.01,3874.44,3862.72,3873.94,241589.29
2025-10-22 02:00:00,3868.01,3874.44,3862.72,3873.94,241589.29
2025-10-22 02:00:00,3868.01,3874.44,3862.72,3873.94,241589.29
2025-10-22 02:00:00,3868.01,3874.44,3862.72,3873.94,241589.29
2025-10-22 02:00:00,3868.01,3874.44,3862.72,3873.94,241589.29
2025-10-22 02:00:00,3868.01,3874.44,3862.72,3873.94,241589.29
2025-10-22 02:00:00,3868.01,3874.44,3862.72,3873.94,241589.29
2025-10-22 02:00:00,3868.01,3874.44,3862.72,3873.94,241589.29
2025-10-22 02:00:00,3868.01,3874.44,3862.72,3873.94,241589.29
2025-10-22 02:00:00,3868.01,3874.44,3862.72,3873.94,241589.29
2025-10-22 02:00:00,3868.01,3874.44,3862.72,3873.94,241589.29
2025-10-22 02:00:00,3868.01,3874.44,3862.72,3873.94,241589.29
2025-10-22 02:00:00,3868.01,3874.44,3862.72,3873.94,241589.29
2025-10-22 02:00:00,3868.01,3874.44,3862.72,3873.94,241589.29
2025-10-22 02:00:00,3868.01,3874.44,3862.72,3873.94,241589.29
2025-10-22 02:00:00,3868.01,3874.44,3862.72,3873.94,241589.29
2025-10-22 02:00:00,3868.01,3874.44,3862.72,3873.94,241589.29
2025-10-22 02:00:00,3868.01,3874.44,3862.72,3873.94,241589.29
2025-10-22 02:00:00,3868.01,3874.44,3862.72,3873.94,241589.29
2025-10-22 02:00:00,3868.01,3874.44,3862.72,3873.94,241589.29
2025-10-22 02:00:00,3868.01,3874.44,3862.72,3873.94,241589.29
2025-10-22 02:00:00,3868.01,3874.44,3862.72,3873.94,241589.29
2025-10-22 02:00:00,3868.01,3874.44,3862.72,3873.94,241589.29
2025-10-22 02:00:00,3868.01,3874.44,3862.72,3873.94,241589.29
2025-10-22 02:00:00,3868.01,3874.44,3862.72,3873.94,241589.29
2025-10-22 02:00:00,3868.01,3874.44,3862.72,3873.94,241589.29
2025-10-22 02:00:00,3868.01,3874.44,3862.72,3873.94,241589.29
2025-10-22 02:00:00,3868.01,3874.44,3862.72,3873.94,241589.29
2025-10-22 02:00:00,3868.01,3874.44,3862.72,3873.94,241589.29
2025-10-22 02:00:00,3868.01,3874.44,3862.72,3873.94,241589.29
2025-10-22 02:00:00,3868.01,3874.44,3862.72,3873.94,241589.29
2025-10-22 02:00:00,3868.01,3874.44,3862.72,3873.94,241589.29
2025-10-22 02:00:00,3868.01,3874.44,3862.72,3873.94,241589.29
2025-10-22 02:00:00,3868.01,3874.44,3862.72,3873.94,241589.29
2025-10-22 02:00:00,3868.01,3874.44,3862.72,3873.94,241589.29
2025-10-22 02:00:00,3868.01,3874.44,3862.72,3873.94,241589.29
2025-10-22 02:00:00,3868.01,3874.44,3862.72,3873.94,241589.29
2025-10-22 02:00:00,3868.01,3874.44,3862.72,3873.94,241589.29
2025-10-22 02:00:00,3868.01,3874.44,3862.72,3873.94,241589.29
2025-10-22 02:00:00,3868.01,3874.44,3862.72,3873.94,241589.29
2025-10-22 02:00:00,3868.01,3874.44,3862.72,3873.94,241589.29
2025-10-22 02:00:00,3868.01,3874.44,3862.72,3873.94,241589.29
2025-10-22 02:00:00,3868.01,3874.44,3862.72,3873.94,241589.29
2025-10-22 02:00:00,3868.01,3874.44,3862.72,3873.94,241589.29
2025-10-22 02:00:00,3868.01,3874.44,3862.72,3873.94,241589.29
2025-10-22 02:00:00,3868.01,3874.44,3862.72,3873.94,241589.29
2025-10-22 02:00:00,3868.01,3874.44,3862.72,3873.94,241589.29
2025-10-22 02:00:00,3868.01,3874.44,3862.72,3873.94,241589.29
2025-10-22 02:00:00,3868.01,3874.44,3862.72,3873.94,241589.29
2025-10-22 02:15:00,3873.94,3873.95,3865.24,3871.0,139221.23
2025-10-22 02:15:00,3873.94,3873.95,3865.24,3871.0,139221.23
2025-10-22 02:15:00,3873.94,3873.95,3865.24,3871.0,139221.23
2025-10-22 02:15:00,3873.94,3873.95,3865.24,3871.0,139221.23
2025-10-22 02:15:00,3873.94,3873.95,3865.24,3871.0,139221.23
2025-10-22 02:15:00,3873.94,3873.95,3865.24,3871.0,139221.23
2025-10-22 02:15:00,3873.94,3873.95,3865.24,3871.0,139221.23
2025-10-22 02:15:00,3873.94,3873.95,3865.24,3871.0,139221.23
2025-10-22 02:15:00,3873.94,3873.95,3865.24,3871.0,139221.23
2025-10-22 02:15:00,3873.94,3873.95,3865.24,3871.0,139221.23
2025-10-22 02:15:00,3873.94,3873.95,3865.24,3871.0,139221.23
2025-10-22 02:15:00,3873.94,3873.95,3865.24,3871.0,139221.23
2025-10-22 02:15:00,3873.94,3873.95,3865.24,3871.0,139221.23
2025-10-22 02:15:00,3873.94,3873.95,3865.24,3871.0,139221.23
2025-10-22 02:15:00,3873.94,3873.95,3865.24,3871.0,139221.23
2025-10-22 02:15:00,3873.94,3873.95,3865.24,3871.0,139221.23
2025-10-22 02:15:00,3873.94,3873.95,3865.24,3871.0,139221.23
2025-10-22 02:15:00,3873.94,3873.95,3865.24,3871.0,139221.23
2025-10-22 02:15:00,3873.94,3873.95,3865.24,3871.0,139221.23
2025-10-22 02:15:00,3873.94,3873.95,3865.24,3871.0,139221.23
2025-10-22 02:15:00,3873.94,3873.95,3865.24,3871.0,139221.23
2025-10-22 02:15:00,3873.94,3873.95,3865.24,3871.0,139221.23
2025-10-22 02:15:00,3873.94,3873.95,3865.24,3871.0,139221.23
2025-10-22 02:15:00,3873.94,3873.95,3865.24,3871.0,139221.23
2025-10-22 02:15:00,3873.94,3873.95,3865.24,3871.0,139221.23
2025-10-22 02:15:00,3873.94,3873.95,3865.24,3871.0,139221.23
2025-10-22 02:15:00,3873.94,3873.95,3865.24,3871.0,139221.23
2025-10-22 02:15:00,3873.94,3873.95,3865.24,3871.0,139221.23
2025-10-22 02:15:00,3873.94,3873.95,3865.24,3871.0,139221.23
2025-10-22 02:15:00,3873.94,3873.95,3865.24,3871.0,139221.23
2025-10-22 02:15:00,3873.94,3873.95,3865.24,3871.0,139221.23
2025-10-22 02:15:00,3873.94,3873.95,3865.24,3871.0,139221.23
2025-10-22 02:15:00,3873.94,3873.95,3865.24,3871.0,139221.23
2025-10-22 02:15:00,3873.94,3873.95,3865.24,3871.0,139221.23
2025-10-22 02:15:00,3873.94,3873.95,3865.24,3871.0,139221.23
2025-10-22 02:15:00,3873.94,3873.95,3865.24,3871.0,139221.23
2025-10-22 02:15:00,3873.94,3873.95,3865.24,3871.0,139221.23
2025-10-22 02:15:00,3873.94,3873.95,3865.24,3871.0,139221.23
2025-10-22 02:15:00,3873.94,3873.95,3865.24,3871.0,139221.23
2025-10-22 02:15:00,3873.94,3873.95,3865.24,3871.0,139221.23
2025-10-22 02:15:00,3873.94,3873.95,3865.24,3871.0,139221.23
2025-10-22 02:15:00,3873.94,3873.95,3865.24,3871.0,139221.23
2025-10-22 02:15:00,3873.94,3873.95,3865.24,3871.0,139221.23
2025-10-22 02:15:00,3873.94,3873.95,3865.24,3871.0,139221.23
2025-10-22 02:15:00,3873.94,3873.95,3865.24,3871.0,139221.23
2025-10-22 02:15:00,3873.94,3873.95,3865.24,3871.0,139221.23
2025-10-22 02:15:00,3873.94,3873.95,3865.24,3871.0,139221.23
2025-10-22 02:15:00,3873.94,3873.95,3865.24,3871.0,139221.23
2025-10-22 02:15:00,3873.94,3873.95,3865.24,3871.0,139221.23
2025-10-22 02:15:00,3873.94,3873.95,3865.24,3871.0,139221.23
2025-10-22 02:15:00,3873.94,3873.95,3865.24,3871.0,139221.23
2025-10-22 02:15:00,3873.94,3873.95,3865.24,3871.0,139221.23
2025-10-22 02:15:00,3873.94,3873.95,3865.24,3871.0,139221.23
2025-10-22 02:30:00,3871.0,3871.0,3859.67,3863.39,162386.14
2025-10-22 02:30:00,3871.0,3871.0,3859.67,3863.39,162386.14
2025-10-22 02:30:00,3871.0,3871.0,3859.67,3863.39,162386.14
2025-10-22 02:30:00,3871.0,3871.0,3859.67,3863.39,162386.14
2025-10-22 02:30:00,3871.0,3871.0,3859.67,3863.39,162386.14
2025-10-22 02:30:00,3871.0,3871.0,3859.67,3863.39,162386.14
2025-10-22 02:30:00,3871.0,3871.0,3859.67,3863.39,162386.14
2025-10-22 02:30:00,3871.0,3871.0,3859.67,3863.39,162386.14
2025-10-22 02:30:00,3871.0,3871.0,3859.67,3863.39,162386.14
2025-10-22 02:30:00,3871.0,3871.0,3859.67,3863.39,162386.14
2025-10-22 02:30:00,3871.0,3871.0,3859.67,3863.39,162386.14
2025-10-22 02:30:00,3871.0,3871.0,3859.67,3863.39,162386.14
2025-10-22 02:30:00,3871.0,3871.0,3859.67,3863.39,162386.14
2025-10-22 02:30:00,3871.0,3871.0,3859.67,3863.39,162386.14
2025-10-22 02:30:00,3871.0,3871.0,3859.67,3863.39,162386.14
2025-10-22 02:30:00,3871.0,3871.0,3859.67,3863.39,162386.14
2025-10-22 02:30:00,3871.0,3871.0,3859.67,3863.39,162386.14
2025-10-22 02:30:00,3871.0,3871.0,3859.67,3863.39,162386.14
2025-10-22 02:30:00,3871.0,3871.0,3859.67,3863.39,162386.14
2025-10-22 02:30:00,3871.0,3871.0,3859.67,3863.39,162386.14
2025-10-22 02:30:00,3871.0,3871.0,3859.67,3863.39,162386.14
2025-10-22 02:30:00,3871.0,3871.0,3859.67,3863.39,162386.14
2025-10-22 02:30:00,3871.0,3871.0,3859.67,3863.39,162386.14
2025-10-22 02:30:00,3871.0,3871.0,3859.67,3863.39,162386.14
2025-10-22 02:30:00,3871.0,3871.0,3859.67,3863.39,162386.14
2025-10-22 02:30:00,3871.0,3871.0,3859.67,3863.39,162386.14
2025-10-22 02:30:00,3871.0,3871.0,3859.67,3863.39,162386.14
2025-10-22 02:30:00,3871.0,3871.0,3859.67,3863.39,162386.14
2025-10-22 02:30:00,3871.0,3871.0,3859.67,3863.39,162386.14
2025-10-22 02:30:00,3871.0,3871.0,3859.67,3863.39,162386.14
2025-10-22 02:30:00,3871.0,3871.0,3859.67,3863.39,162386.14
2025-10-22 02:30:00,3871.0,3871.0,3859.67,3863.39,162386.14
2025-10-22 02:30:00,3871.0,3871.0,3859.67,3863.39,162386.14
2025-10-22 02:30:00,3871.0,3871.0,3859.67,3863.39,162386.14
2025-10-22 02:30:00,3871.0,3871.0,3859.67,3863.39,162386.14
2025-10-22 02:30:00,3871.0,3871.0,3859.67,3863.39,162386.14
2025-10-22 02:30:00,3871.0,3871.0,3859.67,3863.39,162386.14
2025-10-22 02:30:00,3871.0,3871.0,3859.67,3863.39,162386.14
2025-10-22 02:30:00,3871.0,3871.0,3859.67,3863.39,162386.14
2025-10-22 02:30:00,3871.0,3871.0,3859.67,3863.39,162386.14
2025-10-22 02:30:00,3871.0,3871.0,3859.67,3863.39,162386.14
2025-10-22 02:30:00,3871.0,3871.0,3859.67,3863.39,162386.14
2025-10-22 02:30:00,3871.0,3871.0,3859.67,3863.39,162386.14
2025-10-22 02:30:00,3871.0,3871.0,3859.67,3863.39,162386.14
2025-10-22 02:30:00,3871.0,3871.0,3859.67,3863.39,162386.14
2025-10-22 02:30:00,3871.0,3871.0,3859.67,3863.39,162386.14
2025-10-22 02:30:00,3871.0,3871.0,3859.67,3863.39,162386.14
2025-10-22 02:30:00,3871.0,3871.0,3859.67,3863.39,162386.14
2025-10-22 02:30:00,3871.0,3871.0,3859.67,3863.39,162386.14
2025-10-22 02:30:00,3871.0,3871.0,3859.67,3863.39,162386.14
2025-10-22 02:30:00,3871.0,3871.0,3859.67,3863.39,162386.14
2025-10-22 02:30:00,3871.0,3871.0,3859.67,3863.39,162386.14
2025-10-22 02:30:00,3871.0,3871.0,3859.67,3863.39,162386.14
2025-10-22 02:45:00,3863.38,3865.33,3858.32,3859.87,117494.47
2025-10-22 02:45:00,3863.38,3865.33,3858.32,3859.87,117494.47
2025-10-22 02:45:00,3863.38,3865.33,3858.32,3859.87,117494.47
2025-10-22 02:45:00,3863.38,3865.33,3858.32,3859.87,117494.47
2025-10-22 02:45:00,3863.38,3865.33,3858.32,3859.87,117494.47
2025-10-22 02:45:00,3863.38,3865.33,3858.32,3859.87,117494.47
2025-10-22 02:45:00,3863.38,3865.33,3858.32,3859.87,117494.47
2025-10-22 02:45:00,3863.38,3865.33,3858.32,3859.87,117494.47
2025-10-22 02:45:00,3863.38,3865.33,3858.32,3859.87,117494.47
2025-10-22 02:45:00,3863.38,3865.33,3858.32,3859.87,117494.47
2025-10-22 02:45:00,3863.38,3865.33,3858.32,3859.87,117494.47
2025-10-22 02:45:00,3863.38,3865.33,3858.32,3859.87,117494.47
2025-10-22 02:45:00,3863.38,3865.33,3858.32,3859.87,117494.47
2025-10-22 02:45:00,3863.38,3865.33,3858.32,3859.87,117494.47
2025-10-22 02:45:00,3863.38,3865.33,3858.32,3859.87,117494.47
2025-10-22 02:45:00,3863.38,3865.33,3858.32,3859.87,117494.47
2025-10-22 02:45:00,3863.38,3865.33,3858.32,3859.87,117494.47
2025-10-22 02:45:00,3863.38,3865.33,3858.32,3859.87,117494.47
2025-10-22 02:45:00,3863.38,3865.33,3858.32,3859.87,117494.47
2025-10-22 02:45:00,3863.38,3865.33,3858.32,3859.87,117494.47
2025-10-22 02:45:00,3863.38,3865.33,3858.32,3859.87,117494.47
2025-10-22 02:45:00,3863.38,3865.33,3858.32,3859.87,117494.47
2025-10-22 02:45:00,3863.38,3865.33,3858.32,3859.87,117494.47
2025-10-22 02:45:00,3863.38,3865.33,3858.32,3859.87,117494.47
2025-10-22 02:45:00,3863.38,3865.33,3858.32,3859.87,117494.47
2025-10-22 02:45:00,3863.38,3865.33,3858.32,3859.87,117494.47
2025-10-22 02:45:00,3863.38,3865.33,3858.32,3859.87,117494.47
2025-10-22 02:45:00,3863.38,3865.33,3858.32,3859.87,117494.47
2025-10-22 02:45:00,3863.38,3865.33,3858.32,3859.87,117494.47
2025-10-22 02:45:00,3863.38,3865.33,3858.32,3859.87,117494.47
2025-10-22 02:45:00,3863.38,3865.33,3858.32,3859.87,117494.47
2025-10-22 02:45:00,3863.38,3865.33,3858.32,3859.87,117494.47
2025-10-22 02:45:00,3863.38,3865.33,3858.32,3859.87,117494.47
2025-10-22 02:45:00,3863.38,3865.33,3858.32,3859.87,117494.47
2025-10-22 02:45:00,3863.38,3865.33,3858.32,3859.87,117494.47
2025-10-22 02:45:00,3863.38,3865.33,3858.32,3859.87,117494.47
2025-10-22 02:45:00,3863.38,3865.33,3858.32,3859.87,117494.47
2025-10-22 02:45:00,3863.38,3865.33,3858.32,3859.87,117494.47
2025-10-22 02:45:00,3863.38,3865.33,3858.32,3859.87,117494.47
2025-10-22 02:45:00,3863.38,3865.33,3858.32,3859.87,117494.47
2025-10-22 02:45:00,3863.38,3865.33,3858.32,3859.87,117494.47
2025-10-22 02:45:00,3863.38,3865.33,3858.32,3859.87,117494.47
2025-10-22 02:45:00,3863.38,3865.33,3858.32,3859.87,117494.47
2025-10-22 02:45:00,3863.38,3865.33,3858.32,3859.87,117494.47
2025-10-22 02:45:00,3863.38,3865.33,3858.32,3859.87,117494.47
2025-10-22 02:45:00,3863.38,3865.33,3858.32,3859.87,117494.47
2025-10-22 02:45:00,3863.38,3865.33,3858.32,3859.87,117494.47
2025-10-22 02:45:00,3863.38,3865.33,3858.32,3859.87,117494.47
2025-10-22 02:45:00,3863.38,3865.33,3858.32,3859.87,117494.47
2025-10-22 02:45:00,3863.38,3865.33,3858.32,3859.87,117494.47
2025-10-22 02:45:00,3863.38,3865.33,3858.32,3859.87,117494.47
2025-10-22 02:45:00,3863.38,3865.33,3858.32,3859.87,117494.47
2025-10-22 02:45:00,3863.38,3865.33,3858.32,3859.87,117494.47
2025-10-22 03:00:00,3859.87,3859.87,3837.36,3841.99,360082.01
2025-10-22 03:00:00,3859.87,3859.87,3837.36,3841.99,360082.01
2025-10-22 03:00:00,3859.87,3859.87,3837.36,3841.99,360082.01
2025-10-22 03:00:00,3859.87,3859.87,3837.36,3841.99,360082.01
2025-10-22 03:00:00,3859.87,3859.87,3837.36,3841.99,360082.01
2025-10-22 03:00:00,3859.87,3859.87,3837.36,3841.99,360082.01
2025-10-22 03:00:00,3859.87,3859.87,3837.36,3841.99,360082.01
2025-10-22 03:00:00,3859.87,3859.87,3837.36,3841.99,360082.01
2025-10-22 03:00:00,3859.87,3859.87,3837.36,3841.99,360082.01
2025-10-22 03:00:00,3859.87,3859.87,3837.36,3841.99,360082.01
2025-10-22 03:00:00,3859.87,3859.87,3837.36,3841.99,360082.01
2025-10-22 03:00:00,3859.87,3859.87,3837.36,3841.99,360082.01
2025-10-22 03:00:00,3859.87,3859.87,3837.36,3841.99,360082.01
2025-10-22 03:00:00,3859.87,3859.87,3837.36,3841.99,360082.01
2025-10-22 03:00:00,3859.87,3859.87,3837.36,3841.99,360082.01
2025-10-22 03:00:00,3859.87,3859.87,3837.36,3841.99,360082.01
2025-10-22 03:00:00,3859.87,3859.87,3837.36,3841.99,360082.01
2025-10-22 03:00:00,3859.87,3859.87,3837.36,3841.99,360082.01
2025-10-22 03:00:00,3859.87,3859.87,3837.36,3841.99,360082.01
2025-10-22 03:00:00,3859.87,3859.87,3837.36,3841.99,360082.01
2025-10-22 03:00:00,3859.87,3859.87,3837.36,3841.99,360082.01
2025-10-22 03:00:00,3859.87,3859.87,3837.36,3841.99,360082.01
2025-10-22 03:00:00,3859.87,3859.87,3837.36,3841.99,360082.01
2025-10-22 03:00:00,3859.87,3859.87,3837.36,3841.99,360082.01
2025-10-22 03:00:00,3859.87,3859.87,3837.36,3841.99,360082.01
2025-10-22 03:00:00,3859.87,3859.87,3837.36,3841.99,360082.01
2025-10-22 03:00:00,3859.87,3859.87,3837.36,3841.99,360082.01
2025-10-22 03:00:00,3859.87,3859.87,3837.36,3841.99,360082.01
2025-10-22 03:00:00,3859.87,3859.87,3837.36,3841.99,360082.01
2025-10-22 03:00:00,3859.87,3859.87,3837.36,3841.99,360082.01
2025-10-22 03:00:00,3859.87,3859.87,3837.36,3841.99,360082.01
2025-10-22 03:00:00,3859.87,3859.87,3837.36,3841.99,360082.01
2025-10-22 03:00:00,3859.87,3859.87,3837.36,3841.99,360082.01
2025-10-22 03:00:00,3859.87,3859.87,3837.36,3841.99,360082.01
2025-10-22 03:00:00,3859.87,3859.87,3837.36,3841.99,360082.01
2025-10-22 03:00:00,3859.87,3859.87,3837.36,3841.99,360082.01
2025-10-22 03:00:00,3859.87,3859.87,3837.36,3841.99,360082.01
2025-10-22 03:00:00,3859.87,3859.87,3837.36,3841.99,360082.01
2025-10-22 03:00:00,3859.87,3859.87,3837.36,3841.99,360082.01
2025-10-22 03:00:00,3859.87,3859.87,3837.36,3841.99,360082.01
2025-10-22 03:00:00,3859.87,3859.87,3837.36,3841.99,360082.01
2025-10-22 03:00:00,3859.87,3859.87,3837.36,3841.99,360082.01
2025-10-22 03:00:00,3859.87,3859.87,3837.36,3841.99,360082.01
2025-10-22 03:00:00,3859.87,3859.87,3837.36,3841.99,360082.01
2025-10-22 03:00:00,3859.87,3859.87,3837.36,3841.99,360082.01
2025-10-22 03:00:00,3859.87,3859.87,3837.36,3841.99,360082.01
2025-10-22 03:00:00,3859.87,3859.87,3837.36,3841.99,360082.01
2025-10-22 03:00:00,3859.87,3859.87,3837.36,3841.99,360082.01
2025-10-22 03:00:00,3859.87,3859.87,3837.36,3841.99,360082.01
2025-10-22 03:00:00,3859.87,3859.87,3837.36,3841.99,360082.01
2025-10-22 03:00:00,3859.87,3859.87,3837.36,3841.99,360082.01
2025-10-22 03:00:00,3859.87,3859.87,3837.36,3841.99,360082.01
2025-10-22 03:00:00,3859.87,3859.87,3837.36,3841.99,360082.01
2025-10-22 03:15:00,3841.98,3861.99,3840.0,3857.7,191173.05
2025-10-22 03:15:00,3841.98,3861.99,3840.0,3857.7,191173.05
2025-10-22 03:15:00,3841.98,3861.99,3840.0,3857.7,191173.05
2025-10-22 03:15:00,3841.98,3861.99,3840.0,3857.7,191173.05
2025-10-22 03:15:00,3841.98,3861.99,3840.0,3857.7,191173.05
2025-10-22 03:15:00,3841.98,3861.99,3840.0,3857.7,191173.05
2025-10-22 03:15:00,3841.98,3861.99,3840.0,3857.7,191173.05
2025-10-22 03:15:00,3841.98,3861.99,3840.0,3857.7,191173.05
2025-10-22 03:15:00,3841.98,3861.99,3840.0,3857.7,191173.05
2025-10-22 03:15:00,3841.98,3861.99,3840.0,3857.7,191173.05
2025-10-22 03:15:00,3841.98,3861.99,3840.0,3857.7,191173.05
2025-10-22 03:15:00,3841.98,3861.99,3840.0,3857.7,191173.05
2025-10-22 03:15:00,3841.98,3861.99,3840.0,3857.7,191173.05
2025-10-22 03:15:00,3841.98,3861.99,3840.0,3857.7,191173.05
2025-10-22 03:15:00,3841.98,3861.99,3840.0,3857.7,191173.05
2025-10-22 03:15:00,3841.98,3861.99,3840.0,3857.7,191173.05
2025-10-22 03:15:00,3841.98,3861.99,3840.0,3857.7,191173.05
2025-10-22 03:15:00,3841.98,3861.99,3840.0,3857.7,191173.05
2025-10-22 03:15:00,3841.98,3861.99,3840.0,3857.7,191173.05
2025-10-22 03:15:00,3841.98,3861.99,3840.0,3857.7,191173.05
2025-10-22 03:15:00,3841.98,3861.99,3840.0,3857.7,191173.05
2025-10-22 03:15:00,3841.98,3861.99,3840.0,3857.7,191173.05
2025-10-22 03:15:00,3841.98,3861.99,3840.0,3857.7,191173.05
2025-10-22 03:15:00,3841.98,3861.99,3840.0,3857.7,191173.05
2025-10-22 03:15:00,3841.98,3861.99,3840.0,3857.7,191173.05
2025-10-22 03:15:00,3841.98,3861.99,3840.0,3857.7,191173.05
2025-10-22 03:15:00,3841.98,3861.99,3840.0,3857.7,191173.05
2025-10-22 03:15:00,3841.98,3861.99,3840.0,3857.7,191173.05
2025-10-22 03:15:00,3841.98,3861.99,3840.0,3857.7,191173.05
2025-10-22 03:15:00,3841.98,3861.99,3840.0,3857.7,191173.05
2025-10-22 03:15:00,3841.98,3861.99,3840.0,3857.7,191173.05
2025-10-22 03:15:00,3841.98,3861.99,3840.0,3857.7,191173.05
2025-10-22 03:15:00,3841.98,3861.99,3840.0,3857.7,191173.05
2025-10-22 03:15:00,3841.98,3861.99,3840.0,3857.7,191173.05
2025-10-22 03:15:00,3841.98,3861.99,3840.0,3857.7,191173.05
2025-10-22 03:15:00,3841.98,3861.99,3840.0,3857.7,191173.05
2025-10-22 03:15:00,3841.98,3861.99,3840.0,3857.7,191173.05
2025-10-22 03:15:00,3841.98,3861.99,3840.0,3857.7,191173.05
2025-10-22 03:15:00,3841.98,3861.99,3840.0,3857.7,191173.05
2025-10-22 03:15:00,3841.98,3861.99,3840.0,3857.7,191173.05
2025-10-22 03:15:00,3841.98,3861.99,3840.0,3857.7,191173.05
2025-10-22 03:15:00,3841.98,3861.99,3840.0,3857.7,191173.05
2025-10-22 03:15:00,3841.98,3861.99,3840.0,3857.7,191173.05
2025-10-22 03:15:00,3841.98,3861.99,3840.0,3857.7,191173.05
2025-10-22 03:15:00,3841.98,3861.99,3840.0,3857.7,191173.05
2025-10-22 03:15:00,3841.98,3861.99,3840.0,3857.7,191173.05
2025-10-22 03:15:00,3841.98,3861.99,3840.0,3857.7,191173.05
2025-10-22 03:15:00,3841.98,3861.99,3840.0,3857.7,191173.05
2025-10-22 03:15:00,3841.98,3861.99,3840.0,3857.7,191173.05
2025-10-22 03:15:00,3841.98,3861.99,3840.0,3857.7,191173.05
2025-10-22 03:15:00,3841.98,3861.99,3840.0,3857.7,191173.05
2025-10-22 03:15:00,3841.98,3861.99,3840.0,3857.7,191173.05
2025-10-22 03:15:00,3841.98,3861.99,3840.0,3857.7,191173.05
2025-10-22 03:30:00,3857.7,3859.47,3845.0,3849.19,212958.73
2025-10-22 03:30:00,3857.7,3859.47,3845.0,3849.19,212958.73
2025-10-22 03:30:00,3857.7,3859.47,3845.0,3849.19,212958.73
2025-10-22 03:30:00,3857.7,3859.47,3845.0,3849.19,212958.73
2025-10-22 03:30:00,3857.7,3859.47,3845.0,3849.19,212958.73
2025-10-22 03:30:00,3857.7,3859.47,3845.0,3849.19,212958.73
2025-10-22 03:30:00,3857.7,3859.47,3845.0,3849.19,212958.73
2025-10-22 03:30:00,3857.7,3859.47,3845.0,3849.19,212958.73
2025-10-22 03:30:00,3857.7,3859.47,3845.0,3849.19,212958.73
2025-10-22 03:30:00,3857.7,3859.47,3845.0,3849.19,212958.73
2025-10-22 03:30:00,3857.7,3859.47,3845.0,3849.19,212958.73
2025-10-22 03:30:00,3857.7,3859.47,3845.0,3849.19,212958.73
2025-10-22 03:30:00,3857.7,3859.47,3845.0,3849.19,212958.73
2025-10-22 03:30:00,3857.7,3859.47,3845.0,3849.19,212958.73
2025-10-22 03:30:00,3857.7,3859.47,3845.0,3849.19,212958.73
2025-10-22 03:30:00,3857.7,3859.47,3845.0,3849.19,212958.73
2025-10-22 03:30:00,3857.7,3859.47,3845.0,3849.19,212958.73
2025-10-22 03:30:00,3857.7,3859.47,3845.0,3849.19,212958.73
2025-10-22 03:30:00,3857.7,3859.47,3845.0,3849.19,212958.73
2025-10-22 03:30:00,3857.7,3859.47,3845.0,3849.19,212958.73
2025-10-22 03:30:00,3857.7,3859.47,3845.0,3849.19,212958.73
2025-10-22 03:30:00,3857.7,3859.47,3845.0,3849.19,212958.73
2025-10-22 03:30:00,3857.7,3859.47,3845.0,3849.19,212958.73
2025-10-22 03:30:00,3857.7,3859.47,3845.0,3849.19,212958.73
2025-10-22 03:30:00,3857.7,3859.47,3845.0,3849.19,212958.73
2025-10-22 03:30:00,3857.7,3859.47,3845.0,3849.19,212958.73
2025-10-22 03:30:00,3857.7,3859.47,3845.0,3849.19,212958.73
2025-10-22 03:30:00,3857.7,3859.47,3845.0,3849.19,212958.73
2025-10-22 03:30:00,3857.7,3859.47,3845.0,3849.19,212958.73
2025-10-22 03:30:00,3857.7,3859.47,3845.0,3849.19,212958.73
2025-10-22 03:30:00,3857.7,3859.47,3845.0,3849.19,212958.73
2025-10-22 03:30:00,3857.7,3859.47,3845.0,3849.19,212958.73
2025-10-22 03:30:00,3857.7,3859.47,3845.0,3849.19,212958.73
2025-10-22 03:30:00,3857.7,3859.47,3845.0,3849.19,212958.73
2025-10-22 03:30:00,3857.7,3859.47,3845.0,3849.19,212958.73
2025-10-22 03:30:00,3857.7,3859.47,3845.0,3849.19,212958.73
2025-10-22 03:30:00,3857.7,3859.47,3845.0,3849.19,212958.73
2025-10-22 03:30:00,3857.7,3859.47,3845.0,3849.19,212958.73
2025-10-22 03:30:00,3857.7,3859.47,3845.0,3849.19,212958.73
2025-10-22 03:30:00,3857.7,3859.47,3845.0,3849.19,212958.73
2025-10-22 03:30:00,3857.7,3859.47,3845.0,3849.19,212958.73
2025-10-22 03:30:00,3857.7,3859.47,3845.0,3849.19,212958.73
2025-10-22 03:30:00,3857.7,3859.47,3845.0,3849.19,212958.73
2025-10-22 03:30:00,3857.7,3859.47,3845.0,3849.19,212958.73
2025-10-22 03:30:00,3857.7,3859.47,3845.0,3849.19,212958.73
2025-10-22 03:30:00,3857.7,3859.47,3845.0,3849.19,212958.73
2025-10-22 03:30:00,3857.7,3859.47,3845.0,3849.19,212958.73
2025-10-22 03:30:00,3857.7,3859.47,3845.0,3849.19,212958.73
2025-10-22 03:30:00,3857.7,3859.47,3845.0,3849.19,212958.73
2025-10-22 03:30:00,3857.7,3859.47,3845.0,3849.19,212958.73
2025-10-22 03:30:00,3857.7,3859.47,3845.0,3849.19,212958.73
2025-10-22 03:30:00,3857.7,3859.47,3845.0,3849.19,212958.73
2025-10-22 03:30:00,3857.7,3859.47,3845.0,3849.19,212958.73
2025-10-22 03:45:00,3849.19,3857.96,3847.31,3857.67,113876.09
2025-10-22 03:45:00,3849.19,3857.96,3847.31,3857.67,113876.09
2025-10-22 03:45:00,3849.19,3857.96,3847.31,3857.67,113876.09
2025-10-22 03:45:00,3849.19,3857.96,3847.31,3857.67,113876.09
2025-10-22 03:45:00,3849.19,3857.96,3847.31,3857.67,113876.09
2025-10-22 03:45:00,3849.19,3857.96,3847.31,3857.67,113876.09
2025-10-22 03:45:00,3849.19,3857.96,3847.31,3857.67,113876.09
2025-10-22 03:45:00,3849.19,3857.96,3847.31,3857.67,113876.09
2025-10-22 03:45:00,3849.19,3857.96,3847.31,3857.67,113876.09
2025-10-22 03:45:00,3849.19,3857.96,3847.31,3857.67,113876.09
2025-10-22 03:45:00,3849.19,3857.96,3847.31,3857.67,113876.09
2025-10-22 03:45:00,3849.19,3857.96,3847.31,3857.67,113876.09
2025-10-22 03:45:00,3849.19,3857.96,3847.31,3857.67,113876.09
2025-10-22 03:45:00,3849.19,3857.96,3847.31,3857.67,113876.09
2025-10-22 03:45:00,3849.19,3857.96,3847.31,3857.67,113876.09
2025-10-22 03:45:00,3849.19,3857.96,3847.31,3857.67,113876.09
2025-10-22 03:45:00,3849.19,3857.96,3847.31,3857.67,113876.09
2025-10-22 03:45:00,3849.19,3857.96,3847.31,3857.67,113876.09
2025-10-22 03:45:00,3849.19,3857.96,3847.31,3857.67,113876.09
2025-10-22 03:45:00,3849.19,3857.96,3847.31,3857.67,113876.09
2025-10-22 03:45:00,3849.19,3857.96,3847.31,3857.67,113876.09
2025-10-22 03:45:00,3849.19,3857.96,3847.31,3857.67,113876.09
2025-10-22 03:45:00,3849.19,3857.96,3847.31,3857.67,113876.09
2025-10-22 03:45:00,3849.19,3857.96,3847.31,3857.67,113876.09
2025-10-22 03:45:00,3849.19,3857.96,3847.31,3857.67,113876.09
2025-10-22 03:45:00,3849.19,3857.96,3847.31,3857.67,113876.09
2025-10-22 03:45:00,3849.19,3857.96,3847.31,3857.67,113876.09
2025-10-22 03:45:00,3849.19,3857.96,3847.31,3857.67,113876.09
2025-10-22 03:45:00,3849.19,3857.96,3847.31,3857.67,113876.09
2025-10-22 03:45:00,3849.19,3857.96,3847.31,3857.67,113876.09
2025-10-22 03:45:00,3849.19,3857.96,3847.31,3857.67,113876.09
2025-10-22 03:45:00,3849.19,3857.96,3847.31,3857.67,113876.09
2025-10-22 03:45:00,3849.19,3857.96,3847.31,3857.67,113876.09
2025-10-22 03:45:00,3849.19,3857.96,3847.31,3857.67,113876.09
2025-10-22 03:45:00,3849.19,3857.96,3847.31,3857.67,113876.09
2025-10-22 03:45:00,3849.19,3857.96,3847.31,3857.67,113876.09
2025-10-22 03:45:00,3849.19,3857.96,3847.31,3857.67,113876.09
2025-10-22 03:45:00,3849.19,3857.96,3847.31,3857.67,113876.09
2025-10-22 03:45:00,3849.19,3857.96,3847.31,3857.67,113876.09
2025-10-22 03:45:00,3849.19,3857.96,3847.31,3857.67,113876.09
2025-10-22 03:45:00,3849.19,3857.96,3847.31,3857.67,113876.09
2025-10-22 03:45:00,3849.19,3857.96,3847.31,3857.67,113876.09
2025-10-22 03:45:00,3849.19,3857.96,3847.31,3857.67,113876.09
2025-10-22 03:45:00,3849.19,3857.96,3847.31,3857.67,113876.09
2025-10-22 03:45:00,3849.19,3857.96,3847.31,3857.67,113876.09
2025-10-22 03:45:00,3849.19,3857.96,3847.31,3857.67,113876.09
2025-10-22 03:45:00,3849.19,3857.96,3847.31,3857.67,113876.09
2025-10-22 03:45:00,3849.19,3857.96,3847.31,3857.67,113876.09
2025-10-22 03:45:00,3849.19,3857.96,3847.31,3857.67,113876.09
2025-10-22 03:45:00,3849.19,3857.96,3847.31,3857.67,113876.09
2025-10-22 03:45:00,3849.19,3857.96,3847.31,3857.67,113876.09
2025-10-22 03:45:00,3849.19,3857.96,3847.31,3857.67,113876.09
2025-10-22 03:45:00,3849.19,3857.96,3847.31,3857.67,113876.09
2025-10-22 04:00:00,3857.66,3871.47,3855.24,3868.39,198009.84
2025-10-22 04:00:00,3857.66,3871.47,3855.24,3868.39,198009.84
2025-10-22 04:00:00,3857.66,3871.47,3855.24,3868.39,198009.84
2025-10-22 04:00:00,3857.66,3871.47,3855.24,3868.39,198009.84
2025-10-22 04:00:00,3857.66,3871.47,3855.24,3868.39,198009.84
2025-10-22 04:00:00,3857.66,3871.47,3855.24,3868.39,198009.84
2025-10-22 04:00:00,3857.66,3871.47,3855.24,3868.39,198009.84
2025-10-22 04:00:00,3857.66,3871.47,3855.24,3868.39,198009.84
2025-10-22 04:00:00,3857.66,3871.47,3855.24,3868.39,198009.84
2025-10-22 04:00:00,3857.66,3871.47,3855.24,3868.39,198009.84
2025-10-22 04:00:00,3857.66,3871.47,3855.24,3868.39,198009.84
2025-10-22 04:00:00,3857.66,3871.47,3855.24,3868.39,198009.84
2025-10-22 04:00:00,3857.66,3871.47,3855.24,3868.39,198009.84
2025-10-22 04:00:00,3857.66,3871.47,3855.24,3868.39,198009.84
2025-10-22 04:00:00,3857.66,3871.47,3855.24,3868.39,198009.84
2025-10-22 04:00:00,3857.66,3871.47,3855.24,3868.39,198009.84
2025-10-22 04:00:00,3857.66,3871.47,3855.24,3868.39,198009.84
2025-10-22 04:00:00,3857.66,3871.47,3855.24,3868.39,198009.84
2025-10-22 04:00:00,3857.66,3871.47,3855.24,3868.39,198009.84
2025-10-22 04:00:00,3857.66,3871.47,3855.24,3868.39,198009.84
2025-10-22 04:00:00,3857.66,3871.47,3855.24,3868.39,198009.84
2025-10-22 04:00:00,3857.66,3871.47,3855.24,3868.39,198009.84
2025-10-22 04:00:00,3857.66,3871.47,3855.24,3868.39,198009.84
2025-10-22 04:00:00,3857.66,3871.47,3855.24,3868.39,198009.84
2025-10-22 04:00:00,3857.66,3871.47,3855.24,3868.39,198009.84
2025-10-22 04:00:00,3857.66,3871.47,3855.24,3868.39,198009.84
2025-10-22 04:00:00,3857.66,3871.47,3855.24,3868.39,198009.84
2025-10-22 04:00:00,3857.66,3871.47,3855.24,3868.39,198009.84
2025-10-22 04:00:00,3857.66,3871.47,3855.24,3868.39,198009.84
2025-10-22 04:00:00,3857.66,3871.47,3855.24,3868.39,198009.84
2025-10-22 04:00:00,3857.66,3871.47,3855.24,3868.39,198009.84
2025-10-22 04:00:00,3857.66,3871.47,3855.24,3868.39,198009.84
2025-10-22 04:00:00,3857.66,3871.47,3855.24,3868.39,198009.84
2025-10-22 04:00:00,3857.66,3871.47,3855.24,3868.39,198009.84
2025-10-22 04:00:00,3857.66,3871.47,3855.24,3868.39,198009.84
2025-10-22 04:00:00,3857.66,3871.47,3855.24,3868.39,198009.84
2025-10-22 04:00:00,3857.66,3871.47,3855.24,3868.39,198009.84
2025-10-22 04:00:00,3857.66,3871.47,3855.24,3868.39,198009.84
2025-10-22 04:00:00,3857.66,3871.47,3855.24,3868.39,198009.84
2025-10-22 04:00:00,3857.66,3871.47,3855.24,3868.39,198009.84
2025-10-22 04:00:00,3857.66,3871.47,3855.24,3868.39,198009.84
2025-10-22 04:00:00,3857.66,3871.47,3855.24,3868.39,198009.84
2025-10-22 04:00:00,3857.66,3871.47,3855.24,3868.39,198009.84
2025-10-22 04:00:00,3857.66,3871.47,3855.24,3868.39,198009.84
2025-10-22 04:00:00,3857.66,3871.47,3855.24,3868.39,198009.84
2025-10-22 04:00:00,3857.66,3871.47,3855.24,3868.39,198009.84
2025-10-22 04:00:00,3857.66,3871.47,3855.24,3868.39,198009.84
2025-10-22 04:00:00,3857.66,3871.47,3855.24,3868.39,198009.84
2025-10-22 04:00:00,3857.66,3871.47,3855.24,3868.39,198009.84
2025-10-22 04:00:00,3857.66,3871.47,3855.24,3868.39,198009.84
2025-10-22 04:00:00,3857.66,3871.47,3855.24,3868.39,198009.84
2025-10-22 04:00:00,3857.66,3871.47,3855.24,3868.39,198009.84
2025-10-22 04:00:00,3857.66,3871.47,3855.24,3868.39,198009.84
2025-10-22 04:15:00,3868.38,3872.0,3861.1,3862.8,159098.08
2025-10-22 04:15:00,3868.38,3872.0,3861.1,3862.8,159098.08
2025-10-22 04:15:00,3868.38,3872.0,3861.1,3862.8,159098.08
2025-10-22 04:15:00,3868.38,3872.0,3861.1,3862.8,159098.08
2025-10-22 04:15:00,3868.38,3872.0,3861.1,3862.8,159098.08
2025-10-22 04:15:00,3868.38,3872.0,3861.1,3862.8,159098.08
2025-10-22 04:15:00,3868.38,3872.0,3861.1,3862.8,159098.08
2025-10-22 04:15:00,3868.38,3872.0,3861.1,3862.8,159098.08
2025-10-22 04:15:00,3868.38,3872.0,3861.1,3862.8,159098.08
2025-10-22 04:15:00,3868.38,3872.0,3861.1,3862.8,159098.08
2025-10-22 04:15:00,3868.38,3872.0,3861.1,3862.8,159098.08
2025-10-22 04:15:00,3868.38,3872.0,3861.1,3862.8,159098.08
2025-10-22 04:15:00,3868.38,3872.0,3861.1,3862.8,159098.08
2025-10-22 04:15:00,3868.38,3872.0,3861.1,3862.8,159098.08
2025-10-22 04:15:00,3868.38,3872.0,3861.1,3862.8,159098.08
2025-10-22 04:15:00,3868.38,3872.0,3861.1,3862.8,159098.08
2025-10-22 04:15:00,3868.38,3872.0,3861.1,3862.8,159098.08
2025-10-22 04:15:00,3868.38,3872.0,3861.1,3862.8,159098.08
2025-10-22 04:15:00,3868.38,3872.0,3861.1,3862.8,159098.08
2025-10-22 04:15:00,3868.38,3872.0,3861.1,3862.8,159098.08
2025-10-22 04:15:00,3868.38,3872.0,3861.1,3862.8,159098.08
2025-10-22 04:15:00,3868.38,3872.0,3861.1,3862.8,159098.08
2025-10-22 04:15:00,3868.38,3872.0,3861.1,3862.8,159098.08
2025-10-22 04:15:00,3868.38,3872.0,3861.1,3862.8,159098.08
2025-10-22 04:15:00,3868.38,3872.0,3861.1,3862.8,159098.08
2025-10-22 04:15:00,3868.38,3872.0,3861.1,3862.8,159098.08
2025-10-22 04:15:00,3868.38,3872.0,3861.1,3862.8,159098.08
2025-10-22 04:15:00,3868.38,3872.0,3861.1,3862.8,159098.08
2025-10-22 04:15:00,3868.38,3872.0,3861.1,3862.8,159098.08
2025-10-22 04:15:00,3868.38,3872.0,3861.1,3862.8,159098.08
2025-10-22 04:15:00,3868.38,3872.0,3861.1,3862.8,159098.08
2025-10-22 04:15:00,3868.38,3872.0,3861.1,3862.8,159098.08
2025-10-22 04:15:00,3868.38,3872.0,3861.1,3862.8,159098.08
2025-10-22 04:15:00,3868.38,3872.0,3861.1,3862.8,159098.08
2025-10-22 04:15:00,3868.38,3872.0,3861.1,3862.8,159098.08
2025-10-22 04:15:00,3868.38,3872.0,3861.1,3862.8,159098.08
2025-10-22 04:15:00,3868.38,3872.0,3861.1,3862.8,159098.08
2025-10-22 04:15:00,3868.38,3872.0,3861.1,3862.8,159098.08
2025-10-22 04:15:00,3868.38,3872.0,3861.1,3862.8,159098.08
2025-10-22 04:15:00,3868.38,3872.0,3861.1,3862.8,159098.08
2025-10-22 04:15:00,3868.38,3872.0,3861.1,3862.8,159098.08
2025-10-22 04:15:00,3868.38,3872.0,3861.1,3862.8,159098.08
2025-10-22 04:15:00,3868.38,3872.0,3861.1,3862.8,159098.08
2025-10-22 04:15:00,3868.38,3872.0,3861.1,3862.8,159098.08
2025-10-22 04:15:00,3868.38,3872.0,3861.1,3862.8,159098.08
2025-10-22 04:15:00,3868.38,3872.0,3861.1,3862.8,159098.08
2025-10-22 04:15:00,3868.38,3872.0,3861.1,3862.8,159098.08
2025-10-22 04:15:00,3868.38,3872.0,3861.1,3862.8,159098.08
2025-10-22 04:15:00,3868.38,3872.0,3861.1,3862.8,159098.08
2025-10-22 04:15:00,3868.38,3872.0,3861.1,3862.8,159098.08
2025-10-22 04:15:00,3868.38,3872.0,3861.1,3862.8,159098.08
2025-10-22 04:15:00,3868.38,3872.0,3861.1,3862.8,159098.08
2025-10-22 04:15:00,3868.38,3872.0,3861.1,3862.8,159098.08
2025-10-22 04:30:00,3862.8,3882.4,3862.21,3876.51,317334.8
2025-10-22 04:30:00,3862.8,3882.4,3862.21,3876.51,317334.8
2025-10-22 04:30:00,3862.8,3882.4,3862.21,3876.51,317334.8
2025-10-22 04:30:00,3862.8,3882.4,3862.21,3876.51,317334.8
2025-10-22 04:30:00,3862.8,3882.4,3862.21,3876.51,317334.8
2025-10-22 04:30:00,3862.8,3882.4,3862.21,3876.51,317334.8
2025-10-22 04:30:00,3862.8,3882.4,3862.21,3876.51,317334.8
2025-10-22 04:30:00,3862.8,3882.4,3862.21,3876.51,317334.8
2025-10-22 04:30:00,3862.8,3882.4,3862.21,3876.51,317334.8
2025-10-22 04:30:00,3862.8,3882.4,3862.21,3876.51,317334.8
2025-10-22 04:30:00,3862.8,3882.4,3862.21,3876.51,317334.8
2025-10-22 04:30:00,3862.8,3882.4,3862.21,3876.51,317334.8
2025-10-22 04:30:00,3862.8,3882.4,3862.21,3876.51,317334.8
2025-10-22 04:30:00,3862.8,3882.4,3862.21,3876.51,317334.8
2025-10-22 04:30:00,3862.8,3882.4,3862.21,3876.51,317334.8
2025-10-22 04:30:00,3862.8,3882.4,3862.21,3876.51,317334.8
2025-10-22 04:30:00,3862.8,3882.4,3862.21,3876.51,317334.8
2025-10-22 04:30:00,3862.8,3882.4,3862.21,3876.51,317334.8
2025-10-22 04:30:00,3862.8,3882.4,3862.21,3876.51,317334.8
2025-10-22 04:30:00,3862.8,3882.4,3862.21,3876.51,317334.8
2025-10-22 04:30:00,3862.8,3882.4,3862.21,3876.51,317334.8
2025-10-22 04:30:00,3862.8,3882.4,3862.21,3876.51,317334.8
2025-10-22 04:30:00,3862.8,3882.4,3862.21,3876.51,317334.8
2025-10-22 04:30:00,3862.8,3882.4,3862.21,3876.51,317334.8
2025-10-22 04:30:00,3862.8,3882.4,3862.21,3876.51,317334.8
2025-10-22 04:30:00,3862.8,3882.4,3862.21,3876.51,317334.8
2025-10-22 04:30:00,3862.8,3882.4,3862.21,3876.51,317334.8
2025-10-22 04:30:00,3862.8,3882.4,3862.21,3876.51,317334.8
2025-10-22 04:30:00,3862.8,3882.4,3862.21,3876.51,317334.8
2025-10-22 04:30:00,3862.8,3882.4,3862.21,3876.51,317334.8
2025-10-22 04:30:00,3862.8,3882.4,3862.21,3876.51,317334.8
2025-10-22 04:30:00,3862.8,3882.4,3862.21,3876.51,317334.8
2025-10-22 04:30:00,3862.8,3882.4,3862.21,3876.51,317334.8
2025-10-22 04:30:00,3862.8,3882.4,3862.21,3876.51,317334.8
2025-10-22 04:30:00,3862.8,3882.4,3862.21,3876.51,317334.8
2025-10-22 04:30:00,3862.8,3882.4,3862.21,3876.51,317334.8
2025-10-22 04:30:00,3862.8,3882.4,3862.21,3876.51,317334.8
2025-10-22 04:30:00,3862.8,3882.4,3862.21,3876.51,317334.8
2025-10-22 04:30:00,3862.8,3882.4,3862.21,3876.51,317334.8
2025-10-22 04:30:00,3862.8,3882.4,3862.21,3876.51,317334.8
2025-10-22 04:30:00,3862.8,3882.4,3862.21,3876.51,317334.8
2025-10-22 04:30:00,3862.8,3882.4,3862.21,3876.51,317334.8
2025-10-22 04:30:00,3862.8,3882.4,3862.21,3876.51,317334.8
2025-10-22 04:30:00,3862.8,3882.4,3862.21,3876.51,317334.8
2025-10-22 04:30:00,3862.8,3882.4,3862.21,3876.51,317334.8
2025-10-22 04:30:00,3862.8,3882.4,3862.21,3876.51,317334.8
2025-10-22 04:30:00,3862.8,3882.4,3862.21,3876.51,317334.8
2025-10-22 04:30:00,3862.8,3882.4,3862.21,3876.51,317334.8
2025-10-22 04:30:00,3862.8,3882.4,3862.21,3876.51,317334.8
2025-10-22 04:30:00,3862.8,3882.4,3862.21,3876.51,317334.8
2025-10-22 04:30:00,3862.8,3882.4,3862.21,3876.51,317334.8
2025-10-22 04:30:00,3862.8,3882.4,3862.21,3876.51,317334.8
2025-10-22 04:30:00,3862.8,3882.4,3862.21,3876.51,317334.8
2025-10-22 04:45:00,3876.51,3878.32,3873.52,3876.9,128132.31
2025-10-22 04:45:00,3876.51,3878.32,3873.52,3876.9,128132.31
2025-10-22 04:45:00,3876.51,3878.32,3873.52,3876.9,128132.31
2025-10-22 04:45:00,3876.51,3878.32,3873.52,3876.9,128132.31
2025-10-22 04:45:00,3876.51,3878.32,3873.52,3876.9,128132.31
2025-10-22 04:45:00,3876.51,3878.32,3873.52,3876.9,128132.31
2025-10-22 04:45:00,3876.51,3878.32,3873.52,3876.9,128132.31
2025-10-22 04:45:00,3876.51,3878.32,3873.52,3876.9,128132.31
2025-10-22 04:45:00,3876.51,3878.32,3873.52,3876.9,128132.31
2025-10-22 04:45:00,3876.51,3878.32,3873.52,3876.9,128132.31
2025-10-22 04:45:00,3876.51,3878.32,3873.52,3876.9,128132.31
2025-10-22 04:45:00,3876.51,3878.32,3873.52,3876.9,128132.31
2025-10-22 04:45:00,3876.51,3878.32,3873.52,3876.9,128132.31
2025-10-22 04:45:00,3876.51,3878.32,3873.52,3876.9,128132.31
2025-10-22 04:45:00,3876.51,3878.32,3873.52,3876.9,128132.31
2025-10-22 04:45:00,3876.51,3878.32,3873.52,3876.9,128132.31
2025-10-22 04:45:00,3876.51,3878.32,3873.52,3876.9,128132.31
2025-10-22 04:45:00,3876.51,3878.32,3873.52,3876.9,128132.31
2025-10-22 04:45:00,3876.51,3878.32,3873.52,3876.9,128132.31
2025-10-22 04:45:00,3876.51,3878.32,3873.52,3876.9,128132.31
2025-10-22 04:45:00,3876.51,3878.32,3873.52,3876.9,128132.31
2025-10-22 04:45:00,3876.51,3878.32,3873.52,3876.9,128132.31
2025-10-22 04:45:00,3876.51,3878.32,3873.52,3876.9,128132.31
2025-10-22 04:45:00,3876.51,3878.32,3873.52,3876.9,128132.31
2025-10-22 04:45:00,3876.51,3878.32,3873.52,3876.9,128132.31
2025-10-22 04:45:00,3876.51,3878.32,3873.52,3876.9,128132.31
2025-10-22 04:45:00,3876.51,3878.32,3873.52,3876.9,128132.31
2025-10-22 04:45:00,3876.51,3878.32,3873.52,3876.9,128132.31
2025-10-22 04:45:00,3876.51,3878.32,3873.52,3876.9,128132.31
2025-10-22 04:45:00,3876.51,3878.32,3873.52,3876.9,128132.31
2025-10-22 04:45:00,3876.51,3878.32,3873.52,3876.9,128132.31
2025-10-22 04:45:00,3876.51,3878.32,3873.52,3876.9,128132.31
2025-10-22 04:45:00,3876.51,3878.32,3873.52,3876.9,128132.31
2025-10-22 04:45:00,3876.51,3878.32,3873.52,3876.9,128132.31
2025-10-22 04:45:00,3876.51,3878.32,3873.52,3876.9,128132.31
2025-10-22 04:45:00,3876.51,3878.32,3873.52,3876.9,128132.31
2025-10-22 04:45:00,3876.51,3878.32,3873.52,3876.9,128132.31
2025-10-22 04:45:00,3876.51,3878.32,3873.52,3876.9,128132.31
2025-10-22 04:45:00,3876.51,3878.32,3873.52,3876.9,128132.31
2025-10-22 04:45:00,3876.51,3878.32,3873.52,3876.9,128132.31
2025-10-22 04:45:00,3876.51,3878.32,3873.52,3876.9,128132.31
2025-10-22 04:45:00,3876.51,3878.32,3873.52,3876.9,128132.31
2025-10-22 04:45:00,3876.51,3878.32,3873.52,3876.9,128132.31
2025-10-22 04:45:00,3876.51,3878.32,3873.52,3876.9,128132.31
2025-10-22 04:45:00,3876.51,3878.32,3873.52,3876.9,128132.31
2025-10-22 04:45:00,3876.51,3878.32,3873.52,3876.9,128132.31
2025-10-22 04:45:00,3876.51,3878.32,3873.52,3876.9,128132.31
2025-10-22 04:45:00,3876.51,3878.32,3873.52,3876.9,128132.31
2025-10-22 04:45:00,3876.51,3878.32,3873.52,3876.9,128132.31
2025-10-22 04:45:00,3876.51,3878.32,3873.52,3876.9,128132.31
2025-10-22 04:45:00,3876.51,3878.32,3873.52,3876.9,128132.31
2025-10-22 04:45:00,3876.51,3878.32,3873.52,3876.9,128132.31
2025-10-22 04:45:00,3876.51,3878.32,3873.52,3876.9,128132.31
2025-10-22 05:00:00,3876.9,3880.0,3862.84,3864.61,180250.83
2025-10-22 05:00:00,3876.9,3880.0,3862.84,3864.61,180250.83
2025-10-22 05:00:00,3876.9,3880.0,3862.84,3864.61,180250.83
2025-10-22 05:00:00,3876.9,3880.0,3862.84,3864.61,180250.83
2025-10-22 05:00:00,3876.9,3880.0,3862.84,3864.61,180250.83
2025-10-22 05:00:00,3876.9,3880.0,3862.84,3864.61,180250.83
2025-10-22 05:00:00,3876.9,3880.0,3862.84,3864.61,180250.83
2025-10-22 05:00:00,3876.9,3880.0,3862.84,3864.61,180250.83
2025-10-22 05:00:00,3876.9,3880.0,3862.84,3864.61,180250.83
2025-10-22 05:00:00,3876.9,3880.0,3862.84,3864.61,180250.83
2025-10-22 05:00:00,3876.9,3880.0,3862.84,3864.61,180250.83
2025-10-22 05:00:00,3876.9,3880.0,3862.84,3864.61,180250.83
2025-10-22 05:00:00,3876.9,3880.0,3862.84,3864.61,180250.83
2025-10-22 05:00:00,3876.9,3880.0,3862.84,3864.61,180250.83
2025-10-22 05:00:00,3876.9,3880.0,3862.84,3864.61,180250.83
2025-10-22 05:00:00,3876.9,3880.0,3862.84,3864.61,180250.83
2025-10-22 05:00:00,3876.9,3880.0,3862.84,3864.61,180250.83
2025-10-22 05:00:00,3876.9,3880.0,3862.84,3864.61,180250.83
2025-10-22 05:00:00,3876.9,3880.0,3862.84,3864.61,180250.83
2025-10-22 05:00:00,3876.9,3880.0,3862.84,3864.61,180250.83
2025-10-22 05:00:00,3876.9,3880.0,3862.84,3864.61,180250.83
2025-10-22 05:00:00,3876.9,3880.0,3862.84,3864.61,180250.83
2025-10-22 05:00:00,3876.9,3880.0,3862.84,3864.61,180250.83
2025-10-22 05:00:00,3876.9,3880.0,3862.84,3864.61,180250.83
2025-10-22 05:00:00,3876.9,3880.0,3862.84,3864.61,180250.83
2025-10-22 05:00:00,3876.9,3880.0,3862.84,3864.61,180250.83
2025-10-22 05:00:00,3876.9,3880.0,3862.84,3864.61,180250.83
2025-10-22 05:00:00,3876.9,3880.0,3862.84,3864.61,180250.83
2025-10-22 05:00:00,3876.9,3880.0,3862.84,3864.61,180250.83
2025-10-22 05:00:00,3876.9,3880.0,3862.84,3864.61,180250.83
2025-10-22 05:00:00,3876.9,3880.0,3862.84,3864.61,180250.83
2025-10-22 05:00:00,3876.9,3880.0,3862.84,3864.61,180250.83
2025-10-22 05:00:00,3876.9,3880.0,3862.84,3864.61,180250.83
2025-10-22 05:00:00,3876.9,3880.0,3862.84,3864.61,180250.83
2025-10-22 05:00:00,3876.9,3880.0,3862.84,3864.61,180250.83
2025-10-22 05:00:00,3876.9,3880.0,3862.84,3864.61,180250.83
2025-10-22 05:00:00,3876.9,3880.0,3862.84,3864.61,180250.83
2025-10-22 05:00:00,3876.9,3880.0,3862.84,3864.61,180250.83
2025-10-22 05:00:00,3876.9,3880.0,3862.84,3864.61,180250.83
2025-10-22 05:00:00,3876.9,3880.0,3862.84,3864.61,180250.83
2025-10-22 05:00:00,3876.9,3880.0,3862.84,3864.61,180250.83
2025-10-22 05:00:00,3876.9,3880.0,3862.84,3864.61,180250.83
2025-10-22 05:00:00,3876.9,3880.0,3862.84,3864.61,180250.83
2025-10-22 05:00:00,3876.9,3880.0,3862.84,3864.61,180250.83
2025-10-22 05:00:00,3876.9,3880.0,3862.84,3864.61,180250.83
2025-10-22 05:00:00,3876.9,3880.0,3862.84,3864.61,180250.83
2025-10-22 05:00:00,3876.9,3880.0,3862.84,3864.61,180250.83
2025-10-22 05:00:00,3876.9,3880.0,3862.84,3864.61,180250.83
2025-10-22 05:00:00,3876.9,3880.0,3862.84,3864.61,180250.83
2025-10-22 05:00:00,3876.9,3880.0,3862.84,3864.61,180250.83
2025-10-22 05:00:00,3876.9,3880.0,3862.84,3864.61,180250.83
2025-10-22 05:00:00,3876.9,3880.0,3862.84,3864.61,180250.83
2025-10-22 05:00:00,3876.9,3880.0,3862.84,3864.61,180250.83
2025-10-22 05:15:00,3864.61,3865.97,3835.0,3847.43,489581.24
2025-10-22 05:15:00,3864.61,3865.97,3835.0,3847.43,489581.24
2025-10-22 05:15:00,3864.61,3865.97,3835.0,3847.43,489581.24
2025-10-22 05:15:00,3864.61,3865.97,3835.0,3847.43,489581.24
2025-10-22 05:15:00,3864.61,3865.97,3835.0,3847.43,489581.24
2025-10-22 05:15:00,3864.61,3865.97,3835.0,3847.43,489581.24
2025-10-22 05:15:00,3864.61,3865.97,3835.0,3847.43,489581.24
2025-10-22 05:15:00,3864.61,3865.97,3835.0,3847.43,489581.24
2025-10-22 05:15:00,3864.61,3865.97,3835.0,3847.43,489581.24
2025-10-22 05:15:00,3864.61,3865.97,3835.0,3847.43,489581.24
2025-10-22 05:15:00,3864.61,3865.97,3835.0,3847.43,489581.24
2025-10-22 05:15:00,3864.61,3865.97,3835.0,3847.43,489581.24
2025-10-22 05:15:00,3864.61,3865.97,3835.0,3847.43,489581.24
2025-10-22 05:15:00,3864.61,3865.97,3835.0,3847.43,489581.24
2025-10-22 05:15:00,3864.61,3865.97,3835.0,3847.43,489581.24
2025-10-22 05:15:00,3864.61,3865.97,3835.0,3847.43,489581.24
2025-10-22 05:15:00,3864.61,3865.97,3835.0,3847.43,489581.24
2025-10-22 05:15:00,3864.61,3865.97,3835.0,3847.43,489581.24
2025-10-22 05:15:00,3864.61,3865.97,3835.0,3847.43,489581.24
2025-10-22 05:15:00,3864.61,3865.97,3835.0,3847.43,489581.24
2025-10-22 05:15:00,3864.61,3865.97,3835.0,3847.43,489581.24
2025-10-22 05:15:00,3864.61,3865.97,3835.0,3847.43,489581.24
2025-10-22 05:15:00,3864.61,3865.97,3835.0,3847.43,489581.24
2025-10-22 05:15:00,3864.61,3865.97,3835.0,3847.43,489581.24
2025-10-22 05:15:00,3864.61,3865.97,3835.0,3847.43,489581.24
2025-10-22 05:15:00,3864.61,3865.97,3835.0,3847.43,489581.24
2025-10-22 05:15:00,3864.61,3865.97,3835.0,3847.43,489581.24
2025-10-22 05:15:00,3864.61,3865.97,3835.0,3847.43,489581.24
2025-10-22 05:15:00,3864.61,3865.97,3835.0,3847.43,489581.24
2025-10-22 05:15:00,3864.61,3865.97,3835.0,3847.43,489581.24
2025-10-22 05:15:00,3864.61,3865.97,3835.0,3847.43,489581.24
2025-10-22 05:15:00,3864.61,3865.97,3835.0,3847.43,489581.24
2025-10-22 05:15:00,3864.61,3865.97,3835.0,3847.43,489581.24
2025-10-22 05:15:00,3864.61,3865.97,3835.0,3847.43,489581.24
2025-10-22 05:15:00,3864.61,3865.97,3835.0,3847.43,489581.24
2025-10-22 05:15:00,3864.61,3865.97,3835.0,3847.43,489581.24
2025-10-22 05:15:00,3864.61,3865.97,3835.0,3847.43,489581.24
2025-10-22 05:15:00,3864.61,3865.97,3835.0,3847.43,489581.24
2025-10-22 05:15:00,3864.61,3865.97,3835.0,3847.43,489581.24
2025-10-22 05:15:00,3864.61,3865.97,3835.0,3847.43,489581.24
2025-10-22 05:15:00,3864.61,3865.97,3835.0,3847.43,489581.24
2025-10-22 05:15:00,3864.61,3865.97,3835.0,3847.43,489581.24
2025-10-22 05:15:00,3864.61,3865.97,3835.0,3847.43,489581.24
2025-10-22 05:15:00,3864.61,3865.97,3835.0,3847.43,489581.24
2025-10-22 05:15:00,3864.61,3865.97,3835.0,3847.43,489581.24
2025-10-22 05:15:00,3864.61,3865.97,3835.0,3847.43,489581.24
2025-10-22 05:15:00,3864.61,3865.97,3835.0,3847.43,489581.24
2025-10-22 05:15:00,3864.61,3865.97,3835.0,3847.43,489581.24
2025-10-22 05:15:00,3864.61,3865.97,3835.0,3847.43,489581.24
2025-10-22 05:15:00,3864.61,3865.97,3835.0,3847.43,489581.24
2025-10-22 05:15:00,3864.61,3865.97,3835.0,3847.43,489581.24
2025-10-22 05:15:00,3864.61,3865.97,3835.0,3847.43,489581.24
2025-10-22 05:15:00,3864.61,3865.97,3835.0,3847.43,489581.24
2025-10-22 05:30:00,3847.42,3852.67,3838.64,3846.8,295458.46
2025-10-22 05:30:00,3847.42,3852.67,3838.64,3846.8,295458.46
2025-10-22 05:30:00,3847.42,3852.67,3838.64,3846.8,295458.46
2025-10-22 05:30:00,3847.42,3852.67,3838.64,3846.8,295458.46
2025-10-22 05:30:00,3847.42,3852.67,3838.64,3846.8,295458.46
2025-10-22 05:30:00,3847.42,3852.67,3838.64,3846.8,295458.46
2025-10-22 05:30:00,3847.42,3852.67,3838.64,3846.8,295458.46
2025-10-22 05:30:00,3847.42,3852.67,3838.64,3846.8,295458.46
2025-10-22 05:30:00,3847.42,3852.67,3838.64,3846.8,295458.46
2025-10-22 05:30:00,3847.42,3852.67,3838.64,3846.8,295458.46
2025-10-22 05:30:00,3847.42,3852.67,3838.64,3846.8,295458.46
2025-10-22 05:30:00,3847.42,3852.67,3838.64,3846.8,295458.46
2025-10-22 05:30:00,3847.42,3852.67,3838.64,3846.8,295458.46
2025-10-22 05:30:00,3847.42,3852.67,3838.64,3846.8,295458.46
2025-10-22 05:30:00,3847.42,3852.67,3838.64,3846.8,295458.46
2025-10-22 05:30:00,3847.42,3852.67,3838.64,3846.8,295458.46
2025-10-22 05:30:00,3847.42,3852.67,3838.64,3846.8,295458.46
2025-10-22 05:30:00,3847.42,3852.67,3838.64,3846.8,295458.46
2025-10-22 05:30:00,3847.42,3852.67,3838.64,3846.8,295458.46
2025-10-22 05:30:00,3847.42,3852.67,3838.64,3846.8,295458.46
2025-10-22 05:30:00,3847.42,3852.67,3838.64,3846.8,295458.46
2025-10-22 05:30:00,3847.42,3852.67,3838.64,3846.8,295458.46
2025-10-22 05:30:00,3847.42,3852.67,3838.64,3846.8,295458.46
2025-10-22 05:30:00,3847.42,3852.67,3838.64,3846.8,295458.46
2025-10-22 05:30:00,3847.42,3852.67,3838.64,3846.8,295458.46
2025-10-22 05:30:00,3847.42,3852.67,3838.64,3846.8,295458.46
2025-10-22 05:30:00,3847.42,3852.67,3838.64,3846.8,295458.46
2025-10-22 05:30:00,3847.42,3852.67,3838.64,3846.8,295458.46
2025-10-22 05:30:00,3847.42,3852.67,3838.64,3846.8,295458.46
2025-10-22 05:30:00,3847.42,3852.67,3838.64,3846.8,295458.46
2025-10-22 05:30:00,3847.42,3852.67,3838.64,3846.8,295458.46
2025-10-22 05:30:00,3847.42,3852.67,3838.64,3846.8,295458.46
2025-10-22 05:30:00,3847.42,3852.67,3838.64,3846.8,295458.46
2025-10-22 05:30:00,3847.42,3852.67,3838.64,3846.8,295458.46
2025-10-22 05:30:00,3847.42,3852.67,3838.64,3846.8,295458.46
2025-10-22 05:30:00,3847.42,3852.67,3838.64,3846.8,295458.46
2025-10-22 05:30:00,3847.42,3852.67,3838.64,3846.8,295458.46
2025-10-22 05:30:00,3847.42,3852.67,3838.64,3846.8,295458.46
2025-10-22 05:30:00,3847.42,3852.67,3838.64,3846.8,295458.46
2025-10-22 05:30:00,3847.42,3852.67,3838.64,3846.8,295458.46
2025-10-22 05:30:00,3847.42,3852.67,3838.64,3846.8,295458.46
2025-10-22 05:30:00,3847.42,3852.67,3838.64,3846.8,295458.46
2025-10-22 05:30:00,3847.42,3852.67,3838.64,3846.8,295458.46
2025-10-22 05:30:00,3847.42,3852.67,3838.64,3846.8,295458.46
2025-10-22 05:30:00,3847.42,3852.67,3838.64,3846.8,295458.46
2025-10-22 05:30:00,3847.42,3852.67,3838.64,3846.8,295458.46
2025-10-22 05:30:00,3847.42,3852.67,3838.64,3846.8,295458.46
2025-10-22 05:30:00,3847.42,3852.67,3838.64,3846.8,295458.46
2025-10-22 05:30:00,3847.42,3852.67,3838.64,3846.8,295458.46
2025-10-22 05:30:00,3847.42,3852.67,3838.64,3846.8,295458.46
2025-10-22 05:30:00,3847.42,3852.67,3838.64,3846.8,295458.46
2025-10-22 05:30:00,3847.42,3852.67,3838.64,3846.8,295458.46
2025-10-22 05:30:00,3847.42,3852.67,3838.64,3846.8,295458.46
2025-10-22 05:45:00,3846.8,3863.0,3843.0,3858.48,205201.6
2025-10-22 05:45:00,3846.8,3863.0,3843.0,3858.48,205201.6
2025-10-22 05:45:00,3846.8,3863.0,3843.0,3858.48,205201.6
2025-10-22 05:45:00,3846.8,3863.0,3843.0,3858.48,205201.6
2025-10-22 05:45:00,3846.8,3863.0,3843.0,3858.48,205201.6
2025-10-22 05:45:00,3846.8,3863.0,3843.0,3858.48,205201.6
2025-10-22 05:45:00,3846.8,3863.0,3843.0,3858.48,205201.6
2025-10-22 05:45:00,3846.8,3863.0,3843.0,3858.48,205201.6
2025-10-22 05:45:00,3846.8,3863.0,3843.0,3858.48,205201.6
2025-10-22 05:45:00,3846.8,3863.0,3843.0,3858.48,205201.6
2025-10-22 05:45:00,3846.8,3863.0,3843.0,3858.48,205201.6
2025-10-22 05:45:00,3846.8,3863.0,3843.0,3858.48,205201.6
2025-10-22 05:45:00,3846.8,3863.0,3843.0,3858.48,205201.6
2025-10-22 05:45:00,3846.8,3863.0,3843.0,3858.48,205201.6
2025-10-22 05:45:00,3846.8,3863.0,3843.0,3858.48,205201.6
2025-10-22 05:45:00,3846.8,3863.0,3843.0,3858.48,205201.6
2025-10-22 05:45:00,3846.8,3863.0,3843.0,3858.48,205201.6
2025-10-22 05:45:00,3846.8,3863.0,3843.0,3858.48,205201.6
2025-10-22 05:45:00,3846.8,3863.0,3843.0,3858.48,205201.6
2025-10-22 05:45:00,3846.8,3863.0,3843.0,3858.48,205201.6
2025-10-22 05:45:00,3846.8,3863.0,3843.0,3858.48,205201.6
2025-10-22 05:45:00,3846.8,3863.0,3843.0,3858.48,205201.6
2025-10-22 05:45:00,3846.8,3863.0,3843.0,3858.48,205201.6
2025-10-22 05:45:00,3846.8,3863.0,3843.0,3858.48,205201.6
2025-10-22 05:45:00,3846.8,3863.0,3843.0,3858.48,205201.6
2025-10-22 05:45:00,3846.8,3863.0,3843.0,3858.48,205201.6
2025-10-22 05:45:00,3846.8,3863.0,3843.0,3858.48,205201.6
2025-10-22 05:45:00,3846.8,3863.0,3843.0,3858.48,205201.6
2025-10-22 05:45:00,3846.8,3863.0,3843.0,3858.48,205201.6
2025-10-22 05:45:00,3846.8,3863.0,3843.0,3858.48,205201.6
2025-10-22 05:45:00,3846.8,3863.0,3843.0,3858.48,205201.6
2025-10-22 05:45:00,3846.8,3863.0,3843.0,3858.48,205201.6
2025-10-22 05:45:00,3846.8,3863.0,3843.0,3858.48,205201.6
2025-10-22 05:45:00,3846.8,3863.0,3843.0,3858.48,205201.6
2025-10-22 05:45:00,3846.8,3863.0,3843.0,3858.48,205201.6
2025-10-22 05:45:00,3846.8,3863.0,3843.0,3858.48,205201.6
2025-10-22 05:45:00,3846.8,3863.0,3843.0,3858.48,205201.6
2025-10-22 05:45:00,3846.8,3863.0,3843.0,3858.48,205201.6
2025-10-22 05:45:00,3846.8,3863.0,3843.0,3858.48,205201.6
2025-10-22 05:45:00,3846.8,3863.0,3843.0,3858.48,205201.6
2025-10-22 05:45:00,3846.8,3863.0,3843.0,3858.48,205201.6
2025-10-22 05:45:00,3846.8,3863.0,3843.0,3858.48,205201.6
2025-10-22 05:45:00,3846.8,3863.0,3843.0,3858.48,205201.6
2025-10-22 05:45:00,3846.8,3863.0,3843.0,3858.48,205201.6
2025-10-22 05:45:00,3846.8,3863.0,3843.0,3858.48,205201.6
2025-10-22 05:45:00,3846.8,3863.0,3843.0,3858.48,205201.6
2025-10-22 05:45:00,3846.8,3863.0,3843.0,3858.48,205201.6
2025-10-22 05:45:00,3846.8,3863.0,3843.0,3858.48,205201.6
2025-10-22 05:45:00,3846.8,3863.0,3843.0,3858.48,205201.6
2025-10-22 05:45:00,3846.8,3863.0,3843.0,3858.48,205201.6
2025-10-22 05:45:00,3846.8,3863.0,3843.0,3858.48,205201.6
2025-10-22 05:45:00,3846.8,3863.0,3843.0,3858.48,205201.6
2025-10-22 05:45:00,3846.8,3863.0,3843.0,3858.48,205201.6
2025-10-22 06:00:00,3858.47,3860.76,3851.3,3859.99,125249.36
2025-10-22 06:00:00,3858.47,3860.76,3851.3,3859.99,125249.36
2025-10-22 06:00:00,3858.47,3860.76,3851.3,3859.99,125249.36
2025-10-22 06:00:00,3858.47,3860.76,3851.3,3859.99,125249.36
2025-10-22 06:00:00,3858.47,3860.76,3851.3,3859.99,125249.36
2025-10-22 06:00:00,3858.47,3860.76,3851.3,3859.99,125249.36
2025-10-22 06:00:00,3858.47,3860.76,3851.3,3859.99,125249.36
2025-10-22 06:00:00,3858.47,3860.76,3851.3,3859.99,125249.36
2025-10-22 06:00:00,3858.47,3860.76,3851.3,3859.99,125249.36
2025-10-22 06:00:00,3858.47,3860.76,3851.3,3859.99,125249.36
2025-10-22 06:00:00,3858.47,3860.76,3851.3,3859.99,125249.36
2025-10-22 06:00:00,3858.47,3860.76,3851.3,3859.99,125249.36
2025-10-22 06:00:00,3858.47,3860.76,3851.3,3859.99,125249.36
2025-10-22 06:00:00,3858.47,3860.76,3851.3,3859.99,125249.36
2025-10-22 06:00:00,3858.47,3860.76,3851.3,3859.99,125249.36
2025-10-22 06:00:00,3858.47,3860.76,3851.3,3859.99,125249.36
2025-10-22 06:00:00,3858.47,3860.76,3851.3,3859.99,125249.36
2025-10-22 06:00:00,3858.47,3860.76,3851.3,3859.99,125249.36
2025-10-22 06:00:00,3858.47,3860.76,3851.3,3859.99,125249.36
2025-10-22 06:00:00,3858.47,3860.76,3851.3,3859.99,125249.36
2025-10-22 06:00:00,3858.47,3860.76,3851.3,3859.99,125249.36
2025-10-22 06:00:00,3858.47,3860.76,3851.3,3859.99,125249.36
2025-10-22 06:00:00,3858.47,3860.76,3851.3,3859.99,125249.36
2025-10-22 06:00:00,3858.47,3860.76,3851.3,3859.99,125249.36
2025-10-22 06:00:00,3858.47,3860.76,3851.3,3859.99,125249.36
2025-10-22 06:00:00,3858.47,3860.76,3851.3,3859.99,125249.36
2025-10-22 06:00:00,3858.47,3860.76,3851.3,3859.99,125249.36
2025-10-22 06:00:00,3858.47,3860.76,3851.3,3859.99,125249.36
2025-10-22 06:00:00,3858.47,3860.76,3851.3,3859.99,125249.36
2025-10-22 06:00:00,3858.47,3860.76,3851.3,3859.99,125249.36
2025-10-22 06:00:00,3858.47,3860.76,3851.3,3859.99,125249.36
2025-10-22 06:00:00,3858.47,3860.76,3851.3,3859.99,125249.36
2025-10-22 06:00:00,3858.47,3860.76,3851.3,3859.99,125249.36
2025-10-22 06:00:00,3858.47,3860.76,3851.3,3859.99,125249.36
2025-10-22 06:00:00,3858.47,3860.76,3851.3,3859.99,125249.36
2025-10-22 06:00:00,3858.47,3860.76,3851.3,3859.99,125249.36
2025-10-22 06:00:00,3858.47,3860.76,3851.3,3859.99,125249.36
2025-10-22 06:00:00,3858.47,3860.76,3851.3,3859.99,125249.36
2025-10-22 06:00:00,3858.47,3860.76,3851.3,3859.99,125249.36
2025-10-22 06:00:00,3858.47,3860.76,3851.3,3859.99,125249.36
2025-10-22 06:00:00,3858.47,3860.76,3851.3,3859.99,125249.36
2025-10-22 06:00:00,3858.47,3860.76,3851.3,3859.99,125249.36
2025-10-22 06:00:00,3858.47,3860.76,3851.3,3859.99,125249.36
2025-10-22 06:00:00,3858.47,3860.76,3851.3,3859.99,125249.36
2025-10-22 06:00:00,3858.47,3860.76,3851.3,3859.99,125249.36
2025-10-22 06:00:00,3858.47,3860.76,3851.3,3859.99,125249.36
2025-10-22 06:00:00,3858.47,3860.76,3851.3,3859.99,125249.36
2025-10-22 06:00:00,3858.47,3860.76,3851.3,3859.99,125249.36
2025-10-22 06:00:00,3858.47,3860.76,3851.3,3859.99,125249.36
2025-10-22 06:00:00,3858.47,3860.76,3851.3,3859.99,125249.36
2025-10-22 06:00:00,3858.47,3860.76,3851.3,3859.99,125249.36
2025-10-22 06:00:00,3858.47,3860.76,3851.3,3859.99,125249.36
2025-10-22 06:00:00,3858.47,3860.76,3851.3,3859.99,125249.36
2025-10-22 06:15:00,3860.0,3865.95,3852.19,3858.06,196177.57
2025-10-22 06:15:00,3860.0,3865.95,3852.19,3858.06,196177.57
2025-10-22 06:15:00,3860.0,3865.95,3852.19,3858.06,196177.57
2025-10-22 06:15:00,3860.0,3865.95,3852.19,3858.06,196177.57
2025-10-22 06:15:00,3860.0,3865.95,3852.19,3858.06,196177.57
2025-10-22 06:15:00,3860.0,3865.95,3852.19,3858.06,196177.57
2025-10-22 06:15:00,3860.0,3865.95,3852.19,3858.06,196177.57
2025-10-22 06:15:00,3860.0,3865.95,3852.19,3858.06,196177.57
2025-10-22 06:15:00,3860.0,3865.95,3852.19,3858.06,196177.57
2025-10-22 06:15:00,3860.0,3865.95,3852.19,3858.06,196177.57
2025-10-22 06:15:00,3860.0,3865.95,3852.19,3858.06,196177.57
2025-10-22 06:15:00,3860.0,3865.95,3852.19,3858.06,196177.57
2025-10-22 06:15:00,3860.0,3865.95,3852.19,3858.06,196177.57
2025-10-22 06:15:00,3860.0,3865.95,3852.19,3858.06,196177.57
2025-10-22 06:15:00,3860.0,3865.95,3852.19,3858.06,196177.57
2025-10-22 06:15:00,3860.0,3865.95,3852.19,3858.06,196177.57
2025-10-22 06:15:00,3860.0,3865.95,3852.19,3858.06,196177.57
2025-10-22 06:15:00,3860.0,3865.95,3852.19,3858.06,196177.57
2025-10-22 06:15:00,3860.0,3865.95,3852.19,3858.06,196177.57
2025-10-22 06:15:00,3860.0,3865.95,3852.19,3858.06,196177.57
2025-10-22 06:15:00,3860.0,3865.95,3852.19,3858.06,196177.57
2025-10-22 06:15:00,3860.0,3865.95,3852.19,3858.06,196177.57
2025-10-22 06:15:00,3860.0,3865.95,3852.19,3858.06,196177.57
2025-10-22 06:15:00,3860.0,3865.95,3852.19,3858.06,196177.57
2025-10-22 06:15:00,3860.0,3865.95,3852.19,3858.06,196177.57
2025-10-22 06:15:00,3860.0,3865.95,3852.19,3858.06,196177.57
2025-10-22 06:15:00,3860.0,3865.95,3852.19,3858.06,196177.57
2025-10-22 06:15:00,3860.0,3865.95,3852.19,3858.06,196177.57
2025-10-22 06:15:00,3860.0,3865.95,3852.19,3858.06,196177.57
2025-10-22 06:15:00,3860.0,3865.95,3852.19,3858.06,196177.57
2025-10-22 06:15:00,3860.0,3865.95,3852.19,3858.06,196177.57
2025-10-22 06:15:00,3860.0,3865.95,3852.19,3858.06,196177.57
2025-10-22 06:15:00,3860.0,3865.95,3852.19,3858.06,196177.57
2025-10-22 06:15:00,3860.0,3865.95,3852.19,3858.06,196177.57
2025-10-22 06:15:00,3860.0,3865.95,3852.19,3858.06,196177.57
2025-10-22 06:15:00,3860.0,3865.95,3852.19,3858.06,196177.57
2025-10-22 06:15:00,3860.0,3865.95,3852.19,3858.06,196177.57
2025-10-22 06:15:00,3860.0,3865.95,3852.19,3858.06,196177.57
2025-10-22 06:15:00,3860.0,3865.95,3852.19,3858.06,196177.57
2025-10-22 06:15:00,3860.0,3865.95,3852.19,3858.06,196177.57
2025-10-22 06:15:00,3860.0,3865.95,3852.19,3858.06,196177.57
2025-10-22 06:15:00,3860.0,3865.95,3852.19,3858.06,196177.57
2025-10-22 06:15:00,3860.0,3865.95,3852.19,3858.06,196177.57
2025-10-22 06:15:00,3860.0,3865.95,3852.19,3858.06,196177.57
2025-10-22 06:15:00,3860.0,3865.95,3852.19,3858.06,196177.57
2025-10-22 06:15:00,3860.0,3865.95,3852.19,3858.06,196177.57
2025-10-22 06:15:00,3860.0,3865.95,3852.19,3858.06,196177.57
2025-10-22 06:15:00,3860.0,3865.95,3852.19,3858.06,196177.57
2025-10-22 06:15:00,3860.0,3865.95,3852.19,3858.06,196177.57
2025-10-22 06:15:00,3860.0,3865.95,3852.19,3858.06,196177.57
2025-10-22 06:15:00,3860.0,3865.95,3852.19,3858.06,196177.57
2025-10-22 06:15:00,3860.0,3865.95,3852.19,3858.06,196177.57
2025-10-22 06:15:00,3860.0,3865.95,3852.19,3858.06,196177.57
2025-10-22 06:30:00,3858.06,3868.97,3857.57,3864.63,133857.39
2025-10-22 06:30:00,3858.06,3868.97,3857.57,3864.63,133857.39
2025-10-22 06:30:00,3858.06,3868.97,3857.57,3864.63,133857.39
2025-10-22 06:30:00,3858.06,3868.97,3857.57,3864.63,133857.39
2025-10-22 06:30:00,3858.06,3868.97,3857.57,3864.63,133857.39
2025-10-22 06:30:00,3858.06,3868.97,3857.57,3864.63,133857.39
2025-10-22 06:30:00,3858.06,3868.97,3857.57,3864.63,133857.39
2025-10-22 06:30:00,3858.06,3868.97,3857.57,3864.63,133857.39
2025-10-22 06:30:00,3858.06,3868.97,3857.57,3864.63,133857.39
2025-10-22 06:30:00,3858.06,3868.97,3857.57,3864.63,133857.39
2025-10-22 06:30:00,3858.06,3868.97,3857.57,3864.63,133857.39
2025-10-22 06:30:00,3858.06,3868.97,3857.57,3864.63,133857.39
2025-10-22 06:30:00,3858.06,3868.97,3857.57,3864.63,133857.39
2025-10-22 06:30:00,3858.06,3868.97,3857.57,3864.63,133857.39
2025-10-22 06:30:00,3858.06,3868.97,3857.57,3864.63,133857.39
2025-10-22 06:30:00,3858.06,3868.97,3857.57,3864.63,133857.39
2025-10-22 06:30:00,3858.06,3868.97,3857.57,3864.63,133857.39
2025-10-22 06:30:00,3858.06,3868.97,3857.57,3864.63,133857.39
2025-10-22 06:30:00,3858.06,3868.97,3857.57,3864.63,133857.39
2025-10-22 06:30:00,3858.06,3868.97,3857.57,3864.63,133857.39
2025-10-22 06:30:00,3858.06,3868.97,3857.57,3864.63,133857.39
2025-10-22 06:30:00,3858.06,3868.97,3857.57,3864.63,133857.39
2025-10-22 06:30:00,3858.06,3868.97,3857.57,3864.63,133857.39
2025-10-22 06:30:00,3858.06,3868.97,3857.57,3864.63,133857.39
2025-10-22 06:30:00,3858.06,3868.97,3857.57,3864.63,133857.39
2025-10-22 06:30:00,3858.06,3868.97,3857.57,3864.63,133857.39
2025-10-22 06:30:00,3858.06,3868.97,3857.57,3864.63,133857.39
2025-10-22 06:30:00,3858.06,3868.97,3857.57,3864.63,133857.39
2025-10-22 06:30:00,3858.06,3868.97,3857.57,3864.63,133857.39
2025-10-22 06:30:00,3858.06,3868.97,3857.57,3864.63,133857.39
2025-10-22 06:30:00,3858.06,3868.97,3857.57,3864.63,133857.39
2025-10-22 06:30:00,3858.06,3868.97,3857.57,3864.63,133857.39
2025-10-22 06:30:00,3858.06,3868.97,3857.57,3864.63,133857.39
2025-10-22 06:30:00,3858.06,3868.97,3857.57,3864.63,133857.39
2025-10-22 06:30:00,3858.06,3868.97,3857.57,3864.63,133857.39
2025-10-22 06:30:00,3858.06,3868.97,3857.57,3864.63,133857.39
2025-10-22 06:30:00,3858.06,3868.97,3857.57,3864.63,133857.39
2025-10-22 06:30:00,3858.06,3868.97,3857.57,3864.63,133857.39
2025-10-22 06:30:00,3858.06,3868.97,3857.57,3864.63,133857.39
2025-10-22 06:30:00,3858.06,3868.97,3857.57,3864.63,133857.39
2025-10-22 06:30:00,3858.06,3868.97,3857.57,3864.63,133857.39
2025-10-22 06:30:00,3858.06,3868.97,3857.57,3864.63,133857.39
2025-10-22 06:30:00,3858.06,3868.97,3857.57,3864.63,133857.39
2025-10-22 06:30:00,3858.06,3868.97,3857.57,3864.63,133857.39
2025-10-22 06:30:00,3858.06,3868.97,3857.57,3864.63,133857.39
2025-10-22 06:30:00,3858.06,3868.97,3857.57,3864.63,133857.39
2025-10-22 06:30:00,3858.06,3868.97,3857.57,3864.63,133857.39
2025-10-22 06:30:00,3858.06,3868.97,3857.57,3864.63,133857.39
2025-10-22 06:30:00,3858.06,3868.97,3857.57,3864.63,133857.39
2025-10-22 06:30:00,3858.06,3868.97,3857.57,3864.63,133857.39
2025-10-22 06:30:00,3858.06,3868.97,3857.57,3864.63,133857.39
2025-10-22 06:30:00,3858.06,3868.97,3857.57,3864.63,133857.39
2025-10-22 06:30:00,3858.06,3868.97,3857.57,3864.63,133857.39
2025-10-22 06:45:00,3864.63,3864.63,3850.27,3850.96,120976.17
2025-10-22 06:45:00,3864.63,3864.63,3850.27,3850.96,120976.17
2025-10-22 06:45:00,3864.63,3864.63,3850.27,3850.96,120976.17
2025-10-22 06:45:00,3864.63,3864.63,3850.27,3850.96,120976.17
2025-10-22 06:45:00,3864.63,3864.63,3850.27,3850.96,120976.17
2025-10-22 06:45:00,3864.63,3864.63,3850.27,3850.96,120976.17
2025-10-22 06:45:00,3864.63,3864.63,3850.27,3850.96,120976.17
2025-10-22 06:45:00,3864.63,3864.63,3850.27,3850.96,120976.17
2025-10-22 06:45:00,3864.63,3864.63,3850.27,3850.96,120976.17
2025-10-22 06:45:00,3864.63,3864.63,3850.27,3850.96,120976.17
2025-10-22 06:45:00,3864.63,3864.63,3850.27,3850.96,120976.17
2025-10-22 06:45:00,3864.63,3864.63,3850.27,3850.96,120976.17
2025-10-22 06:45:00,3864.63,3864.63,3850.27,3850.96,120976.17
2025-10-22 06:45:00,3864.63,3864.63,3850.27,3850.96,120976.17
2025-10-22 06:45:00,3864.63,3864.63,3850.27,3850.96,120976.17
2025-10-22 06:45:00,3864.63,3864.63,3850.27,3850.96,120976.17
2025-10-22 06:45:00,3864.63,3864.63,3850.27,3850.96,120976.17
2025-10-22 06:45:00,3864.63,3864.63,3850.27,3850.96,120976.17
2025-10-22 06:45:00,3864.63,3864.63,3850.27,3850.96,120976.17
2025-10-22 06:45:00,3864.63,3864.63,3850.27,3850.96,120976.17
2025-10-22 06:45:00,3864.63,3864.63,3850.27,3850.96,120976.17
2025-10-22 06:45:00,3864.63,3864.63,3850.27,3850.96,120976.17
2025-10-22 06:45:00,3864.63,3864.63,3850.27,3850.96,120976.17
2025-10-22 06:45:00,3864.63,3864.63,3850.27,3850.96,120976.17
2025-10-22 06:45:00,3864.63,3864.63,3850.27,3850.96,120976.17
2025-10-22 06:45:00,3864.63,3864.63,3850.27,3850.96,120976.17
2025-10-22 06:45:00,3864.63,3864.63,3850.27,3850.96,120976.17
2025-10-22 06:45:00,3864.63,3864.63,3850.27,3850.96,120976.17
2025-10-22 06:45:00,3864.63,3864.63,3850.27,3850.96,120976.17
2025-10-22 06:45:00,3864.63,3864.63,3850.27,3850.96,120976.17
2025-10-22 06:45:00,3864.63,3864.63,3850.27,3850.96,120976.17
2025-10-22 06:45:00,3864.63,3864.63,3850.27,3850.96,120976.17
2025-10-22 06:45:00,3864.63,3864.63,3850.27,3850.96,120976.17
2025-10-22 06:45:00,3864.63,3864.63,3850.27,3850.96,120976.17
2025-10-22 06:45:00,3864.63,3864.63,3850.27,3850.96,120976.17
2025-10-22 06:45:00,3864.63,3864.63,3850.27,3850.96,120976.17
2025-10-22 06:45:00,3864.63,3864.63,3850.27,3850.96,120976.17
2025-10-22 06:45:00,3864.63,3864.63,3850.27,3850.96,120976.17
2025-10-22 06:45:00,3864.63,3864.63,3850.27,3850.96,120976.17
2025-10-22 06:45:00,3864.63,3864.63,3850.27,3850.96,120976.17
2025-10-22 06:45:00,3864.63,3864.63,3850.27,3850.96,120976.17
2025-10-22 06:45:00,3864.63,3864.63,3850.27,3850.96,120976.17
2025-10-22 06:45:00,3864.63,3864.63,3850.27,3850.96,120976.17
2025-10-22 06:45:00,3864.63,3864.63,3850.27,3850.96,120976.17
2025-10-22 06:45:00,3864.63,3864.63,3850.27,3850.96,120976.17
2025-10-22 06:45:00,3864.63,3864.63,3850.27,3850.96,120976.17
2025-10-22 06:45:00,3864.63,3864.63,3850.27,3850.96,120976.17
2025-10-22 06:45:00,3864.63,3864.63,3850.27,3850.96,120976.17
2025-10-22 06:45:00,3864.63,3864.63,3850.27,3850.96,120976.17
2025-10-22 06:45:00,3864.63,3864.63,3850.27,3850.96,120976.17
2025-10-22 06:45:00,3864.63,3864.63,3850.27,3850.96,120976.17
2025-10-22 06:45:00,3864.63,3864.63,3850.27,3850.96,120976.17
2025-10-22 06:45:00,3864.63,3864.63,3850.27,3850.96,120976.17
2025-10-22 07:00:00,3850.95,3853.0,3839.01,3840.52,364612.79
2025-10-22 07:00:00,3850.95,3853.0,3839.01,3840.52,364612.79
2025-10-22 07:00:00,3850.95,3853.0,3839.01,3840.52,364612.79
2025-10-22 07:00:00,3850.95,3853.0,3839.01,3840.52,364612.79
2025-10-22 07:00:00,3850.95,3853.0,3839.01,3840.52,364612.79
2025-10-22 07:00:00,3850.95,3853.0,3839.01,3840.52,364612.79
2025-10-22 07:00:00,3850.95,3853.0,3839.01,3840.52,364612.79
2025-10-22 07:00:00,3850.95,3853.0,3839.01,3840.52,364612.79
2025-10-22 07:00:00,3850.95,3853.0,3839.01,3840.52,364612.79
2025-10-22 07:00:00,3850.95,3853.0,3839.01,3840.52,364612.79
2025-10-22 07:00:00,3850.95,3853.0,3839.01,3840.52,364612.79
2025-10-22 07:00:00,3850.95,3853.0,3839.01,3840.52,364612.79
2025-10-22 07:00:00,3850.95,3853.0,3839.01,3840.52,364612.79
2025-10-22 07:00:00,3850.95,3853.0,3839.01,3840.52,364612.79
2025-10-22 07:00:00,3850.95,3853.0,3839.01,3840.52,364612.79
2025-10-22 07:00:00,3850.95,3853.0,3839.01,3840.52,364612.79
2025-10-22 07:00:00,3850.95,3853.0,3839.01,3840.52,364612.79
2025-10-22 07:00:00,3850.95,3853.0,3839.01,3840.52,364612.79
2025-10-22 07:00:00,3850.95,3853.0,3839.01,3840.52,364612.79
2025-10-22 07:00:00,3850.95,3853.0,3839.01,3840.52,364612.79
2025-10-22 07:00:00,3850.95,3853.0,3839.01,3840.52,364612.79
2025-10-22 07:00:00,3850.95,3853.0,3839.01,3840.52,364612.79
2025-10-22 07:00:00,3850.95,3853.0,3839.01,3840.52,364612.79
2025-10-22 07:00:00,3850.95,3853.0,3839.01,3840.52,364612.79
2025-10-22 07:00:00,3850.95,3853.0,3839.01,3840.52,364612.79
2025-10-22 07:00:00,3850.95,3853.0,3839.01,3840.52,364612.79
2025-10-22 07:00:00,3850.95,3853.0,3839.01,3840.52,364612.79
2025-10-22 07:00:00,3850.95,3853.0,3839.01,3840.52,364612.79
2025-10-22 07:00:00,3850.95,3853.0,3839.01,3840.52,364612.79
2025-10-22 07:00:00,3850.95,3853.0,3839.01,3840.52,364612.79
2025-10-22 07:00:00,3850.95,3853.0,3839.01,3840.52,364612.79
2025-10-22 07:00:00,3850.95,3853.0,3839.01,3840.52,364612.79
2025-10-22 07:00:00,3850.95,3853.0,3839.01,3840.52,364612.79
2025-10-22 07:00:00,3850.95,3853.0,3839.01,3840.52,364612.79
2025-10-22 07:00:00,3850.95,3853.0,3839.01,3840.52,364612.79
2025-10-22 07:00:00,3850.95,3853.0,3839.01,3840.52,364612.79
2025-10-22 07:00:00,3850.95,3853.0,3839.01,3840.52,364612.79
2025-10-22 07:00:00,3850.95,3853.0,3839.01,3840.52,364612.79
2025-10-22 07:00:00,3850.95,3853.0,3839.01,3840.52,364612.79
2025-10-22 07:00:00,3850.95,3853.0,3839.01,3840.52,364612.79
2025-10-22 07:00:00,3850.95,3853.0,3839.01,3840.52,364612.79
2025-10-22 07:00:00,3850.95,3853.0,3839.01,3840.52,364612.79
2025-10-22 07:00:00,3850.95,3853.0,3839.01,3840.52,364612.79
2025-10-22 07:00:00,3850.95,3853.0,3839.01,3840.52,364612.79
2025-10-22 07:00:00,3850.95,3853.0,3839.01,3840.52,364612.79
2025-10-22 07:00:00,3850.95,3853.0,3839.01,3840.52,364612.79
2025-10-22 07:00:00,3850.95,3853.0,3839.01,3840.52,364612.79
2025-10-22 07:00:00,3850.95,3853.0,3839.01,3840.52,364612.79
2025-10-22 07:00:00,3850.95,3853.0,3839.01,3840.52,364612.79
2025-10-22 07:00:00,3850.95,3853.0,3839.01,3840.52,364612.79
2025-10-22 07:00:00,3850.95,3853.0,3839.01,3840.52,364612.79
2025-10-22 07:00:00,3850.95,3853.0,3839.01,3840.52,364612.79
2025-10-22 07:00:00,3850.95,3853.0,3839.01,3840.52,364612.79
2025-10-22 07:15:00,3840.53,3859.99,3840.52,3859.02,240224.74
2025-10-22 07:15:00,3840.53,3859.99,3840.52,3859.02,240224.74
2025-10-22 07:15:00,3840.53,3859.99,3840.52,3859.02,240224.74
2025-10-22 07:15:00,3840.53,3859.99,3840.52,3859.02,240224.74
2025-10-22 07:15:00,3840.53,3859.99,3840.52,3859.02,240224.74
2025-10-22 07:15:00,3840.53,3859.99,3840.52,3859.02,240224.74
2025-10-22 07:15:00,3840.53,3859.99,3840.52,3859.02,240224.74
2025-10-22 07:15:00,3840.53,3859.99,3840.52,3859.02,240224.74
2025-10-22 07:15:00,3840.53,3859.99,3840.52,3859.02,240224.74
2025-10-22 07:15:00,3840.53,3859.99,3840.52,3859.02,240224.74
2025-10-22 07:15:00,3840.53,3859.99,3840.52,3859.02,240224.74
2025-10-22 07:15:00,3840.53,3859.99,3840.52,3859.02,240224.74
2025-10-22 07:15:00,3840.53,3859.99,3840.52,3859.02,240224.74
2025-10-22 07:15:00,3840.53,3859.99,3840.52,3859.02,240224.74
2025-10-22 07:15:00,3840.53,3859.99,3840.52,3859.02,240224.74
2025-10-22 07:15:00,3840.53,3859.99,3840.52,3859.02,240224.74
2025-10-22 07:15:00,3840.53,3859.99,3840.52,3859.02,240224.74
2025-10-22 07:15:00,3840.53,3859.99,3840.52,3859.02,240224.74
2025-10-22 07:15:00,3840.53,3859.99,3840.52,3859.02,240224.74
2025-10-22 07:15:00,3840.53,3859.99,3840.52,3859.02,240224.74
2025-10-22 07:15:00,3840.53,3859.99,3840.52,3859.02,240224.74
2025-10-22 07:15:00,3840.53,3859.99,3840.52,3859.02,240224.74
2025-10-22 07:15:00,3840.53,3859.99,3840.52,3859.02,240224.74
2025-10-22 07:15:00,3840.53,3859.99,3840.52,3859.02,240224.74
2025-10-22 07:15:00,3840.53,3859.99,3840.52,3859.02,240224.74
2025-10-22 07:15:00,3840.53,3859.99,3840.52,3859.02,240224.74
2025-10-22 07:15:00,3840.53,3859.99,3840.52,3859.02,240224.74
2025-10-22 07:15:00,3840.53,3859.99,3840.52,3859.02,240224.74
2025-10-22 07:15:00,3840.53,3859.99,3840.52,3859.02,240224.74
2025-10-22 07:15:00,3840.53,3859.99,3840.52,3859.02,240224.74
2025-10-22 07:15:00,3840.53,3859.99,3840.52,3859.02,240224.74
2025-10-22 07:15:00,3840.53,3859.99,3840.52,3859.02,240224.74
2025-10-22 07:15:00,3840.53,3859.99,3840.52,3859.02,240224.74
2025-10-22 07:15:00,3840.53,3859.99,3840.52,3859.02,240224.74
2025-10-22 07:15:00,3840.53,3859.99,3840.52,3859.02,240224.74
2025-10-22 07:15:00,3840.53,3859.99,3840.52,3859.02,240224.74
2025-10-22 07:15:00,3840.53,3859.99,3840.52,3859.02,240224.74
2025-10-22 07:15:00,3840.53,3859.99,3840.52,3859.02,240224.74
2025-10-22 07:15:00,3840.53,3859.99,3840.52,3859.02,240224.74
2025-10-22 07:15:00,3840.53,3859.99,3840.52,3859.02,240224.74
2025-10-22 07:15:00,3840.53,3859.99,3840.52,3859.02,240224.74
2025-10-22 07:15:00,3840.53,3859.99,3840.52,3859.02,240224.74
2025-10-22 07:15:00,3840.53,3859.99,3840.52,3859.02,240224.74
2025-10-22 07:15:00,3840.53,3859.99,3840.52,3859.02,240224.74
2025-10-22 07:15:00,3840.53,3859.99,3840.52,3859.02,240224.74
2025-10-22 07:15:00,3840.53,3859.99,3840.52,3859.02,240224.74
2025-10-22 07:15:00,3840.53,3859.99,3840.52,3859.02,240224.74
2025-10-22 07:15:00,3840.53,3859.99,3840.52,3859.02,240224.74
2025-10-22 07:15:00,3840.53,3859.99,3840.52,3859.02,240224.74
2025-10-22 07:15:00,3840.53,3859.99,3840.52,3859.02,240224.74
2025-10-22 07:15:00,3840.53,3859.99,3840.52,3859.02,240224.74
2025-10-22 07:15:00,3840.53,3859.99,3840.52,3859.02,240224.74
2025-10-22 07:15:00,3840.53,3859.99,3840.52,3859.02,240224.74
2025-10-22 07:30:00,3859.02,3867.27,3853.49,3859.91,165703.57
2025-10-22 07:30:00,3859.02,3867.27,3853.49,3859.91,165703.57
2025-10-22 07:30:00,3859.02,3867.27,3853.49,3859.91,165703.57
2025-10-22 07:30:00,3859.02,3867.27,3853.49,3859.91,165703.57
2025-10-22 07:30:00,3859.02,3867.27,3853.49,3859.91,165703.57
2025-10-22 07:30:00,3859.02,3867.27,3853.49,3859.91,165703.57
2025-10-22 07:30:00,3859.02,3867.27,3853.49,3859.91,165703.57
2025-10-22 07:30:00,3859.02,3867.27,3853.49,3859.91,165703.57
2025-10-22 07:30:00,3859.02,3867.27,3853.49,3859.91,165703.57
2025-10-22 07:30:00,3859.02,3867.27,3853.49,3859.91,165703.57
2025-10-22 07:30:00,3859.02,3867.27,3853.49,3859.91,165703.57
2025-10-22 07:30:00,3859.02,3867.27,3853.49,3859.91,165703.57
2025-10-22 07:30:00,3859.02,3867.27,3853.49,3859.91,165703.57
2025-10-22 07:30:00,3859.02,3867.27,3853.49,3859.91,165703.57
2025-10-22 07:30:00,3859.02,3867.27,3853.49,3859.91,165703.57
2025-10-22 07:30:00,3859.02,3867.27,3853.49,3859.91,165703.57
2025-10-22 07:30:00,3859.02,3867.27,3853.49,3859.91,165703.57
2025-10-22 07:30:00,3859.02,3867.27,3853.49,3859.91,165703.57
2025-10-22 07:30:00,3859.02,3867.27,3853.49,3859.91,165703.57
2025-10-22 07:30:00,3859.02,3867.27,3853.49,3859.91,165703.57
2025-10-22 07:30:00,3859.02,3867.27,3853.49,3859.91,165703.57
2025-10-22 07:30:00,3859.02,3867.27,3853.49,3859.91,165703.57
2025-10-22 07:30:00,3859.02,3867.27,3853.49,3859.91,165703.57
2025-10-22 07:30:00,3859.02,3867.27,3853.49,3859.91,165703.57
2025-10-22 07:30:00,3859.02,3867.27,3853.49,3859.91,165703.57
2025-10-22 07:30:00,3859.02,3867.27,3853.49,3859.91,165703.57
2025-10-22 07:30:00,3859.02,3867.27,3853.49,3859.91,165703.57
2025-10-22 07:30:00,3859.02,3867.27,3853.49,3859.91,165703.57
2025-10-22 07:30:00,3859.02,3867.27,3853.49,3859.91,165703.57
2025-10-22 07:30:00,3859.02,3867.27,3853.49,3859.91,165703.57
2025-10-22 07:30:00,3859.02,3867.27,3853.49,3859.91,165703.57
2025-10-22 07:30:00,3859.02,3867.27,3853.49,3859.91,165703.57
2025-10-22 07:30:00,3859.02,3867.27,3853.49,3859.91,165703.57
2025-10-22 07:30:00,3859.02,3867.27,3853.49,3859.91,165703.57
2025-10-22 07:30:00,3859.02,3867.27,3853.49,3859.91,165703.57
2025-10-22 07:30:00,3859.02,3867.27,3853.49,3859.91,165703.57
2025-10-22 07:30:00,3859.02,3867.27,3853.49,3859.91,165703.57
2025-10-22 07:30:00,3859.02,3867.27,3853.49,3859.91,165703.57
2025-10-22 07:30:00,3859.02,3867.27,3853.49,3859.91,165703.57
2025-10-22 07:30:00,3859.02,3867.27,3853.49,3859.91,165703.57
2025-10-22 07:30:00,3859.02,3867.27,3853.49,3859.91,165703.57
2025-10-22 07:30:00,3859.02,3867.27,3853.49,3859.91,165703.57
2025-10-22 07:30:00,3859.02,3867.27,3853.49,3859.91,165703.57
2025-10-22 07:30:00,3859.02,3867.27,3853.49,3859.91,165703.57
2025-10-22 07:30:00,3859.02,3867.27,3853.49,3859.91,165703.57
2025-10-22 07:30:00,3859.02,3867.27,3853.49,3859.91,165703.57
2025-10-22 07:30:00,3859.02,3867.27,3853.49,3859.91,165703.57
2025-10-22 07:30:00,3859.02,3867.27,3853.49,3859.91,165703.57
2025-10-22 07:30:00,3859.02,3867.27,3853.49,3859.91,165703.57
2025-10-22 07:30:00,3859.02,3867.27,3853.49,3859.91,165703.57
2025-10-22 07:30:00,3859.02,3867.27,3853.49,3859.91,165703.57
2025-10-22 07:30:00,3859.02,3867.27,3853.49,3859.91,165703.57
2025-10-22 07:30:00,3859.02,3867.27,3853.49,3859.91,165703.57
2025-10-22 07:45:00,3859.91,3876.77,3856.04,3867.31,218604.72
2025-10-22 07:45:00,3859.91,3876.77,3856.04,3867.31,218604.72
2025-10-22 07:45:00,3859.91,3876.77,3856.04,3867.31,218604.72
2025-10-22 07:45:00,3859.91,3876.77,3856.04,3867.31,218604.72
2025-10-22 07:45:00,3859.91,3876.77,3856.04,3867.31,218604.72
2025-10-22 07:45:00,3859.91,3876.77,3856.04,3867.31,218604.72
2025-10-22 07:45:00,3859.91,3876.77,3856.04,3867.31,218604.72
2025-10-22 07:45:00,3859.91,3876.77,3856.04,3867.31,218604.72
2025-10-22 07:45:00,3859.91,3876.77,3856.04,3867.31,218604.72
2025-10-22 07:45:00,3859.91,3876.77,3856.04,3867.31,218604.72
2025-10-22 07:45:00,3859.91,3876.77,3856.04,3867.31,218604.72
2025-10-22 07:45:00,3859.91,3876.77,3856.04,3867.31,218604.72
2025-10-22 07:45:00,3859.91,3876.77,3856.04,3867.31,218604.72
2025-10-22 07:45:00,3859.91,3876.77,3856.04,3867.31,218604.72
2025-10-22 07:45:00,3859.91,3876.77,3856.04,3867.31,218604.72
2025-10-22 07:45:00,3859.91,3876.77,3856.04,3867.31,218604.72
2025-10-22 07:45:00,3859.91,3876.77,3856.04,3867.31,218604.72
2025-10-22 07:45:00,3859.91,3876.77,3856.04,3867.31,218604.72
2025-10-22 07:45:00,3859.91,3876.77,3856.04,3867.31,218604.72
2025-10-22 07:45:00,3859.91,3876.77,3856.04,3867.31,218604.72
2025-10-22 07:45:00,3859.91,3876.77,3856.04,3867.31,218604.72
2025-10-22 07:45:00,3859.91,3876.77,3856.04,3867.31,218604.72
2025-10-22 07:45:00,3859.91,3876.77,3856.04,3867.31,218604.72
2025-10-22 07:45:00,3859.91,3876.77,3856.04,3867.31,218604.72
2025-10-22 07:45:00,3859.91,3876.77,3856.04,3867.31,218604.72
2025-10-22 07:45:00,3859.91,3876.77,3856.04,3867.31,218604.72
2025-10-22 07:45:00,3859.91,3876.77,3856.04,3867.31,218604.72
2025-10-22 07:45:00,3859.91,3876.77,3856.04,3867.31,218604.72
2025-10-22 07:45:00,3859.91,3876.77,3856.04,3867.31,218604.72
2025-10-22 07:45:00,3859.91,3876.77,3856.04,3867.31,218604.72
2025-10-22 07:45:00,3859.91,3876.77,3856.04,3867.31,218604.72
2025-10-22 07:45:00,3859.91,3876.77,3856.04,3867.31,218604.72
2025-10-22 07:45:00,3859.91,3876.77,3856.04,3867.31,218604.72
2025-10-22 07:45:00,3859.91,3876.77,3856.04,3867.31,218604.72
2025-10-22 07:45:00,3859.91,3876.77,3856.04,3867.31,218604.72
2025-10-22 07:45:00,3859.91,3876.77,3856.04,3867.31,218604.72
2025-10-22 07:45:00,3859.91,3876.77,3856.04,3867.31,218604.72
2025-10-22 07:45:00,3859.91,3876.77,3856.04,3867.31,218604.72
2025-10-22 07:45:00,3859.91,3876.77,3856.04,3867.31,218604.72
2025-10-22 07:45:00,3859.91,3876.77,3856.04,3867.31,218604.72
2025-10-22 07:45:00,3859.91,3876.77,3856.04,3867.31,218604.72
2025-10-22 07:45:00,3859.91,3876.77,3856.04,3867.31,218604.72
2025-10-22 07:45:00,3859.91,3876.77,3856.04,3867.31,218604.72
2025-10-22 07:45:00,3859.91,3876.77,3856.04,3867.31,218604.72
2025-10-22 07:45:00,3859.91,3876.77,3856.04,3867.31,218604.72
2025-10-22 07:45:00,3859.91,3876.77,3856.04,3867.31,218604.72
2025-10-22 07:45:00,3859.91,3876.77,3856.04,3867.31,218604.72
2025-10-22 07:45:00,3859.91,3876.77,3856.04,3867.31,218604.72
2025-10-22 07:45:00,3859.91,3876.77,3856.04,3867.31,218604.72
2025-10-22 07:45:00,3859.91,3876.77,3856.04,3867.31,218604.72
2025-10-22 07:45:00,3859.91,3876.77,3856.04,3867.31,218604.72
2025-10-22 07:45:00,3859.91,3876.77,3856.04,3867.31,218604.72
2025-10-22 07:45:00,3859.91,3876.77,3856.04,3867.31,218604.72
2025-10-22 08:00:00,3867.31,3867.32,3853.32,3853.78,142867.44
2025-10-22 08:00:00,3867.31,3867.32,3853.32,3853.78,142867.44
2025-10-22 08:00:00,3867.31,3867.32,3853.32,3853.78,142867.44
2025-10-22 08:00:00,3867.31,3867.32,3853.32,3853.78,142867.44
2025-10-22 08:00:00,3867.31,3867.32,3853.32,3853.78,142867.44
2025-10-22 08:00:00,3867.31,3867.32,3853.32,3853.78,142867.44
2025-10-22 08:00:00,3867.31,3867.32,3853.32,3853.78,142867.44
2025-10-22 08:00:00,3867.31,3867.32,3853.32,3853.78,142867.44
2025-10-22 08:00:00,3867.31,3867.32,3853.32,3853.78,142867.44
2025-10-22 08:00:00,3867.31,3867.32,3853.32,3853.78,142867.44
2025-10-22 08:00:00,3867.31,3867.32,3853.32,3853.78,142867.44
2025-10-22 08:00:00,3867.31,3867.32,3853.32,3853.78,142867.44
2025-10-22 08:00:00,3867.31,3867.32,3853.32,3853.78,142867.44
2025-10-22 08:00:00,3867.31,3867.32,3853.32,3853.78,142867.44
2025-10-22 08:00:00,3867.31,3867.32,3853.32,3853.78,142867.44
2025-10-22 08:00:00,3867.31,3867.32,3853.32,3853.78,142867.44
2025-10-22 08:00:00,3867.31,3867.32,3853.32,3853.78,142867.44
2025-10-22 08:00:00,3867.31,3867.32,3853.32,3853.78,142867.44
2025-10-22 08:00:00,3867.31,3867.32,3853.32,3853.78,142867.44
2025-10-22 08:00:00,3867.31,3867.32,3853.32,3853.78,142867.44
2025-10-22 08:00:00,3867.31,3867.32,3853.32,3853.78,142867.44
2025-10-22 08:00:00,3867.31,3867.32,3853.32,3853.78,142867.44
2025-10-22 08:00:00,3867.31,3867.32,3853.32,3853.78,142867.44
2025-10-22 08:00:00,3867.31,3867.32,3853.32,3853.78,142867.44
2025-10-22 08:00:00,3867.31,3867.32,3853.32,3853.78,142867.44
2025-10-22 08:00:00,3867.31,3867.32,3853.32,3853.78,142867.44
2025-10-22 08:00:00,3867.31,3867.32,3853.32,3853.78,142867.44
2025-10-22 08:00:00,3867.31,3867.32,3853.32,3853.78,142867.44
2025-10-22 08:00:00,3867.31,3867.32,3853.32,3853.78,142867.44
2025-10-22 08:00:00,3867.31,3867.32,3853.32,3853.78,142867.44
2025-10-22 08:00:00,3867.31,3867.32,3853.32,3853.78,142867.44
2025-10-22 08:00:00,3867.31,3867.32,3853.32,3853.78,142867.44
2025-10-22 08:00:00,3867.31,3867.32,3853.32,3853.78,142867.44
2025-10-22 08:00:00,3867.31,3867.32,3853.32,3853.78,142867.44
2025-10-22 08:00:00,3867.31,3867.32,3853.32,3853.78,142867.44
2025-10-22 08:00:00,3867.31,3867.32,3853.32,3853.78,142867.44
2025-10-22 08:00:00,3867.31,3867.32,3853.32,3853.78,142867.44
2025-10-22 08:00:00,3867.31,3867.32,3853.32,3853.78,142867.44
2025-10-22 08:00:00,3867.31,3867.32,3853.32,3853.78,142867.44
2025-10-22 08:00:00,3867.31,3867.32,3853.32,3853.78,142867.44
2025-10-22 08:00:00,3867.31,3867.32,3853.32,3853.78,142867.44
2025-10-22 08:00:00,3867.31,3867.32,3853.32,3853.78,142867.44
2025-10-22 08:00:00,3867.31,3867.32,3853.32,3853.78,142867.44
2025-10-22 08:00:00,3867.31,3867.32,3853.32,3853.78,142867.44
2025-10-22 08:00:00,3867.31,3867.32,3853.32,3853.78,142867.44
2025-10-22 08:00:00,3867.31,3867.32,3853.32,3853.78,142867.44
2025-10-22 08:00:00,3867.31,3867.32,3853.32,3853.78,142867.44
2025-10-22 08:00:00,3867.31,3867.32,3853.32,3853.78,142867.44
2025-10-22 08:00:00,3867.31,3867.32,3853.32,3853.78,142867.44
2025-10-22 08:00:00,3867.31,3867.32,3853.32,3853.78,142867.44
2025-10-22 08:00:00,3867.31,3867.32,3853.32,3853.78,142867.44
2025-10-22 08:00:00,3867.31,3867.32,3853.32,3853.78,142867.44
2025-10-22 08:00:00,3867.31,3867.32,3853.32,3853.78,142867.44
2025-10-22 08:15:00,3853.78,3861.95,3846.87,3856.2,188090.59
2025-10-22 08:15:00,3853.78,3861.95,3846.87,3856.2,188090.59
2025-10-22 08:15:00,3853.78,3861.95,3846.87,3856.2,188090.59
2025-10-22 08:15:00,3853.78,3861.95,3846.87,3856.2,188090.59
2025-10-22 08:15:00,3853.78,3861.95,3846.87,3856.2,188090.59
2025-10-22 08:15:00,3853.78,3861.95,3846.87,3856.2,188090.59
2025-10-22 08:15:00,3853.78,3861.95,3846.87,3856.2,188090.59
2025-10-22 08:15:00,3853.78,3861.95,3846.87,3856.2,188090.59
2025-10-22 08:15:00,3853.78,3861.95,3846.87,3856.2,188090.59
2025-10-22 08:15:00,3853.78,3861.95,3846.87,3856.2,188090.59
2025-10-22 08:15:00,3853.78,3861.95,3846.87,3856.2,188090.59
2025-10-22 08:15:00,3853.78,3861.95,3846.87,3856.2,188090.59
2025-10-22 08:15:00,3853.78,3861.95,3846.87,3856.2,188090.59
2025-10-22 08:15:00,3853.78,3861.95,3846.87,3856.2,188090.59
2025-10-22 08:15:00,3853.78,3861.95,3846.87,3856.2,188090.59
2025-10-22 08:15:00,3853.78,3861.95,3846.87,3856.2,188090.59
2025-10-22 08:15:00,3853.78,3861.95,3846.87,3856.2,188090.59
2025-10-22 08:15:00,3853.78,3861.95,3846.87,3856.2,188090.59
2025-10-22 08:15:00,3853.78,3861.95,3846.87,3856.2,188090.59
2025-10-22 08:15:00,3853.78,3861.95,3846.87,3856.2,188090.59
2025-10-22 08:15:00,3853.78,3861.95,3846.87,3856.2,188090.59
2025-10-22 08:15:00,3853.78,3861.95,3846.87,3856.2,188090.59
2025-10-22 08:15:00,3853.78,3861.95,3846.87,3856.2,188090.59
2025-10-22 08:15:00,3853.78,3861.95,3846.87,3856.2,188090.59
2025-10-22 08:15:00,3853.78,3861.95,3846.87,3856.2,188090.59
2025-10-22 08:15:00,3853.78,3861.95,3846.87,3856.2,188090.59
2025-10-22 08:15:00,3853.78,3861.95,3846.87,3856.2,188090.59
2025-10-22 08:15:00,3853.78,3861.95,3846.87,3856.2,188090.59
2025-10-22 08:15:00,3853.78,3861.95,3846.87,3856.2,188090.59
2025-10-22 08:15:00,3853.78,3861.95,3846.87,3856.2,188090.59
2025-10-22 08:15:00,3853.78,3861.95,3846.87,3856.2,188090.59
2025-10-22 08:15:00,3853.78,3861.95,3846.87,3856.2,188090.59
2025-10-22 08:15:00,3853.78,3861.95,3846.87,3856.2,188090.59
2025-10-22 08:15:00,3853.78,3861.95,3846.87,3856.2,188090.59
2025-10-22 08:15:00,3853.78,3861.95,3846.87,3856.2,188090.59
2025-10-22 08:15:00,3853.78,3861.95,3846.87,3856.2,188090.59
2025-10-22 08:15:00,3853.78,3861.95,3846.87,3856.2,188090.59
2025-10-22 08:15:00,3853.78,3861.95,3846.87,3856.2,188090.59
2025-10-22 08:15:00,3853.78,3861.95,3846.87,3856.2,188090.59
2025-10-22 08:15:00,3853.78,3861.95,3846.87,3856.2,188090.59
2025-10-22 08:15:00,3853.78,3861.95,3846.87,3856.2,188090.59
2025-10-22 08:15:00,3853.78,3861.95,3846.87,3856.2,188090.59
2025-10-22 08:15:00,3853.78,3861.95,3846.87,3856.2,188090.59
2025-10-22 08:15:00,3853.78,3861.95,3846.87,3856.2,188090.59
2025-10-22 08:15:00,3853.78,3861.95,3846.87,3856.2,188090.59
2025-10-22 08:15:00,3853.78,3861.95,3846.87,3856.2,188090.59
2025-10-22 08:15:00,3853.78,3861.95,3846.87,3856.2,188090.59
2025-10-22 08:15:00,3853.78,3861.95,3846.87,3856.2,188090.59
2025-10-22 08:15:00,3853.78,3861.95,3846.87,3856.2,188090.59
2025-10-22 08:15:00,3853.78,3861.95,3846.87,3856.2,188090.59
2025-10-22 08:15:00,3853.78,3861.95,3846.87,3856.2,188090.59
2025-10-22 08:15:00,3853.78,3861.95,3846.87,3856.2,188090.59
2025-10-22 08:15:00,3853.78,3861.95,3846.87,3856.2,188090.59
2025-10-22 08:30:00,3856.2,3860.0,3849.37,3859.21,87115.16
2025-10-22 08:30:00,3856.2,3860.0,3849.37,3859.21,87115.16
2025-10-22 08:30:00,3856.2,3860.0,3849.37,3859.21,87115.16
2025-10-22 08:30:00,3856.2,3860.0,3849.37,3859.21,87115.16
2025-10-22 08:30:00,3856.2,3860.0,3849.37,3859.21,87115.16
2025-10-22 08:30:00,3856.2,3860.0,3849.37,3859.21,87115.16
2025-10-22 08:30:00,3856.2,3860.0,3849.37,3859.21,87115.16
2025-10-22 08:30:00,3856.2,3860.0,3849.37,3859.21,87115.16
2025-10-22 08:30:00,3856.2,3860.0,3849.37,3859.21,87115.16
2025-10-22 08:30:00,3856.2,3860.0,3849.37,3859.21,87115.16
2025-10-22 08:30:00,3856.2,3860.0,3849.37,3859.21,87115.16
2025-10-22 08:30:00,3856.2,3860.0,3849.37,3859.21,87115.16
2025-10-22 08:30:00,3856.2,3860.0,3849.37,3859.21,87115.16
2025-10-22 08:30:00,3856.2,3860.0,3849.37,3859.21,87115.16
2025-10-22 08:30:00,3856.2,3860.0,3849.37,3859.21,87115.16
2025-10-22 08:30:00,3856.2,3860.0,3849.37,3859.21,87115.16
2025-10-22 08:30:00,3856.2,3860.0,3849.37,3859.21,87115.16
2025-10-22 08:30:00,3856.2,3860.0,3849.37,3859.21,87115.16
2025-10-22 08:30:00,3856.2,3860.0,3849.37,3859.21,87115.16
2025-10-22 08:30:00,3856.2,3860.0,3849.37,3859.21,87115.16
2025-10-22 08:30:00,3856.2,3860.0,3849.37,3859.21,87115.16
2025-10-22 08:30:00,3856.2,3860.0,3849.37,3859.21,87115.16
2025-10-22 08:30:00,3856.2,3860.0,3849.37,3859.21,87115.16
2025-10-22 08:30:00,3856.2,3860.0,3849.37,3859.21,87115.16
2025-10-22 08:30:00,3856.2,3860.0,3849.37,3859.21,87115.16
2025-10-22 08:30:00,3856.2,3860.0,3849.37,3859.21,87115.16
2025-10-22 08:30:00,3856.2,3860.0,3849.37,3859.21,87115.16
2025-10-22 08:30:00,3856.2,3860.0,3849.37,3859.21,87115.16
2025-10-22 08:30:00,3856.2,3860.0,3849.37,3859.21,87115.16
2025-10-22 08:30:00,3856.2,3860.0,3849.37,3859.21,87115.16
2025-10-22 08:30:00,3856.2,3860.0,3849.37,3859.21,87115.16
2025-10-22 08:30:00,3856.2,3860.0,3849.37,3859.21,87115.16
2025-10-22 08:30:00,3856.2,3860.0,3849.37,3859.21,87115.16
2025-10-22 08:30:00,3856.2,3860.0,3849.37,3859.21,87115.16
2025-10-22 08:30:00,3856.2,3860.0,3849.37,3859.21,87115.16
2025-10-22 08:30:00,3856.2,3860.0,3849.37,3859.21,87115.16
2025-10-22 08:30:00,3856.2,3860.0,3849.37,3859.21,87115.16
2025-10-22 08:30:00,3856.2,3860.0,3849.37,3859.21,87115.16
2025-10-22 08:30:00,3856.2,3860.0,3849.37,3859.21,87115.16
2025-10-22 08:30:00,3856.2,3860.0,3849.37,3859.21,87115.16
2025-10-22 08:30:00,3856.2,3860.0,3849.37,3859.21,87115.16
2025-10-22 08:30:00,3856.2,3860.0,3849.37,3859.21,87115.16
2025-10-22 08:30:00,3856.2,3860.0,3849.37,3859.21,87115.16
2025-10-22 08:30:00,3856.2,3860.0,3849.37,3859.21,87115.16
2025-10-22 08:30:00,3856.2,3860.0,3849.37,3859.21,87115.16
2025-10-22 08:30:00,3856.2,3860.0,3849.37,3859.21,87115.16
2025-10-22 08:30:00,3856.2,3860.0,3849.37,3859.21,87115.16
2025-10-22 08:30:00,3856.2,3860.0,3849.37,3859.21,87115.16
2025-10-22 08:30:00,3856.2,3860.0,3849.37,3859.21,87115.16
2025-10-22 08:30:00,3856.2,3860.0,3849.37,3859.21,87115.16
2025-10-22 08:30:00,3856.2,3860.0,3849.37,3859.21,87115.16
2025-10-22 08:30:00,3856.2,3860.0,3849.37,3859.21,87115.16
2025-10-22 08:30:00,3856.2,3860.0,3849.37,3859.21,87115.16
2025-10-22 08:45:00,3859.21,3861.47,3848.89,3852.46,103168.03
2025-10-22 08:45:00,3859.21,3861.47,3848.89,3852.46,103168.03
2025-10-22 08:45:00,3859.21,3861.47,3848.89,3852.46,103168.03
2025-10-22 08:45:00,3859.21,3861.47,3848.89,3852.46,103168.03
2025-10-22 08:45:00,3859.21,3861.47,3848.89,3852.46,103168.03
2025-10-22 08:45:00,3859.21,3861.47,3848.89,3852.46,103168.03
2025-10-22 08:45:00,3859.21,3861.47,3848.89,3852.46,103168.03
2025-10-22 08:45:00,3859.21,3861.47,3848.89,3852.46,103168.03
2025-10-22 08:45:00,3859.21,3861.47,3848.89,3852.46,103168.03
2025-10-22 08:45:00,3859.21,3861.47,3848.89,3852.46,103168.03
2025-10-22 08:45:00,3859.21,3861.47,3848.89,3852.46,103168.03
2025-10-22 08:45:00,3859.21,3861.47,3848.89,3852.46,103168.03
2025-10-22 08:45:00,3859.21,3861.47,3848.89,3852.46,103168.03
2025-10-22 08:45:00,3859.21,3861.47,3848.89,3852.46,103168.03
2025-10-22 08:45:00,3859.21,3861.47,3848.89,3852.46,103168.03
2025-10-22 08:45:00,3859.21,3861.47,3848.89,3852.46,103168.03
2025-10-22 08:45:00,3859.21,3861.47,3848.89,3852.46,103168.03
2025-10-22 08:45:00,3859.21,3861.47,3848.89,3852.46,103168.03
2025-10-22 08:45:00,3859.21,3861.47,3848.89,3852.46,103168.03
2025-10-22 08:45:00,3859.21,3861.47,3848.89,3852.46,103168.03
2025-10-22 08:45:00,3859.21,3861.47,3848.89,3852.46,103168.03
2025-10-22 08:45:00,3859.21,3861.47,3848.89,3852.46,103168.03
2025-10-22 08:45:00,3859.21,3861.47,3848.89,3852.46,103168.03
2025-10-22 08:45:00,3859.21,3861.47,3848.89,3852.46,103168.03
2025-10-22 08:45:00,3859.21,3861.47,3848.89,3852.46,103168.03
2025-10-22 08:45:00,3859.21,3861.47,3848.89,3852.46,103168.03
2025-10-22 08:45:00,3859.21,3861.47,3848.89,3852.46,103168.03
2025-10-22 08:45:00,3859.21,3861.47,3848.89,3852.46,103168.03
2025-10-22 08:45:00,3859.21,3861.47,3848.89,3852.46,103168.03
2025-10-22 08:45:00,3859.21,3861.47,3848.89,3852.46,103168.03
2025-10-22 08:45:00,3859.21,3861.47,3848.89,3852.46,103168.03
2025-10-22 08:45:00,3859.21,3861.47,3848.89,3852.46,103168.03
2025-10-22 08:45:00,3859.21,3861.47,3848.89,3852.46,103168.03
2025-10-22 08:45:00,3859.21,3861.47,3848.89,3852.46,103168.03
2025-10-22 08:45:00,3859.21,3861.47,3848.89,3852.46,103168.03
2025-10-22 08:45:00,3859.21,3861.47,3848.89,3852.46,103168.03
2025-10-22 08:45:00,3859.21,3861.47,3848.89,3852.46,103168.03
2025-10-22 08:45:00,3859.21,3861.47,3848.89,3852.46,103168.03
2025-10-22 08:45:00,3859.21,3861.47,3848.89,3852.46,103168.03
2025-10-22 08:45:00,3859.21,3861.47,3848.89,3852.46,103168.03
2025-10-22 08:45:00,3859.21,3861.47,3848.89,3852.46,103168.03
2025-10-22 08:45:00,3859.21,3861.47,3848.89,3852.46,103168.03
2025-10-22 08:45:00,3859.21,3861.47,3848.89,3852.46,103168.03
2025-10-22 08:45:00,3859.21,3861.47,3848.89,3852.46,103168.03
2025-10-22 08:45:00,3859.21,3861.47,3848.89,3852.46,103168.03
2025-10-22 08:45:00,3859.21,3861.47,3848.89,3852.46,103168.03
2025-10-22 08:45:00,3859.21,3861.47,3848.89,3852.46,103168.03
2025-10-22 08:45:00,3859.21,3861.47,3848.89,3852.46,103168.03
2025-10-22 08:45:00,3859.21,3861.47,3848.89,3852.46,103168.03
2025-10-22 08:45:00,3859.21,3861.47,3848.89,3852.46,103168.03
2025-10-22 08:45:00,3859.21,3861.47,3848.89,3852.46,103168.03
2025-10-22 08:45:00,3859.21,3861.47,3848.89,3852.46,103168.03
2025-10-22 08:45:00,3859.21,3861.47,3848.89,3852.46,103168.03
2025-10-22 09:00:00,3852.46,3856.91,3842.01,3843.45,189442.38
2025-10-22 09:00:00,3852.46,3856.91,3842.01,3843.45,189442.38
2025-10-22 09:00:00,3852.46,3856.91,3842.01,3843.45,189442.38
2025-10-22 09:00:00,3852.46,3856.91,3842.01,3843.45,189442.38
2025-10-22 09:00:00,3852.46,3856.91,3842.01,3843.45,189442.38
2025-10-22 09:00:00,3852.46,3856.91,3842.01,3843.45,189442.38
2025-10-22 09:00:00,3852.46,3856.91,3842.01,3843.45,189442.38
2025-10-22 09:00:00,3852.46,3856.91,3842.01,3843.45,189442.38
2025-10-22 09:00:00,3852.46,3856.91,3842.01,3843.45,189442.38
2025-10-22 09:00:00,3852.46,3856.91,3842.01,3843.45,189442.38
2025-10-22 09:00:00,3852.46,3856.91,3842.01,3843.45,189442.38
2025-10-22 09:00:00,3852.46,3856.91,3842.01,3843.45,189442.38
2025-10-22 09:00:00,3852.46,3856.91,3842.01,3843.45,189442.38
2025-10-22 09:00:00,3852.46,3856.91,3842.01,3843.45,189442.38
2025-10-22 09:00:00,3852.46,3856.91,3842.01,3843.45,189442.38
2025-10-22 09:00:00,3852.46,3856.91,3842.01,3843.45,189442.38
2025-10-22 09:00:00,3852.46,3856.91,3842.01,3843.45,189442.38
2025-10-22 09:00:00,3852.46,3856.91,3842.01,3843.45,189442.38
2025-10-22 09:00:00,3852.46,3856.91,3842.01,3843.45,189442.38
2025-10-22 09:00:00,3852.46,3856.91,3842.01,3843.45,189442.38
2025-10-22 09:00:00,3852.46,3856.91,3842.01,3843.45,189442.38
2025-10-22 09:00:00,3852.46,3856.91,3842.01,3843.45,189442.38
2025-10-22 09:00:00,3852.46,3856.91,3842.01,3843.45,189442.38
2025-10-22 09:00:00,3852.46,3856.91,3842.01,3843.45,189442.38
2025-10-22 09:00:00,3852.46,3856.91,3842.01,3843.45,189442.38
2025-10-22 09:00:00,3852.46,3856.91,3842.01,3843.45,189442.38
2025-10-22 09:00:00,3852.46,3856.91,3842.01,3843.45,189442.38
2025-10-22 09:00:00,3852.46,3856.91,3842.01,3843.45,189442.38
2025-10-22 09:00:00,3852.46,3856.91,3842.01,3843.45,189442.38
2025-10-22 09:00:00,3852.46,3856.91,3842.01,3843.45,189442.38
2025-10-22 09:00:00,3852.46,3856.91,3842.01,3843.45,189442.38
2025-10-22 09:00:00,3852.46,3856.91,3842.01,3843.45,189442.38
2025-10-22 09:00:00,3852.46,3856.91,3842.01,3843.45,189442.38
2025-10-22 09:00:00,3852.46,3856.91,3842.01,3843.45,189442.38
2025-10-22 09:00:00,3852.46,3856.91,3842.01,3843.45,189442.38
2025-10-22 09:00:00,3852.46,3856.91,3842.01,3843.45,189442.38
2025-10-22 09:00:00,3852.46,3856.91,3842.01,3843.45,189442.38
2025-10-22 09:00:00,3852.46,3856.91,3842.01,3843.45,189442.38
2025-10-22 09:00:00,3852.46,3856.91,3842.01,3843.45,189442.38
2025-10-22 09:00:00,3852.46,3856.91,3842.01,3843.45,189442.38
2025-10-22 09:00:00,3852.46,3856.91,3842.01,3843.45,189442.38
2025-10-22 09:00:00,3852.46,3856.91,3842.01,3843.45,189442.38
2025-10-22 09:00:00,3852.46,3856.91,3842.01,3843.45,189442.38
2025-10-22 09:00:00,3852.46,3856.91,3842.01,3843.45,189442.38
2025-10-22 09:00:00,3852.46,3856.91,3842.01,3843.45,189442.38
2025-10-22 09:00:00,3852.46,3856.91,3842.01,3843.45,189442.38
2025-10-22 09:00:00,3852.46,3856.91,3842.01,3843.45,189442.38
2025-10-22 09:00:00,3852.46,3856.91,3842.01,3843.45,189442.38
2025-10-22 09:00:00,3852.46,3856.91,3842.01,3843.45,189442.38
2025-10-22 09:00:00,3852.46,3856.91,3842.01,3843.45,189442.38
2025-10-22 09:00:00,3852.46,3856.91,3842.01,3843.45,189442.38
2025-10-22 09:00:00,3852.46,3856.91,3842.01,3843.45,189442.38
2025-10-22 09:00:00,3852.46,3856.91,3842.01,3843.45,189442.38
2025-10-22 09:15:00,3843.45,3851.0,3822.0,3849.01,666693.97
2025-10-22 09:15:00,3843.45,3851.0,3822.0,3849.01,666693.97
2025-10-22 09:15:00,3843.45,3851.0,3822.0,3849.01,666693.97
2025-10-22 09:15:00,3843.45,3851.0,3822.0,3849.01,666693.97
2025-10-22 09:15:00,3843.45,3851.0,3822.0,3849.01,666693.97
2025-10-22 09:15:00,3843.45,3851.0,3822.0,3849.01,666693.97
2025-10-22 09:15:00,3843.45,3851.0,3822.0,3849.01,666693.97
2025-10-22 09:15:00,3843.45,3851.0,3822.0,3849.01,666693.97
2025-10-22 09:15:00,3843.45,3851.0,3822.0,3849.01,666693.97
2025-10-22 09:15:00,3843.45,3851.0,3822.0,3849.01,666693.97
2025-10-22 09:15:00,3843.45,3851.0,3822.0,3849.01,666693.97
2025-10-22 09:15:00,3843.45,3851.0,3822.0,3849.01,666693.97
2025-10-22 09:15:00,3843.45,3851.0,3822.0,3849.01,666693.97
2025-10-22 09:15:00,3843.45,3851.0,3822.0,3849.01,666693.97
2025-10-22 09:15:00,3843.45,3851.0,3822.0,3849.01,666693.97
2025-10-22 09:15:00,3843.45,3851.0,3822.0,3849.01,666693.97
2025-10-22 09:15:00,3843.45,3851.0,3822.0,3849.01,666693.97
2025-10-22 09:15:00,3843.45,3851.0,3822.0,3849.01,666693.97
2025-10-22 09:15:00,3843.45,3851.0,3822.0,3849.01,666693.97
2025-10-22 09:15:00,3843.45,3851.0,3822.0,3849.01,666693.97
2025-10-22 09:15:00,3843.45,3851.0,3822.0,3849.01,666693.97
2025-10-22 09:15:00,3843.45,3851.0,3822.0,3849.01,666693.97
2025-10-22 09:15:00,3843.45,3851.0,3822.0,3849.01,666693.97
2025-10-22 09:15:00,3843.45,3851.0,3822.0,3849.01,666693.97
2025-10-22 09:15:00,3843.45,3851.0,3822.0,3849.01,666693.97
2025-10-22 09:15:00,3843.45,3851.0,3822.0,3849.01,666693.97
2025-10-22 09:15:00,3843.45,3851.0,3822.0,3849.01,666693.97
2025-10-22 09:15:00,3843.45,3851.0,3822.0,3849.01,666693.97
2025-10-22 09:15:00,3843.45,3851.0,3822.0,3849.01,666693.97
2025-10-22 09:15:00,3843.45,3851.0,3822.0,3849.01,666693.97
2025-10-22 09:15:00,3843.45,3851.0,3822.0,3849.01,666693.97
2025-10-22 09:15:00,3843.45,3851.0,3822.0,3849.01,666693.97
2025-10-22 09:15:00,3843.45,3851.0,3822.0,3849.01,666693.97
2025-10-22 09:15:00,3843.45,3851.0,3822.0,3849.01,666693.97
2025-10-22 09:15:00,3843.45,3851.0,3822.0,3849.01,666693.97
2025-10-22 09:15:00,3843.45,3851.0,3822.0,3849.01,666693.97
2025-10-22 09:15:00,3843.45,3851.0,3822.0,3849.01,666693.97
2025-10-22 09:15:00,3843.45,3851.0,3822.0,3849.01,666693.97
2025-10-22 09:15:00,3843.45,3851.0,3822.0,3849.01,666693.97
2025-10-22 09:15:00,3843.45,3851.0,3822.0,3849.01,666693.97
2025-10-22 09:15:00,3843.45,3851.0,3822.0,3849.01,666693.97
2025-10-22 09:15:00,3843.45,3851.0,3822.0,3849.01,666693.97
2025-10-22 09:15:00,3843.45,3851.0,3822.0,3849.01,666693.97
2025-10-22 09:15:00,3843.45,3851.0,3822.0,3849.01,666693.97
2025-10-22 09:15:00,3843.45,3851.0,3822.0,3849.01,666693.97
2025-10-22 09:15:00,3843.45,3851.0,3822.0,3849.01,666693.97
2025-10-22 09:15:00,3843.45,3851.0,3822.0,3849.01,666693.97
2025-10-22 09:15:00,3843.45,3851.0,3822.0,3849.01,666693.97
2025-10-22 09:15:00,3843.45,3851.0,3822.0,3849.01,666693.97
2025-10-22 09:15:00,3843.45,3851.0,3822.0,3849.01,666693.97
2025-10-22 09:15:00,3843.45,3851.0,3822.0,3849.01,666693.97
2025-10-22 09:15:00,3843.45,3851.0,3822.0,3849.01,666693.97
2025-10-22 09:15:00,3843.45,3851.0,3822.0,3849.01,666693.97
2025-10-22 09:30:00,3849.01,3857.0,3830.01,3833.29,365611.75
2025-10-22 09:30:00,3849.01,3857.0,3830.01,3833.29,365611.75
2025-10-22 09:30:00,3849.01,3857.0,3830.01,3833.29,365611.75
2025-10-22 09:30:00,3849.01,3857.0,3830.01,3833.29,365611.75
2025-10-22 09:30:00,3849.01,3857.0,3830.01,3833.29,365611.75
2025-10-22 09:30:00,3849.01,3857.0,3830.01,3833.29,365611.75
2025-10-22 09:30:00,3849.01,3857.0,3830.01,3833.29,365611.75
2025-10-22 09:30:00,3849.01,3857.0,3830.01,3833.29,365611.75
2025-10-22 09:30:00,3849.01,3857.0,3830.01,3833.29,365611.75
2025-10-22 09:30:00,3849.01,3857.0,3830.01,3833.29,365611.75
2025-10-22 09:30:00,3849.01,3857.0,3830.01,3833.29,365611.75
2025-10-22 09:30:00,3849.01,3857.0,3830.01,3833.29,365611.75
2025-10-22 09:30:00,3849.01,3857.0,3830.01,3833.29,365611.75
2025-10-22 09:30:00,3849.01,3857.0,3830.01,3833.29,365611.75
2025-10-22 09:30:00,3849.01,3857.0,3830.01,3833.29,365611.75
2025-10-22 09:30:00,3849.01,3857.0,3830.01,3833.29,365611.75
2025-10-22 09:30:00,3849.01,3857.0,3830.01,3833.29,365611.75
2025-10-22 09:30:00,3849.01,3857.0,3830.01,3833.29,365611.75
2025-10-22 09:30:00,3849.01,3857.0,3830.01,3833.29,365611.75
2025-10-22 09:30:00,3849.01,3857.0,3830.01,3833.29,365611.75
2025-10-22 09:30:00,3849.01,3857.0,3830.01,3833.29,365611.75
2025-10-22 09:30:00,3849.01,3857.0,3830.01,3833.29,365611.75
2025-10-22 09:30:00,3849.01,3857.0,3830.01,3833.29,365611.75
2025-10-22 09:30:00,3849.01,3857.0,3830.01,3833.29,365611.75
2025-10-22 09:30:00,3849.01,3857.0,3830.01,3833.29,365611.75
2025-10-22 09:30:00,3849.01,3857.0,3830.01,3833.29,365611.75
2025-10-22 09:30:00,3849.01,3857.0,3830.01,3833.29,365611.75
2025-10-22 09:30:00,3849.01,3857.0,3830.01,3833.29,365611.75
2025-10-22 09:30:00,3849.01,3857.0,3830.01,3833.29,365611.75
2025-10-22 09:30:00,3849.01,3857.0,3830.01,3833.29,365611.75
2025-10-22 09:30:00,3849.01,3857.0,3830.01,3833.29,365611.75
2025-10-22 09:30:00,3849.01,3857.0,3830.01,3833.29,365611.75
2025-10-22 09:30:00,3849.01,3857.0,3830.01,3833.29,365611.75
2025-10-22 09:30:00,3849.01,3857.0,3830.01,3833.29,365611.75
2025-10-22 09:30:00,3849.01,3857.0,3830.01,3833.29,365611.75
2025-10-22 09:30:00,3849.01,3857.0,3830.01,3833.29,365611.75
2025-10-22 09:30:00,3849.01,3857.0,3830.01,3833.29,365611.75
2025-10-22 09:30:00,3849.01,3857.0,3830.01,3833.29,365611.75
2025-10-22 09:30:00,3849.01,3857.0,3830.01,3833.29,365611.75
2025-10-22 09:30:00,3849.01,3857.0,3830.01,3833.29,365611.75
2025-10-22 09:30:00,3849.01,3857.0,3830.01,3833.29,365611.75
2025-10-22 09:30:00,3849.01,3857.0,3830.01,3833.29,365611.75
2025-10-22 09:30:00,3849.01,3857.0,3830.01,3833.29,365611.75
2025-10-22 09:30:00,3849.01,3857.0,3830.01,3833.29,365611.75
2025-10-22 09:30:00,3849.01,3857.0,3830.01,3833.29,365611.75
2025-10-22 09:30:00,3849.01,3857.0,3830.01,3833.29,365611.75
2025-10-22 09:30:00,3849.01,3857.0,3830.01,3833.29,365611.75
2025-10-22 09:30:00,3849.01,3857.0,3830.01,3833.29,365611.75
2025-10-22 09:30:00,3849.01,3857.0,3830.01,3833.29,365611.75
2025-10-22 09:30:00,3849.01,3857.0,3830.01,3833.29,365611.75
2025-10-22 09:30:00,3849.01,3857.0,3830.01,3833.29,365611.75
2025-10-22 09:30:00,3849.01,3857.0,3830.01,3833.29,365611.75
2025-10-22 09:30:00,3849.01,3857.0,3830.01,3833.29,365611.75
2025-10-22 09:45:00,3833.29,3841.9,3826.01,3835.39,290743.68
2025-10-22 09:45:00,3833.29,3841.9,3826.01,3835.39,290743.68
2025-10-22 09:45:00,3833.29,3841.9,3826.01,3835.39,290743.68
2025-10-22 09:45:00,3833.29,3841.9,3826.01,3835.39,290743.68
2025-10-22 09:45:00,3833.29,3841.9,3826.01,3835.39,290743.68
2025-10-22 09:45:00,3833.29,3841.9,3826.01,3835.39,290743.68
2025-10-22 09:45:00,3833.29,3841.9,3826.01,3835.39,290743.68
2025-10-22 09:45:00,3833.29,3841.9,3826.01,3835.39,290743.68
2025-10-22 09:45:00,3833.29,3841.9,3826.01,3835.39,290743.68
2025-10-22 09:45:00,3833.29,3841.9,3826.01,3835.39,290743.68
2025-10-22 09:45:00,3833.29,3841.9,3826.01,3835.39,290743.68
2025-10-22 09:45:00,3833.29,3841.9,3826.01,3835.39,290743.68
2025-10-22 09:45:00,3833.29,3841.9,3826.01,3835.39,290743.68
2025-10-22 09:45:00,3833.29,3841.9,3826.01,3835.39,290743.68
2025-10-22 09:45:00,3833.29,3841.9,3826.01,3835.39,290743.68
2025-10-22 09:45:00,3833.29,3841.9,3826.01,3835.39,290743.68
2025-10-22 09:45:00,3833.29,3841.9,3826.01,3835.39,290743.68
2025-10-22 09:45:00,3833.29,3841.9,3826.01,3835.39,290743.68
2025-10-22 09:45:00,3833.29,3841.9,3826.01,3835.39,290743.68
2025-10-22 09:45:00,3833.29,3841.9,3826.01,3835.39,290743.68
2025-10-22 09:45:00,3833.29,3841.9,3826.01,3835.39,290743.68
2025-10-22 09:45:00,3833.29,3841.9,3826.01,3835.39,290743.68
2025-10-22 09:45:00,3833.29,3841.9,3826.01,3835.39,290743.68
2025-10-22 09:45:00,3833.29,3841.9,3826.01,3835.39,290743.68
2025-10-22 09:45:00,3833.29,3841.9,3826.01,3835.39,290743.68
2025-10-22 09:45:00,3833.29,3841.9,3826.01,3835.39,290743.68
2025-10-22 09:45:00,3833.29,3841.9,3826.01,3835.39,290743.68
2025-10-22 09:45:00,3833.29,3841.9,3826.01,3835.39,290743.68
2025-10-22 09:45:00,3833.29,3841.9,3826.01,3835.39,290743.68
2025-10-22 09:45:00,3833.29,3841.9,3826.01,3835.39,290743.68
2025-10-22 09:45:00,3833.29,3841.9,3826.01,3835.39,290743.68
2025-10-22 09:45:00,3833.29,3841.9,3826.01,3835.39,290743.68
2025-10-22 09:45:00,3833.29,3841.9,3826.01,3835.39,290743.68
2025-10-22 09:45:00,3833.29,3841.9,3826.01,3835.39,290743.68
2025-10-22 09:45:00,3833.29,3841.9,3826.01,3835.39,290743.68
2025-10-22 09:45:00,3833.29,3841.9,3826.01,3835.39,290743.68
2025-10-22 09:45:00,3833.29,3841.9,3826.01,3835.39,290743.68
2025-10-22 09:45:00,3833.29,3841.9,3826.01,3835.39,290743.68
2025-10-22 09:45:00,3833.29,3841.9,3826.01,3835.39,290743.68
2025-10-22 09:45:00,3833.29,3841.9,3826.01,3835.39,290743.68
2025-10-22 09:45:00,3833.29,3841.9,3826.01,3835.39,290743.68
2025-10-22 09:45:00,3833.29,3841.9,3826.01,3835.39,290743.68
2025-10-22 09:45:00,3833.29,3841.9,3826.01,3835.39,290743.68
2025-10-22 09:45:00,3833.29,3841.9,3826.01,3835.39,290743.68
2025-10-22 09:45:00,3833.29,3841.9,3826.01,3835.39,290743.68
2025-10-22 09:45:00,3833.29,3841.9,3826.01,3835.39,290743.68
2025-10-22 09:45:00,3833.29,3841.9,3826.01,3835.39,290743.68
2025-10-22 09:45:00,3833.29,3841.9,3826.01,3835.39,290743.68
2025-10-22 09:45:00,3833.29,3841.9,3826.01,3835.39,290743.68
2025-10-22 09:45:00,3833.29,3841.9,3826.01,3835.39,290743.68
2025-10-22 09:45:00,3833.29,3841.9,3826.01,3835.39,290743.68
2025-10-22 09:45:00,3833.29,3841.9,3826.01,3835.39,290743.68
2025-10-22 09:45:00,3833.29,3841.9,3826.01,3835.39,290743.68
2025-10-22 10:00:00,3835.38,3848.0,3828.88,3842.95,201616.57
2025-10-22 10:00:00,3835.38,3848.0,3828.88,3842.95,201616.57
2025-10-22 10:00:00,3835.38,3848.0,3828.88,3842.95,201616.57
2025-10-22 10:00:00,3835.38,3848.0,3828.88,3842.95,201616.57
2025-10-22 10:00:00,3835.38,3848.0,3828.88,3842.95,201616.57
2025-10-22 10:00:00,3835.38,3848.0,3828.88,3842.95,201616.57
2025-10-22 10:00:00,3835.38,3848.0,3828.88,3842.95,201616.57
2025-10-22 10:00:00,3835.38,3848.0,3828.88,3842.95,201616.57
2025-10-22 10:00:00,3835.38,3848.0,3828.88,3842.95,201616.57
2025-10-22 10:00:00,3835.38,3848.0,3828.88,3842.95,201616.57
2025-10-22 10:00:00,3835.38,3848.0,3828.88,3842.95,201616.57
2025-10-22 10:00:00,3835.38,3848.0,3828.88,3842.95,201616.57
2025-10-22 10:00:00,3835.38,3848.0,3828.88,3842.95,201616.57
2025-10-22 10:00:00,3835.38,3848.0,3828.88,3842.95,201616.57
2025-10-22 10:00:00,3835.38,3848.0,3828.88,3842.95,201616.57
2025-10-22 10:00:00,3835.38,3848.0,3828.88,3842.95,201616.57
2025-10-22 10:00:00,3835.38,3848.0,3828.88,3842.95,201616.57
2025-10-22 10:00:00,3835.38,3848.0,3828.88,3842.95,201616.57
2025-10-22 10:00:00,3835.38,3848.0,3828.88,3842.95,201616.57
2025-10-22 10:00:00,3835.38,3848.0,3828.88,3842.95,201616.57
2025-10-22 10:00:00,3835.38,3848.0,3828.88,3842.95,201616.57
2025-10-22 10:00:00,3835.38,3848.0,3828.88,3842.95,201616.57
2025-10-22 10:00:00,3835.38,3848.0,3828.88,3842.95,201616.57
2025-10-22 10:00:00,3835.38,3848.0,3828.88,3842.95,201616.57
2025-10-22 10:00:00,3835.38,3848.0,3828.88,3842.95,201616.57
2025-10-22 10:00:00,3835.38,3848.0,3828.88,3842.95,201616.57
2025-10-22 10:00:00,3835.38,3848.0,3828.88,3842.95,201616.57
2025-10-22 10:00:00,3835.38,3848.0,3828.88,3842.95,201616.57
2025-10-22 10:00:00,3835.38,3848.0,3828.88,3842.95,201616.57
2025-10-22 10:00:00,3835.38,3848.0,3828.88,3842.95,201616.57
2025-10-22 10:00:00,3835.38,3848.0,3828.88,3842.95,201616.57
2025-10-22 10:00:00,3835.38,3848.0,3828.88,3842.95,201616.57
2025-10-22 10:00:00,3835.38,3848.0,3828.88,3842.95,201616.57
2025-10-22 10:00:00,3835.38,3848.0,3828.88,3842.95,201616.57
2025-10-22 10:00:00,3835.38,3848.0,3828.88,3842.95,201616.57
2025-10-22 10:00:00,3835.38,3848.0,3828.88,3842.95,201616.57
2025-10-22 10:00:00,3835.38,3848.0,3828.88,3842.95,201616.57
2025-10-22 10:00:00,3835.38,3848.0,3828.88,3842.95,201616.57
2025-10-22 10:00:00,3835.38,3848.0,3828.88,3842.95,201616.57
2025-10-22 10:00:00,3835.38,3848.0,3828.88,3842.95,201616.57
2025-10-22 10:00:00,3835.38,3848.0,3828.88,3842.95,201616.57
2025-10-22 10:00:00,3835.38,3848.0,3828.88,3842.95,201616.57
2025-10-22 10:00:00,3835.38,3848.0,3828.88,3842.95,201616.57
2025-10-22 10:00:00,3835.38,3848.0,3828.88,3842.95,201616.57
2025-10-22 10:00:00,3835.38,3848.0,3828.88,3842.95,201616.57
2025-10-22 10:00:00,3835.38,3848.0,3828.88,3842.95,201616.57
2025-10-22 10:00:00,3835.38,3848.0,3828.88,3842.95,201616.57
2025-10-22 10:00:00,3835.38,3848.0,3828.88,3842.95,201616.57
2025-10-22 10:00:00,3835.38,3848.0,3828.88,3842.95,201616.57
2025-10-22 10:00:00,3835.38,3848.0,3828.88,3842.95,201616.57
2025-10-22 10:00:00,3835.38,3848.0,3828.88,3842.95,201616.57
2025-10-22 10:00:00,3835.38,3848.0,3828.88,3842.95,201616.57
2025-10-22 10:00:00,3835.38,3848.0,3828.88,3842.95,201616.57
2025-10-22 10:15:00,3842.95,3847.0,3832.0,3836.35,167362.23
2025-10-22 10:15:00,3842.95,3847.0,3832.0,3836.35,167362.23
2025-10-22 10:15:00,3842.95,3847.0,3832.0,3836.35,167362.23
2025-10-22 10:15:00,3842.95,3847.0,3832.0,3836.35,167362.23
2025-10-22 10:15:00,3842.95,3847.0,3832.0,3836.35,167362.23
2025-10-22 10:15:00,3842.95,3847.0,3832.0,3836.35,167362.23
2025-10-22 10:15:00,3842.95,3847.0,3832.0,3836.35,167362.23
2025-10-22 10:15:00,3842.95,3847.0,3832.0,3836.35,167362.23
2025-10-22 10:15:00,3842.95,3847.0,3832.0,3836.35,167362.23
2025-10-22 10:15:00,3842.95,3847.0,3832.0,3836.35,167362.23
2025-10-22 10:15:00,3842.95,3847.0,3832.0,3836.35,167362.23
2025-10-22 10:15:00,3842.95,3847.0,3832.0,3836.35,167362.23
2025-10-22 10:15:00,3842.95,3847.0,3832.0,3836.35,167362.23
2025-10-22 10:15:00,3842.95,3847.0,3832.0,3836.35,167362.23
2025-10-22 10:15:00,3842.95,3847.0,3832.0,3836.35,167362.23
2025-10-22 10:15:00,3842.95,3847.0,3832.0,3836.35,167362.23
2025-10-22 10:15:00,3842.95,3847.0,3832.0,3836.35,167362.23
2025-10-22 10:15:00,3842.95,3847.0,3832.0,3836.35,167362.23
2025-10-22 10:15:00,3842.95,3847.0,3832.0,3836.35,167362.23
2025-10-22 10:15:00,3842.95,3847.0,3832.0,3836.35,167362.23
2025-10-22 10:15:00,3842.95,3847.0,3832.0,3836.35,167362.23
2025-10-22 10:15:00,3842.95,3847.0,3832.0,3836.35,167362.23
2025-10-22 10:15:00,3842.95,3847.0,3832.0,3836.35,167362.23
2025-10-22 10:15:00,3842.95,3847.0,3832.0,3836.35,167362.23
2025-10-22 10:15:00,3842.95,3847.0,3832.0,3836.35,167362.23
2025-10-22 10:15:00,3842.95,3847.0,3832.0,3836.35,167362.23
2025-10-22 10:15:00,3842.95,3847.0,3832.0,3836.35,167362.23
2025-10-22 10:15:00,3842.95,3847.0,3832.0,3836.35,167362.23
2025-10-22 10:15:00,3842.95,3847.0,3832.0,3836.35,167362.23
2025-10-22 10:15:00,3842.95,3847.0,3832.0,3836.35,167362.23
2025-10-22 10:15:00,3842.95,3847.0,3832.0,3836.35,167362.23
2025-10-22 10:15:00,3842.95,3847.0,3832.0,3836.35,167362.23
2025-10-22 10:15:00,3842.95,3847.0,3832.0,3836.35,167362.23
2025-10-22 10:15:00,3842.95,3847.0,3832.0,3836.35,167362.23
2025-10-22 10:15:00,3842.95,3847.0,3832.0,3836.35,167362.23
2025-10-22 10:15:00,3842.95,3847.0,3832.0,3836.35,167362.23
2025-10-22 10:15:00,3842.95,3847.0,3832.0,3836.35,167362.23
2025-10-22 10:15:00,3842.95,3847.0,3832.0,3836.35,167362.23
2025-10-22 10:15:00,3842.95,3847.0,3832.0,3836.35,167362.23
2025-10-22 10:15:00,3842.95,3847.0,3832.0,3836.35,167362.23
2025-10-22 10:15:00,3842.95,3847.0,3832.0,3836.35,167362.23
2025-10-22 10:15:00,3842.95,3847.0,3832.0,3836.35,167362.23
2025-10-22 10:15:00,3842.95,3847.0,3832.0,3836.35,167362.23
2025-10-22 10:15:00,3842.95,3847.0,3832.0,3836.35,167362.23
2025-10-22 10:15:00,3842.95,3847.0,3832.0,3836.35,167362.23
2025-10-22 10:15:00,3842.95,3847.0,3832.0,3836.35,167362.23
2025-10-22 10:15:00,3842.95,3847.0,3832.0,3836.35,167362.23
2025-10-22 10:15:00,3842.95,3847.0,3832.0,3836.35,167362.23
2025-10-22 10:15:00,3842.95,3847.0,3832.0,3836.35,167362.23
2025-10-22 10:15:00,3842.95,3847.0,3832.0,3836.35,167362.23
2025-10-22 10:15:00,3842.95,3847.0,3832.0,3836.35,167362.23
2025-10-22 10:15:00,3842.95,3847.0,3832.0,3836.35,167362.23
2025-10-22 10:15:00,3842.95,3847.0,3832.0,3836.35,167362.23
2025-10-22 10:30:00,3836.35,3840.85,3826.52,3832.25,256923.91
2025-10-22 10:30:00,3836.35,3840.85,3826.52,3832.25,256923.91
2025-10-22 10:30:00,3836.35,3840.85,3826.52,3832.25,256923.91
2025-10-22 10:30:00,3836.35,3840.85,3826.52,3832.25,256923.91
2025-10-22 10:30:00,3836.35,3840.85,3826.52,3832.25,256923.91
2025-10-22 10:30:00,3836.35,3840.85,3826.52,3832.25,256923.91
2025-10-22 10:30:00,3836.35,3840.85,3826.52,3832.25,256923.91
2025-10-22 10:30:00,3836.35,3840.85,3826.52,3832.25,256923.91
2025-10-22 10:30:00,3836.35,3840.85,3826.52,3832.25,256923.91
2025-10-22 10:30:00,3836.35,3840.85,3826.52,3832.25,256923.91
2025-10-22 10:30:00,3836.35,3840.85,3826.52,3832.25,256923.91
2025-10-22 10:30:00,3836.35,3840.85,3826.52,3832.25,256923.91
2025-10-22 10:30:00,3836.35,3840.85,3826.52,3832.25,256923.91
2025-10-22 10:30:00,3836.35,3840.85,3826.52,3832.25,256923.91
2025-10-22 10:30:00,3836.35,3840.85,3826.52,3832.25,256923.91
2025-10-22 10:30:00,3836.35,3840.85,3826.52,3832.25,256923.91
2025-10-22 10:30:00,3836.35,3840.85,3826.52,3832.25,256923.91
2025-10-22 10:30:00,3836.35,3840.85,3826.52,3832.25,256923.91
2025-10-22 10:30:00,3836.35,3840.85,3826.52,3832.25,256923.91
2025-10-22 10:30:00,3836.35,3840.85,3826.52,3832.25,256923.91
2025-10-22 10:30:00,3836.35,3840.85,3826.52,3832.25,256923.91
2025-10-22 10:30:00,3836.35,3840.85,3826.52,3832.25,256923.91
2025-10-22 10:30:00,3836.35,3840.85,3826.52,3832.25,256923.91
2025-10-22 10:30:00,3836.35,3840.85,3826.52,3832.25,256923.91
2025-10-22 10:30:00,3836.35,3840.85,3826.52,3832.25,256923.91
2025-10-22 10:30:00,3836.35,3840.85,3826.52,3832.25,256923.91
2025-10-22 10:30:00,3836.35,3840.85,3826.52,3832.25,256923.91
2025-10-22 10:30:00,3836.35,3840.85,3826.52,3832.25,256923.91
2025-10-22 10:30:00,3836.35,3840.85,3826.52,3832.25,256923.91
2025-10-22 10:30:00,3836.35,3840.85,3826.52,3832.25,256923.91
2025-10-22 10:30:00,3836.35,3840.85,3826.52,3832.25,256923.91
2025-10-22 10:30:00,3836.35,3840.85,3826.52,3832.25,256923.91
2025-10-22 10:30:00,3836.35,3840.85,3826.52,3832.25,256923.91
2025-10-22 10:30:00,3836.35,3840.85,3826.52,3832.25,256923.91
2025-10-22 10:30:00,3836.35,3840.85,3826.52,3832.25,256923.91
2025-10-22 10:30:00,3836.35,3840.85,3826.52,3832.25,256923.91
2025-10-22 10:30:00,3836.35,3840.85,3826.52,3832.25,256923.91
2025-10-22 10:30:00,3836.35,3840.85,3826.52,3832.25,256923.91
2025-10-22 10:30:00,3836.35,3840.85,3826.52,3832.25,256923.91
2025-10-22 10:30:00,3836.35,3840.85,3826.52,3832.25,256923.91
2025-10-22 10:30:00,3836.35,3840.85,3826.52,3832.25,256923.91
2025-10-22 10:30:00,3836.35,3840.85,3826.52,3832.25,256923.91
2025-10-22 10:30:00,3836.35,3840.85,3826.52,3832.25,256923.91
2025-10-22 10:30:00,3836.35,3840.85,3826.52,3832.25,256923.91
2025-10-22 10:30:00,3836.35,3840.85,3826.52,3832.25,256923.91
2025-10-22 10:30:00,3836.35,3840.85,3826.52,3832.25,256923.91
2025-10-22 10:30:00,3836.35,3840.85,3826.52,3832.25,256923.91
2025-10-22 10:30:00,3836.35,3840.85,3826.52,3832.25,256923.91
2025-10-22 10:30:00,3836.35,3840.85,3826.52,3832.25,256923.91
2025-10-22 10:30:00,3836.35,3840.85,3826.52,3832.25,256923.91
2025-10-22 10:30:00,3836.35,3840.85,3826.52,3832.25,256923.91
2025-10-22 10:30:00,3836.35,3840.85,3826.52,3832.25,256923.91
2025-10-22 10:30:00,3836.35,3840.85,3826.52,3832.25,256923.91
2025-10-22 10:45:00,3832.26,3836.97,3815.49,3819.09,756084.81
2025-10-22 10:45:00,3832.26,3836.97,3815.49,3819.09,756084.81
2025-10-22 10:45:00,3832.26,3836.97,3815.49,3819.09,756084.81
2025-10-22 10:45:00,3832.26,3836.97,3815.49,3819.09,756084.81
2025-10-22 10:45:00,3832.26,3836.97,3815.49,3819.09,756084.81
2025-10-22 10:45:00,3832.26,3836.97,3815.49,3819.09,756084.81
2025-10-22 10:45:00,3832.26,3836.97,3815.49,3819.09,756084.81
2025-10-22 10:45:00,3832.26,3836.97,3815.49,3819.09,756084.81
2025-10-22 10:45:00,3832.26,3836.97,3815.49,3819.09,756084.81
2025-10-22 10:45:00,3832.26,3836.97,3815.49,3819.09,756084.81
2025-10-22 10:45:00,3832.26,3836.97,3815.49,3819.09,756084.81
2025-10-22 10:45:00,3832.26,3836.97,3815.49,3819.09,756084.81
2025-10-22 10:45:00,3832.26,3836.97,3815.49,3819.09,756084.81
2025-10-22 10:45:00,3832.26,3836.97,3815.49,3819.09,756084.81
2025-10-22 10:45:00,3832.26,3836.97,3815.49,3819.09,756084.81
2025-10-22 10:45:00,3832.26,3836.97,3815.49,3819.09,756084.81
2025-10-22 10:45:00,3832.26,3836.97,3815.49,3819.09,756084.81
2025-10-22 10:45:00,3832.26,3836.97,3815.49,3819.09,756084.81
2025-10-22 10:45:00,3832.26,3836.97,3815.49,3819.09,756084.81
2025-10-22 10:45:00,3832.26,3836.97,3815.49,3819.09,756084.81
2025-10-22 10:45:00,3832.26,3836.97,3815.49,3819.09,756084.81
2025-10-22 10:45:00,3832.26,3836.97,3815.49,3819.09,756084.81
2025-10-22 10:45:00,3832.26,3836.97,3815.49,3819.09,756084.81
2025-10-22 10:45:00,3832.26,3836.97,3815.49,3819.09,756084.81
2025-10-22 10:45:00,3832.26,3836.97,3815.49,3819.09,756084.81
2025-10-22 10:45:00,3832.26,3836.97,3815.49,3819.09,756084.81
2025-10-22 10:45:00,3832.26,3836.97,3815.49,3819.09,756084.81
2025-10-22 10:45:00,3832.26,3836.97,3815.49,3819.09,756084.81
2025-10-22 10:45:00,3832.26,3836.97,3815.49,3819.09,756084.81
2025-10-22 10:45:00,3832.26,3836.97,3815.49,3819.09,756084.81
2025-10-22 10:45:00,3832.26,3836.97,3815.49,3819.09,756084.81
2025-10-22 10:45:00,3832.26,3836.97,3815.49,3819.09,756084.81
2025-10-22 10:45:00,3832.26,3836.97,3815.49,3819.09,756084.81
2025-10-22 10:45:00,3832.26,3836.97,3815.49,3819.09,756084.81
2025-10-22 10:45:00,3832.26,3836.97,3815.49,3819.09,756084.81
2025-10-22 10:45:00,3832.26,3836.97,3815.49,3819.09,756084.81
2025-10-22 10:45:00,3832.26,3836.97,3815.49,3819.09,756084.81
2025-10-22 10:45:00,3832.26,3836.97,3815.49,3819.09,756084.81
2025-10-22 10:45:00,3832.26,3836.97,3815.49,3819.09,756084.81
2025-10-22 10:45:00,3832.26,3836.97,3815.49,3819.09,756084.81
2025-10-22 10:45:00,3832.26,3836.97,3815.49,3819.09,756084.81
2025-10-22 10:45:00,3832.26,3836.97,3815.49,3819.09,756084.81
2025-10-22 10:45:00,3832.26,3836.97,3815.49,3819.09,756084.81
2025-10-22 10:45:00,3832.26,3836.97,3815.49,3819.09,756084.81
2025-10-22 10:45:00,3832.26,3836.97,3815.49,3819.09,756084.81
2025-10-22 10:45:00,3832.26,3836.97,3815.49,3819.09,756084.81
2025-10-22 10:45:00,3832.26,3836.97,3815.49,3819.09,756084.81
2025-10-22 10:45:00,3832.26,3836.97,3815.49,3819.09,756084.81
2025-10-22 10:45:00,3832.26,3836.97,3815.49,3819.09,756084.81
2025-10-22 10:45:00,3832.26,3836.97,3815.49,3819.09,756084.81
2025-10-22 10:45:00,3832.26,3836.97,3815.49,3819.09,756084.81
2025-10-22 10:45:00,3832.26,3836.97,3815.49,3819.09,756084.81
2025-10-22 10:45:00,3832.26,3836.97,3815.49,3819.09,756084.81
2025-10-22 11:00:00,3819.1,3828.32,3763.54,3823.77,2658253.45
2025-10-22 11:00:00,3819.1,3828.32,3763.54,3823.77,2658253.45
2025-10-22 11:00:00,3819.1,3828.32,3763.54,3823.77,2658253.45
2025-10-22 11:00:00,3819.1,3828.32,3763.54,3823.77,2658253.45
2025-10-22 11:00:00,3819.1,3828.32,3763.54,3823.77,2658253.45
2025-10-22 11:00:00,3819.1,3828.32,3763.54,3823.77,2658253.45
2025-10-22 11:00:00,3819.1,3828.32,3763.54,3823.77,2658253.45
2025-10-22 11:00:00,3819.1,3828.32,3763.54,3823.77,2658253.45
2025-10-22 11:00:00,3819.1,3828.32,3763.54,3823.77,2658253.45
2025-10-22 11:00:00,3819.1,3828.32,3763.54,3823.77,2658253.45
2025-10-22 11:00:00,3819.1,3828.32,3763.54,3823.77,2658253.45
2025-10-22 11:00:00,3819.1,3828.32,3763.54,3823.77,2658253.45
2025-10-22 11:00:00,3819.1,3828.32,3763.54,3823.77,2658253.45
2025-10-22 11:00:00,3819.1,3828.32,3763.54,3823.77,2658253.45
2025-10-22 11:00:00,3819.1,3828.32,3763.54,3823.77,2658253.45
2025-10-22 11:00:00,3819.1,3828.32,3763.54,3823.77,2658253.45
2025-10-22 11:00:00,3819.1,3828.32,3763.54,3823.77,2658253.45
2025-10-22 11:00:00,3819.1,3828.32,3763.54,3823.77,2658253.45
2025-10-22 11:00:00,3819.1,3828.32,3763.54,3823.77,2658253.45
2025-10-22 11:00:00,3819.1,3828.32,3763.54,3823.77,2658253.45
2025-10-22 11:00:00,3819.1,3828.32,3763.54,3823.77,2658253.45
2025-10-22 11:00:00,3819.1,3828.32,3763.54,3823.77,2658253.45
2025-10-22 11:00:00,3819.1,3828.32,3763.54,3823.77,2658253.45
2025-10-22 11:00:00,3819.1,3828.32,3763.54,3823.77,2658253.45
2025-10-22 11:00:00,3819.1,3828.32,3763.54,3823.77,2658253.45
2025-10-22 11:00:00,3819.1,3828.32,3763.54,3823.77,2658253.45
2025-10-22 11:00:00,3819.1,3828.32,3763.54,3823.77,2658253.45
2025-10-22 11:00:00,3819.1,3828.32,3763.54,3823.77,2658253.45
2025-10-22 11:00:00,3819.1,3828.32,3763.54,3823.77,2658253.45
2025-10-22 11:00:00,3819.1,3828.32,3763.54,3823.77,2658253.45
2025-10-22 11:00:00,3819.1,3828.32,3763.54,3823.77,2658253.45
2025-10-22 11:00:00,3819.1,3828.32,3763.54,3823.77,2658253.45
2025-10-22 11:00:00,3819.1,3828.32,3763.54,3823.77,2658253.45
2025-10-22 11:00:00,3819.1,3828.32,3763.54,3823.77,2658253.45
2025-10-22 11:00:00,3819.1,3828.32,3763.54,3823.77,2658253.45
2025-10-22 11:00:00,3819.1,3828.32,3763.54,3823.77,2658253.45
2025-10-22 11:00:00,3819.1,3828.32,3763.54,3823.77,2658253.45
2025-10-22 11:00:00,3819.1,3828.32,3763.54,3823.77,2658253.45
2025-10-22 11:00:00,3819.1,3828.32,3763.54,3823.77,2658253.45
2025-10-22 11:00:00,3819.1,3828.32,3763.54,3823.77,2658253.45
2025-10-22 11:00:00,3819.1,3828.32,3763.54,3823.77,2658253.45
2025-10-22 11:00:00,3819.1,3828.32,3763.54,3823.77,2658253.45
2025-10-22 11:00:00,3819.1,3828.32,3763.54,3823.77,2658253.45
2025-10-22 11:00:00,3819.1,3828.32,3763.54,3823.77,2658253.45
2025-10-22 11:00:00,3819.1,3828.32,3763.54,3823.77,2658253.45
2025-10-22 11:00:00,3819.1,3828.32,3763.54,3823.77,2658253.45
2025-10-22 11:00:00,3819.1,3828.32,3763.54,3823.77,2658253.45
2025-10-22 11:00:00,3819.1,3828.32,3763.54,3823.77,2658253.45
2025-10-22 11:00:00,3819.1,3828.32,3763.54,3823.77,2658253.45
2025-10-22 11:00:00,3819.1,3828.32,3763.54,3823.77,2658253.45
2025-10-22 11:00:00,3819.1,3828.32,3763.54,3823.77,2658253.45
2025-10-22 11:00:00,3819.1,3828.32,3763.54,3823.77,2658253.45
2025-10-22 11:00:00,3819.1,3828.32,3763.54,3823.77,2658253.45
2025-10-22 11:15:00,3823.78,3837.49,3805.56,3821.82,733863.43
2025-10-22 11:15:00,3823.78,3837.49,3805.56,3821.82,733863.43
2025-10-22 11:15:00,3823.78,3837.49,3805.56,3821.82,733863.43
2025-10-22 11:15:00,3823.78,3837.49,3805.56,3821.82,733863.43
2025-10-22 11:15:00,3823.78,3837.49,3805.56,3821.82,733863.43
2025-10-22 11:15:00,3823.78,3837.49,3805.56,3821.82,733863.43
2025-10-22 11:15:00,3823.78,3837.49,3805.56,3821.82,733863.43
2025-10-22 11:15:00,3823.78,3837.49,3805.56,3821.82,733863.43
2025-10-22 11:15:00,3823.78,3837.49,3805.56,3821.82,733863.43
2025-10-22 11:15:00,3823.78,3837.49,3805.56,3821.82,733863.43
2025-10-22 11:15:00,3823.78,3837.49,3805.56,3821.82,733863.43
2025-10-22 11:15:00,3823.78,3837.49,3805.56,3821.82,733863.43
2025-10-22 11:15:00,3823.78,3837.49,3805.56,3821.82,733863.43
2025-10-22 11:15:00,3823.78,3837.49,3805.56,3821.82,733863.43
2025-10-22 11:15:00,3823.78,3837.49,3805.56,3821.82,733863.43
2025-10-22 11:15:00,3823.78,3837.49,3805.56,3821.82,733863.43
2025-10-22 11:15:00,3823.78,3837.49,3805.56,3821.82,733863.43
2025-10-22 11:15:00,3823.78,3837.49,3805.56,3821.82,733863.43
2025-10-22 11:15:00,3823.78,3837.49,3805.56,3821.82,733863.43
2025-10-22 11:15:00,3823.78,3837.49,3805.56,3821.82,733863.43
2025-10-22 11:15:00,3823.78,3837.49,3805.56,3821.82,733863.43
2025-10-22 11:15:00,3823.78,3837.49,3805.56,3821.82,733863.43
2025-10-22 11:15:00,3823.78,3837.49,3805.56,3821.82,733863.43
2025-10-22 11:15:00,3823.78,3837.49,3805.56,3821.82,733863.43
2025-10-22 11:15:00,3823.78,3837.49,3805.56,3821.82,733863.43
2025-10-22 11:15:00,3823.78,3837.49,3805.56,3821.82,733863.43
2025-10-22 11:15:00,3823.78,3837.49,3805.56,3821.82,733863.43
2025-10-22 11:15:00,3823.78,3837.49,3805.56,3821.82,733863.43
2025-10-22 11:15:00,3823.78,3837.49,3805.56,3821.82,733863.43
2025-10-22 11:15:00,3823.78,3837.49,3805.56,3821.82,733863.43
2025-10-22 11:15:00,3823.78,3837.49,3805.56,3821.82,733863.43
2025-10-22 11:15:00,3823.78,3837.49,3805.56,3821.82,733863.43
2025-10-22 11:15:00,3823.78,3837.49,3805.56,3821.82,733863.43
2025-10-22 11:15:00,3823.78,3837.49,3805.56,3821.82,733863.43
2025-10-22 11:15:00,3823.78,3837.49,3805.56,3821.82,733863.43
2025-10-22 11:15:00,3823.78,3837.49,3805.56,3821.82,733863.43
2025-10-22 11:15:00,3823.78,3837.49,3805.56,3821.82,733863.43
2025-10-22 11:15:00,3823.78,3837.49,3805.56,3821.82,733863.43
2025-10-22 11:15:00,3823.78,3837.49,3805.56,3821.82,733863.43
2025-10-22 11:15:00,3823.78,3837.49,3805.56,3821.82,733863.43
2025-10-22 11:15:00,3823.78,3837.49,3805.56,3821.82,733863.43
2025-10-22 11:15:00,3823.78,3837.49,3805.56,3821.82,733863.43
2025-10-22 11:15:00,3823.78,3837.49,3805.56,3821.82,733863.43
2025-10-22 11:15:00,3823.78,3837.49,3805.56,3821.82,733863.43
2025-10-22 11:15:00,3823.78,3837.49,3805.56,3821.82,733863.43
2025-10-22 11:15:00,3823.78,3837.49,3805.56,3821.82,733863.43
2025-10-22 11:15:00,3823.78,3837.49,3805.56,3821.82,733863.43
2025-10-22 11:15:00,3823.78,3837.49,3805.56,3821.82,733863.43
2025-10-22 11:15:00,3823.78,3837.49,3805.56,3821.82,733863.43
2025-10-22 11:15:00,3823.78,3837.49,3805.56,3821.82,733863.43
2025-10-22 11:15:00,3823.78,3837.49,3805.56,3821.82,733863.43
2025-10-22 11:15:00,3823.78,3837.49,3805.56,3821.82,733863.43
2025-10-22 11:15:00,3823.78,3837.49,3805.56,3821.82,733863.43
2025-10-22 11:30:00,3821.82,3836.81,3821.82,3825.15,306376.31
2025-10-22 11:30:00,3821.82,3836.81,3821.82,3825.15,306376.31
2025-10-22 11:30:00,3821.82,3836.81,3821.82,3825.15,306376.31
2025-10-22 11:30:00,3821.82,3836.81,3821.82,3825.15,306376.31
2025-10-22 11:30:00,3821.82,3836.81,3821.82,3825.15,306376.31
2025-10-22 11:30:00,3821.82,3836.81,3821.82,3825.15,306376.31
2025-10-22 11:30:00,3821.82,3836.81,3821.82,3825.15,306376.31
2025-10-22 11:30:00,3821.82,3836.81,3821.82,3825.15,306376.31
2025-10-22 11:30:00,3821.82,3836.81,3821.82,3825.15,306376.31
2025-10-22 11:30:00,3821.82,3836.81,3821.82,3825.15,306376.31
2025-10-22 11:30:00,3821.82,3836.81,3821.82,3825.15,306376.31
2025-10-22 11:30:00,3821.82,3836.81,3821.82,3825.15,306376.31
2025-10-22 11:30:00,3821.82,3836.81,3821.82,3825.15,306376.31
2025-10-22 11:30:00,3821.82,3836.81,3821.82,3825.15,306376.31
2025-10-22 11:30:00,3821.82,3836.81,3821.82,3825.15,306376.31
2025-10-22 11:30:00,3821.82,3836.81,3821.82,3825.15,306376.31
2025-10-22 11:30:00,3821.82,3836.81,3821.82,3825.15,306376.31
2025-10-22 11:30:00,3821.82,3836.81,3821.82,3825.15,306376.31
2025-10-22 11:30:00,3821.82,3836.81,3821.82,3825.15,306376.31
2025-10-22 11:30:00,3821.82,3836.81,3821.82,3825.15,306376.31
2025-10-22 11:30:00,3821.82,3836.81,3821.82,3825.15,306376.31
2025-10-22 11:30:00,3821.82,3836.81,3821.82,3825.15,306376.31
2025-10-22 11:30:00,3821.82,3836.81,3821.82,3825.15,306376.31
2025-10-22 11:30:00,3821.82,3836.81,3821.82,3825.15,306376.31
2025-10-22 11:30:00,3821.82,3836.81,3821.82,3825.15,306376.31
2025-10-22 11:30:00,3821.82,3836.81,3821.82,3825.15,306376.31
2025-10-22 11:30:00,3821.82,3836.81,3821.82,3825.15,306376.31
2025-10-22 11:30:00,3821.82,3836.81,3821.82,3825.15,306376.31
2025-10-22 11:30:00,3821.82,3836.81,3821.82,3825.15,306376.31
2025-10-22 11:30:00,3821.82,3836.81,3821.82,3825.15,306376.31
2025-10-22 11:30:00,3821.82,3836.81,3821.82,3825.15,306376.31
2025-10-22 11:30:00,3821.82,3836.81,3821.82,3825.15,306376.31
2025-10-22 11:30:00,3821.82,3836.81,3821.82,3825.15,306376.31
2025-10-22 11:30:00,3821.82,3836.81,3821.82,3825.15,306376.31
2025-10-22 11:30:00,3821.82,3836.81,3821.82,3825.15,306376.31
2025-10-22 11:30:00,3821.82,3836.81,3821.82,3825.15,306376.31
2025-10-22 11:30:00,3821.82,3836.81,3821.82,3825.15,306376.31
2025-10-22 11:30:00,3821.82,3836.81,3821.82,3825.15,306376.31
2025-10-22 11:30:00,3821.82,3836.81,3821.82,3825.15,306376.31
2025-10-22 11:30:00,3821.82,3836.81,3821.82,3825.15,306376.31
2025-10-22 11:30:00,3821.82,3836.81,3821.82,3825.15,306376.31
2025-10-22 11:30:00,3821.82,3836.81,3821.82,3825.15,306376.31
2025-10-22 11:30:00,3821.82,3836.81,3821.82,3825.15,306376.31
2025-10-22 11:30:00,3821.82,3836.81,3821.82,3825.15,306376.31
2025-10-22 11:30:00,3821.82,3836.81,3821.82,3825.15,306376.31
2025-10-22 11:30:00,3821.82,3836.81,3821.82,3825.15,306376.31
2025-10-22 11:30:00,3821.82,3836.81,3821.82,3825.15,306376.31
2025-10-22 11:30:00,3821.82,3836.81,3821.82,3825.15,306376.31
2025-10-22 11:30:00,3821.82,3836.81,3821.82,3825.15,306376.31
2025-10-22 11:30:00,3821.82,3836.81,3821.82,3825.15,306376.31
2025-10-22 11:30:00,3821.82,3836.81,3821.82,3825.15,306376.31
2025-10-22 11:30:00,3821.82,3836.81,3821.82,3825.15,306376.31
2025-10-22 11:30:00,3821.82,3836.81,3821.82,3825.15,306376.31
2025-10-22 11:45:00,3825.15,3829.25,3813.09,3827.01,298073.76
2025-10-22 11:45:00,3825.15,3829.25,3813.09,3827.01,298073.76
2025-10-22 11:45:00,3825.15,3829.25,3813.09,3827.01,298073.76
2025-10-22 11:45:00,3825.15,3829.25,3813.09,3827.01,298073.76
2025-10-22 11:45:00,3825.15,3829.25,3813.09,3827.01,298073.76
2025-10-22 11:45:00,3825.15,3829.25,3813.09,3827.01,298073.76
2025-10-22 11:45:00,3825.15,3829.25,3813.09,3827.01,298073.76
2025-10-22 11:45:00,3825.15,3829.25,3813.09,3827.01,298073.76
2025-10-22 11:45:00,3825.15,3829.25,3813.09,3827.01,298073.76
2025-10-22 11:45:00,3825.15,3829.25,3813.09,3827.01,298073.76
2025-10-22 11:45:00,3825.15,3829.25,3813.09,3827.01,298073.76
2025-10-22 11:45:00,3825.15,3829.25,3813.09,3827.01,298073.76
2025-10-22 11:45:00,3825.15,3829.25,3813.09,3827.01,298073.76
2025-10-22 11:45:00,3825.15,3829.25,3813.09,3827.01,298073.76
2025-10-22 11:45:00,3825.15,3829.25,3813.09,3827.01,298073.76
2025-10-22 11:45:00,3825.15,3829.25,3813.09,3827.01,298073.76
2025-10-22 11:45:00,3825.15,3829.25,3813.09,3827.01,298073.76
2025-10-22 11:45:00,3825.15,3829.25,3813.09,3827.01,298073.76
2025-10-22 11:45:00,3825.15,3829.25,3813.09,3827.01,298073.76
2025-10-22 11:45:00,3825.15,3829.25,3813.09,3827.01,298073.76
2025-10-22 11:45:00,3825.15,3829.25,3813.09,3827.01,298073.76
2025-10-22 11:45:00,3825.15,3829.25,3813.09,3827.01,298073.76
2025-10-22 11:45:00,3825.15,3829.25,3813.09,3827.01,298073.76
2025-10-22 11:45:00,3825.15,3829.25,3813.09,3827.01,298073.76
2025-10-22 11:45:00,3825.15,3829.25,3813.09,3827.01,298073.76
2025-10-22 11:45:00,3825.15,3829.25,3813.09,3827.01,298073.76
2025-10-22 11:45:00,3825.15,3829.25,3813.09,3827.01,298073.76
2025-10-22 11:45:00,3825.15,3829.25,3813.09,3827.01,298073.76
2025-10-22 11:45:00,3825.15,3829.25,3813.09,3827.01,298073.76
2025-10-22 11:45:00,3825.15,3829.25,3813.09,3827.01,298073.76
2025-10-22 11:45:00,3825.15,3829.25,3813.09,3827.01,298073.76
2025-10-22 11:45:00,3825.15,3829.25,3813.09,3827.01,298073.76
2025-10-22 11:45:00,3825.15,3829.25,3813.09,3827.01,298073.76
2025-10-22 11:45:00,3825.15,3829.25,3813.09,3827.01,298073.76
2025-10-22 11:45:00,3825.15,3829.25,3813.09,3827.01,298073.76
2025-10-22 11:45:00,3825.15,3829.25,3813.09,3827.01,298073.76
2025-10-22 11:45:00,3825.15,3829.25,3813.09,3827.01,298073.76
2025-10-22 11:45:00,3825.15,3829.25,3813.09,3827.01,298073.76
2025-10-22 11:45:00,3825.15,3829.25,3813.09,3827.01,298073.76
2025-10-22 11:45:00,3825.15,3829.25,3813.09,3827.01,298073.76
2025-10-22 11:45:00,3825.15,3829.25,3813.09,3827.01,298073.76
2025-10-22 11:45:00,3825.15,3829.25,3813.09,3827.01,298073.76
2025-10-22 11:45:00,3825.15,3829.25,3813.09,3827.01,298073.76
2025-10-22 11:45:00,3825.15,3829.25,3813.09,3827.01,298073.76
2025-10-22 11:45:00,3825.15,3829.25,3813.09,3827.01,298073.76
2025-10-22 11:45:00,3825.15,3829.25,3813.09,3827.01,298073.76
2025-10-22 11:45:00,3825.15,3829.25,3813.09,3827.01,298073.76
2025-10-22 11:45:00,3825.15,3829.25,3813.09,3827.01,298073.76
2025-10-22 11:45:00,3825.15,3829.25,3813.09,3827.01,298073.76
2025-10-22 11:45:00,3825.15,3829.25,3813.09,3827.01,298073.76
2025-10-22 11:45:00,3825.15,3829.25,3813.09,3827.01,298073.76
2025-10-22 11:45:00,3825.15,3829.25,3813.09,3827.01,298073.76
2025-10-22 11:45:00,3825.15,3829.25,3813.09,3827.01,298073.76
2025-10-22 12:00:00,3827.0,3833.5,3818.6,3831.34,243555.27
2025-10-22 12:00:00,3827.0,3833.5,3818.6,3831.34,243555.27
2025-10-22 12:00:00,3827.0,3833.5,3818.6,3831.34,243555.27
2025-10-22 12:00:00,3827.0,3833.5,3818.6,3831.34,243555.27
2025-10-22 12:00:00,3827.0,3833.5,3818.6,3831.34,243555.27
2025-10-22 12:00:00,3827.0,3833.5,3818.6,3831.34,243555.27
2025-10-22 12:00:00,3827.0,3833.5,3818.6,3831.34,243555.27
2025-10-22 12:00:00,3827.0,3833.5,3818.6,3831.34,243555.27
2025-10-22 12:00:00,3827.0,3833.5,3818.6,3831.34,243555.27
2025-10-22 12:00:00,3827.0,3833.5,3818.6,3831.34,243555.27
2025-10-22 12:00:00,3827.0,3833.5,3818.6,3831.34,243555.27
2025-10-22 12:00:00,3827.0,3833.5,3818.6,3831.34,243555.27
2025-10-22 12:00:00,3827.0,3833.5,3818.6,3831.34,243555.27
2025-10-22 12:00:00,3827.0,3833.5,3818.6,3831.34,243555.27
2025-10-22 12:00:00,3827.0,3833.5,3818.6,3831.34,243555.27
2025-10-22 12:00:00,3827.0,3833.5,3818.6,3831.34,243555.27
2025-10-22 12:00:00,3827.0,3833.5,3818.6,3831.34,243555.27
2025-10-22 12:00:00,3827.0,3833.5,3818.6,3831.34,243555.27
2025-10-22 12:00:00,3827.0,3833.5,3818.6,3831.34,243555.27
2025-10-22 12:00:00,3827.0,3833.5,3818.6,3831.34,243555.27
2025-10-22 12:00:00,3827.0,3833.5,3818.6,3831.34,243555.27
2025-10-22 12:00:00,3827.0,3833.5,3818.6,3831.34,243555.27
2025-10-22 12:00:00,3827.0,3833.5,3818.6,3831.34,243555.27
2025-10-22 12:00:00,3827.0,3833.5,3818.6,3831.34,243555.27
2025-10-22 12:00:00,3827.0,3833.5,3818.6,3831.34,243555.27
2025-10-22 12:00:00,3827.0,3833.5,3818.6,3831.34,243555.27
2025-10-22 12:00:00,3827.0,3833.5,3818.6,3831.34,243555.27
2025-10-22 12:00:00,3827.0,3833.5,3818.6,3831.34,243555.27
2025-10-22 12:00:00,3827.0,3833.5,3818.6,3831.34,243555.27
2025-10-22 12:00:00,3827.0,3833.5,3818.6,3831.34,243555.27
2025-10-22 12:00:00,3827.0,3833.5,3818.6,3831.34,243555.27
2025-10-22 12:00:00,3827.0,3833.5,3818.6,3831.34,243555.27
2025-10-22 12:00:00,3827.0,3833.5,3818.6,3831.34,243555.27
2025-10-22 12:00:00,3827.0,3833.5,3818.6,3831.34,243555.27
2025-10-22 12:00:00,3827.0,3833.5,3818.6,3831.34,243555.27
2025-10-22 12:00:00,3827.0,3833.5,3818.6,3831.34,243555.27
2025-10-22 12:00:00,3827.0,3833.5,3818.6,3831.34,243555.27
2025-10-22 12:00:00,3827.0,3833.5,3818.6,3831.34,243555.27
2025-10-22 12:00:00,3827.0,3833.5,3818.6,3831.34,243555.27
2025-10-22 12:00:00,3827.0,3833.5,3818.6,3831.34,243555.27
2025-10-22 12:00:00,3827.0,3833.5,3818.6,3831.34,243555.27
2025-10-22 12:00:00,3827.0,3833.5,3818.6,3831.34,243555.27
2025-10-22 12:00:00,3827.0,3833.5,3818.6,3831.34,243555.27
2025-10-22 12:00:00,3827.0,3833.5,3818.6,3831.34,243555.27
2025-10-22 12:00:00,3827.0,3833.5,3818.6,3831.34,243555.27
2025-10-22 12:00:00,3827.0,3833.5,3818.6,3831.34,243555.27
2025-10-22 12:00:00,3827.0,3833.5,3818.6,3831.34,243555.27
2025-10-22 12:00:00,3827.0,3833.5,3818.6,3831.34,243555.27
2025-10-22 12:00:00,3827.0,3833.5,3818.6,3831.34,243555.27
2025-10-22 12:00:00,3827.0,3833.5,3818.6,3831.34,243555.27
2025-10-22 12:00:00,3827.0,3833.5,3818.6,3831.34,243555.27
2025-10-22 12:00:00,3827.0,3833.5,3818.6,3831.34,243555.27
2025-10-22 12:00:00,3827.0,3833.5,3818.6,3831.34,243555.27
2025-10-22 12:15:00,3831.34,3853.96,3831.34,3843.1,518976.99
2025-10-22 12:15:00,3831.34,3853.96,3831.34,3843.1,518976.99
2025-10-22 12:15:00,3831.34,3853.96,3831.34,3843.1,518976.99
2025-10-22 12:15:00,3831.34,3853.96,3831.34,3843.1,518976.99
2025-10-22 12:15:00,3831.34,3853.96,3831.34,3843.1,518976.99
2025-10-22 12:15:00,3831.34,3853.96,3831.34,3843.1,518976.99
2025-10-22 12:15:00,3831.34,3853.96,3831.34,3843.1,518976.99
2025-10-22 12:15:00,3831.34,3853.96,3831.34,3843.1,518976.99
2025-10-22 12:15:00,3831.34,3853.96,3831.34,3843.1,518976.99
2025-10-22 12:15:00,3831.34,3853.96,3831.34,3843.1,518976.99
2025-10-22 12:15:00,3831.34,3853.96,3831.34,3843.1,518976.99
2025-10-22 12:15:00,3831.34,3853.96,3831.34,3843.1,518976.99
2025-10-22 12:15:00,3831.34,3853.96,3831.34,3843.1,518976.99
2025-10-22 12:15:00,3831.34,3853.96,3831.34,3843.1,518976.99
2025-10-22 12:15:00,3831.34,3853.96,3831.34,3843.1,518976.99
2025-10-22 12:15:00,3831.34,3853.96,3831.34,3843.1,518976.99
2025-10-22 12:15:00,3831.34,3853.96,3831.34,3843.1,518976.99
2025-10-22 12:15:00,3831.34,3853.96,3831.34,3843.1,518976.99
2025-10-22 12:15:00,3831.34,3853.96,3831.34,3843.1,518976.99
2025-10-22 12:15:00,3831.34,3853.96,3831.34,3843.1,518976.99
2025-10-22 12:15:00,3831.34,3853.96,3831.34,3843.1,518976.99
2025-10-22 12:15:00,3831.34,3853.96,3831.34,3843.1,518976.99
2025-10-22 12:15:00,3831.34,3853.96,3831.34,3843.1,518976.99
2025-10-22 12:15:00,3831.34,3853.96,3831.34,3843.1,518976.99
2025-10-22 12:15:00,3831.34,3853.96,3831.34,3843.1,518976.99
2025-10-22 12:15:00,3831.34,3853.96,3831.34,3843.1,518976.99
2025-10-22 12:15:00,3831.34,3853.96,3831.34,3843.1,518976.99
2025-10-22 12:15:00,3831.34,3853.96,3831.34,3843.1,518976.99
2025-10-22 12:15:00,3831.34,3853.96,3831.34,3843.1,518976.99
2025-10-22 12:15:00,3831.34,3853.96,3831.34,3843.1,518976.99
2025-10-22 12:15:00,3831.34,3853.96,3831.34,3843.1,518976.99
2025-10-22 12:15:00,3831.34,3853.96,3831.34,3843.1,518976.99
2025-10-22 12:15:00,3831.34,3853.96,3831.34,3843.1,518976.99
2025-10-22 12:15:00,3831.34,3853.96,3831.34,3843.1,518976.99
2025-10-22 12:15:00,3831.34,3853.96,3831.34,3843.1,518976.99
2025-10-22 12:15:00,3831.34,3853.96,3831.34,3843.1,518976.99
2025-10-22 12:15:00,3831.34,3853.96,3831.34,3843.1,518976.99
2025-10-22 12:15:00,3831.34,3853.96,3831.34,3843.1,518976.99
2025-10-22 12:15:00,3831.34,3853.96,3831.34,3843.1,518976.99
2025-10-22 12:15:00,3831.34,3853.96,3831.34,3843.1,518976.99
2025-10-22 12:15:00,3831.34,3853.96,3831.34,3843.1,518976.99
2025-10-22 12:15:00,3831.34,3853.96,3831.34,3843.1,518976.99
2025-10-22 12:15:00,3831.34,3853.96,3831.34,3843.1,518976.99
2025-10-22 12:15:00,3831.34,3853.96,3831.34,3843.1,518976.99
2025-10-22 12:15:00,3831.34,3853.96,3831.34,3843.1,518976.99
2025-10-22 12:15:00,3831.34,3853.96,3831.34,3843.1,518976.99
2025-10-22 12:15:00,3831.34,3853.96,3831.34,3843.1,518976.99
2025-10-22 12:15:00,3831.34,3853.96,3831.34,3843.1,518976.99
2025-10-22 12:15:00,3831.34,3853.96,3831.34,3843.1,518976.99
2025-10-22 12:15:00,3831.34,3853.96,3831.34,3843.1,518976.99
2025-10-22 12:15:00,3831.34,3853.96,3831.34,3843.1,518976.99
2025-10-22 12:15:00,3831.34,3853.96,3831.34,3843.1,518976.99
2025-10-22 12:15:00,3831.34,3853.96,3831.34,3843.1,518976.99
2025-10-22 12:30:00,3843.09,3856.45,3838.48,3848.43,254176.22
2025-10-22 12:30:00,3843.09,3856.45,3838.48,3848.43,254176.22
2025-10-22 12:30:00,3843.09,3856.45,3838.48,3848.43,254176.22
2025-10-22 12:30:00,3843.09,3856.45,3838.48,3848.43,254176.22
2025-10-22 12:30:00,3843.09,3856.45,3838.48,3848.43,254176.22
2025-10-22 12:30:00,3843.09,3856.45,3838.48,3848.43,254176.22
2025-10-22 12:30:00,3843.09,3856.45,3838.48,3848.43,254176.22
2025-10-22 12:30:00,3843.09,3856.45,3838.48,3848.43,254176.22
2025-10-22 12:30:00,3843.09,3856.45,3838.48,3848.43,254176.22
2025-10-22 12:30:00,3843.09,3856.45,3838.48,3848.43,254176.22
2025-10-22 12:30:00,3843.09,3856.45,3838.48,3848.43,254176.22
2025-10-22 12:30:00,3843.09,3856.45,3838.48,3848.43,254176.22
2025-10-22 12:30:00,3843.09,3856.45,3838.48,3848.43,254176.22
2025-10-22 12:30:00,3843.09,3856.45,3838.48,3848.43,254176.22
2025-10-22 12:30:00,3843.09,3856.45,3838.48,3848.43,254176.22
2025-10-22 12:30:00,3843.09,3856.45,3838.48,3848.43,254176.22
2025-10-22 12:30:00,3843.09,3856.45,3838.48,3848.43,254176.22
2025-10-22 12:30:00,3843.09,3856.45,3838.48,3848.43,254176.22
2025-10-22 12:30:00,3843.09,3856.45,3838.48,3848.43,254176.22
2025-10-22 12:30:00,3843.09,3856.45,3838.48,3848.43,254176.22
2025-10-22 12:30:00,3843.09,3856.45,3838.48,3848.43,254176.22
2025-10-22 12:30:00,3843.09,3856.45,3838.48,3848.43,254176.22
2025-10-22 12:30:00,3843.09,3856.45,3838.48,3848.43,254176.22
2025-10-22 12:30:00,3843.09,3856.45,3838.48,3848.43,254176.22
2025-10-22 12:30:00,3843.09,3856.45,3838.48,3848.43,254176.22
2025-10-22 12:30:00,3843.09,3856.45,3838.48,3848.43,254176.22
2025-10-22 12:30:00,3843.09,3856.45,3838.48,3848.43,254176.22
2025-10-22 12:30:00,3843.09,3856.45,3838.48,3848.43,254176.22
2025-10-22 12:30:00,3843.09,3856.45,3838.48,3848.43,254176.22
2025-10-22 12:30:00,3843.09,3856.45,3838.48,3848.43,254176.22
2025-10-22 12:30:00,3843.09,3856.45,3838.48,3848.43,254176.22
2025-10-22 12:30:00,3843.09,3856.45,3838.48,3848.43,254176.22
2025-10-22 12:30:00,3843.09,3856.45,3838.48,3848.43,254176.22
2025-10-22 12:30:00,3843.09,3856.45,3838.48,3848.43,254176.22
2025-10-22 12:30:00,3843.09,3856.45,3838.48,3848.43,254176.22
2025-10-22 12:30:00,3843.09,3856.45,3838.48,3848.43,254176.22
2025-10-22 12:30:00,3843.09,3856.45,3838.48,3848.43,254176.22
2025-10-22 12:30:00,3843.09,3856.45,3838.48,3848.43,254176.22
2025-10-22 12:30:00,3843.09,3856.45,3838.48,3848.43,254176.22
2025-10-22 12:30:00,3843.09,3856.45,3838.48,3848.43,254176.22
2025-10-22 12:30:00,3843.09,3856.45,3838.48,3848.43,254176.22
2025-10-22 12:30:00,3843.09,3856.45,3838.48,3848.43,254176.22
2025-10-22 12:30:00,3843.09,3856.45,3838.48,3848.43,254176.22
2025-10-22 12:30:00,3843.09,3856.45,3838.48,3848.43,254176.22
2025-10-22 12:30:00,3843.09,3856.45,3838.48,3848.43,254176.22
2025-10-22 12:30:00,3843.09,3856.45,3838.48,3848.43,254176.22
2025-10-22 12:30:00,3843.09,3856.45,3838.48,3848.43,254176.22
2025-10-22 12:30:00,3843.09,3856.45,3838.48,3848.43,254176.22
2025-10-22 12:30:00,3843.09,3856.45,3838.48,3848.43,254176.22
2025-10-22 12:30:00,3843.09,3856.45,3838.48,3848.43,254176.22
2025-10-22 12:30:00,3843.09,3856.45,3838.48,3848.43,254176.22
2025-10-22 12:30:00,3843.09,3856.45,3838.48,3848.43,254176.22
2025-10-22 12:30:00,3843.09,3856.45,3838.48,3848.43,254176.22
2025-10-22 12:45:00,3848.44,3848.88,3840.16,3844.72,216747.16
2025-10-22 12:45:00,3848.44,3848.88,3840.16,3844.72,216747.16
2025-10-22 12:45:00,3848.44,3848.88,3840.16,3844.72,216747.16
2025-10-22 12:45:00,3848.44,3848.88,3840.16,3844.72,216747.16
2025-10-22 12:45:00,3848.44,3848.88,3840.16,3844.72,216747.16
2025-10-22 12:45:00,3848.44,3848.88,3840.16,3844.72,216747.16
2025-10-22 12:45:00,3848.44,3848.88,3840.16,3844.72,216747.16
2025-10-22 12:45:00,3848.44,3848.88,3840.16,3844.72,216747.16
2025-10-22 12:45:00,3848.44,3848.88,3840.16,3844.72,216747.16
2025-10-22 12:45:00,3848.44,3848.88,3840.16,3844.72,216747.16
2025-10-22 12:45:00,3848.44,3848.88,3840.16,3844.72,216747.16
2025-10-22 12:45:00,3848.44,3848.88,3840.16,3844.72,216747.16
2025-10-22 12:45:00,3848.44,3848.88,3840.16,3844.72,216747.16
2025-10-22 12:45:00,3848.44,3848.88,3840.16,3844.72,216747.16
2025-10-22 12:45:00,3848.44,3848.88,3840.16,3844.72,216747.16
2025-10-22 12:45:00,3848.44,3848.88,3840.16,3844.72,216747.16
2025-10-22 12:45:00,3848.44,3848.88,3840.16,3844.72,216747.16
2025-10-22 12:45:00,3848.44,3848.88,3840.16,3844.72,216747.16
2025-10-22 12:45:00,3848.44,3848.88,3840.16,3844.72,216747.16
2025-10-22 12:45:00,3848.44,3848.88,3840.16,3844.72,216747.16
2025-10-22 12:45:00,3848.44,3848.88,3840.16,3844.72,216747.16
2025-10-22 12:45:00,3848.44,3848.88,3840.16,3844.72,216747.16
2025-10-22 12:45:00,3848.44,3848.88,3840.16,3844.72,216747.16
2025-10-22 12:45:00,3848.44,3848.88,3840.16,3844.72,216747.16
2025-10-22 12:45:00,3848.44,3848.88,3840.16,3844.72,216747.16
2025-10-22 12:45:00,3848.44,3848.88,3840.16,3844.72,216747.16
2025-10-22 12:45:00,3848.44,3848.88,3840.16,3844.72,216747.16
2025-10-22 12:45:00,3848.44,3848.88,3840.16,3844.72,216747.16
2025-10-22 12:45:00,3848.44,3848.88,3840.16,3844.72,216747.16
2025-10-22 12:45:00,3848.44,3848.88,3840.16,3844.72,216747.16
2025-10-22 12:45:00,3848.44,3848.88,3840.16,3844.72,216747.16
2025-10-22 12:45:00,3848.44,3848.88,3840.16,3844.72,216747.16
2025-10-22 12:45:00,3848.44,3848.88,3840.16,3844.72,216747.16
2025-10-22 12:45:00,3848.44,3848.88,3840.16,3844.72,216747.16
2025-10-22 12:45:00,3848.44,3848.88,3840.16,3844.72,216747.16
2025-10-22 12:45:00,3848.44,3848.88,3840.16,3844.72,216747.16
2025-10-22 12:45:00,3848.44,3848.88,3840.16,3844.72,216747.16
2025-10-22 12:45:00,3848.44,3848.88,3840.16,3844.72,216747.16
2025-10-22 12:45:00,3848.44,3848.88,3840.16,3844.72,216747.16
2025-10-22 12:45:00,3848.44,3848.88,3840.16,3844.72,216747.16
2025-10-22 12:45:00,3848.44,3848.88,3840.16,3844.72,216747.16
2025-10-22 12:45:00,3848.44,3848.88,3840.16,3844.72,216747.16
2025-10-22 12:45:00,3848.44,3848.88,3840.16,3844.72,216747.16
2025-10-22 12:45:00,3848.44,3848.88,3840.16,3844.72,216747.16
2025-10-22 12:45:00,3848.44,3848.88,3840.16,3844.72,216747.16
2025-10-22 12:45:00,3848.44,3848.88,3840.16,3844.72,216747.16
2025-10-22 12:45:00,3848.44,3848.88,3840.16,3844.72,216747.16
2025-10-22 12:45:00,3848.44,3848.88,3840.16,3844.72,216747.16
2025-10-22 12:45:00,3848.44,3848.88,3840.16,3844.72,216747.16
2025-10-22 12:45:00,3848.44,3848.88,3840.16,3844.72,216747.16
2025-10-22 12:45:00,3848.44,3848.88,3840.16,3844.72,216747.16
2025-10-22 12:45:00,3848.44,3848.88,3840.16,3844.72,216747.16
2025-10-22 12:45:00,3848.44,3848.88,3840.16,3844.72,216747.16
2025-10-22 13:00:00,3844.71,3864.97,3836.07,3857.29,460960.66
2025-10-22 13:00:00,3844.71,3864.97,3836.07,3857.29,460960.66
2025-10-22 13:00:00,3844.71,3864.97,3836.07,3857.29,460960.66
2025-10-22 13:00:00,3844.71,3864.97,3836.07,3857.29,460960.66
2025-10-22 13:00:00,3844.71,3864.97,3836.07,3857.29,460960.66
2025-10-22 13:00:00,3844.71,3864.97,3836.07,3857.29,460960.66
2025-10-22 13:00:00,3844.71,3864.97,3836.07,3857.29,460960.66
2025-10-22 13:00:00,3844.71,3864.97,3836.07,3857.29,460960.66
2025-10-22 13:00:00,3844.71,3864.97,3836.07,3857.29,460960.66
2025-10-22 13:00:00,3844.71,3864.97,3836.07,3857.29,460960.66
2025-10-22 13:00:00,3844.71,3864.97,3836.07,3857.29,460960.66
2025-10-22 13:00:00,3844.71,3864.97,3836.07,3857.29,460960.66
2025-10-22 13:00:00,3844.71,3864.97,3836.07,3857.29,460960.66
2025-10-22 13:00:00,3844.71,3864.97,3836.07,3857.29,460960.66
2025-10-22 13:00:00,3844.71,3864.97,3836.07,3857.29,460960.66
2025-10-22 13:00:00,3844.71,3864.97,3836.07,3857.29,460960.66
2025-10-22 13:00:00,3844.71,3864.97,3836.07,3857.29,460960.66
2025-10-22 13:00:00,3844.71,3864.97,3836.07,3857.29,460960.66
2025-10-22 13:00:00,3844.71,3864.97,3836.07,3857.29,460960.66
2025-10-22 13:00:00,3844.71,3864.97,3836.07,3857.29,460960.66
2025-10-22 13:00:00,3844.71,3864.97,3836.07,3857.29,460960.66
2025-10-22 13:00:00,3844.71,3864.97,3836.07,3857.29,460960.66
2025-10-22 13:00:00,3844.71,3864.97,3836.07,3857.29,460960.66
2025-10-22 13:00:00,3844.71,3864.97,3836.07,3857.29,460960.66
2025-10-22 13:00:00,3844.71,3864.97,3836.07,3857.29,460960.66
2025-10-22 13:00:00,3844.71,3864.97,3836.07,3857.29,460960.66
2025-10-22 13:00:00,3844.71,3864.97,3836.07,3857.29,460960.66
2025-10-22 13:00:00,3844.71,3864.97,3836.07,3857.29,460960.66
2025-10-22 13:00:00,3844.71,3864.97,3836.07,3857.29,460960.66
2025-10-22 13:00:00,3844.71,3864.97,3836.07,3857.29,460960.66
2025-10-22 13:00:00,3844.71,3864.97,3836.07,3857.29,460960.66
2025-10-22 13:00:00,3844.71,3864.97,3836.07,3857.29,460960.66
2025-10-22 13:00:00,3844.71,3864.97,3836.07,3857.29,460960.66
2025-10-22 13:00:00,3844.71,3864.97,3836.07,3857.29,460960.66
2025-10-22 13:00:00,3844.71,3864.97,3836.07,3857.29,460960.66
2025-10-22 13:00:00,3844.71,3864.97,3836.07,3857.29,460960.66
2025-10-22 13:00:00,3844.71,3864.97,3836.07,3857.29,460960.66
2025-10-22 13:00:00,3844.71,3864.97,3836.07,3857.29,460960.66
2025-10-22 13:00:00,3844.71,3864.97,3836.07,3857.29,460960.66
2025-10-22 13:00:00,3844.71,3864.97,3836.07,3857.29,460960.66
2025-10-22 13:00:00,3844.71,3864.97,3836.07,3857.29,460960.66
2025-10-22 13:00:00,3844.71,3864.97,3836.07,3857.29,460960.66
2025-10-22 13:00:00,3844.71,3864.97,3836.07,3857.29,460960.66
2025-10-22 13:00:00,3844.71,3864.97,3836.07,3857.29,460960.66
2025-10-22 13:00:00,3844.71,3864.97,3836.07,3857.29,460960.66
2025-10-22 13:00:00,3844.71,3864.97,3836.07,3857.29,460960.66
2025-10-22 13:00:00,3844.71,3864.97,3836.07,3857.29,460960.66
2025-10-22 13:00:00,3844.71,3864.97,3836.07,3857.29,460960.66
2025-10-22 13:00:00,3844.71,3864.97,3836.07,3857.29,460960.66
2025-10-22 13:00:00,3844.71,3864.97,3836.07,3857.29,460960.66
2025-10-22 13:00:00,3844.71,3864.97,3836.07,3857.29,460960.66
2025-10-22 13:00:00,3844.71,3864.97,3836.07,3857.29,460960.66
2025-10-22 13:00:00,3844.71,3864.97,3836.07,3857.29,460960.66
2025-10-22 13:15:00,3857.29,3857.57,3846.13,3848.59,187548.57
2025-10-22 13:15:00,3857.29,3857.57,3846.13,3848.59,187548.57
2025-10-22 13:15:00,3857.29,3857.57,3846.13,3848.59,187548.57
2025-10-22 13:15:00,3857.29,3857.57,3846.13,3848.59,187548.57
2025-10-22 13:15:00,3857.29,3857.57,3846.13,3848.59,187548.57
2025-10-22 13:15:00,3857.29,3857.57,3846.13,3848.59,187548.57
2025-10-22 13:15:00,3857.29,3857.57,3846.13,3848.59,187548.57
2025-10-22 13:15:00,3857.29,3857.57,3846.13,3848.59,187548.57
2025-10-22 13:15:00,3857.29,3857.57,3846.13,3848.59,187548.57
2025-10-22 13:15:00,3857.29,3857.57,3846.13,3848.59,187548.57
2025-10-22 13:15:00,3857.29,3857.57,3846.13,3848.59,187548.57
2025-10-22 13:15:00,3857.29,3857.57,3846.13,3848.59,187548.57
2025-10-22 13:15:00,3857.29,3857.57,3846.13,3848.59,187548.57
2025-10-22 13:15:00,3857.29,3857.57,3846.13,3848.59,187548.57
2025-10-22 13:15:00,3857.29,3857.57,3846.13,3848.59,187548.57
2025-10-22 13:15:00,3857.29,3857.57,3846.13,3848.59,187548.57
2025-10-22 13:15:00,3857.29,3857.57,3846.13,3848.59,187548.57
2025-10-22 13:15:00,3857.29,3857.57,3846.13,3848.59,187548.57
2025-10-22 13:15:00,3857.29,3857.57,3846.13,3848.59,187548.57
2025-10-22 13:15:00,3857.29,3857.57,3846.13,3848.59,187548.57
2025-10-22 13:15:00,3857.29,3857.57,3846.13,3848.59,187548.57
2025-10-22 13:15:00,3857.29,3857.57,3846.13,3848.59,187548.57
2025-10-22 13:15:00,3857.29,3857.57,3846.13,3848.59,187548.57
2025-10-22 13:15:00,3857.29,3857.57,3846.13,3848.59,187548.57
2025-10-22 13:15:00,3857.29,3857.57,3846.13,3848.59,187548.57
2025-10-22 13:15:00,3857.29,3857.57,3846.13,3848.59,187548.57
2025-10-22 13:15:00,3857.29,3857.57,3846.13,3848.59,187548.57
2025-10-22 13:15:00,3857.29,3857.57,3846.13,3848.59,187548.57
2025-10-22 13:15:00,3857.29,3857.57,3846.13,3848.59,187548.57
2025-10-22 13:15:00,3857.29,3857.57,3846.13,3848.59,187548.57
2025-10-22 13:15:00,3857.29,3857.57,3846.13,3848.59,187548.57
2025-10-22 13:15:00,3857.29,3857.57,3846.13,3848.59,187548.57
2025-10-22 13:15:00,3857.29,3857.57,3846.13,3848.59,187548.57
2025-10-22 13:15:00,3857.29,3857.57,3846.13,3848.59,187548.57
2025-10-22 13:15:00,3857.29,3857.57,3846.13,3848.59,187548.57
2025-10-22 13:15:00,3857.29,3857.57,3846.13,3848.59,187548.57
2025-10-22 13:15:00,3857.29,3857.57,3846.13,3848.59,187548.57
2025-10-22 13:15:00,3857.29,3857.57,3846.13,3848.59,187548.57
2025-10-22 13:15:00,3857.29,3857.57,3846.13,3848.59,187548.57
2025-10-22 13:15:00,3857.29,3857.57,3846.13,3848.59,187548.57
2025-10-22 13:15:00,3857.29,3857.57,3846.13,3848.59,187548.57
2025-10-22 13:15:00,3857.29,3857.57,3846.13,3848.59,187548.57
2025-10-22 13:15:00,3857.29,3857.57,3846.13,3848.59,187548.57
2025-10-22 13:15:00,3857.29,3857.57,3846.13,3848.59,187548.57
2025-10-22 13:15:00,3857.29,3857.57,3846.13,3848.59,187548.57
2025-10-22 13:15:00,3857.29,3857.57,3846.13,3848.59,187548.57
2025-10-22 13:15:00,3857.29,3857.57,3846.13,3848.59,187548.57
2025-10-22 13:15:00,3857.29,3857.57,3846.13,3848.59,187548.57
2025-10-22 13:15:00,3857.29,3857.57,3846.13,3848.59,187548.57
2025-10-22 13:15:00,3857.29,3857.57,3846.13,3848.59,187548.57
2025-10-22 13:15:00,3857.29,3857.57,3846.13,3848.59,187548.57
2025-10-22 13:15:00,3857.29,3857.57,3846.13,3848.59,187548.57
2025-10-22 13:15:00,3857.29,3857.57,3846.13,3848.59,187548.57
2025-10-22 13:30:00,3848.6,3858.0,3822.3,3839.68,912555.72
2025-10-22 13:30:00,3848.6,3858.0,3822.3,3839.68,912555.72
2025-10-22 13:30:00,3848.6,3858.0,3822.3,3839.68,912555.72
2025-10-22 13:30:00,3848.6,3858.0,3822.3,3839.68,912555.72
2025-10-22 13:30:00,3848.6,3858.0,3822.3,3839.68,912555.72
2025-10-22 13:30:00,3848.6,3858.0,3822.3,3839.68,912555.72
2025-10-22 13:30:00,3848.6,3858.0,3822.3,3839.68,912555.72
2025-10-22 13:30:00,3848.6,3858.0,3822.3,3839.68,912555.72
2025-10-22 13:30:00,3848.6,3858.0,3822.3,3839.68,912555.72
2025-10-22 13:30:00,3848.6,3858.0,3822.3,3839.68,912555.72
2025-10-22 13:30:00,3848.6,3858.0,3822.3,3839.68,912555.72
2025-10-22 13:30:00,3848.6,3858.0,3822.3,3839.68,912555.72
2025-10-22 13:30:00,3848.6,3858.0,3822.3,3839.68,912555.72
2025-10-22 13:30:00,3848.6,3858.0,3822.3,3839.68,912555.72
2025-10-22 13:30:00,3848.6,3858.0,3822.3,3839.68,912555.72
2025-10-22 13:30:00,3848.6,3858.0,3822.3,3839.68,912555.72
2025-10-22 13:30:00,3848.6,3858.0,3822.3,3839.68,912555.72
2025-10-22 13:30:00,3848.6,3858.0,3822.3,3839.68,912555.72
2025-10-22 13:30:00,3848.6,3858.0,3822.3,3839.68,912555.72
2025-10-22 13:30:00,3848.6,3858.0,3822.3,3839.68,912555.72
2025-10-22 13:30:00,3848.6,3858.0,3822.3,3839.68,912555.72
2025-10-22 13:30:00,3848.6,3858.0,3822.3,3839.68,912555.72
2025-10-22 13:30:00,3848.6,3858.0,3822.3,3839.68,912555.72
2025-10-22 13:30:00,3848.6,3858.0,3822.3,3839.68,912555.72
2025-10-22 13:30:00,3848.6,3858.0,3822.3,3839.68,912555.72
2025-10-22 13:30:00,3848.6,3858.0,3822.3,3839.68,912555.72
2025-10-22 13:30:00,3848.6,3858.0,3822.3,3839.68,912555.72
2025-10-22 13:30:00,3848.6,3858.0,3822.3,3839.68,912555.72
2025-10-22 13:30:00,3848.6,3858.0,3822.3,3839.68,912555.72
2025-10-22 13:30:00,3848.6,3858.0,3822.3,3839.68,912555.72
2025-10-22 13:30:00,3848.6,3858.0,3822.3,3839.68,912555.72
2025-10-22 13:30:00,3848.6,3858.0,3822.3,3839.68,912555.72
2025-10-22 13:30:00,3848.6,3858.0,3822.3,3839.68,912555.72
2025-10-22 13:30:00,3848.6,3858.0,3822.3,3839.68,912555.72
2025-10-22 13:30:00,3848.6,3858.0,3822.3,3839.68,912555.72
2025-10-22 13:30:00,3848.6,3858.0,3822.3,3839.68,912555.72
2025-10-22 13:30:00,3848.6,3858.0,3822.3,3839.68,912555.72
2025-10-22 13:30:00,3848.6,3858.0,3822.3,3839.68,912555.72
2025-10-22 13:30:00,3848.6,3858.0,3822.3,3839.68,912555.72
2025-10-22 13:30:00,3848.6,3858.0,3822.3,3839.68,912555.72
2025-10-22 13:30:00,3848.6,3858.0,3822.3,3839.68,912555.72
2025-10-22 13:30:00,3848.6,3858.0,3822.3,3839.68,912555.72
2025-10-22 13:30:00,3848.6,3858.0,3822.3,3839.68,912555.72
2025-10-22 13:30:00,3848.6,3858.0,3822.3,3839.68,912555.72
2025-10-22 13:30:00,3848.6,3858.0,3822.3,3839.68,912555.72
2025-10-22 13:30:00,3848.6,3858.0,3822.3,3839.68,912555.72
2025-10-22 13:30:00,3848.6,3858.0,3822.3,3839.68,912555.72
2025-10-22 13:30:00,3848.6,3858.0,3822.3,3839.68,912555.72
2025-10-22 13:30:00,3848.6,3858.0,3822.3,3839.68,912555.72
2025-10-22 13:30:00,3848.6,3858.0,3822.3,3839.68,912555.72
2025-10-22 13:30:00,3848.6,3858.0,3822.3,3839.68,912555.72
2025-10-22 13:30:00,3848.6,3858.0,3822.3,3839.68,912555.72
2025-10-22 13:30:00,3848.6,3858.0,3822.3,3839.68,912555.72
2025-10-22 13:45:00,3839.68,3875.99,3828.94,3870.79,790382.7
2025-10-22 13:45:00,3839.68,3875.99,3828.94,3870.79,790382.7
2025-10-22 13:45:00,3839.68,3875.99,3828.94,3870.79,790382.7
2025-10-22 13:45:00,3839.68,3875.99,3828.94,3870.79,790382.7
2025-10-22 13:45:00,3839.68,3875.99,3828.94,3870.79,790382.7
2025-10-22 13:45:00,3839.68,3875.99,3828.94,3870.79,790382.7
2025-10-22 13:45:00,3839.68,3875.99,3828.94,3870.79,790382.7
2025-10-22 13:45:00,3839.68,3875.99,3828.94,3870.79,790382.7
2025-10-22 13:45:00,3839.68,3875.99,3828.94,3870.79,790382.7
2025-10-22 13:45:00,3839.68,3875.99,3828.94,3870.79,790382.7
2025-10-22 13:45:00,3839.68,3875.99,3828.94,3870.79,790382.7
2025-10-22 13:45:00,3839.68,3875.99,3828.94,3870.79,790382.7
2025-10-22 13:45:00,3839.68,3875.99,3828.94,3870.79,790382.7
2025-10-22 13:45:00,3839.68,3875.99,3828.94,3870.79,790382.7
2025-10-22 13:45:00,3839.68,3875.99,3828.94,3870.79,790382.7
2025-10-22 13:45:00,3839.68,3875.99,3828.94,3870.79,790382.7
2025-10-22 13:45:00,3839.68,3875.99,3828.94,3870.79,790382.7
2025-10-22 13:45:00,3839.68,3875.99,3828.94,3870.79,790382.7
2025-10-22 13:45:00,3839.68,3875.99,3828.94,3870.79,790382.7
2025-10-22 13:45:00,3839.68,3875.99,3828.94,3870.79,790382.7
2025-10-22 13:45:00,3839.68,3875.99,3828.94,3870.79,790382.7
2025-10-22 13:45:00,3839.68,3875.99,3828.94,3870.79,790382.7
2025-10-22 13:45:00,3839.68,3875.99,3828.94,3870.79,790382.7
2025-10-22 13:45:00,3839.68,3875.99,3828.94,3870.79,790382.7
2025-10-22 13:45:00,3839.68,3875.99,3828.94,3870.79,790382.7
2025-10-22 13:45:00,3839.68,3875.99,3828.94,3870.79,790382.7
2025-10-22 13:45:00,3839.68,3875.99,3828.94,3870.79,790382.7
2025-10-22 13:45:00,3839.68,3875.99,3828.94,3870.79,790382.7
2025-10-22 13:45:00,3839.68,3875.99,3828.94,3870.79,790382.7
2025-10-22 13:45:00,3839.68,3875.99,3828.94,3870.79,790382.7
2025-10-22 13:45:00,3839.68,3875.99,3828.94,3870.79,790382.7
2025-10-22 13:45:00,3839.68,3875.99,3828.94,3870.79,790382.7
2025-10-22 13:45:00,3839.68,3875.99,3828.94,3870.79,790382.7
2025-10-22 13:45:00,3839.68,3875.99,3828.94,3870.79,790382.7
2025-10-22 13:45:00,3839.68,3875.99,3828.94,3870.79,790382.7
2025-10-22 13:45:00,3839.68,3875.99,3828.94,3870.79,790382.7
2025-10-22 13:45:00,3839.68,3875.99,3828.94,3870.79,790382.7
2025-10-22 13:45:00,3839.68,3875.99,3828.94,3870.79,790382.7
2025-10-22 13:45:00,3839.68,3875.99,3828.94,3870.79,790382.7
2025-10-22 13:45:00,3839.68,3875.99,3828.94,3870.79,790382.7
2025-10-22 13:45:00,3839.68,3875.99,3828.94,3870.79,790382.7
2025-10-22 13:45:00,3839.68,3875.99,3828.94,3870.79,790382.7
2025-10-22 13:45:00,3839.68,3875.99,3828.94,3870.79,790382.7
2025-10-22 13:45:00,3839.68,3875.99,3828.94,3870.79,790382.7
2025-10-22 13:45:00,3839.68,3875.99,3828.94,3870.79,790382.7
2025-10-22 13:45:00,3839.68,3875.99,3828.94,3870.79,790382.7
2025-10-22 13:45:00,3839.68,3875.99,3828.94,3870.79,790382.7
2025-10-22 13:45:00,3839.68,3875.99,3828.94,3870.79,790382.7
2025-10-22 13:45:00,3839.68,3875.99,3828.94,3870.79,790382.7
2025-10-22 13:45:00,3839.68,3875.99,3828.94,3870.79,790382.7
2025-10-22 13:45:00,3839.68,3875.99,3828.94,3870.79,790382.7
2025-10-22 13:45:00,3839.68,3875.99,3828.94,3870.79,790382.7
2025-10-22 13:45:00,3839.68,3875.99,3828.94,3870.79,790382.7
2025-10-22 14:00:00,3870.8,3872.84,3830.38,3839.59,667647.97
2025-10-22 14:00:00,3870.8,3872.84,3830.38,3839.59,667647.97
2025-10-22 14:00:00,3870.8,3872.84,3830.38,3839.59,667647.97
2025-10-22 14:00:00,3870.8,3872.84,3830.38,3839.59,667647.97
2025-10-22 14:00:00,3870.8,3872.84,3830.38,3839.59,667647.97
2025-10-22 14:00:00,3870.8,3872.84,3830.38,3839.59,667647.97
2025-10-22 14:00:00,3870.8,3872.84,3830.38,3839.59,667647.97
2025-10-22 14:00:00,3870.8,3872.84,3830.38,3839.59,667647.97
2025-10-22 14:00:00,3870.8,3872.84,3830.38,3839.59,667647.97
2025-10-22 14:00:00,3870.8,3872.84,3830.38,3839.59,667647.97
2025-10-22 14:00:00,3870.8,3872.84,3830.38,3839.59,667647.97
2025-10-22 14:00:00,3870.8,3872.84,3830.38,3839.59,667647.97
2025-10-22 14:00:00,3870.8,3872.84,3830.38,3839.59,667647.97
2025-10-22 14:00:00,3870.8,3872.84,3830.38,3839.59,667647.97
2025-10-22 14:00:00,3870.8,3872.84,3830.38,3839.59,667647.97
2025-10-22 14:00:00,3870.8,3872.84,3830.38,3839.59,667647.97
2025-10-22 14:00:00,3870.8,3872.84,3830.38,3839.59,667647.97
2025-10-22 14:00:00,3870.8,3872.84,3830.38,3839.59,667647.97
2025-10-22 14:00:00,3870.8,3872.84,3830.38,3839.59,667647.97
2025-10-22 14:00:00,3870.8,3872.84,3830.38,3839.59,667647.97
2025-10-22 14:00:00,3870.8,3872.84,3830.38,3839.59,667647.97
2025-10-22 14:00:00,3870.8,3872.84,3830.38,3839.59,667647.97
2025-10-22 14:00:00,3870.8,3872.84,3830.38,3839.59,667647.97
2025-10-22 14:00:00,3870.8,3872.84,3830.38,3839.59,667647.97
2025-10-22 14:00:00,3870.8,3872.84,3830.38,3839.59,667647.97
2025-10-22 14:00:00,3870.8,3872.84,3830.38,3839.59,667647.97
2025-10-22 14:00:00,3870.8,3872.84,3830.38,3839.59,667647.97
2025-10-22 14:00:00,3870.8,3872.84,3830.38,3839.59,667647.97
2025-10-22 14:00:00,3870.8,3872.84,3830.38,3839.59,667647.97
2025-10-22 14:00:00,3870.8,3872.84,3830.38,3839.59,667647.97
2025-10-22 14:00:00,3870.8,3872.84,3830.38,3839.59,667647.97
2025-10-22 14:00:00,3870.8,3872.84,3830.38,3839.59,667647.97
2025-10-22 14:00:00,3870.8,3872.84,3830.38,3839.59,667647.97
2025-10-22 14:00:00,3870.8,3872.84,3830.38,3839.59,667647.97
2025-10-22 14:00:00,3870.8,3872.84,3830.38,3839.59,667647.97
2025-10-22 14:00:00,3870.8,3872.84,3830.38,3839.59,667647.97
2025-10-22 14:00:00,3870.8,3872.84,3830.38,3839.59,667647.97
2025-10-22 14:00:00,3870.8,3872.84,3830.38,3839.59,667647.97
2025-10-22 14:00:00,3870.8,3872.84,3830.38,3839.59,667647.97
2025-10-22 14:00:00,3870.8,3872.84,3830.38,3839.59,667647.97
2025-10-22 14:00:00,3870.8,3872.84,3830.38,3839.59,667647.97
2025-10-22 14:00:00,3870.8,3872.84,3830.38,3839.59,667647.97
2025-10-22 14:00:00,3870.8,3872.84,3830.38,3839.59,667647.97
2025-10-22 14:00:00,3870.8,3872.84,3830.38,3839.59,667647.97
2025-10-22 14:00:00,3870.8,3872.84,3830.38,3839.59,667647.97
2025-10-22 14:00:00,3870.8,3872.84,3830.38,3839.59,667647.97
2025-10-22 14:00:00,3870.8,3872.84,3830.38,3839.59,667647.97
2025-10-22 14:00:00,3870.8,3872.84,3830.38,3839.59,667647.97
2025-10-22 14:00:00,3870.8,3872.84,3830.38,3839.59,667647.97
2025-10-22 14:00:00,3870.8,3872.84,3830.38,3839.59,667647.97
2025-10-22 14:00:00,3870.8,3872.84,3830.38,3839.59,667647.97
2025-10-22 14:00:00,3870.8,3872.84,3830.38,3839.59,667647.97
2025-10-22 14:00:00,3870.8,3872.84,3830.38,3839.59,667647.97
2025-10-22 14:15:00,3839.6,3848.0,3782.0,3809.88,1735872.19
2025-10-22 14:15:00,3839.6,3848.0,3782.0,3809.88,1735872.19
2025-10-22 14:15:00,3839.6,3848.0,3782.0,3809.88,1735872.19
2025-10-22 14:15:00,3839.6,3848.0,3782.0,3809.88,1735872.19
2025-10-22 14:15:00,3839.6,3848.0,3782.0,3809.88,1735872.19
2025-10-22 14:15:00,3839.6,3848.0,3782.0,3809.88,1735872.19
2025-10-22 14:15:00,3839.6,3848.0,3782.0,3809.88,1735872.19
2025-10-22 14:15:00,3839.6,3848.0,3782.0,3809.88,1735872.19
2025-10-22 14:15:00,3839.6,3848.0,3782.0,3809.88,1735872.19
2025-10-22 14:15:00,3839.6,3848.0,3782.0,3809.88,1735872.19
2025-10-22 14:15:00,3839.6,3848.0,3782.0,3809.88,1735872.19
2025-10-22 14:15:00,3839.6,3848.0,3782.0,3809.88,1735872.19
2025-10-22 14:15:00,3839.6,3848.0,3782.0,3809.88,1735872.19
2025-10-22 14:15:00,3839.6,3848.0,3782.0,3809.88,1735872.19
2025-10-22 14:15:00,3839.6,3848.0,3782.0,3809.88,1735872.19
2025-10-22 14:15:00,3839.6,3848.0,3782.0,3809.88,1735872.19
2025-10-22 14:15:00,3839.6,3848.0,3782.0,3809.88,1735872.19
2025-10-22 14:15:00,3839.6,3848.0,3782.0,3809.88,1735872.19
2025-10-22 14:15:00,3839.6,3848.0,3782.0,3809.88,1735872.19
2025-10-22 14:15:00,3839.6,3848.0,3782.0,3809.88,1735872.19
2025-10-22 14:15:00,3839.6,3848.0,3782.0,3809.88,1735872.19
2025-10-22 14:15:00,3839.6,3848.0,3782.0,3809.88,1735872.19
2025-10-22 14:15:00,3839.6,3848.0,3782.0,3809.88,1735872.19
2025-10-22 14:15:00,3839.6,3848.0,3782.0,3809.88,1735872.19
2025-10-22 14:15:00,3839.6,3848.0,3782.0,3809.88,1735872.19
2025-10-22 14:15:00,3839.6,3848.0,3782.0,3809.88,1735872.19
2025-10-22 14:15:00,3839.6,3848.0,3782.0,3809.88,1735872.19
2025-10-22 14:15:00,3839.6,3848.0,3782.0,3809.88,1735872.19
2025-10-22 14:15:00,3839.6,3848.0,3782.0,3809.88,1735872.19
2025-10-22 14:15:00,3839.6,3848.0,3782.0,3809.88,1735872.19
2025-10-22 14:15:00,3839.6,3848.0,3782.0,3809.88,1735872.19
2025-10-22 14:15:00,3839.6,3848.0,3782.0,3809.88,1735872.19
2025-10-22 14:15:00,3839.6,3848.0,3782.0,3809.88,1735872.19
2025-10-22 14:15:00,3839.6,3848.0,3782.0,3809.88,1735872.19
2025-10-22 14:15:00,3839.6,3848.0,3782.0,3809.88,1735872.19
2025-10-22 14:15:00,3839.6,3848.0,3782.0,3809.88,1735872.19
2025-10-22 14:15:00,3839.6,3848.0,3782.0,3809.88,1735872.19
2025-10-22 14:15:00,3839.6,3848.0,3782.0,3809.88,1735872.19
2025-10-22 14:15:00,3839.6,3848.0,3782.0,3809.88,1735872.19
2025-10-22 14:15:00,3839.6,3848.0,3782.0,3809.88,1735872.19
2025-10-22 14:15:00,3839.6,3848.0,3782.0,3809.88,1735872.19
2025-10-22 14:15:00,3839.6,3848.0,3782.0,3809.88,1735872.19
2025-10-22 14:15:00,3839.6,3848.0,3782.0,3809.88,1735872.19
2025-10-22 14:15:00,3839.6,3848.0,3782.0,3809.88,1735872.19
2025-10-22 14:15:00,3839.6,3848.0,3782.0,3809.88,1735872.19
2025-10-22 14:15:00,3839.6,3848.0,3782.0,3809.88,1735872.19
2025-10-22 14:15:00,3839.6,3848.0,3782.0,3809.88,1735872.19
2025-10-22 14:15:00,3839.6,3848.0,3782.0,3809.88,1735872.19
2025-10-22 14:15:00,3839.6,3848.0,3782.0,3809.88,1735872.19
2025-10-22 14:15:00,3839.6,3848.0,3782.0,3809.88,1735872.19
2025-10-22 14:15:00,3839.6,3848.0,3782.0,3809.88,1735872.19
2025-10-22 14:15:00,3839.6,3848.0,3782.0,3809.88,1735872.19
2025-10-22 14:15:00,3839.6,3848.0,3782.0,3809.88,1735872.19
2025-10-22 14:30:00,3809.88,3816.99,3790.21,3793.6,890307.77
2025-10-22 14:30:00,3809.88,3816.99,3790.21,3793.6,890307.77
2025-10-22 14:30:00,3809.88,3816.99,3790.21,3793.6,890307.77
2025-10-22 14:30:00,3809.88,3816.99,3790.21,3793.6,890307.77
2025-10-22 14:30:00,3809.88,3816.99,3790.21,3793.6,890307.77
2025-10-22 14:30:00,3809.88,3816.99,3790.21,3793.6,890307.77
2025-10-22 14:30:00,3809.88,3816.99,3790.21,3793.6,890307.77
2025-10-22 14:30:00,3809.88,3816.99,3790.21,3793.6,890307.77
2025-10-22 14:30:00,3809.88,3816.99,3790.21,3793.6,890307.77
2025-10-22 14:30:00,3809.88,3816.99,3790.21,3793.6,890307.77
2025-10-22 14:30:00,3809.88,3816.99,3790.21,3793.6,890307.77
2025-10-22 14:30:00,3809.88,3816.99,3790.21,3793.6,890307.77
2025-10-22 14:30:00,3809.88,3816.99,3790.21,3793.6,890307.77
2025-10-22 14:30:00,3809.88,3816.99,3790.21,3793.6,890307.77
2025-10-22 14:30:00,3809.88,3816.99,3790.21,3793.6,890307.77
2025-10-22 14:30:00,3809.88,3816.99,3790.21,3793.6,890307.77
2025-10-22 14:30:00,3809.88,3816.99,3790.21,3793.6,890307.77
2025-10-22 14:30:00,3809.88,3816.99,3790.21,3793.6,890307.77
2025-10-22 14:30:00,3809.88,3816.99,3790.21,3793.6,890307.77
2025-10-22 14:30:00,3809.88,3816.99,3790.21,3793.6,890307.77
2025-10-22 14:30:00,3809.88,3816.99,3790.21,3793.6,890307.77
2025-10-22 14:30:00,3809.88,3816.99,3790.21,3793.6,890307.77
2025-10-22 14:30:00,3809.88,3816.99,3790.21,3793.6,890307.77
2025-10-22 14:30:00,3809.88,3816.99,3790.21,3793.6,890307.77
2025-10-22 14:30:00,3809.88,3816.99,3790.21,3793.6,890307.77
2025-10-22 14:30:00,3809.88,3816.99,3790.21,3793.6,890307.77
2025-10-22 14:30:00,3809.88,3816.99,3790.21,3793.6,890307.77
2025-10-22 14:30:00,3809.88,3816.99,3790.21,3793.6,890307.77
2025-10-22 14:30:00,3809.88,3816.99,3790.21,3793.6,890307.77
2025-10-22 14:30:00,3809.88,3816.99,3790.21,3793.6,890307.77
2025-10-22 14:30:00,3809.88,3816.99,3790.21,3793.6,890307.77
2025-10-22 14:30:00,3809.88,3816.99,3790.21,3793.6,890307.77
2025-10-22 14:30:00,3809.88,3816.99,3790.21,3793.6,890307.77
2025-10-22 14:30:00,3809.88,3816.99,3790.21,3793.6,890307.77
2025-10-22 14:30:00,3809.88,3816.99,3790.21,3793.6,890307.77
2025-10-22 14:30:00,3809.88,3816.99,3790.21,3793.6,890307.77
2025-10-22 14:30:00,3809.88,3816.99,3790.21,3793.6,890307.77
2025-10-22 14:30:00,3809.88,3816.99,3790.21,3793.6,890307.77
2025-10-22 14:30:00,3809.88,3816.99,3790.21,3793.6,890307.77
2025-10-22 14:30:00,3809.88,3816.99,3790.21,3793.6,890307.77
2025-10-22 14:30:00,3809.88,3816.99,3790.21,3793.6,890307.77
2025-10-22 14:30:00,3809.88,3816.99,3790.21,3793.6,890307.77
2025-10-22 14:30:00,3809.88,3816.99,3790.21,3793.6,890307.77
2025-10-22 14:30:00,3809.88,3816.99,3790.21,3793.6,890307.77
2025-10-22 14:30:00,3809.88,3816.99,3790.21,3793.6,890307.77
2025-10-22 14:30:00,3809.88,3816.99,3790.21,3793.6,890307.77
2025-10-22 14:30:00,3809.88,3816.99,3790.21,3793.6,890307.77
2025-10-22 14:30:00,3809.88,3816.99,3790.21,3793.6,890307.77
2025-10-22 14:30:00,3809.88,3816.99,3790.21,3793.6,890307.77
2025-10-22 14:30:00,3809.88,3816.99,3790.21,3793.6,890307.77
2025-10-22 14:30:00,3809.88,3816.99,3790.21,3793.6,890307.77
2025-10-22 14:30:00,3809.88,3816.99,3790.21,3793.6,890307.77
2025-10-22 14:30:00,3809.88,3816.99,3790.21,3793.6,890307.77
2025-10-22 14:45:00,3793.6,3851.77,3777.01,3851.68,1375048.93
2025-10-22 14:45:00,3793.6,3851.77,3777.01,3851.68,1375048.93
2025-10-22 14:45:00,3793.6,3851.77,3777.01,3851.68,1375048.93
2025-10-22 14:45:00,3793.6,3851.77,3777.01,3851.68,1375048.93
2025-10-22 14:45:00,3793.6,3851.77,3777.01,3851.68,1375048.93
2025-10-22 14:45:00,3793.6,3851.77,3777.01,3851.68,1375048.93
2025-10-22 14:45:00,3793.6,3851.77,3777.01,3851.68,1375048.93
2025-10-22 14:45:00,3793.6,3851.77,3777.01,3851.68,1375048.93
2025-10-22 14:45:00,3793.6,3851.77,3777.01,3851.68,1375048.93
2025-10-22 14:45:00,3793.6,3851.77,3777.01,3851.68,1375048.93
2025-10-22 14:45:00,3793.6,3851.77,3777.01,3851.68,1375048.93
2025-10-22 14:45:00,3793.6,3851.77,3777.01,3851.68,1375048.93
2025-10-22 14:45:00,3793.6,3851.77,3777.01,3851.68,1375048.93
2025-10-22 14:45:00,3793.6,3851.77,3777.01,3851.68,1375048.93
2025-10-22 14:45:00,3793.6,3851.77,3777.01,3851.68,1375048.93
2025-10-22 14:45:00,3793.6,3851.77,3777.01,3851.68,1375048.93
2025-10-22 14:45:00,3793.6,3851.77,3777.01,3851.68,1375048.93
2025-10-22 14:45:00,3793.6,3851.77,3777.01,3851.68,1375048.93
2025-10-22 14:45:00,3793.6,3851.77,3777.01,3851.68,1375048.93
2025-10-22 14:45:00,3793.6,3851.77,3777.01,3851.68,1375048.93
2025-10-22 14:45:00,3793.6,3851.77,3777.01,3851.68,1375048.93
2025-10-22 14:45:00,3793.6,3851.77,3777.01,3851.68,1375048.93
2025-10-22 14:45:00,3793.6,3851.77,3777.01,3851.68,1375048.93
2025-10-22 14:45:00,3793.6,3851.77,3777.01,3851.68,1375048.93
2025-10-22 14:45:00,3793.6,3851.77,3777.01,3851.68,1375048.93
2025-10-22 14:45:00,3793.6,3851.77,3777.01,3851.68,1375048.93
2025-10-22 14:45:00,3793.6,3851.77,3777.01,3851.68,1375048.93
2025-10-22 14:45:00,3793.6,3851.77,3777.01,3851.68,1375048.93
2025-10-22 14:45:00,3793.6,3851.77,3777.01,3851.68,1375048.93
2025-10-22 14:45:00,3793.6,3851.77,3777.01,3851.68,1375048.93
2025-10-22 14:45:00,3793.6,3851.77,3777.01,3851.68,1375048.93
2025-10-22 14:45:00,3793.6,3851.77,3777.01,3851.68,1375048.93
2025-10-22 14:45:00,3793.6,3851.77,3777.01,3851.68,1375048.93
2025-10-22 14:45:00,3793.6,3851.77,3777.01,3851.68,1375048.93
2025-10-22 14:45:00,3793.6,3851.77,3777.01,3851.68,1375048.93
2025-10-22 14:45:00,3793.6,3851.77,3777.01,3851.68,1375048.93
2025-10-22 14:45:00,3793.6,3851.77,3777.01,3851.68,1375048.93
2025-10-22 14:45:00,3793.6,3851.77,3777.01,3851.68,1375048.93
2025-10-22 14:45:00,3793.6,3851.77,3777.01,3851.68,1375048.93
2025-10-22 14:45:00,3793.6,3851.77,3777.01,3851.68,1375048.93
2025-10-22 14:45:00,3793.6,3851.77,3777.01,3851.68,1375048.93
2025-10-22 14:45:00,3793.6,3851.77,3777.01,3851.68,1375048.93
2025-10-22 14:45:00,3793.6,3851.77,3777.01,3851.68,1375048.93
2025-10-22 14:45:00,3793.6,3851.77,3777.01,3851.68,1375048.93
2025-10-22 14:45:00,3793.6,3851.77,3777.01,3851.68,1375048.93
2025-10-22 14:45:00,3793.6,3851.77,3777.01,3851.68,1375048.93
2025-10-22 14:45:00,3793.6,3851.77,3777.01,3851.68,1375048.93
2025-10-22 14:45:00,3793.6,3851.77,3777.01,3851.68,1375048.93
2025-10-22 14:45:00,3793.6,3851.77,3777.01,3851.68,1375048.93
2025-10-22 14:45:00,3793.6,3851.77,3777.01,3851.68,1375048.93
2025-10-22 14:45:00,3793.6,3851.77,3777.01,3851.68,1375048.93
2025-10-22 14:45:00,3793.6,3851.77,3777.01,3851.68,1375048.93
2025-10-22 14:45:00,3793.6,3851.77,3777.01,3851.68,1375048.93
2025-10-22 15:00:00,3851.7,3862.68,3822.01,3825.1,1083514.89
2025-10-22 15:00:00,3851.7,3862.68,3822.01,3825.1,1083514.89
2025-10-22 15:00:00,3851.7,3862.68,3822.01,3825.1,1083514.89
2025-10-22 15:00:00,3851.7,3862.68,3822.01,3825.1,1083514.89
2025-10-22 15:00:00,3851.7,3862.68,3822.01,3825.1,1083514.89
2025-10-22 15:00:00,3851.7,3862.68,3822.01,3825.1,1083514.89
2025-10-22 15:00:00,3851.7,3862.68,3822.01,3825.1,1083514.89
2025-10-22 15:00:00,3851.7,3862.68,3822.01,3825.1,1083514.89
2025-10-22 15:00:00,3851.7,3862.68,3822.01,3825.1,1083514.89
2025-10-22 15:00:00,3851.7,3862.68,3822.01,3825.1,1083514.89
2025-10-22 15:00:00,3851.7,3862.68,3822.01,3825.1,1083514.89
2025-10-22 15:00:00,3851.7,3862.68,3822.01,3825.1,1083514.89
2025-10-22 15:00:00,3851.7,3862.68,3822.01,3825.1,1083514.89
2025-10-22 15:00:00,3851.7,3862.68,3822.01,3825.1,1083514.89
2025-10-22 15:00:00,3851.7,3862.68,3822.01,3825.1,1083514.89
2025-10-22 15:00:00,3851.7,3862.68,3822.01,3825.1,1083514.89
2025-10-22 15:00:00,3851.7,3862.68,3822.01,3825.1,1083514.89
2025-10-22 15:00:00,3851.7,3862.68,3822.01,3825.1,1083514.89
2025-10-22 15:00:00,3851.7,3862.68,3822.01,3825.1,1083514.89
2025-10-22 15:00:00,3851.7,3862.68,3822.01,3825.1,1083514.89
2025-10-22 15:00:00,3851.7,3862.68,3822.01,3825.1,1083514.89
2025-10-22 15:00:00,3851.7,3862.68,3822.01,3825.1,1083514.89
2025-10-22 15:00:00,3851.7,3862.68,3822.01,3825.1,1083514.89
2025-10-22 15:00:00,3851.7,3862.68,3822.01,3825.1,1083514.89
2025-10-22 15:00:00,3851.7,3862.68,3822.01,3825.1,1083514.89
2025-10-22 15:00:00,3851.7,3862.68,3822.01,3825.1,1083514.89
2025-10-22 15:00:00,3851.7,3862.68,3822.01,3825.1,1083514.89
2025-10-22 15:00:00,3851.7,3862.68,3822.01,3825.1,1083514.89
2025-10-22 15:00:00,3851.7,3862.68,3822.01,3825.1,1083514.89
2025-10-22 15:00:00,3851.7,3862.68,3822.01,3825.1,1083514.89
2025-10-22 15:00:00,3851.7,3862.68,3822.01,3825.1,1083514.89
2025-10-22 15:00:00,3851.7,3862.68,3822.01,3825.1,1083514.89
2025-10-22 15:00:00,3851.7,3862.68,3822.01,3825.1,1083514.89
2025-10-22 15:00:00,3851.7,3862.68,3822.01,3825.1,1083514.89
2025-10-22 15:00:00,3851.7,3862.68,3822.01,3825.1,1083514.89
2025-10-22 15:00:00,3851.7,3862.68,3822.01,3825.1,1083514.89
2025-10-22 15:00:00,3851.7,3862.68,3822.01,3825.1,1083514.89
2025-10-22 15:00:00,3851.7,3862.68,3822.01,3825.1,1083514.89
2025-10-22 15:00:00,3851.7,3862.68,3822.01,3825.1,1083514.89
2025-10-22 15:00:00,3851.7,3862.68,3822.01,3825.1,1083514.89
2025-10-22 15:00:00,3851.7,3862.68,3822.01,3825.1,1083514.89
2025-10-22 15:00:00,3851.7,3862.68,3822.01,3825.1,1083514.89
2025-10-22 15:00:00,3851.7,3862.68,3822.01,3825.1,1083514.89
2025-10-22 15:00:00,3851.7,3862.68,3822.01,3825.1,1083514.89
2025-10-22 15:00:00,3851.7,3862.68,3822.01,3825.1,1083514.89
2025-10-22 15:00:00,3851.7,3862.68,3822.01,3825.1,1083514.89
2025-10-22 15:00:00,3851.7,3862.68,3822.01,3825.1,1083514.89
2025-10-22 15:00:00,3851.7,3862.68,3822.01,3825.1,1083514.89
2025-10-22 15:00:00,3851.7,3862.68,3822.01,3825.1,1083514.89
2025-10-22 15:00:00,3851.7,3862.68,3822.01,3825.1,1083514.89
2025-10-22 15:00:00,3851.7,3862.68,3822.01,3825.1,1083514.89
2025-10-22 15:00:00,3851.7,3862.68,3822.01,3825.1,1083514.89
2025-10-22 15:00:00,3851.7,3862.68,3822.01,3825.1,1083514.89
2025-10-22 15:15:00,3825.1,3826.21,3786.93,3802.56,872607.67
2025-10-22 15:15:00,3825.1,3826.21,3786.93,3802.56,872607.67
2025-10-22 15:15:00,3825.1,3826.21,3786.93,3802.56,872607.67
2025-10-22 15:15:00,3825.1,3826.21,3786.93,3802.56,872607.67
2025-10-22 15:15:00,3825.1,3826.21,3786.93,3802.56,872607.67
2025-10-22 15:15:00,3825.1,3826.21,3786.93,3802.56,872607.67
2025-10-22 15:15:00,3825.1,3826.21,3786.93,3802.56,872607.67
2025-10-22 15:15:00,3825.1,3826.21,3786.93,3802.56,872607.67
2025-10-22 15:15:00,3825.1,3826.21,3786.93,3802.56,872607.67
2025-10-22 15:15:00,3825.1,3826.21,3786.93,3802.56,872607.67
2025-10-22 15:15:00,3825.1,3826.21,3786.93,3802.56,872607.67
2025-10-22 15:15:00,3825.1,3826.21,3786.93,3802.56,872607.67
2025-10-22 15:15:00,3825.1,3826.21,3786.93,3802.56,872607.67
2025-10-22 15:15:00,3825.1,3826.21,3786.93,3802.56,872607.67
2025-10-22 15:15:00,3825.1,3826.21,3786.93,3802.56,872607.67
2025-10-22 15:15:00,3825.1,3826.21,3786.93,3802.56,872607.67
2025-10-22 15:15:00,3825.1,3826.21,3786.93,3802.56,872607.67
2025-10-22 15:15:00,3825.1,3826.21,3786.93,3802.56,872607.67
2025-10-22 15:15:00,3825.1,3826.21,3786.93,3802.56,872607.67
2025-10-22 15:15:00,3825.1,3826.21,3786.93,3802.56,872607.67
2025-10-22 15:15:00,3825.1,3826.21,3786.93,3802.56,872607.67
2025-10-22 15:15:00,3825.1,3826.21,3786.93,3802.56,872607.67
2025-10-22 15:15:00,3825.1,3826.21,3786.93,3802.56,872607.67
2025-10-22 15:15:00,3825.1,3826.21,3786.93,3802.56,872607.67
2025-10-22 15:15:00,3825.1,3826.21,3786.93,3802.56,872607.67
2025-10-22 15:15:00,3825.1,3826.21,3786.93,3802.56,872607.67
2025-10-22 15:15:00,3825.1,3826.21,3786.93,3802.56,872607.67
2025-10-22 15:15:00,3825.1,3826.21,3786.93,3802.56,872607.67
2025-10-22 15:15:00,3825.1,3826.21,3786.93,3802.56,872607.67
2025-10-22 15:15:00,3825.1,3826.21,3786.93,3802.56,872607.67
2025-10-22 15:15:00,3825.1,3826.21,3786.93,3802.56,872607.67
2025-10-22 15:15:00,3825.1,3826.21,3786.93,3802.56,872607.67
2025-10-22 15:15:00,3825.1,3826.21,3786.93,3802.56,872607.67
2025-10-22 15:15:00,3825.1,3826.21,3786.93,3802.56,872607.67
2025-10-22 15:15:00,3825.1,3826.21,3786.93,3802.56,872607.67
2025-10-22 15:15:00,3825.1,3826.21,3786.93,3802.56,872607.67
2025-10-22 15:15:00,3825.1,3826.21,3786.93,3802.56,872607.67
2025-10-22 15:15:00,3825.1,3826.21,3786.93,3802.56,872607.67
2025-10-22 15:15:00,3825.1,3826.21,3786.93,3802.56,872607.67
2025-10-22 15:15:00,3825.1,3826.21,3786.93,3802.56,872607.67
2025-10-22 15:15:00,3825.1,3826.21,3786.93,3802.56,872607.67
2025-10-22 15:15:00,3825.1,3826.21,3786.93,3802.56,872607.67
2025-10-22 15:15:00,3825.1,3826.21,3786.93,3802.56,872607.67
2025-10-22 15:15:00,3825.1,3826.21,3786.93,3802.56,872607.67
2025-10-22 15:15:00,3825.1,3826.21,3786.93,3802.56,872607.67
2025-10-22 15:15:00,3825.1,3826.21,3786.93,3802.56,872607.67
2025-10-22 15:15:00,3825.1,3826.21,3786.93,3802.56,872607.67
2025-10-22 15:15:00,3825.1,3826.21,3786.93,3802.56,872607.67
2025-10-22 15:15:00,3825.1,3826.21,3786.93,3802.56,872607.67
2025-10-22 15:15:00,3825.1,3826.21,3786.93,3802.56,872607.67
2025-10-22 15:15:00,3825.1,3826.21,3786.93,3802.56,872607.67
2025-10-22 15:15:00,3825.1,3826.21,3786.93,3802.56,872607.67
2025-10-22 15:15:00,3825.1,3826.21,3786.93,3802.56,872607.67
2025-10-22 15:30:00,3802.56,3843.99,3796.04,3838.16,880595.24
2025-10-22 15:30:00,3802.56,3843.99,3796.04,3838.16,880595.24
2025-10-22 15:30:00,3802.56,3843.99,3796.04,3838.16,880595.24
2025-10-22 15:30:00,3802.56,3843.99,3796.04,3838.16,880595.24
2025-10-22 15:30:00,3802.56,3843.99,3796.04,3838.16,880595.24
2025-10-22 15:30:00,3802.56,3843.99,3796.04,3838.16,880595.24
2025-10-22 15:30:00,3802.56,3843.99,3796.04,3838.16,880595.24
2025-10-22 15:30:00,3802.56,3843.99,3796.04,3838.16,880595.24
2025-10-22 15:30:00,3802.56,3843.99,3796.04,3838.16,880595.24
2025-10-22 15:30:00,3802.56,3843.99,3796.04,3838.16,880595.24
2025-10-22 15:30:00,3802.56,3843.99,3796.04,3838.16,880595.24
2025-10-22 15:30:00,3802.56,3843.99,3796.04,3838.16,880595.24
2025-10-22 15:30:00,3802.56,3843.99,3796.04,3838.16,880595.24
2025-10-22 15:30:00,3802.56,3843.99,3796.04,3838.16,880595.24
2025-10-22 15:30:00,3802.56,3843.99,3796.04,3838.16,880595.24
2025-10-22 15:30:00,3802.56,3843.99,3796.04,3838.16,880595.24
2025-10-22 15:30:00,3802.56,3843.99,3796.04,3838.16,880595.24
2025-10-22 15:30:00,3802.56,3843.99,3796.04,3838.16,880595.24
2025-10-22 15:30:00,3802.56,3843.99,3796.04,3838.16,880595.24
2025-10-22 15:30:00,3802.56,3843.99,3796.04,3838.16,880595.24
2025-10-22 15:30:00,3802.56,3843.99,3796.04,3838.16,880595.24
2025-10-22 15:30:00,3802.56,3843.99,3796.04,3838.16,880595.24
2025-10-22 15:30:00,3802.56,3843.99,3796.04,3838.16,880595.24
2025-10-22 15:30:00,3802.56,3843.99,3796.04,3838.16,880595.24
2025-10-22 15:30:00,3802.56,3843.99,3796.04,3838.16,880595.24
2025-10-22 15:30:00,3802.56,3843.99,3796.04,3838.16,880595.24
2025-10-22 15:30:00,3802.56,3843.99,3796.04,3838.16,880595.24
2025-10-22 15:30:00,3802.56,3843.99,3796.04,3838.16,880595.24
2025-10-22 15:30:00,3802.56,3843.99,3796.04,3838.16,880595.24
2025-10-22 15:30:00,3802.56,3843.99,3796.04,3838.16,880595.24
2025-10-22 15:30:00,3802.56,3843.99,3796.04,3838.16,880595.24
2025-10-22 15:30:00,3802.56,3843.99,3796.04,3838.16,880595.24
2025-10-22 15:30:00,3802.56,3843.99,3796.04,3838.16,880595.24
2025-10-22 15:30:00,3802.56,3843.99,3796.04,3838.16,880595.24
2025-10-22 15:30:00,3802.56,3843.99,3796.04,3838.16,880595.24
2025-10-22 15:30:00,3802.56,3843.99,3796.04,3838.16,880595.24
2025-10-22 15:30:00,3802.56,3843.99,3796.04,3838.16,880595.24
2025-10-22 15:30:00,3802.56,3843.99,3796.04,3838.16,880595.24
2025-10-22 15:30:00,3802.56,3843.99,3796.04,3838.16,880595.24
2025-10-22 15:30:00,3802.56,3843.99,3796.04,3838.16,880595.24
2025-10-22 15:30:00,3802.56,3843.99,3796.04,3838.16,880595.24
2025-10-22 15:30:00,3802.56,3843.99,3796.04,3838.16,880595.24
2025-10-22 15:30:00,3802.56,3843.99,3796.04,3838.16,880595.24
2025-10-22 15:30:00,3802.56,3843.99,3796.04,3838.16,880595.24
2025-10-22 15:30:00,3802.56,3843.99,3796.04,3838.16,880595.24
2025-10-22 15:30:00,3802.56,3843.99,3796.04,3838.16,880595.24
2025-10-22 15:30:00,3802.56,3843.99,3796.04,3838.16,880595.24
2025-10-22 15:30:00,3802.56,3843.99,3796.04,3838.16,880595.24
2025-10-22 15:30:00,3802.56,3843.99,3796.04,3838.16,880595.24
2025-10-22 15:30:00,3802.56,3843.99,3796.04,3838.16,880595.24
2025-10-22 15:30:00,3802.56,3843.99,3796.04,3838.16,880595.24
2025-10-22 15:30:00,3802.56,3843.99,3796.04,3838.16,880595.24
2025-10-22 15:30:00,3802.56,3843.99,3796.04,3838.16,880595.24
2025-10-22 15:45:00,3838.16,3845.0,3827.02,3839.45,395093.29
2025-10-22 15:45:00,3838.16,3845.0,3827.02,3839.45,395093.29
2025-10-22 15:45:00,3838.16,3845.0,3827.02,3839.45,395093.29
2025-10-22 15:45:00,3838.16,3845.0,3827.02,3839.45,395093.29
2025-10-22 15:45:00,3838.16,3845.0,3827.02,3839.45,395093.29
2025-10-22 15:45:00,3838.16,3845.0,3827.02,3839.45,395093.29
2025-10-22 15:45:00,3838.16,3845.0,3827.02,3839.45,395093.29
2025-10-22 15:45:00,3838.16,3845.0,3827.02,3839.45,395093.29
2025-10-22 15:45:00,3838.16,3845.0,3827.02,3839.45,395093.29
2025-10-22 15:45:00,3838.16,3845.0,3827.02,3839.45,395093.29
2025-10-22 15:45:00,3838.16,3845.0,3827.02,3839.45,395093.29
2025-10-22 15:45:00,3838.16,3845.0,3827.02,3839.45,395093.29
2025-10-22 15:45:00,3838.16,3845.0,3827.02,3839.45,395093.29
2025-10-22 15:45:00,3838.16,3845.0,3827.02,3839.45,395093.29
2025-10-22 15:45:00,3838.16,3845.0,3827.02,3839.45,395093.29
2025-10-22 15:45:00,3838.16,3845.0,3827.02,3839.45,395093.29
2025-10-22 15:45:00,3838.16,3845.0,3827.02,3839.45,395093.29
2025-10-22 15:45:00,3838.16,3845.0,3827.02,3839.45,395093.29
2025-10-22 15:45:00,3838.16,3845.0,3827.02,3839.45,395093.29
2025-10-22 15:45:00,3838.16,3845.0,3827.02,3839.45,395093.29
2025-10-22 15:45:00,3838.16,3845.0,3827.02,3839.45,395093.29
2025-10-22 15:45:00,3838.16,3845.0,3827.02,3839.45,395093.29
2025-10-22 15:45:00,3838.16,3845.0,3827.02,3839.45,395093.29
2025-10-22 15:45:00,3838.16,3845.0,3827.02,3839.45,395093.29
2025-10-22 15:45:00,3838.16,3845.0,3827.02,3839.45,395093.29
2025-10-22 15:45:00,3838.16,3845.0,3827.02,3839.45,395093.29
2025-10-22 15:45:00,3838.16,3845.0,3827.02,3839.45,395093.29
2025-10-22 15:45:00,3838.16,3845.0,3827.02,3839.45,395093.29
2025-10-22 15:45:00,3838.16,3845.0,3827.02,3839.45,395093.29
2025-10-22 15:45:00,3838.16,3845.0,3827.02,3839.45,395093.29
2025-10-22 15:45:00,3838.16,3845.0,3827.02,3839.45,395093.29
2025-10-22 15:45:00,3838.16,3845.0,3827.02,3839.45,395093.29
2025-10-22 15:45:00,3838.16,3845.0,3827.02,3839.45,395093.29
2025-10-22 15:45:00,3838.16,3845.0,3827.02,3839.45,395093.29
2025-10-22 15:45:00,3838.16,3845.0,3827.02,3839.45,395093.29
2025-10-22 15:45:00,3838.16,3845.0,3827.02,3839.45,395093.29
2025-10-22 15:45:00,3838.16,3845.0,3827.02,3839.45,395093.29
2025-10-22 15:45:00,3838.16,3845.0,3827.02,3839.45,395093.29
2025-10-22 15:45:00,3838.16,3845.0,3827.02,3839.45,395093.29
2025-10-22 15:45:00,3838.16,3845.0,3827.02,3839.45,395093.29
2025-10-22 15:45:00,3838.16,3845.0,3827.02,3839.45,395093.29
2025-10-22 15:45:00,3838.16,3845.0,3827.02,3839.45,395093.29
2025-10-22 15:45:00,3838.16,3845.0,3827.02,3839.45,395093.29
2025-10-22 15:45:00,3838.16,3845.0,3827.02,3839.45,395093.29
2025-10-22 15:45:00,3838.16,3845.0,3827.02,3839.45,395093.29
2025-10-22 15:45:00,3838.16,3845.0,3827.02,3839.45,395093.29
2025-10-22 15:45:00,3838.16,3845.0,3827.02,3839.45,395093.29
2025-10-22 15:45:00,3838.16,3845.0,3827.02,3839.45,395093.29
2025-10-22 15:45:00,3838.16,3845.0,3827.02,3839.45,395093.29
2025-10-22 15:45:00,3838.16,3845.0,3827.02,3839.45,395093.29
2025-10-22 15:45:00,3838.16,3845.0,3827.02,3839.45,395093.29
2025-10-22 15:45:00,3838.16,3845.0,3827.02,3839.45,395093.29
2025-10-22 15:45:00,3838.16,3845.0,3827.02,3839.45,395093.29
2025-10-22 16:00:00,3839.44,3851.0,3825.41,3837.06,445173.25
2025-10-22 16:00:00,3839.44,3851.0,3825.41,3837.06,445173.25
2025-10-22 16:00:00,3839.44,3851.0,3825.41,3837.06,445173.25
2025-10-22 16:00:00,3839.44,3851.0,3825.41,3837.06,445173.25
2025-10-22 16:00:00,3839.44,3851.0,3825.41,3837.06,445173.25
2025-10-22 16:00:00,3839.44,3851.0,3825.41,3837.06,445173.25
2025-10-22 16:00:00,3839.44,3851.0,3825.41,3837.06,445173.25
2025-10-22 16:00:00,3839.44,3851.0,3825.41,3837.06,445173.25
2025-10-22 16:00:00,3839.44,3851.0,3825.41,3837.06,445173.25
2025-10-22 16:00:00,3839.44,3851.0,3825.41,3837.06,445173.25
2025-10-22 16:00:00,3839.44,3851.0,3825.41,3837.06,445173.25
2025-10-22 16:00:00,3839.44,3851.0,3825.41,3837.06,445173.25
2025-10-22 16:00:00,3839.44,3851.0,3825.41,3837.06,445173.25
2025-10-22 16:00:00,3839.44,3851.0,3825.41,3837.06,445173.25
2025-10-22 16:00:00,3839.44,3851.0,3825.41,3837.06,445173.25
2025-10-22 16:00:00,3839.44,3851.0,3825.41,3837.06,445173.25
2025-10-22 16:00:00,3839.44,3851.0,3825.41,3837.06,445173.25
2025-10-22 16:00:00,3839.44,3851.0,3825.41,3837.06,445173.25
2025-10-22 16:00:00,3839.44,3851.0,3825.41,3837.06,445173.25
2025-10-22 16:00:00,3839.44,3851.0,3825.41,3837.06,445173.25
2025-10-22 16:00:00,3839.44,3851.0,3825.41,3837.06,445173.25
2025-10-22 16:00:00,3839.44,3851.0,3825.41,3837.06,445173.25
2025-10-22 16:00:00,3839.44,3851.0,3825.41,3837.06,445173.25
2025-10-22 16:00:00,3839.44,3851.0,3825.41,3837.06,445173.25
2025-10-22 16:00:00,3839.44,3851.0,3825.41,3837.06,445173.25
2025-10-22 16:00:00,3839.44,3851.0,3825.41,3837.06,445173.25
2025-10-22 16:00:00,3839.44,3851.0,3825.41,3837.06,445173.25
2025-10-22 16:00:00,3839.44,3851.0,3825.41,3837.06,445173.25
2025-10-22 16:00:00,3839.44,3851.0,3825.41,3837.06,445173.25
2025-10-22 16:00:00,3839.44,3851.0,3825.41,3837.06,445173.25
2025-10-22 16:00:00,3839.44,3851.0,3825.41,3837.06,445173.25
2025-10-22 16:00:00,3839.44,3851.0,3825.41,3837.06,445173.25
2025-10-22 16:00:00,3839.44,3851.0,3825.41,3837.06,445173.25
2025-10-22 16:00:00,3839.44,3851.0,3825.41,3837.06,445173.25
2025-10-22 16:00:00,3839.44,3851.0,3825.41,3837.06,445173.25
2025-10-22 16:00:00,3839.44,3851.0,3825.41,3837.06,445173.25
2025-10-22 16:00:00,3839.44,3851.0,3825.41,3837.06,445173.25
2025-10-22 16:00:00,3839.44,3851.0,3825.41,3837.06,445173.25
2025-10-22 16:00:00,3839.44,3851.0,3825.41,3837.06,445173.25
2025-10-22 16:00:00,3839.44,3851.0,3825.41,3837.06,445173.25
2025-10-22 16:00:00,3839.44,3851.0,3825.41,3837.06,445173.25
2025-10-22 16:00:00,3839.44,3851.0,3825.41,3837.06,445173.25
2025-10-22 16:00:00,3839.44,3851.0,3825.41,3837.06,445173.25
2025-10-22 16:00:00,3839.44,3851.0,3825.41,3837.06,445173.25
2025-10-22 16:00:00,3839.44,3851.0,3825.41,3837.06,445173.25
2025-10-22 16:00:00,3839.44,3851.0,3825.41,3837.06,445173.25
2025-10-22 16:00:00,3839.44,3851.0,3825.41,3837.06,445173.25
2025-10-22 16:00:00,3839.44,3851.0,3825.41,3837.06,445173.25
2025-10-22 16:00:00,3839.44,3851.0,3825.41,3837.06,445173.25
2025-10-22 16:00:00,3839.44,3851.0,3825.41,3837.06,445173.25
2025-10-22 16:00:00,3839.44,3851.0,3825.41,3837.06,445173.25
2025-10-22 16:00:00,3839.44,3851.0,3825.41,3837.06,445173.25
2025-10-22 16:00:00,3839.44,3851.0,3825.41,3837.06,445173.25
2025-10-22 16:15:00,3837.06,3844.0,3809.97,3838.51,633356.28
2025-10-22 16:15:00,3837.06,3844.0,3809.97,3838.51,633356.28
2025-10-22 16:15:00,3837.06,3844.0,3809.97,3838.51,633356.28
2025-10-22 16:15:00,3837.06,3844.0,3809.97,3838.51,633356.28
2025-10-22 16:15:00,3837.06,3844.0,3809.97,3838.51,633356.28
2025-10-22 16:15:00,3837.06,3844.0,3809.97,3838.51,633356.28
2025-10-22 16:15:00,3837.06,3844.0,3809.97,3838.51,633356.28
2025-10-22 16:15:00,3837.06,3844.0,3809.97,3838.51,633356.28
2025-10-22 16:15:00,3837.06,3844.0,3809.97,3838.51,633356.28
2025-10-22 16:15:00,3837.06,3844.0,3809.97,3838.51,633356.28
2025-10-22 16:15:00,3837.06,3844.0,3809.97,3838.51,633356.28
2025-10-22 16:15:00,3837.06,3844.0,3809.97,3838.51,633356.28
2025-10-22 16:15:00,3837.06,3844.0,3809.97,3838.51,633356.28
2025-10-22 16:15:00,3837.06,3844.0,3809.97,3838.51,633356.28
2025-10-22 16:15:00,3837.06,3844.0,3809.97,3838.51,633356.28
2025-10-22 16:15:00,3837.06,3844.0,3809.97,3838.51,633356.28
2025-10-22 16:15:00,3837.06,3844.0,3809.97,3838.51,633356.28
2025-10-22 16:15:00,3837.06,3844.0,3809.97,3838.51,633356.28
2025-10-22 16:15:00,3837.06,3844.0,3809.97,3838.51,633356.28
2025-10-22 16:15:00,3837.06,3844.0,3809.97,3838.51,633356.28
2025-10-22 16:15:00,3837.06,3844.0,3809.97,3838.51,633356.28
2025-10-22 16:15:00,3837.06,3844.0,3809.97,3838.51,633356.28
2025-10-22 16:15:00,3837.06,3844.0,3809.97,3838.51,633356.28
2025-10-22 16:15:00,3837.06,3844.0,3809.97,3838.51,633356.28
2025-10-22 16:15:00,3837.06,3844.0,3809.97,3838.51,633356.28
2025-10-22 16:15:00,3837.06,3844.0,3809.97,3838.51,633356.28
2025-10-22 16:15:00,3837.06,3844.0,3809.97,3838.51,633356.28
2025-10-22 16:15:00,3837.06,3844.0,3809.97,3838.51,633356.28
2025-10-22 16:15:00,3837.06,3844.0,3809.97,3838.51,633356.28
2025-10-22 16:15:00,3837.06,3844.0,3809.97,3838.51,633356.28
2025-10-22 16:15:00,3837.06,3844.0,3809.97,3838.51,633356.28
2025-10-22 16:15:00,3837.06,3844.0,3809.97,3838.51,633356.28
2025-10-22 16:15:00,3837.06,3844.0,3809.97,3838.51,633356.28
2025-10-22 16:15:00,3837.06,3844.0,3809.97,3838.51,633356.28
2025-10-22 16:15:00,3837.06,3844.0,3809.97,3838.51,633356.28
2025-10-22 16:15:00,3837.06,3844.0,3809.97,3838.51,633356.28
2025-10-22 16:15:00,3837.06,3844.0,3809.97,3838.51,633356.28
2025-10-22 16:15:00,3837.06,3844.0,3809.97,3838.51,633356.28
2025-10-22 16:15:00,3837.06,3844.0,3809.97,3838.51,633356.28
2025-10-22 16:15:00,3837.06,3844.0,3809.97,3838.51,633356.28
2025-10-22 16:15:00,3837.06,3844.0,3809.97,3838.51,633356.28
2025-10-22 16:15:00,3837.06,3844.0,3809.97,3838.51,633356.28
2025-10-22 16:15:00,3837.06,3844.0,3809.97,3838.51,633356.28
2025-10-22 16:15:00,3837.06,3844.0,3809.97,3838.51,633356.28
2025-10-22 16:15:00,3837.06,3844.0,3809.97,3838.51,633356.28
2025-10-22 16:15:00,3837.06,3844.0,3809.97,3838.51,633356.28
2025-10-22 16:15:00,3837.06,3844.0,3809.97,3838.51,633356.28
2025-10-22 16:15:00,3837.06,3844.0,3809.97,3838.51,633356.28
2025-10-22 16:15:00,3837.06,3844.0,3809.97,3838.51,633356.28
2025-10-22 16:15:00,3837.06,3844.0,3809.97,3838.51,633356.28
2025-10-22 16:15:00,3837.06,3844.0,3809.97,3838.51,633356.28
2025-10-22 16:15:00,3837.06,3844.0,3809.97,3838.51,633356.28
2025-10-22 16:15:00,3837.06,3844.0,3809.97,3838.51,633356.28
2025-10-22 16:30:00,3838.51,3859.15,3808.08,3841.78,1203592.66
2025-10-22 16:30:00,3838.51,3859.15,3808.08,3841.78,1203592.66
2025-10-22 16:30:00,3838.51,3859.15,3808.08,3841.78,1203592.66
2025-10-22 16:30:00,3838.51,3859.15,3808.08,3841.78,1203592.66
2025-10-22 16:30:00,3838.51,3859.15,3808.08,3841.78,1203592.66
2025-10-22 16:30:00,3838.51,3859.15,3808.08,3841.78,1203592.66
2025-10-22 16:30:00,3838.51,3859.15,3808.08,3841.78,1203592.66
2025-10-22 16:30:00,3838.51,3859.15,3808.08,3841.78,1203592.66
2025-10-22 16:30:00,3838.51,3859.15,3808.08,3841.78,1203592.66
2025-10-22 16:30:00,3838.51,3859.15,3808.08,3841.78,1203592.66
2025-10-22 16:30:00,3838.51,3859.15,3808.08,3841.78,1203592.66
2025-10-22 16:30:00,3838.51,3859.15,3808.08,3841.78,1203592.66
2025-10-22 16:30:00,3838.51,3859.15,3808.08,3841.78,1203592.66
2025-10-22 16:30:00,3838.51,3859.15,3808.08,3841.78,1203592.66
2025-10-22 16:30:00,3838.51,3859.15,3808.08,3841.78,1203592.66
2025-10-22 16:30:00,3838.51,3859.15,3808.08,3841.78,1203592.66
2025-10-22 16:30:00,3838.51,3859.15,3808.08,3841.78,1203592.66
2025-10-22 16:30:00,3838.51,3859.15,3808.08,3841.78,1203592.66
2025-10-22 16:30:00,3838.51,3859.15,3808.08,3841.78,1203592.66
2025-10-22 16:30:00,3838.51,3859.15,3808.08,3841.78,1203592.66
2025-10-22 16:30:00,3838.51,3859.15,3808.08,3841.78,1203592.66
2025-10-22 16:30:00,3838.51,3859.15,3808.08,3841.78,1203592.66
2025-10-22 16:30:00,3838.51,3859.15,3808.08,3841.78,1203592.66
2025-10-22 16:30:00,3838.51,3859.15,3808.08,3841.78,1203592.66
2025-10-22 16:30:00,3838.51,3859.15,3808.08,3841.78,1203592.66
2025-10-22 16:30:00,3838.51,3859.15,3808.08,3841.78,1203592.66
2025-10-22 16:30:00,3838.51,3859.15,3808.08,3841.78,1203592.66
2025-10-22 16:30:00,3838.51,3859.15,3808.08,3841.78,1203592.66
2025-10-22 16:30:00,3838.51,3859.15,3808.08,3841.78,1203592.66
2025-10-22 16:30:00,3838.51,3859.15,3808.08,3841.78,1203592.66
2025-10-22 16:30:00,3838.51,3859.15,3808.08,3841.78,1203592.66
2025-10-22 16:30:00,3838.51,3859.15,3808.08,3841.78,1203592.66
2025-10-22 16:30:00,3838.51,3859.15,3808.08,3841.78,1203592.66
2025-10-22 16:30:00,3838.51,3859.15,3808.08,3841.78,1203592.66
2025-10-22 16:30:00,3838.51,3859.15,3808.08,3841.78,1203592.66
2025-10-22 16:30:00,3838.51,3859.15,3808.08,3841.78,1203592.66
2025-10-22 16:30:00,3838.51,3859.15,3808.08,3841.78,1203592.66
2025-10-22 16:30:00,3838.51,3859.15,3808.08,3841.78,1203592.66
2025-10-22 16:30:00,3838.51,3859.15,3808.08,3841.78,1203592.66
2025-10-22 16:30:00,3838.51,3859.15,3808.08,3841.78,1203592.66
2025-10-22 16:30:00,3838.51,3859.15,3808.08,3841.78,1203592.66
2025-10-22 16:30:00,3838.51,3859.15,3808.08,3841.78,1203592.66
2025-10-22 16:30:00,3838.51,3859.15,3808.08,3841.78,1203592.66
2025-10-22 16:30:00,3838.51,3859.15,3808.08,3841.78,1203592.66
2025-10-22 16:30:00,3838.51,3859.15,3808.08,3841.78,1203592.66
2025-10-22 16:30:00,3838.51,3859.15,3808.08,3841.78,1203592.66
2025-10-22 16:30:00,3838.51,3859.15,3808.08,3841.78,1203592.66
2025-10-22 16:30:00,3838.51,3859.15,3808.08,3841.78,1203592.66
2025-10-22 16:30:00,3838.51,3859.15,3808.08,3841.78,1203592.66
2025-10-22 16:30:00,3838.51,3859.15,3808.08,3841.78,1203592.66
2025-10-22 16:30:00,3838.51,3859.15,3808.08,3841.78,1203592.66
2025-10-22 16:30:00,3838.51,3859.15,3808.08,3841.78,1203592.66
2025-10-22 16:30:00,3838.51,3859.15,3808.08,3841.78,1203592.66
2025-10-22 16:45:00,3841.77,3853.8,3829.76,3833.28,390194.56
2025-10-22 16:45:00,3841.77,3853.8,3829.76,3833.28,390194.56
2025-10-22 16:45:00,3841.77,3853.8,3829.76,3833.28,390194.56
2025-10-22 16:45:00,3841.77,3853.8,3829.76,3833.28,390194.56
2025-10-22 16:45:00,3841.77,3853.8,3829.76,3833.28,390194.56
2025-10-22 16:45:00,3841.77,3853.8,3829.76,3833.28,390194.56
2025-10-22 16:45:00,3841.77,3853.8,3829.76,3833.28,390194.56
2025-10-22 16:45:00,3841.77,3853.8,3829.76,3833.28,390194.56
2025-10-22 16:45:00,3841.77,3853.8,3829.76,3833.28,390194.56
2025-10-22 16:45:00,3841.77,3853.8,3829.76,3833.28,390194.56
2025-10-22 16:45:00,3841.77,3853.8,3829.76,3833.28,390194.56
2025-10-22 16:45:00,3841.77,3853.8,3829.76,3833.28,390194.56
2025-10-22 16:45:00,3841.77,3853.8,3829.76,3833.28,390194.56
2025-10-22 16:45:00,3841.77,3853.8,3829.76,3833.28,390194.56
2025-10-22 16:45:00,3841.77,3853.8,3829.76,3833.28,390194.56
2025-10-22 16:45:00,3841.77,3853.8,3829.76,3833.28,390194.56
2025-10-22 16:45:00,3841.77,3853.8,3829.76,3833.28,390194.56
2025-10-22 16:45:00,3841.77,3853.8,3829.76,3833.28,390194.56
2025-10-22 16:45:00,3841.77,3853.8,3829.76,3833.28,390194.56
2025-10-22 16:45:00,3841.77,3853.8,3829.76,3833.28,390194.56
2025-10-22 16:45:00,3841.77,3853.8,3829.76,3833.28,390194.56
2025-10-22 16:45:00,3841.77,3853.8,3829.76,3833.28,390194.56
2025-10-22 16:45:00,3841.77,3853.8,3829.76,3833.28,390194.56
2025-10-22 16:45:00,3841.77,3853.8,3829.76,3833.28,390194.56
2025-10-22 16:45:00,3841.77,3853.8,3829.76,3833.28,390194.56
2025-10-22 16:45:00,3841.77,3853.8,3829.76,3833.28,390194.56
2025-10-22 16:45:00,3841.77,3853.8,3829.76,3833.28,390194.56
2025-10-22 16:45:00,3841.77,3853.8,3829.76,3833.28,390194.56
2025-10-22 16:45:00,3841.77,3853.8,3829.76,3833.28,390194.56
2025-10-22 16:45:00,3841.77,3853.8,3829.76,3833.28,390194.56
2025-10-22 16:45:00,3841.77,3853.8,3829.76,3833.28,390194.56
2025-10-22 16:45:00,3841.77,3853.8,3829.76,3833.28,390194.56
2025-10-22 16:45:00,3841.77,3853.8,3829.76,3833.28,390194.56
2025-10-22 16:45:00,3841.77,3853.8,3829.76,3833.28,390194.56
2025-10-22 16:45:00,3841.77,3853.8,3829.76,3833.28,390194.56
2025-10-22 16:45:00,3841.77,3853.8,3829.76,3833.28,390194.56
2025-10-22 16:45:00,3841.77,3853.8,3829.76,3833.28,390194.56
2025-10-22 16:45:00,3841.77,3853.8,3829.76,3833.28,390194.56
2025-10-22 16:45:00,3841.77,3853.8,3829.76,3833.28,390194.56
2025-10-22 16:45:00,3841.77,3853.8,3829.76,3833.28,390194.56
2025-10-22 16:45:00,3841.77,3853.8,3829.76,3833.28,390194.56
2025-10-22 16:45:00,3841.77,3853.8,3829.76,3833.28,390194.56
2025-10-22 16:45:00,3841.77,3853.8,3829.76,3833.28,390194.56
2025-10-22 16:45:00,3841.77,3853.8,3829.76,3833.28,390194.56
2025-10-22 16:45:00,3841.77,3853.8,3829.76,3833.28,390194.56
2025-10-22 16:45:00,3841.77,3853.8,3829.76,3833.28,390194.56
2025-10-22 16:45:00,3841.77,3853.8,3829.76,3833.28,390194.56
2025-10-22 16:45:00,3841.77,3853.8,3829.76,3833.28,390194.56
2025-10-22 16:45:00,3841.77,3853.8,3829.76,3833.28,390194.56
2025-10-22 16:45:00,3841.77,3853.8,3829.76,3833.28,390194.56
2025-10-22 16:45:00,3841.77,3853.8,3829.76,3833.28,390194.56
2025-10-22 16:45:00,3841.77,3853.8,3829.76,3833.28,390194.56
2025-10-22 16:45:00,3841.77,3853.8,3829.76,3833.28,390194.56
2025-10-22 17:00:00,3833.28,3840.99,3822.28,3831.35,252011.85
2025-10-22 17:00:00,3833.28,3840.99,3822.28,3831.35,252011.85
2025-10-22 17:00:00,3833.28,3840.99,3822.28,3831.35,252011.85
2025-10-22 17:00:00,3833.28,3840.99,3822.28,3831.35,252011.85
2025-10-22 17:00:00,3833.28,3840.99,3822.28,3831.35,252011.85
2025-10-22 17:00:00,3833.28,3840.99,3822.28,3831.35,252011.85
2025-10-22 17:00:00,3833.28,3840.99,3822.28,3831.35,252011.85
2025-10-22 17:00:00,3833.28,3840.99,3822.28,3831.35,252011.85
2025-10-22 17:00:00,3833.28,3840.99,3822.28,3831.35,252011.85
2025-10-22 17:00:00,3833.28,3840.99,3822.28,3831.35,252011.85
2025-10-22 17:00:00,3833.28,3840.99,3822.28,3831.35,252011.85
2025-10-22 17:00:00,3833.28,3840.99,3822.28,3831.35,252011.85
2025-10-22 17:00:00,3833.28,3840.99,3822.28,3831.35,252011.85
2025-10-22 17:00:00,3833.28,3840.99,3822.28,3831.35,252011.85
2025-10-22 17:00:00,3833.28,3840.99,3822.28,3831.35,252011.85
2025-10-22 17:00:00,3833.28,3840.99,3822.28,3831.35,252011.85
2025-10-22 17:00:00,3833.28,3840.99,3822.28,3831.35,252011.85
2025-10-22 17:00:00,3833.28,3840.99,3822.28,3831.35,252011.85
2025-10-22 17:00:00,3833.28,3840.99,3822.28,3831.35,252011.85
2025-10-22 17:00:00,3833.28,3840.99,3822.28,3831.35,252011.85
2025-10-22 17:00:00,3833.28,3840.99,3822.28,3831.35,252011.85
2025-10-22 17:00:00,3833.28,3840.99,3822.28,3831.35,252011.85
2025-10-22 17:00:00,3833.28,3840.99,3822.28,3831.35,252011.85
2025-10-22 17:00:00,3833.28,3840.99,3822.28,3831.35,252011.85
2025-10-22 17:00:00,3833.28,3840.99,3822.28,3831.35,252011.85
2025-10-22 17:00:00,3833.28,3840.99,3822.28,3831.35,252011.85
2025-10-22 17:00:00,3833.28,3840.99,3822.28,3831.35,252011.85
2025-10-22 17:00:00,3833.28,3840.99,3822.28,3831.35,252011.85
2025-10-22 17:00:00,3833.28,3840.99,3822.28,3831.35,252011.85
2025-10-22 17:00:00,3833.28,3840.99,3822.28,3831.35,252011.85
2025-10-22 17:00:00,3833.28,3840.99,3822.28,3831.35,252011.85
2025-10-22 17:00:00,3833.28,3840.99,3822.28,3831.35,252011.85
2025-10-22 17:00:00,3833.28,3840.99,3822.28,3831.35,252011.85
2025-10-22 17:00:00,3833.28,3840.99,3822.28,3831.35,252011.85
2025-10-22 17:00:00,3833.28,3840.99,3822.28,3831.35,252011.85
2025-10-22 17:00:00,3833.28,3840.99,3822.28,3831.35,252011.85
2025-10-22 17:00:00,3833.28,3840.99,3822.28,3831.35,252011.85
2025-10-22 17:00:00,3833.28,3840.99,3822.28,3831.35,252011.85
2025-10-22 17:00:00,3833.28,3840.99,3822.28,3831.35,252011.85
2025-10-22 17:00:00,3833.28,3840.99,3822.28,3831.35,252011.85
2025-10-22 17:00:00,3833.28,3840.99,3822.28,3831.35,252011.85
2025-10-22 17:00:00,3833.28,3840.99,3822.28,3831.35,252011.85
2025-10-22 17:00:00,3833.28,3840.99,3822.28,3831.35,252011.85
2025-10-22 17:00:00,3833.28,3840.99,3822.28,3831.35,252011.85
2025-10-22 17:00:00,3833.28,3840.99,3822.28,3831.35,252011.85
2025-10-22 17:00:00,3833.28,3840.99,3822.28,3831.35,252011.85
2025-10-22 17:00:00,3833.28,3840.99,3822.28,3831.35,252011.85
2025-10-22 17:00:00,3833.28,3840.99,3822.28,3831.35,252011.85
2025-10-22 17:00:00,3833.28,3840.99,3822.28,3831.35,252011.85
2025-10-22 17:00:00,3833.28,3840.99,3822.28,3831.35,252011.85
2025-10-22 17:00:00,3833.28,3840.99,3822.28,3831.35,252011.85
2025-10-22 17:00:00,3833.28,3840.99,3822.28,3831.35,252011.85
2025-10-22 17:00:00,3833.28,3840.99,3822.28,3831.35,252011.85
2025-10-22 17:15:00,3831.35,3833.0,3818.2,3824.1,237590.27
2025-10-22 17:15:00,3831.35,3833.0,3818.2,3824.1,237590.27
2025-10-22 17:15:00,3831.35,3833.0,3818.2,3824.1,237590.27
2025-10-22 17:15:00,3831.35,3833.0,3818.2,3824.1,237590.27
2025-10-22 17:15:00,3831.35,3833.0,3818.2,3824.1,237590.27
2025-10-22 17:15:00,3831.35,3833.0,3818.2,3824.1,237590.27
2025-10-22 17:15:00,3831.35,3833.0,3818.2,3824.1,237590.27
2025-10-22 17:15:00,3831.35,3833.0,3818.2,3824.1,237590.27
2025-10-22 17:15:00,3831.35,3833.0,3818.2,3824.1,237590.27
2025-10-22 17:15:00,3831.35,3833.0,3818.2,3824.1,237590.27
2025-10-22 17:15:00,3831.35,3833.0,3818.2,3824.1,237590.27
2025-10-22 17:15:00,3831.35,3833.0,3818.2,3824.1,237590.27
2025-10-22 17:15:00,3831.35,3833.0,3818.2,3824.1,237590.27
2025-10-22 17:15:00,3831.35,3833.0,3818.2,3824.1,237590.27
2025-10-22 17:15:00,3831.35,3833.0,3818.2,3824.1,237590.27
2025-10-22 17:15:00,3831.35,3833.0,3818.2,3824.1,237590.27
2025-10-22 17:15:00,3831.35,3833.0,3818.2,3824.1,237590.27
2025-10-22 17:15:00,3831.35,3833.0,3818.2,3824.1,237590.27
2025-10-22 17:15:00,3831.35,3833.0,3818.2,3824.1,237590.27
2025-10-22 17:15:00,3831.35,3833.0,3818.2,3824.1,237590.27
2025-10-22 17:15:00,3831.35,3833.0,3818.2,3824.1,237590.27
2025-10-22 17:15:00,3831.35,3833.0,3818.2,3824.1,237590.27
2025-10-22 17:15:00,3831.35,3833.0,3818.2,3824.1,237590.27
2025-10-22 17:15:00,3831.35,3833.0,3818.2,3824.1,237590.27
2025-10-22 17:15:00,3831.35,3833.0,3818.2,3824.1,237590.27
2025-10-22 17:15:00,3831.35,3833.0,3818.2,3824.1,237590.27
2025-10-22 17:15:00,3831.35,3833.0,3818.2,3824.1,237590.27
2025-10-22 17:15:00,3831.35,3833.0,3818.2,3824.1,237590.27
2025-10-22 17:15:00,3831.35,3833.0,3818.2,3824.1,237590.27
2025-10-22 17:15:00,3831.35,3833.0,3818.2,3824.1,237590.27
2025-10-22 17:15:00,3831.35,3833.0,3818.2,3824.1,237590.27
2025-10-22 17:15:00,3831.35,3833.0,3818.2,3824.1,237590.27
2025-10-22 17:15:00,3831.35,3833.0,3818.2,3824.1,237590.27
2025-10-22 17:15:00,3831.35,3833.0,3818.2,3824.1,237590.27
2025-10-22 17:15:00,3831.35,3833.0,3818.2,3824.1,237590.27
2025-10-22 17:15:00,3831.35,3833.0,3818.2,3824.1,237590.27
2025-10-22 17:15:00,3831.35,3833.0,3818.2,3824.1,237590.27
2025-10-22 17:15:00,3831.35,3833.0,3818.2,3824.1,237590.27
2025-10-22 17:15:00,3831.35,3833.0,3818.2,3824.1,237590.27
2025-10-22 17:15:00,3831.35,3833.0,3818.2,3824.1,237590.27
2025-10-22 17:15:00,3831.35,3833.0,3818.2,3824.1,237590.27
2025-10-22 17:15:00,3831.35,3833.0,3818.2,3824.1,237590.27
2025-10-22 17:15:00,3831.35,3833.0,3818.2,3824.1,237590.27
2025-10-22 17:15:00,3831.35,3833.0,3818.2,3824.1,237590.27
2025-10-22 17:15:00,3831.35,3833.0,3818.2,3824.1,237590.27
2025-10-22 17:15:00,3831.35,3833.0,3818.2,3824.1,237590.27
2025-10-22 17:15:00,3831.35,3833.0,3818.2,3824.1,237590.27
2025-10-22 17:15:00,3831.35,3833.0,3818.2,3824.1,237590.27
2025-10-22 17:15:00,3831.35,3833.0,3818.2,3824.1,237590.27
2025-10-22 17:15:00,3831.35,3833.0,3818.2,3824.1,237590.27
2025-10-22 17:15:00,3831.35,3833.0,3818.2,3824.1,237590.27
2025-10-22 17:15:00,3831.35,3833.0,3818.2,3824.1,237590.27
2025-10-22 17:15:00,3831.35,3833.0,3818.2,3824.1,237590.27
2025-10-22 17:30:00,3824.1,3837.98,3808.8,3812.33,299729.19
2025-10-22 17:30:00,3824.1,3837.98,3808.8,3812.33,299729.19
2025-10-22 17:30:00,3824.1,3837.98,3808.8,3812.33,299729.19
2025-10-22 17:30:00,3824.1,3837.98,3808.8,3812.33,299729.19
2025-10-22 17:30:00,3824.1,3837.98,3808.8,3812.33,299729.19
2025-10-22 17:30:00,3824.1,3837.98,3808.8,3812.33,299729.19
2025-10-22 17:30:00,3824.1,3837.98,3808.8,3812.33,299729.19
2025-10-22 17:30:00,3824.1,3837.98,3808.8,3812.33,299729.19
2025-10-22 17:30:00,3824.1,3837.98,3808.8,3812.33,299729.19
2025-10-22 17:30:00,3824.1,3837.98,3808.8,3812.33,299729.19
2025-10-22 17:30:00,3824.1,3837.98,3808.8,3812.33,299729.19
2025-10-22 17:30:00,3824.1,3837.98,3808.8,3812.33,299729.19
2025-10-22 17:30:00,3824.1,3837.98,3808.8,3812.33,299729.19
2025-10-22 17:30:00,3824.1,3837.98,3808.8,3812.33,299729.19
2025-10-22 17:30:00,3824.1,3837.98,3808.8,3812.33,299729.19
2025-10-22 17:30:00,3824.1,3837.98,3808.8,3812.33,299729.19
2025-10-22 17:30:00,3824.1,3837.98,3808.8,3812.33,299729.19
2025-10-22 17:30:00,3824.1,3837.98,3808.8,3812.33,299729.19
2025-10-22 17:30:00,3824.1,3837.98,3808.8,3812.33,299729.19
2025-10-22 17:30:00,3824.1,3837.98,3808.8,3812.33,299729.19
2025-10-22 17:30:00,3824.1,3837.98,3808.8,3812.33,299729.19
2025-10-22 17:30:00,3824.1,3837.98,3808.8,3812.33,299729.19
2025-10-22 17:30:00,3824.1,3837.98,3808.8,3812.33,299729.19
2025-10-22 17:30:00,3824.1,3837.98,3808.8,3812.33,299729.19
2025-10-22 17:30:00,3824.1,3837.98,3808.8,3812.33,299729.19
2025-10-22 17:30:00,3824.1,3837.98,3808.8,3812.33,299729.19
2025-10-22 17:30:00,3824.1,3837.98,3808.8,3812.33,299729.19
2025-10-22 17:30:00,3824.1,3837.98,3808.8,3812.33,299729.19
2025-10-22 17:30:00,3824.1,3837.98,3808.8,3812.33,299729.19
2025-10-22 17:30:00,3824.1,3837.98,3808.8,3812.33,299729.19
2025-10-22 17:30:00,3824.1,3837.98,3808.8,3812.33,299729.19
2025-10-22 17:30:00,3824.1,3837.98,3808.8,3812.33,299729.19
2025-10-22 17:30:00,3824.1,3837.98,3808.8,3812.33,299729.19
2025-10-22 17:30:00,3824.1,3837.98,3808.8,3812.33,299729.19
2025-10-22 17:30:00,3824.1,3837.98,3808.8,3812.33,299729.19
2025-10-22 17:30:00,3824.1,3837.98,3808.8,3812.33,299729.19
2025-10-22 17:30:00,3824.1,3837.98,3808.8,3812.33,299729.19
2025-10-22 17:30:00,3824.1,3837.98,3808.8,3812.33,299729.19
2025-10-22 17:30:00,3824.1,3837.98,3808.8,3812.33,299729.19
2025-10-22 17:30:00,3824.1,3837.98,3808.8,3812.33,299729.19
2025-10-22 17:30:00,3824.1,3837.98,3808.8,3812.33,299729.19
2025-10-22 17:30:00,3824.1,3837.98,3808.8,3812.33,299729.19
2025-10-22 17:30:00,3824.1,3837.98,3808.8,3812.33,299729.19
2025-10-22 17:30:00,3824.1,3837.98,3808.8,3812.33,299729.19
2025-10-22 17:30:00,3824.1,3837.98,3808.8,3812.33,299729.19
2025-10-22 17:30:00,3824.1,3837.98,3808.8,3812.33,299729.19
2025-10-22 17:30:00,3824.1,3837.98,3808.8,3812.33,299729.19
2025-10-22 17:30:00,3824.1,3837.98,3808.8,3812.33,299729.19
2025-10-22 17:30:00,3824.1,3837.98,3808.8,3812.33,299729.19
2025-10-22 17:30:00,3824.1,3837.98,3808.8,3812.33,299729.19
2025-10-22 17:30:00,3824.1,3837.98,3808.8,3812.33,299729.19
2025-10-22 17:30:00,3824.1,3837.98,3808.8,3812.33,299729.19
2025-10-22 17:30:00,3824.1,3837.98,3808.8,3812.33,299729.19
2025-10-22 17:45:00,3812.33,3822.0,3792.0,3805.53,436023.64
2025-10-22 17:45:00,3812.33,3822.0,3792.0,3805.53,436023.64
2025-10-22 17:45:00,3812.33,3822.0,3792.0,3805.53,436023.64
2025-10-22 17:45:00,3812.33,3822.0,3792.0,3805.53,436023.64
2025-10-22 17:45:00,3812.33,3822.0,3792.0,3805.53,436023.64
2025-10-22 17:45:00,3812.33,3822.0,3792.0,3805.53,436023.64
2025-10-22 17:45:00,3812.33,3822.0,3792.0,3805.53,436023.64
2025-10-22 17:45:00,3812.33,3822.0,3792.0,3805.53,436023.64
2025-10-22 17:45:00,3812.33,3822.0,3792.0,3805.53,436023.64
2025-10-22 17:45:00,3812.33,3822.0,3792.0,3805.53,436023.64
2025-10-22 17:45:00,3812.33,3822.0,3792.0,3805.53,436023.64
2025-10-22 17:45:00,3812.33,3822.0,3792.0,3805.53,436023.64
2025-10-22 17:45:00,3812.33,3822.0,3792.0,3805.53,436023.64
2025-10-22 17:45:00,3812.33,3822.0,3792.0,3805.53,436023.64
2025-10-22 17:45:00,3812.33,3822.0,3792.0,3805.53,436023.64
2025-10-22 17:45:00,3812.33,3822.0,3792.0,3805.53,436023.64
2025-10-22 17:45:00,3812.33,3822.0,3792.0,3805.53,436023.64
2025-10-22 17:45:00,3812.33,3822.0,3792.0,3805.53,436023.64
2025-10-22 17:45:00,3812.33,3822.0,3792.0,3805.53,436023.64
2025-10-22 17:45:00,3812.33,3822.0,3792.0,3805.53,436023.64
2025-10-22 17:45:00,3812.33,3822.0,3792.0,3805.53,436023.64
2025-10-22 17:45:00,3812.33,3822.0,3792.0,3805.53,436023.64
2025-10-22 17:45:00,3812.33,3822.0,3792.0,3805.53,436023.64
2025-10-22 17:45:00,3812.33,3822.0,3792.0,3805.53,436023.64
2025-10-22 17:45:00,3812.33,3822.0,3792.0,3805.53,436023.64
2025-10-22 17:45:00,3812.33,3822.0,3792.0,3805.53,436023.64
2025-10-22 17:45:00,3812.33,3822.0,3792.0,3805.53,436023.64
2025-10-22 17:45:00,3812.33,3822.0,3792.0,3805.53,436023.64
2025-10-22 17:45:00,3812.33,3822.0,3792.0,3805.53,436023.64
2025-10-22 17:45:00,3812.33,3822.0,3792.0,3805.53,436023.64
2025-10-22 17:45:00,3812.33,3822.0,3792.0,3805.53,436023.64
2025-10-22 17:45:00,3812.33,3822.0,3792.0,3805.53,436023.64
2025-10-22 17:45:00,3812.33,3822.0,3792.0,3805.53,436023.64
2025-10-22 17:45:00,3812.33,3822.0,3792.0,3805.53,436023.64
2025-10-22 17:45:00,3812.33,3822.0,3792.0,3805.53,436023.64
2025-10-22 17:45:00,3812.33,3822.0,3792.0,3805.53,436023.64
2025-10-22 17:45:00,3812.33,3822.0,3792.0,3805.53,436023.64
2025-10-22 17:45:00,3812.33,3822.0,3792.0,3805.53,436023.64
2025-10-22 17:45:00,3812.33,3822.0,3792.0,3805.53,436023.64
2025-10-22 17:45:00,3812.33,3822.0,3792.0,3805.53,436023.64
2025-10-22 17:45:00,3812.33,3822.0,3792.0,3805.53,436023.64
2025-10-22 17:45:00,3812.33,3822.0,3792.0,3805.53,436023.64
2025-10-22 17:45:00,3812.33,3822.0,3792.0,3805.53,436023.64
2025-10-22 17:45:00,3812.33,3822.0,3792.0,3805.53,436023.64
2025-10-22 17:45:00,3812.33,3822.0,3792.0,3805.53,436023.64
2025-10-22 17:45:00,3812.33,3822.0,3792.0,3805.53,436023.64
2025-10-22 17:45:00,3812.33,3822.0,3792.0,3805.53,436023.64
2025-10-22 17:45:00,3812.33,3822.0,3792.0,3805.53,436023.64
2025-10-22 17:45:00,3812.33,3822.0,3792.0,3805.53,436023.64
2025-10-22 17:45:00,3812.33,3822.0,3792.0,3805.53,436023.64
2025-10-22 17:45:00,3812.33,3822.0,3792.0,3805.53,436023.64
2025-10-22 17:45:00,3812.33,3822.0,3792.0,3805.53,436023.64
2025-10-22 17:45:00,3812.33,3822.0,3792.0,3805.53,436023.64
2025-10-22 18:00:00,3805.53,3819.46,3803.43,3805.38,212337.63
2025-10-22 18:00:00,3805.53,3819.46,3803.43,3805.38,212337.63
2025-10-22 18:00:00,3805.53,3819.46,3803.43,3805.38,212337.63
2025-10-22 18:00:00,3805.53,3819.46,3803.43,3805.38,212337.63
2025-10-22 18:00:00,3805.53,3819.46,3803.43,3805.38,212337.63
2025-10-22 18:00:00,3805.53,3819.46,3803.43,3805.38,212337.63
2025-10-22 18:00:00,3805.53,3819.46,3803.43,3805.38,212337.63
2025-10-22 18:00:00,3805.53,3819.46,3803.43,3805.38,212337.63
2025-10-22 18:00:00,3805.53,3819.46,3803.43,3805.38,212337.63
2025-10-22 18:00:00,3805.53,3819.46,3803.43,3805.38,212337.63
2025-10-22 18:00:00,3805.53,3819.46,3803.43,3805.38,212337.63
2025-10-22 18:00:00,3805.53,3819.46,3803.43,3805.38,212337.63
2025-10-22 18:00:00,3805.53,3819.46,3803.43,3805.38,212337.63
2025-10-22 18:00:00,3805.53,3819.46,3803.43,3805.38,212337.63
2025-10-22 18:00:00,3805.53,3819.46,3803.43,3805.38,212337.63
2025-10-22 18:00:00,3805.53,3819.46,3803.43,3805.38,212337.63
2025-10-22 18:00:00,3805.53,3819.46,3803.43,3805.38,212337.63
2025-10-22 18:00:00,3805.53,3819.46,3803.43,3805.38,212337.63
2025-10-22 18:00:00,3805.53,3819.46,3803.43,3805.38,212337.63
2025-10-22 18:00:00,3805.53,3819.46,3803.43,3805.38,212337.63
2025-10-22 18:00:00,3805.53,3819.46,3803.43,3805.38,212337.63
2025-10-22 18:00:00,3805.53,3819.46,3803.43,3805.38,212337.63
2025-10-22 18:00:00,3805.53,3819.46,3803.43,3805.38,212337.63
2025-10-22 18:00:00,3805.53,3819.46,3803.43,3805.38,212337.63
2025-10-22 18:00:00,3805.53,3819.46,3803.43,3805.38,212337.63
2025-10-22 18:00:00,3805.53,3819.46,3803.43,3805.38,212337.63
2025-10-22 18:00:00,3805.53,3819.46,3803.43,3805.38,212337.63
2025-10-22 18:00:00,3805.53,3819.46,3803.43,3805.38,212337.63
2025-10-22 18:00:00,3805.53,3819.46,3803.43,3805.38,212337.63
2025-10-22 18:00:00,3805.53,3819.46,3803.43,3805.38,212337.63
2025-10-22 18:00:00,3805.53,3819.46,3803.43,3805.38,212337.63
2025-10-22 18:00:00,3805.53,3819.46,3803.43,3805.38,212337.63
2025-10-22 18:00:00,3805.53,3819.46,3803.43,3805.38,212337.63
2025-10-22 18:00:00,3805.53,3819.46,3803.43,3805.38,212337.63
2025-10-22 18:00:00,3805.53,3819.46,3803.43,3805.38,212337.63
2025-10-22 18:00:00,3805.53,3819.46,3803.43,3805.38,212337.63
2025-10-22 18:00:00,3805.53,3819.46,3803.43,3805.38,212337.63
2025-10-22 18:00:00,3805.53,3819.46,3803.43,3805.38,212337.63
2025-10-22 18:00:00,3805.53,3819.46,3803.43,3805.38,212337.63
2025-10-22 18:00:00,3805.53,3819.46,3803.43,3805.38,212337.63
2025-10-22 18:00:00,3805.53,3819.46,3803.43,3805.38,212337.63
2025-10-22 18:00:00,3805.53,3819.46,3803.43,3805.38,212337.63
2025-10-22 18:00:00,3805.53,3819.46,3803.43,3805.38,212337.63
2025-10-22 18:00:00,3805.53,3819.46,3803.43,3805.38,212337.63
2025-10-22 18:00:00,3805.53,3819.46,3803.43,3805.38,212337.63
2025-10-22 18:00:00,3805.53,3819.46,3803.43,3805.38,212337.63
2025-10-22 18:00:00,3805.53,3819.46,3803.43,3805.38,212337.63
2025-10-22 18:00:00,3805.53,3819.46,3803.43,3805.38,212337.63
2025-10-22 18:00:00,3805.53,3819.46,3803.43,3805.38,212337.63
2025-10-22 18:00:00,3805.53,3819.46,3803.43,3805.38,212337.63
2025-10-22 18:00:00,3805.53,3819.46,3803.43,3805.38,212337.63
2025-10-22 18:00:00,3805.53,3819.46,3803.43,3805.38,212337.63
2025-10-22 18:00:00,3805.53,3819.46,3803.43,3805.38,212337.63
2025-10-22 18:15:00,3805.39,3819.1,3786.34,3807.59,526650.86
2025-10-22 18:15:00,3805.39,3819.1,3786.34,3807.59,526650.86
2025-10-22 18:15:00,3805.39,3819.1,3786.34,3807.59,526650.86
2025-10-22 18:15:00,3805.39,3819.1,3786.34,3807.59,526650.86
2025-10-22 18:15:00,3805.39,3819.1,3786.34,3807.59,526650.86
2025-10-22 18:15:00,3805.39,3819.1,3786.34,3807.59,526650.86
2025-10-22 18:15:00,3805.39,3819.1,3786.34,3807.59,526650.86
2025-10-22 18:15:00,3805.39,3819.1,3786.34,3807.59,526650.86
2025-10-22 18:15:00,3805.39,3819.1,3786.34,3807.59,526650.86
2025-10-22 18:15:00,3805.39,3819.1,3786.34,3807.59,526650.86
2025-10-22 18:15:00,3805.39,3819.1,3786.34,3807.59,526650.86
2025-10-22 18:15:00,3805.39,3819.1,3786.34,3807.59,526650.86
2025-10-22 18:15:00,3805.39,3819.1,3786.34,3807.59,526650.86
2025-10-22 18:15:00,3805.39,3819.1,3786.34,3807.59,526650.86
2025-10-22 18:15:00,3805.39,3819.1,3786.34,3807.59,526650.86
2025-10-22 18:15:00,3805.39,3819.1,3786.34,3807.59,526650.86
2025-10-22 18:15:00,3805.39,3819.1,3786.34,3807.59,526650.86
2025-10-22 18:15:00,3805.39,3819.1,3786.34,3807.59,526650.86
2025-10-22 18:15:00,3805.39,3819.1,3786.34,3807.59,526650.86
2025-10-22 18:15:00,3805.39,3819.1,3786.34,3807.59,526650.86
2025-10-22 18:15:00,3805.39,3819.1,3786.34,3807.59,526650.86
2025-10-22 18:15:00,3805.39,3819.1,3786.34,3807.59,526650.86
2025-10-22 18:15:00,3805.39,3819.1,3786.34,3807.59,526650.86
2025-10-22 18:15:00,3805.39,3819.1,3786.34,3807.59,526650.86
2025-10-22 18:15:00,3805.39,3819.1,3786.34,3807.59,526650.86
2025-10-22 18:15:00,3805.39,3819.1,3786.34,3807.59,526650.86
2025-10-22 18:15:00,3805.39,3819.1,3786.34,3807.59,526650.86
2025-10-22 18:15:00,3805.39,3819.1,3786.34,3807.59,526650.86
2025-10-22 18:15:00,3805.39,3819.1,3786.34,3807.59,526650.86
2025-10-22 18:15:00,3805.39,3819.1,3786.34,3807.59,526650.86
2025-10-22 18:15:00,3805.39,3819.1,3786.34,3807.59,526650.86
2025-10-22 18:15:00,3805.39,3819.1,3786.34,3807.59,526650.86
2025-10-22 18:15:00,3805.39,3819.1,3786.34,3807.59,526650.86
2025-10-22 18:15:00,3805.39,3819.1,3786.34,3807.59,526650.86
2025-10-22 18:15:00,3805.39,3819.1,3786.34,3807.59,526650.86
2025-10-22 18:15:00,3805.39,3819.1,3786.34,3807.59,526650.86
2025-10-22 18:15:00,3805.39,3819.1,3786.34,3807.59,526650.86
2025-10-22 18:15:00,3805.39,3819.1,3786.34,3807.59,526650.86
2025-10-22 18:15:00,3805.39,3819.1,3786.34,3807.59,526650.86
2025-10-22 18:15:00,3805.39,3819.1,3786.34,3807.59,526650.86
2025-10-22 18:15:00,3805.39,3819.1,3786.34,3807.59,526650.86
2025-10-22 18:15:00,3805.39,3819.1,3786.34,3807.59,526650.86
2025-10-22 18:15:00,3805.39,3819.1,3786.34,3807.59,526650.86
2025-10-22 18:15:00,3805.39,3819.1,3786.34,3807.59,526650.86
2025-10-22 18:15:00,3805.39,3819.1,3786.34,3807.59,526650.86
2025-10-22 18:15:00,3805.39,3819.1,3786.34,3807.59,526650.86
2025-10-22 18:15:00,3805.39,3819.1,3786.34,3807.59,526650.86
2025-10-22 18:15:00,3805.39,3819.1,3786.34,3807.59,526650.86
2025-10-22 18:15:00,3805.39,3819.1,3786.34,3807.59,526650.86
2025-10-22 18:15:00,3805.39,3819.1,3786.34,3807.59,526650.86
2025-10-22 18:15:00,3805.39,3819.1,3786.34,3807.59,526650.86
2025-10-22 18:15:00,3805.39,3819.1,3786.34,3807.59,526650.86
2025-10-22 18:15:00,3805.39,3819.1,3786.34,3807.59,526650.86
2025-10-22 18:30:00,3807.58,3811.25,3792.53,3797.65,283484.94
2025-10-22 18:30:00,3807.58,3811.25,3792.53,3797.65,283484.94
2025-10-22 18:30:00,3807.58,3811.25,3792.53,3797.65,283484.94
2025-10-22 18:30:00,3807.58,3811.25,3792.53,3797.65,283484.94
2025-10-22 18:30:00,3807.58,3811.25,3792.53,3797.65,283484.94
2025-10-22 18:30:00,3807.58,3811.25,3792.53,3797.65,283484.94
2025-10-22 18:30:00,3807.58,3811.25,3792.53,3797.65,283484.94
2025-10-22 18:30:00,3807.58,3811.25,3792.53,3797.65,283484.94
2025-10-22 18:30:00,3807.58,3811.25,3792.53,3797.65,283484.94
2025-10-22 18:30:00,3807.58,3811.25,3792.53,3797.65,283484.94
2025-10-22 18:30:00,3807.58,3811.25,3792.53,3797.65,283484.94
2025-10-22 18:30:00,3807.58,3811.25,3792.53,3797.65,283484.94
2025-10-22 18:30:00,3807.58,3811.25,3792.53,3797.65,283484.94
2025-10-22 18:30:00,3807.58,3811.25,3792.53,3797.65,283484.94
2025-10-22 18:30:00,3807.58,3811.25,3792.53,3797.65,283484.94
2025-10-22 18:30:00,3807.58,3811.25,3792.53,3797.65,283484.94
2025-10-22 18:30:00,3807.58,3811.25,3792.53,3797.65,283484.94
2025-10-22 18:30:00,3807.58,3811.25,3792.53,3797.65,283484.94
2025-10-22 18:30:00,3807.58,3811.25,3792.53,3797.65,283484.94
2025-10-22 18:30:00,3807.58,3811.25,3792.53,3797.65,283484.94
2025-10-22 18:30:00,3807.58,3811.25,3792.53,3797.65,283484.94
2025-10-22 18:30:00,3807.58,3811.25,3792.53,3797.65,283484.94
2025-10-22 18:30:00,3807.58,3811.25,3792.53,3797.65,283484.94
2025-10-22 18:30:00,3807.58,3811.25,3792.53,3797.65,283484.94
2025-10-22 18:30:00,3807.58,3811.25,3792.53,3797.65,283484.94
2025-10-22 18:30:00,3807.58,3811.25,3792.53,3797.65,283484.94
2025-10-22 18:30:00,3807.58,3811.25,3792.53,3797.65,283484.94
2025-10-22 18:30:00,3807.58,3811.25,3792.53,3797.65,283484.94
2025-10-22 18:30:00,3807.58,3811.25,3792.53,3797.65,283484.94
2025-10-22 18:30:00,3807.58,3811.25,3792.53,3797.65,283484.94
2025-10-22 18:30:00,3807.58,3811.25,3792.53,3797.65,283484.94
2025-10-22 18:30:00,3807.58,3811.25,3792.53,3797.65,283484.94
2025-10-22 18:30:00,3807.58,3811.25,3792.53,3797.65,283484.94
2025-10-22 18:30:00,3807.58,3811.25,3792.53,3797.65,283484.94
2025-10-22 18:30:00,3807.58,3811.25,3792.53,3797.65,283484.94
2025-10-22 18:30:00,3807.58,3811.25,3792.53,3797.65,283484.94
2025-10-22 18:30:00,3807.58,3811.25,3792.53,3797.65,283484.94
2025-10-22 18:30:00,3807.58,3811.25,3792.53,3797.65,283484.94
2025-10-22 18:30:00,3807.58,3811.25,3792.53,3797.65,283484.94
2025-10-22 18:30:00,3807.58,3811.25,3792.53,3797.65,283484.94
2025-10-22 18:30:00,3807.58,3811.25,3792.53,3797.65,283484.94
2025-10-22 18:30:00,3807.58,3811.25,3792.53,3797.65,283484.94
2025-10-22 18:30:00,3807.58,3811.25,3792.53,3797.65,283484.94
2025-10-22 18:30:00,3807.58,3811.25,3792.53,3797.65,283484.94
2025-10-22 18:30:00,3807.58,3811.25,3792.53,3797.65,283484.94
2025-10-22 18:30:00,3807.58,3811.25,3792.53,3797.65,283484.94
2025-10-22 18:30:00,3807.58,3811.25,3792.53,3797.65,283484.94
2025-10-22 18:30:00,3807.58,3811.25,3792.53,3797.65,283484.94
2025-10-22 18:30:00,3807.58,3811.25,3792.53,3797.65,283484.94
2025-10-22 18:30:00,3807.58,3811.25,3792.53,3797.65,283484.94
2025-10-22 18:30:00,3807.58,3811.25,3792.53,3797.65,283484.94
2025-10-22 18:30:00,3807.58,3811.25,3792.53,3797.65,283484.94
2025-10-22 18:30:00,3807.58,3811.25,3792.53,3797.65,283484.94
2025-10-22 18:45:00,3797.66,3802.34,3790.0,3800.95,168162.29
2025-10-22 18:45:00,3797.66,3802.34,3790.0,3800.95,168162.29
2025-10-22 18:45:00,3797.66,3802.34,3790.0,3800.95,168162.29
2025-10-22 18:45:00,3797.66,3802.34,3790.0,3800.95,168162.29
2025-10-22 18:45:00,3797.66,3802.34,3790.0,3800.95,168162.29
2025-10-22 18:45:00,3797.66,3802.34,3790.0,3800.95,168162.29
2025-10-22 18:45:00,3797.66,3802.34,3790.0,3800.95,168162.29
2025-10-22 18:45:00,3797.66,3802.34,3790.0,3800.95,168162.29
2025-10-22 18:45:00,3797.66,3802.34,3790.0,3800.95,168162.29
2025-10-22 18:45:00,3797.66,3802.34,3790.0,3800.95,168162.29
2025-10-22 18:45:00,3797.66,3802.34,3790.0,3800.95,168162.29
2025-10-22 18:45:00,3797.66,3802.34,3790.0,3800.95,168162.29
2025-10-22 18:45:00,3797.66,3802.34,3790.0,3800.95,168162.29
2025-10-22 18:45:00,3797.66,3802.34,3790.0,3800.95,168162.29
2025-10-22 18:45:00,3797.66,3802.34,3790.0,3800.95,168162.29
2025-10-22 18:45:00,3797.66,3802.34,3790.0,3800.95,168162.29
2025-10-22 18:45:00,3797.66,3802.34,3790.0,3800.95,168162.29
2025-10-22 18:45:00,3797.66,3802.34,3790.0,3800.95,168162.29
2025-10-22 18:45:00,3797.66,3802.34,3790.0,3800.95,168162.29
2025-10-22 18:45:00,3797.66,3802.34,3790.0,3800.95,168162.29
2025-10-22 18:45:00,3797.66,3802.34,3790.0,3800.95,168162.29
2025-10-22 18:45:00,3797.66,3802.34,3790.0,3800.95,168162.29
2025-10-22 18:45:00,3797.66,3802.34,3790.0,3800.95,168162.29
2025-10-22 18:45:00,3797.66,3802.34,3790.0,3800.95,168162.29
2025-10-22 18:45:00,3797.66,3802.34,3790.0,3800.95,168162.29
2025-10-22 18:45:00,3797.66,3802.34,3790.0,3800.95,168162.29
2025-10-22 18:45:00,3797.66,3802.34,3790.0,3800.95,168162.29
2025-10-22 18:45:00,3797.66,3802.34,3790.0,3800.95,168162.29
2025-10-22 18:45:00,3797.66,3802.34,3790.0,3800.95,168162.29
2025-10-22 18:45:00,3797.66,3802.34,3790.0,3800.95,168162.29
2025-10-22 18:45:00,3797.66,3802.34,3790.0,3800.95,168162.29
2025-10-22 18:45:00,3797.66,3802.34,3790.0,3800.95,168162.29
2025-10-22 18:45:00,3797.66,3802.34,3790.0,3800.95,168162.29
2025-10-22 18:45:00,3797.66,3802.34,3790.0,3800.95,168162.29
2025-10-22 18:45:00,3797.66,3802.34,3790.0,3800.95,168162.29
2025-10-22 18:45:00,3797.66,3802.34,3790.0,3800.95,168162.29
2025-10-22 18:45:00,3797.66,3802.34,3790.0,3800.95,168162.29
2025-10-22 18:45:00,3797.66,3802.34,3790.0,3800.95,168162.29
2025-10-22 18:45:00,3797.66,3802.34,3790.0,3800.95,168162.29
2025-10-22 18:45:00,3797.66,3802.34,3790.0,3800.95,168162.29
2025-10-22 18:45:00,3797.66,3802.34,3790.0,3800.95,168162.29
2025-10-22 18:45:00,3797.66,3802.34,3790.0,3800.95,168162.29
2025-10-22 18:45:00,3797.66,3802.34,3790.0,3800.95,168162.29
2025-10-22 18:45:00,3797.66,3802.34,3790.0,3800.95,168162.29
2025-10-22 18:45:00,3797.66,3802.34,3790.0,3800.95,168162.29
2025-10-22 18:45:00,3797.66,3802.34,3790.0,3800.95,168162.29
2025-10-22 18:45:00,3797.66,3802.34,3790.0,3800.95,168162.29
2025-10-22 18:45:00,3797.66,3802.34,3790.0,3800.95,168162.29
2025-10-22 18:45:00,3797.66,3802.34,3790.0,3800.95,168162.29
2025-10-22 18:45:00,3797.66,3802.34,3790.0,3800.95,168162.29
2025-10-22 18:45:00,3797.66,3802.34,3790.0,3800.95,168162.29
2025-10-22 18:45:00,3797.66,3802.34,3790.0,3800.95,168162.29
2025-10-22 18:45:00,3797.66,3802.34,3790.0,3800.95,168162.29
2025-10-22 19:00:00,3800.95,3827.14,3795.23,3817.73,352164.95
2025-10-22 19:00:00,3800.95,3827.14,3795.23,3817.73,352164.95
2025-10-22 19:00:00,3800.95,3827.14,3795.23,3817.73,352164.95
2025-10-22 19:00:00,3800.95,3827.14,3795.23,3817.73,352164.95
2025-10-22 19:00:00,3800.95,3827.14,3795.23,3817.73,352164.95
2025-10-22 19:00:00,3800.95,3827.14,3795.23,3817.73,352164.95
2025-10-22 19:00:00,3800.95,3827.14,3795.23,3817.73,352164.95
2025-10-22 19:00:00,3800.95,3827.14,3795.23,3817.73,352164.95
2025-10-22 19:00:00,3800.95,3827.14,3795.23,3817.73,352164.95
2025-10-22 19:00:00,3800.95,3827.14,3795.23,3817.73,352164.95
2025-10-22 19:00:00,3800.95,3827.14,3795.23,3817.73,352164.95
2025-10-22 19:00:00,3800.95,3827.14,3795.23,3817.73,352164.95
2025-10-22 19:00:00,3800.95,3827.14,3795.23,3817.73,352164.95
2025-10-22 19:00:00,3800.95,3827.14,3795.23,3817.73,352164.95
2025-10-22 19:00:00,3800.95,3827.14,3795.23,3817.73,352164.95
2025-10-22 19:00:00,3800.95,3827.14,3795.23,3817.73,352164.95
2025-10-22 19:00:00,3800.95,3827.14,3795.23,3817.73,352164.95
2025-10-22 19:00:00,3800.95,3827.14,3795.23,3817.73,352164.95
2025-10-22 19:00:00,3800.95,3827.14,3795.23,3817.73,352164.95
2025-10-22 19:00:00,3800.95,3827.14,3795.23,3817.73,352164.95
2025-10-22 19:00:00,3800.95,3827.14,3795.23,3817.73,352164.95
2025-10-22 19:00:00,3800.95,3827.14,3795.23,3817.73,352164.95
2025-10-22 19:00:00,3800.95,3827.14,3795.23,3817.73,352164.95
2025-10-22 19:00:00,3800.95,3827.14,3795.23,3817.73,352164.95
2025-10-22 19:00:00,3800.95,3827.14,3795.23,3817.73,352164.95
2025-10-22 19:00:00,3800.95,3827.14,3795.23,3817.73,352164.95
2025-10-22 19:00:00,3800.95,3827.14,3795.23,3817.73,352164.95
2025-10-22 19:00:00,3800.95,3827.14,3795.23,3817.73,352164.95
2025-10-22 19:00:00,3800.95,3827.14,3795.23,3817.73,352164.95
2025-10-22 19:00:00,3800.95,3827.14,3795.23,3817.73,352164.95
2025-10-22 19:00:00,3800.95,3827.14,3795.23,3817.73,352164.95
2025-10-22 19:00:00,3800.95,3827.14,3795.23,3817.73,352164.95
2025-10-22 19:00:00,3800.95,3827.14,3795.23,3817.73,352164.95
2025-10-22 19:00:00,3800.95,3827.14,3795.23,3817.73,352164.95
2025-10-22 19:00:00,3800.95,3827.14,3795.23,3817.73,352164.95
2025-10-22 19:00:00,3800.95,3827.14,3795.23,3817.73,352164.95
2025-10-22 19:00:00,3800.95,3827.14,3795.23,3817.73,352164.95
2025-10-22 19:00:00,3800.95,3827.14,3795.23,3817.73,352164.95
2025-10-22 19:00:00,3800.95,3827.14,3795.23,3817.73,352164.95
2025-10-22 19:00:00,3800.95,3827.14,3795.23,3817.73,352164.95
2025-10-22 19:00:00,3800.95,3827.14,3795.23,3817.73,352164.95
2025-10-22 19:00:00,3800.95,3827.14,3795.23,3817.73,352164.95
2025-10-22 19:00:00,3800.95,3827.14,3795.23,3817.73,352164.95
2025-10-22 19:00:00,3800.95,3827.14,3795.23,3817.73,352164.95
2025-10-22 19:00:00,3800.95,3827.14,3795.23,3817.73,352164.95
2025-10-22 19:00:00,3800.95,3827.14,3795.23,3817.73,352164.95
2025-10-22 19:00:00,3800.95,3827.14,3795.23,3817.73,352164.95
2025-10-22 19:00:00,3800.95,3827.14,3795.23,3817.73,352164.95
2025-10-22 19:00:00,3800.95,3827.14,3795.23,3817.73,352164.95
2025-10-22 19:00:00,3800.95,3827.14,3795.23,3817.73,352164.95
2025-10-22 19:00:00,3800.95,3827.14,3795.23,3817.73,352164.95
2025-10-22 19:00:00,3800.95,3827.14,3795.23,3817.73,352164.95
2025-10-22 19:00:00,3800.95,3827.14,3795.23,3817.73,352164.95
2025-10-22 19:15:00,3817.86,3824.77,3808.48,3812.25,166923.09
2025-10-22 19:15:00,3817.86,3824.77,3808.48,3812.25,166923.09
2025-10-22 19:15:00,3817.86,3824.77,3808.48,3812.25,166923.09
2025-10-22 19:15:00,3817.86,3824.77,3808.48,3812.25,166923.09
2025-10-22 19:15:00,3817.86,3824.77,3808.48,3812.25,166923.09
2025-10-22 19:15:00,3817.86,3824.77,3808.48,3812.25,166923.09
2025-10-22 19:15:00,3817.86,3824.77,3808.48,3812.25,166923.09
2025-10-22 19:15:00,3817.86,3824.77,3808.48,3812.25,166923.09
2025-10-22 19:15:00,3817.86,3824.77,3808.48,3812.25,166923.09
2025-10-22 19:15:00,3817.86,3824.77,3808.48,3812.25,166923.09
2025-10-22 19:15:00,3817.86,3824.77,3808.48,3812.25,166923.09
2025-10-22 19:15:00,3817.86,3824.77,3808.48,3812.25,166923.09
2025-10-22 19:15:00,3817.86,3824.77,3808.48,3812.25,166923.09
2025-10-22 19:15:00,3817.86,3824.77,3808.48,3812.25,166923.09
2025-10-22 19:15:00,3817.86,3824.77,3808.48,3812.25,166923.09
2025-10-22 19:15:00,3817.86,3824.77,3808.48,3812.25,166923.09
2025-10-22 19:15:00,3817.86,3824.77,3808.48,3812.25,166923.09
2025-10-22 19:15:00,3817.86,3824.77,3808.48,3812.25,166923.09
2025-10-22 19:15:00,3817.86,3824.77,3808.48,3812.25,166923.09
2025-10-22 19:15:00,3817.86,3824.77,3808.48,3812.25,166923.09
2025-10-22 19:15:00,3817.86,3824.77,3808.48,3812.25,166923.09
2025-10-22 19:15:00,3817.86,3824.77,3808.48,3812.25,166923.09
2025-10-22 19:15:00,3817.86,3824.77,3808.48,3812.25,166923.09
2025-10-22 19:15:00,3817.86,3824.77,3808.48,3812.25,166923.09
2025-10-22 19:15:00,3817.86,3824.77,3808.48,3812.25,166923.09
2025-10-22 19:15:00,3817.86,3824.77,3808.48,3812.25,166923.09
2025-10-22 19:15:00,3817.86,3824.77,3808.48,3812.25,166923.09
2025-10-22 19:15:00,3817.86,3824.77,3808.48,3812.25,166923.09
2025-10-22 19:15:00,3817.86,3824.77,3808.48,3812.25,166923.09
2025-10-22 19:15:00,3817.86,3824.77,3808.48,3812.25,166923.09
2025-10-22 19:15:00,3817.86,3824.77,3808.48,3812.25,166923.09
2025-10-22 19:15:00,3817.86,3824.77,3808.48,3812.25,166923.09
2025-10-22 19:15:00,3817.86,3824.77,3808.48,3812.25,166923.09
2025-10-22 19:15:00,3817.86,3824.77,3808.48,3812.25,166923.09
2025-10-22 19:15:00,3817.86,3824.77,3808.48,3812.25,166923.09
2025-10-22 19:15:00,3817.86,3824.77,3808.48,3812.25,166923.09
2025-10-22 19:15:00,3817.86,3824.77,3808.48,3812.25,166923.09
2025-10-22 19:15:00,3817.86,3824.77,3808.48,3812.25,166923.09
2025-10-22 19:15:00,3817.86,3824.77,3808.48,3812.25,166923.09
2025-10-22 19:15:00,3817.86,3824.77,3808.48,3812.25,166923.09
2025-10-22 19:15:00,3817.86,3824.77,3808.48,3812.25,166923.09
2025-10-22 19:15:00,3817.86,3824.77,3808.48,3812.25,166923.09
2025-10-22 19:15:00,3817.86,3824.77,3808.48,3812.25,166923.09
2025-10-22 19:15:00,3817.86,3824.77,3808.48,3812.25,166923.09
2025-10-22 19:15:00,3817.86,3824.77,3808.48,3812.25,166923.09
2025-10-22 19:15:00,3817.86,3824.77,3808.48,3812.25,166923.09
2025-10-22 19:15:00,3817.86,3824.77,3808.48,3812.25,166923.09
2025-10-22 19:15:00,3817.86,3824.77,3808.48,3812.25,166923.09
2025-10-22 19:15:00,3817.86,3824.77,3808.48,3812.25,166923.09
2025-10-22 19:15:00,3817.86,3824.77,3808.48,3812.25,166923.09
2025-10-22 19:15:00,3817.86,3824.77,3808.48,3812.25,166923.09
2025-10-22 19:15:00,3817.86,3824.77,3808.48,3812.25,166923.09
2025-10-22 19:15:00,3817.86,3824.77,3808.48,3812.25,166923.09
2025-10-22 19:30:00,3812.25,3822.45,3803.77,3804.39,231686.06
2025-10-22 19:30:00,3812.25,3822.45,3803.77,3804.39,231686.06
2025-10-22 19:30:00,3812.25,3822.45,3803.77,3804.39,231686.06
2025-10-22 19:30:00,3812.25,3822.45,3803.77,3804.39,231686.06
2025-10-22 19:30:00,3812.25,3822.45,3803.77,3804.39,231686.06
2025-10-22 19:30:00,3812.25,3822.45,3803.77,3804.39,231686.06
2025-10-22 19:30:00,3812.25,3822.45,3803.77,3804.39,231686.06
2025-10-22 19:30:00,3812.25,3822.45,3803.77,3804.39,231686.06
2025-10-22 19:30:00,3812.25,3822.45,3803.77,3804.39,231686.06
2025-10-22 19:30:00,3812.25,3822.45,3803.77,3804.39,231686.06
2025-10-22 19:30:00,3812.25,3822.45,3803.77,3804.39,231686.06
2025-10-22 19:30:00,3812.25,3822.45,3803.77,3804.39,231686.06
2025-10-22 19:30:00,3812.25,3822.45,3803.77,3804.39,231686.06
2025-10-22 19:30:00,3812.25,3822.45,3803.77,3804.39,231686.06
2025-10-22 19:30:00,3812.25,3822.45,3803.77,3804.39,231686.06
2025-10-22 19:30:00,3812.25,3822.45,3803.77,3804.39,231686.06
2025-10-22 19:30:00,3812.25,3822.45,3803.77,3804.39,231686.06
2025-10-22 19:30:00,3812.25,3822.45,3803.77,3804.39,231686.06
2025-10-22 19:30:00,3812.25,3822.45,3803.77,3804.39,231686.06
2025-10-22 19:30:00,3812.25,3822.45,3803.77,3804.39,231686.06
2025-10-22 19:30:00,3812.25,3822.45,3803.77,3804.39,231686.06
2025-10-22 19:30:00,3812.25,3822.45,3803.77,3804.39,231686.06
2025-10-22 19:30:00,3812.25,3822.45,3803.77,3804.39,231686.06
2025-10-22 19:30:00,3812.25,3822.45,3803.77,3804.39,231686.06
2025-10-22 19:30:00,3812.25,3822.45,3803.77,3804.39,231686.06
2025-10-22 19:30:00,3812.25,3822.45,3803.77,3804.39,231686.06
2025-10-22 19:30:00,3812.25,3822.45,3803.77,3804.39,231686.06
2025-10-22 19:30:00,3812.25,3822.45,3803.77,3804.39,231686.06
2025-10-22 19:30:00,3812.25,3822.45,3803.77,3804.39,231686.06
2025-10-22 19:30:00,3812.25,3822.45,3803.77,3804.39,231686.06
2025-10-22 19:30:00,3812.25,3822.45,3803.77,3804.39,231686.06
2025-10-22 19:30:00,3812.25,3822.45,3803.77,3804.39,231686.06
2025-10-22 19:30:00,3812.25,3822.45,3803.77,3804.39,231686.06
2025-10-22 19:30:00,3812.25,3822.45,3803.77,3804.39,231686.06
2025-10-22 19:30:00,3812.25,3822.45,3803.77,3804.39,231686.06
2025-10-22 19:30:00,3812.25,3822.45,3803.77,3804.39,231686.06
2025-10-22 19:30:00,3812.25,3822.45,3803.77,3804.39,231686.06
2025-10-22 19:30:00,3812.25,3822.45,3803.77,3804.39,231686.06
2025-10-22 19:30:00,3812.25,3822.45,3803.77,3804.39,231686.06
2025-10-22 19:30:00,3812.25,3822.45,3803.77,3804.39,231686.06
2025-10-22 19:30:00,3812.25,3822.45,3803.77,3804.39,231686.06
2025-10-22 19:30:00,3812.25,3822.45,3803.77,3804.39,231686.06
2025-10-22 19:30:00,3812.25,3822.45,3803.77,3804.39,231686.06
2025-10-22 19:30:00,3812.25,3822.45,3803.77,3804.39,231686.06
2025-10-22 19:30:00,3812.25,3822.45,3803.77,3804.39,231686.06
2025-10-22 19:30:00,3812.25,3822.45,3803.77,3804.39,231686.06
2025-10-22 19:30:00,3812.25,3822.45,3803.77,3804.39,231686.06
2025-10-22 19:30:00,3812.25,3822.45,3803.77,3804.39,231686.06
2025-10-22 19:30:00,3812.25,3822.45,3803.77,3804.39,231686.06
2025-10-22 19:30:00,3812.25,3822.45,3803.77,3804.39,231686.06
2025-10-22 19:30:00,3812.25,3822.45,3803.77,3804.39,231686.06
2025-10-22 19:30:00,3812.25,3822.45,3803.77,3804.39,231686.06
2025-10-22 19:30:00,3812.25,3822.45,3803.77,3804.39,231686.06
2025-10-22 19:45:00,3804.4,3809.53,3781.06,3802.55,594349.88
2025-10-22 19:45:00,3804.4,3809.53,3781.06,3802.55,594349.88
2025-10-22 19:45:00,3804.4,3809.53,3781.06,3802.55,594349.88
2025-10-22 19:45:00,3804.4,3809.53,3781.06,3802.55,594349.88
2025-10-22 19:45:00,3804.4,3809.53,3781.06,3802.55,594349.88
2025-10-22 19:45:00,3804.4,3809.53,3781.06,3802.55,594349.88
2025-10-22 19:45:00,3804.4,3809.53,3781.06,3802.55,594349.88
2025-10-22 19:45:00,3804.4,3809.53,3781.06,3802.55,594349.88
2025-10-22 19:45:00,3804.4,3809.53,3781.06,3802.55,594349.88
2025-10-22 19:45:00,3804.4,3809.53,3781.06,3802.55,594349.88
2025-10-22 19:45:00,3804.4,3809.53,3781.06,3802.55,594349.88
2025-10-22 19:45:00,3804.4,3809.53,3781.06,3802.55,594349.88
2025-10-22 19:45:00,3804.4,3809.53,3781.06,3802.55,594349.88
2025-10-22 19:45:00,3804.4,3809.53,3781.06,3802.55,594349.88
2025-10-22 19:45:00,3804.4,3809.53,3781.06,3802.55,594349.88
2025-10-22 19:45:00,3804.4,3809.53,3781.06,3802.55,594349.88
2025-10-22 19:45:00,3804.4,3809.53,3781.06,3802.55,594349.88
2025-10-22 19:45:00,3804.4,3809.53,3781.06,3802.55,594349.88
2025-10-22 19:45:00,3804.4,3809.53,3781.06,3802.55,594349.88
2025-10-22 19:45:00,3804.4,3809.53,3781.06,3802.55,594349.88
2025-10-22 19:45:00,3804.4,3809.53,3781.06,3802.55,594349.88
2025-10-22 19:45:00,3804.4,3809.53,3781.06,3802.55,594349.88
2025-10-22 19:45:00,3804.4,3809.53,3781.06,3802.55,594349.88
2025-10-22 19:45:00,3804.4,3809.53,3781.06,3802.55,594349.88
2025-10-22 19:45:00,3804.4,3809.53,3781.06,3802.55,594349.88
2025-10-22 19:45:00,3804.4,3809.53,3781.06,3802.55,594349.88
2025-10-22 19:45:00,3804.4,3809.53,3781.06,3802.55,594349.88
2025-10-22 19:45:00,3804.4,3809.53,3781.06,3802.55,594349.88
2025-10-22 19:45:00,3804.4,3809.53,3781.06,3802.55,594349.88
2025-10-22 19:45:00,3804.4,3809.53,3781.06,3802.55,594349.88
2025-10-22 19:45:00,3804.4,3809.53,3781.06,3802.55,594349.88
2025-10-22 19:45:00,3804.4,3809.53,3781.06,3802.55,594349.88
2025-10-22 19:45:00,3804.4,3809.53,3781.06,3802.55,594349.88
2025-10-22 19:45:00,3804.4,3809.53,3781.06,3802.55,594349.88
2025-10-22 19:45:00,3804.4,3809.53,3781.06,3802.55,594349.88
2025-10-22 19:45:00,3804.4,3809.53,3781.06,3802.55,594349.88
2025-10-22 19:45:00,3804.4,3809.53,3781.06,3802.55,594349.88
2025-10-22 19:45:00,3804.4,3809.53,3781.06,3802.55,594349.88
2025-10-22 19:45:00,3804.4,3809.53,3781.06,3802.55,594349.88
2025-10-22 19:45:00,3804.4,3809.53,3781.06,3802.55,594349.88
2025-10-22 19:45:00,3804.4,3809.53,3781.06,3802.55,594349.88
2025-10-22 19:45:00,3804.4,3809.53,3781.06,3802.55,594349.88
2025-10-22 19:45:00,3804.4,3809.53,3781.06,3802.55,594349.88
2025-10-22 19:45:00,3804.4,3809.53,3781.06,3802.55,594349.88
2025-10-22 19:45:00,3804.4,3809.53,3781.06,3802.55,594349.88
2025-10-22 19:45:00,3804.4,3809.53,3781.06,3802.55,594349.88
2025-10-22 19:45:00,3804.4,3809.53,3781.06,3802.55,594349.88
2025-10-22 19:45:00,3804.4,3809.53,3781.06,3802.55,594349.88
2025-10-22 19:45:00,3804.4,3809.53,3781.06,3802.55,594349.88
2025-10-22 19:45:00,3804.4,3809.53,3781.06,3802.55,594349.88
2025-10-22 19:45:00,3804.4,3809.53,3781.06,3802.55,594349.88
2025-10-22 19:45:00,3804.4,3809.53,3781.06,3802.55,594349.88
2025-10-22 19:45:00,3804.4,3809.53,3781.06,3802.55,594349.88
2025-10-22 20:00:00,3802.55,3808.78,3792.08,3796.05,224817.6
2025-10-22 20:00:00,3802.55,3808.78,3792.08,3796.05,224817.6
2025-10-22 20:00:00,3802.55,3808.78,3792.08,3796.05,224817.6
2025-10-22 20:00:00,3802.55,3808.78,3792.08,3796.05,224817.6
2025-10-22 20:00:00,3802.55,3808.78,3792.08,3796.05,224817.6
2025-10-22 20:00:00,3802.55,3808.78,3792.08,3796.05,224817.6
2025-10-22 20:00:00,3802.55,3808.78,3792.08,3796.05,224817.6
2025-10-22 20:00:00,3802.55,3808.78,3792.08,3796.05,224817.6
2025-10-22 20:00:00,3802.55,3808.78,3792.08,3796.05,224817.6
2025-10-22 20:00:00,3802.55,3808.78,3792.08,3796.05,224817.6
2025-10-22 20:00:00,3802.55,3808.78,3792.08,3796.05,224817.6
2025-10-22 20:00:00,3802.55,3808.78,3792.08,3796.05,224817.6
2025-10-22 20:00:00,3802.55,3808.78,3792.08,3796.05,224817.6
2025-10-22 20:00:00,3802.55,3808.78,3792.08,3796.05,224817.6
2025-10-22 20:00:00,3802.55,3808.78,3792.08,3796.05,224817.6
2025-10-22 20:00:00,3802.55,3808.78,3792.08,3796.05,224817.6
2025-10-22 20:00:00,3802.55,3808.78,3792.08,3796.05,224817.6
2025-10-22 20:00:00,3802.55,3808.78,3792.08,3796.05,224817.6
2025-10-22 20:00:00,3802.55,3808.78,3792.08,3796.05,224817.6
2025-10-22 20:00:00,3802.55,3808.78,3792.08,3796.05,224817.6
2025-10-22 20:00:00,3802.55,3808.78,3792.08,3796.05,224817.6
2025-10-22 20:00:00,3802.55,3808.78,3792.08,3796.05,224817.6
2025-10-22 20:00:00,3802.55,3808.78,3792.08,3796.05,224817.6
2025-10-22 20:00:00,3802.55,3808.78,3792.08,3796.05,224817.6
2025-10-22 20:00:00,3802.55,3808.78,3792.08,3796.05,224817.6
2025-10-22 20:00:00,3802.55,3808.78,3792.08,3796.05,224817.6
2025-10-22 20:00:00,3802.55,3808.78,3792.08,3796.05,224817.6
2025-10-22 20:00:00,3802.55,3808.78,3792.08,3796.05,224817.6
2025-10-22 20:00:00,3802.55,3808.78,3792.08,3796.05,224817.6
2025-10-22 20:00:00,3802.55,3808.78,3792.08,3796.05,224817.6
2025-10-22 20:00:00,3802.55,3808.78,3792.08,3796.05,224817.6
2025-10-22 20:00:00,3802.55,3808.78,3792.08,3796.05,224817.6
2025-10-22 20:00:00,3802.55,3808.78,3792.08,3796.05,224817.6
2025-10-22 20:00:00,3802.55,3808.78,3792.08,3796.05,224817.6
2025-10-22 20:00:00,3802.55,3808.78,3792.08,3796.05,224817.6
2025-10-22 20:00:00,3802.55,3808.78,3792.08,3796.05,224817.6
2025-10-22 20:00:00,3802.55,3808.78,3792.08,3796.05,224817.6
2025-10-22 20:00:00,3802.55,3808.78,3792.08,3796.05,224817.6
2025-10-22 20:00:00,3802.55,3808.78,3792.08,3796.05,224817.6
2025-10-22 20:00:00,3802.55,3808.78,3792.08,3796.05,224817.6
2025-10-22 20:00:00,3802.55,3808.78,3792.08,3796.05,224817.6
2025-10-22 20:00:00,3802.55,3808.78,3792.08,3796.05,224817.6
2025-10-22 20:00:00,3802.55,3808.78,3792.08,3796.05,224817.6
2025-10-22 20:00:00,3802.55,3808.78,3792.08,3796.05,224817.6
2025-10-22 20:00:00,3802.55,3808.78,3792.08,3796.05,224817.6
2025-10-22 20:00:00,3802.55,3808.78,3792.08,3796.05,224817.6
2025-10-22 20:00:00,3802.55,3808.78,3792.08,3796.05,224817.6
2025-10-22 20:00:00,3802.55,3808.78,3792.08,3796.05,224817.6
2025-10-22 20:00:00,3802.55,3808.78,3792.08,3796.05,224817.6
2025-10-22 20:00:00,3802.55,3808.78,3792.08,3796.05,224817.6
2025-10-22 20:00:00,3802.55,3808.78,3792.08,3796.05,224817.6
2025-10-22 20:00:00,3802.55,3808.78,3792.08,3796.05,224817.6
2025-10-22 20:00:00,3802.55,3808.78,3792.08,3796.05,224817.6
2025-10-22 20:15:00,3796.05,3796.06,3773.11,3781.89,352087.42
2025-10-22 20:15:00,3796.05,3796.06,3773.11,3781.89,352087.42
2025-10-22 20:15:00,3796.05,3796.06,3773.11,3781.89,352087.42
2025-10-22 20:15:00,3796.05,3796.06,3773.11,3781.89,352087.42
2025-10-22 20:15:00,3796.05,3796.06,3773.11,3781.89,352087.42
2025-10-22 20:15:00,3796.05,3796.06,3773.11,3781.89,352087.42
2025-10-22 20:15:00,3796.05,3796.06,3773.11,3781.89,352087.42
2025-10-22 20:15:00,3796.05,3796.06,3773.11,3781.89,352087.42
2025-10-22 20:15:00,3796.05,3796.06,3773.11,3781.89,352087.42
2025-10-22 20:15:00,3796.05,3796.06,3773.11,3781.89,352087.42
2025-10-22 20:15:00,3796.05,3796.06,3773.11,3781.89,352087.42
2025-10-22 20:15:00,3796.05,3796.06,3773.11,3781.89,352087.42
2025-10-22 20:15:00,3796.05,3796.06,3773.11,3781.89,352087.42
2025-10-22 20:15:00,3796.05,3796.06,3773.11,3781.89,352087.42
2025-10-22 20:15:00,3796.05,3796.06,3773.11,3781.89,352087.42
2025-10-22 20:15:00,3796.05,3796.06,3773.11,3781.89,352087.42
2025-10-22 20:15:00,3796.05,3796.06,3773.11,3781.89,352087.42
2025-10-22 20:15:00,3796.05,3796.06,3773.11,3781.89,352087.42
2025-10-22 20:15:00,3796.05,3796.06,3773.11,3781.89,352087.42
2025-10-22 20:15:00,3796.05,3796.06,3773.11,3781.89,352087.42
2025-10-22 20:15:00,3796.05,3796.06,3773.11,3781.89,352087.42
2025-10-22 20:15:00,3796.05,3796.06,3773.11,3781.89,352087.42
2025-10-22 20:15:00,3796.05,3796.06,3773.11,3781.89,352087.42
2025-10-22 20:15:00,3796.05,3796.06,3773.11,3781.89,352087.42
2025-10-22 20:15:00,3796.05,3796.06,3773.11,3781.89,352087.42
2025-10-22 20:15:00,3796.05,3796.06,3773.11,3781.89,352087.42
2025-10-22 20:15:00,3796.05,3796.06,3773.11,3781.89,352087.42
2025-10-22 20:15:00,3796.05,3796.06,3773.11,3781.89,352087.42
2025-10-22 20:15:00,3796.05,3796.06,3773.11,3781.89,352087.42
2025-10-22 20:15:00,3796.05,3796.06,3773.11,3781.89,352087.42
2025-10-22 20:15:00,3796.05,3796.06,3773.11,3781.89,352087.42
2025-10-22 20:15:00,3796.05,3796.06,3773.11,3781.89,352087.42
2025-10-22 20:15:00,3796.05,3796.06,3773.11,3781.89,352087.42
2025-10-22 20:15:00,3796.05,3796.06,3773.11,3781.89,352087.42
2025-10-22 20:15:00,3796.05,3796.06,3773.11,3781.89,352087.42
2025-10-22 20:15:00,3796.05,3796.06,3773.11,3781.89,352087.42
2025-10-22 20:15:00,3796.05,3796.06,3773.11,3781.89,352087.42
2025-10-22 20:15:00,3796.05,3796.06,3773.11,3781.89,352087.42
2025-10-22 20:15:00,3796.05,3796.06,3773.11,3781.89,352087.42
2025-10-22 20:15:00,3796.05,3796.06,3773.11,3781.89,352087.42
2025-10-22 20:15:00,3796.05,3796.06,3773.11,3781.89,352087.42
2025-10-22 20:15:00,3796.05,3796.06,3773.11,3781.89,352087.42
2025-10-22 20:15:00,3796.05,3796.06,3773.11,3781.89,352087.42
2025-10-22 20:15:00,3796.05,3796.06,3773.11,3781.89,352087.42
2025-10-22 20:15:00,3796.05,3796.06,3773.11,3781.89,352087.42
2025-10-22 20:15:00,3796.05,3796.06,3773.11,3781.89,352087.42
2025-10-22 20:15:00,3796.05,3796.06,3773.11,3781.89,352087.42
2025-10-22 20:15:00,3796.05,3796.06,3773.11,3781.89,352087.42
2025-10-22 20:15:00,3796.05,3796.06,3773.11,3781.89,352087.42
2025-10-22 20:15:00,3796.05,3796.06,3773.11,3781.89,352087.42
2025-10-22 20:15:00,3796.05,3796.06,3773.11,3781.89,352087.42
2025-10-22 20:15:00,3796.05,3796.06,3773.11,3781.89,352087.42
2025-10-22 20:15:00,3796.05,3796.06,3773.11,3781.89,352087.42
2025-10-22 20:30:00,3781.89,3800.87,3765.8,3798.7,443950.6
2025-10-22 20:30:00,3781.89,3800.87,3765.8,3798.7,443950.6
2025-10-22 20:30:00,3781.89,3800.87,3765.8,3798.7,443950.6
2025-10-22 20:30:00,3781.89,3800.87,3765.8,3798.7,443950.6
2025-10-22 20:30:00,3781.89,3800.87,3765.8,3798.7,443950.6
2025-10-22 20:30:00,3781.89,3800.87,3765.8,3798.7,443950.6
2025-10-22 20:30:00,3781.89,3800.87,3765.8,3798.7,443950.6
2025-10-22 20:30:00,3781.89,3800.87,3765.8,3798.7,443950.6
2025-10-22 20:30:00,3781.89,3800.87,3765.8,3798.7,443950.6
2025-10-22 20:30:00,3781.89,3800.87,3765.8,3798.7,443950.6
2025-10-22 20:30:00,3781.89,3800.87,3765.8,3798.7,443950.6
2025-10-22 20:30:00,3781.89,3800.87,3765.8,3798.7,443950.6
2025-10-22 20:30:00,3781.89,3800.87,3765.8,3798.7,443950.6
2025-10-22 20:30:00,3781.89,3800.87,3765.8,3798.7,443950.6
2025-10-22 20:30:00,3781.89,3800.87,3765.8,3798.7,443950.6
2025-10-22 20:30:00,3781.89,3800.87,3765.8,3798.7,443950.6
2025-10-22 20:30:00,3781.89,3800.87,3765.8,3798.7,443950.6
2025-10-22 20:30:00,3781.89,3800.87,3765.8,3798.7,443950.6
2025-10-22 20:30:00,3781.89,3800.87,3765.8,3798.7,443950.6
2025-10-22 20:30:00,3781.89,3800.87,3765.8,3798.7,443950.6
2025-10-22 20:30:00,3781.89,3800.87,3765.8,3798.7,443950.6
2025-10-22 20:30:00,3781.89,3800.87,3765.8,3798.7,443950.6
2025-10-22 20:30:00,3781.89,3800.87,3765.8,3798.7,443950.6
2025-10-22 20:30:00,3781.89,3800.87,3765.8,3798.7,443950.6
2025-10-22 20:30:00,3781.89,3800.87,3765.8,3798.7,443950.6
2025-10-22 20:30:00,3781.89,3800.87,3765.8,3798.7,443950.6
2025-10-22 20:30:00,3781.89,3800.87,3765.8,3798.7,443950.6
2025-10-22 20:30:00,3781.89,3800.87,3765.8,3798.7,443950.6
2025-10-22 20:30:00,3781.89,3800.87,3765.8,3798.7,443950.6
2025-10-22 20:30:00,3781.89,3800.87,3765.8,3798.7,443950.6
2025-10-22 20:30:00,3781.89,3800.87,3765.8,3798.7,443950.6
2025-10-22 20:30:00,3781.89,3800.87,3765.8,3798.7,443950.6
2025-10-22 20:30:00,3781.89,3800.87,3765.8,3798.7,443950.6
2025-10-22 20:30:00,3781.89,3800.87,3765.8,3798.7,443950.6
2025-10-22 20:30:00,3781.89,3800.87,3765.8,3798.7,443950.6
2025-10-22 20:30:00,3781.89,3800.87,3765.8,3798.7,443950.6
2025-10-22 20:30:00,3781.89,3800.87,3765.8,3798.7,443950.6
2025-10-22 20:30:00,3781.89,3800.87,3765.8,3798.7,443950.6
2025-10-22 20:30:00,3781.89,3800.87,3765.8,3798.7,443950.6
2025-10-22 20:30:00,3781.89,3800.87,3765.8,3798.7,443950.6
2025-10-22 20:30:00,3781.89,3800.87,3765.8,3798.7,443950.6
2025-10-22 20:30:00,3781.89,3800.87,3765.8,3798.7,443950.6
2025-10-22 20:30:00,3781.89,3800.87,3765.8,3798.7,443950.6
2025-10-22 20:30:00,3781.89,3800.87,3765.8,3798.7,443950.6
2025-10-22 20:30:00,3781.89,3800.87,3765.8,3798.7,443950.6
2025-10-22 20:30:00,3781.89,3800.87,3765.8,3798.7,443950.6
2025-10-22 20:30:00,3781.89,3800.87,3765.8,3798.7,443950.6
2025-10-22 20:30:00,3781.89,3800.87,3765.8,3798.7,443950.6
2025-10-22 20:30:00,3781.89,3800.87,3765.8,3798.7,443950.6
2025-10-22 20:30:00,3781.89,3800.87,3765.8,3798.7,443950.6
2025-10-22 20:30:00,3781.89,3800.87,3765.8,3798.7,443950.6
2025-10-22 20:30:00,3781.89,3800.87,3765.8,3798.7,443950.6
2025-10-22 20:30:00,3781.89,3800.87,3765.8,3798.7,443950.6
2025-10-22 20:45:00,3798.7,3799.28,3769.0,3779.01,184231.96
2025-10-22 20:45:00,3798.7,3799.28,3769.0,3779.01,184231.96
2025-10-22 20:45:00,3798.7,3799.28,3769.0,3779.01,184231.96
2025-10-22 20:45:00,3798.7,3799.28,3769.0,3779.01,184231.96
2025-10-22 20:45:00,3798.7,3799.28,3769.0,3779.01,184231.96
2025-10-22 20:45:00,3798.7,3799.28,3769.0,3779.01,184231.96
2025-10-22 20:45:00,3798.7,3799.28,3769.0,3779.01,184231.96
2025-10-22 20:45:00,3798.7,3799.28,3769.0,3779.01,184231.96
2025-10-22 20:45:00,3798.7,3799.28,3769.0,3779.01,184231.96
2025-10-22 20:45:00,3798.7,3799.28,3769.0,3779.01,184231.96
2025-10-22 20:45:00,3798.7,3799.28,3769.0,3779.01,184231.96
2025-10-22 20:45:00,3798.7,3799.28,3769.0,3779.01,184231.96
2025-10-22 20:45:00,3798.7,3799.28,3769.0,3779.01,184231.96
2025-10-22 20:45:00,3798.7,3799.28,3769.0,3779.01,184231.96
2025-10-22 20:45:00,3798.7,3799.28,3769.0,3779.01,184231.96
2025-10-22 20:45:00,3798.7,3799.28,3769.0,3779.01,184231.96
2025-10-22 20:45:00,3798.7,3799.28,3769.0,3779.01,184231.96
2025-10-22 20:45:00,3798.7,3799.28,3769.0,3779.01,184231.96
2025-10-22 20:45:00,3798.7,3799.28,3769.0,3779.01,184231.96
2025-10-22 20:45:00,3798.7,3799.28,3769.0,3779.01,184231.96
2025-10-22 20:45:00,3798.7,3799.28,3769.0,3779.01,184231.96
2025-10-22 20:45:00,3798.7,3799.28,3769.0,3779.01,184231.96
2025-10-22 20:45:00,3798.7,3799.28,3769.0,3779.01,184231.96
2025-10-22 20:45:00,3798.7,3799.28,3769.0,3779.01,184231.96
2025-10-22 20:45:00,3798.7,3799.28,3769.0,3779.01,184231.96
2025-10-22 20:45:00,3798.7,3799.28,3769.0,3779.01,184231.96
2025-10-22 20:45:00,3798.7,3799.28,3769.0,3779.01,184231.96
2025-10-22 20:45:00,3798.7,3799.28,3769.0,3779.01,184231.96
2025-10-22 20:45:00,3798.7,3799.28,3769.0,3779.01,184231.96
2025-10-22 20:45:00,3798.7,3799.28,3769.0,3779.01,184231.96
2025-10-22 20:45:00,3798.7,3799.28,3769.0,3779.01,184231.96
2025-10-22 20:45:00,3798.7,3799.28,3769.0,3779.01,184231.96
2025-10-22 20:45:00,3798.7,3799.28,3769.0,3779.01,184231.96
2025-10-22 20:45:00,3798.7,3799.28,3769.0,3779.01,184231.96
2025-10-22 20:45:00,3798.7,3799.28,3769.0,3779.01,184231.96
2025-10-22 20:45:00,3798.7,3799.28,3769.0,3779.01,184231.96
2025-10-22 20:45:00,3798.7,3799.28,3769.0,3779.01,184231.96
2025-10-22 20:45:00,3798.7,3799.28,3769.0,3779.01,184231.96
2025-10-22 20:45:00,3798.7,3799.28,3769.0,3779.01,184231.96
2025-10-22 20:45:00,3798.7,3799.28,3769.0,3779.01,184231.96
2025-10-22 20:45:00,3798.7,3799.28,3769.0,3779.01,184231.96
2025-10-22 20:45:00,3798.7,3799.28,3769.0,3779.01,184231.96
2025-10-22 20:45:00,3798.7,3799.28,3769.0,3779.01,184231.96
2025-10-22 20:45:00,3798.7,3799.28,3769.0,3779.01,184231.96
2025-10-22 20:45:00,3798.7,3799.28,3769.0,3779.01,184231.96
2025-10-22 20:45:00,3798.7,3799.28,3769.0,3779.01,184231.96
2025-10-22 20:45:00,3798.7,3799.28,3769.0,3779.01,184231.96
2025-10-22 20:45:00,3798.7,3799.28,3769.0,3779.01,184231.96
2025-10-22 20:45:00,3798.7,3799.28,3769.0,3779.01,184231.96
2025-10-22 20:45:00,3798.7,3799.28,3769.0,3779.01,184231.96
2025-10-22 20:45:00,3798.7,3799.28,3769.0,3779.01,184231.96
2025-10-22 20:45:00,3798.7,3799.28,3769.0,3779.01,184231.96
2025-10-22 20:45:00,3798.7,3799.28,3769.0,3779.01,184231.96
2025-10-22 21:00:00,3779.01,3780.29,3705.01,3741.1,1720069.52
2025-10-22 21:00:00,3779.01,3780.29,3705.01,3741.1,1720069.52
2025-10-22 21:00:00,3779.01,3780.29,3705.01,3741.1,1720069.52
2025-10-22 21:00:00,3779.01,3780.29,3705.01,3741.1,1720069.52
2025-10-22 21:00:00,3779.01,3780.29,3705.01,3741.1,1720069.52
2025-10-22 21:00:00,3779.01,3780.29,3705.01,3741.1,1720069.52
2025-10-22 21:00:00,3779.01,3780.29,3705.01,3741.1,1720069.52
2025-10-22 21:00:00,3779.01,3780.29,3705.01,3741.1,1720069.52
2025-10-22 21:00:00,3779.01,3780.29,3705.01,3741.1,1720069.52
2025-10-22 21:00:00,3779.01,3780.29,3705.01,3741.1,1720069.52
2025-10-22 21:00:00,3779.01,3780.29,3705.01,3741.1,1720069.52
2025-10-22 21:00:00,3779.01,3780.29,3705.01,3741.1,1720069.52
2025-10-22 21:00:00,3779.01,3780.29,3705.01,3741.1,1720069.52
2025-10-22 21:00:00,3779.01,3780.29,3705.01,3741.1,1720069.52
2025-10-22 21:00:00,3779.01,3780.29,3705.01,3741.1,1720069.52
2025-10-22 21:00:00,3779.01,3780.29,3705.01,3741.1,1720069.52
2025-10-22 21:00:00,3779.01,3780.29,3705.01,3741.1,1720069.52
2025-10-22 21:00:00,3779.01,3780.29,3705.01,3741.1,1720069.52
2025-10-22 21:00:00,3779.01,3780.29,3705.01,3741.1,1720069.52
2025-10-22 21:00:00,3779.01,3780.29,3705.01,3741.1,1720069.52
2025-10-22 21:00:00,3779.01,3780.29,3705.01,3741.1,1720069.52
2025-10-22 21:00:00,3779.01,3780.29,3705.01,3741.1,1720069.52
2025-10-22 21:00:00,3779.01,3780.29,3705.01,3741.1,1720069.52
2025-10-22 21:00:00,3779.01,3780.29,3705.01,3741.1,1720069.52
2025-10-22 21:00:00,3779.01,3780.29,3705.01,3741.1,1720069.52
2025-10-22 21:00:00,3779.01,3780.29,3705.01,3741.1,1720069.52
2025-10-22 21:00:00,3779.01,3780.29,3705.01,3741.1,1720069.52
2025-10-22 21:00:00,3779.01,3780.29,3705.01,3741.1,1720069.52
2025-10-22 21:00:00,3779.01,3780.29,3705.01,3741.1,1720069.52
2025-10-22 21:00:00,3779.01,3780.29,3705.01,3741.1,1720069.52
2025-10-22 21:00:00,3779.01,3780.29,3705.01,3741.1,1720069.52
2025-10-22 21:00:00,3779.01,3780.29,3705.01,3741.1,1720069.52
2025-10-22 21:00:00,3779.01,3780.29,3705.01,3741.1,1720069.52
2025-10-22 21:00:00,3779.01,3780.29,3705.01,3741.1,1720069.52
2025-10-22 21:00:00,3779.01,3780.29,3705.01,3741.1,1720069.52
2025-10-22 21:00:00,3779.01,3780.29,3705.01,3741.1,1720069.52
2025-10-22 21:00:00,3779.01,3780.29,3705.01,3741.1,1720069.52
2025-10-22 21:00:00,3779.01,3780.29,3705.01,3741.1,1720069.52
2025-10-22 21:00:00,3779.01,3780.29,3705.01,3741.1,1720069.52
2025-10-22 21:00:00,3779.01,3780.29,3705.01,3741.1,1720069.52
2025-10-22 21:00:00,3779.01,3780.29,3705.01,3741.1,1720069.52
2025-10-22 21:00:00,3779.01,3780.29,3705.01,3741.1,1720069.52
2025-10-22 21:00:00,3779.01,3780.29,3705.01,3741.1,1720069.52
2025-10-22 21:00:00,3779.01,3780.29,3705.01,3741.1,1720069.52
2025-10-22 21:00:00,3779.01,3780.29,3705.01,3741.1,1720069.52
2025-10-22 21:00:00,3779.01,3780.29,3705.01,3741.1,1720069.52
2025-10-22 21:00:00,3779.01,3780.29,3705.01,3741.1,1720069.52
2025-10-22 21:00:00,3779.01,3780.29,3705.01,3741.1,1720069.52
2025-10-22 21:00:00,3779.01,3780.29,3705.01,3741.1,1720069.52
2025-10-22 21:00:00,3779.01,3780.29,3705.01,3741.1,1720069.52
2025-10-22 21:00:00,3779.01,3780.29,3705.01,3741.1,1720069.52
2025-10-22 21:00:00,3779.01,3780.29,3705.01,3741.1,1720069.52
2025-10-22 21:00:00,3779.01,3780.29,3705.01,3741.1,1720069.52
2025-10-22 21:15:00,3741.1,3751.49,3720.15,3722.01,432790.17
2025-10-22 21:15:00,3741.1,3751.49,3720.15,3722.01,432790.17
2025-10-22 21:15:00,3741.1,3751.49,3720.15,3722.01,432790.17
2025-10-22 21:15:00,3741.1,3751.49,3720.15,3722.01,432790.17
2025-10-22 21:15:00,3741.1,3751.49,3720.15,3722.01,432790.17
2025-10-22 21:15:00,3741.1,3751.49,3720.15,3722.01,432790.17
2025-10-22 21:15:00,3741.1,3751.49,3720.15,3722.01,432790.17
2025-10-22 21:15:00,3741.1,3751.49,3720.15,3722.01,432790.17
2025-10-22 21:15:00,3741.1,3751.49,3720.15,3722.01,432790.17
2025-10-22 21:15:00,3741.1,3751.49,3720.15,3722.01,432790.17
2025-10-22 21:15:00,3741.1,3751.49,3720.15,3722.01,432790.17
2025-10-22 21:15:00,3741.1,3751.49,3720.15,3722.01,432790.17
2025-10-22 21:15:00,3741.1,3751.49,3720.15,3722.01,432790.17
2025-10-22 21:15:00,3741.1,3751.49,3720.15,3722.01,432790.17
2025-10-22 21:15:00,3741.1,3751.49,3720.15,3722.01,432790.17
2025-10-22 21:15:00,3741.1,3751.49,3720.15,3722.01,432790.17
2025-10-22 21:15:00,3741.1,3751.49,3720.15,3722.01,432790.17
2025-10-22 21:15:00,3741.1,3751.49,3720.15,3722.01,432790.17
2025-10-22 21:15:00,3741.1,3751.49,3720.15,3722.01,432790.17
2025-10-22 21:15:00,3741.1,3751.49,3720.15,3722.01,432790.17
2025-10-22 21:15:00,3741.1,3751.49,3720.15,3722.01,432790.17
2025-10-22 21:15:00,3741.1,3751.49,3720.15,3722.01,432790.17
2025-10-22 21:15:00,3741.1,3751.49,3720.15,3722.01,432790.17
2025-10-22 21:15:00,3741.1,3751.49,3720.15,3722.01,432790.17
2025-10-22 21:15:00,3741.1,3751.49,3720.15,3722.01,432790.17
2025-10-22 21:15:00,3741.1,3751.49,3720.15,3722.01,432790.17
2025-10-22 21:15:00,3741.1,3751.49,3720.15,3722.01,432790.17
2025-10-22 21:15:00,3741.1,3751.49,3720.15,3722.01,432790.17
2025-10-22 21:15:00,3741.1,3751.49,3720.15,3722.01,432790.17
2025-10-22 21:15:00,3741.1,3751.49,3720.15,3722.01,432790.17
2025-10-22 21:15:00,3741.1,3751.49,3720.15,3722.01,432790.17
2025-10-22 21:15:00,3741.1,3751.49,3720.15,3722.01,432790.17
2025-10-22 21:15:00,3741.1,3751.49,3720.15,3722.01,432790.17
2025-10-22 21:15:00,3741.1,3751.49,3720.15,3722.01,432790.17
2025-10-22 21:15:00,3741.1,3751.49,3720.15,3722.01,432790.17
2025-10-22 21:15:00,3741.1,3751.49,3720.15,3722.01,432790.17
2025-10-22 21:15:00,3741.1,3751.49,3720.15,3722.01,432790.17
2025-10-22 21:15:00,3741.1,3751.49,3720.15,3722.01,432790.17
2025-10-22 21:15:00,3741.1,3751.49,3720.15,3722.01,432790.17
2025-10-22 21:15:00,3741.1,3751.49,3720.15,3722.01,432790.17
2025-10-22 21:15:00,3741.1,3751.49,3720.15,3722.01,432790.17
2025-10-22 21:15:00,3741.1,3751.49,3720.15,3722.01,432790.17
2025-10-22 21:15:00,3741.1,3751.49,3720.15,3722.01,432790.17
2025-10-22 21:15:00,3741.1,3751.49,3720.15,3722.01,432790.17
2025-10-22 21:15:00,3741.1,3751.49,3720.15,3722.01,432790.17
2025-10-22 21:15:00,3741.1,3751.49,3720.15,3722.01,432790.17
2025-10-22 21:15:00,3741.1,3751.49,3720.15,3722.01,432790.17
2025-10-22 21:15:00,3741.1,3751.49,3720.15,3722.01,432790.17
2025-10-22 21:15:00,3741.1,3751.49,3720.15,3722.01,432790.17
2025-10-22 21:15:00,3741.1,3751.49,3720.15,3722.01,432790.17
2025-10-22 21:15:00,3741.1,3751.49,3720.15,3722.01,432790.17
2025-10-22 21:15:00,3741.1,3751.49,3720.15,3722.01,432790.17
2025-10-22 21:15:00,3741.1,3751.49,3720.15,3722.01,432790.17
2025-10-22 21:30:00,3722.0,3747.76,3717.98,3739.99,285310.33
2025-10-22 21:30:00,3722.0,3747.76,3717.98,3739.99,285310.33
2025-10-22 21:30:00,3722.0,3747.76,3717.98,3739.99,285310.33
2025-10-22 21:30:00,3722.0,3747.76,3717.98,3739.99,285310.33
2025-10-22 21:30:00,3722.0,3747.76,3717.98,3739.99,285310.33
2025-10-22 21:30:00,3722.0,3747.76,3717.98,3739.99,285310.33
2025-10-22 21:30:00,3722.0,3747.76,3717.98,3739.99,285310.33
2025-10-22 21:30:00,3722.0,3747.76,3717.98,3739.99,285310.33
2025-10-22 21:30:00,3722.0,3747.76,3717.98,3739.99,285310.33
2025-10-22 21:30:00,3722.0,3747.76,3717.98,3739.99,285310.33
2025-10-22 21:30:00,3722.0,3747.76,3717.98,3739.99,285310.33
2025-10-22 21:30:00,3722.0,3747.76,3717.98,3739.99,285310.33
2025-10-22 21:30:00,3722.0,3747.76,3717.98,3739.99,285310.33
2025-10-22 21:30:00,3722.0,3747.76,3717.98,3739.99,285310.33
2025-10-22 21:30:00,3722.0,3747.76,3717.98,3739.99,285310.33
2025-10-22 21:30:00,3722.0,3747.76,3717.98,3739.99,285310.33
2025-10-22 21:30:00,3722.0,3747.76,3717.98,3739.99,285310.33
2025-10-22 21:30:00,3722.0,3747.76,3717.98,3739.99,285310.33
2025-10-22 21:30:00,3722.0,3747.76,3717.98,3739.99,285310.33
2025-10-22 21:30:00,3722.0,3747.76,3717.98,3739.99,285310.33
2025-10-22 21:30:00,3722.0,3747.76,3717.98,3739.99,285310.33
2025-10-22 21:30:00,3722.0,3747.76,3717.98,3739.99,285310.33
2025-10-22 21:30:00,3722.0,3747.76,3717.98,3739.99,285310.33
2025-10-22 21:30:00,3722.0,3747.76,3717.98,3739.99,285310.33
2025-10-22 21:30:00,3722.0,3747.76,3717.98,3739.99,285310.33
2025-10-22 21:30:00,3722.0,3747.76,3717.98,3739.99,285310.33
2025-10-22 21:30:00,3722.0,3747.76,3717.98,3739.99,285310.33
2025-10-22 21:30:00,3722.0,3747.76,3717.98,3739.99,285310.33
2025-10-22 21:30:00,3722.0,3747.76,3717.98,3739.99,285310.33
2025-10-22 21:30:00,3722.0,3747.76,3717.98,3739.99,285310.33
2025-10-22 21:30:00,3722.0,3747.76,3717.98,3739.99,285310.33
2025-10-22 21:30:00,3722.0,3747.76,3717.98,3739.99,285310.33
2025-10-22 21:30:00,3722.0,3747.76,3717.98,3739.99,285310.33
2025-10-22 21:30:00,3722.0,3747.76,3717.98,3739.99,285310.33
2025-10-22 21:30:00,3722.0,3747.76,3717.98,3739.99,285310.33
2025-10-22 21:30:00,3722.0,3747.76,3717.98,3739.99,285310.33
2025-10-22 21:30:00,3722.0,3747.76,3717.98,3739.99,285310.33
2025-10-22 21:30:00,3722.0,3747.76,3717.98,3739.99,285310.33
2025-10-22 21:30:00,3722.0,3747.76,3717.98,3739.99,285310.33
2025-10-22 21:30:00,3722.0,3747.76,3717.98,3739.99,285310.33
2025-10-22 21:30:00,3722.0,3747.76,3717.98,3739.99,285310.33
2025-10-22 21:30:00,3722.0,3747.76,3717.98,3739.99,285310.33
2025-10-22 21:30:00,3722.0,3747.76,3717.98,3739.99,285310.33
2025-10-22 21:30:00,3722.0,3747.76,3717.98,3739.99,285310.33
2025-10-22 21:30:00,3722.0,3747.76,3717.98,3739.99,285310.33
2025-10-22 21:30:00,3722.0,3747.76,3717.98,3739.99,285310.33
2025-10-22 21:30:00,3722.0,3747.76,3717.98,3739.99,285310.33
2025-10-22 21:30:00,3722.0,3747.76,3717.98,3739.99,285310.33
2025-10-22 21:30:00,3722.0,3747.76,3717.98,3739.99,285310.33
2025-10-22 21:30:00,3722.0,3747.76,3717.98,3739.99,285310.33
2025-10-22 21:30:00,3722.0,3747.76,3717.98,3739.99,285310.33
2025-10-22 21:30:00,3722.0,3747.76,3717.98,3739.99,285310.33
2025-10-22 21:30:00,3722.0,3747.76,3717.98,3739.99,285310.33
2025-10-22 21:45:00,3740.0,3756.89,3736.33,3742.48,269837.13
2025-10-22 21:45:00,3740.0,3756.89,3736.33,3742.48,269837.13
2025-10-22 21:45:00,3740.0,3756.89,3736.33,3742.48,269837.13
2025-10-22 21:45:00,3740.0,3756.89,3736.33,3742.48,269837.13
2025-10-22 21:45:00,3740.0,3756.89,3736.33,3742.48,269837.13
2025-10-22 21:45:00,3740.0,3756.89,3736.33,3742.48,269837.13
2025-10-22 21:45:00,3740.0,3756.89,3736.33,3742.48,269837.13
2025-10-22 21:45:00,3740.0,3756.89,3736.33,3742.48,269837.13
2025-10-22 21:45:00,3740.0,3756.89,3736.33,3742.48,269837.13
2025-10-22 21:45:00,3740.0,3756.89,3736.33,3742.48,269837.13
2025-10-22 21:45:00,3740.0,3756.89,3736.33,3742.48,269837.13
2025-10-22 21:45:00,3740.0,3756.89,3736.33,3742.48,269837.13
2025-10-22 21:45:00,3740.0,3756.89,3736.33,3742.48,269837.13
2025-10-22 21:45:00,3740.0,3756.89,3736.33,3742.48,269837.13
2025-10-22 21:45:00,3740.0,3756.89,3736.33,3742.48,269837.13
2025-10-22 21:45:00,3740.0,3756.89,3736.33,3742.48,269837.13
2025-10-22 21:45:00,3740.0,3756.89,3736.33,3742.48,269837.13
2025-10-22 21:45:00,3740.0,3756.89,3736.33,3742.48,269837.13
2025-10-22 21:45:00,3740.0,3756.89,3736.33,3742.48,269837.13
2025-10-22 21:45:00,3740.0,3756.89,3736.33,3742.48,269837.13
2025-10-22 21:45:00,3740.0,3756.89,3736.33,3742.48,269837.13
2025-10-22 21:45:00,3740.0,3756.89,3736.33,3742.48,269837.13
2025-10-22 21:45:00,3740.0,3756.89,3736.33,3742.48,269837.13
2025-10-22 21:45:00,3740.0,3756.89,3736.33,3742.48,269837.13
2025-10-22 21:45:00,3740.0,3756.89,3736.33,3742.48,269837.13
2025-10-22 21:45:00,3740.0,3756.89,3736.33,3742.48,269837.13
2025-10-22 21:45:00,3740.0,3756.89,3736.33,3742.48,269837.13
2025-10-22 21:45:00,3740.0,3756.89,3736.33,3742.48,269837.13
2025-10-22 21:45:00,3740.0,3756.89,3736.33,3742.48,269837.13
2025-10-22 21:45:00,3740.0,3756.89,3736.33,3742.48,269837.13
2025-10-22 21:45:00,3740.0,3756.89,3736.33,3742.48,269837.13
2025-10-22 21:45:00,3740.0,3756.89,3736.33,3742.48,269837.13
2025-10-22 21:45:00,3740.0,3756.89,3736.33,3742.48,269837.13
2025-10-22 21:45:00,3740.0,3756.89,3736.33,3742.48,269837.13
2025-10-22 21:45:00,3740.0,3756.89,3736.33,3742.48,269837.13
2025-10-22 21:45:00,3740.0,3756.89,3736.33,3742.48,269837.13
2025-10-22 21:45:00,3740.0,3756.89,3736.33,3742.48,269837.13
2025-10-22 21:45:00,3740.0,3756.89,3736.33,3742.48,269837.13
2025-10-22 21:45:00,3740.0,3756.89,3736.33,3742.48,269837.13
2025-10-22 21:45:00,3740.0,3756.89,3736.33,3742.48,269837.13
2025-10-22 21:45:00,3740.0,3756.89,3736.33,3742.48,269837.13
2025-10-22 21:45:00,3740.0,3756.89,3736.33,3742.48,269837.13
2025-10-22 21:45:00,3740.0,3756.89,3736.33,3742.48,269837.13
2025-10-22 21:45:00,3740.0,3756.89,3736.33,3742.48,269837.13
2025-10-22 21:45:00,3740.0,3756.89,3736.33,3742.48,269837.13
2025-10-22 21:45:00,3740.0,3756.89,3736.33,3742.48,269837.13
2025-10-22 21:45:00,3740.0,3756.89,3736.33,3742.48,269837.13
2025-10-22 21:45:00,3740.0,3756.89,3736.33,3742.48,269837.13
2025-10-22 21:45:00,3740.0,3756.89,3736.33,3742.48,269837.13
2025-10-22 21:45:00,3740.0,3756.89,3736.33,3742.48,269837.13
2025-10-22 21:45:00,3740.0,3756.89,3736.33,3742.48,269837.13
2025-10-22 21:45:00,3740.0,3756.89,3736.33,3742.48,269837.13
2025-10-22 21:45:00,3740.0,3756.89,3736.33,3742.48,269837.13
2025-10-22 22:00:00,3742.48,3760.0,3738.9,3756.57,250630.99
2025-10-22 22:00:00,3742.48,3760.0,3738.9,3756.57,250630.99
2025-10-22 22:00:00,3742.48,3760.0,3738.9,3756.57,250630.99
2025-10-22 22:00:00,3742.48,3760.0,3738.9,3756.57,250630.99
2025-10-22 22:00:00,3742.48,3760.0,3738.9,3756.57,250630.99
2025-10-22 22:00:00,3742.48,3760.0,3738.9,3756.57,250630.99
2025-10-22 22:00:00,3742.48,3760.0,3738.9,3756.57,250630.99
2025-10-22 22:00:00,3742.48,3760.0,3738.9,3756.57,250630.99
2025-10-22 22:00:00,3742.48,3760.0,3738.9,3756.57,250630.99
2025-10-22 22:00:00,3742.48,3760.0,3738.9,3756.57,250630.99
2025-10-22 22:00:00,3742.48,3760.0,3738.9,3756.57,250630.99
2025-10-22 22:00:00,3742.48,3760.0,3738.9,3756.57,250630.99
2025-10-22 22:00:00,3742.48,3760.0,3738.9,3756.57,250630.99
2025-10-22 22:00:00,3742.48,3760.0,3738.9,3756.57,250630.99
2025-10-22 22:00:00,3742.48,3760.0,3738.9,3756.57,250630.99
2025-10-22 22:00:00,3742.48,3760.0,3738.9,3756.57,250630.99
2025-10-22 22:00:00,3742.48,3760.0,3738.9,3756.57,250630.99
2025-10-22 22:00:00,3742.48,3760.0,3738.9,3756.57,250630.99
2025-10-22 22:00:00,3742.48,3760.0,3738.9,3756.57,250630.99
2025-10-22 22:00:00,3742.48,3760.0,3738.9,3756.57,250630.99
2025-10-22 22:00:00,3742.48,3760.0,3738.9,3756.57,250630.99
2025-10-22 22:00:00,3742.48,3760.0,3738.9,3756.57,250630.99
2025-10-22 22:00:00,3742.48,3760.0,3738.9,3756.57,250630.99
2025-10-22 22:00:00,3742.48,3760.0,3738.9,3756.57,250630.99
2025-10-22 22:00:00,3742.48,3760.0,3738.9,3756.57,250630.99
2025-10-22 22:00:00,3742.48,3760.0,3738.9,3756.57,250630.99
2025-10-22 22:00:00,3742.48,3760.0,3738.9,3756.57,250630.99
2025-10-22 22:00:00,3742.48,3760.0,3738.9,3756.57,250630.99
2025-10-22 22:00:00,3742.48,3760.0,3738.9,3756.57,250630.99
2025-10-22 22:00:00,3742.48,3760.0,3738.9,3756.57,250630.99
2025-10-22 22:00:00,3742.48,3760.0,3738.9,3756.57,250630.99
2025-10-22 22:00:00,3742.48,3760.0,3738.9,3756.57,250630.99
2025-10-22 22:00:00,3742.48,3760.0,3738.9,3756.57,250630.99
2025-10-22 22:00:00,3742.48,3760.0,3738.9,3756.57,250630.99
2025-10-22 22:00:00,3742.48,3760.0,3738.9,3756.57,250630.99
2025-10-22 22:00:00,3742.48,3760.0,3738.9,3756.57,250630.99
2025-10-22 22:00:00,3742.48,3760.0,3738.9,3756.57,250630.99
2025-10-22 22:00:00,3742.48,3760.0,3738.9,3756.57,250630.99
2025-10-22 22:00:00,3742.48,3760.0,3738.9,3756.57,250630.99
2025-10-22 22:00:00,3742.48,3760.0,3738.9,3756.57,250630.99
2025-10-22 22:00:00,3742.48,3760.0,3738.9,3756.57,250630.99
2025-10-22 22:00:00,3742.48,3760.0,3738.9,3756.57,250630.99
2025-10-22 22:00:00,3742.48,3760.0,3738.9,3756.57,250630.99
2025-10-22 22:00:00,3742.48,3760.0,3738.9,3756.57,250630.99
2025-10-22 22:00:00,3742.48,3760.0,3738.9,3756.57,250630.99
2025-10-22 22:00:00,3742.48,3760.0,3738.9,3756.57,250630.99
2025-10-22 22:00:00,3742.48,3760.0,3738.9,3756.57,250630.99
2025-10-22 22:00:00,3742.48,3760.0,3738.9,3756.57,250630.99
2025-10-22 22:00:00,3742.48,3760.0,3738.9,3756.57,250630.99
2025-10-22 22:00:00,3742.48,3760.0,3738.9,3756.57,250630.99
2025-10-22 22:00:00,3742.48,3760.0,3738.9,3756.57,250630.99
2025-10-22 22:00:00,3742.48,3760.0,3738.9,3756.57,250630.99
2025-10-22 22:00:00,3742.48,3760.0,3738.9,3756.57,250630.99
2025-10-22 22:15:00,3756.57,3757.78,3731.38,3735.96,197902.9
2025-10-22 22:15:00,3756.57,3757.78,3731.38,3735.96,197902.9
2025-10-22 22:15:00,3756.57,3757.78,3731.38,3735.96,197902.9
2025-10-22 22:15:00,3756.57,3757.78,3731.38,3735.96,197902.9
2025-10-22 22:15:00,3756.57,3757.78,3731.38,3735.96,197902.9
2025-10-22 22:15:00,3756.57,3757.78,3731.38,3735.96,197902.9
2025-10-22 22:15:00,3756.57,3757.78,3731.38,3735.96,197902.9
2025-10-22 22:15:00,3756.57,3757.78,3731.38,3735.96,197902.9
2025-10-22 22:15:00,3756.57,3757.78,3731.38,3735.96,197902.9
2025-10-22 22:15:00,3756.57,3757.78,3731.38,3735.96,197902.9
2025-10-22 22:15:00,3756.57,3757.78,3731.38,3735.96,197902.9
2025-10-22 22:15:00,3756.57,3757.78,3731.38,3735.96,197902.9
2025-10-22 22:15:00,3756.57,3757.78,3731.38,3735.96,197902.9
2025-10-22 22:15:00,3756.57,3757.78,3731.38,3735.96,197902.9
2025-10-22 22:15:00,3756.57,3757.78,3731.38,3735.96,197902.9
2025-10-22 22:15:00,3756.57,3757.78,3731.38,3735.96,197902.9
2025-10-22 22:15:00,3756.57,3757.78,3731.38,3735.96,197902.9
2025-10-22 22:15:00,3756.57,3757.78,3731.38,3735.96,197902.9
2025-10-22 22:15:00,3756.57,3757.78,3731.38,3735.96,197902.9
2025-10-22 22:15:00,3756.57,3757.78,3731.38,3735.96,197902.9
2025-10-22 22:15:00,3756.57,3757.78,3731.38,3735.96,197902.9
2025-10-22 22:15:00,3756.57,3757.78,3731.38,3735.96,197902.9
2025-10-22 22:15:00,3756.57,3757.78,3731.38,3735.96,197902.9
2025-10-22 22:15:00,3756.57,3757.78,3731.38,3735.96,197902.9
2025-10-22 22:15:00,3756.57,3757.78,3731.38,3735.96,197902.9
2025-10-22 22:15:00,3756.57,3757.78,3731.38,3735.96,197902.9
2025-10-22 22:15:00,3756.57,3757.78,3731.38,3735.96,197902.9
2025-10-22 22:15:00,3756.57,3757.78,3731.38,3735.96,197902.9
2025-10-22 22:15:00,3756.57,3757.78,3731.38,3735.96,197902.9
2025-10-22 22:15:00,3756.57,3757.78,3731.38,3735.96,197902.9
2025-10-22 22:15:00,3756.57,3757.78,3731.38,3735.96,197902.9
2025-10-22 22:15:00,3756.57,3757.78,3731.38,3735.96,197902.9
2025-10-22 22:15:00,3756.57,3757.78,3731.38,3735.96,197902.9
2025-10-22 22:15:00,3756.57,3757.78,3731.38,3735.96,197902.9
2025-10-22 22:15:00,3756.57,3757.78,3731.38,3735.96,197902.9
2025-10-22 22:15:00,3756.57,3757.78,3731.38,3735.96,197902.9
2025-10-22 22:15:00,3756.57,3757.78,3731.38,3735.96,197902.9
2025-10-22 22:15:00,3756.57,3757.78,3731.38,3735.96,197902.9
2025-10-22 22:15:00,3756.57,3757.78,3731.38,3735.96,197902.9
2025-10-22 22:15:00,3756.57,3757.78,3731.38,3735.96,197902.9
2025-10-22 22:15:00,3756.57,3757.78,3731.38,3735.96,197902.9
2025-10-22 22:15:00,3756.57,3757.78,3731.38,3735.96,197902.9
2025-10-22 22:15:00,3756.57,3757.78,3731.38,3735.96,197902.9
2025-10-22 22:15:00,3756.57,3757.78,3731.38,3735.96,197902.9
2025-10-22 22:15:00,3756.57,3757.78,3731.38,3735.96,197902.9
2025-10-22 22:15:00,3756.57,3757.78,3731.38,3735.96,197902.9
2025-10-22 22:15:00,3756.57,3757.78,3731.38,3735.96,197902.9
2025-10-22 22:15:00,3756.57,3757.78,3731.38,3735.96,197902.9
2025-10-22 22:15:00,3756.57,3757.78,3731.38,3735.96,197902.9
2025-10-22 22:15:00,3756.57,3757.78,3731.38,3735.96,197902.9
2025-10-22 22:15:00,3756.57,3757.78,3731.38,3735.96,197902.9
2025-10-22 22:15:00,3756.57,3757.78,3731.38,3735.96,197902.9
2025-10-22 22:15:00,3756.57,3757.78,3731.38,3735.96,197902.9
2025-10-22 22:30:00,3735.96,3753.49,3734.04,3750.39,159850.14
2025-10-22 22:30:00,3735.96,3753.49,3734.04,3750.39,159850.14
2025-10-22 22:30:00,3735.96,3753.49,3734.04,3750.39,159850.14
2025-10-22 22:30:00,3735.96,3753.49,3734.04,3750.39,159850.14
2025-10-22 22:30:00,3735.96,3753.49,3734.04,3750.39,159850.14
2025-10-22 22:30:00,3735.96,3753.49,3734.04,3750.39,159850.14
2025-10-22 22:30:00,3735.96,3753.49,3734.04,3750.39,159850.14
2025-10-22 22:30:00,3735.96,3753.49,3734.04,3750.39,159850.14
2025-10-22 22:30:00,3735.96,3753.49,3734.04,3750.39,159850.14
2025-10-22 22:30:00,3735.96,3753.49,3734.04,3750.39,159850.14
2025-10-22 22:30:00,3735.96,3753.49,3734.04,3750.39,159850.14
2025-10-22 22:30:00,3735.96,3753.49,3734.04,3750.39,159850.14
2025-10-22 22:30:00,3735.96,3753.49,3734.04,3750.39,159850.14
2025-10-22 22:30:00,3735.96,3753.49,3734.04,3750.39,159850.14
2025-10-22 22:30:00,3735.96,3753.49,3734.04,3750.39,159850.14
2025-10-22 22:30:00,3735.96,3753.49,3734.04,3750.39,159850.14
2025-10-22 22:30:00,3735.96,3753.49,3734.04,3750.39,159850.14
2025-10-22 22:30:00,3735.96,3753.49,3734.04,3750.39,159850.14
2025-10-22 22:30:00,3735.96,3753.49,3734.04,3750.39,159850.14
2025-10-22 22:30:00,3735.96,3753.49,3734.04,3750.39,159850.14
2025-10-22 22:30:00,3735.96,3753.49,3734.04,3750.39,159850.14
2025-10-22 22:30:00,3735.96,3753.49,3734.04,3750.39,159850.14
2025-10-22 22:30:00,3735.96,3753.49,3734.04,3750.39,159850.14
2025-10-22 22:30:00,3735.96,3753.49,3734.04,3750.39,159850.14
2025-10-22 22:30:00,3735.96,3753.49,3734.04,3750.39,159850.14
2025-10-22 22:30:00,3735.96,3753.49,3734.04,3750.39,159850.14
2025-10-22 22:30:00,3735.96,3753.49,3734.04,3750.39,159850.14
2025-10-22 22:30:00,3735.96,3753.49,3734.04,3750.39,159850.14
2025-10-22 22:30:00,3735.96,3753.49,3734.04,3750.39,159850.14
2025-10-22 22:30:00,3735.96,3753.49,3734.04,3750.39,159850.14
2025-10-22 22:30:00,3735.96,3753.49,3734.04,3750.39,159850.14
2025-10-22 22:30:00,3735.96,3753.49,3734.04,3750.39,159850.14
2025-10-22 22:30:00,3735.96,3753.49,3734.04,3750.39,159850.14
2025-10-22 22:30:00,3735.96,3753.49,3734.04,3750.39,159850.14
2025-10-22 22:30:00,3735.96,3753.49,3734.04,3750.39,159850.14
2025-10-22 22:30:00,3735.96,3753.49,3734.04,3750.39,159850.14
2025-10-22 22:30:00,3735.96,3753.49,3734.04,3750.39,159850.14
2025-10-22 22:30:00,3735.96,3753.49,3734.04,3750.39,159850.14
2025-10-22 22:30:00,3735.96,3753.49,3734.04,3750.39,159850.14
2025-10-22 22:30:00,3735.96,3753.49,3734.04,3750.39,159850.14
2025-10-22 22:30:00,3735.96,3753.49,3734.04,3750.39,159850.14
2025-10-22 22:30:00,3735.96,3753.49,3734.04,3750.39,159850.14
2025-10-22 22:30:00,3735.96,3753.49,3734.04,3750.39,159850.14
2025-10-22 22:30:00,3735.96,3753.49,3734.04,3750.39,159850.14
2025-10-22 22:30:00,3735.96,3753.49,3734.04,3750.39,159850.14
2025-10-22 22:30:00,3735.96,3753.49,3734.04,3750.39,159850.14
2025-10-22 22:30:00,3735.96,3753.49,3734.04,3750.39,159850.14
2025-10-22 22:30:00,3735.96,3753.49,3734.04,3750.39,159850.14
2025-10-22 22:30:00,3735.96,3753.49,3734.04,3750.39,159850.14
2025-10-22 22:30:00,3735.96,3753.49,3734.04,3750.39,159850.14
2025-10-22 22:30:00,3735.96,3753.49,3734.04,3750.39,159850.14
2025-10-22 22:30:00,3735.96,3753.49,3734.04,3750.39,159850.14
2025-10-22 22:30:00,3735.96,3753.49,3734.04,3750.39,159850.14
2025-10-22 22:45:00,3750.38,3754.56,3738.82,3750.07,174203.15
2025-10-22 22:45:00,3750.38,3754.56,3738.82,3750.07,174203.15
2025-10-22 22:45:00,3750.38,3754.56,3738.82,3750.07,174203.15
2025-10-22 22:45:00,3750.38,3754.56,3738.82,3750.07,174203.15
2025-10-22 22:45:00,3750.38,3754.56,3738.82,3750.07,174203.15
2025-10-22 22:45:00,3750.38,3754.56,3738.82,3750.07,174203.15
2025-10-22 22:45:00,3750.38,3754.56,3738.82,3750.07,174203.15
2025-10-22 22:45:00,3750.38,3754.56,3738.82,3750.07,174203.15
2025-10-22 22:45:00,3750.38,3754.56,3738.82,3750.07,174203.15
2025-10-22 22:45:00,3750.38,3754.56,3738.82,3750.07,174203.15
2025-10-22 22:45:00,3750.38,3754.56,3738.82,3750.07,174203.15
2025-10-22 22:45:00,3750.38,3754.56,3738.82,3750.07,174203.15
2025-10-22 22:45:00,3750.38,3754.56,3738.82,3750.07,174203.15
2025-10-22 22:45:00,3750.38,3754.56,3738.82,3750.07,174203.15
2025-10-22 22:45:00,3750.38,3754.56,3738.82,3750.07,174203.15
2025-10-22 22:45:00,3750.38,3754.56,3738.82,3750.07,174203.15
2025-10-22 22:45:00,3750.38,3754.56,3738.82,3750.07,174203.15
2025-10-22 22:45:00,3750.38,3754.56,3738.82,3750.07,174203.15
2025-10-22 22:45:00,3750.38,3754.56,3738.82,3750.07,174203.15
2025-10-22 22:45:00,3750.38,3754.56,3738.82,3750.07,174203.15
2025-10-22 22:45:00,3750.38,3754.56,3738.82,3750.07,174203.15
2025-10-22 22:45:00,3750.38,3754.56,3738.82,3750.07,174203.15
2025-10-22 22:45:00,3750.38,3754.56,3738.82,3750.07,174203.15
2025-10-22 22:45:00,3750.38,3754.56,3738.82,3750.07,174203.15
2025-10-22 22:45:00,3750.38,3754.56,3738.82,3750.07,174203.15
2025-10-22 22:45:00,3750.38,3754.56,3738.82,3750.07,174203.15
2025-10-22 22:45:00,3750.38,3754.56,3738.82,3750.07,174203.15
2025-10-22 22:45:00,3750.38,3754.56,3738.82,3750.07,174203.15
2025-10-22 22:45:00,3750.38,3754.56,3738.82,3750.07,174203.15
2025-10-22 22:45:00,3750.38,3754.56,3738.82,3750.07,174203.15
2025-10-22 22:45:00,3750.38,3754.56,3738.82,3750.07,174203.15
2025-10-22 22:45:00,3750.38,3754.56,3738.82,3750.07,174203.15
2025-10-22 22:45:00,3750.38,3754.56,3738.82,3750.07,174203.15
2025-10-22 22:45:00,3750.38,3754.56,3738.82,3750.07,174203.15
2025-10-22 22:45:00,3750.38,3754.56,3738.82,3750.07,174203.15
2025-10-22 22:45:00,3750.38,3754.56,3738.82,3750.07,174203.15
2025-10-22 22:45:00,3750.38,3754.56,3738.82,3750.07,174203.15
2025-10-22 22:45:00,3750.38,3754.56,3738.82,3750.07,174203.15
2025-10-22 22:45:00,3750.38,3754.56,3738.82,3750.07,174203.15
2025-10-22 22:45:00,3750.38,3754.56,3738.82,3750.07,174203.15
2025-10-22 22:45:00,3750.38,3754.56,3738.82,3750.07,174203.15
2025-10-22 22:45:00,3750.38,3754.56,3738.82,3750.07,174203.15
2025-10-22 22:45:00,3750.38,3754.56,3738.82,3750.07,174203.15
2025-10-22 22:45:00,3750.38,3754.56,3738.82,3750.07,174203.15
2025-10-22 22:45:00,3750.38,3754.56,3738.82,3750.07,174203.15
2025-10-22 22:45:00,3750.38,3754.56,3738.82,3750.07,174203.15
2025-10-22 22:45:00,3750.38,3754.56,3738.82,3750.07,174203.15
2025-10-22 22:45:00,3750.38,3754.56,3738.82,3750.07,174203.15
2025-10-22 22:45:00,3750.38,3754.56,3738.82,3750.07,174203.15
2025-10-22 22:45:00,3750.38,3754.56,3738.82,3750.07,174203.15
2025-10-22 22:45:00,3750.38,3754.56,3738.82,3750.07,174203.15
2025-10-22 22:45:00,3750.38,3754.56,3738.82,3750.07,174203.15
2025-10-22 22:45:00,3750.38,3754.56,3738.82,3750.07,174203.15
2025-10-22 23:00:00,3750.06,3773.58,3748.4,3770.72,293342.37
2025-10-22 23:00:00,3750.06,3773.58,3748.4,3770.72,293342.37
2025-10-22 23:00:00,3750.06,3773.58,3748.4,3770.72,293342.37
2025-10-22 23:00:00,3750.06,3773.58,3748.4,3770.72,293342.37
2025-10-22 23:00:00,3750.06,3773.58,3748.4,3770.72,293342.37
2025-10-22 23:00:00,3750.06,3773.58,3748.4,3770.72,293342.37
2025-10-22 23:00:00,3750.06,3773.58,3748.4,3770.72,293342.37
2025-10-22 23:00:00,3750.06,3773.58,3748.4,3770.72,293342.37
2025-10-22 23:00:00,3750.06,3773.58,3748.4,3770.72,293342.37
2025-10-22 23:00:00,3750.06,3773.58,3748.4,3770.72,293342.37
2025-10-22 23:00:00,3750.06,3773.58,3748.4,3770.72,293342.37
2025-10-22 23:00:00,3750.06,3773.58,3748.4,3770.72,293342.37
2025-10-22 23:00:00,3750.06,3773.58,3748.4,3770.72,293342.37
2025-10-22 23:00:00,3750.06,3773.58,3748.4,3770.72,293342.37
2025-10-22 23:00:00,3750.06,3773.58,3748.4,3770.72,293342.37
2025-10-22 23:00:00,3750.06,3773.58,3748.4,3770.72,293342.37
2025-10-22 23:00:00,3750.06,3773.58,3748.4,3770.72,293342.37
2025-10-22 23:00:00,3750.06,3773.58,3748.4,3770.72,293342.37
2025-10-22 23:00:00,3750.06,3773.58,3748.4,3770.72,293342.37
2025-10-22 23:00:00,3750.06,3773.58,3748.4,3770.72,293342.37
2025-10-22 23:00:00,3750.06,3773.58,3748.4,3770.72,293342.37
2025-10-22 23:00:00,3750.06,3773.58,3748.4,3770.72,293342.37
2025-10-22 23:00:00,3750.06,3773.58,3748.4,3770.72,293342.37
2025-10-22 23:00:00,3750.06,3773.58,3748.4,3770.72,293342.37
2025-10-22 23:00:00,3750.06,3773.58,3748.4,3770.72,293342.37
2025-10-22 23:00:00,3750.06,3773.58,3748.4,3770.72,293342.37
2025-10-22 23:00:00,3750.06,3773.58,3748.4,3770.72,293342.37
2025-10-22 23:00:00,3750.06,3773.58,3748.4,3770.72,293342.37
2025-10-22 23:00:00,3750.06,3773.58,3748.4,3770.72,293342.37
2025-10-22 23:00:00,3750.06,3773.58,3748.4,3770.72,293342.37
2025-10-22 23:00:00,3750.06,3773.58,3748.4,3770.72,293342.37
2025-10-22 23:00:00,3750.06,3773.58,3748.4,3770.72,293342.37
2025-10-22 23:00:00,3750.06,3773.58,3748.4,3770.72,293342.37
2025-10-22 23:00:00,3750.06,3773.58,3748.4,3770.72,293342.37
2025-10-22 23:00:00,3750.06,3773.58,3748.4,3770.72,293342.37
2025-10-22 23:00:00,3750.06,3773.58,3748.4,3770.72,293342.37
2025-10-22 23:00:00,3750.06,3773.58,3748.4,3770.72,293342.37
2025-10-22 23:00:00,3750.06,3773.58,3748.4,3770.72,293342.37
2025-10-22 23:00:00,3750.06,3773.58,3748.4,3770.72,293342.37
2025-10-22 23:00:00,3750.06,3773.58,3748.4,3770.72,293342.37
2025-10-22 23:00:00,3750.06,3773.58,3748.4,3770.72,293342.37
2025-10-22 23:00:00,3750.06,3773.58,3748.4,3770.72,293342.37
2025-10-22 23:00:00,3750.06,3773.58,3748.4,3770.72,293342.37
2025-10-22 23:00:00,3750.06,3773.58,3748.4,3770.72,293342.37
2025-10-22 23:00:00,3750.06,3773.58,3748.4,3770.72,293342.37
2025-10-22 23:00:00,3750.06,3773.58,3748.4,3770.72,293342.37
2025-10-22 23:00:00,3750.06,3773.58,3748.4,3770.72,293342.37
2025-10-22 23:00:00,3750.06,3773.58,3748.4,3770.72,293342.37
2025-10-22 23:00:00,3750.06,3773.58,3748.4,3770.72,293342.37
2025-10-22 23:00:00,3750.06,3773.58,3748.4,3770.72,293342.37
2025-10-22 23:00:00,3750.06,3773.58,3748.4,3770.72,293342.37
2025-10-22 23:00:00,3750.06,3773.58,3748.4,3770.72,293342.37
2025-10-22 23:00:00,3750.06,3773.58,3748.4,3770.72,293342.37
2025-10-22 23:15:00,3770.72,3809.88,3769.82,3793.45,530591.59
2025-10-22 23:15:00,3770.72,3809.88,3769.82,3793.45,530591.59
2025-10-22 23:15:00,3770.72,3809.88,3769.82,3793.45,530591.59
2025-10-22 23:15:00,3770.72,3809.88,3769.82,3793.45,530591.59
2025-10-22 23:15:00,3770.72,3809.88,3769.82,3793.45,530591.59
2025-10-22 23:15:00,3770.72,3809.88,3769.82,3793.45,530591.59
2025-10-22 23:15:00,3770.72,3809.88,3769.82,3793.45,530591.59
2025-10-22 23:15:00,3770.72,3809.88,3769.82,3793.45,530591.59
2025-10-22 23:15:00,3770.72,3809.88,3769.82,3793.45,530591.59
2025-10-22 23:15:00,3770.72,3809.88,3769.82,3793.45,530591.59
2025-10-22 23:15:00,3770.72,3809.88,3769.82,3793.45,530591.59
2025-10-22 23:15:00,3770.72,3809.88,3769.82,3793.45,530591.59
2025-10-22 23:15:00,3770.72,3809.88,3769.82,3793.45,530591.59
2025-10-22 23:15:00,3770.72,3809.88,3769.82,3793.45,530591.59
2025-10-22 23:15:00,3770.72,3809.88,3769.82,3793.45,530591.59
2025-10-22 23:15:00,3770.72,3809.88,3769.82,3793.45,530591.59
2025-10-22 23:15:00,3770.72,3809.88,3769.82,3793.45,530591.59
2025-10-22 23:15:00,3770.72,3809.88,3769.82,3793.45,530591.59
2025-10-22 23:15:00,3770.72,3809.88,3769.82,3793.45,530591.59
2025-10-22 23:15:00,3770.72,3809.88,3769.82,3793.45,530591.59
2025-10-22 23:15:00,3770.72,3809.88,3769.82,3793.45,530591.59
2025-10-22 23:15:00,3770.72,3809.88,3769.82,3793.45,530591.59
2025-10-22 23:15:00,3770.72,3809.88,3769.82,3793.45,530591.59
2025-10-22 23:15:00,3770.72,3809.88,3769.82,3793.45,530591.59
2025-10-22 23:15:00,3770.72,3809.88,3769.82,3793.45,530591.59
2025-10-22 23:15:00,3770.72,3809.88,3769.82,3793.45,530591.59
2025-10-22 23:15:00,3770.72,3809.88,3769.82,3793.45,530591.59
2025-10-22 23:15:00,3770.72,3809.88,3769.82,3793.45,530591.59
2025-10-22 23:15:00,3770.72,3809.88,3769.82,3793.45,530591.59
2025-10-22 23:15:00,3770.72,3809.88,3769.82,3793.45,530591.59
2025-10-22 23:15:00,3770.72,3809.88,3769.82,3793.45,530591.59
2025-10-22 23:15:00,3770.72,3809.88,3769.82,3793.45,530591.59
2025-10-22 23:15:00,3770.72,3809.88,3769.82,3793.45,530591.59
2025-10-22 23:15:00,3770.72,3809.88,3769.82,3793.45,530591.59
2025-10-22 23:15:00,3770.72,3809.88,3769.82,3793.45,530591.59
2025-10-22 23:15:00,3770.72,3809.88,3769.82,3793.45,530591.59
2025-10-22 23:15:00,3770.72,3809.88,3769.82,3793.45,530591.59
2025-10-22 23:15:00,3770.72,3809.88,3769.82,3793.45,530591.59
2025-10-22 23:15:00,3770.72,3809.88,3769.82,3793.45,530591.59
2025-10-22 23:15:00,3770.72,3809.88,3769.82,3793.45,530591.59
2025-10-22 23:15:00,3770.72,3809.88,3769.82,3793.45,530591.59
2025-10-22 23:15:00,3770.72,3809.88,3769.82,3793.45,530591.59
2025-10-22 23:15:00,3770.72,3809.88,3769.82,3793.45,530591.59
2025-10-22 23:15:00,3770.72,3809.88,3769.82,3793.45,530591.59
2025-10-22 23:15:00,3770.72,3809.88,3769.82,3793.45,530591.59
2025-10-22 23:15:00,3770.72,3809.88,3769.82,3793.45,530591.59
2025-10-22 23:15:00,3770.72,3809.88,3769.82,3793.45,530591.59
2025-10-22 23:15:00,3770.72,3809.88,3769.82,3793.45,530591.59
2025-10-22 23:15:00,3770.72,3809.88,3769.82,3793.45,530591.59
2025-10-22 23:15:00,3770.72,3809.88,3769.82,3793.45,530591.59
2025-10-22 23:15:00,3770.72,3809.88,3769.82,3793.45,530591.59
2025-10-22 23:15:00,3770.72,3809.88,3769.82,3793.45,530591.59
2025-10-22 23:15:00,3770.72,3809.88,3769.82,3793.45,530591.59
2025-10-22 23:30:00,3793.46,3816.74,3793.34,3793.84,415794.0
2025-10-22 23:30:00,3793.46,3816.74,3793.34,3793.84,415794.0
2025-10-22 23:30:00,3793.46,3816.74,3793.34,3793.84,415794.0
2025-10-22 23:30:00,3793.46,3816.74,3793.34,3793.84,415794.0
2025-10-22 23:30:00,3793.46,3816.74,3793.34,3793.84,415794.0
2025-10-22 23:30:00,3793.46,3816.74,3793.34,3793.84,415794.0
2025-10-22 23:30:00,3793.46,3816.74,3793.34,3793.84,415794.0
2025-10-22 23:30:00,3793.46,3816.74,3793.34,3793.84,415794.0
2025-10-22 23:30:00,3793.46,3816.74,3793.34,3793.84,415794.0
2025-10-22 23:30:00,3793.46,3816.74,3793.34,3793.84,415794.0
2025-10-22 23:30:00,3793.46,3816.74,3793.34,3793.84,415794.0
2025-10-22 23:30:00,3793.46,3816.74,3793.34,3793.84,415794.0
2025-10-22 23:30:00,3793.46,3816.74,3793.34,3793.84,415794.0
2025-10-22 23:30:00,3793.46,3816.74,3793.34,3793.84,415794.0
2025-10-22 23:30:00,3793.46,3816.74,3793.34,3793.84,415794.0
2025-10-22 23:30:00,3793.46,3816.74,3793.34,3793.84,415794.0
2025-10-22 23:30:00,3793.46,3816.74,3793.34,3793.84,415794.0
2025-10-22 23:30:00,3793.46,3816.74,3793.34,3793.84,415794.0
2025-10-22 23:30:00,3793.46,3816.74,3793.34,3793.84,415794.0
2025-10-22 23:30:00,3793.46,3816.74,3793.34,3793.84,415794.0
2025-10-22 23:30:00,3793.46,3816.74,3793.34,3793.84,415794.0
2025-10-22 23:30:00,3793.46,3816.74,3793.34,3793.84,415794.0
2025-10-22 23:30:00,3793.46,3816.74,3793.34,3793.84,415794.0
2025-10-22 23:30:00,3793.46,3816.74,3793.34,3793.84,415794.0
2025-10-22 23:30:00,3793.46,3816.74,3793.34,3793.84,415794.0
2025-10-22 23:30:00,3793.46,3816.74,3793.34,3793.84,415794.0
2025-10-22 23:30:00,3793.46,3816.74,3793.34,3793.84,415794.0
2025-10-22 23:30:00,3793.46,3816.74,3793.34,3793.84,415794.0
2025-10-22 23:30:00,3793.46,3816.74,3793.34,3793.84,415794.0
2025-10-22 23:30:00,3793.46,3816.74,3793.34,3793.84,415794.0
2025-10-22 23:30:00,3793.46,3816.74,3793.34,3793.84,415794.0
2025-10-22 23:30:00,3793.46,3816.74,3793.34,3793.84,415794.0
2025-10-22 23:30:00,3793.46,3816.74,3793.34,3793.84,415794.0
2025-10-22 23:30:00,3793.46,3816.74,3793.34,3793.84,415794.0
2025-10-22 23:30:00,3793.46,3816.74,3793.34,3793.84,415794.0
2025-10-22 23:30:00,3793.46,3816.74,3793.34,3793.84,415794.0
2025-10-22 23:30:00,3793.46,3816.74,3793.34,3793.84,415794.0
2025-10-22 23:30:00,3793.46,3816.74,3793.34,3793.84,415794.0
2025-10-22 23:30:00,3793.46,3816.74,3793.34,3793.84,415794.0
2025-10-22 23:30:00,3793.46,3816.74,3793.34,3793.84,415794.0
2025-10-22 23:30:00,3793.46,3816.74,3793.34,3793.84,415794.0
2025-10-22 23:30:00,3793.46,3816.74,3793.34,3793.84,415794.0
2025-10-22 23:30:00,3793.46,3816.74,3793.34,3793.84,415794.0
2025-10-22 23:30:00,3793.46,3816.74,3793.34,3793.84,415794.0
2025-10-22 23:30:00,3793.46,3816.74,3793.34,3793.84,415794.0
2025-10-22 23:30:00,3793.46,3816.74,3793.34,3793.84,415794.0
2025-10-22 23:30:00,3793.46,3816.74,3793.34,3793.84,415794.0
2025-10-22 23:30:00,3793.46,3816.74,3793.34,3793.84,415794.0
2025-10-22 23:30:00,3793.46,3816.74,3793.34,3793.84,415794.0
2025-10-22 23:30:00,3793.46,3816.74,3793.34,3793.84,415794.0
2025-10-22 23:30:00,3793.46,3816.74,3793.34,3793.84,415794.0
2025-10-22 23:30:00,3793.46,3816.74,3793.34,3793.84,415794.0
2025-10-22 23:30:00,3793.46,3816.74,3793.34,3793.84,415794.0
2025-10-22 23:45:00,3793.84,3810.0,3793.84,3803.69,147067.16
2025-10-22 23:45:00,3793.84,3810.0,3793.84,3803.69,147067.16
2025-10-22 23:45:00,3793.84,3810.0,3793.84,3803.69,147067.16
2025-10-22 23:45:00,3793.84,3810.0,3793.84,3803.69,147067.16
2025-10-22 23:45:00,3793.84,3810.0,3793.84,3803.69,147067.16
2025-10-22 23:45:00,3793.84,3810.0,3793.84,3803.69,147067.16
2025-10-22 23:45:00,3793.84,3810.0,3793.84,3803.69,147067.16
2025-10-22 23:45:00,3793.84,3810.0,3793.84,3803.69,147067.16
2025-10-22 23:45:00,3793.84,3810.0,3793.84,3803.69,147067.16
2025-10-22 23:45:00,3793.84,3810.0,3793.84,3803.69,147067.16
2025-10-22 23:45:00,3793.84,3810.0,3793.84,3803.69,147067.16
2025-10-22 23:45:00,3793.84,3810.0,3793.84,3803.69,147067.16
2025-10-22 23:45:00,3793.84,3810.0,3793.84,3803.69,147067.16
2025-10-22 23:45:00,3793.84,3810.0,3793.84,3803.69,147067.16
2025-10-22 23:45:00,3793.84,3810.0,3793.84,3803.69,147067.16
2025-10-22 23:45:00,3793.84,3810.0,3793.84,3803.69,147067.16
2025-10-22 23:45:00,3793.84,3810.0,3793.84,3803.69,147067.16
2025-10-22 23:45:00,3793.84,3810.0,3793.84,3803.69,147067.16
2025-10-22 23:45:00,3793.84,3810.0,3793.84,3803.69,147067.16
2025-10-22 23:45:00,3793.84,3810.0,3793.84,3803.69,147067.16
2025-10-22 23:45:00,3793.84,3810.0,3793.84,3803.69,147067.16
2025-10-22 23:45:00,3793.84,3810.0,3793.84,3803.69,147067.16
2025-10-22 23:45:00,3793.84,3810.0,3793.84,3803.69,147067.16
2025-10-22 23:45:00,3793.84,3810.0,3793.84,3803.69,147067.16
2025-10-22 23:45:00,3793.84,3810.0,3793.84,3803.69,147067.16
2025-10-22 23:45:00,3793.84,3810.0,3793.84,3803.69,147067.16
2025-10-22 23:45:00,3793.84,3810.0,3793.84,3803.69,147067.16
2025-10-22 23:45:00,3793.84,3810.0,3793.84,3803.69,147067.16
2025-10-22 23:45:00,3793.84,3810.0,3793.84,3803.69,147067.16
2025-10-22 23:45:00,3793.84,3810.0,3793.84,3803.69,147067.16
2025-10-22 23:45:00,3793.84,3810.0,3793.84,3803.69,147067.16
2025-10-22 23:45:00,3793.84,3810.0,3793.84,3803.69,147067.16
2025-10-22 23:45:00,3793.84,3810.0,3793.84,3803.69,147067.16
2025-10-22 23:45:00,3793.84,3810.0,3793.84,3803.69,147067.16
2025-10-22 23:45:00,3793.84,3810.0,3793.84,3803.69,147067.16
2025-10-22 23:45:00,3793.84,3810.0,3793.84,3803.69,147067.16
2025-10-22 23:45:00,3793.84,3810.0,3793.84,3803.69,147067.16
2025-10-22 23:45:00,3793.84,3810.0,3793.84,3803.69,147067.16
2025-10-22 23:45:00,3793.84,3810.0,3793.84,3803.69,147067.16
2025-10-22 23:45:00,3793.84,3810.0,3793.84,3803.69,147067.16
2025-10-22 23:45:00,3793.84,3810.0,3793.84,3803.69,147067.16
2025-10-22 23:45:00,3793.84,3810.0,3793.84,3803.69,147067.16
2025-10-22 23:45:00,3793.84,3810.0,3793.84,3803.69,147067.16
2025-10-22 23:45:00,3793.84,3810.0,3793.84,3803.69,147067.16
2025-10-22 23:45:00,3793.84,3810.0,3793.84,3803.69,147067.16
2025-10-22 23:45:00,3793.84,3810.0,3793.84,3803.69,147067.16
2025-10-22 23:45:00,3793.84,3810.0,3793.84,3803.69,147067.16
2025-10-22 23:45:00,3793.84,3810.0,3793.84,3803.69,147067.16
2025-10-22 23:45:00,3793.84,3810.0,3793.84,3803.69,147067.16
2025-10-22 23:45:00,3793.84,3810.0,3793.84,3803.69,147067.16
2025-10-22 23:45:00,3793.84,3810.0,3793.84,3803.69,147067.16
2025-10-22 23:45:00,3793.84,3810.0,3793.84,3803.69,147067.16
2025-10-22 23:45:00,3793.84,3810.0,3793.84,3803.69,147067.16
2025-10-23 00:00:00,3803.69,3810.0,3794.34,3809.75,197665.98
2025-10-23 00:00:00,3803.69,3810.0,3794.34,3809.75,197665.98
2025-10-23 00:00:00,3803.69,3810.0,3794.34,3809.75,197665.98
2025-10-23 00:00:00,3803.69,3810.0,3794.34,3809.75,197665.98
2025-10-23 00:00:00,3803.69,3810.0,3794.34,3809.75,197665.98
2025-10-23 00:00:00,3803.69,3810.0,3794.34,3809.75,197665.98
2025-10-23 00:00:00,3803.69,3810.0,3794.34,3809.75,197665.98
2025-10-23 00:00:00,3803.69,3810.0,3794.34,3809.75,197665.98
2025-10-23 00:00:00,3803.69,3810.0,3794.34,3809.75,197665.98
2025-10-23 00:00:00,3803.69,3810.0,3794.34,3809.75,197665.98
2025-10-23 00:00:00,3803.69,3810.0,3794.34,3809.75,197665.98
2025-10-23 00:00:00,3803.69,3810.0,3794.34,3809.75,197665.98
2025-10-23 00:00:00,3803.69,3810.0,3794.34,3809.75,197665.98
2025-10-23 00:00:00,3803.69,3810.0,3794.34,3809.75,197665.98
2025-10-23 00:00:00,3803.69,3810.0,3794.34,3809.75,197665.98
2025-10-23 00:00:00,3803.69,3810.0,3794.34,3809.75,197665.98
2025-10-23 00:00:00,3803.69,3810.0,3794.34,3809.75,197665.98
2025-10-23 00:00:00,3803.69,3810.0,3794.34,3809.75,197665.98
2025-10-23 00:00:00,3803.69,3810.0,3794.34,3809.75,197665.98
2025-10-23 00:00:00,3803.69,3810.0,3794.34,3809.75,197665.98
2025-10-23 00:00:00,3803.69,3810.0,3794.34,3809.75,197665.98
2025-10-23 00:00:00,3803.69,3810.0,3794.34,3809.75,197665.98
2025-10-23 00:00:00,3803.69,3810.0,3794.34,3809.75,197665.98
2025-10-23 00:00:00,3803.69,3810.0,3794.34,3809.75,197665.98
2025-10-23 00:00:00,3803.69,3810.0,3794.34,3809.75,197665.98
2025-10-23 00:00:00,3803.69,3810.0,3794.34,3809.75,197665.98
2025-10-23 00:00:00,3803.69,3810.0,3794.34,3809.75,197665.98
2025-10-23 00:00:00,3803.69,3810.0,3794.34,3809.75,197665.98
2025-10-23 00:00:00,3803.69,3810.0,3794.34,3809.75,197665.98
2025-10-23 00:00:00,3803.69,3810.0,3794.34,3809.75,197665.98
2025-10-23 00:00:00,3803.69,3810.0,3794.34,3809.75,197665.98
2025-10-23 00:00:00,3803.69,3810.0,3794.34,3809.75,197665.98
2025-10-23 00:00:00,3803.69,3810.0,3794.34,3809.75,197665.98
2025-10-23 00:00:00,3803.69,3810.0,3794.34,3809.75,197665.98
2025-10-23 00:00:00,3803.69,3810.0,3794.34,3809.75,197665.98
2025-10-23 00:00:00,3803.69,3810.0,3794.34,3809.75,197665.98
2025-10-23 00:00:00,3803.69,3810.0,3794.34,3809.75,197665.98
2025-10-23 00:00:00,3803.69,3810.0,3794.34,3809.75,197665.98
2025-10-23 00:00:00,3803.69,3810.0,3794.34,3809.75,197665.98
2025-10-23 00:00:00,3803.69,3810.0,3794.34,3809.75,197665.98
2025-10-23 00:00:00,3803.69,3810.0,3794.34,3809.75,197665.98
2025-10-23 00:00:00,3803.69,3810.0,3794.34,3809.75,197665.98
2025-10-23 00:00:00,3803.69,3810.0,3794.34,3809.75,197665.98
2025-10-23 00:00:00,3803.69,3810.0,3794.34,3809.75,197665.98
2025-10-23 00:00:00,3803.69,3810.0,3794.34,3809.75,197665.98
2025-10-23 00:00:00,3803.69,3810.0,3794.34,3809.75,197665.98
2025-10-23 00:00:00,3803.69,3810.0,3794.34,3809.75,197665.98
2025-10-23 00:00:00,3803.69,3810.0,3794.34,3809.75,197665.98
2025-10-23 00:00:00,3803.69,3810.0,3794.34,3809.75,197665.98
2025-10-23 00:00:00,3803.69,3810.0,3794.34,3809.75,197665.98
2025-10-23 00:00:00,3803.69,3810.0,3794.34,3809.75,197665.98
2025-10-23 00:00:00,3803.69,3810.0,3794.34,3809.75,197665.98
2025-10-23 00:00:00,3803.69,3810.0,3794.34,3809.75,197665.98
2025-10-23 00:15:00,3809.75,3818.82,3800.09,3805.29,191519.09
2025-10-23 00:15:00,3809.75,3818.82,3800.09,3805.29,191519.09
2025-10-23 00:15:00,3809.75,3818.82,3800.09,3805.29,191519.09
2025-10-23 00:15:00,3809.75,3818.82,3800.09,3805.29,191519.09
2025-10-23 00:15:00,3809.75,3818.82,3800.09,3805.29,191519.09
2025-10-23 00:15:00,3809.75,3818.82,3800.09,3805.29,191519.09
2025-10-23 00:15:00,3809.75,3818.82,3800.09,3805.29,191519.09
2025-10-23 00:15:00,3809.75,3818.82,3800.09,3805.29,191519.09
2025-10-23 00:15:00,3809.75,3818.82,3800.09,3805.29,191519.09
2025-10-23 00:15:00,3809.75,3818.82,3800.09,3805.29,191519.09
2025-10-23 00:15:00,3809.75,3818.82,3800.09,3805.29,191519.09
2025-10-23 00:15:00,3809.75,3818.82,3800.09,3805.29,191519.09
2025-10-23 00:15:00,3809.75,3818.82,3800.09,3805.29,191519.09
2025-10-23 00:15:00,3809.75,3818.82,3800.09,3805.29,191519.09
2025-10-23 00:15:00,3809.75,3818.82,3800.09,3805.29,191519.09
2025-10-23 00:15:00,3809.75,3818.82,3800.09,3805.29,191519.09
2025-10-23 00:15:00,3809.75,3818.82,3800.09,3805.29,191519.09
2025-10-23 00:15:00,3809.75,3818.82,3800.09,3805.29,191519.09
2025-10-23 00:15:00,3809.75,3818.82,3800.09,3805.29,191519.09
2025-10-23 00:15:00,3809.75,3818.82,3800.09,3805.29,191519.09
2025-10-23 00:15:00,3809.75,3818.82,3800.09,3805.29,191519.09
2025-10-23 00:15:00,3809.75,3818.82,3800.09,3805.29,191519.09
2025-10-23 00:15:00,3809.75,3818.82,3800.09,3805.29,191519.09
2025-10-23 00:15:00,3809.75,3818.82,3800.09,3805.29,191519.09
2025-10-23 00:15:00,3809.75,3818.82,3800.09,3805.29,191519.09
2025-10-23 00:15:00,3809.75,3818.82,3800.09,3805.29,191519.09
2025-10-23 00:15:00,3809.75,3818.82,3800.09,3805.29,191519.09
2025-10-23 00:15:00,3809.75,3818.82,3800.09,3805.29,191519.09
2025-10-23 00:15:00,3809.75,3818.82,3800.09,3805.29,191519.09
2025-10-23 00:15:00,3809.75,3818.82,3800.09,3805.29,191519.09
2025-10-23 00:15:00,3809.75,3818.82,3800.09,3805.29,191519.09
2025-10-23 00:15:00,3809.75,3818.82,3800.09,3805.29,191519.09
2025-10-23 00:15:00,3809.75,3818.82,3800.09,3805.29,191519.09
2025-10-23 00:15:00,3809.75,3818.82,3800.09,3805.29,191519.09
2025-10-23 00:15:00,3809.75,3818.82,3800.09,3805.29,191519.09
2025-10-23 00:15:00,3809.75,3818.82,3800.09,3805.29,191519.09
2025-10-23 00:15:00,3809.75,3818.82,3800.09,3805.29,191519.09
2025-10-23 00:15:00,3809.75,3818.82,3800.09,3805.29,191519.09
2025-10-23 00:15:00,3809.75,3818.82,3800.09,3805.29,191519.09
2025-10-23 00:15:00,3809.75,3818.82,3800.09,3805.29,191519.09
2025-10-23 00:15:00,3809.75,3818.82,3800.09,3805.29,191519.09
2025-10-23 00:15:00,3809.75,3818.82,3800.09,3805.29,191519.09
2025-10-23 00:15:00,3809.75,3818.82,3800.09,3805.29,191519.09
2025-10-23 00:15:00,3809.75,3818.82,3800.09,3805.29,191519.09
2025-10-23 00:15:00,3809.75,3818.82,3800.09,3805.29,191519.09
2025-10-23 00:15:00,3809.75,3818.82,3800.09,3805.29,191519.09
2025-10-23 00:15:00,3809.75,3818.82,3800.09,3805.29,191519.09
2025-10-23 00:15:00,3809.75,3818.82,3800.09,3805.29,191519.09
2025-10-23 00:15:00,3809.75,3818.82,3800.09,3805.29,191519.09
2025-10-23 00:15:00,3809.75,3818.82,3800.09,3805.29,191519.09
2025-10-23 00:15:00,3809.75,3818.82,3800.09,3805.29,191519.09
2025-10-23 00:15:00,3809.75,3818.82,3800.09,3805.29,191519.09
2025-10-23 00:15:00,3809.75,3818.82,3800.09,3805.29,191519.09
2025-10-23 00:30:00,3805.3,3814.68,3803.26,3805.84,128544.3
2025-10-23 00:30:00,3805.3,3814.68,3803.26,3805.84,128544.3
2025-10-23 00:30:00,3805.3,3814.68,3803.26,3805.84,128544.3
2025-10-23 00:30:00,3805.3,3814.68,3803.26,3805.84,128544.3
2025-10-23 00:30:00,3805.3,3814.68,3803.26,3805.84,128544.3
2025-10-23 00:30:00,3805.3,3814.68,3803.26,3805.84,128544.3
2025-10-23 00:30:00,3805.3,3814.68,3803.26,3805.84,128544.3
2025-10-23 00:30:00,3805.3,3814.68,3803.26,3805.84,128544.3
2025-10-23 00:30:00,3805.3,3814.68,3803.26,3805.84,128544.3
2025-10-23 00:30:00,3805.3,3814.68,3803.26,3805.84,128544.3
2025-10-23 00:30:00,3805.3,3814.68,3803.26,3805.84,128544.3
2025-10-23 00:30:00,3805.3,3814.68,3803.26,3805.84,128544.3
2025-10-23 00:30:00,3805.3,3814.68,3803.26,3805.84,128544.3
2025-10-23 00:30:00,3805.3,3814.68,3803.26,3805.84,128544.3
2025-10-23 00:30:00,3805.3,3814.68,3803.26,3805.84,128544.3
2025-10-23 00:30:00,3805.3,3814.68,3803.26,3805.84,128544.3
2025-10-23 00:30:00,3805.3,3814.68,3803.26,3805.84,128544.3
2025-10-23 00:30:00,3805.3,3814.68,3803.26,3805.84,128544.3
2025-10-23 00:30:00,3805.3,3814.68,3803.26,3805.84,128544.3
2025-10-23 00:30:00,3805.3,3814.68,3803.26,3805.84,128544.3
2025-10-23 00:30:00,3805.3,3814.68,3803.26,3805.84,128544.3
2025-10-23 00:30:00,3805.3,3814.68,3803.26,3805.84,128544.3
2025-10-23 00:30:00,3805.3,3814.68,3803.26,3805.84,128544.3
2025-10-23 00:30:00,3805.3,3814.68,3803.26,3805.84,128544.3
2025-10-23 00:30:00,3805.3,3814.68,3803.26,3805.84,128544.3
2025-10-23 00:30:00,3805.3,3814.68,3803.26,3805.84,128544.3
2025-10-23 00:30:00,3805.3,3814.68,3803.26,3805.84,128544.3
2025-10-23 00:30:00,3805.3,3814.68,3803.26,3805.84,128544.3
2025-10-23 00:30:00,3805.3,3814.68,3803.26,3805.84,128544.3
2025-10-23 00:30:00,3805.3,3814.68,3803.26,3805.84,128544.3
2025-10-23 00:30:00,3805.3,3814.68,3803.26,3805.84,128544.3
2025-10-23 00:30:00,3805.3,3814.68,3803.26,3805.84,128544.3
2025-10-23 00:30:00,3805.3,3814.68,3803.26,3805.84,128544.3
2025-10-23 00:30:00,3805.3,3814.68,3803.26,3805.84,128544.3
2025-10-23 00:30:00,3805.3,3814.68,3803.26,3805.84,128544.3
2025-10-23 00:30:00,3805.3,3814.68,3803.26,3805.84,128544.3
2025-10-23 00:30:00,3805.3,3814.68,3803.26,3805.84,128544.3
2025-10-23 00:30:00,3805.3,3814.68,3803.26,3805.84,128544.3
2025-10-23 00:30:00,3805.3,3814.68,3803.26,3805.84,128544.3
2025-10-23 00:30:00,3805.3,3814.68,3803.26,3805.84,128544.3
2025-10-23 00:30:00,3805.3,3814.68,3803.26,3805.84,128544.3
2025-10-23 00:30:00,3805.3,3814.68,3803.26,3805.84,128544.3
2025-10-23 00:30:00,3805.3,3814.68,3803.26,3805.84,128544.3
2025-10-23 00:30:00,3805.3,3814.68,3803.26,3805.84,128544.3
2025-10-23 00:30:00,3805.3,3814.68,3803.26,3805.84,128544.3
2025-10-23 00:30:00,3805.3,3814.68,3803.26,3805.84,128544.3
2025-10-23 00:30:00,3805.3,3814.68,3803.26,3805.84,128544.3
2025-10-23 00:30:00,3805.3,3814.68,3803.26,3805.84,128544.3
2025-10-23 00:30:00,3805.3,3814.68,3803.26,3805.84,128544.3
2025-10-23 00:30:00,3805.3,3814.68,3803.26,3805.84,128544.3
2025-10-23 00:30:00,3805.3,3814.68,3803.26,3805.84,128544.3
2025-10-23 00:30:00,3805.3,3814.68,3803.26,3805.84,128544.3
2025-10-23 00:30:00,3805.3,3814.68,3803.26,3805.84,128544.3
2025-10-23 00:45:00,3805.84,3820.0,3803.1,3813.21,189692.84
2025-10-23 00:45:00,3805.84,3820.0,3803.1,3813.21,189692.84
2025-10-23 00:45:00,3805.84,3820.0,3803.1,3813.21,189692.84
2025-10-23 00:45:00,3805.84,3820.0,3803.1,3813.21,189692.84
2025-10-23 00:45:00,3805.84,3820.0,3803.1,3813.21,189692.84
2025-10-23 00:45:00,3805.84,3820.0,3803.1,3813.21,189692.84
2025-10-23 00:45:00,3805.84,3820.0,3803.1,3813.21,189692.84
2025-10-23 00:45:00,3805.84,3820.0,3803.1,3813.21,189692.84
2025-10-23 00:45:00,3805.84,3820.0,3803.1,3813.21,189692.84
2025-10-23 00:45:00,3805.84,3820.0,3803.1,3813.21,189692.84
2025-10-23 00:45:00,3805.84,3820.0,3803.1,3813.21,189692.84
2025-10-23 00:45:00,3805.84,3820.0,3803.1,3813.21,189692.84
2025-10-23 00:45:00,3805.84,3820.0,3803.1,3813.21,189692.84
2025-10-23 00:45:00,3805.84,3820.0,3803.1,3813.21,189692.84
2025-10-23 00:45:00,3805.84,3820.0,3803.1,3813.21,189692.84
2025-10-23 00:45:00,3805.84,3820.0,3803.1,3813.21,189692.84
2025-10-23 00:45:00,3805.84,3820.0,3803.1,3813.21,189692.84
2025-10-23 00:45:00,3805.84,3820.0,3803.1,3813.21,189692.84
2025-10-23 00:45:00,3805.84,3820.0,3803.1,3813.21,189692.84
2025-10-23 00:45:00,3805.84,3820.0,3803.1,3813.21,189692.84
2025-10-23 00:45:00,3805.84,3820.0,3803.1,3813.21,189692.84
2025-10-23 00:45:00,3805.84,3820.0,3803.1,3813.21,189692.84
2025-10-23 00:45:00,3805.84,3820.0,3803.1,3813.21,189692.84
2025-10-23 00:45:00,3805.84,3820.0,3803.1,3813.21,189692.84
2025-10-23 00:45:00,3805.84,3820.0,3803.1,3813.21,189692.84
2025-10-23 00:45:00,3805.84,3820.0,3803.1,3813.21,189692.84
2025-10-23 00:45:00,3805.84,3820.0,3803.1,3813.21,189692.84
2025-10-23 00:45:00,3805.84,3820.0,3803.1,3813.21,189692.84
2025-10-23 00:45:00,3805.84,3820.0,3803.1,3813.21,189692.84
2025-10-23 00:45:00,3805.84,3820.0,3803.1,3813.21,189692.84
2025-10-23 00:45:00,3805.84,3820.0,3803.1,3813.21,189692.84
2025-10-23 00:45:00,3805.84,3820.0,3803.1,3813.21,189692.84
2025-10-23 00:45:00,3805.84,3820.0,3803.1,3813.21,189692.84
2025-10-23 00:45:00,3805.84,3820.0,3803.1,3813.21,189692.84
2025-10-23 00:45:00,3805.84,3820.0,3803.1,3813.21,189692.84
2025-10-23 00:45:00,3805.84,3820.0,3803.1,3813.21,189692.84
2025-10-23 00:45:00,3805.84,3820.0,3803.1,3813.21,189692.84
2025-10-23 00:45:00,3805.84,3820.0,3803.1,3813.21,189692.84
2025-10-23 00:45:00,3805.84,3820.0,3803.1,3813.21,189692.84
2025-10-23 00:45:00,3805.84,3820.0,3803.1,3813.21,189692.84
2025-10-23 00:45:00,3805.84,3820.0,3803.1,3813.21,189692.84
2025-10-23 00:45:00,3805.84,3820.0,3803.1,3813.21,189692.84
2025-10-23 00:45:00,3805.84,3820.0,3803.1,3813.21,189692.84
2025-10-23 00:45:00,3805.84,3820.0,3803.1,3813.21,189692.84
2025-10-23 00:45:00,3805.84,3820.0,3803.1,3813.21,189692.84
2025-10-23 00:45:00,3805.84,3820.0,3803.1,3813.21,189692.84
2025-10-23 00:45:00,3805.84,3820.0,3803.1,3813.21,189692.84
2025-10-23 00:45:00,3805.84,3820.0,3803.1,3813.21,189692.84
2025-10-23 00:45:00,3805.84,3820.0,3803.1,3813.21,189692.84
2025-10-23 00:45:00,3805.84,3820.0,3803.1,3813.21,189692.84
2025-10-23 00:45:00,3805.84,3820.0,3803.1,3813.21,189692.84
2025-10-23 00:45:00,3805.84,3820.0,3803.1,3813.21,189692.84
2025-10-23 00:45:00,3805.84,3820.0,3803.1,3813.21,189692.84
2025-10-23 01:00:00,3813.22,3835.16,3810.46,3826.29,294511.55
2025-10-23 01:00:00,3813.22,3835.16,3810.46,3826.29,294511.55
2025-10-23 01:00:00,3813.22,3835.16,3810.46,3826.29,294511.55
2025-10-23 01:00:00,3813.22,3835.16,3810.46,3826.29,294511.55
2025-10-23 01:00:00,3813.22,3835.16,3810.46,3826.29,294511.55
2025-10-23 01:00:00,3813.22,3835.16,3810.46,3826.29,294511.55
2025-10-23 01:00:00,3813.22,3835.16,3810.46,3826.29,294511.55
2025-10-23 01:00:00,3813.22,3835.16,3810.46,3826.29,294511.55
2025-10-23 01:00:00,3813.22,3835.16,3810.46,3826.29,294511.55
2025-10-23 01:00:00,3813.22,3835.16,3810.46,3826.29,294511.55
2025-10-23 01:00:00,3813.22,3835.16,3810.46,3826.29,294511.55
2025-10-23 01:00:00,3813.22,3835.16,3810.46,3826.29,294511.55
2025-10-23 01:00:00,3813.22,3835.16,3810.46,3826.29,294511.55
2025-10-23 01:00:00,3813.22,3835.16,3810.46,3826.29,294511.55
2025-10-23 01:00:00,3813.22,3835.16,3810.46,3826.29,294511.55
2025-10-23 01:00:00,3813.22,3835.16,3810.46,3826.29,294511.55
2025-10-23 01:00:00,3813.22,3835.16,3810.46,3826.29,294511.55
2025-10-23 01:00:00,3813.22,3835.16,3810.46,3826.29,294511.55
2025-10-23 01:00:00,3813.22,3835.16,3810.46,3826.29,294511.55
2025-10-23 01:00:00,3813.22,3835.16,3810.46,3826.29,294511.55
2025-10-23 01:00:00,3813.22,3835.16,3810.46,3826.29,294511.55
2025-10-23 01:00:00,3813.22,3835.16,3810.46,3826.29,294511.55
2025-10-23 01:00:00,3813.22,3835.16,3810.46,3826.29,294511.55
2025-10-23 01:00:00,3813.22,3835.16,3810.46,3826.29,294511.55
2025-10-23 01:00:00,3813.22,3835.16,3810.46,3826.29,294511.55
2025-10-23 01:00:00,3813.22,3835.16,3810.46,3826.29,294511.55
2025-10-23 01:00:00,3813.22,3835.16,3810.46,3826.29,294511.55
2025-10-23 01:00:00,3813.22,3835.16,3810.46,3826.29,294511.55
2025-10-23 01:00:00,3813.22,3835.16,3810.46,3826.29,294511.55
2025-10-23 01:00:00,3813.22,3835.16,3810.46,3826.29,294511.55
2025-10-23 01:00:00,3813.22,3835.16,3810.46,3826.29,294511.55
2025-10-23 01:00:00,3813.22,3835.16,3810.46,3826.29,294511.55
2025-10-23 01:00:00,3813.22,3835.16,3810.46,3826.29,294511.55
2025-10-23 01:00:00,3813.22,3835.16,3810.46,3826.29,294511.55
2025-10-23 01:00:00,3813.22,3835.16,3810.46,3826.29,294511.55
2025-10-23 01:00:00,3813.22,3835.16,3810.46,3826.29,294511.55
2025-10-23 01:00:00,3813.22,3835.16,3810.46,3826.29,294511.55
2025-10-23 01:00:00,3813.22,3835.16,3810.46,3826.29,294511.55
2025-10-23 01:00:00,3813.22,3835.16,3810.46,3826.29,294511.55
2025-10-23 01:00:00,3813.22,3835.16,3810.46,3826.29,294511.55
2025-10-23 01:00:00,3813.22,3835.16,3810.46,3826.29,294511.55
2025-10-23 01:00:00,3813.22,3835.16,3810.46,3826.29,294511.55
2025-10-23 01:00:00,3813.22,3835.16,3810.46,3826.29,294511.55
2025-10-23 01:00:00,3813.22,3835.16,3810.46,3826.29,294511.55
2025-10-23 01:00:00,3813.22,3835.16,3810.46,3826.29,294511.55
2025-10-23 01:00:00,3813.22,3835.16,3810.46,3826.29,294511.55
2025-10-23 01:00:00,3813.22,3835.16,3810.46,3826.29,294511.55
2025-10-23 01:00:00,3813.22,3835.16,3810.46,3826.29,294511.55
2025-10-23 01:00:00,3813.22,3835.16,3810.46,3826.29,294511.55
2025-10-23 01:00:00,3813.22,3835.16,3810.46,3826.29,294511.55
2025-10-23 01:00:00,3813.22,3835.16,3810.46,3826.29,294511.55
2025-10-23 01:00:00,3813.22,3835.16,3810.46,3826.29,294511.55
2025-10-23 01:00:00,3813.22,3835.16,3810.46,3826.29,294511.55
2025-10-23 01:15:00,3826.3,3832.4,3810.0,3817.99,300353.97
2025-10-23 01:15:00,3826.3,3832.4,3810.0,3817.99,300353.97
2025-10-23 01:15:00,3826.3,3832.4,3810.0,3817.99,300353.97
2025-10-23 01:15:00,3826.3,3832.4,3810.0,3817.99,300353.97
2025-10-23 01:15:00,3826.3,3832.4,3810.0,3817.99,300353.97
2025-10-23 01:15:00,3826.3,3832.4,3810.0,3817.99,300353.97
2025-10-23 01:15:00,3826.3,3832.4,3810.0,3817.99,300353.97
2025-10-23 01:15:00,3826.3,3832.4,3810.0,3817.99,300353.97
2025-10-23 01:15:00,3826.3,3832.4,3810.0,3817.99,300353.97
2025-10-23 01:15:00,3826.3,3832.4,3810.0,3817.99,300353.97
2025-10-23 01:15:00,3826.3,3832.4,3810.0,3817.99,300353.97
2025-10-23 01:15:00,3826.3,3832.4,3810.0,3817.99,300353.97
2025-10-23 01:15:00,3826.3,3832.4,3810.0,3817.99,300353.97
2025-10-23 01:15:00,3826.3,3832.4,3810.0,3817.99,300353.97
2025-10-23 01:15:00,3826.3,3832.4,3810.0,3817.99,300353.97
2025-10-23 01:15:00,3826.3,3832.4,3810.0,3817.99,300353.97
2025-10-23 01:15:00,3826.3,3832.4,3810.0,3817.99,300353.97
2025-10-23 01:15:00,3826.3,3832.4,3810.0,3817.99,300353.97
2025-10-23 01:15:00,3826.3,3832.4,3810.0,3817.99,300353.97
2025-10-23 01:15:00,3826.3,3832.4,3810.0,3817.99,300353.97
2025-10-23 01:15:00,3826.3,3832.4,3810.0,3817.99,300353.97
2025-10-23 01:15:00,3826.3,3832.4,3810.0,3817.99,300353.97
2025-10-23 01:15:00,3826.3,3832.4,3810.0,3817.99,300353.97
2025-10-23 01:15:00,3826.3,3832.4,3810.0,3817.99,300353.97
2025-10-23 01:15:00,3826.3,3832.4,3810.0,3817.99,300353.97
2025-10-23 01:15:00,3826.3,3832.4,3810.0,3817.99,300353.97
2025-10-23 01:15:00,3826.3,3832.4,3810.0,3817.99,300353.97
2025-10-23 01:15:00,3826.3,3832.4,3810.0,3817.99,300353.97
2025-10-23 01:15:00,3826.3,3832.4,3810.0,3817.99,300353.97
2025-10-23 01:15:00,3826.3,3832.4,3810.0,3817.99,300353.97
2025-10-23 01:15:00,3826.3,3832.4,3810.0,3817.99,300353.97
2025-10-23 01:15:00,3826.3,3832.4,3810.0,3817.99,300353.97
2025-10-23 01:15:00,3826.3,3832.4,3810.0,3817.99,300353.97
2025-10-23 01:15:00,3826.3,3832.4,3810.0,3817.99,300353.97
2025-10-23 01:15:00,3826.3,3832.4,3810.0,3817.99,300353.97
2025-10-23 01:15:00,3826.3,3832.4,3810.0,3817.99,300353.97
2025-10-23 01:15:00,3826.3,3832.4,3810.0,3817.99,300353.97
2025-10-23 01:15:00,3826.3,3832.4,3810.0,3817.99,300353.97
2025-10-23 01:15:00,3826.3,3832.4,3810.0,3817.99,300353.97
2025-10-23 01:15:00,3826.3,3832.4,3810.0,3817.99,300353.97
2025-10-23 01:15:00,3826.3,3832.4,3810.0,3817.99,300353.97
2025-10-23 01:15:00,3826.3,3832.4,3810.0,3817.99,300353.97
2025-10-23 01:15:00,3826.3,3832.4,3810.0,3817.99,300353.97
2025-10-23 01:15:00,3826.3,3832.4,3810.0,3817.99,300353.97
2025-10-23 01:15:00,3826.3,3832.4,3810.0,3817.99,300353.97
2025-10-23 01:15:00,3826.3,3832.4,3810.0,3817.99,300353.97
2025-10-23 01:15:00,3826.3,3832.4,3810.0,3817.99,300353.97
2025-10-23 01:15:00,3826.3,3832.4,3810.0,3817.99,300353.97
2025-10-23 01:15:00,3826.3,3832.4,3810.0,3817.99,300353.97
2025-10-23 01:15:00,3826.3,3832.4,3810.0,3817.99,300353.97
2025-10-23 01:15:00,3826.3,3832.4,3810.0,3817.99,300353.97
2025-10-23 01:15:00,3826.3,3832.4,3810.0,3817.99,300353.97
2025-10-23 01:15:00,3826.3,3832.4,3810.0,3817.99,300353.97
2025-10-23 01:30:00,3817.99,3825.33,3816.13,3822.83,182256.31
2025-10-23 01:30:00,3817.99,3825.33,3816.13,3822.83,182256.31
2025-10-23 01:30:00,3817.99,3825.33,3816.13,3822.83,182256.31
2025-10-23 01:30:00,3817.99,3825.33,3816.13,3822.83,182256.31
2025-10-23 01:30:00,3817.99,3825.33,3816.13,3822.83,182256.31
2025-10-23 01:30:00,3817.99,3825.33,3816.13,3822.83,182256.31
2025-10-23 01:30:00,3817.99,3825.33,3816.13,3822.83,182256.31
2025-10-23 01:30:00,3817.99,3825.33,3816.13,3822.83,182256.31
2025-10-23 01:30:00,3817.99,3825.33,3816.13,3822.83,182256.31
2025-10-23 01:30:00,3817.99,3825.33,3816.13,3822.83,182256.31
2025-10-23 01:30:00,3817.99,3825.33,3816.13,3822.83,182256.31
2025-10-23 01:30:00,3817.99,3825.33,3816.13,3822.83,182256.31
2025-10-23 01:30:00,3817.99,3825.33,3816.13,3822.83,182256.31
2025-10-23 01:30:00,3817.99,3825.33,3816.13,3822.83,182256.31
2025-10-23 01:30:00,3817.99,3825.33,3816.13,3822.83,182256.31
2025-10-23 01:30:00,3817.99,3825.33,3816.13,3822.83,182256.31
2025-10-23 01:30:00,3817.99,3825.33,3816.13,3822.83,182256.31
2025-10-23 01:30:00,3817.99,3825.33,3816.13,3822.83,182256.31
2025-10-23 01:30:00,3817.99,3825.33,3816.13,3822.83,182256.31
2025-10-23 01:30:00,3817.99,3825.33,3816.13,3822.83,182256.31
2025-10-23 01:30:00,3817.99,3825.33,3816.13,3822.83,182256.31
2025-10-23 01:30:00,3817.99,3825.33,3816.13,3822.83,182256.31
2025-10-23 01:30:00,3817.99,3825.33,3816.13,3822.83,182256.31
2025-10-23 01:30:00,3817.99,3825.33,3816.13,3822.83,182256.31
2025-10-23 01:30:00,3817.99,3825.33,3816.13,3822.83,182256.31
2025-10-23 01:30:00,3817.99,3825.33,3816.13,3822.83,182256.31
2025-10-23 01:30:00,3817.99,3825.33,3816.13,3822.83,182256.31
2025-10-23 01:30:00,3817.99,3825.33,3816.13,3822.83,182256.31
2025-10-23 01:30:00,3817.99,3825.33,3816.13,3822.83,182256.31
2025-10-23 01:30:00,3817.99,3825.33,3816.13,3822.83,182256.31
2025-10-23 01:30:00,3817.99,3825.33,3816.13,3822.83,182256.31
2025-10-23 01:30:00,3817.99,3825.33,3816.13,3822.83,182256.31
2025-10-23 01:30:00,3817.99,3825.33,3816.13,3822.83,182256.31
2025-10-23 01:30:00,3817.99,3825.33,3816.13,3822.83,182256.31
2025-10-23 01:30:00,3817.99,3825.33,3816.13,3822.83,182256.31
2025-10-23 01:30:00,3817.99,3825.33,3816.13,3822.83,182256.31
2025-10-23 01:30:00,3817.99,3825.33,3816.13,3822.83,182256.31
2025-10-23 01:30:00,3817.99,3825.33,3816.13,3822.83,182256.31
2025-10-23 01:30:00,3817.99,3825.33,3816.13,3822.83,182256.31
2025-10-23 01:30:00,3817.99,3825.33,3816.13,3822.83,182256.31
2025-10-23 01:30:00,3817.99,3825.33,3816.13,3822.83,182256.31
2025-10-23 01:30:00,3817.99,3825.33,3816.13,3822.83,182256.31
2025-10-23 01:30:00,3817.99,3825.33,3816.13,3822.83,182256.31
2025-10-23 01:30:00,3817.99,3825.33,3816.13,3822.83,182256.31
2025-10-23 01:30:00,3817.99,3825.33,3816.13,3822.83,182256.31
2025-10-23 01:30:00,3817.99,3825.33,3816.13,3822.83,182256.31
2025-10-23 01:30:00,3817.99,3825.33,3816.13,3822.83,182256.31
2025-10-23 01:30:00,3817.99,3825.33,3816.13,3822.83,182256.31
2025-10-23 01:30:00,3817.99,3825.33,3816.13,3822.83,182256.31
2025-10-23 01:30:00,3817.99,3825.33,3816.13,3822.83,182256.31
2025-10-23 01:30:00,3817.99,3825.33,3816.13,3822.83,182256.31
2025-10-23 01:30:00,3817.99,3825.33,3816.13,3822.83,182256.31
2025-10-23 01:30:00,3817.99,3825.33,3816.13,3822.83,182256.31
2025-10-23 01:45:00,3822.84,3826.44,3818.11,3819.37,121625.69
2025-10-23 01:45:00,3822.84,3826.44,3818.11,3819.37,121625.69
2025-10-23 01:45:00,3822.84,3826.44,3818.11,3819.37,121625.69
2025-10-23 01:45:00,3822.84,3826.44,3818.11,3819.37,121625.69
2025-10-23 01:45:00,3822.84,3826.44,3818.11,3819.37,121625.69
2025-10-23 01:45:00,3822.84,3826.44,3818.11,3819.37,121625.69
2025-10-23 01:45:00,3822.84,3826.44,3818.11,3819.37,121625.69
2025-10-23 01:45:00,3822.84,3826.44,3818.11,3819.37,121625.69
2025-10-23 01:45:00,3822.84,3826.44,3818.11,3819.37,121625.69
2025-10-23 01:45:00,3822.84,3826.44,3818.11,3819.37,121625.69
2025-10-23 01:45:00,3822.84,3826.44,3818.11,3819.37,121625.69
2025-10-23 01:45:00,3822.84,3826.44,3818.11,3819.37,121625.69
2025-10-23 01:45:00,3822.84,3826.44,3818.11,3819.37,121625.69
2025-10-23 01:45:00,3822.84,3826.44,3818.11,3819.37,121625.69
2025-10-23 01:45:00,3822.84,3826.44,3818.11,3819.37,121625.69
2025-10-23 01:45:00,3822.84,3826.44,3818.11,3819.37,121625.69
2025-10-23 01:45:00,3822.84,3826.44,3818.11,3819.37,121625.69
2025-10-23 01:45:00,3822.84,3826.44,3818.11,3819.37,121625.69
2025-10-23 01:45:00,3822.84,3826.44,3818.11,3819.37,121625.69
2025-10-23 01:45:00,3822.84,3826.44,3818.11,3819.37,121625.69
2025-10-23 01:45:00,3822.84,3826.44,3818.11,3819.37,121625.69
2025-10-23 01:45:00,3822.84,3826.44,3818.11,3819.37,121625.69
2025-10-23 01:45:00,3822.84,3826.44,3818.11,3819.37,121625.69
2025-10-23 01:45:00,3822.84,3826.44,3818.11,3819.37,121625.69
2025-10-23 01:45:00,3822.84,3826.44,3818.11,3819.37,121625.69
2025-10-23 01:45:00,3822.84,3826.44,3818.11,3819.37,121625.69
2025-10-23 01:45:00,3822.84,3826.44,3818.11,3819.37,121625.69
2025-10-23 01:45:00,3822.84,3826.44,3818.11,3819.37,121625.69
2025-10-23 01:45:00,3822.84,3826.44,3818.11,3819.37,121625.69
2025-10-23 01:45:00,3822.84,3826.44,3818.11,3819.37,121625.69
2025-10-23 01:45:00,3822.84,3826.44,3818.11,3819.37,121625.69
2025-10-23 01:45:00,3822.84,3826.44,3818.11,3819.37,121625.69
2025-10-23 01:45:00,3822.84,3826.44,3818.11,3819.37,121625.69
2025-10-23 01:45:00,3822.84,3826.44,3818.11,3819.37,121625.69
2025-10-23 01:45:00,3822.84,3826.44,3818.11,3819.37,121625.69
2025-10-23 01:45:00,3822.84,3826.44,3818.11,3819.37,121625.69
2025-10-23 01:45:00,3822.84,3826.44,3818.11,3819.37,121625.69
2025-10-23 01:45:00,3822.84,3826.44,3818.11,3819.37,121625.69
2025-10-23 01:45:00,3822.84,3826.44,3818.11,3819.37,121625.69
2025-10-23 01:45:00,3822.84,3826.44,3818.11,3819.37,121625.69
2025-10-23 01:45:00,3822.84,3826.44,3818.11,3819.37,121625.69
2025-10-23 01:45:00,3822.84,3826.44,3818.11,3819.37,121625.69
2025-10-23 01:45:00,3822.84,3826.44,3818.11,3819.37,121625.69
2025-10-23 01:45:00,3822.84,3826.44,3818.11,3819.37,121625.69
2025-10-23 01:45:00,3822.84,3826.44,3818.11,3819.37,121625.69
2025-10-23 01:45:00,3822.84,3826.44,3818.11,3819.37,121625.69
2025-10-23 01:45:00,3822.84,3826.44,3818.11,3819.37,121625.69
2025-10-23 01:45:00,3822.84,3826.44,3818.11,3819.37,121625.69
2025-10-23 01:45:00,3822.84,3826.44,3818.11,3819.37,121625.69
2025-10-23 01:45:00,3822.84,3826.44,3818.11,3819.37,121625.69
2025-10-23 01:45:00,3822.84,3826.44,3818.11,3819.37,121625.69
2025-10-23 01:45:00,3822.84,3826.44,3818.11,3819.37,121625.69
2025-10-23 01:45:00,3822.84,3826.44,3818.11,3819.37,121625.69
2025-10-23 02:00:00,3819.38,3820.0,3813.0,3818.98,111657.22
2025-10-23 02:00:00,3819.38,3820.0,3813.0,3818.98,111657.22
2025-10-23 02:00:00,3819.38,3820.0,3813.0,3818.98,111657.22
2025-10-23 02:00:00,3819.38,3820.0,3813.0,3818.98,111657.22
2025-10-23 02:00:00,3819.38,3820.0,3813.0,3818.98,111657.22
2025-10-23 02:00:00,3819.38,3820.0,3813.0,3818.98,111657.22
2025-10-23 02:00:00,3819.38,3820.0,3813.0,3818.98,111657.22
2025-10-23 02:00:00,3819.38,3820.0,3813.0,3818.98,111657.22
2025-10-23 02:00:00,3819.38,3820.0,3813.0,3818.98,111657.22
2025-10-23 02:00:00,3819.38,3820.0,3813.0,3818.98,111657.22
2025-10-23 02:00:00,3819.38,3820.0,3813.0,3818.98,111657.22
2025-10-23 02:00:00,3819.38,3820.0,3813.0,3818.98,111657.22
2025-10-23 02:00:00,3819.38,3820.0,3813.0,3818.98,111657.22
2025-10-23 02:00:00,3819.38,3820.0,3813.0,3818.98,111657.22
2025-10-23 02:00:00,3819.38,3820.0,3813.0,3818.98,111657.22
2025-10-23 02:00:00,3819.38,3820.0,3813.0,3818.98,111657.22
2025-10-23 02:00:00,3819.38,3820.0,3813.0,3818.98,111657.22
2025-10-23 02:00:00,3819.38,3820.0,3813.0,3818.98,111657.22
2025-10-23 02:00:00,3819.38,3820.0,3813.0,3818.98,111657.22
2025-10-23 02:00:00,3819.38,3820.0,3813.0,3818.98,111657.22
2025-10-23 02:00:00,3819.38,3820.0,3813.0,3818.98,111657.22
2025-10-23 02:00:00,3819.38,3820.0,3813.0,3818.98,111657.22
2025-10-23 02:00:00,3819.38,3820.0,3813.0,3818.98,111657.22
2025-10-23 02:00:00,3819.38,3820.0,3813.0,3818.98,111657.22
2025-10-23 02:00:00,3819.38,3820.0,3813.0,3818.98,111657.22
2025-10-23 02:00:00,3819.38,3820.0,3813.0,3818.98,111657.22
2025-10-23 02:00:00,3819.38,3820.0,3813.0,3818.98,111657.22
2025-10-23 02:00:00,3819.38,3820.0,3813.0,3818.98,111657.22
2025-10-23 02:00:00,3819.38,3820.0,3813.0,3818.98,111657.22
2025-10-23 02:00:00,3819.38,3820.0,3813.0,3818.98,111657.22
2025-10-23 02:00:00,3819.38,3820.0,3813.0,3818.98,111657.22
2025-10-23 02:00:00,3819.38,3820.0,3813.0,3818.98,111657.22
2025-10-23 02:00:00,3819.38,3820.0,3813.0,3818.98,111657.22
2025-10-23 02:00:00,3819.38,3820.0,3813.0,3818.98,111657.22
2025-10-23 02:00:00,3819.38,3820.0,3813.0,3818.98,111657.22
2025-10-23 02:00:00,3819.38,3820.0,3813.0,3818.98,111657.22
2025-10-23 02:00:00,3819.38,3820.0,3813.0,3818.98,111657.22
2025-10-23 02:00:00,3819.38,3820.0,3813.0,3818.98,111657.22
2025-10-23 02:00:00,3819.38,3820.0,3813.0,3818.98,111657.22
2025-10-23 02:00:00,3819.38,3820.0,3813.0,3818.98,111657.22
2025-10-23 02:00:00,3819.38,3820.0,3813.0,3818.98,111657.22
2025-10-23 02:00:00,3819.38,3820.0,3813.0,3818.98,111657.22
2025-10-23 02:00:00,3819.38,3820.0,3813.0,3818.98,111657.22
2025-10-23 02:00:00,3819.38,3820.0,3813.0,3818.98,111657.22
2025-10-23 02:00:00,3819.38,3820.0,3813.0,3818.98,111657.22
2025-10-23 02:00:00,3819.38,3820.0,3813.0,3818.98,111657.22
2025-10-23 02:00:00,3819.38,3820.0,3813.0,3818.98,111657.22
2025-10-23 02:00:00,3819.38,3820.0,3813.0,3818.98,111657.22
2025-10-23 02:00:00,3819.38,3820.0,3813.0,3818.98,111657.22
2025-10-23 02:00:00,3819.38,3820.0,3813.0,3818.98,111657.22
2025-10-23 02:00:00,3819.38,3820.0,3813.0,3818.98,111657.22
2025-10-23 02:00:00,3819.38,3820.0,3813.0,3818.98,111657.22
2025-10-23 02:00:00,3819.38,3820.0,3813.0,3818.98,111657.22
2025-10-23 02:15:00,3818.98,3826.67,3818.98,3824.38,123927.59
2025-10-23 02:15:00,3818.98,3826.67,3818.98,3824.38,123927.59
2025-10-23 02:15:00,3818.98,3826.67,3818.98,3824.38,123927.59
2025-10-23 02:15:00,3818.98,3826.67,3818.98,3824.38,123927.59
2025-10-23 02:15:00,3818.98,3826.67,3818.98,3824.38,123927.59
2025-10-23 02:15:00,3818.98,3826.67,3818.98,3824.38,123927.59
2025-10-23 02:15:00,3818.98,3826.67,3818.98,3824.38,123927.59
2025-10-23 02:15:00,3818.98,3826.67,3818.98,3824.38,123927.59
2025-10-23 02:15:00,3818.98,3826.67,3818.98,3824.38,123927.59
2025-10-23 02:15:00,3818.98,3826.67,3818.98,3824.38,123927.59
2025-10-23 02:15:00,3818.98,3826.67,3818.98,3824.38,123927.59
2025-10-23 02:15:00,3818.98,3826.67,3818.98,3824.38,123927.59
2025-10-23 02:15:00,3818.98,3826.67,3818.98,3824.38,123927.59
2025-10-23 02:15:00,3818.98,3826.67,3818.98,3824.38,123927.59
2025-10-23 02:15:00,3818.98,3826.67,3818.98,3824.38,123927.59
2025-10-23 02:15:00,3818.98,3826.67,3818.98,3824.38,123927.59
2025-10-23 02:15:00,3818.98,3826.67,3818.98,3824.38,123927.59
2025-10-23 02:15:00,3818.98,3826.67,3818.98,3824.38,123927.59
2025-10-23 02:15:00,3818.98,3826.67,3818.98,3824.38,123927.59
2025-10-23 02:15:00,3818.98,3826.67,3818.98,3824.38,123927.59
2025-10-23 02:15:00,3818.98,3826.67,3818.98,3824.38,123927.59
2025-10-23 02:15:00,3818.98,3826.67,3818.98,3824.38,123927.59
2025-10-23 02:15:00,3818.98,3826.67,3818.98,3824.38,123927.59
2025-10-23 02:15:00,3818.98,3826.67,3818.98,3824.38,123927.59
2025-10-23 02:15:00,3818.98,3826.67,3818.98,3824.38,123927.59
2025-10-23 02:15:00,3818.98,3826.67,3818.98,3824.38,123927.59
2025-10-23 02:15:00,3818.98,3826.67,3818.98,3824.38,123927.59
2025-10-23 02:15:00,3818.98,3826.67,3818.98,3824.38,123927.59
2025-10-23 02:15:00,3818.98,3826.67,3818.98,3824.38,123927.59
2025-10-23 02:15:00,3818.98,3826.67,3818.98,3824.38,123927.59
2025-10-23 02:15:00,3818.98,3826.67,3818.98,3824.38,123927.59
2025-10-23 02:15:00,3818.98,3826.67,3818.98,3824.38,123927.59
2025-10-23 02:15:00,3818.98,3826.67,3818.98,3824.38,123927.59
2025-10-23 02:15:00,3818.98,3826.67,3818.98,3824.38,123927.59
2025-10-23 02:15:00,3818.98,3826.67,3818.98,3824.38,123927.59
2025-10-23 02:15:00,3818.98,3826.67,3818.98,3824.38,123927.59
2025-10-23 02:15:00,3818.98,3826.67,3818.98,3824.38,123927.59
2025-10-23 02:15:00,3818.98,3826.67,3818.98,3824.38,123927.59
2025-10-23 02:15:00,3818.98,3826.67,3818.98,3824.38,123927.59
2025-10-23 02:15:00,3818.98,3826.67,3818.98,3824.38,123927.59
2025-10-23 02:15:00,3818.98,3826.67,3818.98,3824.38,123927.59
2025-10-23 02:15:00,3818.98,3826.67,3818.98,3824.38,123927.59
2025-10-23 02:15:00,3818.98,3826.67,3818.98,3824.38,123927.59
2025-10-23 02:15:00,3818.98,3826.67,3818.98,3824.38,123927.59
2025-10-23 02:15:00,3818.98,3826.67,3818.98,3824.38,123927.59
2025-10-23 02:15:00,3818.98,3826.67,3818.98,3824.38,123927.59
2025-10-23 02:15:00,3818.98,3826.67,3818.98,3824.38,123927.59
2025-10-23 02:15:00,3818.98,3826.67,3818.98,3824.38,123927.59
2025-10-23 02:15:00,3818.98,3826.67,3818.98,3824.38,123927.59
2025-10-23 02:15:00,3818.98,3826.67,3818.98,3824.38,123927.59
2025-10-23 02:15:00,3818.98,3826.67,3818.98,3824.38,123927.59
2025-10-23 02:15:00,3818.98,3826.67,3818.98,3824.38,123927.59
2025-10-23 02:15:00,3818.98,3826.67,3818.98,3824.38,123927.59
2025-10-23 02:30:00,3824.39,3833.28,3824.39,3829.01,163868.52
2025-10-23 02:30:00,3824.39,3833.28,3824.39,3829.01,163868.52
2025-10-23 02:30:00,3824.39,3833.28,3824.39,3829.01,163868.52
2025-10-23 02:30:00,3824.39,3833.28,3824.39,3829.01,163868.52
2025-10-23 02:30:00,3824.39,3833.28,3824.39,3829.01,163868.52
2025-10-23 02:30:00,3824.39,3833.28,3824.39,3829.01,163868.52
2025-10-23 02:30:00,3824.39,3833.28,3824.39,3829.01,163868.52
2025-10-23 02:30:00,3824.39,3833.28,3824.39,3829.01,163868.52
2025-10-23 02:30:00,3824.39,3833.28,3824.39,3829.01,163868.52
2025-10-23 02:30:00,3824.39,3833.28,3824.39,3829.01,163868.52
2025-10-23 02:30:00,3824.39,3833.28,3824.39,3829.01,163868.52
2025-10-23 02:30:00,3824.39,3833.28,3824.39,3829.01,163868.52
2025-10-23 02:30:00,3824.39,3833.28,3824.39,3829.01,163868.52
2025-10-23 02:30:00,3824.39,3833.28,3824.39,3829.01,163868.52
2025-10-23 02:30:00,3824.39,3833.28,3824.39,3829.01,163868.52
2025-10-23 02:30:00,3824.39,3833.28,3824.39,3829.01,163868.52
2025-10-23 02:30:00,3824.39,3833.28,3824.39,3829.01,163868.52
2025-10-23 02:30:00,3824.39,3833.28,3824.39,3829.01,163868.52
2025-10-23 02:30:00,3824.39,3833.28,3824.39,3829.01,163868.52
2025-10-23 02:30:00,3824.39,3833.28,3824.39,3829.01,163868.52
2025-10-23 02:30:00,3824.39,3833.28,3824.39,3829.01,163868.52
2025-10-23 02:30:00,3824.39,3833.28,3824.39,3829.01,163868.52
2025-10-23 02:30:00,3824.39,3833.28,3824.39,3829.01,163868.52
2025-10-23 02:30:00,3824.39,3833.28,3824.39,3829.01,163868.52
2025-10-23 02:30:00,3824.39,3833.28,3824.39,3829.01,163868.52
2025-10-23 02:30:00,3824.39,3833.28,3824.39,3829.01,163868.52
2025-10-23 02:30:00,3824.39,3833.28,3824.39,3829.01,163868.52
2025-10-23 02:30:00,3824.39,3833.28,3824.39,3829.01,163868.52
2025-10-23 02:30:00,3824.39,3833.28,3824.39,3829.01,163868.52
2025-10-23 02:30:00,3824.39,3833.28,3824.39,3829.01,163868.52
2025-10-23 02:30:00,3824.39,3833.28,3824.39,3829.01,163868.52
2025-10-23 02:30:00,3824.39,3833.28,3824.39,3829.01,163868.52
2025-10-23 02:30:00,3824.39,3833.28,3824.39,3829.01,163868.52
2025-10-23 02:30:00,3824.39,3833.28,3824.39,3829.01,163868.52
2025-10-23 02:30:00,3824.39,3833.28,3824.39,3829.01,163868.52
2025-10-23 02:30:00,3824.39,3833.28,3824.39,3829.01,163868.52
2025-10-23 02:30:00,3824.39,3833.28,3824.39,3829.01,163868.52
2025-10-23 02:30:00,3824.39,3833.28,3824.39,3829.01,163868.52
2025-10-23 02:30:00,3824.39,3833.28,3824.39,3829.01,163868.52
2025-10-23 02:30:00,3824.39,3833.28,3824.39,3829.01,163868.52
2025-10-23 02:30:00,3824.39,3833.28,3824.39,3829.01,163868.52
2025-10-23 02:30:00,3824.39,3833.28,3824.39,3829.01,163868.52
2025-10-23 02:30:00,3824.39,3833.28,3824.39,3829.01,163868.52
2025-10-23 02:30:00,3824.39,3833.28,3824.39,3829.01,163868.52
2025-10-23 02:30:00,3824.39,3833.28,3824.39,3829.01,163868.52
2025-10-23 02:30:00,3824.39,3833.28,3824.39,3829.01,163868.52
2025-10-23 02:30:00,3824.39,3833.28,3824.39,3829.01,163868.52
2025-10-23 02:30:00,3824.39,3833.28,3824.39,3829.01,163868.52
2025-10-23 02:30:00,3824.39,3833.28,3824.39,3829.01,163868.52
2025-10-23 02:30:00,3824.39,3833.28,3824.39,3829.01,163868.52
2025-10-23 02:30:00,3824.39,3833.28,3824.39,3829.01,163868.52
2025-10-23 02:30:00,3824.39,3833.28,3824.39,3829.01,163868.52
2025-10-23 02:30:00,3824.39,3833.28,3824.39,3829.01,163868.52
2025-10-23 02:45:00,3829.0,3829.3,3817.8,3823.99,188146.23
2025-10-23 02:45:00,3829.0,3829.3,3817.8,3823.99,188146.23
2025-10-23 02:45:00,3829.0,3829.3,3817.8,3823.99,188146.23
2025-10-23 02:45:00,3829.0,3829.3,3817.8,3823.99,188146.23
2025-10-23 02:45:00,3829.0,3829.3,3817.8,3823.99,188146.23
2025-10-23 02:45:00,3829.0,3829.3,3817.8,3823.99,188146.23
2025-10-23 02:45:00,3829.0,3829.3,3817.8,3823.99,188146.23
2025-10-23 02:45:00,3829.0,3829.3,3817.8,3823.99,188146.23
2025-10-23 02:45:00,3829.0,3829.3,3817.8,3823.99,188146.23
2025-10-23 02:45:00,3829.0,3829.3,3817.8,3823.99,188146.23
2025-10-23 02:45:00,3829.0,3829.3,3817.8,3823.99,188146.23
2025-10-23 02:45:00,3829.0,3829.3,3817.8,3823.99,188146.23
2025-10-23 02:45:00,3829.0,3829.3,3817.8,3823.99,188146.23
2025-10-23 02:45:00,3829.0,3829.3,3817.8,3823.99,188146.23
2025-10-23 02:45:00,3829.0,3829.3,3817.8,3823.99,188146.23
2025-10-23 02:45:00,3829.0,3829.3,3817.8,3823.99,188146.23
2025-10-23 02:45:00,3829.0,3829.3,3817.8,3823.99,188146.23
2025-10-23 02:45:00,3829.0,3829.3,3817.8,3823.99,188146.23
2025-10-23 02:45:00,3829.0,3829.3,3817.8,3823.99,188146.23
2025-10-23 02:45:00,3829.0,3829.3,3817.8,3823.99,188146.23
2025-10-23 02:45:00,3829.0,3829.3,3817.8,3823.99,188146.23
2025-10-23 02:45:00,3829.0,3829.3,3817.8,3823.99,188146.23
2025-10-23 02:45:00,3829.0,3829.3,3817.8,3823.99,188146.23
2025-10-23 02:45:00,3829.0,3829.3,3817.8,3823.99,188146.23
2025-10-23 02:45:00,3829.0,3829.3,3817.8,3823.99,188146.23
2025-10-23 02:45:00,3829.0,3829.3,3817.8,3823.99,188146.23
2025-10-23 02:45:00,3829.0,3829.3,3817.8,3823.99,188146.23
2025-10-23 02:45:00,3829.0,3829.3,3817.8,3823.99,188146.23
2025-10-23 02:45:00,3829.0,3829.3,3817.8,3823.99,188146.23
2025-10-23 02:45:00,3829.0,3829.3,3817.8,3823.99,188146.23
2025-10-23 02:45:00,3829.0,3829.3,3817.8,3823.99,188146.23
2025-10-23 02:45:00,3829.0,3829.3,3817.8,3823.99,188146.23
2025-10-23 02:45:00,3829.0,3829.3,3817.8,3823.99,188146.23
2025-10-23 02:45:00,3829.0,3829.3,3817.8,3823.99,188146.23
2025-10-23 02:45:00,3829.0,3829.3,3817.8,3823.99,188146.23
2025-10-23 02:45:00,3829.0,3829.3,3817.8,3823.99,188146.23
2025-10-23 02:45:00,3829.0,3829.3,3817.8,3823.99,188146.23
2025-10-23 02:45:00,3829.0,3829.3,3817.8,3823.99,188146.23
2025-10-23 02:45:00,3829.0,3829.3,3817.8,3823.99,188146.23
2025-10-23 02:45:00,3829.0,3829.3,3817.8,3823.99,188146.23
2025-10-23 02:45:00,3829.0,3829.3,3817.8,3823.99,188146.23
2025-10-23 02:45:00,3829.0,3829.3,3817.8,3823.99,188146.23
2025-10-23 02:45:00,3829.0,3829.3,3817.8,3823.99,188146.23
2025-10-23 02:45:00,3829.0,3829.3,3817.8,3823.99,188146.23
2025-10-23 02:45:00,3829.0,3829.3,3817.8,3823.99,188146.23
2025-10-23 02:45:00,3829.0,3829.3,3817.8,3823.99,188146.23
2025-10-23 02:45:00,3829.0,3829.3,3817.8,3823.99,188146.23
2025-10-23 02:45:00,3829.0,3829.3,3817.8,3823.99,188146.23
2025-10-23 02:45:00,3829.0,3829.3,3817.8,3823.99,188146.23
2025-10-23 02:45:00,3829.0,3829.3,3817.8,3823.99,188146.23
2025-10-23 02:45:00,3829.0,3829.3,3817.8,3823.99,188146.23
2025-10-23 02:45:00,3829.0,3829.3,3817.8,3823.99,188146.23
2025-10-23 02:45:00,3829.0,3829.3,3817.8,3823.99,188146.23
2025-10-23 03:00:00,3823.99,3828.73,3822.0,3822.47,108967.93
2025-10-23 03:00:00,3823.99,3828.73,3822.0,3822.47,108967.93
2025-10-23 03:00:00,3823.99,3828.73,3822.0,3822.47,108967.93
2025-10-23 03:00:00,3823.99,3828.73,3822.0,3822.47,108967.93
2025-10-23 03:00:00,3823.99,3828.73,3822.0,3822.47,108967.93
2025-10-23 03:00:00,3823.99,3828.73,3822.0,3822.47,108967.93
2025-10-23 03:00:00,3823.99,3828.73,3822.0,3822.47,108967.93
2025-10-23 03:00:00,3823.99,3828.73,3822.0,3822.47,108967.93
2025-10-23 03:00:00,3823.99,3828.73,3822.0,3822.47,108967.93
2025-10-23 03:00:00,3823.99,3828.73,3822.0,3822.47,108967.93
2025-10-23 03:00:00,3823.99,3828.73,3822.0,3822.47,108967.93
2025-10-23 03:00:00,3823.99,3828.73,3822.0,3822.47,108967.93
2025-10-23 03:00:00,3823.99,3828.73,3822.0,3822.47,108967.93
2025-10-23 03:00:00,3823.99,3828.73,3822.0,3822.47,108967.93
2025-10-23 03:00:00,3823.99,3828.73,3822.0,3822.47,108967.93
2025-10-23 03:00:00,3823.99,3828.73,3822.0,3822.47,108967.93
2025-10-23 03:00:00,3823.99,3828.73,3822.0,3822.47,108967.93
2025-10-23 03:00:00,3823.99,3828.73,3822.0,3822.47,108967.93
2025-10-23 03:00:00,3823.99,3828.73,3822.0,3822.47,108967.93
2025-10-23 03:00:00,3823.99,3828.73,3822.0,3822.47,108967.93
2025-10-23 03:00:00,3823.99,3828.73,3822.0,3822.47,108967.93
2025-10-23 03:00:00,3823.99,3828.73,3822.0,3822.47,108967.93
2025-10-23 03:00:00,3823.99,3828.73,3822.0,3822.47,108967.93
2025-10-23 03:00:00,3823.99,3828.73,3822.0,3822.47,108967.93
2025-10-23 03:00:00,3823.99,3828.73,3822.0,3822.47,108967.93
2025-10-23 03:00:00,3823.99,3828.73,3822.0,3822.47,108967.93
2025-10-23 03:00:00,3823.99,3828.73,3822.0,3822.47,108967.93
2025-10-23 03:00:00,3823.99,3828.73,3822.0,3822.47,108967.93
2025-10-23 03:00:00,3823.99,3828.73,3822.0,3822.47,108967.93
2025-10-23 03:00:00,3823.99,3828.73,3822.0,3822.47,108967.93
2025-10-23 03:00:00,3823.99,3828.73,3822.0,3822.47,108967.93
2025-10-23 03:00:00,3823.99,3828.73,3822.0,3822.47,108967.93
2025-10-23 03:00:00,3823.99,3828.73,3822.0,3822.47,108967.93
2025-10-23 03:00:00,3823.99,3828.73,3822.0,3822.47,108967.93
2025-10-23 03:00:00,3823.99,3828.73,3822.0,3822.47,108967.93
2025-10-23 03:00:00,3823.99,3828.73,3822.0,3822.47,108967.93
2025-10-23 03:00:00,3823.99,3828.73,3822.0,3822.47,108967.93
2025-10-23 03:00:00,3823.99,3828.73,3822.0,3822.47,108967.93
2025-10-23 03:00:00,3823.99,3828.73,3822.0,3822.47,108967.93
2025-10-23 03:00:00,3823.99,3828.73,3822.0,3822.47,108967.93
2025-10-23 03:00:00,3823.99,3828.73,3822.0,3822.47,108967.93
2025-10-23 03:00:00,3823.99,3828.73,3822.0,3822.47,108967.93
2025-10-23 03:00:00,3823.99,3828.73,3822.0,3822.47,108967.93
2025-10-23 03:00:00,3823.99,3828.73,3822.0,3822.47,108967.93
2025-10-23 03:00:00,3823.99,3828.73,3822.0,3822.47,108967.93
2025-10-23 03:00:00,3823.99,3828.73,3822.0,3822.47,108967.93
2025-10-23 03:00:00,3823.99,3828.73,3822.0,3822.47,108967.93
2025-10-23 03:00:00,3823.99,3828.73,3822.0,3822.47,108967.93
2025-10-23 03:00:00,3823.99,3828.73,3822.0,3822.47,108967.93
2025-10-23 03:00:00,3823.99,3828.73,3822.0,3822.47,108967.93
2025-10-23 03:00:00,3823.99,3828.73,3822.0,3822.47,108967.93
2025-10-23 03:00:00,3823.99,3828.73,3822.0,3822.47,108967.93
2025-10-23 03:00:00,3823.99,3828.73,3822.0,3822.47,108967.93
2025-10-23 03:15:00,3822.48,3832.64,3822.43,3830.79,140649.99
2025-10-23 03:15:00,3822.48,3832.64,3822.43,3830.79,140649.99
2025-10-23 03:15:00,3822.48,3832.64,3822.43,3830.79,140649.99
2025-10-23 03:15:00,3822.48,3832.64,3822.43,3830.79,140649.99
2025-10-23 03:15:00,3822.48,3832.64,3822.43,3830.79,140649.99
2025-10-23 03:15:00,3822.48,3832.64,3822.43,3830.79,140649.99
2025-10-23 03:15:00,3822.48,3832.64,3822.43,3830.79,140649.99
2025-10-23 03:15:00,3822.48,3832.64,3822.43,3830.79,140649.99
2025-10-23 03:15:00,3822.48,3832.64,3822.43,3830.79,140649.99
2025-10-23 03:15:00,3822.48,3832.64,3822.43,3830.79,140649.99
2025-10-23 03:15:00,3822.48,3832.64,3822.43,3830.79,140649.99
2025-10-23 03:15:00,3822.48,3832.64,3822.43,3830.79,140649.99
2025-10-23 03:15:00,3822.48,3832.64,3822.43,3830.79,140649.99
2025-10-23 03:15:00,3822.48,3832.64,3822.43,3830.79,140649.99
2025-10-23 03:15:00,3822.48,3832.64,3822.43,3830.79,140649.99
2025-10-23 03:15:00,3822.48,3832.64,3822.43,3830.79,140649.99
2025-10-23 03:15:00,3822.48,3832.64,3822.43,3830.79,140649.99
2025-10-23 03:15:00,3822.48,3832.64,3822.43,3830.79,140649.99
2025-10-23 03:15:00,3822.48,3832.64,3822.43,3830.79,140649.99
2025-10-23 03:15:00,3822.48,3832.64,3822.43,3830.79,140649.99
2025-10-23 03:15:00,3822.48,3832.64,3822.43,3830.79,140649.99
2025-10-23 03:15:00,3822.48,3832.64,3822.43,3830.79,140649.99
2025-10-23 03:15:00,3822.48,3832.64,3822.43,3830.79,140649.99
2025-10-23 03:15:00,3822.48,3832.64,3822.43,3830.79,140649.99
2025-10-23 03:15:00,3822.48,3832.64,3822.43,3830.79,140649.99
2025-10-23 03:15:00,3822.48,3832.64,3822.43,3830.79,140649.99
2025-10-23 03:15:00,3822.48,3832.64,3822.43,3830.79,140649.99
2025-10-23 03:15:00,3822.48,3832.64,3822.43,3830.79,140649.99
2025-10-23 03:15:00,3822.48,3832.64,3822.43,3830.79,140649.99
2025-10-23 03:15:00,3822.48,3832.64,3822.43,3830.79,140649.99
2025-10-23 03:15:00,3822.48,3832.64,3822.43,3830.79,140649.99
2025-10-23 03:15:00,3822.48,3832.64,3822.43,3830.79,140649.99
2025-10-23 03:15:00,3822.48,3832.64,3822.43,3830.79,140649.99
2025-10-23 03:15:00,3822.48,3832.64,3822.43,3830.79,140649.99
2025-10-23 03:15:00,3822.48,3832.64,3822.43,3830.79,140649.99
2025-10-23 03:15:00,3822.48,3832.64,3822.43,3830.79,140649.99
2025-10-23 03:15:00,3822.48,3832.64,3822.43,3830.79,140649.99
2025-10-23 03:15:00,3822.48,3832.64,3822.43,3830.79,140649.99
2025-10-23 03:15:00,3822.48,3832.64,3822.43,3830.79,140649.99
2025-10-23 03:15:00,3822.48,3832.64,3822.43,3830.79,140649.99
2025-10-23 03:15:00,3822.48,3832.64,3822.43,3830.79,140649.99
2025-10-23 03:15:00,3822.48,3832.64,3822.43,3830.79,140649.99
2025-10-23 03:15:00,3822.48,3832.64,3822.43,3830.79,140649.99
2025-10-23 03:15:00,3822.48,3832.64,3822.43,3830.79,140649.99
2025-10-23 03:15:00,3822.48,3832.64,3822.43,3830.79,140649.99
2025-10-23 03:15:00,3822.48,3832.64,3822.43,3830.79,140649.99
2025-10-23 03:15:00,3822.48,3832.64,3822.43,3830.79,140649.99
2025-10-23 03:15:00,3822.48,3832.64,3822.43,3830.79,140649.99
2025-10-23 03:15:00,3822.48,3832.64,3822.43,3830.79,140649.99
2025-10-23 03:15:00,3822.48,3832.64,3822.43,3830.79,140649.99
2025-10-23 03:15:00,3822.48,3832.64,3822.43,3830.79,140649.99
2025-10-23 03:15:00,3822.48,3832.64,3822.43,3830.79,140649.99
2025-10-23 03:15:00,3822.48,3832.64,3822.43,3830.79,140649.99
2025-10-23 03:30:00,3830.79,3833.5,3822.95,3823.63,131161.5
2025-10-23 03:30:00,3830.79,3833.5,3822.95,3823.63,131161.5
2025-10-23 03:30:00,3830.79,3833.5,3822.95,3823.63,131161.5
2025-10-23 03:30:00,3830.79,3833.5,3822.95,3823.63,131161.5
2025-10-23 03:30:00,3830.79,3833.5,3822.95,3823.63,131161.5
2025-10-23 03:30:00,3830.79,3833.5,3822.95,3823.63,131161.5
2025-10-23 03:30:00,3830.79,3833.5,3822.95,3823.63,131161.5
2025-10-23 03:30:00,3830.79,3833.5,3822.95,3823.63,131161.5
2025-10-23 03:30:00,3830.79,3833.5,3822.95,3823.63,131161.5
2025-10-23 03:30:00,3830.79,3833.5,3822.95,3823.63,131161.5
2025-10-23 03:30:00,3830.79,3833.5,3822.95,3823.63,131161.5
2025-10-23 03:30:00,3830.79,3833.5,3822.95,3823.63,131161.5
2025-10-23 03:30:00,3830.79,3833.5,3822.95,3823.63,131161.5
2025-10-23 03:30:00,3830.79,3833.5,3822.95,3823.63,131161.5
2025-10-23 03:30:00,3830.79,3833.5,3822.95,3823.63,131161.5
2025-10-23 03:30:00,3830.79,3833.5,3822.95,3823.63,131161.5
2025-10-23 03:30:00,3830.79,3833.5,3822.95,3823.63,131161.5
2025-10-23 03:30:00,3830.79,3833.5,3822.95,3823.63,131161.5
2025-10-23 03:30:00,3830.79,3833.5,3822.95,3823.63,131161.5
2025-10-23 03:30:00,3830.79,3833.5,3822.95,3823.63,131161.5
2025-10-23 03:30:00,3830.79,3833.5,3822.95,3823.63,131161.5
2025-10-23 03:30:00,3830.79,3833.5,3822.95,3823.63,131161.5
2025-10-23 03:30:00,3830.79,3833.5,3822.95,3823.63,131161.5
2025-10-23 03:30:00,3830.79,3833.5,3822.95,3823.63,131161.5
2025-10-23 03:30:00,3830.79,3833.5,3822.95,3823.63,131161.5
2025-10-23 03:30:00,3830.79,3833.5,3822.95,3823.63,131161.5
2025-10-23 03:30:00,3830.79,3833.5,3822.95,3823.63,131161.5
2025-10-23 03:30:00,3830.79,3833.5,3822.95,3823.63,131161.5
2025-10-23 03:30:00,3830.79,3833.5,3822.95,3823.63,131161.5
2025-10-23 03:30:00,3830.79,3833.5,3822.95,3823.63,131161.5
2025-10-23 03:30:00,3830.79,3833.5,3822.95,3823.63,131161.5
2025-10-23 03:30:00,3830.79,3833.5,3822.95,3823.63,131161.5
2025-10-23 03:30:00,3830.79,3833.5,3822.95,3823.63,131161.5
2025-10-23 03:30:00,3830.79,3833.5,3822.95,3823.63,131161.5
2025-10-23 03:30:00,3830.79,3833.5,3822.95,3823.63,131161.5
2025-10-23 03:30:00,3830.79,3833.5,3822.95,3823.63,131161.5
2025-10-23 03:30:00,3830.79,3833.5,3822.95,3823.63,131161.5
2025-10-23 03:30:00,3830.79,3833.5,3822.95,3823.63,131161.5
2025-10-23 03:30:00,3830.79,3833.5,3822.95,3823.63,131161.5
2025-10-23 03:30:00,3830.79,3833.5,3822.95,3823.63,131161.5
2025-10-23 03:30:00,3830.79,3833.5,3822.95,3823.63,131161.5
2025-10-23 03:30:00,3830.79,3833.5,3822.95,3823.63,131161.5
2025-10-23 03:30:00,3830.79,3833.5,3822.95,3823.63,131161.5
2025-10-23 03:30:00,3830.79,3833.5,3822.95,3823.63,131161.5
2025-10-23 03:30:00,3830.79,3833.5,3822.95,3823.63,131161.5
2025-10-23 03:30:00,3830.79,3833.5,3822.95,3823.63,131161.5
2025-10-23 03:30:00,3830.79,3833.5,3822.95,3823.63,131161.5
2025-10-23 03:30:00,3830.79,3833.5,3822.95,3823.63,131161.5
2025-10-23 03:30:00,3830.79,3833.5,3822.95,3823.63,131161.5
2025-10-23 03:30:00,3830.79,3833.5,3822.95,3823.63,131161.5
2025-10-23 03:30:00,3830.79,3833.5,3822.95,3823.63,131161.5
2025-10-23 03:30:00,3830.79,3833.5,3822.95,3823.63,131161.5
2025-10-23 03:30:00,3830.79,3833.5,3822.95,3823.63,131161.5
2025-10-23 03:45:00,3823.62,3827.43,3820.0,3824.89,95635.48
2025-10-23 03:45:00,3823.62,3827.43,3820.0,3824.89,95635.48
2025-10-23 03:45:00,3823.62,3827.43,3820.0,3824.89,95635.48
2025-10-23 03:45:00,3823.62,3827.43,3820.0,3824.89,95635.48
2025-10-23 03:45:00,3823.62,3827.43,3820.0,3824.89,95635.48
2025-10-23 03:45:00,3823.62,3827.43,3820.0,3824.89,95635.48
2025-10-23 03:45:00,3823.62,3827.43,3820.0,3824.89,95635.48
2025-10-23 03:45:00,3823.62,3827.43,3820.0,3824.89,95635.48
2025-10-23 03:45:00,3823.62,3827.43,3820.0,3824.89,95635.48
2025-10-23 03:45:00,3823.62,3827.43,3820.0,3824.89,95635.48
2025-10-23 03:45:00,3823.62,3827.43,3820.0,3824.89,95635.48
2025-10-23 03:45:00,3823.62,3827.43,3820.0,3824.89,95635.48
2025-10-23 03:45:00,3823.62,3827.43,3820.0,3824.89,95635.48
2025-10-23 03:45:00,3823.62,3827.43,3820.0,3824.89,95635.48
2025-10-23 03:45:00,3823.62,3827.43,3820.0,3824.89,95635.48
2025-10-23 03:45:00,3823.62,3827.43,3820.0,3824.89,95635.48
2025-10-23 03:45:00,3823.62,3827.43,3820.0,3824.89,95635.48
2025-10-23 03:45:00,3823.62,3827.43,3820.0,3824.89,95635.48
2025-10-23 03:45:00,3823.62,3827.43,3820.0,3824.89,95635.48
2025-10-23 03:45:00,3823.62,3827.43,3820.0,3824.89,95635.48
2025-10-23 03:45:00,3823.62,3827.43,3820.0,3824.89,95635.48
2025-10-23 03:45:00,3823.62,3827.43,3820.0,3824.89,95635.48
2025-10-23 03:45:00,3823.62,3827.43,3820.0,3824.89,95635.48
2025-10-23 03:45:00,3823.62,3827.43,3820.0,3824.89,95635.48
2025-10-23 03:45:00,3823.62,3827.43,3820.0,3824.89,95635.48
2025-10-23 03:45:00,3823.62,3827.43,3820.0,3824.89,95635.48
2025-10-23 03:45:00,3823.62,3827.43,3820.0,3824.89,95635.48
2025-10-23 03:45:00,3823.62,3827.43,3820.0,3824.89,95635.48
2025-10-23 03:45:00,3823.62,3827.43,3820.0,3824.89,95635.48
2025-10-23 03:45:00,3823.62,3827.43,3820.0,3824.89,95635.48
2025-10-23 03:45:00,3823.62,3827.43,3820.0,3824.89,95635.48
2025-10-23 03:45:00,3823.62,3827.43,3820.0,3824.89,95635.48
2025-10-23 03:45:00,3823.62,3827.43,3820.0,3824.89,95635.48
2025-10-23 03:45:00,3823.62,3827.43,3820.0,3824.89,95635.48
2025-10-23 03:45:00,3823.62,3827.43,3820.0,3824.89,95635.48
2025-10-23 03:45:00,3823.62,3827.43,3820.0,3824.89,95635.48
2025-10-23 03:45:00,3823.62,3827.43,3820.0,3824.89,95635.48
2025-10-23 03:45:00,3823.62,3827.43,3820.0,3824.89,95635.48
2025-10-23 03:45:00,3823.62,3827.43,3820.0,3824.89,95635.48
2025-10-23 03:45:00,3823.62,3827.43,3820.0,3824.89,95635.48
2025-10-23 03:45:00,3823.62,3827.43,3820.0,3824.89,95635.48
2025-10-23 03:45:00,3823.62,3827.43,3820.0,3824.89,95635.48
2025-10-23 03:45:00,3823.62,3827.43,3820.0,3824.89,95635.48
2025-10-23 03:45:00,3823.62,3827.43,3820.0,3824.89,95635.48
2025-10-23 03:45:00,3823.62,3827.43,3820.0,3824.89,95635.48
2025-10-23 03:45:00,3823.62,3827.43,3820.0,3824.89,95635.48
2025-10-23 03:45:00,3823.62,3827.43,3820.0,3824.89,95635.48
2025-10-23 03:45:00,3823.62,3827.43,3820.0,3824.89,95635.48
2025-10-23 03:45:00,3823.62,3827.43,3820.0,3824.89,95635.48
2025-10-23 03:45:00,3823.62,3827.43,3820.0,3824.89,95635.48
2025-10-23 03:45:00,3823.62,3827.43,3820.0,3824.89,95635.48
2025-10-23 03:45:00,3823.62,3827.43,3820.0,3824.89,95635.48
2025-10-23 03:45:00,3823.62,3827.43,3820.0,3824.89,95635.48
2025-10-23 04:00:00,3824.89,3831.86,3820.54,3821.15,107923.08
2025-10-23 04:00:00,3824.89,3831.86,3820.54,3821.15,107923.08
2025-10-23 04:00:00,3824.89,3831.86,3820.54,3821.15,107923.08
2025-10-23 04:00:00,3824.89,3831.86,3820.54,3821.15,107923.08
2025-10-23 04:00:00,3824.89,3831.86,3820.54,3821.15,107923.08
2025-10-23 04:00:00,3824.89,3831.86,3820.54,3821.15,107923.08
2025-10-23 04:00:00,3824.89,3831.86,3820.54,3821.15,107923.08
2025-10-23 04:00:00,3824.89,3831.86,3820.54,3821.15,107923.08
2025-10-23 04:00:00,3824.89,3831.86,3820.54,3821.15,107923.08
2025-10-23 04:00:00,3824.89,3831.86,3820.54,3821.15,107923.08
2025-10-23 04:00:00,3824.89,3831.86,3820.54,3821.15,107923.08
2025-10-23 04:00:00,3824.89,3831.86,3820.54,3821.15,107923.08
2025-10-23 04:00:00,3824.89,3831.86,3820.54,3821.15,107923.08
2025-10-23 04:00:00,3824.89,3831.86,3820.54,3821.15,107923.08
2025-10-23 04:00:00,3824.89,3831.86,3820.54,3821.15,107923.08
2025-10-23 04:00:00,3824.89,3831.86,3820.54,3821.15,107923.08
2025-10-23 04:00:00,3824.89,3831.86,3820.54,3821.15,107923.08
2025-10-23 04:00:00,3824.89,3831.86,3820.54,3821.15,107923.08
2025-10-23 04:00:00,3824.89,3831.86,3820.54,3821.15,107923.08
2025-10-23 04:00:00,3824.89,3831.86,3820.54,3821.15,107923.08
2025-10-23 04:00:00,3824.89,3831.86,3820.54,3821.15,107923.08
2025-10-23 04:00:00,3824.89,3831.86,3820.54,3821.15,107923.08
2025-10-23 04:00:00,3824.89,3831.86,3820.54,3821.15,107923.08
2025-10-23 04:00:00,3824.89,3831.86,3820.54,3821.15,107923.08
2025-10-23 04:00:00,3824.89,3831.86,3820.54,3821.15,107923.08
2025-10-23 04:00:00,3824.89,3831.86,3820.54,3821.15,107923.08
2025-10-23 04:00:00,3824.89,3831.86,3820.54,3821.15,107923.08
2025-10-23 04:00:00,3824.89,3831.86,3820.54,3821.15,107923.08
2025-10-23 04:00:00,3824.89,3831.86,3820.54,3821.15,107923.08
2025-10-23 04:00:00,3824.89,3831.86,3820.54,3821.15,107923.08
2025-10-23 04:00:00,3824.89,3831.86,3820.54,3821.15,107923.08
2025-10-23 04:00:00,3824.89,3831.86,3820.54,3821.15,107923.08
2025-10-23 04:00:00,3824.89,3831.86,3820.54,3821.15,107923.08
2025-10-23 04:00:00,3824.89,3831.86,3820.54,3821.15,107923.08
2025-10-23 04:00:00,3824.89,3831.86,3820.54,3821.15,107923.08
2025-10-23 04:00:00,3824.89,3831.86,3820.54,3821.15,107923.08
2025-10-23 04:00:00,3824.89,3831.86,3820.54,3821.15,107923.08
2025-10-23 04:00:00,3824.89,3831.86,3820.54,3821.15,107923.08
2025-10-23 04:00:00,3824.89,3831.86,3820.54,3821.15,107923.08
2025-10-23 04:00:00,3824.89,3831.86,3820.54,3821.15,107923.08
2025-10-23 04:00:00,3824.89,3831.86,3820.54,3821.15,107923.08
2025-10-23 04:00:00,3824.89,3831.86,3820.54,3821.15,107923.08
2025-10-23 04:00:00,3824.89,3831.86,3820.54,3821.15,107923.08
2025-10-23 04:00:00,3824.89,3831.86,3820.54,3821.15,107923.08
2025-10-23 04:00:00,3824.89,3831.86,3820.54,3821.15,107923.08
2025-10-23 04:00:00,3824.89,3831.86,3820.54,3821.15,107923.08
2025-10-23 04:00:00,3824.89,3831.86,3820.54,3821.15,107923.08
2025-10-23 04:00:00,3824.89,3831.86,3820.54,3821.15,107923.08
2025-10-23 04:00:00,3824.89,3831.86,3820.54,3821.15,107923.08
2025-10-23 04:00:00,3824.89,3831.86,3820.54,3821.15,107923.08
2025-10-23 04:00:00,3824.89,3831.86,3820.54,3821.15,107923.08
2025-10-23 04:00:00,3824.89,3831.86,3820.54,3821.15,107923.08
2025-10-23 04:00:00,3824.89,3831.86,3820.54,3821.15,107923.08
2025-10-23 04:15:00,3821.15,3832.71,3820.72,3828.55,117023.28
2025-10-23 04:15:00,3821.15,3832.71,3820.72,3828.55,117023.28
2025-10-23 04:15:00,3821.15,3832.71,3820.72,3828.55,117023.28
2025-10-23 04:15:00,3821.15,3832.71,3820.72,3828.55,117023.28
2025-10-23 04:15:00,3821.15,3832.71,3820.72,3828.55,117023.28
2025-10-23 04:15:00,3821.15,3832.71,3820.72,3828.55,117023.28
2025-10-23 04:15:00,3821.15,3832.71,3820.72,3828.55,117023.28
2025-10-23 04:15:00,3821.15,3832.71,3820.72,3828.55,117023.28
2025-10-23 04:15:00,3821.15,3832.71,3820.72,3828.55,117023.28
2025-10-23 04:15:00,3821.15,3832.71,3820.72,3828.55,117023.28
2025-10-23 04:15:00,3821.15,3832.71,3820.72,3828.55,117023.28
2025-10-23 04:15:00,3821.15,3832.71,3820.72,3828.55,117023.28
2025-10-23 04:15:00,3821.15,3832.71,3820.72,3828.55,117023.28
2025-10-23 04:15:00,3821.15,3832.71,3820.72,3828.55,117023.28
2025-10-23 04:15:00,3821.15,3832.71,3820.72,3828.55,117023.28
2025-10-23 04:15:00,3821.15,3832.71,3820.72,3828.55,117023.28
2025-10-23 04:15:00,3821.15,3832.71,3820.72,3828.55,117023.28
2025-10-23 04:15:00,3821.15,3832.71,3820.72,3828.55,117023.28
2025-10-23 04:15:00,3821.15,3832.71,3820.72,3828.55,117023.28
2025-10-23 04:15:00,3821.15,3832.71,3820.72,3828.55,117023.28
2025-10-23 04:15:00,3821.15,3832.71,3820.72,3828.55,117023.28
2025-10-23 04:15:00,3821.15,3832.71,3820.72,3828.55,117023.28
2025-10-23 04:15:00,3821.15,3832.71,3820.72,3828.55,117023.28
2025-10-23 04:15:00,3821.15,3832.71,3820.72,3828.55,117023.28
2025-10-23 04:15:00,3821.15,3832.71,3820.72,3828.55,117023.28
2025-10-23 04:15:00,3821.15,3832.71,3820.72,3828.55,117023.28
2025-10-23 04:15:00,3821.15,3832.71,3820.72,3828.55,117023.28
2025-10-23 04:15:00,3821.15,3832.71,3820.72,3828.55,117023.28
2025-10-23 04:15:00,3821.15,3832.71,3820.72,3828.55,117023.28
2025-10-23 04:15:00,3821.15,3832.71,3820.72,3828.55,117023.28
2025-10-23 04:15:00,3821.15,3832.71,3820.72,3828.55,117023.28
2025-10-23 04:15:00,3821.15,3832.71,3820.72,3828.55,117023.28
2025-10-23 04:15:00,3821.15,3832.71,3820.72,3828.55,117023.28
2025-10-23 04:15:00,3821.15,3832.71,3820.72,3828.55,117023.28
2025-10-23 04:15:00,3821.15,3832.71,3820.72,3828.55,117023.28
2025-10-23 04:15:00,3821.15,3832.71,3820.72,3828.55,117023.28
2025-10-23 04:15:00,3821.15,3832.71,3820.72,3828.55,117023.28
2025-10-23 04:15:00,3821.15,3832.71,3820.72,3828.55,117023.28
2025-10-23 04:15:00,3821.15,3832.71,3820.72,3828.55,117023.28
2025-10-23 04:15:00,3821.15,3832.71,3820.72,3828.55,117023.28
2025-10-23 04:15:00,3821.15,3832.71,3820.72,3828.55,117023.28
2025-10-23 04:15:00,3821.15,3832.71,3820.72,3828.55,117023.28
2025-10-23 04:15:00,3821.15,3832.71,3820.72,3828.55,117023.28
2025-10-23 04:15:00,3821.15,3832.71,3820.72,3828.55,117023.28
2025-10-23 04:15:00,3821.15,3832.71,3820.72,3828.55,117023.28
2025-10-23 04:15:00,3821.15,3832.71,3820.72,3828.55,117023.28
2025-10-23 04:15:00,3821.15,3832.71,3820.72,3828.55,117023.28
2025-10-23 04:15:00,3821.15,3832.71,3820.72,3828.55,117023.28
2025-10-23 04:15:00,3821.15,3832.71,3820.72,3828.55,117023.28
2025-10-23 04:15:00,3821.15,3832.71,3820.72,3828.55,117023.28
2025-10-23 04:15:00,3821.15,3832.71,3820.72,3828.55,117023.28
2025-10-23 04:15:00,3821.15,3832.71,3820.72,3828.55,117023.28
2025-10-23 04:15:00,3821.15,3832.71,3820.72,3828.55,117023.28
2025-10-23 04:30:00,3828.55,3847.0,3823.0,3843.11,315625.64
2025-10-23 04:30:00,3828.55,3847.0,3823.0,3843.11,315625.64
2025-10-23 04:30:00,3828.55,3847.0,3823.0,3843.11,315625.64
2025-10-23 04:30:00,3828.55,3847.0,3823.0,3843.11,315625.64
2025-10-23 04:30:00,3828.55,3847.0,3823.0,3843.11,315625.64
2025-10-23 04:30:00,3828.55,3847.0,3823.0,3843.11,315625.64
2025-10-23 04:30:00,3828.55,3847.0,3823.0,3843.11,315625.64
2025-10-23 04:30:00,3828.55,3847.0,3823.0,3843.11,315625.64
2025-10-23 04:30:00,3828.55,3847.0,3823.0,3843.11,315625.64
2025-10-23 04:30:00,3828.55,3847.0,3823.0,3843.11,315625.64
2025-10-23 04:30:00,3828.55,3847.0,3823.0,3843.11,315625.64
2025-10-23 04:30:00,3828.55,3847.0,3823.0,3843.11,315625.64
2025-10-23 04:30:00,3828.55,3847.0,3823.0,3843.11,315625.64
2025-10-23 04:30:00,3828.55,3847.0,3823.0,3843.11,315625.64
2025-10-23 04:30:00,3828.55,3847.0,3823.0,3843.11,315625.64
2025-10-23 04:30:00,3828.55,3847.0,3823.0,3843.11,315625.64
2025-10-23 04:30:00,3828.55,3847.0,3823.0,3843.11,315625.64
2025-10-23 04:30:00,3828.55,3847.0,3823.0,3843.11,315625.64
2025-10-23 04:30:00,3828.55,3847.0,3823.0,3843.11,315625.64
2025-10-23 04:30:00,3828.55,3847.0,3823.0,3843.11,315625.64
2025-10-23 04:30:00,3828.55,3847.0,3823.0,3843.11,315625.64
2025-10-23 04:30:00,3828.55,3847.0,3823.0,3843.11,315625.64
2025-10-23 04:30:00,3828.55,3847.0,3823.0,3843.11,315625.64
2025-10-23 04:30:00,3828.55,3847.0,3823.0,3843.11,315625.64
2025-10-23 04:30:00,3828.55,3847.0,3823.0,3843.11,315625.64
2025-10-23 04:30:00,3828.55,3847.0,3823.0,3843.11,315625.64
2025-10-23 04:30:00,3828.55,3847.0,3823.0,3843.11,315625.64
2025-10-23 04:30:00,3828.55,3847.0,3823.0,3843.11,315625.64
2025-10-23 04:30:00,3828.55,3847.0,3823.0,3843.11,315625.64
2025-10-23 04:30:00,3828.55,3847.0,3823.0,3843.11,315625.64
2025-10-23 04:30:00,3828.55,3847.0,3823.0,3843.11,315625.64
2025-10-23 04:30:00,3828.55,3847.0,3823.0,3843.11,315625.64
2025-10-23 04:30:00,3828.55,3847.0,3823.0,3843.11,315625.64
2025-10-23 04:30:00,3828.55,3847.0,3823.0,3843.11,315625.64
2025-10-23 04:30:00,3828.55,3847.0,3823.0,3843.11,315625.64
2025-10-23 04:30:00,3828.55,3847.0,3823.0,3843.11,315625.64
2025-10-23 04:30:00,3828.55,3847.0,3823.0,3843.11,315625.64
2025-10-23 04:30:00,3828.55,3847.0,3823.0,3843.11,315625.64
2025-10-23 04:30:00,3828.55,3847.0,3823.0,3843.11,315625.64
2025-10-23 04:30:00,3828.55,3847.0,3823.0,3843.11,315625.64
2025-10-23 04:30:00,3828.55,3847.0,3823.0,3843.11,315625.64
2025-10-23 04:30:00,3828.55,3847.0,3823.0,3843.11,315625.64
2025-10-23 04:30:00,3828.55,3847.0,3823.0,3843.11,315625.64
2025-10-23 04:30:00,3828.55,3847.0,3823.0,3843.11,315625.64
2025-10-23 04:30:00,3828.55,3847.0,3823.0,3843.11,315625.64
2025-10-23 04:30:00,3828.55,3847.0,3823.0,3843.11,315625.64
2025-10-23 04:30:00,3828.55,3847.0,3823.0,3843.11,315625.64
2025-10-23 04:30:00,3828.55,3847.0,3823.0,3843.11,315625.64
2025-10-23 04:30:00,3828.55,3847.0,3823.0,3843.11,315625.64
2025-10-23 04:30:00,3828.55,3847.0,3823.0,3843.11,315625.64
2025-10-23 04:30:00,3828.55,3847.0,3823.0,3843.11,315625.64
2025-10-23 04:30:00,3828.55,3847.0,3823.0,3843.11,315625.64
2025-10-23 04:30:00,3828.55,3847.0,3823.0,3843.11,315625.64
2025-10-23 04:45:00,3843.11,3844.49,3833.17,3833.69,153842.36
2025-10-23 04:45:00,3843.11,3844.49,3833.17,3833.69,153842.36
2025-10-23 04:45:00,3843.11,3844.49,3833.17,3833.69,153842.36
2025-10-23 04:45:00,3843.11,3844.49,3833.17,3833.69,153842.36
2025-10-23 04:45:00,3843.11,3844.49,3833.17,3833.69,153842.36
2025-10-23 04:45:00,3843.11,3844.49,3833.17,3833.69,153842.36
2025-10-23 04:45:00,3843.11,3844.49,3833.17,3833.69,153842.36
2025-10-23 04:45:00,3843.11,3844.49,3833.17,3833.69,153842.36
2025-10-23 04:45:00,3843.11,3844.49,3833.17,3833.69,153842.36
2025-10-23 04:45:00,3843.11,3844.49,3833.17,3833.69,153842.36
2025-10-23 04:45:00,3843.11,3844.49,3833.17,3833.69,153842.36
2025-10-23 04:45:00,3843.11,3844.49,3833.17,3833.69,153842.36
2025-10-23 04:45:00,3843.11,3844.49,3833.17,3833.69,153842.36
2025-10-23 04:45:00,3843.11,3844.49,3833.17,3833.69,153842.36
2025-10-23 04:45:00,3843.11,3844.49,3833.17,3833.69,153842.36
2025-10-23 04:45:00,3843.11,3844.49,3833.17,3833.69,153842.36
2025-10-23 04:45:00,3843.11,3844.49,3833.17,3833.69,153842.36
2025-10-23 04:45:00,3843.11,3844.49,3833.17,3833.69,153842.36
2025-10-23 04:45:00,3843.11,3844.49,3833.17,3833.69,153842.36
2025-10-23 04:45:00,3843.11,3844.49,3833.17,3833.69,153842.36
2025-10-23 04:45:00,3843.11,3844.49,3833.17,3833.69,153842.36
2025-10-23 04:45:00,3843.11,3844.49,3833.17,3833.69,153842.36
2025-10-23 04:45:00,3843.11,3844.49,3833.17,3833.69,153842.36
2025-10-23 04:45:00,3843.11,3844.49,3833.17,3833.69,153842.36
2025-10-23 04:45:00,3843.11,3844.49,3833.17,3833.69,153842.36
2025-10-23 04:45:00,3843.11,3844.49,3833.17,3833.69,153842.36
2025-10-23 04:45:00,3843.11,3844.49,3833.17,3833.69,153842.36
2025-10-23 04:45:00,3843.11,3844.49,3833.17,3833.69,153842.36
2025-10-23 04:45:00,3843.11,3844.49,3833.17,3833.69,153842.36
2025-10-23 04:45:00,3843.11,3844.49,3833.17,3833.69,153842.36
2025-10-23 04:45:00,3843.11,3844.49,3833.17,3833.69,153842.36
2025-10-23 04:45:00,3843.11,3844.49,3833.17,3833.69,153842.36
2025-10-23 04:45:00,3843.11,3844.49,3833.17,3833.69,153842.36
2025-10-23 04:45:00,3843.11,3844.49,3833.17,3833.69,153842.36
2025-10-23 04:45:00,3843.11,3844.49,3833.17,3833.69,153842.36
2025-10-23 04:45:00,3843.11,3844.49,3833.17,3833.69,153842.36
2025-10-23 04:45:00,3843.11,3844.49,3833.17,3833.69,153842.36
2025-10-23 04:45:00,3843.11,3844.49,3833.17,3833.69,153842.36
2025-10-23 04:45:00,3843.11,3844.49,3833.17,3833.69,153842.36
2025-10-23 04:45:00,3843.11,3844.49,3833.17,3833.69,153842.36
2025-10-23 04:45:00,3843.11,3844.49,3833.17,3833.69,153842.36
2025-10-23 04:45:00,3843.11,3844.49,3833.17,3833.69,153842.36
2025-10-23 04:45:00,3843.11,3844.49,3833.17,3833.69,153842.36
2025-10-23 04:45:00,3843.11,3844.49,3833.17,3833.69,153842.36
2025-10-23 04:45:00,3843.11,3844.49,3833.17,3833.69,153842.36
2025-10-23 04:45:00,3843.11,3844.49,3833.17,3833.69,153842.36
2025-10-23 04:45:00,3843.11,3844.49,3833.17,3833.69,153842.36
2025-10-23 04:45:00,3843.11,3844.49,3833.17,3833.69,153842.36
2025-10-23 04:45:00,3843.11,3844.49,3833.17,3833.69,153842.36
2025-10-23 04:45:00,3843.11,3844.49,3833.17,3833.69,153842.36
2025-10-23 04:45:00,3843.11,3844.49,3833.17,3833.69,153842.36
2025-10-23 04:45:00,3843.11,3844.49,3833.17,3833.69,153842.36
2025-10-23 04:45:00,3843.11,3844.49,3833.17,3833.69,153842.36
2025-10-23 05:00:00,3833.7,3841.86,3832.67,3840.24,150549.66
2025-10-23 05:00:00,3833.7,3841.86,3832.67,3840.24,150549.66
2025-10-23 05:00:00,3833.7,3841.86,3832.67,3840.24,150549.66
2025-10-23 05:00:00,3833.7,3841.86,3832.67,3840.24,150549.66
2025-10-23 05:00:00,3833.7,3841.86,3832.67,3840.24,150549.66
2025-10-23 05:00:00,3833.7,3841.86,3832.67,3840.24,150549.66
2025-10-23 05:00:00,3833.7,3841.86,3832.67,3840.24,150549.66
2025-10-23 05:00:00,3833.7,3841.86,3832.67,3840.24,150549.66
2025-10-23 05:00:00,3833.7,3841.86,3832.67,3840.24,150549.66
2025-10-23 05:00:00,3833.7,3841.86,3832.67,3840.24,150549.66
2025-10-23 05:00:00,3833.7,3841.86,3832.67,3840.24,150549.66
2025-10-23 05:00:00,3833.7,3841.86,3832.67,3840.24,150549.66
2025-10-23 05:00:00,3833.7,3841.86,3832.67,3840.24,150549.66
2025-10-23 05:00:00,3833.7,3841.86,3832.67,3840.24,150549.66
2025-10-23 05:00:00,3833.7,3841.86,3832.67,3840.24,150549.66
2025-10-23 05:00:00,3833.7,3841.86,3832.67,3840.24,150549.66
2025-10-23 05:00:00,3833.7,3841.86,3832.67,3840.24,150549.66
2025-10-23 05:00:00,3833.7,3841.86,3832.67,3840.24,150549.66
2025-10-23 05:00:00,3833.7,3841.86,3832.67,3840.24,150549.66
2025-10-23 05:00:00,3833.7,3841.86,3832.67,3840.24,150549.66
2025-10-23 05:00:00,3833.7,3841.86,3832.67,3840.24,150549.66
2025-10-23 05:00:00,3833.7,3841.86,3832.67,3840.24,150549.66
2025-10-23 05:00:00,3833.7,3841.86,3832.67,3840.24,150549.66
2025-10-23 05:00:00,3833.7,3841.86,3832.67,3840.24,150549.66
2025-10-23 05:00:00,3833.7,3841.86,3832.67,3840.24,150549.66
2025-10-23 05:00:00,3833.7,3841.86,3832.67,3840.24,150549.66
2025-10-23 05:00:00,3833.7,3841.86,3832.67,3840.24,150549.66
2025-10-23 05:00:00,3833.7,3841.86,3832.67,3840.24,150549.66
2025-10-23 05:00:00,3833.7,3841.86,3832.67,3840.24,150549.66
2025-10-23 05:00:00,3833.7,3841.86,3832.67,3840.24,150549.66
2025-10-23 05:00:00,3833.7,3841.86,3832.67,3840.24,150549.66
2025-10-23 05:00:00,3833.7,3841.86,3832.67,3840.24,150549.66
2025-10-23 05:00:00,3833.7,3841.86,3832.67,3840.24,150549.66
2025-10-23 05:00:00,3833.7,3841.86,3832.67,3840.24,150549.66
2025-10-23 05:00:00,3833.7,3841.86,3832.67,3840.24,150549.66
2025-10-23 05:00:00,3833.7,3841.86,3832.67,3840.24,150549.66
2025-10-23 05:00:00,3833.7,3841.86,3832.67,3840.24,150549.66
2025-10-23 05:00:00,3833.7,3841.86,3832.67,3840.24,150549.66
2025-10-23 05:00:00,3833.7,3841.86,3832.67,3840.24,150549.66
2025-10-23 05:00:00,3833.7,3841.86,3832.67,3840.24,150549.66
2025-10-23 05:00:00,3833.7,3841.86,3832.67,3840.24,150549.66
2025-10-23 05:00:00,3833.7,3841.86,3832.67,3840.24,150549.66
2025-10-23 05:00:00,3833.7,3841.86,3832.67,3840.24,150549.66
2025-10-23 05:00:00,3833.7,3841.86,3832.67,3840.24,150549.66
2025-10-23 05:00:00,3833.7,3841.86,3832.67,3840.24,150549.66
2025-10-23 05:00:00,3833.7,3841.86,3832.67,3840.24,150549.66
2025-10-23 05:00:00,3833.7,3841.86,3832.67,3840.24,150549.66
2025-10-23 05:00:00,3833.7,3841.86,3832.67,3840.24,150549.66
2025-10-23 05:00:00,3833.7,3841.86,3832.67,3840.24,150549.66
2025-10-23 05:00:00,3833.7,3841.86,3832.67,3840.24,150549.66
2025-10-23 05:00:00,3833.7,3841.86,3832.67,3840.24,150549.66
2025-10-23 05:00:00,3833.7,3841.86,3832.67,3840.24,150549.66
2025-10-23 05:00:00,3833.7,3841.86,3832.67,3840.24,150549.66
2025-10-23 05:15:00,3840.24,3841.8,3836.42,3839.26,106142.98
2025-10-23 05:15:00,3840.24,3841.8,3836.42,3839.26,106142.98
2025-10-23 05:15:00,3840.24,3841.8,3836.42,3839.26,106142.98
2025-10-23 05:15:00,3840.24,3841.8,3836.42,3839.26,106142.98
2025-10-23 05:15:00,3840.24,3841.8,3836.42,3839.26,106142.98
2025-10-23 05:15:00,3840.24,3841.8,3836.42,3839.26,106142.98
2025-10-23 05:15:00,3840.24,3841.8,3836.42,3839.26,106142.98
2025-10-23 05:15:00,3840.24,3841.8,3836.42,3839.26,106142.98
2025-10-23 05:15:00,3840.24,3841.8,3836.42,3839.26,106142.98
2025-10-23 05:15:00,3840.24,3841.8,3836.42,3839.26,106142.98
2025-10-23 05:15:00,3840.24,3841.8,3836.42,3839.26,106142.98
2025-10-23 05:15:00,3840.24,3841.8,3836.42,3839.26,106142.98
2025-10-23 05:15:00,3840.24,3841.8,3836.42,3839.26,106142.98
2025-10-23 05:15:00,3840.24,3841.8,3836.42,3839.26,106142.98
2025-10-23 05:15:00,3840.24,3841.8,3836.42,3839.26,106142.98
2025-10-23 05:15:00,3840.24,3841.8,3836.42,3839.26,106142.98
2025-10-23 05:15:00,3840.24,3841.8,3836.42,3839.26,106142.98
2025-10-23 05:15:00,3840.24,3841.8,3836.42,3839.26,106142.98
2025-10-23 05:15:00,3840.24,3841.8,3836.42,3839.26,106142.98
2025-10-23 05:15:00,3840.24,3841.8,3836.42,3839.26,106142.98
2025-10-23 05:15:00,3840.24,3841.8,3836.42,3839.26,106142.98
2025-10-23 05:15:00,3840.24,3841.8,3836.42,3839.26,106142.98
2025-10-23 05:15:00,3840.24,3841.8,3836.42,3839.26,106142.98
2025-10-23 05:15:00,3840.24,3841.8,3836.42,3839.26,106142.98
2025-10-23 05:15:00,3840.24,3841.8,3836.42,3839.26,106142.98
2025-10-23 05:15:00,3840.24,3841.8,3836.42,3839.26,106142.98
2025-10-23 05:15:00,3840.24,3841.8,3836.42,3839.26,106142.98
2025-10-23 05:15:00,3840.24,3841.8,3836.42,3839.26,106142.98
2025-10-23 05:15:00,3840.24,3841.8,3836.42,3839.26,106142.98
2025-10-23 05:15:00,3840.24,3841.8,3836.42,3839.26,106142.98
2025-10-23 05:15:00,3840.24,3841.8,3836.42,3839.26,106142.98
2025-10-23 05:15:00,3840.24,3841.8,3836.42,3839.26,106142.98
2025-10-23 05:15:00,3840.24,3841.8,3836.42,3839.26,106142.98
2025-10-23 05:15:00,3840.24,3841.8,3836.42,3839.26,106142.98
2025-10-23 05:15:00,3840.24,3841.8,3836.42,3839.26,106142.98
2025-10-23 05:15:00,3840.24,3841.8,3836.42,3839.26,106142.98
2025-10-23 05:15:00,3840.24,3841.8,3836.42,3839.26,106142.98
2025-10-23 05:15:00,3840.24,3841.8,3836.42,3839.26,106142.98
2025-10-23 05:15:00,3840.24,3841.8,3836.42,3839.26,106142.98
2025-10-23 05:15:00,3840.24,3841.8,3836.42,3839.26,106142.98
2025-10-23 05:15:00,3840.24,3841.8,3836.42,3839.26,106142.98
2025-10-23 05:15:00,3840.24,3841.8,3836.42,3839.26,106142.98
2025-10-23 05:15:00,3840.24,3841.8,3836.42,3839.26,106142.98
2025-10-23 05:15:00,3840.24,3841.8,3836.42,3839.26,106142.98
2025-10-23 05:15:00,3840.24,3841.8,3836.42,3839.26,106142.98
2025-10-23 05:15:00,3840.24,3841.8,3836.42,3839.26,106142.98
2025-10-23 05:15:00,3840.24,3841.8,3836.42,3839.26,106142.98
2025-10-23 05:15:00,3840.24,3841.8,3836.42,3839.26,106142.98
2025-10-23 05:15:00,3840.24,3841.8,3836.42,3839.26,106142.98
2025-10-23 05:15:00,3840.24,3841.8,3836.42,3839.26,106142.98
2025-10-23 05:15:00,3840.24,3841.8,3836.42,3839.26,106142.98
2025-10-23 05:15:00,3840.24,3841.8,3836.42,3839.26,106142.98
2025-10-23 05:15:00,3840.24,3841.8,3836.42,3839.26,106142.98
2025-10-23 05:30:00,3839.26,3840.0,3835.0,3835.01,80827.17
2025-10-23 05:30:00,3839.26,3840.0,3835.0,3835.01,80827.17
2025-10-23 05:30:00,3839.26,3840.0,3835.0,3835.01,80827.17
2025-10-23 05:30:00,3839.26,3840.0,3835.0,3835.01,80827.17
2025-10-23 05:30:00,3839.26,3840.0,3835.0,3835.01,80827.17
2025-10-23 05:30:00,3839.26,3840.0,3835.0,3835.01,80827.17
2025-10-23 05:30:00,3839.26,3840.0,3835.0,3835.01,80827.17
2025-10-23 05:30:00,3839.26,3840.0,3835.0,3835.01,80827.17
2025-10-23 05:30:00,3839.26,3840.0,3835.0,3835.01,80827.17
2025-10-23 05:30:00,3839.26,3840.0,3835.0,3835.01,80827.17
2025-10-23 05:30:00,3839.26,3840.0,3835.0,3835.01,80827.17
2025-10-23 05:30:00,3839.26,3840.0,3835.0,3835.01,80827.17
2025-10-23 05:30:00,3839.26,3840.0,3835.0,3835.01,80827.17
2025-10-23 05:30:00,3839.26,3840.0,3835.0,3835.01,80827.17
2025-10-23 05:30:00,3839.26,3840.0,3835.0,3835.01,80827.17
2025-10-23 05:30:00,3839.26,3840.0,3835.0,3835.01,80827.17
2025-10-23 05:30:00,3839.26,3840.0,3835.0,3835.01,80827.17
2025-10-23 05:30:00,3839.26,3840.0,3835.0,3835.01,80827.17
2025-10-23 05:30:00,3839.26,3840.0,3835.0,3835.01,80827.17
2025-10-23 05:30:00,3839.26,3840.0,3835.0,3835.01,80827.17
2025-10-23 05:30:00,3839.26,3840.0,3835.0,3835.01,80827.17
2025-10-23 05:30:00,3839.26,3840.0,3835.0,3835.01,80827.17
2025-10-23 05:30:00,3839.26,3840.0,3835.0,3835.01,80827.17
2025-10-23 05:30:00,3839.26,3840.0,3835.0,3835.01,80827.17
2025-10-23 05:30:00,3839.26,3840.0,3835.0,3835.01,80827.17
2025-10-23 05:30:00,3839.26,3840.0,3835.0,3835.01,80827.17
2025-10-23 05:30:00,3839.26,3840.0,3835.0,3835.01,80827.17
2025-10-23 05:30:00,3839.26,3840.0,3835.0,3835.01,80827.17
2025-10-23 05:30:00,3839.26,3840.0,3835.0,3835.01,80827.17
2025-10-23 05:30:00,3839.26,3840.0,3835.0,3835.01,80827.17
2025-10-23 05:30:00,3839.26,3840.0,3835.0,3835.01,80827.17
2025-10-23 05:30:00,3839.26,3840.0,3835.0,3835.01,80827.17
2025-10-23 05:30:00,3839.26,3840.0,3835.0,3835.01,80827.17
2025-10-23 05:30:00,3839.26,3840.0,3835.0,3835.01,80827.17
2025-10-23 05:30:00,3839.26,3840.0,3835.0,3835.01,80827.17
2025-10-23 05:30:00,3839.26,3840.0,3835.0,3835.01,80827.17
2025-10-23 05:30:00,3839.26,3840.0,3835.0,3835.01,80827.17
2025-10-23 05:30:00,3839.26,3840.0,3835.0,3835.01,80827.17
2025-10-23 05:30:00,3839.26,3840.0,3835.0,3835.01,80827.17
2025-10-23 05:30:00,3839.26,3840.0,3835.0,3835.01,80827.17
2025-10-23 05:30:00,3839.26,3840.0,3835.0,3835.01,80827.17
2025-10-23 05:30:00,3839.26,3840.0,3835.0,3835.01,80827.17
2025-10-23 05:30:00,3839.26,3840.0,3835.0,3835.01,80827.17
2025-10-23 05:30:00,3839.26,3840.0,3835.0,3835.01,80827.17
2025-10-23 05:30:00,3839.26,3840.0,3835.0,3835.01,80827.17
2025-10-23 05:30:00,3839.26,3840.0,3835.0,3835.01,80827.17
2025-10-23 05:30:00,3839.26,3840.0,3835.0,3835.01,80827.17
2025-10-23 05:30:00,3839.26,3840.0,3835.0,3835.01,80827.17
2025-10-23 05:30:00,3839.26,3840.0,3835.0,3835.01,80827.17
2025-10-23 05:30:00,3839.26,3840.0,3835.0,3835.01,80827.17
2025-10-23 05:30:00,3839.26,3840.0,3835.0,3835.01,80827.17
2025-10-23 05:30:00,3839.26,3840.0,3835.0,3835.01,80827.17
2025-10-23 05:30:00,3839.26,3840.0,3835.0,3835.01,80827.17
2025-10-23 05:45:00,3835.01,3848.19,3834.0,3846.0,205088.22
2025-10-23 05:45:00,3835.01,3848.19,3834.0,3846.0,205088.22
2025-10-23 05:45:00,3835.01,3848.19,3834.0,3846.0,205088.22
2025-10-23 05:45:00,3835.01,3848.19,3834.0,3846.0,205088.22
2025-10-23 05:45:00,3835.01,3848.19,3834.0,3846.0,205088.22
2025-10-23 05:45:00,3835.01,3848.19,3834.0,3846.0,205088.22
2025-10-23 05:45:00,3835.01,3848.19,3834.0,3846.0,205088.22
2025-10-23 05:45:00,3835.01,3848.19,3834.0,3846.0,205088.22
2025-10-23 05:45:00,3835.01,3848.19,3834.0,3846.0,205088.22
2025-10-23 05:45:00,3835.01,3848.19,3834.0,3846.0,205088.22
2025-10-23 05:45:00,3835.01,3848.19,3834.0,3846.0,205088.22
2025-10-23 05:45:00,3835.01,3848.19,3834.0,3846.0,205088.22
2025-10-23 05:45:00,3835.01,3848.19,3834.0,3846.0,205088.22
2025-10-23 05:45:00,3835.01,3848.19,3834.0,3846.0,205088.22
2025-10-23 05:45:00,3835.01,3848.19,3834.0,3846.0,205088.22
2025-10-23 05:45:00,3835.01,3848.19,3834.0,3846.0,205088.22
2025-10-23 05:45:00,3835.01,3848.19,3834.0,3846.0,205088.22
2025-10-23 05:45:00,3835.01,3848.19,3834.0,3846.0,205088.22
2025-10-23 05:45:00,3835.01,3848.19,3834.0,3846.0,205088.22
2025-10-23 05:45:00,3835.01,3848.19,3834.0,3846.0,205088.22
2025-10-23 05:45:00,3835.01,3848.19,3834.0,3846.0,205088.22
2025-10-23 05:45:00,3835.01,3848.19,3834.0,3846.0,205088.22
2025-10-23 05:45:00,3835.01,3848.19,3834.0,3846.0,205088.22
2025-10-23 05:45:00,3835.01,3848.19,3834.0,3846.0,205088.22
2025-10-23 05:45:00,3835.01,3848.19,3834.0,3846.0,205088.22
2025-10-23 05:45:00,3835.01,3848.19,3834.0,3846.0,205088.22
2025-10-23 05:45:00,3835.01,3848.19,3834.0,3846.0,205088.22
2025-10-23 05:45:00,3835.01,3848.19,3834.0,3846.0,205088.22
2025-10-23 05:45:00,3835.01,3848.19,3834.0,3846.0,205088.22
2025-10-23 05:45:00,3835.01,3848.19,3834.0,3846.0,205088.22
2025-10-23 05:45:00,3835.01,3848.19,3834.0,3846.0,205088.22
2025-10-23 05:45:00,3835.01,3848.19,3834.0,3846.0,205088.22
2025-10-23 05:45:00,3835.01,3848.19,3834.0,3846.0,205088.22
2025-10-23 05:45:00,3835.01,3848.19,3834.0,3846.0,205088.22
2025-10-23 05:45:00,3835.01,3848.19,3834.0,3846.0,205088.22
2025-10-23 05:45:00,3835.01,3848.19,3834.0,3846.0,205088.22
2025-10-23 05:45:00,3835.01,3848.19,3834.0,3846.0,205088.22
2025-10-23 05:45:00,3835.01,3848.19,3834.0,3846.0,205088.22
2025-10-23 05:45:00,3835.01,3848.19,3834.0,3846.0,205088.22
2025-10-23 05:45:00,3835.01,3848.19,3834.0,3846.0,205088.22
2025-10-23 05:45:00,3835.01,3848.19,3834.0,3846.0,205088.22
2025-10-23 05:45:00,3835.01,3848.19,3834.0,3846.0,205088.22
2025-10-23 05:45:00,3835.01,3848.19,3834.0,3846.0,205088.22
2025-10-23 05:45:00,3835.01,3848.19,3834.0,3846.0,205088.22
2025-10-23 05:45:00,3835.01,3848.19,3834.0,3846.0,205088.22
2025-10-23 05:45:00,3835.01,3848.19,3834.0,3846.0,205088.22
2025-10-23 05:45:00,3835.01,3848.19,3834.0,3846.0,205088.22
2025-10-23 05:45:00,3835.01,3848.19,3834.0,3846.0,205088.22
2025-10-23 05:45:00,3835.01,3848.19,3834.0,3846.0,205088.22
2025-10-23 05:45:00,3835.01,3848.19,3834.0,3846.0,205088.22
2025-10-23 05:45:00,3835.01,3848.19,3834.0,3846.0,205088.22
2025-10-23 05:45:00,3835.01,3848.19,3834.0,3846.0,205088.22
2025-10-23 05:45:00,3835.01,3848.19,3834.0,3846.0,205088.22
2025-10-23 06:00:00,3845.99,3853.0,3842.0,3852.45,230689.82
2025-10-23 06:00:00,3845.99,3853.0,3842.0,3852.45,230689.82
2025-10-23 06:00:00,3845.99,3853.0,3842.0,3852.45,230689.82
2025-10-23 06:00:00,3845.99,3853.0,3842.0,3852.45,230689.82
2025-10-23 06:00:00,3845.99,3853.0,3842.0,3852.45,230689.82
2025-10-23 06:00:00,3845.99,3853.0,3842.0,3852.45,230689.82
2025-10-23 06:00:00,3845.99,3853.0,3842.0,3852.45,230689.82
2025-10-23 06:00:00,3845.99,3853.0,3842.0,3852.45,230689.82
2025-10-23 06:00:00,3845.99,3853.0,3842.0,3852.45,230689.82
2025-10-23 06:00:00,3845.99,3853.0,3842.0,3852.45,230689.82
2025-10-23 06:00:00,3845.99,3853.0,3842.0,3852.45,230689.82
2025-10-23 06:00:00,3845.99,3853.0,3842.0,3852.45,230689.82
2025-10-23 06:00:00,3845.99,3853.0,3842.0,3852.45,230689.82
2025-10-23 06:00:00,3845.99,3853.0,3842.0,3852.45,230689.82
2025-10-23 06:00:00,3845.99,3853.0,3842.0,3852.45,230689.82
2025-10-23 06:00:00,3845.99,3853.0,3842.0,3852.45,230689.82
2025-10-23 06:00:00,3845.99,3853.0,3842.0,3852.45,230689.82
2025-10-23 06:00:00,3845.99,3853.0,3842.0,3852.45,230689.82
2025-10-23 06:00:00,3845.99,3853.0,3842.0,3852.45,230689.82
2025-10-23 06:00:00,3845.99,3853.0,3842.0,3852.45,230689.82
2025-10-23 06:00:00,3845.99,3853.0,3842.0,3852.45,230689.82
2025-10-23 06:00:00,3845.99,3853.0,3842.0,3852.45,230689.82
2025-10-23 06:00:00,3845.99,3853.0,3842.0,3852.45,230689.82
2025-10-23 06:00:00,3845.99,3853.0,3842.0,3852.45,230689.82
2025-10-23 06:00:00,3845.99,3853.0,3842.0,3852.45,230689.82
2025-10-23 06:00:00,3845.99,3853.0,3842.0,3852.45,230689.82
2025-10-23 06:00:00,3845.99,3853.0,3842.0,3852.45,230689.82
2025-10-23 06:00:00,3845.99,3853.0,3842.0,3852.45,230689.82
2025-10-23 06:00:00,3845.99,3853.0,3842.0,3852.45,230689.82
2025-10-23 06:00:00,3845.99,3853.0,3842.0,3852.45,230689.82
2025-10-23 06:00:00,3845.99,3853.0,3842.0,3852.45,230689.82
2025-10-23 06:00:00,3845.99,3853.0,3842.0,3852.45,230689.82
2025-10-23 06:00:00,3845.99,3853.0,3842.0,3852.45,230689.82
2025-10-23 06:00:00,3845.99,3853.0,3842.0,3852.45,230689.82
2025-10-23 06:00:00,3845.99,3853.0,3842.0,3852.45,230689.82
2025-10-23 06:00:00,3845.99,3853.0,3842.0,3852.45,230689.82
2025-10-23 06:00:00,3845.99,3853.0,3842.0,3852.45,230689.82
2025-10-23 06:00:00,3845.99,3853.0,3842.0,3852.45,230689.82
2025-10-23 06:00:00,3845.99,3853.0,3842.0,3852.45,230689.82
2025-10-23 06:00:00,3845.99,3853.0,3842.0,3852.45,230689.82
2025-10-23 06:00:00,3845.99,3853.0,3842.0,3852.45,230689.82
2025-10-23 06:00:00,3845.99,3853.0,3842.0,3852.45,230689.82
2025-10-23 06:00:00,3845.99,3853.0,3842.0,3852.45,230689.82
2025-10-23 06:00:00,3845.99,3853.0,3842.0,3852.45,230689.82
2025-10-23 06:00:00,3845.99,3853.0,3842.0,3852.45,230689.82
2025-10-23 06:00:00,3845.99,3853.0,3842.0,3852.45,230689.82
2025-10-23 06:00:00,3845.99,3853.0,3842.0,3852.45,230689.82
2025-10-23 06:00:00,3845.99,3853.0,3842.0,3852.45,230689.82
2025-10-23 06:00:00,3845.99,3853.0,3842.0,3852.45,230689.82
2025-10-23 06:00:00,3845.99,3853.0,3842.0,3852.45,230689.82
2025-10-23 06:00:00,3845.99,3853.0,3842.0,3852.45,230689.82
2025-10-23 06:00:00,3845.99,3853.0,3842.0,3852.45,230689.82
2025-10-23 06:00:00,3845.99,3853.0,3842.0,3852.45,230689.82
2025-10-23 06:15:00,3852.45,3887.0,3852.45,3874.2,1079346.62
2025-10-23 06:15:00,3852.45,3887.0,3852.45,3874.2,1079346.62
2025-10-23 06:15:00,3852.45,3887.0,3852.45,3874.2,1079346.62
2025-10-23 06:15:00,3852.45,3887.0,3852.45,3874.2,1079346.62
2025-10-23 06:15:00,3852.45,3887.0,3852.45,3874.2,1079346.62
2025-10-23 06:15:00,3852.45,3887.0,3852.45,3874.2,1079346.62
2025-10-23 06:15:00,3852.45,3887.0,3852.45,3874.2,1079346.62
2025-10-23 06:15:00,3852.45,3887.0,3852.45,3874.2,1079346.62
2025-10-23 06:15:00,3852.45,3887.0,3852.45,3874.2,1079346.62
2025-10-23 06:15:00,3852.45,3887.0,3852.45,3874.2,1079346.62
2025-10-23 06:15:00,3852.45,3887.0,3852.45,3874.2,1079346.62
2025-10-23 06:15:00,3852.45,3887.0,3852.45,3874.2,1079346.62
2025-10-23 06:15:00,3852.45,3887.0,3852.45,3874.2,1079346.62
2025-10-23 06:15:00,3852.45,3887.0,3852.45,3874.2,1079346.62
2025-10-23 06:15:00,3852.45,3887.0,3852.45,3874.2,1079346.62
2025-10-23 06:15:00,3852.45,3887.0,3852.45,3874.2,1079346.62
2025-10-23 06:15:00,3852.45,3887.0,3852.45,3874.2,1079346.62
2025-10-23 06:15:00,3852.45,3887.0,3852.45,3874.2,1079346.62
2025-10-23 06:15:00,3852.45,3887.0,3852.45,3874.2,1079346.62
2025-10-23 06:15:00,3852.45,3887.0,3852.45,3874.2,1079346.62
2025-10-23 06:15:00,3852.45,3887.0,3852.45,3874.2,1079346.62
2025-10-23 06:15:00,3852.45,3887.0,3852.45,3874.2,1079346.62
2025-10-23 06:15:00,3852.45,3887.0,3852.45,3874.2,1079346.62
2025-10-23 06:15:00,3852.45,3887.0,3852.45,3874.2,1079346.62
2025-10-23 06:15:00,3852.45,3887.0,3852.45,3874.2,1079346.62
2025-10-23 06:15:00,3852.45,3887.0,3852.45,3874.2,1079346.62
2025-10-23 06:15:00,3852.45,3887.0,3852.45,3874.2,1079346.62
2025-10-23 06:15:00,3852.45,3887.0,3852.45,3874.2,1079346.62
2025-10-23 06:15:00,3852.45,3887.0,3852.45,3874.2,1079346.62
2025-10-23 06:15:00,3852.45,3887.0,3852.45,3874.2,1079346.62
2025-10-23 06:15:00,3852.45,3887.0,3852.45,3874.2,1079346.62
2025-10-23 06:15:00,3852.45,3887.0,3852.45,3874.2,1079346.62
2025-10-23 06:15:00,3852.45,3887.0,3852.45,3874.2,1079346.62
2025-10-23 06:15:00,3852.45,3887.0,3852.45,3874.2,1079346.62
2025-10-23 06:15:00,3852.45,3887.0,3852.45,3874.2,1079346.62
2025-10-23 06:15:00,3852.45,3887.0,3852.45,3874.2,1079346.62
2025-10-23 06:15:00,3852.45,3887.0,3852.45,3874.2,1079346.62
2025-10-23 06:15:00,3852.45,3887.0,3852.45,3874.2,1079346.62
2025-10-23 06:15:00,3852.45,3887.0,3852.45,3874.2,1079346.62
2025-10-23 06:15:00,3852.45,3887.0,3852.45,3874.2,1079346.62
2025-10-23 06:15:00,3852.45,3887.0,3852.45,3874.2,1079346.62
2025-10-23 06:15:00,3852.45,3887.0,3852.45,3874.2,1079346.62
2025-10-23 06:15:00,3852.45,3887.0,3852.45,3874.2,1079346.62
2025-10-23 06:15:00,3852.45,3887.0,3852.45,3874.2,1079346.62
2025-10-23 06:15:00,3852.45,3887.0,3852.45,3874.2,1079346.62
2025-10-23 06:15:00,3852.45,3887.0,3852.45,3874.2,1079346.62
2025-10-23 06:15:00,3852.45,3887.0,3852.45,3874.2,1079346.62
2025-10-23 06:15:00,3852.45,3887.0,3852.45,3874.2,1079346.62
2025-10-23 06:15:00,3852.45,3887.0,3852.45,3874.2,1079346.62
2025-10-23 06:15:00,3852.45,3887.0,3852.45,3874.2,1079346.62
2025-10-23 06:15:00,3852.45,3887.0,3852.45,3874.2,1079346.62
2025-10-23 06:15:00,3852.45,3887.0,3852.45,3874.2,1079346.62
2025-10-23 06:15:00,3852.45,3887.0,3852.45,3874.2,1079346.62
2025-10-23 06:30:00,3874.19,3881.56,3869.04,3877.41,308089.31
2025-10-23 06:30:00,3874.19,3881.56,3869.04,3877.41,308089.31
2025-10-23 06:30:00,3874.19,3881.56,3869.04,3877.41,308089.31
2025-10-23 06:30:00,3874.19,3881.56,3869.04,3877.41,308089.31
2025-10-23 06:30:00,3874.19,3881.56,3869.04,3877.41,308089.31
2025-10-23 06:30:00,3874.19,3881.56,3869.04,3877.41,308089.31
2025-10-23 06:30:00,3874.19,3881.56,3869.04,3877.41,308089.31
2025-10-23 06:30:00,3874.19,3881.56,3869.04,3877.41,308089.31
2025-10-23 06:30:00,3874.19,3881.56,3869.04,3877.41,308089.31
2025-10-23 06:30:00,3874.19,3881.56,3869.04,3877.41,308089.31
2025-10-23 06:30:00,3874.19,3881.56,3869.04,3877.41,308089.31
2025-10-23 06:30:00,3874.19,3881.56,3869.04,3877.41,308089.31
2025-10-23 06:30:00,3874.19,3881.56,3869.04,3877.41,308089.31
2025-10-23 06:30:00,3874.19,3881.56,3869.04,3877.41,308089.31
2025-10-23 06:30:00,3874.19,3881.56,3869.04,3877.41,308089.31
2025-10-23 06:30:00,3874.19,3881.56,3869.04,3877.41,308089.31
2025-10-23 06:30:00,3874.19,3881.56,3869.04,3877.41,308089.31
2025-10-23 06:30:00,3874.19,3881.56,3869.04,3877.41,308089.31
2025-10-23 06:30:00,3874.19,3881.56,3869.04,3877.41,308089.31
2025-10-23 06:30:00,3874.19,3881.56,3869.04,3877.41,308089.31
2025-10-23 06:30:00,3874.19,3881.56,3869.04,3877.41,308089.31
2025-10-23 06:30:00,3874.19,3881.56,3869.04,3877.41,308089.31
2025-10-23 06:30:00,3874.19,3881.56,3869.04,3877.41,308089.31
2025-10-23 06:30:00,3874.19,3881.56,3869.04,3877.41,308089.31
2025-10-23 06:30:00,3874.19,3881.56,3869.04,3877.41,308089.31
2025-10-23 06:30:00,3874.19,3881.56,3869.04,3877.41,308089.31
2025-10-23 06:30:00,3874.19,3881.56,3869.04,3877.41,308089.31
2025-10-23 06:30:00,3874.19,3881.56,3869.04,3877.41,308089.31
2025-10-23 06:30:00,3874.19,3881.56,3869.04,3877.41,308089.31
2025-10-23 06:30:00,3874.19,3881.56,3869.04,3877.41,308089.31
2025-10-23 06:30:00,3874.19,3881.56,3869.04,3877.41,308089.31
2025-10-23 06:30:00,3874.19,3881.56,3869.04,3877.41,308089.31
2025-10-23 06:30:00,3874.19,3881.56,3869.04,3877.41,308089.31
2025-10-23 06:30:00,3874.19,3881.56,3869.04,3877.41,308089.31
2025-10-23 06:30:00,3874.19,3881.56,3869.04,3877.41,308089.31
2025-10-23 06:30:00,3874.19,3881.56,3869.04,3877.41,308089.31
2025-10-23 06:30:00,3874.19,3881.56,3869.04,3877.41,308089.31
2025-10-23 06:30:00,3874.19,3881.56,3869.04,3877.41,308089.31
2025-10-23 06:30:00,3874.19,3881.56,3869.04,3877.41,308089.31
2025-10-23 06:30:00,3874.19,3881.56,3869.04,3877.41,308089.31
2025-10-23 06:30:00,3874.19,3881.56,3869.04,3877.41,308089.31
2025-10-23 06:30:00,3874.19,3881.56,3869.04,3877.41,308089.31
2025-10-23 06:30:00,3874.19,3881.56,3869.04,3877.41,308089.31
2025-10-23 06:30:00,3874.19,3881.56,3869.04,3877.41,308089.31
2025-10-23 06:30:00,3874.19,3881.56,3869.04,3877.41,308089.31
2025-10-23 06:30:00,3874.19,3881.56,3869.04,3877.41,308089.31
2025-10-23 06:30:00,3874.19,3881.56,3869.04,3877.41,308089.31
2025-10-23 06:30:00,3874.19,3881.56,3869.04,3877.41,308089.31
2025-10-23 06:30:00,3874.19,3881.56,3869.04,3877.41,308089.31
2025-10-23 06:30:00,3874.19,3881.56,3869.04,3877.41,308089.31
2025-10-23 06:30:00,3874.19,3881.56,3869.04,3877.41,308089.31
2025-10-23 06:30:00,3874.19,3881.56,3869.04,3877.41,308089.31
2025-10-23 06:30:00,3874.19,3881.56,3869.04,3877.41,308089.31
2025-10-23 06:45:00,3877.41,3895.97,3876.01,3889.67,472655.6
2025-10-23 06:45:00,3877.41,3895.97,3876.01,3889.67,472655.6
2025-10-23 06:45:00,3877.41,3895.97,3876.01,3889.67,472655.6
2025-10-23 06:45:00,3877.41,3895.97,3876.01,3889.67,472655.6
2025-10-23 06:45:00,3877.41,3895.97,3876.01,3889.67,472655.6
2025-10-23 06:45:00,3877.41,3895.97,3876.01,3889.67,472655.6
2025-10-23 06:45:00,3877.41,3895.97,3876.01,3889.67,472655.6
2025-10-23 06:45:00,3877.41,3895.97,3876.01,3889.67,472655.6
2025-10-23 06:45:00,3877.41,3895.97,3876.01,3889.67,472655.6
2025-10-23 06:45:00,3877.41,3895.97,3876.01,3889.67,472655.6
2025-10-23 06:45:00,3877.41,3895.97,3876.01,3889.67,472655.6
2025-10-23 06:45:00,3877.41,3895.97,3876.01,3889.67,472655.6
2025-10-23 06:45:00,3877.41,3895.97,3876.01,3889.67,472655.6
2025-10-23 06:45:00,3877.41,3895.97,3876.01,3889.67,472655.6
2025-10-23 06:45:00,3877.41,3895.97,3876.01,3889.67,472655.6
2025-10-23 06:45:00,3877.41,3895.97,3876.01,3889.67,472655.6
2025-10-23 06:45:00,3877.41,3895.97,3876.01,3889.67,472655.6
2025-10-23 06:45:00,3877.41,3895.97,3876.01,3889.67,472655.6
2025-10-23 06:45:00,3877.41,3895.97,3876.01,3889.67,472655.6
2025-10-23 06:45:00,3877.41,3895.97,3876.01,3889.67,472655.6
2025-10-23 06:45:00,3877.41,3895.97,3876.01,3889.67,472655.6
2025-10-23 06:45:00,3877.41,3895.97,3876.01,3889.67,472655.6
2025-10-23 06:45:00,3877.41,3895.97,3876.01,3889.67,472655.6
2025-10-23 06:45:00,3877.41,3895.97,3876.01,3889.67,472655.6
2025-10-23 06:45:00,3877.41,3895.97,3876.01,3889.67,472655.6
2025-10-23 06:45:00,3877.41,3895.97,3876.01,3889.67,472655.6
2025-10-23 06:45:00,3877.41,3895.97,3876.01,3889.67,472655.6
2025-10-23 06:45:00,3877.41,3895.97,3876.01,3889.67,472655.6
2025-10-23 06:45:00,3877.41,3895.97,3876.01,3889.67,472655.6
2025-10-23 06:45:00,3877.41,3895.97,3876.01,3889.67,472655.6
2025-10-23 06:45:00,3877.41,3895.97,3876.01,3889.67,472655.6
2025-10-23 06:45:00,3877.41,3895.97,3876.01,3889.67,472655.6
2025-10-23 06:45:00,3877.41,3895.97,3876.01,3889.67,472655.6
2025-10-23 06:45:00,3877.41,3895.97,3876.01,3889.67,472655.6
2025-10-23 06:45:00,3877.41,3895.97,3876.01,3889.67,472655.6
2025-10-23 06:45:00,3877.41,3895.97,3876.01,3889.67,472655.6
2025-10-23 06:45:00,3877.41,3895.97,3876.01,3889.67,472655.6
2025-10-23 06:45:00,3877.41,3895.97,3876.01,3889.67,472655.6
2025-10-23 06:45:00,3877.41,3895.97,3876.01,3889.67,472655.6
2025-10-23 06:45:00,3877.41,3895.97,3876.01,3889.67,472655.6
2025-10-23 06:45:00,3877.41,3895.97,3876.01,3889.67,472655.6
2025-10-23 06:45:00,3877.41,3895.97,3876.01,3889.67,472655.6
2025-10-23 06:45:00,3877.41,3895.97,3876.01,3889.67,472655.6
2025-10-23 06:45:00,3877.41,3895.97,3876.01,3889.67,472655.6
2025-10-23 06:45:00,3877.41,3895.97,3876.01,3889.67,472655.6
2025-10-23 06:45:00,3877.41,3895.97,3876.01,3889.67,472655.6
2025-10-23 06:45:00,3877.41,3895.97,3876.01,3889.67,472655.6
2025-10-23 06:45:00,3877.41,3895.97,3876.01,3889.67,472655.6
2025-10-23 06:45:00,3877.41,3895.97,3876.01,3889.67,472655.6
2025-10-23 06:45:00,3877.41,3895.97,3876.01,3889.67,472655.6
2025-10-23 06:45:00,3877.41,3895.97,3876.01,3889.67,472655.6
2025-10-23 06:45:00,3877.41,3895.97,3876.01,3889.67,472655.6
2025-10-23 06:45:00,3877.41,3895.97,3876.01,3889.67,472655.6
2025-10-23 07:00:00,3889.66,3891.0,3876.0,3876.86,294356.4
2025-10-23 07:00:00,3889.66,3891.0,3876.0,3876.86,294356.4
2025-10-23 07:00:00,3889.66,3891.0,3876.0,3876.86,294356.4
2025-10-23 07:00:00,3889.66,3891.0,3876.0,3876.86,294356.4
2025-10-23 07:00:00,3889.66,3891.0,3876.0,3876.86,294356.4
2025-10-23 07:00:00,3889.66,3891.0,3876.0,3876.86,294356.4
2025-10-23 07:00:00,3889.66,3891.0,3876.0,3876.86,294356.4
2025-10-23 07:00:00,3889.66,3891.0,3876.0,3876.86,294356.4
2025-10-23 07:00:00,3889.66,3891.0,3876.0,3876.86,294356.4
2025-10-23 07:00:00,3889.66,3891.0,3876.0,3876.86,294356.4
2025-10-23 07:00:00,3889.66,3891.0,3876.0,3876.86,294356.4
2025-10-23 07:00:00,3889.66,3891.0,3876.0,3876.86,294356.4
2025-10-23 07:00:00,3889.66,3891.0,3876.0,3876.86,294356.4
2025-10-23 07:00:00,3889.66,3891.0,3876.0,3876.86,294356.4
2025-10-23 07:00:00,3889.66,3891.0,3876.0,3876.86,294356.4
2025-10-23 07:00:00,3889.66,3891.0,3876.0,3876.86,294356.4
2025-10-23 07:00:00,3889.66,3891.0,3876.0,3876.86,294356.4
2025-10-23 07:00:00,3889.66,3891.0,3876.0,3876.86,294356.4
2025-10-23 07:00:00,3889.66,3891.0,3876.0,3876.86,294356.4
2025-10-23 07:00:00,3889.66,3891.0,3876.0,3876.86,294356.4
2025-10-23 07:00:00,3889.66,3891.0,3876.0,3876.86,294356.4
2025-10-23 07:00:00,3889.66,3891.0,3876.0,3876.86,294356.4
2025-10-23 07:00:00,3889.66,3891.0,3876.0,3876.86,294356.4
2025-10-23 07:00:00,3889.66,3891.0,3876.0,3876.86,294356.4
2025-10-23 07:00:00,3889.66,3891.0,3876.0,3876.86,294356.4
2025-10-23 07:00:00,3889.66,3891.0,3876.0,3876.86,294356.4
2025-10-23 07:00:00,3889.66,3891.0,3876.0,3876.86,294356.4
2025-10-23 07:00:00,3889.66,3891.0,3876.0,3876.86,294356.4
2025-10-23 07:00:00,3889.66,3891.0,3876.0,3876.86,294356.4
2025-10-23 07:00:00,3889.66,3891.0,3876.0,3876.86,294356.4
2025-10-23 07:00:00,3889.66,3891.0,3876.0,3876.86,294356.4
2025-10-23 07:00:00,3889.66,3891.0,3876.0,3876.86,294356.4
2025-10-23 07:00:00,3889.66,3891.0,3876.0,3876.86,294356.4
2025-10-23 07:00:00,3889.66,3891.0,3876.0,3876.86,294356.4
2025-10-23 07:00:00,3889.66,3891.0,3876.0,3876.86,294356.4
2025-10-23 07:00:00,3889.66,3891.0,3876.0,3876.86,294356.4
2025-10-23 07:00:00,3889.66,3891.0,3876.0,3876.86,294356.4
2025-10-23 07:00:00,3889.66,3891.0,3876.0,3876.86,294356.4
2025-10-23 07:00:00,3889.66,3891.0,3876.0,3876.86,294356.4
2025-10-23 07:00:00,3889.66,3891.0,3876.0,3876.86,294356.4
2025-10-23 07:00:00,3889.66,3891.0,3876.0,3876.86,294356.4
2025-10-23 07:00:00,3889.66,3891.0,3876.0,3876.86,294356.4
2025-10-23 07:00:00,3889.66,3891.0,3876.0,3876.86,294356.4
2025-10-23 07:00:00,3889.66,3891.0,3876.0,3876.86,294356.4
2025-10-23 07:00:00,3889.66,3891.0,3876.0,3876.86,294356.4
2025-10-23 07:00:00,3889.66,3891.0,3876.0,3876.86,294356.4
2025-10-23 07:00:00,3889.66,3891.0,3876.0,3876.86,294356.4
2025-10-23 07:00:00,3889.66,3891.0,3876.0,3876.86,294356.4
2025-10-23 07:00:00,3889.66,3891.0,3876.0,3876.86,294356.4
2025-10-23 07:00:00,3889.66,3891.0,3876.0,3876.86,294356.4
2025-10-23 07:00:00,3889.66,3891.0,3876.0,3876.86,294356.4
2025-10-23 07:00:00,3889.66,3891.0,3876.0,3876.86,294356.4
2025-10-23 07:00:00,3889.66,3891.0,3876.0,3876.86,294356.4
2025-10-23 07:15:00,3876.85,3879.47,3868.01,3876.57,304180.29
2025-10-23 07:15:00,3876.85,3879.47,3868.01,3876.57,304180.29
2025-10-23 07:15:00,3876.85,3879.47,3868.01,3876.57,304180.29
2025-10-23 07:15:00,3876.85,3879.47,3868.01,3876.57,304180.29
2025-10-23 07:15:00,3876.85,3879.47,3868.01,3876.57,304180.29
2025-10-23 07:15:00,3876.85,3879.47,3868.01,3876.57,304180.29
2025-10-23 07:15:00,3876.85,3879.47,3868.01,3876.57,304180.29
2025-10-23 07:15:00,3876.85,3879.47,3868.01,3876.57,304180.29
2025-10-23 07:15:00,3876.85,3879.47,3868.01,3876.57,304180.29
2025-10-23 07:15:00,3876.85,3879.47,3868.01,3876.57,304180.29
2025-10-23 07:15:00,3876.85,3879.47,3868.01,3876.57,304180.29
2025-10-23 07:15:00,3876.85,3879.47,3868.01,3876.57,304180.29
2025-10-23 07:15:00,3876.85,3879.47,3868.01,3876.57,304180.29
2025-10-23 07:15:00,3876.85,3879.47,3868.01,3876.57,304180.29
2025-10-23 07:15:00,3876.85,3879.47,3868.01,3876.57,304180.29
2025-10-23 07:15:00,3876.85,3879.47,3868.01,3876.57,304180.29
2025-10-23 07:15:00,3876.85,3879.47,3868.01,3876.57,304180.29
2025-10-23 07:15:00,3876.85,3879.47,3868.01,3876.57,304180.29
2025-10-23 07:15:00,3876.85,3879.47,3868.01,3876.57,304180.29
2025-10-23 07:15:00,3876.85,3879.47,3868.01,3876.57,304180.29
2025-10-23 07:15:00,3876.85,3879.47,3868.01,3876.57,304180.29
2025-10-23 07:15:00,3876.85,3879.47,3868.01,3876.57,304180.29
2025-10-23 07:15:00,3876.85,3879.47,3868.01,3876.57,304180.29
2025-10-23 07:15:00,3876.85,3879.47,3868.01,3876.57,304180.29
2025-10-23 07:15:00,3876.85,3879.47,3868.01,3876.57,304180.29
2025-10-23 07:15:00,3876.85,3879.47,3868.01,3876.57,304180.29
2025-10-23 07:15:00,3876.85,3879.47,3868.01,3876.57,304180.29
2025-10-23 07:15:00,3876.85,3879.47,3868.01,3876.57,304180.29
2025-10-23 07:15:00,3876.85,3879.47,3868.01,3876.57,304180.29
2025-10-23 07:15:00,3876.85,3879.47,3868.01,3876.57,304180.29
2025-10-23 07:15:00,3876.85,3879.47,3868.01,3876.57,304180.29
2025-10-23 07:15:00,3876.85,3879.47,3868.01,3876.57,304180.29
2025-10-23 07:15:00,3876.85,3879.47,3868.01,3876.57,304180.29
2025-10-23 07:15:00,3876.85,3879.47,3868.01,3876.57,304180.29
2025-10-23 07:15:00,3876.85,3879.47,3868.01,3876.57,304180.29
2025-10-23 07:15:00,3876.85,3879.47,3868.01,3876.57,304180.29
2025-10-23 07:15:00,3876.85,3879.47,3868.01,3876.57,304180.29
2025-10-23 07:15:00,3876.85,3879.47,3868.01,3876.57,304180.29
2025-10-23 07:15:00,3876.85,3879.47,3868.01,3876.57,304180.29
2025-10-23 07:15:00,3876.85,3879.47,3868.01,3876.57,304180.29
2025-10-23 07:15:00,3876.85,3879.47,3868.01,3876.57,304180.29
2025-10-23 07:15:00,3876.85,3879.47,3868.01,3876.57,304180.29
2025-10-23 07:15:00,3876.85,3879.47,3868.01,3876.57,304180.29
2025-10-23 07:15:00,3876.85,3879.47,3868.01,3876.57,304180.29
2025-10-23 07:15:00,3876.85,3879.47,3868.01,3876.57,304180.29
2025-10-23 07:15:00,3876.85,3879.47,3868.01,3876.57,304180.29
2025-10-23 07:15:00,3876.85,3879.47,3868.01,3876.57,304180.29
2025-10-23 07:15:00,3876.85,3879.47,3868.01,3876.57,304180.29
2025-10-23 07:15:00,3876.85,3879.47,3868.01,3876.57,304180.29
2025-10-23 07:15:00,3876.85,3879.47,3868.01,3876.57,304180.29
2025-10-23 07:15:00,3876.85,3879.47,3868.01,3876.57,304180.29
2025-10-23 07:15:00,3876.85,3879.47,3868.01,3876.57,304180.29
2025-10-23 07:15:00,3876.85,3879.47,3868.01,3876.57,304180.29
2025-10-23 07:30:00,3876.57,3887.61,3871.54,3881.01,248693.19
2025-10-23 07:30:00,3876.57,3887.61,3871.54,3881.01,248693.19
2025-10-23 07:30:00,3876.57,3887.61,3871.54,3881.01,248693.19
2025-10-23 07:30:00,3876.57,3887.61,3871.54,3881.01,248693.19
2025-10-23 07:30:00,3876.57,3887.61,3871.54,3881.01,248693.19
2025-10-23 07:30:00,3876.57,3887.61,3871.54,3881.01,248693.19
2025-10-23 07:30:00,3876.57,3887.61,3871.54,3881.01,248693.19
2025-10-23 07:30:00,3876.57,3887.61,3871.54,3881.01,248693.19
2025-10-23 07:30:00,3876.57,3887.61,3871.54,3881.01,248693.19
2025-10-23 07:30:00,3876.57,3887.61,3871.54,3881.01,248693.19
2025-10-23 07:30:00,3876.57,3887.61,3871.54,3881.01,248693.19
2025-10-23 07:30:00,3876.57,3887.61,3871.54,3881.01,248693.19
2025-10-23 07:30:00,3876.57,3887.61,3871.54,3881.01,248693.19
2025-10-23 07:30:00,3876.57,3887.61,3871.54,3881.01,248693.19
2025-10-23 07:30:00,3876.57,3887.61,3871.54,3881.01,248693.19
2025-10-23 07:30:00,3876.57,3887.61,3871.54,3881.01,248693.19
2025-10-23 07:30:00,3876.57,3887.61,3871.54,3881.01,248693.19
2025-10-23 07:30:00,3876.57,3887.61,3871.54,3881.01,248693.19
2025-10-23 07:30:00,3876.57,3887.61,3871.54,3881.01,248693.19
2025-10-23 07:30:00,3876.57,3887.61,3871.54,3881.01,248693.19
2025-10-23 07:30:00,3876.57,3887.61,3871.54,3881.01,248693.19
2025-10-23 07:30:00,3876.57,3887.61,3871.54,3881.01,248693.19
2025-10-23 07:30:00,3876.57,3887.61,3871.54,3881.01,248693.19
2025-10-23 07:30:00,3876.57,3887.61,3871.54,3881.01,248693.19
2025-10-23 07:30:00,3876.57,3887.61,3871.54,3881.01,248693.19
2025-10-23 07:30:00,3876.57,3887.61,3871.54,3881.01,248693.19
2025-10-23 07:30:00,3876.57,3887.61,3871.54,3881.01,248693.19
2025-10-23 07:30:00,3876.57,3887.61,3871.54,3881.01,248693.19
2025-10-23 07:30:00,3876.57,3887.61,3871.54,3881.01,248693.19
2025-10-23 07:30:00,3876.57,3887.61,3871.54,3881.01,248693.19
2025-10-23 07:30:00,3876.57,3887.61,3871.54,3881.01,248693.19
2025-10-23 07:30:00,3876.57,3887.61,3871.54,3881.01,248693.19
2025-10-23 07:30:00,3876.57,3887.61,3871.54,3881.01,248693.19
2025-10-23 07:30:00,3876.57,3887.61,3871.54,3881.01,248693.19
2025-10-23 07:30:00,3876.57,3887.61,3871.54,3881.01,248693.19
2025-10-23 07:30:00,3876.57,3887.61,3871.54,3881.01,248693.19
2025-10-23 07:30:00,3876.57,3887.61,3871.54,3881.01,248693.19
2025-10-23 07:30:00,3876.57,3887.61,3871.54,3881.01,248693.19
2025-10-23 07:30:00,3876.57,3887.61,3871.54,3881.01,248693.19
2025-10-23 07:30:00,3876.57,3887.61,3871.54,3881.01,248693.19
2025-10-23 07:30:00,3876.57,3887.61,3871.54,3881.01,248693.19
2025-10-23 07:30:00,3876.57,3887.61,3871.54,3881.01,248693.19
2025-10-23 07:30:00,3876.57,3887.61,3871.54,3881.01,248693.19
2025-10-23 07:30:00,3876.57,3887.61,3871.54,3881.01,248693.19
2025-10-23 07:30:00,3876.57,3887.61,3871.54,3881.01,248693.19
2025-10-23 07:30:00,3876.57,3887.61,3871.54,3881.01,248693.19
2025-10-23 07:30:00,3876.57,3887.61,3871.54,3881.01,248693.19
2025-10-23 07:30:00,3876.57,3887.61,3871.54,3881.01,248693.19
2025-10-23 07:30:00,3876.57,3887.61,3871.54,3881.01,248693.19
2025-10-23 07:30:00,3876.57,3887.61,3871.54,3881.01,248693.19
2025-10-23 07:30:00,3876.57,3887.61,3871.54,3881.01,248693.19
2025-10-23 07:30:00,3876.57,3887.61,3871.54,3881.01,248693.19
2025-10-23 07:30:00,3876.57,3887.61,3871.54,3881.01,248693.19
2025-10-23 07:45:00,3881.01,3886.0,3877.07,3878.99,167499.82
2025-10-23 07:45:00,3881.01,3886.0,3877.07,3878.99,167499.82
2025-10-23 07:45:00,3881.01,3886.0,3877.07,3878.99,167499.82
2025-10-23 07:45:00,3881.01,3886.0,3877.07,3878.99,167499.82
2025-10-23 07:45:00,3881.01,3886.0,3877.07,3878.99,167499.82
2025-10-23 07:45:00,3881.01,3886.0,3877.07,3878.99,167499.82
2025-10-23 07:45:00,3881.01,3886.0,3877.07,3878.99,167499.82
2025-10-23 07:45:00,3881.01,3886.0,3877.07,3878.99,167499.82
2025-10-23 07:45:00,3881.01,3886.0,3877.07,3878.99,167499.82
2025-10-23 07:45:00,3881.01,3886.0,3877.07,3878.99,167499.82
2025-10-23 07:45:00,3881.01,3886.0,3877.07,3878.99,167499.82
2025-10-23 07:45:00,3881.01,3886.0,3877.07,3878.99,167499.82
2025-10-23 07:45:00,3881.01,3886.0,3877.07,3878.99,167499.82
2025-10-23 07:45:00,3881.01,3886.0,3877.07,3878.99,167499.82
2025-10-23 07:45:00,3881.01,3886.0,3877.07,3878.99,167499.82
2025-10-23 07:45:00,3881.01,3886.0,3877.07,3878.99,167499.82
2025-10-23 07:45:00,3881.01,3886.0,3877.07,3878.99,167499.82
2025-10-23 07:45:00,3881.01,3886.0,3877.07,3878.99,167499.82
2025-10-23 07:45:00,3881.01,3886.0,3877.07,3878.99,167499.82
2025-10-23 07:45:00,3881.01,3886.0,3877.07,3878.99,167499.82
2025-10-23 07:45:00,3881.01,3886.0,3877.07,3878.99,167499.82
2025-10-23 07:45:00,3881.01,3886.0,3877.07,3878.99,167499.82
2025-10-23 07:45:00,3881.01,3886.0,3877.07,3878.99,167499.82
2025-10-23 07:45:00,3881.01,3886.0,3877.07,3878.99,167499.82
2025-10-23 07:45:00,3881.01,3886.0,3877.07,3878.99,167499.82
2025-10-23 07:45:00,3881.01,3886.0,3877.07,3878.99,167499.82
2025-10-23 07:45:00,3881.01,3886.0,3877.07,3878.99,167499.82
2025-10-23 07:45:00,3881.01,3886.0,3877.07,3878.99,167499.82
2025-10-23 07:45:00,3881.01,3886.0,3877.07,3878.99,167499.82
2025-10-23 07:45:00,3881.01,3886.0,3877.07,3878.99,167499.82
2025-10-23 07:45:00,3881.01,3886.0,3877.07,3878.99,167499.82
2025-10-23 07:45:00,3881.01,3886.0,3877.07,3878.99,167499.82
2025-10-23 07:45:00,3881.01,3886.0,3877.07,3878.99,167499.82
2025-10-23 07:45:00,3881.01,3886.0,3877.07,3878.99,167499.82
2025-10-23 07:45:00,3881.01,3886.0,3877.07,3878.99,167499.82
2025-10-23 07:45:00,3881.01,3886.0,3877.07,3878.99,167499.82
2025-10-23 07:45:00,3881.01,3886.0,3877.07,3878.99,167499.82
2025-10-23 07:45:00,3881.01,3886.0,3877.07,3878.99,167499.82
2025-10-23 07:45:00,3881.01,3886.0,3877.07,3878.99,167499.82
2025-10-23 07:45:00,3881.01,3886.0,3877.07,3878.99,167499.82
2025-10-23 07:45:00,3881.01,3886.0,3877.07,3878.99,167499.82
2025-10-23 07:45:00,3881.01,3886.0,3877.07,3878.99,167499.82
2025-10-23 07:45:00,3881.01,3886.0,3877.07,3878.99,167499.82
2025-10-23 07:45:00,3881.01,3886.0,3877.07,3878.99,167499.82
2025-10-23 07:45:00,3881.01,3886.0,3877.07,3878.99,167499.82
2025-10-23 07:45:00,3881.01,3886.0,3877.07,3878.99,167499.82
2025-10-23 07:45:00,3881.01,3886.0,3877.07,3878.99,167499.82
2025-10-23 07:45:00,3881.01,3886.0,3877.07,3878.99,167499.82
2025-10-23 07:45:00,3881.01,3886.0,3877.07,3878.99,167499.82
2025-10-23 07:45:00,3881.01,3886.0,3877.07,3878.99,167499.82
2025-10-23 07:45:00,3881.01,3886.0,3877.07,3878.99,167499.82
2025-10-23 07:45:00,3881.01,3886.0,3877.07,3878.99,167499.82
2025-10-23 07:45:00,3881.01,3886.0,3877.07,3878.99,167499.82
2025-10-23 08:00:00,3878.98,3896.97,3878.98,3892.15,315937.68
2025-10-23 08:00:00,3878.98,3896.97,3878.98,3892.15,315937.68
2025-10-23 08:00:00,3878.98,3896.97,3878.98,3892.15,315937.68
2025-10-23 08:00:00,3878.98,3896.97,3878.98,3892.15,315937.68
2025-10-23 08:00:00,3878.98,3896.97,3878.98,3892.15,315937.68
2025-10-23 08:00:00,3878.98,3896.97,3878.98,3892.15,315937.68
2025-10-23 08:00:00,3878.98,3896.97,3878.98,3892.15,315937.68
2025-10-23 08:00:00,3878.98,3896.97,3878.98,3892.15,315937.68
2025-10-23 08:00:00,3878.98,3896.97,3878.98,3892.15,315937.68
2025-10-23 08:00:00,3878.98,3896.97,3878.98,3892.15,315937.68
2025-10-23 08:00:00,3878.98,3896.97,3878.98,3892.15,315937.68
2025-10-23 08:00:00,3878.98,3896.97,3878.98,3892.15,315937.68
2025-10-23 08:00:00,3878.98,3896.97,3878.98,3892.15,315937.68
2025-10-23 08:00:00,3878.98,3896.97,3878.98,3892.15,315937.68
2025-10-23 08:00:00,3878.98,3896.97,3878.98,3892.15,315937.68
2025-10-23 08:00:00,3878.98,3896.97,3878.98,3892.15,315937.68
2025-10-23 08:00:00,3878.98,3896.97,3878.98,3892.15,315937.68
2025-10-23 08:00:00,3878.98,3896.97,3878.98,3892.15,315937.68
2025-10-23 08:00:00,3878.98,3896.97,3878.98,3892.15,315937.68
2025-10-23 08:00:00,3878.98,3896.97,3878.98,3892.15,315937.68
2025-10-23 08:00:00,3878.98,3896.97,3878.98,3892.15,315937.68
2025-10-23 08:00:00,3878.98,3896.97,3878.98,3892.15,315937.68
2025-10-23 08:00:00,3878.98,3896.97,3878.98,3892.15,315937.68
2025-10-23 08:00:00,3878.98,3896.97,3878.98,3892.15,315937.68
2025-10-23 08:00:00,3878.98,3896.97,3878.98,3892.15,315937.68
2025-10-23 08:00:00,3878.98,3896.97,3878.98,3892.15,315937.68
2025-10-23 08:00:00,3878.98,3896.97,3878.98,3892.15,315937.68
2025-10-23 08:00:00,3878.98,3896.97,3878.98,3892.15,315937.68
2025-10-23 08:00:00,3878.98,3896.97,3878.98,3892.15,315937.68
2025-10-23 08:00:00,3878.98,3896.97,3878.98,3892.15,315937.68
2025-10-23 08:00:00,3878.98,3896.97,3878.98,3892.15,315937.68
2025-10-23 08:00:00,3878.98,3896.97,3878.98,3892.15,315937.68
2025-10-23 08:00:00,3878.98,3896.97,3878.98,3892.15,315937.68
2025-10-23 08:00:00,3878.98,3896.97,3878.98,3892.15,315937.68
2025-10-23 08:00:00,3878.98,3896.97,3878.98,3892.15,315937.68
2025-10-23 08:00:00,3878.98,3896.97,3878.98,3892.15,315937.68
2025-10-23 08:00:00,3878.98,3896.97,3878.98,3892.15,315937.68
2025-10-23 08:00:00,3878.98,3896.97,3878.98,3892.15,315937.68
2025-10-23 08:00:00,3878.98,3896.97,3878.98,3892.15,315937.68
2025-10-23 08:00:00,3878.98,3896.97,3878.98,3892.15,315937.68
2025-10-23 08:00:00,3878.98,3896.97,3878.98,3892.15,315937.68
2025-10-23 08:00:00,3878.98,3896.97,3878.98,3892.15,315937.68
2025-10-23 08:00:00,3878.98,3896.97,3878.98,3892.15,315937.68
2025-10-23 08:00:00,3878.98,3896.97,3878.98,3892.15,315937.68
2025-10-23 08:00:00,3878.98,3896.97,3878.98,3892.15,315937.68
2025-10-23 08:00:00,3878.98,3896.97,3878.98,3892.15,315937.68
2025-10-23 08:00:00,3878.98,3896.97,3878.98,3892.15,315937.68
2025-10-23 08:00:00,3878.98,3896.97,3878.98,3892.15,315937.68
2025-10-23 08:00:00,3878.98,3896.97,3878.98,3892.15,315937.68
2025-10-23 08:00:00,3878.98,3896.97,3878.98,3892.15,315937.68
2025-10-23 08:00:00,3878.98,3896.97,3878.98,3892.15,315937.68
2025-10-23 08:00:00,3878.98,3896.97,3878.98,3892.15,315937.68
2025-10-23 08:00:00,3878.98,3896.97,3878.98,3892.15,315937.68
2025-10-23 08:15:00,3892.15,3903.0,3886.08,3894.26,371044.16
2025-10-23 08:15:00,3892.15,3903.0,3886.08,3894.26,371044.16
2025-10-23 08:15:00,3892.15,3903.0,3886.08,3894.26,371044.16
2025-10-23 08:15:00,3892.15,3903.0,3886.08,3894.26,371044.16
2025-10-23 08:15:00,3892.15,3903.0,3886.08,3894.26,371044.16
2025-10-23 08:15:00,3892.15,3903.0,3886.08,3894.26,371044.16
2025-10-23 08:15:00,3892.15,3903.0,3886.08,3894.26,371044.16
2025-10-23 08:15:00,3892.15,3903.0,3886.08,3894.26,371044.16
2025-10-23 08:15:00,3892.15,3903.0,3886.08,3894.26,371044.16
2025-10-23 08:15:00,3892.15,3903.0,3886.08,3894.26,371044.16
2025-10-23 08:15:00,3892.15,3903.0,3886.08,3894.26,371044.16
2025-10-23 08:15:00,3892.15,3903.0,3886.08,3894.26,371044.16
2025-10-23 08:15:00,3892.15,3903.0,3886.08,3894.26,371044.16
2025-10-23 08:15:00,3892.15,3903.0,3886.08,3894.26,371044.16
2025-10-23 08:15:00,3892.15,3903.0,3886.08,3894.26,371044.16
2025-10-23 08:15:00,3892.15,3903.0,3886.08,3894.26,371044.16
2025-10-23 08:15:00,3892.15,3903.0,3886.08,3894.26,371044.16
2025-10-23 08:15:00,3892.15,3903.0,3886.08,3894.26,371044.16
2025-10-23 08:15:00,3892.15,3903.0,3886.08,3894.26,371044.16
2025-10-23 08:15:00,3892.15,3903.0,3886.08,3894.26,371044.16
2025-10-23 08:15:00,3892.15,3903.0,3886.08,3894.26,371044.16
2025-10-23 08:15:00,3892.15,3903.0,3886.08,3894.26,371044.16
2025-10-23 08:15:00,3892.15,3903.0,3886.08,3894.26,371044.16
2025-10-23 08:15:00,3892.15,3903.0,3886.08,3894.26,371044.16
2025-10-23 08:15:00,3892.15,3903.0,3886.08,3894.26,371044.16
2025-10-23 08:15:00,3892.15,3903.0,3886.08,3894.26,371044.16
2025-10-23 08:15:00,3892.15,3903.0,3886.08,3894.26,371044.16
2025-10-23 08:15:00,3892.15,3903.0,3886.08,3894.26,371044.16
2025-10-23 08:15:00,3892.15,3903.0,3886.08,3894.26,371044.16
2025-10-23 08:15:00,3892.15,3903.0,3886.08,3894.26,371044.16
2025-10-23 08:15:00,3892.15,3903.0,3886.08,3894.26,371044.16
2025-10-23 08:15:00,3892.15,3903.0,3886.08,3894.26,371044.16
2025-10-23 08:15:00,3892.15,3903.0,3886.08,3894.26,371044.16
2025-10-23 08:15:00,3892.15,3903.0,3886.08,3894.26,371044.16
2025-10-23 08:15:00,3892.15,3903.0,3886.08,3894.26,371044.16
2025-10-23 08:15:00,3892.15,3903.0,3886.08,3894.26,371044.16
2025-10-23 08:15:00,3892.15,3903.0,3886.08,3894.26,371044.16
2025-10-23 08:15:00,3892.15,3903.0,3886.08,3894.26,371044.16
2025-10-23 08:15:00,3892.15,3903.0,3886.08,3894.26,371044.16
2025-10-23 08:15:00,3892.15,3903.0,3886.08,3894.26,371044.16
2025-10-23 08:15:00,3892.15,3903.0,3886.08,3894.26,371044.16
2025-10-23 08:15:00,3892.15,3903.0,3886.08,3894.26,371044.16
2025-10-23 08:15:00,3892.15,3903.0,3886.08,3894.26,371044.16
2025-10-23 08:15:00,3892.15,3903.0,3886.08,3894.26,371044.16
2025-10-23 08:15:00,3892.15,3903.0,3886.08,3894.26,371044.16
2025-10-23 08:15:00,3892.15,3903.0,3886.08,3894.26,371044.16
2025-10-23 08:15:00,3892.15,3903.0,3886.08,3894.26,371044.16
2025-10-23 08:15:00,3892.15,3903.0,3886.08,3894.26,371044.16
2025-10-23 08:15:00,3892.15,3903.0,3886.08,3894.26,371044.16
2025-10-23 08:15:00,3892.15,3903.0,3886.08,3894.26,371044.16
2025-10-23 08:15:00,3892.15,3903.0,3886.08,3894.26,371044.16
2025-10-23 08:15:00,3892.15,3903.0,3886.08,3894.26,371044.16
2025-10-23 08:15:00,3892.15,3903.0,3886.08,3894.26,371044.16
2025-10-23 08:30:00,3894.26,3902.0,3883.11,3889.12,264833.96
2025-10-23 08:30:00,3894.26,3902.0,3883.11,3889.12,264833.96
2025-10-23 08:30:00,3894.26,3902.0,3883.11,3889.12,264833.96
2025-10-23 08:30:00,3894.26,3902.0,3883.11,3889.12,264833.96
2025-10-23 08:30:00,3894.26,3902.0,3883.11,3889.12,264833.96
2025-10-23 08:30:00,3894.26,3902.0,3883.11,3889.12,264833.96
2025-10-23 08:30:00,3894.26,3902.0,3883.11,3889.12,264833.96
2025-10-23 08:30:00,3894.26,3902.0,3883.11,3889.12,264833.96
2025-10-23 08:30:00,3894.26,3902.0,3883.11,3889.12,264833.96
2025-10-23 08:30:00,3894.26,3902.0,3883.11,3889.12,264833.96
2025-10-23 08:30:00,3894.26,3902.0,3883.11,3889.12,264833.96
2025-10-23 08:30:00,3894.26,3902.0,3883.11,3889.12,264833.96
2025-10-23 08:30:00,3894.26,3902.0,3883.11,3889.12,264833.96
2025-10-23 08:30:00,3894.26,3902.0,3883.11,3889.12,264833.96
2025-10-23 08:30:00,3894.26,3902.0,3883.11,3889.12,264833.96
2025-10-23 08:30:00,3894.26,3902.0,3883.11,3889.12,264833.96
2025-10-23 08:30:00,3894.26,3902.0,3883.11,3889.12,264833.96
2025-10-23 08:30:00,3894.26,3902.0,3883.11,3889.12,264833.96
2025-10-23 08:30:00,3894.26,3902.0,3883.11,3889.12,264833.96
2025-10-23 08:30:00,3894.26,3902.0,3883.11,3889.12,264833.96
2025-10-23 08:30:00,3894.26,3902.0,3883.11,3889.12,264833.96
2025-10-23 08:30:00,3894.26,3902.0,3883.11,3889.12,264833.96
2025-10-23 08:30:00,3894.26,3902.0,3883.11,3889.12,264833.96
2025-10-23 08:30:00,3894.26,3902.0,3883.11,3889.12,264833.96
2025-10-23 08:30:00,3894.26,3902.0,3883.11,3889.12,264833.96
2025-10-23 08:30:00,3894.26,3902.0,3883.11,3889.12,264833.96
2025-10-23 08:30:00,3894.26,3902.0,3883.11,3889.12,264833.96
2025-10-23 08:30:00,3894.26,3902.0,3883.11,3889.12,264833.96
2025-10-23 08:30:00,3894.26,3902.0,3883.11,3889.12,264833.96
2025-10-23 08:30:00,3894.26,3902.0,3883.11,3889.12,264833.96
2025-10-23 08:30:00,3894.26,3902.0,3883.11,3889.12,264833.96
2025-10-23 08:30:00,3894.26,3902.0,3883.11,3889.12,264833.96
2025-10-23 08:30:00,3894.26,3902.0,3883.11,3889.12,264833.96
2025-10-23 08:30:00,3894.26,3902.0,3883.11,3889.12,264833.96
2025-10-23 08:30:00,3894.26,3902.0,3883.11,3889.12,264833.96
2025-10-23 08:30:00,3894.26,3902.0,3883.11,3889.12,264833.96
2025-10-23 08:30:00,3894.26,3902.0,3883.11,3889.12,264833.96
2025-10-23 08:30:00,3894.26,3902.0,3883.11,3889.12,264833.96
2025-10-23 08:30:00,3894.26,3902.0,3883.11,3889.12,264833.96
2025-10-23 08:30:00,3894.26,3902.0,3883.11,3889.12,264833.96
2025-10-23 08:30:00,3894.26,3902.0,3883.11,3889.12,264833.96
2025-10-23 08:30:00,3894.26,3902.0,3883.11,3889.12,264833.96
2025-10-23 08:30:00,3894.26,3902.0,3883.11,3889.12,264833.96
2025-10-23 08:30:00,3894.26,3902.0,3883.11,3889.12,264833.96
2025-10-23 08:30:00,3894.26,3902.0,3883.11,3889.12,264833.96
2025-10-23 08:30:00,3894.26,3902.0,3883.11,3889.12,264833.96
2025-10-23 08:30:00,3894.26,3902.0,3883.11,3889.12,264833.96
2025-10-23 08:30:00,3894.26,3902.0,3883.11,3889.12,264833.96
2025-10-23 08:30:00,3894.26,3902.0,3883.11,3889.12,264833.96
2025-10-23 08:30:00,3894.26,3902.0,3883.11,3889.12,264833.96
2025-10-23 08:30:00,3894.26,3902.0,3883.11,3889.12,264833.96
2025-10-23 08:30:00,3894.26,3902.0,3883.11,3889.12,264833.96
2025-10-23 08:30:00,3894.26,3902.0,3883.11,3889.12,264833.96
2025-10-23 08:45:00,3889.11,3896.61,3882.23,3884.99,170352.9
2025-10-23 08:45:00,3889.11,3896.61,3882.23,3884.99,170352.9
2025-10-23 08:45:00,3889.11,3896.61,3882.23,3884.99,170352.9
2025-10-23 08:45:00,3889.11,3896.61,3882.23,3884.99,170352.9
2025-10-23 08:45:00,3889.11,3896.61,3882.23,3884.99,170352.9
2025-10-23 08:45:00,3889.11,3896.61,3882.23,3884.99,170352.9
2025-10-23 08:45:00,3889.11,3896.61,3882.23,3884.99,170352.9
2025-10-23 08:45:00,3889.11,3896.61,3882.23,3884.99,170352.9
2025-10-23 08:45:00,3889.11,3896.61,3882.23,3884.99,170352.9
2025-10-23 08:45:00,3889.11,3896.61,3882.23,3884.99,170352.9
2025-10-23 08:45:00,3889.11,3896.61,3882.23,3884.99,170352.9
2025-10-23 08:45:00,3889.11,3896.61,3882.23,3884.99,170352.9
2025-10-23 08:45:00,3889.11,3896.61,3882.23,3884.99,170352.9
2025-10-23 08:45:00,3889.11,3896.61,3882.23,3884.99,170352.9
2025-10-23 08:45:00,3889.11,3896.61,3882.23,3884.99,170352.9
2025-10-23 08:45:00,3889.11,3896.61,3882.23,3884.99,170352.9
2025-10-23 08:45:00,3889.11,3896.61,3882.23,3884.99,170352.9
2025-10-23 08:45:00,3889.11,3896.61,3882.23,3884.99,170352.9
2025-10-23 08:45:00,3889.11,3896.61,3882.23,3884.99,170352.9
2025-10-23 08:45:00,3889.11,3896.61,3882.23,3884.99,170352.9
2025-10-23 08:45:00,3889.11,3896.61,3882.23,3884.99,170352.9
2025-10-23 08:45:00,3889.11,3896.61,3882.23,3884.99,170352.9
2025-10-23 08:45:00,3889.11,3896.61,3882.23,3884.99,170352.9
2025-10-23 08:45:00,3889.11,3896.61,3882.23,3884.99,170352.9
2025-10-23 08:45:00,3889.11,3896.61,3882.23,3884.99,170352.9
2025-10-23 08:45:00,3889.11,3896.61,3882.23,3884.99,170352.9
2025-10-23 08:45:00,3889.11,3896.61,3882.23,3884.99,170352.9
2025-10-23 08:45:00,3889.11,3896.61,3882.23,3884.99,170352.9
2025-10-23 08:45:00,3889.11,3896.61,3882.23,3884.99,170352.9
2025-10-23 08:45:00,3889.11,3896.61,3882.23,3884.99,170352.9
2025-10-23 08:45:00,3889.11,3896.61,3882.23,3884.99,170352.9
2025-10-23 08:45:00,3889.11,3896.61,3882.23,3884.99,170352.9
2025-10-23 08:45:00,3889.11,3896.61,3882.23,3884.99,170352.9
2025-10-23 08:45:00,3889.11,3896.61,3882.23,3884.99,170352.9
2025-10-23 08:45:00,3889.11,3896.61,3882.23,3884.99,170352.9
2025-10-23 08:45:00,3889.11,3896.61,3882.23,3884.99,170352.9
2025-10-23 08:45:00,3889.11,3896.61,3882.23,3884.99,170352.9
2025-10-23 08:45:00,3889.11,3896.61,3882.23,3884.99,170352.9
2025-10-23 08:45:00,3889.11,3896.61,3882.23,3884.99,170352.9
2025-10-23 08:45:00,3889.11,3896.61,3882.23,3884.99,170352.9
2025-10-23 08:45:00,3889.11,3896.61,3882.23,3884.99,170352.9
2025-10-23 08:45:00,3889.11,3896.61,3882.23,3884.99,170352.9
2025-10-23 08:45:00,3889.11,3896.61,3882.23,3884.99,170352.9
2025-10-23 08:45:00,3889.11,3896.61,3882.23,3884.99,170352.9
2025-10-23 08:45:00,3889.11,3896.61,3882.23,3884.99,170352.9
2025-10-23 08:45:00,3889.11,3896.61,3882.23,3884.99,170352.9
2025-10-23 08:45:00,3889.11,3896.61,3882.23,3884.99,170352.9
2025-10-23 08:45:00,3889.11,3896.61,3882.23,3884.99,170352.9
2025-10-23 08:45:00,3889.11,3896.61,3882.23,3884.99,170352.9
2025-10-23 08:45:00,3889.11,3896.61,3882.23,3884.99,170352.9
2025-10-23 08:45:00,3889.11,3896.61,3882.23,3884.99,170352.9
2025-10-23 08:45:00,3889.11,3896.61,3882.23,3884.99,170352.9
2025-10-23 08:45:00,3889.11,3896.61,3882.23,3884.99,170352.9
2025-10-23 09:00:00,3885.0,3886.88,3873.0,3873.7,302651.17
2025-10-23 09:00:00,3885.0,3886.88,3873.0,3873.7,302651.17
2025-10-23 09:00:00,3885.0,3886.88,3873.0,3873.7,302651.17
2025-10-23 09:00:00,3885.0,3886.88,3873.0,3873.7,302651.17
2025-10-23 09:00:00,3885.0,3886.88,3873.0,3873.7,302651.17
2025-10-23 09:00:00,3885.0,3886.88,3873.0,3873.7,302651.17
2025-10-23 09:00:00,3885.0,3886.88,3873.0,3873.7,302651.17
2025-10-23 09:00:00,3885.0,3886.88,3873.0,3873.7,302651.17
2025-10-23 09:00:00,3885.0,3886.88,3873.0,3873.7,302651.17
2025-10-23 09:00:00,3885.0,3886.88,3873.0,3873.7,302651.17
2025-10-23 09:00:00,3885.0,3886.88,3873.0,3873.7,302651.17
2025-10-23 09:00:00,3885.0,3886.88,3873.0,3873.7,302651.17
2025-10-23 09:00:00,3885.0,3886.88,3873.0,3873.7,302651.17
2025-10-23 09:00:00,3885.0,3886.88,3873.0,3873.7,302651.17
2025-10-23 09:00:00,3885.0,3886.88,3873.0,3873.7,302651.17
2025-10-23 09:00:00,3885.0,3886.88,3873.0,3873.7,302651.17
2025-10-23 09:00:00,3885.0,3886.88,3873.0,3873.7,302651.17
2025-10-23 09:00:00,3885.0,3886.88,3873.0,3873.7,302651.17
2025-10-23 09:00:00,3885.0,3886.88,3873.0,3873.7,302651.17
2025-10-23 09:00:00,3885.0,3886.88,3873.0,3873.7,302651.17
2025-10-23 09:00:00,3885.0,3886.88,3873.0,3873.7,302651.17
2025-10-23 09:00:00,3885.0,3886.88,3873.0,3873.7,302651.17
2025-10-23 09:00:00,3885.0,3886.88,3873.0,3873.7,302651.17
2025-10-23 09:00:00,3885.0,3886.88,3873.0,3873.7,302651.17
2025-10-23 09:00:00,3885.0,3886.88,3873.0,3873.7,302651.17
2025-10-23 09:00:00,3885.0,3886.88,3873.0,3873.7,302651.17
2025-10-23 09:00:00,3885.0,3886.88,3873.0,3873.7,302651.17
2025-10-23 09:00:00,3885.0,3886.88,3873.0,3873.7,302651.17
2025-10-23 09:00:00,3885.0,3886.88,3873.0,3873.7,302651.17
2025-10-23 09:00:00,3885.0,3886.88,3873.0,3873.7,302651.17
2025-10-23 09:00:00,3885.0,3886.88,3873.0,3873.7,302651.17
2025-10-23 09:00:00,3885.0,3886.88,3873.0,3873.7,302651.17
2025-10-23 09:00:00,3885.0,3886.88,3873.0,3873.7,302651.17
2025-10-23 09:00:00,3885.0,3886.88,3873.0,3873.7,302651.17
2025-10-23 09:00:00,3885.0,3886.88,3873.0,3873.7,302651.17
2025-10-23 09:00:00,3885.0,3886.88,3873.0,3873.7,302651.17
2025-10-23 09:00:00,3885.0,3886.88,3873.0,3873.7,302651.17
2025-10-23 09:00:00,3885.0,3886.88,3873.0,3873.7,302651.17
2025-10-23 09:00:00,3885.0,3886.88,3873.0,3873.7,302651.17
2025-10-23 09:00:00,3885.0,3886.88,3873.0,3873.7,302651.17
2025-10-23 09:00:00,3885.0,3886.88,3873.0,3873.7,302651.17
2025-10-23 09:00:00,3885.0,3886.88,3873.0,3873.7,302651.17
2025-10-23 09:00:00,3885.0,3886.88,3873.0,3873.7,302651.17
2025-10-23 09:00:00,3885.0,3886.88,3873.0,3873.7,302651.17
2025-10-23 09:00:00,3885.0,3886.88,3873.0,3873.7,302651.17
2025-10-23 09:00:00,3885.0,3886.88,3873.0,3873.7,302651.17
2025-10-23 09:00:00,3885.0,3886.88,3873.0,3873.7,302651.17
2025-10-23 09:00:00,3885.0,3886.88,3873.0,3873.7,302651.17
2025-10-23 09:00:00,3885.0,3886.88,3873.0,3873.7,302651.17
2025-10-23 09:00:00,3885.0,3886.88,3873.0,3873.7,302651.17
2025-10-23 09:00:00,3885.0,3886.88,3873.0,3873.7,302651.17
2025-10-23 09:00:00,3885.0,3886.88,3873.0,3873.7,302651.17
2025-10-23 09:00:00,3885.0,3886.88,3873.0,3873.7,302651.17
2025-10-23 09:15:00,3873.71,3886.0,3872.73,3885.62,195695.02
2025-10-23 09:15:00,3873.71,3886.0,3872.73,3885.62,195695.02
2025-10-23 09:15:00,3873.71,3886.0,3872.73,3885.62,195695.02
2025-10-23 09:15:00,3873.71,3886.0,3872.73,3885.62,195695.02
2025-10-23 09:15:00,3873.71,3886.0,3872.73,3885.62,195695.02
2025-10-23 09:15:00,3873.71,3886.0,3872.73,3885.62,195695.02
2025-10-23 09:15:00,3873.71,3886.0,3872.73,3885.62,195695.02
2025-10-23 09:15:00,3873.71,3886.0,3872.73,3885.62,195695.02
2025-10-23 09:15:00,3873.71,3886.0,3872.73,3885.62,195695.02
2025-10-23 09:15:00,3873.71,3886.0,3872.73,3885.62,195695.02
2025-10-23 09:15:00,3873.71,3886.0,3872.73,3885.62,195695.02
2025-10-23 09:15:00,3873.71,3886.0,3872.73,3885.62,195695.02
2025-10-23 09:15:00,3873.71,3886.0,3872.73,3885.62,195695.02
2025-10-23 09:15:00,3873.71,3886.0,3872.73,3885.62,195695.02
2025-10-23 09:15:00,3873.71,3886.0,3872.73,3885.62,195695.02
2025-10-23 09:15:00,3873.71,3886.0,3872.73,3885.62,195695.02
2025-10-23 09:15:00,3873.71,3886.0,3872.73,3885.62,195695.02
2025-10-23 09:15:00,3873.71,3886.0,3872.73,3885.62,195695.02
2025-10-23 09:15:00,3873.71,3886.0,3872.73,3885.62,195695.02
2025-10-23 09:15:00,3873.71,3886.0,3872.73,3885.62,195695.02
2025-10-23 09:15:00,3873.71,3886.0,3872.73,3885.62,195695.02
2025-10-23 09:15:00,3873.71,3886.0,3872.73,3885.62,195695.02
2025-10-23 09:15:00,3873.71,3886.0,3872.73,3885.62,195695.02
2025-10-23 09:15:00,3873.71,3886.0,3872.73,3885.62,195695.02
2025-10-23 09:15:00,3873.71,3886.0,3872.73,3885.62,195695.02
2025-10-23 09:15:00,3873.71,3886.0,3872.73,3885.62,195695.02
2025-10-23 09:15:00,3873.71,3886.0,3872.73,3885.62,195695.02
2025-10-23 09:15:00,3873.71,3886.0,3872.73,3885.62,195695.02
2025-10-23 09:15:00,3873.71,3886.0,3872.73,3885.62,195695.02
2025-10-23 09:15:00,3873.71,3886.0,3872.73,3885.62,195695.02
2025-10-23 09:15:00,3873.71,3886.0,3872.73,3885.62,195695.02
2025-10-23 09:15:00,3873.71,3886.0,3872.73,3885.62,195695.02
2025-10-23 09:15:00,3873.71,3886.0,3872.73,3885.62,195695.02
2025-10-23 09:15:00,3873.71,3886.0,3872.73,3885.62,195695.02
2025-10-23 09:15:00,3873.71,3886.0,3872.73,3885.62,195695.02
2025-10-23 09:15:00,3873.71,3886.0,3872.73,3885.62,195695.02
2025-10-23 09:15:00,3873.71,3886.0,3872.73,3885.62,195695.02
2025-10-23 09:15:00,3873.71,3886.0,3872.73,3885.62,195695.02
2025-10-23 09:15:00,3873.71,3886.0,3872.73,3885.62,195695.02
2025-10-23 09:15:00,3873.71,3886.0,3872.73,3885.62,195695.02
2025-10-23 09:15:00,3873.71,3886.0,3872.73,3885.62,195695.02
2025-10-23 09:15:00,3873.71,3886.0,3872.73,3885.62,195695.02
2025-10-23 09:15:00,3873.71,3886.0,3872.73,3885.62,195695.02
2025-10-23 09:15:00,3873.71,3886.0,3872.73,3885.62,195695.02
2025-10-23 09:15:00,3873.71,3886.0,3872.73,3885.62,195695.02
2025-10-23 09:15:00,3873.71,3886.0,3872.73,3885.62,195695.02
2025-10-23 09:15:00,3873.71,3886.0,3872.73,3885.62,195695.02
2025-10-23 09:15:00,3873.71,3886.0,3872.73,3885.62,195695.02
2025-10-23 09:15:00,3873.71,3886.0,3872.73,3885.62,195695.02
2025-10-23 09:15:00,3873.71,3886.0,3872.73,3885.62,195695.02
2025-10-23 09:15:00,3873.71,3886.0,3872.73,3885.62,195695.02
2025-10-23 09:15:00,3873.71,3886.0,3872.73,3885.62,195695.02
2025-10-23 09:15:00,3873.71,3886.0,3872.73,3885.62,195695.02
2025-10-23 09:30:00,3885.62,3887.74,3880.8,3882.66,91624.0
2025-10-23 09:30:00,3885.62,3887.74,3880.8,3882.66,91624.0
2025-10-23 09:30:00,3885.62,3887.74,3880.8,3882.66,91624.0
2025-10-23 09:30:00,3885.62,3887.74,3880.8,3882.66,91624.0
2025-10-23 09:30:00,3885.62,3887.74,3880.8,3882.66,91624.0
2025-10-23 09:30:00,3885.62,3887.74,3880.8,3882.66,91624.0
2025-10-23 09:30:00,3885.62,3887.74,3880.8,3882.66,91624.0
2025-10-23 09:30:00,3885.62,3887.74,3880.8,3882.66,91624.0
2025-10-23 09:30:00,3885.62,3887.74,3880.8,3882.66,91624.0
2025-10-23 09:30:00,3885.62,3887.74,3880.8,3882.66,91624.0
2025-10-23 09:30:00,3885.62,3887.74,3880.8,3882.66,91624.0
2025-10-23 09:30:00,3885.62,3887.74,3880.8,3882.66,91624.0
2025-10-23 09:30:00,3885.62,3887.74,3880.8,3882.66,91624.0
2025-10-23 09:30:00,3885.62,3887.74,3880.8,3882.66,91624.0
2025-10-23 09:30:00,3885.62,3887.74,3880.8,3882.66,91624.0
2025-10-23 09:30:00,3885.62,3887.74,3880.8,3882.66,91624.0
2025-10-23 09:30:00,3885.62,3887.74,3880.8,3882.66,91624.0
2025-10-23 09:30:00,3885.62,3887.74,3880.8,3882.66,91624.0
2025-10-23 09:30:00,3885.62,3887.74,3880.8,3882.66,91624.0
2025-10-23 09:30:00,3885.62,3887.74,3880.8,3882.66,91624.0
2025-10-23 09:30:00,3885.62,3887.74,3880.8,3882.66,91624.0
2025-10-23 09:30:00,3885.62,3887.74,3880.8,3882.66,91624.0
2025-10-23 09:30:00,3885.62,3887.74,3880.8,3882.66,91624.0
2025-10-23 09:30:00,3885.62,3887.74,3880.8,3882.66,91624.0
2025-10-23 09:30:00,3885.62,3887.74,3880.8,3882.66,91624.0
2025-10-23 09:30:00,3885.62,3887.74,3880.8,3882.66,91624.0
2025-10-23 09:30:00,3885.62,3887.74,3880.8,3882.66,91624.0
2025-10-23 09:30:00,3885.62,3887.74,3880.8,3882.66,91624.0
2025-10-23 09:30:00,3885.62,3887.74,3880.8,3882.66,91624.0
2025-10-23 09:30:00,3885.62,3887.74,3880.8,3882.66,91624.0
2025-10-23 09:30:00,3885.62,3887.74,3880.8,3882.66,91624.0
2025-10-23 09:30:00,3885.62,3887.74,3880.8,3882.66,91624.0
2025-10-23 09:30:00,3885.62,3887.74,3880.8,3882.66,91624.0
2025-10-23 09:30:00,3885.62,3887.74,3880.8,3882.66,91624.0
2025-10-23 09:30:00,3885.62,3887.74,3880.8,3882.66,91624.0
2025-10-23 09:30:00,3885.62,3887.74,3880.8,3882.66,91624.0
2025-10-23 09:30:00,3885.62,3887.74,3880.8,3882.66,91624.0
2025-10-23 09:30:00,3885.62,3887.74,3880.8,3882.66,91624.0
2025-10-23 09:30:00,3885.62,3887.74,3880.8,3882.66,91624.0
2025-10-23 09:30:00,3885.62,3887.74,3880.8,3882.66,91624.0
2025-10-23 09:30:00,3885.62,3887.74,3880.8,3882.66,91624.0
2025-10-23 09:30:00,3885.62,3887.74,3880.8,3882.66,91624.0
2025-10-23 09:30:00,3885.62,3887.74,3880.8,3882.66,91624.0
2025-10-23 09:30:00,3885.62,3887.74,3880.8,3882.66,91624.0
2025-10-23 09:30:00,3885.62,3887.74,3880.8,3882.66,91624.0
2025-10-23 09:30:00,3885.62,3887.74,3880.8,3882.66,91624.0
2025-10-23 09:30:00,3885.62,3887.74,3880.8,3882.66,91624.0
2025-10-23 09:30:00,3885.62,3887.74,3880.8,3882.66,91624.0
2025-10-23 09:30:00,3885.62,3887.74,3880.8,3882.66,91624.0
2025-10-23 09:30:00,3885.62,3887.74,3880.8,3882.66,91624.0
2025-10-23 09:30:00,3885.62,3887.74,3880.8,3882.66,91624.0
2025-10-23 09:30:00,3885.62,3887.74,3880.8,3882.66,91624.0
2025-10-23 09:30:00,3885.62,3887.74,3880.8,3882.66,91624.0
2025-10-23 09:45:00,3882.66,3890.0,3878.9,3888.8,143084.07
2025-10-23 09:45:00,3882.66,3890.0,3878.9,3888.8,143084.07
2025-10-23 09:45:00,3882.66,3890.0,3878.9,3888.8,143084.07
2025-10-23 09:45:00,3882.66,3890.0,3878.9,3888.8,143084.07
2025-10-23 09:45:00,3882.66,3890.0,3878.9,3888.8,143084.07
2025-10-23 09:45:00,3882.66,3890.0,3878.9,3888.8,143084.07
2025-10-23 09:45:00,3882.66,3890.0,3878.9,3888.8,143084.07
2025-10-23 09:45:00,3882.66,3890.0,3878.9,3888.8,143084.07
2025-10-23 09:45:00,3882.66,3890.0,3878.9,3888.8,143084.07
2025-10-23 09:45:00,3882.66,3890.0,3878.9,3888.8,143084.07
2025-10-23 09:45:00,3882.66,3890.0,3878.9,3888.8,143084.07
2025-10-23 09:45:00,3882.66,3890.0,3878.9,3888.8,143084.07
2025-10-23 09:45:00,3882.66,3890.0,3878.9,3888.8,143084.07
2025-10-23 09:45:00,3882.66,3890.0,3878.9,3888.8,143084.07
2025-10-23 09:45:00,3882.66,3890.0,3878.9,3888.8,143084.07
2025-10-23 09:45:00,3882.66,3890.0,3878.9,3888.8,143084.07
2025-10-23 09:45:00,3882.66,3890.0,3878.9,3888.8,143084.07
2025-10-23 09:45:00,3882.66,3890.0,3878.9,3888.8,143084.07
2025-10-23 09:45:00,3882.66,3890.0,3878.9,3888.8,143084.07
2025-10-23 09:45:00,3882.66,3890.0,3878.9,3888.8,143084.07
2025-10-23 09:45:00,3882.66,3890.0,3878.9,3888.8,143084.07
2025-10-23 09:45:00,3882.66,3890.0,3878.9,3888.8,143084.07
2025-10-23 09:45:00,3882.66,3890.0,3878.9,3888.8,143084.07
2025-10-23 09:45:00,3882.66,3890.0,3878.9,3888.8,143084.07
2025-10-23 09:45:00,3882.66,3890.0,3878.9,3888.8,143084.07
2025-10-23 09:45:00,3882.66,3890.0,3878.9,3888.8,143084.07
2025-10-23 09:45:00,3882.66,3890.0,3878.9,3888.8,143084.07
2025-10-23 09:45:00,3882.66,3890.0,3878.9,3888.8,143084.07
2025-10-23 09:45:00,3882.66,3890.0,3878.9,3888.8,143084.07
2025-10-23 09:45:00,3882.66,3890.0,3878.9,3888.8,143084.07
2025-10-23 09:45:00,3882.66,3890.0,3878.9,3888.8,143084.07
2025-10-23 09:45:00,3882.66,3890.0,3878.9,3888.8,143084.07
2025-10-23 09:45:00,3882.66,3890.0,3878.9,3888.8,143084.07
2025-10-23 09:45:00,3882.66,3890.0,3878.9,3888.8,143084.07
2025-10-23 09:45:00,3882.66,3890.0,3878.9,3888.8,143084.07
2025-10-23 09:45:00,3882.66,3890.0,3878.9,3888.8,143084.07
2025-10-23 09:45:00,3882.66,3890.0,3878.9,3888.8,143084.07
2025-10-23 09:45:00,3882.66,3890.0,3878.9,3888.8,143084.07
2025-10-23 09:45:00,3882.66,3890.0,3878.9,3888.8,143084.07
2025-10-23 09:45:00,3882.66,3890.0,3878.9,3888.8,143084.07
2025-10-23 09:45:00,3882.66,3890.0,3878.9,3888.8,143084.07
2025-10-23 09:45:00,3882.66,3890.0,3878.9,3888.8,143084.07
2025-10-23 09:45:00,3882.66,3890.0,3878.9,3888.8,143084.07
2025-10-23 09:45:00,3882.66,3890.0,3878.9,3888.8,143084.07
2025-10-23 09:45:00,3882.66,3890.0,3878.9,3888.8,143084.07
2025-10-23 09:45:00,3882.66,3890.0,3878.9,3888.8,143084.07
2025-10-23 09:45:00,3882.66,3890.0,3878.9,3888.8,143084.07
2025-10-23 09:45:00,3882.66,3890.0,3878.9,3888.8,143084.07
2025-10-23 09:45:00,3882.66,3890.0,3878.9,3888.8,143084.07
2025-10-23 09:45:00,3882.66,3890.0,3878.9,3888.8,143084.07
2025-10-23 09:45:00,3882.66,3890.0,3878.9,3888.8,143084.07
2025-10-23 09:45:00,3882.66,3890.0,3878.9,3888.8,143084.07
2025-10-23 09:45:00,3882.66,3890.0,3878.9,3888.8,143084.07
2025-10-23 10:00:00,3888.8,3900.0,3888.4,3897.28,242153.64
2025-10-23 10:00:00,3888.8,3900.0,3888.4,3897.28,242153.64
2025-10-23 10:00:00,3888.8,3900.0,3888.4,3897.28,242153.64
2025-10-23 10:00:00,3888.8,3900.0,3888.4,3897.28,242153.64
2025-10-23 10:00:00,3888.8,3900.0,3888.4,3897.28,242153.64
2025-10-23 10:00:00,3888.8,3900.0,3888.4,3897.28,242153.64
2025-10-23 10:00:00,3888.8,3900.0,3888.4,3897.28,242153.64
2025-10-23 10:00:00,3888.8,3900.0,3888.4,3897.28,242153.64
2025-10-23 10:00:00,3888.8,3900.0,3888.4,3897.28,242153.64
2025-10-23 10:00:00,3888.8,3900.0,3888.4,3897.28,242153.64
2025-10-23 10:00:00,3888.8,3900.0,3888.4,3897.28,242153.64
2025-10-23 10:00:00,3888.8,3900.0,3888.4,3897.28,242153.64
2025-10-23 10:00:00,3888.8,3900.0,3888.4,3897.28,242153.64
2025-10-23 10:00:00,3888.8,3900.0,3888.4,3897.28,242153.64
2025-10-23 10:00:00,3888.8,3900.0,3888.4,3897.28,242153.64
2025-10-23 10:00:00,3888.8,3900.0,3888.4,3897.28,242153.64
2025-10-23 10:00:00,3888.8,3900.0,3888.4,3897.28,242153.64
2025-10-23 10:00:00,3888.8,3900.0,3888.4,3897.28,242153.64
2025-10-23 10:00:00,3888.8,3900.0,3888.4,3897.28,242153.64
2025-10-23 10:00:00,3888.8,3900.0,3888.4,3897.28,242153.64
2025-10-23 10:00:00,3888.8,3900.0,3888.4,3897.28,242153.64
2025-10-23 10:00:00,3888.8,3900.0,3888.4,3897.28,242153.64
2025-10-23 10:00:00,3888.8,3900.0,3888.4,3897.28,242153.64
2025-10-23 10:00:00,3888.8,3900.0,3888.4,3897.28,242153.64
2025-10-23 10:00:00,3888.8,3900.0,3888.4,3897.28,242153.64
2025-10-23 10:00:00,3888.8,3900.0,3888.4,3897.28,242153.64
2025-10-23 10:00:00,3888.8,3900.0,3888.4,3897.28,242153.64
2025-10-23 10:00:00,3888.8,3900.0,3888.4,3897.28,242153.64
2025-10-23 10:00:00,3888.8,3900.0,3888.4,3897.28,242153.64
2025-10-23 10:00:00,3888.8,3900.0,3888.4,3897.28,242153.64
2025-10-23 10:00:00,3888.8,3900.0,3888.4,3897.28,242153.64
2025-10-23 10:00:00,3888.8,3900.0,3888.4,3897.28,242153.64
2025-10-23 10:00:00,3888.8,3900.0,3888.4,3897.28,242153.64
2025-10-23 10:00:00,3888.8,3900.0,3888.4,3897.28,242153.64
2025-10-23 10:00:00,3888.8,3900.0,3888.4,3897.28,242153.64
2025-10-23 10:00:00,3888.8,3900.0,3888.4,3897.28,242153.64
2025-10-23 10:00:00,3888.8,3900.0,3888.4,3897.28,242153.64
2025-10-23 10:00:00,3888.8,3900.0,3888.4,3897.28,242153.64
2025-10-23 10:00:00,3888.8,3900.0,3888.4,3897.28,242153.64
2025-10-23 10:00:00,3888.8,3900.0,3888.4,3897.28,242153.64
2025-10-23 10:00:00,3888.8,3900.0,3888.4,3897.28,242153.64
2025-10-23 10:00:00,3888.8,3900.0,3888.4,3897.28,242153.64
2025-10-23 10:00:00,3888.8,3900.0,3888.4,3897.28,242153.64
2025-10-23 10:00:00,3888.8,3900.0,3888.4,3897.28,242153.64
2025-10-23 10:00:00,3888.8,3900.0,3888.4,3897.28,242153.64
2025-10-23 10:00:00,3888.8,3900.0,3888.4,3897.28,242153.64
2025-10-23 10:00:00,3888.8,3900.0,3888.4,3897.28,242153.64
2025-10-23 10:00:00,3888.8,3900.0,3888.4,3897.28,242153.64
2025-10-23 10:00:00,3888.8,3900.0,3888.4,3897.28,242153.64
2025-10-23 10:00:00,3888.8,3900.0,3888.4,3897.28,242153.64
2025-10-23 10:00:00,3888.8,3900.0,3888.4,3897.28,242153.64
2025-10-23 10:00:00,3888.8,3900.0,3888.4,3897.28,242153.64
2025-10-23 10:00:00,3888.8,3900.0,3888.4,3897.28,242153.64
2025-10-23 10:15:00,3897.28,3903.0,3892.99,3893.14,283956.05
2025-10-23 10:15:00,3897.28,3903.0,3892.99,3893.14,283956.05
2025-10-23 10:15:00,3897.28,3903.0,3892.99,3893.14,283956.05
2025-10-23 10:15:00,3897.28,3903.0,3892.99,3893.14,283956.05
2025-10-23 10:15:00,3897.28,3903.0,3892.99,3893.14,283956.05
2025-10-23 10:15:00,3897.28,3903.0,3892.99,3893.14,283956.05
2025-10-23 10:15:00,3897.28,3903.0,3892.99,3893.14,283956.05
2025-10-23 10:15:00,3897.28,3903.0,3892.99,3893.14,283956.05
2025-10-23 10:15:00,3897.28,3903.0,3892.99,3893.14,283956.05
2025-10-23 10:15:00,3897.28,3903.0,3892.99,3893.14,283956.05
2025-10-23 10:15:00,3897.28,3903.0,3892.99,3893.14,283956.05
2025-10-23 10:15:00,3897.28,3903.0,3892.99,3893.14,283956.05
2025-10-23 10:15:00,3897.28,3903.0,3892.99,3893.14,283956.05
2025-10-23 10:15:00,3897.28,3903.0,3892.99,3893.14,283956.05
2025-10-23 10:15:00,3897.28,3903.0,3892.99,3893.14,283956.05
2025-10-23 10:15:00,3897.28,3903.0,3892.99,3893.14,283956.05
2025-10-23 10:15:00,3897.28,3903.0,3892.99,3893.14,283956.05
2025-10-23 10:15:00,3897.28,3903.0,3892.99,3893.14,283956.05
2025-10-23 10:15:00,3897.28,3903.0,3892.99,3893.14,283956.05
2025-10-23 10:15:00,3897.28,3903.0,3892.99,3893.14,283956.05
2025-10-23 10:15:00,3897.28,3903.0,3892.99,3893.14,283956.05
2025-10-23 10:15:00,3897.28,3903.0,3892.99,3893.14,283956.05
2025-10-23 10:15:00,3897.28,3903.0,3892.99,3893.14,283956.05
2025-10-23 10:15:00,3897.28,3903.0,3892.99,3893.14,283956.05
2025-10-23 10:15:00,3897.28,3903.0,3892.99,3893.14,283956.05
2025-10-23 10:15:00,3897.28,3903.0,3892.99,3893.14,283956.05
2025-10-23 10:15:00,3897.28,3903.0,3892.99,3893.14,283956.05
2025-10-23 10:15:00,3897.28,3903.0,3892.99,3893.14,283956.05
2025-10-23 10:15:00,3897.28,3903.0,3892.99,3893.14,283956.05
2025-10-23 10:15:00,3897.28,3903.0,3892.99,3893.14,283956.05
2025-10-23 10:15:00,3897.28,3903.0,3892.99,3893.14,283956.05
2025-10-23 10:15:00,3897.28,3903.0,3892.99,3893.14,283956.05
2025-10-23 10:15:00,3897.28,3903.0,3892.99,3893.14,283956.05
2025-10-23 10:15:00,3897.28,3903.0,3892.99,3893.14,283956.05
2025-10-23 10:15:00,3897.28,3903.0,3892.99,3893.14,283956.05
2025-10-23 10:15:00,3897.28,3903.0,3892.99,3893.14,283956.05
2025-10-23 10:15:00,3897.28,3903.0,3892.99,3893.14,283956.05
2025-10-23 10:15:00,3897.28,3903.0,3892.99,3893.14,283956.05
2025-10-23 10:15:00,3897.28,3903.0,3892.99,3893.14,283956.05
2025-10-23 10:15:00,3897.28,3903.0,3892.99,3893.14,283956.05
2025-10-23 10:15:00,3897.28,3903.0,3892.99,3893.14,283956.05
2025-10-23 10:15:00,3897.28,3903.0,3892.99,3893.14,283956.05
2025-10-23 10:15:00,3897.28,3903.0,3892.99,3893.14,283956.05
2025-10-23 10:15:00,3897.28,3903.0,3892.99,3893.14,283956.05
2025-10-23 10:15:00,3897.28,3903.0,3892.99,3893.14,283956.05
2025-10-23 10:15:00,3897.28,3903.0,3892.99,3893.14,283956.05
2025-10-23 10:15:00,3897.28,3903.0,3892.99,3893.14,283956.05
2025-10-23 10:15:00,3897.28,3903.0,3892.99,3893.14,283956.05
2025-10-23 10:15:00,3897.28,3903.0,3892.99,3893.14,283956.05
2025-10-23 10:15:00,3897.28,3903.0,3892.99,3893.14,283956.05
2025-10-23 10:15:00,3897.28,3903.0,3892.99,3893.14,283956.05
2025-10-23 10:15:00,3897.28,3903.0,3892.99,3893.14,283956.05
2025-10-23 10:15:00,3897.28,3903.0,3892.99,3893.14,283956.05
2025-10-23 10:30:00,3893.14,3893.8,3875.59,3880.24,377115.53
2025-10-23 10:30:00,3893.14,3893.8,3875.59,3880.24,377115.53
2025-10-23 10:30:00,3893.14,3893.8,3875.59,3880.24,377115.53
2025-10-23 10:30:00,3893.14,3893.8,3875.59,3880.24,377115.53
2025-10-23 10:30:00,3893.14,3893.8,3875.59,3880.24,377115.53
2025-10-23 10:30:00,3893.14,3893.8,3875.59,3880.24,377115.53
2025-10-23 10:30:00,3893.14,3893.8,3875.59,3880.24,377115.53
2025-10-23 10:30:00,3893.14,3893.8,3875.59,3880.24,377115.53
2025-10-23 10:30:00,3893.14,3893.8,3875.59,3880.24,377115.53
2025-10-23 10:30:00,3893.14,3893.8,3875.59,3880.24,377115.53
2025-10-23 10:30:00,3893.14,3893.8,3875.59,3880.24,377115.53
2025-10-23 10:30:00,3893.14,3893.8,3875.59,3880.24,377115.53
2025-10-23 10:30:00,3893.14,3893.8,3875.59,3880.24,377115.53
2025-10-23 10:30:00,3893.14,3893.8,3875.59,3880.24,377115.53
2025-10-23 10:30:00,3893.14,3893.8,3875.59,3880.24,377115.53
2025-10-23 10:30:00,3893.14,3893.8,3875.59,3880.24,377115.53
2025-10-23 10:30:00,3893.14,3893.8,3875.59,3880.24,377115.53
2025-10-23 10:30:00,3893.14,3893.8,3875.59,3880.24,377115.53
2025-10-23 10:30:00,3893.14,3893.8,3875.59,3880.24,377115.53
2025-10-23 10:30:00,3893.14,3893.8,3875.59,3880.24,377115.53
2025-10-23 10:30:00,3893.14,3893.8,3875.59,3880.24,377115.53
2025-10-23 10:30:00,3893.14,3893.8,3875.59,3880.24,377115.53
2025-10-23 10:30:00,3893.14,3893.8,3875.59,3880.24,377115.53
2025-10-23 10:30:00,3893.14,3893.8,3875.59,3880.24,377115.53
2025-10-23 10:30:00,3893.14,3893.8,3875.59,3880.24,377115.53
2025-10-23 10:30:00,3893.14,3893.8,3875.59,3880.24,377115.53
2025-10-23 10:30:00,3893.14,3893.8,3875.59,3880.24,377115.53
2025-10-23 10:30:00,3893.14,3893.8,3875.59,3880.24,377115.53
2025-10-23 10:30:00,3893.14,3893.8,3875.59,3880.24,377115.53
2025-10-23 10:30:00,3893.14,3893.8,3875.59,3880.24,377115.53
2025-10-23 10:30:00,3893.14,3893.8,3875.59,3880.24,377115.53
2025-10-23 10:30:00,3893.14,3893.8,3875.59,3880.24,377115.53
2025-10-23 10:30:00,3893.14,3893.8,3875.59,3880.24,377115.53
2025-10-23 10:30:00,3893.14,3893.8,3875.59,3880.24,377115.53
2025-10-23 10:30:00,3893.14,3893.8,3875.59,3880.24,377115.53
2025-10-23 10:30:00,3893.14,3893.8,3875.59,3880.24,377115.53
2025-10-23 10:30:00,3893.14,3893.8,3875.59,3880.24,377115.53
2025-10-23 10:30:00,3893.14,3893.8,3875.59,3880.24,377115.53
2025-10-23 10:30:00,3893.14,3893.8,3875.59,3880.24,377115.53
2025-10-23 10:30:00,3893.14,3893.8,3875.59,3880.24,377115.53
2025-10-23 10:30:00,3893.14,3893.8,3875.59,3880.24,377115.53
2025-10-23 10:30:00,3893.14,3893.8,3875.59,3880.24,377115.53
2025-10-23 10:30:00,3893.14,3893.8,3875.59,3880.24,377115.53
2025-10-23 10:30:00,3893.14,3893.8,3875.59,3880.24,377115.53
2025-10-23 10:30:00,3893.14,3893.8,3875.59,3880.24,377115.53
2025-10-23 10:30:00,3893.14,3893.8,3875.59,3880.24,377115.53
2025-10-23 10:30:00,3893.14,3893.8,3875.59,3880.24,377115.53
2025-10-23 10:30:00,3893.14,3893.8,3875.59,3880.24,377115.53
2025-10-23 10:30:00,3893.14,3893.8,3875.59,3880.24,377115.53
2025-10-23 10:30:00,3893.14,3893.8,3875.59,3880.24,377115.53
2025-10-23 10:30:00,3893.14,3893.8,3875.59,3880.24,377115.53
2025-10-23 10:30:00,3893.14,3893.8,3875.59,3880.24,377115.53
2025-10-23 10:30:00,3893.14,3893.8,3875.59,3880.24,377115.53
2025-10-23 10:45:00,3880.24,3883.34,3875.58,3875.63,166971.92
2025-10-23 10:45:00,3880.24,3883.34,3875.58,3875.63,166971.92
2025-10-23 10:45:00,3880.24,3883.34,3875.58,3875.63,166971.92
2025-10-23 10:45:00,3880.24,3883.34,3875.58,3875.63,166971.92
2025-10-23 10:45:00,3880.24,3883.34,3875.58,3875.63,166971.92
2025-10-23 10:45:00,3880.24,3883.34,3875.58,3875.63,166971.92
2025-10-23 10:45:00,3880.24,3883.34,3875.58,3875.63,166971.92
2025-10-23 10:45:00,3880.24,3883.34,3875.58,3875.63,166971.92
2025-10-23 10:45:00,3880.24,3883.34,3875.58,3875.63,166971.92
2025-10-23 10:45:00,3880.24,3883.34,3875.58,3875.63,166971.92
2025-10-23 10:45:00,3880.24,3883.34,3875.58,3875.63,166971.92
2025-10-23 10:45:00,3880.24,3883.34,3875.58,3875.63,166971.92
2025-10-23 10:45:00,3880.24,3883.34,3875.58,3875.63,166971.92
2025-10-23 10:45:00,3880.24,3883.34,3875.58,3875.63,166971.92
2025-10-23 10:45:00,3880.24,3883.34,3875.58,3875.63,166971.92
2025-10-23 10:45:00,3880.24,3883.34,3875.58,3875.63,166971.92
2025-10-23 10:45:00,3880.24,3883.34,3875.58,3875.63,166971.92
2025-10-23 10:45:00,3880.24,3883.34,3875.58,3875.63,166971.92
2025-10-23 10:45:00,3880.24,3883.34,3875.58,3875.63,166971.92
2025-10-23 10:45:00,3880.24,3883.34,3875.58,3875.63,166971.92
2025-10-23 10:45:00,3880.24,3883.34,3875.58,3875.63,166971.92
2025-10-23 10:45:00,3880.24,3883.34,3875.58,3875.63,166971.92
2025-10-23 10:45:00,3880.24,3883.34,3875.58,3875.63,166971.92
2025-10-23 10:45:00,3880.24,3883.34,3875.58,3875.63,166971.92
2025-10-23 10:45:00,3880.24,3883.34,3875.58,3875.63,166971.92
2025-10-23 10:45:00,3880.24,3883.34,3875.58,3875.63,166971.92
2025-10-23 10:45:00,3880.24,3883.34,3875.58,3875.63,166971.92
2025-10-23 10:45:00,3880.24,3883.34,3875.58,3875.63,166971.92
2025-10-23 10:45:00,3880.24,3883.34,3875.58,3875.63,166971.92
2025-10-23 10:45:00,3880.24,3883.34,3875.58,3875.63,166971.92
2025-10-23 10:45:00,3880.24,3883.34,3875.58,3875.63,166971.92
2025-10-23 10:45:00,3880.24,3883.34,3875.58,3875.63,166971.92
2025-10-23 10:45:00,3880.24,3883.34,3875.58,3875.63,166971.92
2025-10-23 10:45:00,3880.24,3883.34,3875.58,3875.63,166971.92
2025-10-23 10:45:00,3880.24,3883.34,3875.58,3875.63,166971.92
2025-10-23 10:45:00,3880.24,3883.34,3875.58,3875.63,166971.92
2025-10-23 10:45:00,3880.24,3883.34,3875.58,3875.63,166971.92
2025-10-23 10:45:00,3880.24,3883.34,3875.58,3875.63,166971.92
2025-10-23 10:45:00,3880.24,3883.34,3875.58,3875.63,166971.92
2025-10-23 10:45:00,3880.24,3883.34,3875.58,3875.63,166971.92
2025-10-23 10:45:00,3880.24,3883.34,3875.58,3875.63,166971.92
2025-10-23 10:45:00,3880.24,3883.34,3875.58,3875.63,166971.92
2025-10-23 10:45:00,3880.24,3883.34,3875.58,3875.63,166971.92
2025-10-23 10:45:00,3880.24,3883.34,3875.58,3875.63,166971.92
2025-10-23 10:45:00,3880.24,3883.34,3875.58,3875.63,166971.92
2025-10-23 10:45:00,3880.24,3883.34,3875.58,3875.63,166971.92
2025-10-23 10:45:00,3880.24,3883.34,3875.58,3875.63,166971.92
2025-10-23 10:45:00,3880.24,3883.34,3875.58,3875.63,166971.92
2025-10-23 10:45:00,3880.24,3883.34,3875.58,3875.63,166971.92
2025-10-23 10:45:00,3880.24,3883.34,3875.58,3875.63,166971.92
2025-10-23 10:45:00,3880.24,3883.34,3875.58,3875.63,166971.92
2025-10-23 10:45:00,3880.24,3883.34,3875.58,3875.63,166971.92
2025-10-23 10:45:00,3880.24,3883.34,3875.58,3875.63,166971.92
2025-10-23 11:00:00,3875.63,3880.1,3871.15,3874.0,203913.29
2025-10-23 11:00:00,3875.63,3880.1,3871.15,3874.0,203913.29
2025-10-23 11:00:00,3875.63,3880.1,3871.15,3874.0,203913.29
2025-10-23 11:00:00,3875.63,3880.1,3871.15,3874.0,203913.29
2025-10-23 11:00:00,3875.63,3880.1,3871.15,3874.0,203913.29
2025-10-23 11:00:00,3875.63,3880.1,3871.15,3874.0,203913.29
2025-10-23 11:00:00,3875.63,3880.1,3871.15,3874.0,203913.29
2025-10-23 11:00:00,3875.63,3880.1,3871.15,3874.0,203913.29
2025-10-23 11:00:00,3875.63,3880.1,3871.15,3874.0,203913.29
2025-10-23 11:00:00,3875.63,3880.1,3871.15,3874.0,203913.29
2025-10-23 11:00:00,3875.63,3880.1,3871.15,3874.0,203913.29
2025-10-23 11:00:00,3875.63,3880.1,3871.15,3874.0,203913.29
2025-10-23 11:00:00,3875.63,3880.1,3871.15,3874.0,203913.29
2025-10-23 11:00:00,3875.63,3880.1,3871.15,3874.0,203913.29
2025-10-23 11:00:00,3875.63,3880.1,3871.15,3874.0,203913.29
2025-10-23 11:00:00,3875.63,3880.1,3871.15,3874.0,203913.29
2025-10-23 11:00:00,3875.63,3880.1,3871.15,3874.0,203913.29
2025-10-23 11:00:00,3875.63,3880.1,3871.15,3874.0,203913.29
2025-10-23 11:00:00,3875.63,3880.1,3871.15,3874.0,203913.29
2025-10-23 11:00:00,3875.63,3880.1,3871.15,3874.0,203913.29
2025-10-23 11:00:00,3875.63,3880.1,3871.15,3874.0,203913.29
2025-10-23 11:00:00,3875.63,3880.1,3871.15,3874.0,203913.29
2025-10-23 11:00:00,3875.63,3880.1,3871.15,3874.0,203913.29
2025-10-23 11:00:00,3875.63,3880.1,3871.15,3874.0,203913.29
2025-10-23 11:00:00,3875.63,3880.1,3871.15,3874.0,203913.29
2025-10-23 11:00:00,3875.63,3880.1,3871.15,3874.0,203913.29
2025-10-23 11:00:00,3875.63,3880.1,3871.15,3874.0,203913.29
2025-10-23 11:00:00,3875.63,3880.1,3871.15,3874.0,203913.29
2025-10-23 11:00:00,3875.63,3880.1,3871.15,3874.0,203913.29
2025-10-23 11:00:00,3875.63,3880.1,3871.15,3874.0,203913.29
2025-10-23 11:00:00,3875.63,3880.1,3871.15,3874.0,203913.29
2025-10-23 11:00:00,3875.63,3880.1,3871.15,3874.0,203913.29
2025-10-23 11:00:00,3875.63,3880.1,3871.15,3874.0,203913.29
2025-10-23 11:00:00,3875.63,3880.1,3871.15,3874.0,203913.29
2025-10-23 11:00:00,3875.63,3880.1,3871.15,3874.0,203913.29
2025-10-23 11:00:00,3875.63,3880.1,3871.15,3874.0,203913.29
2025-10-23 11:00:00,3875.63,3880.1,3871.15,3874.0,203913.29
2025-10-23 11:00:00,3875.63,3880.1,3871.15,3874.0,203913.29
2025-10-23 11:00:00,3875.63,3880.1,3871.15,3874.0,203913.29
2025-10-23 11:00:00,3875.63,3880.1,3871.15,3874.0,203913.29
2025-10-23 11:00:00,3875.63,3880.1,3871.15,3874.0,203913.29
2025-10-23 11:00:00,3875.63,3880.1,3871.15,3874.0,203913.29
2025-10-23 11:00:00,3875.63,3880.1,3871.15,3874.0,203913.29
2025-10-23 11:00:00,3875.63,3880.1,3871.15,3874.0,203913.29
2025-10-23 11:00:00,3875.63,3880.1,3871.15,3874.0,203913.29
2025-10-23 11:00:00,3875.63,3880.1,3871.15,3874.0,203913.29
2025-10-23 11:00:00,3875.63,3880.1,3871.15,3874.0,203913.29
2025-10-23 11:00:00,3875.63,3880.1,3871.15,3874.0,203913.29
2025-10-23 11:00:00,3875.63,3880.1,3871.15,3874.0,203913.29
2025-10-23 11:00:00,3875.63,3880.1,3871.15,3874.0,203913.29
2025-10-23 11:00:00,3875.63,3880.1,3871.15,3874.0,203913.29
2025-10-23 11:00:00,3875.63,3880.1,3871.15,3874.0,203913.29
2025-10-23 11:00:00,3875.63,3880.1,3871.15,3874.0,203913.29
2025-10-23 11:15:00,3874.0,3886.57,3855.26,3880.65,532792.68
2025-10-23 11:15:00,3874.0,3886.57,3855.26,3880.65,532792.68
2025-10-23 11:15:00,3874.0,3886.57,3855.26,3880.65,532792.68
2025-10-23 11:15:00,3874.0,3886.57,3855.26,3880.65,532792.68
2025-10-23 11:15:00,3874.0,3886.57,3855.26,3880.65,532792.68
2025-10-23 11:15:00,3874.0,3886.57,3855.26,3880.65,532792.68
2025-10-23 11:15:00,3874.0,3886.57,3855.26,3880.65,532792.68
2025-10-23 11:15:00,3874.0,3886.57,3855.26,3880.65,532792.68
2025-10-23 11:15:00,3874.0,3886.57,3855.26,3880.65,532792.68
2025-10-23 11:15:00,3874.0,3886.57,3855.26,3880.65,532792.68
2025-10-23 11:15:00,3874.0,3886.57,3855.26,3880.65,532792.68
2025-10-23 11:15:00,3874.0,3886.57,3855.26,3880.65,532792.68
2025-10-23 11:15:00,3874.0,3886.57,3855.26,3880.65,532792.68
2025-10-23 11:15:00,3874.0,3886.57,3855.26,3880.65,532792.68
2025-10-23 11:15:00,3874.0,3886.57,3855.26,3880.65,532792.68
2025-10-23 11:15:00,3874.0,3886.57,3855.26,3880.65,532792.68
2025-10-23 11:15:00,3874.0,3886.57,3855.26,3880.65,532792.68
2025-10-23 11:15:00,3874.0,3886.57,3855.26,3880.65,532792.68
2025-10-23 11:15:00,3874.0,3886.57,3855.26,3880.65,532792.68
2025-10-23 11:15:00,3874.0,3886.57,3855.26,3880.65,532792.68
2025-10-23 11:15:00,3874.0,3886.57,3855.26,3880.65,532792.68
2025-10-23 11:15:00,3874.0,3886.57,3855.26,3880.65,532792.68
2025-10-23 11:15:00,3874.0,3886.57,3855.26,3880.65,532792.68
2025-10-23 11:15:00,3874.0,3886.57,3855.26,3880.65,532792.68
2025-10-23 11:15:00,3874.0,3886.57,3855.26,3880.65,532792.68
2025-10-23 11:15:00,3874.0,3886.57,3855.26,3880.65,532792.68
2025-10-23 11:15:00,3874.0,3886.57,3855.26,3880.65,532792.68
2025-10-23 11:15:00,3874.0,3886.57,3855.26,3880.65,532792.68
2025-10-23 11:15:00,3874.0,3886.57,3855.26,3880.65,532792.68
2025-10-23 11:15:00,3874.0,3886.57,3855.26,3880.65,532792.68
2025-10-23 11:15:00,3874.0,3886.57,3855.26,3880.65,532792.68
2025-10-23 11:15:00,3874.0,3886.57,3855.26,3880.65,532792.68
2025-10-23 11:15:00,3874.0,3886.57,3855.26,3880.65,532792.68
2025-10-23 11:15:00,3874.0,3886.57,3855.26,3880.65,532792.68
2025-10-23 11:15:00,3874.0,3886.57,3855.26,3880.65,532792.68
2025-10-23 11:15:00,3874.0,3886.57,3855.26,3880.65,532792.68
2025-10-23 11:15:00,3874.0,3886.57,3855.26,3880.65,532792.68
2025-10-23 11:15:00,3874.0,3886.57,3855.26,3880.65,532792.68
2025-10-23 11:15:00,3874.0,3886.57,3855.26,3880.65,532792.68
2025-10-23 11:15:00,3874.0,3886.57,3855.26,3880.65,532792.68
2025-10-23 11:15:00,3874.0,3886.57,3855.26,3880.65,532792.68
2025-10-23 11:15:00,3874.0,3886.57,3855.26,3880.65,532792.68
2025-10-23 11:15:00,3874.0,3886.57,3855.26,3880.65,532792.68
2025-10-23 11:15:00,3874.0,3886.57,3855.26,3880.65,532792.68
2025-10-23 11:15:00,3874.0,3886.57,3855.26,3880.65,532792.68
2025-10-23 11:15:00,3874.0,3886.57,3855.26,3880.65,532792.68
2025-10-23 11:15:00,3874.0,3886.57,3855.26,3880.65,532792.68
2025-10-23 11:15:00,3874.0,3886.57,3855.26,3880.65,532792.68
2025-10-23 11:15:00,3874.0,3886.57,3855.26,3880.65,532792.68
2025-10-23 11:15:00,3874.0,3886.57,3855.26,3880.65,532792.68
2025-10-23 11:15:00,3874.0,3886.57,3855.26,3880.65,532792.68
2025-10-23 11:15:00,3874.0,3886.57,3855.26,3880.65,532792.68
2025-10-23 11:15:00,3874.0,3886.57,3855.26,3880.65,532792.68
2025-10-23 11:30:00,3880.66,3881.88,3860.57,3864.84,331917.81
2025-10-23 11:30:00,3880.66,3881.88,3860.57,3864.84,331917.81
2025-10-23 11:30:00,3880.66,3881.88,3860.57,3864.84,331917.81
2025-10-23 11:30:00,3880.66,3881.88,3860.57,3864.84,331917.81
2025-10-23 11:30:00,3880.66,3881.88,3860.57,3864.84,331917.81
2025-10-23 11:30:00,3880.66,3881.88,3860.57,3864.84,331917.81
2025-10-23 11:30:00,3880.66,3881.88,3860.57,3864.84,331917.81
2025-10-23 11:30:00,3880.66,3881.88,3860.57,3864.84,331917.81
2025-10-23 11:30:00,3880.66,3881.88,3860.57,3864.84,331917.81
2025-10-23 11:30:00,3880.66,3881.88,3860.57,3864.84,331917.81
2025-10-23 11:30:00,3880.66,3881.88,3860.57,3864.84,331917.81
2025-10-23 11:30:00,3880.66,3881.88,3860.57,3864.84,331917.81
2025-10-23 11:30:00,3880.66,3881.88,3860.57,3864.84,331917.81
2025-10-23 11:30:00,3880.66,3881.88,3860.57,3864.84,331917.81
2025-10-23 11:30:00,3880.66,3881.88,3860.57,3864.84,331917.81
2025-10-23 11:30:00,3880.66,3881.88,3860.57,3864.84,331917.81
2025-10-23 11:30:00,3880.66,3881.88,3860.57,3864.84,331917.81
2025-10-23 11:30:00,3880.66,3881.88,3860.57,3864.84,331917.81
2025-10-23 11:30:00,3880.66,3881.88,3860.57,3864.84,331917.81
2025-10-23 11:30:00,3880.66,3881.88,3860.57,3864.84,331917.81
2025-10-23 11:30:00,3880.66,3881.88,3860.57,3864.84,331917.81
2025-10-23 11:30:00,3880.66,3881.88,3860.57,3864.84,331917.81
2025-10-23 11:30:00,3880.66,3881.88,3860.57,3864.84,331917.81
2025-10-23 11:30:00,3880.66,3881.88,3860.57,3864.84,331917.81
2025-10-23 11:30:00,3880.66,3881.88,3860.57,3864.84,331917.81
2025-10-23 11:30:00,3880.66,3881.88,3860.57,3864.84,331917.81
2025-10-23 11:30:00,3880.66,3881.88,3860.57,3864.84,331917.81
2025-10-23 11:30:00,3880.66,3881.88,3860.57,3864.84,331917.81
2025-10-23 11:30:00,3880.66,3881.88,3860.57,3864.84,331917.81
2025-10-23 11:30:00,3880.66,3881.88,3860.57,3864.84,331917.81
2025-10-23 11:30:00,3880.66,3881.88,3860.57,3864.84,331917.81
2025-10-23 11:30:00,3880.66,3881.88,3860.57,3864.84,331917.81
2025-10-23 11:30:00,3880.66,3881.88,3860.57,3864.84,331917.81
2025-10-23 11:30:00,3880.66,3881.88,3860.57,3864.84,331917.81
2025-10-23 11:30:00,3880.66,3881.88,3860.57,3864.84,331917.81
2025-10-23 11:30:00,3880.66,3881.88,3860.57,3864.84,331917.81
2025-10-23 11:30:00,3880.66,3881.88,3860.57,3864.84,331917.81
2025-10-23 11:30:00,3880.66,3881.88,3860.57,3864.84,331917.81
2025-10-23 11:30:00,3880.66,3881.88,3860.57,3864.84,331917.81
2025-10-23 11:30:00,3880.66,3881.88,3860.57,3864.84,331917.81
2025-10-23 11:30:00,3880.66,3881.88,3860.57,3864.84,331917.81
2025-10-23 11:30:00,3880.66,3881.88,3860.57,3864.84,331917.81
2025-10-23 11:30:00,3880.66,3881.88,3860.57,3864.84,331917.81
2025-10-23 11:30:00,3880.66,3881.88,3860.57,3864.84,331917.81
2025-10-23 11:30:00,3880.66,3881.88,3860.57,3864.84,331917.81
2025-10-23 11:30:00,3880.66,3881.88,3860.57,3864.84,331917.81
2025-10-23 11:30:00,3880.66,3881.88,3860.57,3864.84,331917.81
2025-10-23 11:30:00,3880.66,3881.88,3860.57,3864.84,331917.81
2025-10-23 11:30:00,3880.66,3881.88,3860.57,3864.84,331917.81
2025-10-23 11:30:00,3880.66,3881.88,3860.57,3864.84,331917.81
2025-10-23 11:30:00,3880.66,3881.88,3860.57,3864.84,331917.81
2025-10-23 11:30:00,3880.66,3881.88,3860.57,3864.84,331917.81
2025-10-23 11:30:00,3880.66,3881.88,3860.57,3864.84,331917.81
2025-10-23 11:45:00,3864.85,3867.87,3858.49,3861.83,206707.97
2025-10-23 11:45:00,3864.85,3867.87,3858.49,3861.83,206707.97
2025-10-23 11:45:00,3864.85,3867.87,3858.49,3861.83,206707.97
2025-10-23 11:45:00,3864.85,3867.87,3858.49,3861.83,206707.97
2025-10-23 11:45:00,3864.85,3867.87,3858.49,3861.83,206707.97
2025-10-23 11:45:00,3864.85,3867.87,3858.49,3861.83,206707.97
2025-10-23 11:45:00,3864.85,3867.87,3858.49,3861.83,206707.97
2025-10-23 11:45:00,3864.85,3867.87,3858.49,3861.83,206707.97
2025-10-23 11:45:00,3864.85,3867.87,3858.49,3861.83,206707.97
2025-10-23 11:45:00,3864.85,3867.87,3858.49,3861.83,206707.97
2025-10-23 11:45:00,3864.85,3867.87,3858.49,3861.83,206707.97
2025-10-23 11:45:00,3864.85,3867.87,3858.49,3861.83,206707.97
2025-10-23 11:45:00,3864.85,3867.87,3858.49,3861.83,206707.97
2025-10-23 11:45:00,3864.85,3867.87,3858.49,3861.83,206707.97
2025-10-23 11:45:00,3864.85,3867.87,3858.49,3861.83,206707.97
2025-10-23 11:45:00,3864.85,3867.87,3858.49,3861.83,206707.97
2025-10-23 11:45:00,3864.85,3867.87,3858.49,3861.83,206707.97
2025-10-23 11:45:00,3864.85,3867.87,3858.49,3861.83,206707.97
2025-10-23 11:45:00,3864.85,3867.87,3858.49,3861.83,206707.97
2025-10-23 11:45:00,3864.85,3867.87,3858.49,3861.83,206707.97
2025-10-23 11:45:00,3864.85,3867.87,3858.49,3861.83,206707.97
2025-10-23 11:45:00,3864.85,3867.87,3858.49,3861.83,206707.97
2025-10-23 11:45:00,3864.85,3867.87,3858.49,3861.83,206707.97
2025-10-23 11:45:00,3864.85,3867.87,3858.49,3861.83,206707.97
2025-10-23 11:45:00,3864.85,3867.87,3858.49,3861.83,206707.97
2025-10-23 11:45:00,3864.85,3867.87,3858.49,3861.83,206707.97
2025-10-23 11:45:00,3864.85,3867.87,3858.49,3861.83,206707.97
2025-10-23 11:45:00,3864.85,3867.87,3858.49,3861.83,206707.97
2025-10-23 11:45:00,3864.85,3867.87,3858.49,3861.83,206707.97
2025-10-23 11:45:00,3864.85,3867.87,3858.49,3861.83,206707.97
2025-10-23 11:45:00,3864.85,3867.87,3858.49,3861.83,206707.97
2025-10-23 11:45:00,3864.85,3867.87,3858.49,3861.83,206707.97
2025-10-23 11:45:00,3864.85,3867.87,3858.49,3861.83,206707.97
2025-10-23 11:45:00,3864.85,3867.87,3858.49,3861.83,206707.97
2025-10-23 11:45:00,3864.85,3867.87,3858.49,3861.83,206707.97
2025-10-23 11:45:00,3864.85,3867.87,3858.49,3861.83,206707.97
2025-10-23 11:45:00,3864.85,3867.87,3858.49,3861.83,206707.97
2025-10-23 11:45:00,3864.85,3867.87,3858.49,3861.83,206707.97
2025-10-23 11:45:00,3864.85,3867.87,3858.49,3861.83,206707.97
2025-10-23 11:45:00,3864.85,3867.87,3858.49,3861.83,206707.97
2025-10-23 11:45:00,3864.85,3867.87,3858.49,3861.83,206707.97
2025-10-23 11:45:00,3864.85,3867.87,3858.49,3861.83,206707.97
2025-10-23 11:45:00,3864.85,3867.87,3858.49,3861.83,206707.97
2025-10-23 11:45:00,3864.85,3867.87,3858.49,3861.83,206707.97
2025-10-23 11:45:00,3864.85,3867.87,3858.49,3861.83,206707.97
2025-10-23 11:45:00,3864.85,3867.87,3858.49,3861.83,206707.97
2025-10-23 11:45:00,3864.85,3867.87,3858.49,3861.83,206707.97
2025-10-23 11:45:00,3864.85,3867.87,3858.49,3861.83,206707.97
2025-10-23 11:45:00,3864.85,3867.87,3858.49,3861.83,206707.97
2025-10-23 11:45:00,3864.85,3867.87,3858.49,3861.83,206707.97
2025-10-23 11:45:00,3864.85,3867.87,3858.49,3861.83,206707.97
2025-10-23 11:45:00,3864.85,3867.87,3858.49,3861.83,206707.97
2025-10-23 11:45:00,3864.85,3867.87,3858.49,3861.83,206707.97
2025-10-23 12:00:00,3861.83,3861.83,3833.8,3844.01,805509.59
2025-10-23 12:00:00,3861.83,3861.83,3833.8,3844.01,805509.59
2025-10-23 12:00:00,3861.83,3861.83,3833.8,3844.01,805509.59
2025-10-23 12:00:00,3861.83,3861.83,3833.8,3844.01,805509.59
2025-10-23 12:00:00,3861.83,3861.83,3833.8,3844.01,805509.59
2025-10-23 12:00:00,3861.83,3861.83,3833.8,3844.01,805509.59
2025-10-23 12:00:00,3861.83,3861.83,3833.8,3844.01,805509.59
2025-10-23 12:00:00,3861.83,3861.83,3833.8,3844.01,805509.59
2025-10-23 12:00:00,3861.83,3861.83,3833.8,3844.01,805509.59
2025-10-23 12:00:00,3861.83,3861.83,3833.8,3844.01,805509.59
2025-10-23 12:00:00,3861.83,3861.83,3833.8,3844.01,805509.59
2025-10-23 12:00:00,3861.83,3861.83,3833.8,3844.01,805509.59
2025-10-23 12:00:00,3861.83,3861.83,3833.8,3844.01,805509.59
2025-10-23 12:00:00,3861.83,3861.83,3833.8,3844.01,805509.59
2025-10-23 12:00:00,3861.83,3861.83,3833.8,3844.01,805509.59
2025-10-23 12:00:00,3861.83,3861.83,3833.8,3844.01,805509.59
2025-10-23 12:00:00,3861.83,3861.83,3833.8,3844.01,805509.59
2025-10-23 12:00:00,3861.83,3861.83,3833.8,3844.01,805509.59
2025-10-23 12:00:00,3861.83,3861.83,3833.8,3844.01,805509.59
2025-10-23 12:00:00,3861.83,3861.83,3833.8,3844.01,805509.59
2025-10-23 12:00:00,3861.83,3861.83,3833.8,3844.01,805509.59
2025-10-23 12:00:00,3861.83,3861.83,3833.8,3844.01,805509.59
2025-10-23 12:00:00,3861.83,3861.83,3833.8,3844.01,805509.59
2025-10-23 12:00:00,3861.83,3861.83,3833.8,3844.01,805509.59
2025-10-23 12:00:00,3861.83,3861.83,3833.8,3844.01,805509.59
2025-10-23 12:00:00,3861.83,3861.83,3833.8,3844.01,805509.59
2025-10-23 12:00:00,3861.83,3861.83,3833.8,3844.01,805509.59
2025-10-23 12:00:00,3861.83,3861.83,3833.8,3844.01,805509.59
2025-10-23 12:00:00,3861.83,3861.83,3833.8,3844.01,805509.59
2025-10-23 12:00:00,3861.83,3861.83,3833.8,3844.01,805509.59
2025-10-23 12:00:00,3861.83,3861.83,3833.8,3844.01,805509.59
2025-10-23 12:00:00,3861.83,3861.83,3833.8,3844.01,805509.59
2025-10-23 12:00:00,3861.83,3861.83,3833.8,3844.01,805509.59
2025-10-23 12:00:00,3861.83,3861.83,3833.8,3844.01,805509.59
2025-10-23 12:00:00,3861.83,3861.83,3833.8,3844.01,805509.59
2025-10-23 12:00:00,3861.83,3861.83,3833.8,3844.01,805509.59
2025-10-23 12:00:00,3861.83,3861.83,3833.8,3844.01,805509.59
2025-10-23 12:00:00,3861.83,3861.83,3833.8,3844.01,805509.59
2025-10-23 12:00:00,3861.83,3861.83,3833.8,3844.01,805509.59
2025-10-23 12:00:00,3861.83,3861.83,3833.8,3844.01,805509.59
2025-10-23 12:00:00,3861.83,3861.83,3833.8,3844.01,805509.59
2025-10-23 12:00:00,3861.83,3861.83,3833.8,3844.01,805509.59
2025-10-23 12:00:00,3861.83,3861.83,3833.8,3844.01,805509.59
2025-10-23 12:00:00,3861.83,3861.83,3833.8,3844.01,805509.59
2025-10-23 12:00:00,3861.83,3861.83,3833.8,3844.01,805509.59
2025-10-23 12:00:00,3861.83,3861.83,3833.8,3844.01,805509.59
2025-10-23 12:00:00,3861.83,3861.83,3833.8,3844.01,805509.59
2025-10-23 12:00:00,3861.83,3861.83,3833.8,3844.01,805509.59
2025-10-23 12:00:00,3861.83,3861.83,3833.8,3844.01,805509.59
2025-10-23 12:00:00,3861.83,3861.83,3833.8,3844.01,805509.59
2025-10-23 12:00:00,3861.83,3861.83,3833.8,3844.01,805509.59
2025-10-23 12:00:00,3861.83,3861.83,3833.8,3844.01,805509.59
2025-10-23 12:00:00,3861.83,3861.83,3833.8,3844.01,805509.59
2025-10-23 12:15:00,3844.0,3857.8,3840.0,3855.56,240478.53
2025-10-23 12:15:00,3844.0,3857.8,3840.0,3855.56,240478.53
2025-10-23 12:15:00,3844.0,3857.8,3840.0,3855.56,240478.53
2025-10-23 12:15:00,3844.0,3857.8,3840.0,3855.56,240478.53
2025-10-23 12:15:00,3844.0,3857.8,3840.0,3855.56,240478.53
2025-10-23 12:15:00,3844.0,3857.8,3840.0,3855.56,240478.53
2025-10-23 12:15:00,3844.0,3857.8,3840.0,3855.56,240478.53
2025-10-23 12:15:00,3844.0,3857.8,3840.0,3855.56,240478.53
2025-10-23 12:15:00,3844.0,3857.8,3840.0,3855.56,240478.53
2025-10-23 12:15:00,3844.0,3857.8,3840.0,3855.56,240478.53
2025-10-23 12:15:00,3844.0,3857.8,3840.0,3855.56,240478.53
2025-10-23 12:15:00,3844.0,3857.8,3840.0,3855.56,240478.53
2025-10-23 12:15:00,3844.0,3857.8,3840.0,3855.56,240478.53
2025-10-23 12:15:00,3844.0,3857.8,3840.0,3855.56,240478.53
2025-10-23 12:15:00,3844.0,3857.8,3840.0,3855.56,240478.53
2025-10-23 12:15:00,3844.0,3857.8,3840.0,3855.56,240478.53
2025-10-23 12:15:00,3844.0,3857.8,3840.0,3855.56,240478.53
2025-10-23 12:15:00,3844.0,3857.8,3840.0,3855.56,240478.53
2025-10-23 12:15:00,3844.0,3857.8,3840.0,3855.56,240478.53
2025-10-23 12:15:00,3844.0,3857.8,3840.0,3855.56,240478.53
2025-10-23 12:15:00,3844.0,3857.8,3840.0,3855.56,240478.53
2025-10-23 12:15:00,3844.0,3857.8,3840.0,3855.56,240478.53
2025-10-23 12:15:00,3844.0,3857.8,3840.0,3855.56,240478.53
2025-10-23 12:15:00,3844.0,3857.8,3840.0,3855.56,240478.53
2025-10-23 12:15:00,3844.0,3857.8,3840.0,3855.56,240478.53
2025-10-23 12:15:00,3844.0,3857.8,3840.0,3855.56,240478.53
2025-10-23 12:15:00,3844.0,3857.8,3840.0,3855.56,240478.53
2025-10-23 12:15:00,3844.0,3857.8,3840.0,3855.56,240478.53
2025-10-23 12:15:00,3844.0,3857.8,3840.0,3855.56,240478.53
2025-10-23 12:15:00,3844.0,3857.8,3840.0,3855.56,240478.53
2025-10-23 12:15:00,3844.0,3857.8,3840.0,3855.56,240478.53
2025-10-23 12:15:00,3844.0,3857.8,3840.0,3855.56,240478.53
2025-10-23 12:15:00,3844.0,3857.8,3840.0,3855.56,240478.53
2025-10-23 12:15:00,3844.0,3857.8,3840.0,3855.56,240478.53
2025-10-23 12:15:00,3844.0,3857.8,3840.0,3855.56,240478.53
2025-10-23 12:15:00,3844.0,3857.8,3840.0,3855.56,240478.53
2025-10-23 12:15:00,3844.0,3857.8,3840.0,3855.56,240478.53
2025-10-23 12:15:00,3844.0,3857.8,3840.0,3855.56,240478.53
2025-10-23 12:15:00,3844.0,3857.8,3840.0,3855.56,240478.53
2025-10-23 12:15:00,3844.0,3857.8,3840.0,3855.56,240478.53
2025-10-23 12:15:00,3844.0,3857.8,3840.0,3855.56,240478.53
2025-10-23 12:15:00,3844.0,3857.8,3840.0,3855.56,240478.53
2025-10-23 12:15:00,3844.0,3857.8,3840.0,3855.56,240478.53
2025-10-23 12:15:00,3844.0,3857.8,3840.0,3855.56,240478.53
2025-10-23 12:15:00,3844.0,3857.8,3840.0,3855.56,240478.53
2025-10-23 12:15:00,3844.0,3857.8,3840.0,3855.56,240478.53
2025-10-23 12:15:00,3844.0,3857.8,3840.0,3855.56,240478.53
2025-10-23 12:15:00,3844.0,3857.8,3840.0,3855.56,240478.53
2025-10-23 12:15:00,3844.0,3857.8,3840.0,3855.56,240478.53
2025-10-23 12:15:00,3844.0,3857.8,3840.0,3855.56,240478.53
2025-10-23 12:15:00,3844.0,3857.8,3840.0,3855.56,240478.53
2025-10-23 12:15:00,3844.0,3857.8,3840.0,3855.56,240478.53
2025-10-23 12:15:00,3844.0,3857.8,3840.0,3855.56,240478.53
2025-10-23 12:30:00,3855.55,3855.64,3839.88,3850.0,235619.9
2025-10-23 12:30:00,3855.55,3855.64,3839.88,3850.0,235619.9
2025-10-23 12:30:00,3855.55,3855.64,3839.88,3850.0,235619.9
2025-10-23 12:30:00,3855.55,3855.64,3839.88,3850.0,235619.9
2025-10-23 12:30:00,3855.55,3855.64,3839.88,3850.0,235619.9
2025-10-23 12:30:00,3855.55,3855.64,3839.88,3850.0,235619.9
2025-10-23 12:30:00,3855.55,3855.64,3839.88,3850.0,235619.9
2025-10-23 12:30:00,3855.55,3855.64,3839.88,3850.0,235619.9
2025-10-23 12:30:00,3855.55,3855.64,3839.88,3850.0,235619.9
2025-10-23 12:30:00,3855.55,3855.64,3839.88,3850.0,235619.9
2025-10-23 12:30:00,3855.55,3855.64,3839.88,3850.0,235619.9
2025-10-23 12:30:00,3855.55,3855.64,3839.88,3850.0,235619.9
2025-10-23 12:30:00,3855.55,3855.64,3839.88,3850.0,235619.9
2025-10-23 12:30:00,3855.55,3855.64,3839.88,3850.0,235619.9
2025-10-23 12:30:00,3855.55,3855.64,3839.88,3850.0,235619.9
2025-10-23 12:30:00,3855.55,3855.64,3839.88,3850.0,235619.9
2025-10-23 12:30:00,3855.55,3855.64,3839.88,3850.0,235619.9
2025-10-23 12:30:00,3855.55,3855.64,3839.88,3850.0,235619.9
2025-10-23 12:30:00,3855.55,3855.64,3839.88,3850.0,235619.9
2025-10-23 12:30:00,3855.55,3855.64,3839.88,3850.0,235619.9
2025-10-23 12:30:00,3855.55,3855.64,3839.88,3850.0,235619.9
2025-10-23 12:30:00,3855.55,3855.64,3839.88,3850.0,235619.9
2025-10-23 12:30:00,3855.55,3855.64,3839.88,3850.0,235619.9
2025-10-23 12:30:00,3855.55,3855.64,3839.88,3850.0,235619.9
2025-10-23 12:30:00,3855.55,3855.64,3839.88,3850.0,235619.9
2025-10-23 12:30:00,3855.55,3855.64,3839.88,3850.0,235619.9
2025-10-23 12:30:00,3855.55,3855.64,3839.88,3850.0,235619.9
2025-10-23 12:30:00,3855.55,3855.64,3839.88,3850.0,235619.9
2025-10-23 12:30:00,3855.55,3855.64,3839.88,3850.0,235619.9
2025-10-23 12:30:00,3855.55,3855.64,3839.88,3850.0,235619.9
2025-10-23 12:30:00,3855.55,3855.64,3839.88,3850.0,235619.9
2025-10-23 12:30:00,3855.55,3855.64,3839.88,3850.0,235619.9
2025-10-23 12:30:00,3855.55,3855.64,3839.88,3850.0,235619.9
2025-10-23 12:30:00,3855.55,3855.64,3839.88,3850.0,235619.9
2025-10-23 12:30:00,3855.55,3855.64,3839.88,3850.0,235619.9
2025-10-23 12:30:00,3855.55,3855.64,3839.88,3850.0,235619.9
2025-10-23 12:30:00,3855.55,3855.64,3839.88,3850.0,235619.9
2025-10-23 12:30:00,3855.55,3855.64,3839.88,3850.0,235619.9
2025-10-23 12:30:00,3855.55,3855.64,3839.88,3850.0,235619.9
2025-10-23 12:30:00,3855.55,3855.64,3839.88,3850.0,235619.9
2025-10-23 12:30:00,3855.55,3855.64,3839.88,3850.0,235619.9
2025-10-23 12:30:00,3855.55,3855.64,3839.88,3850.0,235619.9
2025-10-23 12:30:00,3855.55,3855.64,3839.88,3850.0,235619.9
2025-10-23 12:30:00,3855.55,3855.64,3839.88,3850.0,235619.9
2025-10-23 12:30:00,3855.55,3855.64,3839.88,3850.0,235619.9
2025-10-23 12:30:00,3855.55,3855.64,3839.88,3850.0,235619.9
2025-10-23 12:30:00,3855.55,3855.64,3839.88,3850.0,235619.9
2025-10-23 12:30:00,3855.55,3855.64,3839.88,3850.0,235619.9
2025-10-23 12:30:00,3855.55,3855.64,3839.88,3850.0,235619.9
2025-10-23 12:30:00,3855.55,3855.64,3839.88,3850.0,235619.9
2025-10-23 12:30:00,3855.55,3855.64,3839.88,3850.0,235619.9
2025-10-23 12:30:00,3855.55,3855.64,3839.88,3850.0,235619.9
2025-10-23 12:30:00,3855.55,3855.64,3839.88,3850.0,235619.9
2025-10-23 12:45:00,3850.0,3856.4,3843.12,3851.75,267536.82
2025-10-23 12:45:00,3850.0,3856.4,3843.12,3851.75,267536.82
2025-10-23 12:45:00,3850.0,3856.4,3843.12,3851.75,267536.82
2025-10-23 12:45:00,3850.0,3856.4,3843.12,3851.75,267536.82
2025-10-23 12:45:00,3850.0,3856.4,3843.12,3851.75,267536.82
2025-10-23 12:45:00,3850.0,3856.4,3843.12,3851.75,267536.82
2025-10-23 12:45:00,3850.0,3856.4,3843.12,3851.75,267536.82
2025-10-23 12:45:00,3850.0,3856.4,3843.12,3851.75,267536.82
2025-10-23 12:45:00,3850.0,3856.4,3843.12,3851.75,267536.82
2025-10-23 12:45:00,3850.0,3856.4,3843.12,3851.75,267536.82
2025-10-23 12:45:00,3850.0,3856.4,3843.12,3851.75,267536.82
2025-10-23 12:45:00,3850.0,3856.4,3843.12,3851.75,267536.82
2025-10-23 12:45:00,3850.0,3856.4,3843.12,3851.75,267536.82
2025-10-23 12:45:00,3850.0,3856.4,3843.12,3851.75,267536.82
2025-10-23 12:45:00,3850.0,3856.4,3843.12,3851.75,267536.82
2025-10-23 12:45:00,3850.0,3856.4,3843.12,3851.75,267536.82
2025-10-23 12:45:00,3850.0,3856.4,3843.12,3851.75,267536.82
2025-10-23 12:45:00,3850.0,3856.4,3843.12,3851.75,267536.82
2025-10-23 12:45:00,3850.0,3856.4,3843.12,3851.75,267536.82
2025-10-23 12:45:00,3850.0,3856.4,3843.12,3851.75,267536.82
2025-10-23 12:45:00,3850.0,3856.4,3843.12,3851.75,267536.82
2025-10-23 12:45:00,3850.0,3856.4,3843.12,3851.75,267536.82
2025-10-23 12:45:00,3850.0,3856.4,3843.12,3851.75,267536.82
2025-10-23 12:45:00,3850.0,3856.4,3843.12,3851.75,267536.82
2025-10-23 12:45:00,3850.0,3856.4,3843.12,3851.75,267536.82
2025-10-23 12:45:00,3850.0,3856.4,3843.12,3851.75,267536.82
2025-10-23 12:45:00,3850.0,3856.4,3843.12,3851.75,267536.82
2025-10-23 12:45:00,3850.0,3856.4,3843.12,3851.75,267536.82
2025-10-23 12:45:00,3850.0,3856.4,3843.12,3851.75,267536.82
2025-10-23 12:45:00,3850.0,3856.4,3843.12,3851.75,267536.82
2025-10-23 12:45:00,3850.0,3856.4,3843.12,3851.75,267536.82
2025-10-23 12:45:00,3850.0,3856.4,3843.12,3851.75,267536.82
2025-10-23 12:45:00,3850.0,3856.4,3843.12,3851.75,267536.82
2025-10-23 12:45:00,3850.0,3856.4,3843.12,3851.75,267536.82
2025-10-23 12:45:00,3850.0,3856.4,3843.12,3851.75,267536.82
2025-10-23 12:45:00,3850.0,3856.4,3843.12,3851.75,267536.82
2025-10-23 12:45:00,3850.0,3856.4,3843.12,3851.75,267536.82
2025-10-23 12:45:00,3850.0,3856.4,3843.12,3851.75,267536.82
2025-10-23 12:45:00,3850.0,3856.4,3843.12,3851.75,267536.82
2025-10-23 12:45:00,3850.0,3856.4,3843.12,3851.75,267536.82
2025-10-23 12:45:00,3850.0,3856.4,3843.12,3851.75,267536.82
2025-10-23 12:45:00,3850.0,3856.4,3843.12,3851.75,267536.82
2025-10-23 12:45:00,3850.0,3856.4,3843.12,3851.75,267536.82
2025-10-23 12:45:00,3850.0,3856.4,3843.12,3851.75,267536.82
2025-10-23 12:45:00,3850.0,3856.4,3843.12,3851.75,267536.82
2025-10-23 12:45:00,3850.0,3856.4,3843.12,3851.75,267536.82
2025-10-23 12:45:00,3850.0,3856.4,3843.12,3851.75,267536.82
2025-10-23 12:45:00,3850.0,3856.4,3843.12,3851.75,267536.82
2025-10-23 12:45:00,3850.0,3856.4,3843.12,3851.75,267536.82
2025-10-23 12:45:00,3850.0,3856.4,3843.12,3851.75,267536.82
2025-10-23 12:45:00,3850.0,3856.4,3843.12,3851.75,267536.82
2025-10-23 12:45:00,3850.0,3856.4,3843.12,3851.75,267536.82
2025-10-23 12:45:00,3850.0,3856.4,3843.12,3851.75,267536.82
2025-10-23 13:00:00,3851.76,3852.95,3831.14,3844.78,388966.91
2025-10-23 13:00:00,3851.76,3852.95,3831.14,3844.78,388966.91
2025-10-23 13:00:00,3851.76,3852.95,3831.14,3844.78,388966.91
2025-10-23 13:00:00,3851.76,3852.95,3831.14,3844.78,388966.91
2025-10-23 13:00:00,3851.76,3852.95,3831.14,3844.78,388966.91
2025-10-23 13:00:00,3851.76,3852.95,3831.14,3844.78,388966.91
2025-10-23 13:00:00,3851.76,3852.95,3831.14,3844.78,388966.91
2025-10-23 13:00:00,3851.76,3852.95,3831.14,3844.78,388966.91
2025-10-23 13:00:00,3851.76,3852.95,3831.14,3844.78,388966.91
2025-10-23 13:00:00,3851.76,3852.95,3831.14,3844.78,388966.91
2025-10-23 13:00:00,3851.76,3852.95,3831.14,3844.78,388966.91
2025-10-23 13:00:00,3851.76,3852.95,3831.14,3844.78,388966.91
2025-10-23 13:00:00,3851.76,3852.95,3831.14,3844.78,388966.91
2025-10-23 13:00:00,3851.76,3852.95,3831.14,3844.78,388966.91
2025-10-23 13:00:00,3851.76,3852.95,3831.14,3844.78,388966.91
2025-10-23 13:00:00,3851.76,3852.95,3831.14,3844.78,388966.91
2025-10-23 13:00:00,3851.76,3852.95,3831.14,3844.78,388966.91
2025-10-23 13:00:00,3851.76,3852.95,3831.14,3844.78,388966.91
2025-10-23 13:00:00,3851.76,3852.95,3831.14,3844.78,388966.91
2025-10-23 13:00:00,3851.76,3852.95,3831.14,3844.78,388966.91
2025-10-23 13:00:00,3851.76,3852.95,3831.14,3844.78,388966.91
2025-10-23 13:00:00,3851.76,3852.95,3831.14,3844.78,388966.91
2025-10-23 13:00:00,3851.76,3852.95,3831.14,3844.78,388966.91
2025-10-23 13:00:00,3851.76,3852.95,3831.14,3844.78,388966.91
2025-10-23 13:00:00,3851.76,3852.95,3831.14,3844.78,388966.91
2025-10-23 13:00:00,3851.76,3852.95,3831.14,3844.78,388966.91
2025-10-23 13:00:00,3851.76,3852.95,3831.14,3844.78,388966.91
2025-10-23 13:00:00,3851.76,3852.95,3831.14,3844.78,388966.91
2025-10-23 13:00:00,3851.76,3852.95,3831.14,3844.78,388966.91
2025-10-23 13:00:00,3851.76,3852.95,3831.14,3844.78,388966.91
2025-10-23 13:00:00,3851.76,3852.95,3831.14,3844.78,388966.91
2025-10-23 13:00:00,3851.76,3852.95,3831.14,3844.78,388966.91
2025-10-23 13:00:00,3851.76,3852.95,3831.14,3844.78,388966.91
2025-10-23 13:00:00,3851.76,3852.95,3831.14,3844.78,388966.91
2025-10-23 13:00:00,3851.76,3852.95,3831.14,3844.78,388966.91
2025-10-23 13:00:00,3851.76,3852.95,3831.14,3844.78,388966.91
2025-10-23 13:00:00,3851.76,3852.95,3831.14,3844.78,388966.91
2025-10-23 13:00:00,3851.76,3852.95,3831.14,3844.78,388966.91
2025-10-23 13:00:00,3851.76,3852.95,3831.14,3844.78,388966.91
2025-10-23 13:00:00,3851.76,3852.95,3831.14,3844.78,388966.91
2025-10-23 13:00:00,3851.76,3852.95,3831.14,3844.78,388966.91
2025-10-23 13:00:00,3851.76,3852.95,3831.14,3844.78,388966.91
2025-10-23 13:00:00,3851.76,3852.95,3831.14,3844.78,388966.91
2025-10-23 13:00:00,3851.76,3852.95,3831.14,3844.78,388966.91
2025-10-23 13:00:00,3851.76,3852.95,3831.14,3844.78,388966.91
2025-10-23 13:00:00,3851.76,3852.95,3831.14,3844.78,388966.91
2025-10-23 13:00:00,3851.76,3852.95,3831.14,3844.78,388966.91
2025-10-23 13:00:00,3851.76,3852.95,3831.14,3844.78,388966.91
2025-10-23 13:00:00,3851.76,3852.95,3831.14,3844.78,388966.91
2025-10-23 13:00:00,3851.76,3852.95,3831.14,3844.78,388966.91
2025-10-23 13:00:00,3851.76,3852.95,3831.14,3844.78,388966.91
2025-10-23 13:00:00,3851.76,3852.95,3831.14,3844.78,388966.91
2025-10-23 13:00:00,3851.76,3852.95,3831.14,3844.78,388966.91
2025-10-23 13:15:00,3844.79,3849.38,3839.64,3844.99,156169.61
2025-10-23 13:15:00,3844.79,3849.38,3839.64,3844.99,156169.61
2025-10-23 13:15:00,3844.79,3849.38,3839.64,3844.99,156169.61
2025-10-23 13:15:00,3844.79,3849.38,3839.64,3844.99,156169.61
2025-10-23 13:15:00,3844.79,3849.38,3839.64,3844.99,156169.61
2025-10-23 13:15:00,3844.79,3849.38,3839.64,3844.99,156169.61
2025-10-23 13:15:00,3844.79,3849.38,3839.64,3844.99,156169.61
2025-10-23 13:15:00,3844.79,3849.38,3839.64,3844.99,156169.61
2025-10-23 13:15:00,3844.79,3849.38,3839.64,3844.99,156169.61
2025-10-23 13:15:00,3844.79,3849.38,3839.64,3844.99,156169.61
2025-10-23 13:15:00,3844.79,3849.38,3839.64,3844.99,156169.61
2025-10-23 13:15:00,3844.79,3849.38,3839.64,3844.99,156169.61
2025-10-23 13:15:00,3844.79,3849.38,3839.64,3844.99,156169.61
2025-10-23 13:15:00,3844.79,3849.38,3839.64,3844.99,156169.61
2025-10-23 13:15:00,3844.79,3849.38,3839.64,3844.99,156169.61
2025-10-23 13:15:00,3844.79,3849.38,3839.64,3844.99,156169.61
2025-10-23 13:15:00,3844.79,3849.38,3839.64,3844.99,156169.61
2025-10-23 13:15:00,3844.79,3849.38,3839.64,3844.99,156169.61
2025-10-23 13:15:00,3844.79,3849.38,3839.64,3844.99,156169.61
2025-10-23 13:15:00,3844.79,3849.38,3839.64,3844.99,156169.61
2025-10-23 13:15:00,3844.79,3849.38,3839.64,3844.99,156169.61
2025-10-23 13:15:00,3844.79,3849.38,3839.64,3844.99,156169.61
2025-10-23 13:15:00,3844.79,3849.38,3839.64,3844.99,156169.61
2025-10-23 13:15:00,3844.79,3849.38,3839.64,3844.99,156169.61
2025-10-23 13:15:00,3844.79,3849.38,3839.64,3844.99,156169.61
2025-10-23 13:15:00,3844.79,3849.38,3839.64,3844.99,156169.61
2025-10-23 13:15:00,3844.79,3849.38,3839.64,3844.99,156169.61
2025-10-23 13:15:00,3844.79,3849.38,3839.64,3844.99,156169.61
2025-10-23 13:15:00,3844.79,3849.38,3839.64,3844.99,156169.61
2025-10-23 13:15:00,3844.79,3849.38,3839.64,3844.99,156169.61
2025-10-23 13:15:00,3844.79,3849.38,3839.64,3844.99,156169.61
2025-10-23 13:15:00,3844.79,3849.38,3839.64,3844.99,156169.61
2025-10-23 13:15:00,3844.79,3849.38,3839.64,3844.99,156169.61
2025-10-23 13:15:00,3844.79,3849.38,3839.64,3844.99,156169.61
2025-10-23 13:15:00,3844.79,3849.38,3839.64,3844.99,156169.61
2025-10-23 13:15:00,3844.79,3849.38,3839.64,3844.99,156169.61
2025-10-23 13:15:00,3844.79,3849.38,3839.64,3844.99,156169.61
2025-10-23 13:15:00,3844.79,3849.38,3839.64,3844.99,156169.61
2025-10-23 13:15:00,3844.79,3849.38,3839.64,3844.99,156169.61
2025-10-23 13:15:00,3844.79,3849.38,3839.64,3844.99,156169.61
2025-10-23 13:15:00,3844.79,3849.38,3839.64,3844.99,156169.61
2025-10-23 13:15:00,3844.79,3849.38,3839.64,3844.99,156169.61
2025-10-23 13:15:00,3844.79,3849.38,3839.64,3844.99,156169.61
2025-10-23 13:15:00,3844.79,3849.38,3839.64,3844.99,156169.61
2025-10-23 13:15:00,3844.79,3849.38,3839.64,3844.99,156169.61
2025-10-23 13:15:00,3844.79,3849.38,3839.64,3844.99,156169.61
2025-10-23 13:15:00,3844.79,3849.38,3839.64,3844.99,156169.61
2025-10-23 13:15:00,3844.79,3849.38,3839.64,3844.99,156169.61
2025-10-23 13:15:00,3844.79,3849.38,3839.64,3844.99,156169.61
2025-10-23 13:15:00,3844.79,3849.38,3839.64,3844.99,156169.61
2025-10-23 13:15:00,3844.79,3849.38,3839.64,3844.99,156169.61
2025-10-23 13:15:00,3844.79,3849.38,3839.64,3844.99,156169.61
2025-10-23 13:15:00,3844.79,3849.38,3839.64,3844.99,156169.61
2025-10-23 13:30:00,3845.0,3866.88,3831.53,3844.76,773704.95
2025-10-23 13:30:00,3845.0,3866.88,3831.53,3844.76,773704.95
2025-10-23 13:30:00,3845.0,3866.88,3831.53,3844.76,773704.95
2025-10-23 13:30:00,3845.0,3866.88,3831.53,3844.76,773704.95
2025-10-23 13:30:00,3845.0,3866.88,3831.53,3844.76,773704.95
2025-10-23 13:30:00,3845.0,3866.88,3831.53,3844.76,773704.95
2025-10-23 13:30:00,3845.0,3866.88,3831.53,3844.76,773704.95
2025-10-23 13:30:00,3845.0,3866.88,3831.53,3844.76,773704.95
2025-10-23 13:30:00,3845.0,3866.88,3831.53,3844.76,773704.95
2025-10-23 13:30:00,3845.0,3866.88,3831.53,3844.76,773704.95
2025-10-23 13:30:00,3845.0,3866.88,3831.53,3844.76,773704.95
2025-10-23 13:30:00,3845.0,3866.88,3831.53,3844.76,773704.95
2025-10-23 13:30:00,3845.0,3866.88,3831.53,3844.76,773704.95
2025-10-23 13:30:00,3845.0,3866.88,3831.53,3844.76,773704.95
2025-10-23 13:30:00,3845.0,3866.88,3831.53,3844.76,773704.95
2025-10-23 13:30:00,3845.0,3866.88,3831.53,3844.76,773704.95
2025-10-23 13:30:00,3845.0,3866.88,3831.53,3844.76,773704.95
2025-10-23 13:30:00,3845.0,3866.88,3831.53,3844.76,773704.95
2025-10-23 13:30:00,3845.0,3866.88,3831.53,3844.76,773704.95
2025-10-23 13:30:00,3845.0,3866.88,3831.53,3844.76,773704.95
2025-10-23 13:30:00,3845.0,3866.88,3831.53,3844.76,773704.95
2025-10-23 13:30:00,3845.0,3866.88,3831.53,3844.76,773704.95
2025-10-23 13:30:00,3845.0,3866.88,3831.53,3844.76,773704.95
2025-10-23 13:30:00,3845.0,3866.88,3831.53,3844.76,773704.95
2025-10-23 13:30:00,3845.0,3866.88,3831.53,3844.76,773704.95
2025-10-23 13:30:00,3845.0,3866.88,3831.53,3844.76,773704.95
2025-10-23 13:30:00,3845.0,3866.88,3831.53,3844.76,773704.95
2025-10-23 13:30:00,3845.0,3866.88,3831.53,3844.76,773704.95
2025-10-23 13:30:00,3845.0,3866.88,3831.53,3844.76,773704.95
2025-10-23 13:30:00,3845.0,3866.88,3831.53,3844.76,773704.95
2025-10-23 13:30:00,3845.0,3866.88,3831.53,3844.76,773704.95
2025-10-23 13:30:00,3845.0,3866.88,3831.53,3844.76,773704.95
2025-10-23 13:30:00,3845.0,3866.88,3831.53,3844.76,773704.95
2025-10-23 13:30:00,3845.0,3866.88,3831.53,3844.76,773704.95
2025-10-23 13:30:00,3845.0,3866.88,3831.53,3844.76,773704.95
2025-10-23 13:30:00,3845.0,3866.88,3831.53,3844.76,773704.95
2025-10-23 13:30:00,3845.0,3866.88,3831.53,3844.76,773704.95
2025-10-23 13:30:00,3845.0,3866.88,3831.53,3844.76,773704.95
2025-10-23 13:30:00,3845.0,3866.88,3831.53,3844.76,773704.95
2025-10-23 13:30:00,3845.0,3866.88,3831.53,3844.76,773704.95
2025-10-23 13:30:00,3845.0,3866.88,3831.53,3844.76,773704.95
2025-10-23 13:30:00,3845.0,3866.88,3831.53,3844.76,773704.95
2025-10-23 13:30:00,3845.0,3866.88,3831.53,3844.76,773704.95
2025-10-23 13:30:00,3845.0,3866.88,3831.53,3844.76,773704.95
2025-10-23 13:30:00,3845.0,3866.88,3831.53,3844.76,773704.95
2025-10-23 13:30:00,3845.0,3866.88,3831.53,3844.76,773704.95
2025-10-23 13:30:00,3845.0,3866.88,3831.53,3844.76,773704.95
2025-10-23 13:30:00,3845.0,3866.88,3831.53,3844.76,773704.95
2025-10-23 13:30:00,3845.0,3866.88,3831.53,3844.76,773704.95
2025-10-23 13:30:00,3845.0,3866.88,3831.53,3844.76,773704.95
2025-10-23 13:30:00,3845.0,3866.88,3831.53,3844.76,773704.95
2025-10-23 13:30:00,3845.0,3866.88,3831.53,3844.76,773704.95
2025-10-23 13:30:00,3845.0,3866.88,3831.53,3844.76,773704.95
2025-10-23 13:45:00,3844.77,3856.9,3834.3,3850.0,473632.25
2025-10-23 13:45:00,3844.77,3856.9,3834.3,3850.0,473632.25
2025-10-23 13:45:00,3844.77,3856.9,3834.3,3850.0,473632.25
2025-10-23 13:45:00,3844.77,3856.9,3834.3,3850.0,473632.25
2025-10-23 13:45:00,3844.77,3856.9,3834.3,3850.0,473632.25
2025-10-23 13:45:00,3844.77,3856.9,3834.3,3850.0,473632.25
2025-10-23 13:45:00,3844.77,3856.9,3834.3,3850.0,473632.25
2025-10-23 13:45:00,3844.77,3856.9,3834.3,3850.0,473632.25
2025-10-23 13:45:00,3844.77,3856.9,3834.3,3850.0,473632.25
2025-10-23 13:45:00,3844.77,3856.9,3834.3,3850.0,473632.25
2025-10-23 13:45:00,3844.77,3856.9,3834.3,3850.0,473632.25
2025-10-23 13:45:00,3844.77,3856.9,3834.3,3850.0,473632.25
2025-10-23 13:45:00,3844.77,3856.9,3834.3,3850.0,473632.25
2025-10-23 13:45:00,3844.77,3856.9,3834.3,3850.0,473632.25
2025-10-23 13:45:00,3844.77,3856.9,3834.3,3850.0,473632.25
2025-10-23 13:45:00,3844.77,3856.9,3834.3,3850.0,473632.25
2025-10-23 13:45:00,3844.77,3856.9,3834.3,3850.0,473632.25
2025-10-23 13:45:00,3844.77,3856.9,3834.3,3850.0,473632.25
2025-10-23 13:45:00,3844.77,3856.9,3834.3,3850.0,473632.25
2025-10-23 13:45:00,3844.77,3856.9,3834.3,3850.0,473632.25
2025-10-23 13:45:00,3844.77,3856.9,3834.3,3850.0,473632.25
2025-10-23 13:45:00,3844.77,3856.9,3834.3,3850.0,473632.25
2025-10-23 13:45:00,3844.77,3856.9,3834.3,3850.0,473632.25
2025-10-23 13:45:00,3844.77,3856.9,3834.3,3850.0,473632.25
2025-10-23 13:45:00,3844.77,3856.9,3834.3,3850.0,473632.25
2025-10-23 13:45:00,3844.77,3856.9,3834.3,3850.0,473632.25
2025-10-23 13:45:00,3844.77,3856.9,3834.3,3850.0,473632.25
2025-10-23 13:45:00,3844.77,3856.9,3834.3,3850.0,473632.25
2025-10-23 13:45:00,3844.77,3856.9,3834.3,3850.0,473632.25
2025-10-23 13:45:00,3844.77,3856.9,3834.3,3850.0,473632.25
2025-10-23 13:45:00,3844.77,3856.9,3834.3,3850.0,473632.25
2025-10-23 13:45:00,3844.77,3856.9,3834.3,3850.0,473632.25
2025-10-23 13:45:00,3844.77,3856.9,3834.3,3850.0,473632.25
2025-10-23 13:45:00,3844.77,3856.9,3834.3,3850.0,473632.25
2025-10-23 13:45:00,3844.77,3856.9,3834.3,3850.0,473632.25
2025-10-23 13:45:00,3844.77,3856.9,3834.3,3850.0,473632.25
2025-10-23 13:45:00,3844.77,3856.9,3834.3,3850.0,473632.25
2025-10-23 13:45:00,3844.77,3856.9,3834.3,3850.0,473632.25
2025-10-23 13:45:00,3844.77,3856.9,3834.3,3850.0,473632.25
2025-10-23 13:45:00,3844.77,3856.9,3834.3,3850.0,473632.25
2025-10-23 13:45:00,3844.77,3856.9,3834.3,3850.0,473632.25
2025-10-23 13:45:00,3844.77,3856.9,3834.3,3850.0,473632.25
2025-10-23 13:45:00,3844.77,3856.9,3834.3,3850.0,473632.25
2025-10-23 13:45:00,3844.77,3856.9,3834.3,3850.0,473632.25
2025-10-23 13:45:00,3844.77,3856.9,3834.3,3850.0,473632.25
2025-10-23 13:45:00,3844.77,3856.9,3834.3,3850.0,473632.25
2025-10-23 13:45:00,3844.77,3856.9,3834.3,3850.0,473632.25
2025-10-23 13:45:00,3844.77,3856.9,3834.3,3850.0,473632.25
2025-10-23 13:45:00,3844.77,3856.9,3834.3,3850.0,473632.25
2025-10-23 13:45:00,3844.77,3856.9,3834.3,3850.0,473632.25
2025-10-23 13:45:00,3844.77,3856.9,3834.3,3850.0,473632.25
2025-10-23 13:45:00,3844.77,3856.9,3834.3,3850.0,473632.25
2025-10-23 13:45:00,3844.77,3856.9,3834.3,3850.0,473632.25
2025-10-23 14:00:00,3850.0,3852.63,3809.0,3813.61,998805.62
2025-10-23 14:00:00,3850.0,3852.63,3809.0,3813.61,998805.62
2025-10-23 14:00:00,3850.0,3852.63,3809.0,3813.61,998805.62
2025-10-23 14:00:00,3850.0,3852.63,3809.0,3813.61,998805.62
2025-10-23 14:00:00,3850.0,3852.63,3809.0,3813.61,998805.62
2025-10-23 14:00:00,3850.0,3852.63,3809.0,3813.61,998805.62
2025-10-23 14:00:00,3850.0,3852.63,3809.0,3813.61,998805.62
2025-10-23 14:00:00,3850.0,3852.63,3809.0,3813.61,998805.62
2025-10-23 14:00:00,3850.0,3852.63,3809.0,3813.61,998805.62
2025-10-23 14:00:00,3850.0,3852.63,3809.0,3813.61,998805.62
2025-10-23 14:00:00,3850.0,3852.63,3809.0,3813.61,998805.62
2025-10-23 14:00:00,3850.0,3852.63,3809.0,3813.61,998805.62
2025-10-23 14:00:00,3850.0,3852.63,3809.0,3813.61,998805.62
2025-10-23 14:00:00,3850.0,3852.63,3809.0,3813.61,998805.62
2025-10-23 14:00:00,3850.0,3852.63,3809.0,3813.61,998805.62
2025-10-23 14:00:00,3850.0,3852.63,3809.0,3813.61,998805.62
2025-10-23 14:00:00,3850.0,3852.63,3809.0,3813.61,998805.62
2025-10-23 14:00:00,3850.0,3852.63,3809.0,3813.61,998805.62
2025-10-23 14:00:00,3850.0,3852.63,3809.0,3813.61,998805.62
2025-10-23 14:00:00,3850.0,3852.63,3809.0,3813.61,998805.62
2025-10-23 14:00:00,3850.0,3852.63,3809.0,3813.61,998805.62
2025-10-23 14:00:00,3850.0,3852.63,3809.0,3813.61,998805.62
2025-10-23 14:00:00,3850.0,3852.63,3809.0,3813.61,998805.62
2025-10-23 14:00:00,3850.0,3852.63,3809.0,3813.61,998805.62
2025-10-23 14:00:00,3850.0,3852.63,3809.0,3813.61,998805.62
2025-10-23 14:00:00,3850.0,3852.63,3809.0,3813.61,998805.62
2025-10-23 14:00:00,3850.0,3852.63,3809.0,3813.61,998805.62
2025-10-23 14:00:00,3850.0,3852.63,3809.0,3813.61,998805.62
2025-10-23 14:00:00,3850.0,3852.63,3809.0,3813.61,998805.62
2025-10-23 14:00:00,3850.0,3852.63,3809.0,3813.61,998805.62
2025-10-23 14:00:00,3850.0,3852.63,3809.0,3813.61,998805.62
2025-10-23 14:00:00,3850.0,3852.63,3809.0,3813.61,998805.62
2025-10-23 14:00:00,3850.0,3852.63,3809.0,3813.61,998805.62
2025-10-23 14:00:00,3850.0,3852.63,3809.0,3813.61,998805.62
2025-10-23 14:00:00,3850.0,3852.63,3809.0,3813.61,998805.62
2025-10-23 14:00:00,3850.0,3852.63,3809.0,3813.61,998805.62
2025-10-23 14:00:00,3850.0,3852.63,3809.0,3813.61,998805.62
2025-10-23 14:00:00,3850.0,3852.63,3809.0,3813.61,998805.62
2025-10-23 14:00:00,3850.0,3852.63,3809.0,3813.61,998805.62
2025-10-23 14:00:00,3850.0,3852.63,3809.0,3813.61,998805.62
2025-10-23 14:00:00,3850.0,3852.63,3809.0,3813.61,998805.62
2025-10-23 14:00:00,3850.0,3852.63,3809.0,3813.61,998805.62
2025-10-23 14:00:00,3850.0,3852.63,3809.0,3813.61,998805.62
2025-10-23 14:00:00,3850.0,3852.63,3809.0,3813.61,998805.62
2025-10-23 14:00:00,3850.0,3852.63,3809.0,3813.61,998805.62
2025-10-23 14:00:00,3850.0,3852.63,3809.0,3813.61,998805.62
2025-10-23 14:00:00,3850.0,3852.63,3809.0,3813.61,998805.62
2025-10-23 14:00:00,3850.0,3852.63,3809.0,3813.61,998805.62
2025-10-23 14:00:00,3850.0,3852.63,3809.0,3813.61,998805.62
2025-10-23 14:00:00,3850.0,3852.63,3809.0,3813.61,998805.62
2025-10-23 14:00:00,3850.0,3852.63,3809.0,3813.61,998805.62
2025-10-23 14:00:00,3850.0,3852.63,3809.0,3813.61,998805.62
2025-10-23 14:00:00,3850.0,3852.63,3809.0,3813.61,998805.62
2025-10-23 14:15:00,3813.62,3834.0,3806.0,3826.21,692175.32
2025-10-23 14:15:00,3813.62,3834.0,3806.0,3826.21,692175.32
2025-10-23 14:15:00,3813.62,3834.0,3806.0,3826.21,692175.32
2025-10-23 14:15:00,3813.62,3834.0,3806.0,3826.21,692175.32
2025-10-23 14:15:00,3813.62,3834.0,3806.0,3826.21,692175.32
2025-10-23 14:15:00,3813.62,3834.0,3806.0,3826.21,692175.32
2025-10-23 14:15:00,3813.62,3834.0,3806.0,3826.21,692175.32
2025-10-23 14:15:00,3813.62,3834.0,3806.0,3826.21,692175.32
2025-10-23 14:15:00,3813.62,3834.0,3806.0,3826.21,692175.32
2025-10-23 14:15:00,3813.62,3834.0,3806.0,3826.21,692175.32
2025-10-23 14:15:00,3813.62,3834.0,3806.0,3826.21,692175.32
2025-10-23 14:15:00,3813.62,3834.0,3806.0,3826.21,692175.32
2025-10-23 14:15:00,3813.62,3834.0,3806.0,3826.21,692175.32
2025-10-23 14:15:00,3813.62,3834.0,3806.0,3826.21,692175.32
2025-10-23 14:15:00,3813.62,3834.0,3806.0,3826.21,692175.32
2025-10-23 14:15:00,3813.62,3834.0,3806.0,3826.21,692175.32
2025-10-23 14:15:00,3813.62,3834.0,3806.0,3826.21,692175.32
2025-10-23 14:15:00,3813.62,3834.0,3806.0,3826.21,692175.32
2025-10-23 14:15:00,3813.62,3834.0,3806.0,3826.21,692175.32
2025-10-23 14:15:00,3813.62,3834.0,3806.0,3826.21,692175.32
2025-10-23 14:15:00,3813.62,3834.0,3806.0,3826.21,692175.32
2025-10-23 14:15:00,3813.62,3834.0,3806.0,3826.21,692175.32
2025-10-23 14:15:00,3813.62,3834.0,3806.0,3826.21,692175.32
2025-10-23 14:15:00,3813.62,3834.0,3806.0,3826.21,692175.32
2025-10-23 14:15:00,3813.62,3834.0,3806.0,3826.21,692175.32
2025-10-23 14:15:00,3813.62,3834.0,3806.0,3826.21,692175.32
2025-10-23 14:15:00,3813.62,3834.0,3806.0,3826.21,692175.32
2025-10-23 14:15:00,3813.62,3834.0,3806.0,3826.21,692175.32
2025-10-23 14:15:00,3813.62,3834.0,3806.0,3826.21,692175.32
2025-10-23 14:15:00,3813.62,3834.0,3806.0,3826.21,692175.32
2025-10-23 14:15:00,3813.62,3834.0,3806.0,3826.21,692175.32
2025-10-23 14:15:00,3813.62,3834.0,3806.0,3826.21,692175.32
2025-10-23 14:15:00,3813.62,3834.0,3806.0,3826.21,692175.32
2025-10-23 14:15:00,3813.62,3834.0,3806.0,3826.21,692175.32
2025-10-23 14:15:00,3813.62,3834.0,3806.0,3826.21,692175.32
2025-10-23 14:15:00,3813.62,3834.0,3806.0,3826.21,692175.32
2025-10-23 14:15:00,3813.62,3834.0,3806.0,3826.21,692175.32
2025-10-23 14:15:00,3813.62,3834.0,3806.0,3826.21,692175.32
2025-10-23 14:15:00,3813.62,3834.0,3806.0,3826.21,692175.32
2025-10-23 14:15:00,3813.62,3834.0,3806.0,3826.21,692175.32
2025-10-23 14:15:00,3813.62,3834.0,3806.0,3826.21,692175.32
2025-10-23 14:15:00,3813.62,3834.0,3806.0,3826.21,692175.32
2025-10-23 14:15:00,3813.62,3834.0,3806.0,3826.21,692175.32
2025-10-23 14:15:00,3813.62,3834.0,3806.0,3826.21,692175.32
2025-10-23 14:15:00,3813.62,3834.0,3806.0,3826.21,692175.32
2025-10-23 14:15:00,3813.62,3834.0,3806.0,3826.21,692175.32
2025-10-23 14:15:00,3813.62,3834.0,3806.0,3826.21,692175.32
2025-10-23 14:15:00,3813.62,3834.0,3806.0,3826.21,692175.32
2025-10-23 14:15:00,3813.62,3834.0,3806.0,3826.21,692175.32
2025-10-23 14:15:00,3813.62,3834.0,3806.0,3826.21,692175.32
2025-10-23 14:15:00,3813.62,3834.0,3806.0,3826.21,692175.32
2025-10-23 14:15:00,3813.62,3834.0,3806.0,3826.21,692175.32
2025-10-23 14:15:00,3813.62,3834.0,3806.0,3826.21,692175.32
2025-10-23 14:30:00,3826.22,3851.32,3823.6,3836.61,425143.6
2025-10-23 14:30:00,3826.22,3851.32,3823.6,3836.61,425143.6
2025-10-23 14:30:00,3826.22,3851.32,3823.6,3836.61,425143.6
2025-10-23 14:30:00,3826.22,3851.32,3823.6,3836.61,425143.6
2025-10-23 14:30:00,3826.22,3851.32,3823.6,3836.61,425143.6
2025-10-23 14:30:00,3826.22,3851.32,3823.6,3836.61,425143.6
2025-10-23 14:30:00,3826.22,3851.32,3823.6,3836.61,425143.6
2025-10-23 14:30:00,3826.22,3851.32,3823.6,3836.61,425143.6
2025-10-23 14:30:00,3826.22,3851.32,3823.6,3836.61,425143.6
2025-10-23 14:30:00,3826.22,3851.32,3823.6,3836.61,425143.6
2025-10-23 14:30:00,3826.22,3851.32,3823.6,3836.61,425143.6
2025-10-23 14:30:00,3826.22,3851.32,3823.6,3836.61,425143.6
2025-10-23 14:30:00,3826.22,3851.32,3823.6,3836.61,425143.6
2025-10-23 14:30:00,3826.22,3851.32,3823.6,3836.61,425143.6
2025-10-23 14:30:00,3826.22,3851.32,3823.6,3836.61,425143.6
2025-10-23 14:30:00,3826.22,3851.32,3823.6,3836.61,425143.6
2025-10-23 14:30:00,3826.22,3851.32,3823.6,3836.61,425143.6
2025-10-23 14:30:00,3826.22,3851.32,3823.6,3836.61,425143.6
2025-10-23 14:30:00,3826.22,3851.32,3823.6,3836.61,425143.6
2025-10-23 14:30:00,3826.22,3851.32,3823.6,3836.61,425143.6
2025-10-23 14:30:00,3826.22,3851.32,3823.6,3836.61,425143.6
2025-10-23 14:30:00,3826.22,3851.32,3823.6,3836.61,425143.6
2025-10-23 14:30:00,3826.22,3851.32,3823.6,3836.61,425143.6
2025-10-23 14:30:00,3826.22,3851.32,3823.6,3836.61,425143.6
2025-10-23 14:30:00,3826.22,3851.32,3823.6,3836.61,425143.6
2025-10-23 14:30:00,3826.22,3851.32,3823.6,3836.61,425143.6
2025-10-23 14:30:00,3826.22,3851.32,3823.6,3836.61,425143.6
2025-10-23 14:30:00,3826.22,3851.32,3823.6,3836.61,425143.6
2025-10-23 14:30:00,3826.22,3851.32,3823.6,3836.61,425143.6
2025-10-23 14:30:00,3826.22,3851.32,3823.6,3836.61,425143.6
2025-10-23 14:30:00,3826.22,3851.32,3823.6,3836.61,425143.6
2025-10-23 14:30:00,3826.22,3851.32,3823.6,3836.61,425143.6
2025-10-23 14:30:00,3826.22,3851.32,3823.6,3836.61,425143.6
2025-10-23 14:30:00,3826.22,3851.32,3823.6,3836.61,425143.6
2025-10-23 14:30:00,3826.22,3851.32,3823.6,3836.61,425143.6
2025-10-23 14:30:00,3826.22,3851.32,3823.6,3836.61,425143.6
2025-10-23 14:30:00,3826.22,3851.32,3823.6,3836.61,425143.6
2025-10-23 14:30:00,3826.22,3851.32,3823.6,3836.61,425143.6
2025-10-23 14:30:00,3826.22,3851.32,3823.6,3836.61,425143.6
2025-10-23 14:30:00,3826.22,3851.32,3823.6,3836.61,425143.6
2025-10-23 14:30:00,3826.22,3851.32,3823.6,3836.61,425143.6
2025-10-23 14:30:00,3826.22,3851.32,3823.6,3836.61,425143.6
2025-10-23 14:30:00,3826.22,3851.32,3823.6,3836.61,425143.6
2025-10-23 14:30:00,3826.22,3851.32,3823.6,3836.61,425143.6
2025-10-23 14:30:00,3826.22,3851.32,3823.6,3836.61,425143.6
2025-10-23 14:30:00,3826.22,3851.32,3823.6,3836.61,425143.6
2025-10-23 14:30:00,3826.22,3851.32,3823.6,3836.61,425143.6
2025-10-23 14:30:00,3826.22,3851.32,3823.6,3836.61,425143.6
2025-10-23 14:30:00,3826.22,3851.32,3823.6,3836.61,425143.6
2025-10-23 14:30:00,3826.22,3851.32,3823.6,3836.61,425143.6
2025-10-23 14:30:00,3826.22,3851.32,3823.6,3836.61,425143.6
2025-10-23 14:30:00,3826.22,3851.32,3823.6,3836.61,425143.6
2025-10-23 14:30:00,3826.22,3851.32,3823.6,3836.61,425143.6
2025-10-23 14:45:00,3836.61,3847.05,3833.75,3845.99,264397.49
2025-10-23 14:45:00,3836.61,3847.05,3833.75,3845.99,264397.49
2025-10-23 14:45:00,3836.61,3847.05,3833.75,3845.99,264397.49
2025-10-23 14:45:00,3836.61,3847.05,3833.75,3845.99,264397.49
2025-10-23 14:45:00,3836.61,3847.05,3833.75,3845.99,264397.49
2025-10-23 14:45:00,3836.61,3847.05,3833.75,3845.99,264397.49
2025-10-23 14:45:00,3836.61,3847.05,3833.75,3845.99,264397.49
2025-10-23 14:45:00,3836.61,3847.05,3833.75,3845.99,264397.49
2025-10-23 14:45:00,3836.61,3847.05,3833.75,3845.99,264397.49
2025-10-23 14:45:00,3836.61,3847.05,3833.75,3845.99,264397.49
2025-10-23 14:45:00,3836.61,3847.05,3833.75,3845.99,264397.49
2025-10-23 14:45:00,3836.61,3847.05,3833.75,3845.99,264397.49
2025-10-23 14:45:00,3836.61,3847.05,3833.75,3845.99,264397.49
2025-10-23 14:45:00,3836.61,3847.05,3833.75,3845.99,264397.49
2025-10-23 14:45:00,3836.61,3847.05,3833.75,3845.99,264397.49
2025-10-23 14:45:00,3836.61,3847.05,3833.75,3845.99,264397.49
2025-10-23 14:45:00,3836.61,3847.05,3833.75,3845.99,264397.49
2025-10-23 14:45:00,3836.61,3847.05,3833.75,3845.99,264397.49
2025-10-23 14:45:00,3836.61,3847.05,3833.75,3845.99,264397.49
2025-10-23 14:45:00,3836.61,3847.05,3833.75,3845.99,264397.49
2025-10-23 14:45:00,3836.61,3847.05,3833.75,3845.99,264397.49
2025-10-23 14:45:00,3836.61,3847.05,3833.75,3845.99,264397.49
2025-10-23 14:45:00,3836.61,3847.05,3833.75,3845.99,264397.49
2025-10-23 14:45:00,3836.61,3847.05,3833.75,3845.99,264397.49
2025-10-23 14:45:00,3836.61,3847.05,3833.75,3845.99,264397.49
2025-10-23 14:45:00,3836.61,3847.05,3833.75,3845.99,264397.49
2025-10-23 14:45:00,3836.61,3847.05,3833.75,3845.99,264397.49
2025-10-23 14:45:00,3836.61,3847.05,3833.75,3845.99,264397.49
2025-10-23 14:45:00,3836.61,3847.05,3833.75,3845.99,264397.49
2025-10-23 14:45:00,3836.61,3847.05,3833.75,3845.99,264397.49
2025-10-23 14:45:00,3836.61,3847.05,3833.75,3845.99,264397.49
2025-10-23 14:45:00,3836.61,3847.05,3833.75,3845.99,264397.49
2025-10-23 14:45:00,3836.61,3847.05,3833.75,3845.99,264397.49
2025-10-23 14:45:00,3836.61,3847.05,3833.75,3845.99,264397.49
2025-10-23 14:45:00,3836.61,3847.05,3833.75,3845.99,264397.49
2025-10-23 14:45:00,3836.61,3847.05,3833.75,3845.99,264397.49
2025-10-23 14:45:00,3836.61,3847.05,3833.75,3845.99,264397.49
2025-10-23 14:45:00,3836.61,3847.05,3833.75,3845.99,264397.49
2025-10-23 14:45:00,3836.61,3847.05,3833.75,3845.99,264397.49
2025-10-23 14:45:00,3836.61,3847.05,3833.75,3845.99,264397.49
2025-10-23 14:45:00,3836.61,3847.05,3833.75,3845.99,264397.49
2025-10-23 14:45:00,3836.61,3847.05,3833.75,3845.99,264397.49
2025-10-23 14:45:00,3836.61,3847.05,3833.75,3845.99,264397.49
2025-10-23 14:45:00,3836.61,3847.05,3833.75,3845.99,264397.49
2025-10-23 14:45:00,3836.61,3847.05,3833.75,3845.99,264397.49
2025-10-23 14:45:00,3836.61,3847.05,3833.75,3845.99,264397.49
2025-10-23 14:45:00,3836.61,3847.05,3833.75,3845.99,264397.49
2025-10-23 14:45:00,3836.61,3847.05,3833.75,3845.99,264397.49
2025-10-23 14:45:00,3836.61,3847.05,3833.75,3845.99,264397.49
2025-10-23 14:45:00,3836.61,3847.05,3833.75,3845.99,264397.49
2025-10-23 14:45:00,3836.61,3847.05,3833.75,3845.99,264397.49
2025-10-23 14:45:00,3836.61,3847.05,3833.75,3845.99,264397.49
2025-10-23 14:45:00,3836.61,3847.05,3833.75,3845.99,264397.49
2025-10-23 15:00:00,3846.0,3877.58,3841.0,3863.58,854847.58
2025-10-23 15:00:00,3846.0,3877.58,3841.0,3863.58,854847.58
2025-10-23 15:00:00,3846.0,3877.58,3841.0,3863.58,854847.58
2025-10-23 15:00:00,3846.0,3877.58,3841.0,3863.58,854847.58
2025-10-23 15:00:00,3846.0,3877.58,3841.0,3863.58,854847.58
2025-10-23 15:00:00,3846.0,3877.58,3841.0,3863.58,854847.58
2025-10-23 15:00:00,3846.0,3877.58,3841.0,3863.58,854847.58
2025-10-23 15:00:00,3846.0,3877.58,3841.0,3863.58,854847.58
2025-10-23 15:00:00,3846.0,3877.58,3841.0,3863.58,854847.58
2025-10-23 15:00:00,3846.0,3877.58,3841.0,3863.58,854847.58
2025-10-23 15:00:00,3846.0,3877.58,3841.0,3863.58,854847.58
2025-10-23 15:00:00,3846.0,3877.58,3841.0,3863.58,854847.58
2025-10-23 15:00:00,3846.0,3877.58,3841.0,3863.58,854847.58
2025-10-23 15:00:00,3846.0,3877.58,3841.0,3863.58,854847.58
2025-10-23 15:00:00,3846.0,3877.58,3841.0,3863.58,854847.58
2025-10-23 15:00:00,3846.0,3877.58,3841.0,3863.58,854847.58
2025-10-23 15:00:00,3846.0,3877.58,3841.0,3863.58,854847.58
2025-10-23 15:00:00,3846.0,3877.58,3841.0,3863.58,854847.58
2025-10-23 15:00:00,3846.0,3877.58,3841.0,3863.58,854847.58
2025-10-23 15:00:00,3846.0,3877.58,3841.0,3863.58,854847.58
2025-10-23 15:00:00,3846.0,3877.58,3841.0,3863.58,854847.58
2025-10-23 15:00:00,3846.0,3877.58,3841.0,3863.58,854847.58
2025-10-23 15:00:00,3846.0,3877.58,3841.0,3863.58,854847.58
2025-10-23 15:00:00,3846.0,3877.58,3841.0,3863.58,854847.58
2025-10-23 15:00:00,3846.0,3877.58,3841.0,3863.58,854847.58
2025-10-23 15:00:00,3846.0,3877.58,3841.0,3863.58,854847.58
2025-10-23 15:00:00,3846.0,3877.58,3841.0,3863.58,854847.58
2025-10-23 15:00:00,3846.0,3877.58,3841.0,3863.58,854847.58
2025-10-23 15:00:00,3846.0,3877.58,3841.0,3863.58,854847.58
2025-10-23 15:00:00,3846.0,3877.58,3841.0,3863.58,854847.58
2025-10-23 15:00:00,3846.0,3877.58,3841.0,3863.58,854847.58
2025-10-23 15:00:00,3846.0,3877.58,3841.0,3863.58,854847.58
2025-10-23 15:00:00,3846.0,3877.58,3841.0,3863.58,854847.58
2025-10-23 15:00:00,3846.0,3877.58,3841.0,3863.58,854847.58
2025-10-23 15:00:00,3846.0,3877.58,3841.0,3863.58,854847.58
2025-10-23 15:00:00,3846.0,3877.58,3841.0,3863.58,854847.58
2025-10-23 15:00:00,3846.0,3877.58,3841.0,3863.58,854847.58
2025-10-23 15:00:00,3846.0,3877.58,3841.0,3863.58,854847.58
2025-10-23 15:00:00,3846.0,3877.58,3841.0,3863.58,854847.58
2025-10-23 15:00:00,3846.0,3877.58,3841.0,3863.58,854847.58
2025-10-23 15:00:00,3846.0,3877.58,3841.0,3863.58,854847.58
2025-10-23 15:00:00,3846.0,3877.58,3841.0,3863.58,854847.58
2025-10-23 15:00:00,3846.0,3877.58,3841.0,3863.58,854847.58
2025-10-23 15:00:00,3846.0,3877.58,3841.0,3863.58,854847.58
2025-10-23 15:00:00,3846.0,3877.58,3841.0,3863.58,854847.58
2025-10-23 15:00:00,3846.0,3877.58,3841.0,3863.58,854847.58
2025-10-23 15:00:00,3846.0,3877.58,3841.0,3863.58,854847.58
2025-10-23 15:00:00,3846.0,3877.58,3841.0,3863.58,854847.58
2025-10-23 15:00:00,3846.0,3877.58,3841.0,3863.58,854847.58
2025-10-23 15:00:00,3846.0,3877.58,3841.0,3863.58,854847.58
2025-10-23 15:00:00,3846.0,3877.58,3841.0,3863.58,854847.58
2025-10-23 15:00:00,3846.0,3877.58,3841.0,3863.58,854847.58
2025-10-23 15:00:00,3846.0,3877.58,3841.0,3863.58,854847.58
2025-10-23 15:15:00,3863.58,3868.54,3843.77,3861.0,547951.93
2025-10-23 15:15:00,3863.58,3868.54,3843.77,3861.0,547951.93
2025-10-23 15:15:00,3863.58,3868.54,3843.77,3861.0,547951.93
2025-10-23 15:15:00,3863.58,3868.54,3843.77,3861.0,547951.93
2025-10-23 15:15:00,3863.58,3868.54,3843.77,3861.0,547951.93
2025-10-23 15:15:00,3863.58,3868.54,3843.77,3861.0,547951.93
2025-10-23 15:15:00,3863.58,3868.54,3843.77,3861.0,547951.93
2025-10-23 15:15:00,3863.58,3868.54,3843.77,3861.0,547951.93
2025-10-23 15:15:00,3863.58,3868.54,3843.77,3861.0,547951.93
2025-10-23 15:15:00,3863.58,3868.54,3843.77,3861.0,547951.93
2025-10-23 15:15:00,3863.58,3868.54,3843.77,3861.0,547951.93
2025-10-23 15:15:00,3863.58,3868.54,3843.77,3861.0,547951.93
2025-10-23 15:15:00,3863.58,3868.54,3843.77,3861.0,547951.93
2025-10-23 15:15:00,3863.58,3868.54,3843.77,3861.0,547951.93
2025-10-23 15:15:00,3863.58,3868.54,3843.77,3861.0,547951.93
2025-10-23 15:15:00,3863.58,3868.54,3843.77,3861.0,547951.93
2025-10-23 15:15:00,3863.58,3868.54,3843.77,3861.0,547951.93
2025-10-23 15:15:00,3863.58,3868.54,3843.77,3861.0,547951.93
2025-10-23 15:15:00,3863.58,3868.54,3843.77,3861.0,547951.93
2025-10-23 15:15:00,3863.58,3868.54,3843.77,3861.0,547951.93
2025-10-23 15:15:00,3863.58,3868.54,3843.77,3861.0,547951.93
2025-10-23 15:15:00,3863.58,3868.54,3843.77,3861.0,547951.93
2025-10-23 15:15:00,3863.58,3868.54,3843.77,3861.0,547951.93
2025-10-23 15:15:00,3863.58,3868.54,3843.77,3861.0,547951.93
2025-10-23 15:15:00,3863.58,3868.54,3843.77,3861.0,547951.93
2025-10-23 15:15:00,3863.58,3868.54,3843.77,3861.0,547951.93
2025-10-23 15:15:00,3863.58,3868.54,3843.77,3861.0,547951.93
2025-10-23 15:15:00,3863.58,3868.54,3843.77,3861.0,547951.93
2025-10-23 15:15:00,3863.58,3868.54,3843.77,3861.0,547951.93
2025-10-23 15:15:00,3863.58,3868.54,3843.77,3861.0,547951.93
2025-10-23 15:15:00,3863.58,3868.54,3843.77,3861.0,547951.93
2025-10-23 15:15:00,3863.58,3868.54,3843.77,3861.0,547951.93
2025-10-23 15:15:00,3863.58,3868.54,3843.77,3861.0,547951.93
2025-10-23 15:15:00,3863.58,3868.54,3843.77,3861.0,547951.93
2025-10-23 15:15:00,3863.58,3868.54,3843.77,3861.0,547951.93
2025-10-23 15:15:00,3863.58,3868.54,3843.77,3861.0,547951.93
2025-10-23 15:15:00,3863.58,3868.54,3843.77,3861.0,547951.93
2025-10-23 15:15:00,3863.58,3868.54,3843.77,3861.0,547951.93
2025-10-23 15:15:00,3863.58,3868.54,3843.77,3861.0,547951.93
2025-10-23 15:15:00,3863.58,3868.54,3843.77,3861.0,547951.93
2025-10-23 15:15:00,3863.58,3868.54,3843.77,3861.0,547951.93
2025-10-23 15:15:00,3863.58,3868.54,3843.77,3861.0,547951.93
2025-10-23 15:15:00,3863.58,3868.54,3843.77,3861.0,547951.93
2025-10-23 15:15:00,3863.58,3868.54,3843.77,3861.0,547951.93
2025-10-23 15:15:00,3863.58,3868.54,3843.77,3861.0,547951.93
2025-10-23 15:15:00,3863.58,3868.54,3843.77,3861.0,547951.93
2025-10-23 15:15:00,3863.58,3868.54,3843.77,3861.0,547951.93
2025-10-23 15:15:00,3863.58,3868.54,3843.77,3861.0,547951.93
2025-10-23 15:15:00,3863.58,3868.54,3843.77,3861.0,547951.93
2025-10-23 15:15:00,3863.58,3868.54,3843.77,3861.0,547951.93
2025-10-23 15:15:00,3863.58,3868.54,3843.77,3861.0,547951.93
2025-10-23 15:15:00,3863.58,3868.54,3843.77,3861.0,547951.93
2025-10-23 15:15:00,3863.58,3868.54,3843.77,3861.0,547951.93
2025-10-23 15:30:00,3861.01,3881.77,3856.13,3858.71,544430.14
2025-10-23 15:30:00,3861.01,3881.77,3856.13,3858.71,544430.14
2025-10-23 15:30:00,3861.01,3881.77,3856.13,3858.71,544430.14
2025-10-23 15:30:00,3861.01,3881.77,3856.13,3858.71,544430.14
2025-10-23 15:30:00,3861.01,3881.77,3856.13,3858.71,544430.14
2025-10-23 15:30:00,3861.01,3881.77,3856.13,3858.71,544430.14
2025-10-23 15:30:00,3861.01,3881.77,3856.13,3858.71,544430.14
2025-10-23 15:30:00,3861.01,3881.77,3856.13,3858.71,544430.14
2025-10-23 15:30:00,3861.01,3881.77,3856.13,3858.71,544430.14
2025-10-23 15:30:00,3861.01,3881.77,3856.13,3858.71,544430.14
2025-10-23 15:30:00,3861.01,3881.77,3856.13,3858.71,544430.14
2025-10-23 15:30:00,3861.01,3881.77,3856.13,3858.71,544430.14
2025-10-23 15:30:00,3861.01,3881.77,3856.13,3858.71,544430.14
2025-10-23 15:30:00,3861.01,3881.77,3856.13,3858.71,544430.14
2025-10-23 15:30:00,3861.01,3881.77,3856.13,3858.71,544430.14
2025-10-23 15:30:00,3861.01,3881.77,3856.13,3858.71,544430.14
2025-10-23 15:30:00,3861.01,3881.77,3856.13,3858.71,544430.14
2025-10-23 15:30:00,3861.01,3881.77,3856.13,3858.71,544430.14
2025-10-23 15:30:00,3861.01,3881.77,3856.13,3858.71,544430.14
2025-10-23 15:30:00,3861.01,3881.77,3856.13,3858.71,544430.14
2025-10-23 15:30:00,3861.01,3881.77,3856.13,3858.71,544430.14
2025-10-23 15:30:00,3861.01,3881.77,3856.13,3858.71,544430.14
2025-10-23 15:30:00,3861.01,3881.77,3856.13,3858.71,544430.14
2025-10-23 15:30:00,3861.01,3881.77,3856.13,3858.71,544430.14
2025-10-23 15:30:00,3861.01,3881.77,3856.13,3858.71,544430.14
2025-10-23 15:30:00,3861.01,3881.77,3856.13,3858.71,544430.14
2025-10-23 15:30:00,3861.01,3881.77,3856.13,3858.71,544430.14
2025-10-23 15:30:00,3861.01,3881.77,3856.13,3858.71,544430.14
2025-10-23 15:30:00,3861.01,3881.77,3856.13,3858.71,544430.14
2025-10-23 15:30:00,3861.01,3881.77,3856.13,3858.71,544430.14
2025-10-23 15:30:00,3861.01,3881.77,3856.13,3858.71,544430.14
2025-10-23 15:30:00,3861.01,3881.77,3856.13,3858.71,544430.14
2025-10-23 15:30:00,3861.01,3881.77,3856.13,3858.71,544430.14
2025-10-23 15:30:00,3861.01,3881.77,3856.13,3858.71,544430.14
2025-10-23 15:30:00,3861.01,3881.77,3856.13,3858.71,544430.14
2025-10-23 15:30:00,3861.01,3881.77,3856.13,3858.71,544430.14
2025-10-23 15:30:00,3861.01,3881.77,3856.13,3858.71,544430.14
2025-10-23 15:30:00,3861.01,3881.77,3856.13,3858.71,544430.14
2025-10-23 15:30:00,3861.01,3881.77,3856.13,3858.71,544430.14
2025-10-23 15:30:00,3861.01,3881.77,3856.13,3858.71,544430.14
2025-10-23 15:30:00,3861.01,3881.77,3856.13,3858.71,544430.14
2025-10-23 15:30:00,3861.01,3881.77,3856.13,3858.71,544430.14
2025-10-23 15:30:00,3861.01,3881.77,3856.13,3858.71,544430.14
2025-10-23 15:30:00,3861.01,3881.77,3856.13,3858.71,544430.14
2025-10-23 15:30:00,3861.01,3881.77,3856.13,3858.71,544430.14
2025-10-23 15:30:00,3861.01,3881.77,3856.13,3858.71,544430.14
2025-10-23 15:30:00,3861.01,3881.77,3856.13,3858.71,544430.14
2025-10-23 15:30:00,3861.01,3881.77,3856.13,3858.71,544430.14
2025-10-23 15:30:00,3861.01,3881.77,3856.13,3858.71,544430.14
2025-10-23 15:30:00,3861.01,3881.77,3856.13,3858.71,544430.14
2025-10-23 15:30:00,3861.01,3881.77,3856.13,3858.71,544430.14
2025-10-23 15:30:00,3861.01,3881.77,3856.13,3858.71,544430.14
2025-10-23 15:30:00,3861.01,3881.77,3856.13,3858.71,544430.14
2025-10-23 15:45:00,3858.71,3886.0,3856.0,3874.89,446277.15
2025-10-23 15:45:00,3858.71,3886.0,3856.0,3874.89,446277.15
2025-10-23 15:45:00,3858.71,3886.0,3856.0,3874.89,446277.15
2025-10-23 15:45:00,3858.71,3886.0,3856.0,3874.89,446277.15
2025-10-23 15:45:00,3858.71,3886.0,3856.0,3874.89,446277.15
2025-10-23 15:45:00,3858.71,3886.0,3856.0,3874.89,446277.15
2025-10-23 15:45:00,3858.71,3886.0,3856.0,3874.89,446277.15
2025-10-23 15:45:00,3858.71,3886.0,3856.0,3874.89,446277.15
2025-10-23 15:45:00,3858.71,3886.0,3856.0,3874.89,446277.15
2025-10-23 15:45:00,3858.71,3886.0,3856.0,3874.89,446277.15
2025-10-23 15:45:00,3858.71,3886.0,3856.0,3874.89,446277.15
2025-10-23 15:45:00,3858.71,3886.0,3856.0,3874.89,446277.15
2025-10-23 15:45:00,3858.71,3886.0,3856.0,3874.89,446277.15
2025-10-23 15:45:00,3858.71,3886.0,3856.0,3874.89,446277.15
2025-10-23 15:45:00,3858.71,3886.0,3856.0,3874.89,446277.15
2025-10-23 15:45:00,3858.71,3886.0,3856.0,3874.89,446277.15
2025-10-23 15:45:00,3858.71,3886.0,3856.0,3874.89,446277.15
2025-10-23 15:45:00,3858.71,3886.0,3856.0,3874.89,446277.15
2025-10-23 15:45:00,3858.71,3886.0,3856.0,3874.89,446277.15
2025-10-23 15:45:00,3858.71,3886.0,3856.0,3874.89,446277.15
2025-10-23 15:45:00,3858.71,3886.0,3856.0,3874.89,446277.15
2025-10-23 15:45:00,3858.71,3886.0,3856.0,3874.89,446277.15
2025-10-23 15:45:00,3858.71,3886.0,3856.0,3874.89,446277.15
2025-10-23 15:45:00,3858.71,3886.0,3856.0,3874.89,446277.15
2025-10-23 15:45:00,3858.71,3886.0,3856.0,3874.89,446277.15
2025-10-23 15:45:00,3858.71,3886.0,3856.0,3874.89,446277.15
2025-10-23 15:45:00,3858.71,3886.0,3856.0,3874.89,446277.15
2025-10-23 15:45:00,3858.71,3886.0,3856.0,3874.89,446277.15
2025-10-23 15:45:00,3858.71,3886.0,3856.0,3874.89,446277.15
2025-10-23 15:45:00,3858.71,3886.0,3856.0,3874.89,446277.15
2025-10-23 15:45:00,3858.71,3886.0,3856.0,3874.89,446277.15
2025-10-23 15:45:00,3858.71,3886.0,3856.0,3874.89,446277.15
2025-10-23 15:45:00,3858.71,3886.0,3856.0,3874.89,446277.15
2025-10-23 15:45:00,3858.71,3886.0,3856.0,3874.89,446277.15
2025-10-23 15:45:00,3858.71,3886.0,3856.0,3874.89,446277.15
2025-10-23 15:45:00,3858.71,3886.0,3856.0,3874.89,446277.15
2025-10-23 15:45:00,3858.71,3886.0,3856.0,3874.89,446277.15
2025-10-23 15:45:00,3858.71,3886.0,3856.0,3874.89,446277.15
2025-10-23 15:45:00,3858.71,3886.0,3856.0,3874.89,446277.15
2025-10-23 15:45:00,3858.71,3886.0,3856.0,3874.89,446277.15
2025-10-23 15:45:00,3858.71,3886.0,3856.0,3874.89,446277.15
2025-10-23 15:45:00,3858.71,3886.0,3856.0,3874.89,446277.15
2025-10-23 15:45:00,3858.71,3886.0,3856.0,3874.89,446277.15
2025-10-23 15:45:00,3858.71,3886.0,3856.0,3874.89,446277.15
2025-10-23 15:45:00,3858.71,3886.0,3856.0,3874.89,446277.15
2025-10-23 15:45:00,3858.71,3886.0,3856.0,3874.89,446277.15
2025-10-23 15:45:00,3858.71,3886.0,3856.0,3874.89,446277.15
2025-10-23 15:45:00,3858.71,3886.0,3856.0,3874.89,446277.15
2025-10-23 15:45:00,3858.71,3886.0,3856.0,3874.89,446277.15
2025-10-23 15:45:00,3858.71,3886.0,3856.0,3874.89,446277.15
2025-10-23 15:45:00,3858.71,3886.0,3856.0,3874.89,446277.15
2025-10-23 15:45:00,3858.71,3886.0,3856.0,3874.89,446277.15
2025-10-23 15:45:00,3858.71,3886.0,3856.0,3874.89,446277.15
2025-10-23 16:00:00,3874.88,3883.22,3862.66,3876.29,459031.49
2025-10-23 16:00:00,3874.88,3883.22,3862.66,3876.29,459031.49
2025-10-23 16:00:00,3874.88,3883.22,3862.66,3876.29,459031.49
2025-10-23 16:00:00,3874.88,3883.22,3862.66,3876.29,459031.49
2025-10-23 16:00:00,3874.88,3883.22,3862.66,3876.29,459031.49
2025-10-23 16:00:00,3874.88,3883.22,3862.66,3876.29,459031.49
2025-10-23 16:00:00,3874.88,3883.22,3862.66,3876.29,459031.49
2025-10-23 16:00:00,3874.88,3883.22,3862.66,3876.29,459031.49
2025-10-23 16:00:00,3874.88,3883.22,3862.66,3876.29,459031.49
2025-10-23 16:00:00,3874.88,3883.22,3862.66,3876.29,459031.49
2025-10-23 16:00:00,3874.88,3883.22,3862.66,3876.29,459031.49
2025-10-23 16:00:00,3874.88,3883.22,3862.66,3876.29,459031.49
2025-10-23 16:00:00,3874.88,3883.22,3862.66,3876.29,459031.49
2025-10-23 16:00:00,3874.88,3883.22,3862.66,3876.29,459031.49
2025-10-23 16:00:00,3874.88,3883.22,3862.66,3876.29,459031.49
2025-10-23 16:00:00,3874.88,3883.22,3862.66,3876.29,459031.49
2025-10-23 16:00:00,3874.88,3883.22,3862.66,3876.29,459031.49
2025-10-23 16:00:00,3874.88,3883.22,3862.66,3876.29,459031.49
2025-10-23 16:00:00,3874.88,3883.22,3862.66,3876.29,459031.49
2025-10-23 16:00:00,3874.88,3883.22,3862.66,3876.29,459031.49
2025-10-23 16:00:00,3874.88,3883.22,3862.66,3876.29,459031.49
2025-10-23 16:00:00,3874.88,3883.22,3862.66,3876.29,459031.49
2025-10-23 16:00:00,3874.88,3883.22,3862.66,3876.29,459031.49
2025-10-23 16:00:00,3874.88,3883.22,3862.66,3876.29,459031.49
2025-10-23 16:00:00,3874.88,3883.22,3862.66,3876.29,459031.49
2025-10-23 16:00:00,3874.88,3883.22,3862.66,3876.29,459031.49
2025-10-23 16:00:00,3874.88,3883.22,3862.66,3876.29,459031.49
2025-10-23 16:00:00,3874.88,3883.22,3862.66,3876.29,459031.49
2025-10-23 16:00:00,3874.88,3883.22,3862.66,3876.29,459031.49
2025-10-23 16:00:00,3874.88,3883.22,3862.66,3876.29,459031.49
2025-10-23 16:00:00,3874.88,3883.22,3862.66,3876.29,459031.49
2025-10-23 16:00:00,3874.88,3883.22,3862.66,3876.29,459031.49
2025-10-23 16:00:00,3874.88,3883.22,3862.66,3876.29,459031.49
2025-10-23 16:00:00,3874.88,3883.22,3862.66,3876.29,459031.49
2025-10-23 16:00:00,3874.88,3883.22,3862.66,3876.29,459031.49
2025-10-23 16:00:00,3874.88,3883.22,3862.66,3876.29,459031.49
2025-10-23 16:00:00,3874.88,3883.22,3862.66,3876.29,459031.49
2025-10-23 16:00:00,3874.88,3883.22,3862.66,3876.29,459031.49
2025-10-23 16:00:00,3874.88,3883.22,3862.66,3876.29,459031.49
2025-10-23 16:00:00,3874.88,3883.22,3862.66,3876.29,459031.49
2025-10-23 16:00:00,3874.88,3883.22,3862.66,3876.29,459031.49
2025-10-23 16:00:00,3874.88,3883.22,3862.66,3876.29,459031.49
2025-10-23 16:00:00,3874.88,3883.22,3862.66,3876.29,459031.49
2025-10-23 16:00:00,3874.88,3883.22,3862.66,3876.29,459031.49
2025-10-23 16:00:00,3874.88,3883.22,3862.66,3876.29,459031.49
2025-10-23 16:00:00,3874.88,3883.22,3862.66,3876.29,459031.49
2025-10-23 16:00:00,3874.88,3883.22,3862.66,3876.29,459031.49
2025-10-23 16:00:00,3874.88,3883.22,3862.66,3876.29,459031.49
2025-10-23 16:00:00,3874.88,3883.22,3862.66,3876.29,459031.49
2025-10-23 16:00:00,3874.88,3883.22,3862.66,3876.29,459031.49
2025-10-23 16:00:00,3874.88,3883.22,3862.66,3876.29,459031.49
2025-10-23 16:00:00,3874.88,3883.22,3862.66,3876.29,459031.49
2025-10-23 16:00:00,3874.88,3883.22,3862.66,3876.29,459031.49
2025-10-23 16:15:00,3876.29,3880.67,3868.19,3872.49,172902.04
2025-10-23 16:15:00,3876.29,3880.67,3868.19,3872.49,172902.04
2025-10-23 16:15:00,3876.29,3880.67,3868.19,3872.49,172902.04
2025-10-23 16:15:00,3876.29,3880.67,3868.19,3872.49,172902.04
2025-10-23 16:15:00,3876.29,3880.67,3868.19,3872.49,172902.04
2025-10-23 16:15:00,3876.29,3880.67,3868.19,3872.49,172902.04
2025-10-23 16:15:00,3876.29,3880.67,3868.19,3872.49,172902.04
2025-10-23 16:15:00,3876.29,3880.67,3868.19,3872.49,172902.04
2025-10-23 16:15:00,3876.29,3880.67,3868.19,3872.49,172902.04
2025-10-23 16:15:00,3876.29,3880.67,3868.19,3872.49,172902.04
2025-10-23 16:15:00,3876.29,3880.67,3868.19,3872.49,172902.04
2025-10-23 16:15:00,3876.29,3880.67,3868.19,3872.49,172902.04
2025-10-23 16:15:00,3876.29,3880.67,3868.19,3872.49,172902.04
2025-10-23 16:15:00,3876.29,3880.67,3868.19,3872.49,172902.04
2025-10-23 16:15:00,3876.29,3880.67,3868.19,3872.49,172902.04
2025-10-23 16:15:00,3876.29,3880.67,3868.19,3872.49,172902.04
2025-10-23 16:15:00,3876.29,3880.67,3868.19,3872.49,172902.04
2025-10-23 16:15:00,3876.29,3880.67,3868.19,3872.49,172902.04
2025-10-23 16:15:00,3876.29,3880.67,3868.19,3872.49,172902.04
2025-10-23 16:15:00,3876.29,3880.67,3868.19,3872.49,172902.04
2025-10-23 16:15:00,3876.29,3880.67,3868.19,3872.49,172902.04
2025-10-23 16:15:00,3876.29,3880.67,3868.19,3872.49,172902.04
2025-10-23 16:15:00,3876.29,3880.67,3868.19,3872.49,172902.04
2025-10-23 16:15:00,3876.29,3880.67,3868.19,3872.49,172902.04
2025-10-23 16:15:00,3876.29,3880.67,3868.19,3872.49,172902.04
2025-10-23 16:15:00,3876.29,3880.67,3868.19,3872.49,172902.04
2025-10-23 16:15:00,3876.29,3880.67,3868.19,3872.49,172902.04
2025-10-23 16:15:00,3876.29,3880.67,3868.19,3872.49,172902.04
2025-10-23 16:15:00,3876.29,3880.67,3868.19,3872.49,172902.04
2025-10-23 16:15:00,3876.29,3880.67,3868.19,3872.49,172902.04
2025-10-23 16:15:00,3876.29,3880.67,3868.19,3872.49,172902.04
2025-10-23 16:15:00,3876.29,3880.67,3868.19,3872.49,172902.04
2025-10-23 16:15:00,3876.29,3880.67,3868.19,3872.49,172902.04
2025-10-23 16:15:00,3876.29,3880.67,3868.19,3872.49,172902.04
2025-10-23 16:15:00,3876.29,3880.67,3868.19,3872.49,172902.04
2025-10-23 16:15:00,3876.29,3880.67,3868.19,3872.49,172902.04
2025-10-23 16:15:00,3876.29,3880.67,3868.19,3872.49,172902.04
2025-10-23 16:15:00,3876.29,3880.67,3868.19,3872.49,172902.04
2025-10-23 16:15:00,3876.29,3880.67,3868.19,3872.49,172902.04
2025-10-23 16:15:00,3876.29,3880.67,3868.19,3872.49,172902.04
2025-10-23 16:15:00,3876.29,3880.67,3868.19,3872.49,172902.04
2025-10-23 16:15:00,3876.29,3880.67,3868.19,3872.49,172902.04
2025-10-23 16:15:00,3876.29,3880.67,3868.19,3872.49,172902.04
2025-10-23 16:15:00,3876.29,3880.67,3868.19,3872.49,172902.04
2025-10-23 16:15:00,3876.29,3880.67,3868.19,3872.49,172902.04
2025-10-23 16:15:00,3876.29,3880.67,3868.19,3872.49,172902.04
2025-10-23 16:15:00,3876.29,3880.67,3868.19,3872.49,172902.04
2025-10-23 16:15:00,3876.29,3880.67,3868.19,3872.49,172902.04
2025-10-23 16:15:00,3876.29,3880.67,3868.19,3872.49,172902.04
2025-10-23 16:15:00,3876.29,3880.67,3868.19,3872.49,172902.04
2025-10-23 16:15:00,3876.29,3880.67,3868.19,3872.49,172902.04
2025-10-23 16:15:00,3876.29,3880.67,3868.19,3872.49,172902.04
2025-10-23 16:15:00,3876.29,3880.67,3868.19,3872.49,172902.04
2025-10-23 16:30:00,3872.49,3879.72,3865.0,3878.62,286182.59
2025-10-23 16:30:00,3872.49,3879.72,3865.0,3878.62,286182.59
2025-10-23 16:30:00,3872.49,3879.72,3865.0,3878.62,286182.59
2025-10-23 16:30:00,3872.49,3879.72,3865.0,3878.62,286182.59
2025-10-23 16:30:00,3872.49,3879.72,3865.0,3878.62,286182.59
2025-10-23 16:30:00,3872.49,3879.72,3865.0,3878.62,286182.59
2025-10-23 16:30:00,3872.49,3879.72,3865.0,3878.62,286182.59
2025-10-23 16:30:00,3872.49,3879.72,3865.0,3878.62,286182.59
2025-10-23 16:30:00,3872.49,3879.72,3865.0,3878.62,286182.59
2025-10-23 16:30:00,3872.49,3879.72,3865.0,3878.62,286182.59
2025-10-23 16:30:00,3872.49,3879.72,3865.0,3878.62,286182.59
2025-10-23 16:30:00,3872.49,3879.72,3865.0,3878.62,286182.59
2025-10-23 16:30:00,3872.49,3879.72,3865.0,3878.62,286182.59
2025-10-23 16:30:00,3872.49,3879.72,3865.0,3878.62,286182.59
2025-10-23 16:30:00,3872.49,3879.72,3865.0,3878.62,286182.59
2025-10-23 16:30:00,3872.49,3879.72,3865.0,3878.62,286182.59
2025-10-23 16:30:00,3872.49,3879.72,3865.0,3878.62,286182.59
2025-10-23 16:30:00,3872.49,3879.72,3865.0,3878.62,286182.59
2025-10-23 16:30:00,3872.49,3879.72,3865.0,3878.62,286182.59
2025-10-23 16:30:00,3872.49,3879.72,3865.0,3878.62,286182.59
2025-10-23 16:30:00,3872.49,3879.72,3865.0,3878.62,286182.59
2025-10-23 16:30:00,3872.49,3879.72,3865.0,3878.62,286182.59
2025-10-23 16:30:00,3872.49,3879.72,3865.0,3878.62,286182.59
2025-10-23 16:30:00,3872.49,3879.72,3865.0,3878.62,286182.59
2025-10-23 16:30:00,3872.49,3879.72,3865.0,3878.62,286182.59
2025-10-23 16:30:00,3872.49,3879.72,3865.0,3878.62,286182.59
2025-10-23 16:30:00,3872.49,3879.72,3865.0,3878.62,286182.59
2025-10-23 16:30:00,3872.49,3879.72,3865.0,3878.62,286182.59
2025-10-23 16:30:00,3872.49,3879.72,3865.0,3878.62,286182.59
2025-10-23 16:30:00,3872.49,3879.72,3865.0,3878.62,286182.59
2025-10-23 16:30:00,3872.49,3879.72,3865.0,3878.62,286182.59
2025-10-23 16:30:00,3872.49,3879.72,3865.0,3878.62,286182.59
2025-10-23 16:30:00,3872.49,3879.72,3865.0,3878.62,286182.59
2025-10-23 16:30:00,3872.49,3879.72,3865.0,3878.62,286182.59
2025-10-23 16:30:00,3872.49,3879.72,3865.0,3878.62,286182.59
2025-10-23 16:30:00,3872.49,3879.72,3865.0,3878.62,286182.59
2025-10-23 16:30:00,3872.49,3879.72,3865.0,3878.62,286182.59
2025-10-23 16:30:00,3872.49,3879.72,3865.0,3878.62,286182.59
2025-10-23 16:30:00,3872.49,3879.72,3865.0,3878.62,286182.59
2025-10-23 16:30:00,3872.49,3879.72,3865.0,3878.62,286182.59
2025-10-23 16:30:00,3872.49,3879.72,3865.0,3878.62,286182.59
2025-10-23 16:30:00,3872.49,3879.72,3865.0,3878.62,286182.59
2025-10-23 16:30:00,3872.49,3879.72,3865.0,3878.62,286182.59
2025-10-23 16:30:00,3872.49,3879.72,3865.0,3878.62,286182.59
2025-10-23 16:30:00,3872.49,3879.72,3865.0,3878.62,286182.59
2025-10-23 16:30:00,3872.49,3879.72,3865.0,3878.62,286182.59
2025-10-23 16:30:00,3872.49,3879.72,3865.0,3878.62,286182.59
2025-10-23 16:30:00,3872.49,3879.72,3865.0,3878.62,286182.59
2025-10-23 16:30:00,3872.49,3879.72,3865.0,3878.62,286182.59
2025-10-23 16:30:00,3872.49,3879.72,3865.0,3878.62,286182.59
2025-10-23 16:30:00,3872.49,3879.72,3865.0,3878.62,286182.59
2025-10-23 16:30:00,3872.49,3879.72,3865.0,3878.62,286182.59
2025-10-23 16:30:00,3872.49,3879.72,3865.0,3878.62,286182.59
2025-10-23 16:45:00,3878.63,3934.49,3878.62,3916.15,1207432.58
2025-10-23 16:45:00,3878.63,3934.49,3878.62,3916.15,1207432.58
2025-10-23 16:45:00,3878.63,3934.49,3878.62,3916.15,1207432.58
2025-10-23 16:45:00,3878.63,3934.49,3878.62,3916.15,1207432.58
2025-10-23 16:45:00,3878.63,3934.49,3878.62,3916.15,1207432.58
2025-10-23 16:45:00,3878.63,3934.49,3878.62,3916.15,1207432.58
2025-10-23 16:45:00,3878.63,3934.49,3878.62,3916.15,1207432.58
2025-10-23 16:45:00,3878.63,3934.49,3878.62,3916.15,1207432.58
2025-10-23 16:45:00,3878.63,3934.49,3878.62,3916.15,1207432.58
2025-10-23 16:45:00,3878.63,3934.49,3878.62,3916.15,1207432.58
2025-10-23 16:45:00,3878.63,3934.49,3878.62,3916.15,1207432.58
2025-10-23 16:45:00,3878.63,3934.49,3878.62,3916.15,1207432.58
2025-10-23 16:45:00,3878.63,3934.49,3878.62,3916.15,1207432.58
2025-10-23 16:45:00,3878.63,3934.49,3878.62,3916.15,1207432.58
2025-10-23 16:45:00,3878.63,3934.49,3878.62,3916.15,1207432.58
2025-10-23 16:45:00,3878.63,3934.49,3878.62,3916.15,1207432.58
2025-10-23 16:45:00,3878.63,3934.49,3878.62,3916.15,1207432.58
2025-10-23 16:45:00,3878.63,3934.49,3878.62,3916.15,1207432.58
2025-10-23 16:45:00,3878.63,3934.49,3878.62,3916.15,1207432.58
2025-10-23 16:45:00,3878.63,3934.49,3878.62,3916.15,1207432.58
2025-10-23 16:45:00,3878.63,3934.49,3878.62,3916.15,1207432.58
2025-10-23 16:45:00,3878.63,3934.49,3878.62,3916.15,1207432.58
2025-10-23 16:45:00,3878.63,3934.49,3878.62,3916.15,1207432.58
2025-10-23 16:45:00,3878.63,3934.49,3878.62,3916.15,1207432.58
2025-10-23 16:45:00,3878.63,3934.49,3878.62,3916.15,1207432.58
2025-10-23 16:45:00,3878.63,3934.49,3878.62,3916.15,1207432.58
2025-10-23 16:45:00,3878.63,3934.49,3878.62,3916.15,1207432.58
2025-10-23 16:45:00,3878.63,3934.49,3878.62,3916.15,1207432.58
2025-10-23 16:45:00,3878.63,3934.49,3878.62,3916.15,1207432.58
2025-10-23 16:45:00,3878.63,3934.49,3878.62,3916.15,1207432.58
2025-10-23 16:45:00,3878.63,3934.49,3878.62,3916.15,1207432.58
2025-10-23 16:45:00,3878.63,3934.49,3878.62,3916.15,1207432.58
2025-10-23 16:45:00,3878.63,3934.49,3878.62,3916.15,1207432.58
2025-10-23 16:45:00,3878.63,3934.49,3878.62,3916.15,1207432.58
2025-10-23 16:45:00,3878.63,3934.49,3878.62,3916.15,1207432.58
2025-10-23 16:45:00,3878.63,3934.49,3878.62,3916.15,1207432.58
2025-10-23 16:45:00,3878.63,3934.49,3878.62,3916.15,1207432.58
2025-10-23 16:45:00,3878.63,3934.49,3878.62,3916.15,1207432.58
2025-10-23 16:45:00,3878.63,3934.49,3878.62,3916.15,1207432.58
2025-10-23 16:45:00,3878.63,3934.49,3878.62,3916.15,1207432.58
2025-10-23 16:45:00,3878.63,3934.49,3878.62,3916.15,1207432.58
2025-10-23 16:45:00,3878.63,3934.49,3878.62,3916.15,1207432.58
2025-10-23 16:45:00,3878.63,3934.49,3878.62,3916.15,1207432.58
2025-10-23 16:45:00,3878.63,3934.49,3878.62,3916.15,1207432.58
2025-10-23 16:45:00,3878.63,3934.49,3878.62,3916.15,1207432.58
2025-10-23 16:45:00,3878.63,3934.49,3878.62,3916.15,1207432.58
2025-10-23 16:45:00,3878.63,3934.49,3878.62,3916.15,1207432.58
2025-10-23 16:45:00,3878.63,3934.49,3878.62,3916.15,1207432.58
2025-10-23 16:45:00,3878.63,3934.49,3878.62,3916.15,1207432.58
2025-10-23 16:45:00,3878.63,3934.49,3878.62,3916.15,1207432.58
2025-10-23 16:45:00,3878.63,3934.49,3878.62,3916.15,1207432.58
2025-10-23 16:45:00,3878.63,3934.49,3878.62,3916.15,1207432.58
2025-10-23 16:45:00,3878.63,3934.49,3878.62,3916.15,1207432.58
2025-10-23 17:00:00,3916.15,3919.38,3873.71,3885.39,889010.52
2025-10-23 17:00:00,3916.15,3919.38,3873.71,3885.39,889010.52
2025-10-23 17:00:00,3916.15,3919.38,3873.71,3885.39,889010.52
2025-10-23 17:00:00,3916.15,3919.38,3873.71,3885.39,889010.52
2025-10-23 17:00:00,3916.15,3919.38,3873.71,3885.39,889010.52
2025-10-23 17:00:00,3916.15,3919.38,3873.71,3885.39,889010.52
2025-10-23 17:00:00,3916.15,3919.38,3873.71,3885.39,889010.52
2025-10-23 17:00:00,3916.15,3919.38,3873.71,3885.39,889010.52
2025-10-23 17:00:00,3916.15,3919.38,3873.71,3885.39,889010.52
2025-10-23 17:00:00,3916.15,3919.38,3873.71,3885.39,889010.52
2025-10-23 17:00:00,3916.15,3919.38,3873.71,3885.39,889010.52
2025-10-23 17:00:00,3916.15,3919.38,3873.71,3885.39,889010.52
2025-10-23 17:00:00,3916.15,3919.38,3873.71,3885.39,889010.52
2025-10-23 17:00:00,3916.15,3919.38,3873.71,3885.39,889010.52
2025-10-23 17:00:00,3916.15,3919.38,3873.71,3885.39,889010.52
2025-10-23 17:00:00,3916.15,3919.38,3873.71,3885.39,889010.52
2025-10-23 17:00:00,3916.15,3919.38,3873.71,3885.39,889010.52
2025-10-23 17:00:00,3916.15,3919.38,3873.71,3885.39,889010.52
2025-10-23 17:00:00,3916.15,3919.38,3873.71,3885.39,889010.52
2025-10-23 17:00:00,3916.15,3919.38,3873.71,3885.39,889010.52
2025-10-23 17:00:00,3916.15,3919.38,3873.71,3885.39,889010.52
2025-10-23 17:00:00,3916.15,3919.38,3873.71,3885.39,889010.52
2025-10-23 17:00:00,3916.15,3919.38,3873.71,3885.39,889010.52
2025-10-23 17:00:00,3916.15,3919.38,3873.71,3885.39,889010.52
2025-10-23 17:00:00,3916.15,3919.38,3873.71,3885.39,889010.52
2025-10-23 17:00:00,3916.15,3919.38,3873.71,3885.39,889010.52
2025-10-23 17:00:00,3916.15,3919.38,3873.71,3885.39,889010.52
2025-10-23 17:00:00,3916.15,3919.38,3873.71,3885.39,889010.52
2025-10-23 17:00:00,3916.15,3919.38,3873.71,3885.39,889010.52
2025-10-23 17:00:00,3916.15,3919.38,3873.71,3885.39,889010.52
2025-10-23 17:00:00,3916.15,3919.38,3873.71,3885.39,889010.52
2025-10-23 17:00:00,3916.15,3919.38,3873.71,3885.39,889010.52
2025-10-23 17:00:00,3916.15,3919.38,3873.71,3885.39,889010.52
2025-10-23 17:00:00,3916.15,3919.38,3873.71,3885.39,889010.52
2025-10-23 17:00:00,3916.15,3919.38,3873.71,3885.39,889010.52
2025-10-23 17:00:00,3916.15,3919.38,3873.71,3885.39,889010.52
2025-10-23 17:00:00,3916.15,3919.38,3873.71,3885.39,889010.52
2025-10-23 17:00:00,3916.15,3919.38,3873.71,3885.39,889010.52
2025-10-23 17:00:00,3916.15,3919.38,3873.71,3885.39,889010.52
2025-10-23 17:00:00,3916.15,3919.38,3873.71,3885.39,889010.52
2025-10-23 17:00:00,3916.15,3919.38,3873.71,3885.39,889010.52
2025-10-23 17:00:00,3916.15,3919.38,3873.71,3885.39,889010.52
2025-10-23 17:00:00,3916.15,3919.38,3873.71,3885.39,889010.52
2025-10-23 17:00:00,3916.15,3919.38,3873.71,3885.39,889010.52
2025-10-23 17:00:00,3916.15,3919.38,3873.71,3885.39,889010.52
2025-10-23 17:00:00,3916.15,3919.38,3873.71,3885.39,889010.52
2025-10-23 17:00:00,3916.15,3919.38,3873.71,3885.39,889010.52
2025-10-23 17:00:00,3916.15,3919.38,3873.71,3885.39,889010.52
2025-10-23 17:00:00,3916.15,3919.38,3873.71,3885.39,889010.52
2025-10-23 17:00:00,3916.15,3919.38,3873.71,3885.39,889010.52
2025-10-23 17:00:00,3916.15,3919.38,3873.71,3885.39,889010.52
2025-10-23 17:00:00,3916.15,3919.38,3873.71,3885.39,889010.52
2025-10-23 17:00:00,3916.15,3919.38,3873.71,3885.39,889010.52
2025-10-23 17:15:00,3885.38,3891.49,3880.56,3885.82,185983.43
2025-10-23 17:15:00,3885.38,3891.49,3880.56,3885.82,185983.43
2025-10-23 17:15:00,3885.38,3891.49,3880.56,3885.82,185983.43
2025-10-23 17:15:00,3885.38,3891.49,3880.56,3885.82,185983.43
2025-10-23 17:15:00,3885.38,3891.49,3880.56,3885.82,185983.43
2025-10-23 17:15:00,3885.38,3891.49,3880.56,3885.82,185983.43
2025-10-23 17:15:00,3885.38,3891.49,3880.56,3885.82,185983.43
2025-10-23 17:15:00,3885.38,3891.49,3880.56,3885.82,185983.43
2025-10-23 17:15:00,3885.38,3891.49,3880.56,3885.82,185983.43
2025-10-23 17:15:00,3885.38,3891.49,3880.56,3885.82,185983.43
2025-10-23 17:15:00,3885.38,3891.49,3880.56,3885.82,185983.43
2025-10-23 17:15:00,3885.38,3891.49,3880.56,3885.82,185983.43
2025-10-23 17:15:00,3885.38,3891.49,3880.56,3885.82,185983.43
2025-10-23 17:15:00,3885.38,3891.49,3880.56,3885.82,185983.43
2025-10-23 17:15:00,3885.38,3891.49,3880.56,3885.82,185983.43
2025-10-23 17:15:00,3885.38,3891.49,3880.56,3885.82,185983.43
2025-10-23 17:15:00,3885.38,3891.49,3880.56,3885.82,185983.43
2025-10-23 17:15:00,3885.38,3891.49,3880.56,3885.82,185983.43
2025-10-23 17:15:00,3885.38,3891.49,3880.56,3885.82,185983.43
2025-10-23 17:15:00,3885.38,3891.49,3880.56,3885.82,185983.43
2025-10-23 17:15:00,3885.38,3891.49,3880.56,3885.82,185983.43
2025-10-23 17:15:00,3885.38,3891.49,3880.56,3885.82,185983.43
2025-10-23 17:15:00,3885.38,3891.49,3880.56,3885.82,185983.43
2025-10-23 17:15:00,3885.38,3891.49,3880.56,3885.82,185983.43
2025-10-23 17:15:00,3885.38,3891.49,3880.56,3885.82,185983.43
2025-10-23 17:15:00,3885.38,3891.49,3880.56,3885.82,185983.43
2025-10-23 17:15:00,3885.38,3891.49,3880.56,3885.82,185983.43
2025-10-23 17:15:00,3885.38,3891.49,3880.56,3885.82,185983.43
2025-10-23 17:15:00,3885.38,3891.49,3880.56,3885.82,185983.43
2025-10-23 17:15:00,3885.38,3891.49,3880.56,3885.82,185983.43
2025-10-23 17:15:00,3885.38,3891.49,3880.56,3885.82,185983.43
2025-10-23 17:15:00,3885.38,3891.49,3880.56,3885.82,185983.43
2025-10-23 17:15:00,3885.38,3891.49,3880.56,3885.82,185983.43
2025-10-23 17:15:00,3885.38,3891.49,3880.56,3885.82,185983.43
2025-10-23 17:15:00,3885.38,3891.49,3880.56,3885.82,185983.43
2025-10-23 17:15:00,3885.38,3891.49,3880.56,3885.82,185983.43
2025-10-23 17:15:00,3885.38,3891.49,3880.56,3885.82,185983.43
2025-10-23 17:15:00,3885.38,3891.49,3880.56,3885.82,185983.43
2025-10-23 17:15:00,3885.38,3891.49,3880.56,3885.82,185983.43
2025-10-23 17:15:00,3885.38,3891.49,3880.56,3885.82,185983.43
2025-10-23 17:15:00,3885.38,3891.49,3880.56,3885.82,185983.43
2025-10-23 17:15:00,3885.38,3891.49,3880.56,3885.82,185983.43
2025-10-23 17:15:00,3885.38,3891.49,3880.56,3885.82,185983.43
2025-10-23 17:15:00,3885.38,3891.49,3880.56,3885.82,185983.43
2025-10-23 17:15:00,3885.38,3891.49,3880.56,3885.82,185983.43
2025-10-23 17:15:00,3885.38,3891.49,3880.56,3885.82,185983.43
2025-10-23 17:15:00,3885.38,3891.49,3880.56,3885.82,185983.43
2025-10-23 17:15:00,3885.38,3891.49,3880.56,3885.82,185983.43
2025-10-23 17:15:00,3885.38,3891.49,3880.56,3885.82,185983.43
2025-10-23 17:15:00,3885.38,3891.49,3880.56,3885.82,185983.43
2025-10-23 17:15:00,3885.38,3891.49,3880.56,3885.82,185983.43
2025-10-23 17:15:00,3885.38,3891.49,3880.56,3885.82,185983.43
2025-10-23 17:15:00,3885.38,3891.49,3880.56,3885.82,185983.43
2025-10-23 17:30:00,3885.83,3923.08,3884.01,3909.62,669468.04
2025-10-23 17:30:00,3885.83,3923.08,3884.01,3909.62,669468.04
2025-10-23 17:30:00,3885.83,3923.08,3884.01,3909.62,669468.04
2025-10-23 17:30:00,3885.83,3923.08,3884.01,3909.62,669468.04
2025-10-23 17:30:00,3885.83,3923.08,3884.01,3909.62,669468.04
2025-10-23 17:30:00,3885.83,3923.08,3884.01,3909.62,669468.04
2025-10-23 17:30:00,3885.83,3923.08,3884.01,3909.62,669468.04
2025-10-23 17:30:00,3885.83,3923.08,3884.01,3909.62,669468.04
2025-10-23 17:30:00,3885.83,3923.08,3884.01,3909.62,669468.04
2025-10-23 17:30:00,3885.83,3923.08,3884.01,3909.62,669468.04
2025-10-23 17:30:00,3885.83,3923.08,3884.01,3909.62,669468.04
2025-10-23 17:30:00,3885.83,3923.08,3884.01,3909.62,669468.04
2025-10-23 17:30:00,3885.83,3923.08,3884.01,3909.62,669468.04
2025-10-23 17:30:00,3885.83,3923.08,3884.01,3909.62,669468.04
2025-10-23 17:30:00,3885.83,3923.08,3884.01,3909.62,669468.04
2025-10-23 17:30:00,3885.83,3923.08,3884.01,3909.62,669468.04
2025-10-23 17:30:00,3885.83,3923.08,3884.01,3909.62,669468.04
2025-10-23 17:30:00,3885.83,3923.08,3884.01,3909.62,669468.04
2025-10-23 17:30:00,3885.83,3923.08,3884.01,3909.62,669468.04
2025-10-23 17:30:00,3885.83,3923.08,3884.01,3909.62,669468.04
2025-10-23 17:30:00,3885.83,3923.08,3884.01,3909.62,669468.04
2025-10-23 17:30:00,3885.83,3923.08,3884.01,3909.62,669468.04
2025-10-23 17:30:00,3885.83,3923.08,3884.01,3909.62,669468.04
2025-10-23 17:30:00,3885.83,3923.08,3884.01,3909.62,669468.04
2025-10-23 17:30:00,3885.83,3923.08,3884.01,3909.62,669468.04
2025-10-23 17:30:00,3885.83,3923.08,3884.01,3909.62,669468.04
2025-10-23 17:30:00,3885.83,3923.08,3884.01,3909.62,669468.04
2025-10-23 17:30:00,3885.83,3923.08,3884.01,3909.62,669468.04
2025-10-23 17:30:00,3885.83,3923.08,3884.01,3909.62,669468.04
2025-10-23 17:30:00,3885.83,3923.08,3884.01,3909.62,669468.04
2025-10-23 17:30:00,3885.83,3923.08,3884.01,3909.62,669468.04
2025-10-23 17:30:00,3885.83,3923.08,3884.01,3909.62,669468.04
2025-10-23 17:30:00,3885.83,3923.08,3884.01,3909.62,669468.04
2025-10-23 17:30:00,3885.83,3923.08,3884.01,3909.62,669468.04
2025-10-23 17:30:00,3885.83,3923.08,3884.01,3909.62,669468.04
2025-10-23 17:30:00,3885.83,3923.08,3884.01,3909.62,669468.04
2025-10-23 17:30:00,3885.83,3923.08,3884.01,3909.62,669468.04
2025-10-23 17:30:00,3885.83,3923.08,3884.01,3909.62,669468.04
2025-10-23 17:30:00,3885.83,3923.08,3884.01,3909.62,669468.04
2025-10-23 17:30:00,3885.83,3923.08,3884.01,3909.62,669468.04
2025-10-23 17:30:00,3885.83,3923.08,3884.01,3909.62,669468.04
2025-10-23 17:30:00,3885.83,3923.08,3884.01,3909.62,669468.04
2025-10-23 17:30:00,3885.83,3923.08,3884.01,3909.62,669468.04
2025-10-23 17:30:00,3885.83,3923.08,3884.01,3909.62,669468.04
2025-10-23 17:30:00,3885.83,3923.08,3884.01,3909.62,669468.04
2025-10-23 17:30:00,3885.83,3923.08,3884.01,3909.62,669468.04
2025-10-23 17:30:00,3885.83,3923.08,3884.01,3909.62,669468.04
2025-10-23 17:30:00,3885.83,3923.08,3884.01,3909.62,669468.04
2025-10-23 17:30:00,3885.83,3923.08,3884.01,3909.62,669468.04
2025-10-23 17:30:00,3885.83,3923.08,3884.01,3909.62,669468.04
2025-10-23 17:30:00,3885.83,3923.08,3884.01,3909.62,669468.04
2025-10-23 17:30:00,3885.83,3923.08,3884.01,3909.62,669468.04
2025-10-23 17:30:00,3885.83,3923.08,3884.01,3909.62,669468.04
2025-10-23 17:45:00,3909.61,3926.49,3909.61,3919.6,404396.54
2025-10-23 17:45:00,3909.61,3926.49,3909.61,3919.6,404396.54
2025-10-23 17:45:00,3909.61,3926.49,3909.61,3919.6,404396.54
2025-10-23 17:45:00,3909.61,3926.49,3909.61,3919.6,404396.54
2025-10-23 17:45:00,3909.61,3926.49,3909.61,3919.6,404396.54
2025-10-23 17:45:00,3909.61,3926.49,3909.61,3919.6,404396.54
2025-10-23 17:45:00,3909.61,3926.49,3909.61,3919.6,404396.54
2025-10-23 17:45:00,3909.61,3926.49,3909.61,3919.6,404396.54
2025-10-23 17:45:00,3909.61,3926.49,3909.61,3919.6,404396.54
2025-10-23 17:45:00,3909.61,3926.49,3909.61,3919.6,404396.54
2025-10-23 17:45:00,3909.61,3926.49,3909.61,3919.6,404396.54
2025-10-23 17:45:00,3909.61,3926.49,3909.61,3919.6,404396.54
2025-10-23 17:45:00,3909.61,3926.49,3909.61,3919.6,404396.54
2025-10-23 17:45:00,3909.61,3926.49,3909.61,3919.6,404396.54
2025-10-23 17:45:00,3909.61,3926.49,3909.61,3919.6,404396.54
2025-10-23 17:45:00,3909.61,3926.49,3909.61,3919.6,404396.54
2025-10-23 17:45:00,3909.61,3926.49,3909.61,3919.6,404396.54
2025-10-23 17:45:00,3909.61,3926.49,3909.61,3919.6,404396.54
2025-10-23 17:45:00,3909.61,3926.49,3909.61,3919.6,404396.54
2025-10-23 17:45:00,3909.61,3926.49,3909.61,3919.6,404396.54
2025-10-23 17:45:00,3909.61,3926.49,3909.61,3919.6,404396.54
2025-10-23 17:45:00,3909.61,3926.49,3909.61,3919.6,404396.54
2025-10-23 17:45:00,3909.61,3926.49,3909.61,3919.6,404396.54
2025-10-23 17:45:00,3909.61,3926.49,3909.61,3919.6,404396.54
2025-10-23 17:45:00,3909.61,3926.49,3909.61,3919.6,404396.54
2025-10-23 17:45:00,3909.61,3926.49,3909.61,3919.6,404396.54
2025-10-23 17:45:00,3909.61,3926.49,3909.61,3919.6,404396.54
2025-10-23 17:45:00,3909.61,3926.49,3909.61,3919.6,404396.54
2025-10-23 17:45:00,3909.61,3926.49,3909.61,3919.6,404396.54
2025-10-23 17:45:00,3909.61,3926.49,3909.61,3919.6,404396.54
2025-10-23 17:45:00,3909.61,3926.49,3909.61,3919.6,404396.54
2025-10-23 17:45:00,3909.61,3926.49,3909.61,3919.6,404396.54
2025-10-23 17:45:00,3909.61,3926.49,3909.61,3919.6,404396.54
2025-10-23 17:45:00,3909.61,3926.49,3909.61,3919.6,404396.54
2025-10-23 17:45:00,3909.61,3926.49,3909.61,3919.6,404396.54
2025-10-23 17:45:00,3909.61,3926.49,3909.61,3919.6,404396.54
2025-10-23 17:45:00,3909.61,3926.49,3909.61,3919.6,404396.54
2025-10-23 17:45:00,3909.61,3926.49,3909.61,3919.6,404396.54
2025-10-23 17:45:00,3909.61,3926.49,3909.61,3919.6,404396.54
2025-10-23 17:45:00,3909.61,3926.49,3909.61,3919.6,404396.54
2025-10-23 17:45:00,3909.61,3926.49,3909.61,3919.6,404396.54
2025-10-23 17:45:00,3909.61,3926.49,3909.61,3919.6,404396.54
2025-10-23 17:45:00,3909.61,3926.49,3909.61,3919.6,404396.54
2025-10-23 17:45:00,3909.61,3926.49,3909.61,3919.6,404396.54
2025-10-23 17:45:00,3909.61,3926.49,3909.61,3919.6,404396.54
2025-10-23 17:45:00,3909.61,3926.49,3909.61,3919.6,404396.54
2025-10-23 17:45:00,3909.61,3926.49,3909.61,3919.6,404396.54
2025-10-23 17:45:00,3909.61,3926.49,3909.61,3919.6,404396.54
2025-10-23 17:45:00,3909.61,3926.49,3909.61,3919.6,404396.54
2025-10-23 17:45:00,3909.61,3926.49,3909.61,3919.6,404396.54
2025-10-23 17:45:00,3909.61,3926.49,3909.61,3919.6,404396.54
2025-10-23 17:45:00,3909.61,3926.49,3909.61,3919.6,404396.54
2025-10-23 17:45:00,3909.61,3926.49,3909.61,3919.6,404396.54
2025-10-23 18:00:00,3919.61,3920.98,3888.54,3892.61,410589.19
2025-10-23 18:00:00,3919.61,3920.98,3888.54,3892.61,410589.19
2025-10-23 18:00:00,3919.61,3920.98,3888.54,3892.61,410589.19
2025-10-23 18:00:00,3919.61,3920.98,3888.54,3892.61,410589.19
2025-10-23 18:00:00,3919.61,3920.98,3888.54,3892.61,410589.19
2025-10-23 18:00:00,3919.61,3920.98,3888.54,3892.61,410589.19
2025-10-23 18:00:00,3919.61,3920.98,3888.54,3892.61,410589.19
2025-10-23 18:00:00,3919.61,3920.98,3888.54,3892.61,410589.19
2025-10-23 18:00:00,3919.61,3920.98,3888.54,3892.61,410589.19
2025-10-23 18:00:00,3919.61,3920.98,3888.54,3892.61,410589.19
2025-10-23 18:00:00,3919.61,3920.98,3888.54,3892.61,410589.19
2025-10-23 18:00:00,3919.61,3920.98,3888.54,3892.61,410589.19
2025-10-23 18:00:00,3919.61,3920.98,3888.54,3892.61,410589.19
2025-10-23 18:00:00,3919.61,3920.98,3888.54,3892.61,410589.19
2025-10-23 18:00:00,3919.61,3920.98,3888.54,3892.61,410589.19
2025-10-23 18:00:00,3919.61,3920.98,3888.54,3892.61,410589.19
2025-10-23 18:00:00,3919.61,3920.98,3888.54,3892.61,410589.19
2025-10-23 18:00:00,3919.61,3920.98,3888.54,3892.61,410589.19
2025-10-23 18:00:00,3919.61,3920.98,3888.54,3892.61,410589.19
2025-10-23 18:00:00,3919.61,3920.98,3888.54,3892.61,410589.19
2025-10-23 18:00:00,3919.61,3920.98,3888.54,3892.61,410589.19
2025-10-23 18:00:00,3919.61,3920.98,3888.54,3892.61,410589.19
2025-10-23 18:00:00,3919.61,3920.98,3888.54,3892.61,410589.19
2025-10-23 18:00:00,3919.61,3920.98,3888.54,3892.61,410589.19
2025-10-23 18:00:00,3919.61,3920.98,3888.54,3892.61,410589.19
2025-10-23 18:00:00,3919.61,3920.98,3888.54,3892.61,410589.19
2025-10-23 18:00:00,3919.61,3920.98,3888.54,3892.61,410589.19
2025-10-23 18:00:00,3919.61,3920.98,3888.54,3892.61,410589.19
2025-10-23 18:00:00,3919.61,3920.98,3888.54,3892.61,410589.19
2025-10-23 18:00:00,3919.61,3920.98,3888.54,3892.61,410589.19
2025-10-23 18:00:00,3919.61,3920.98,3888.54,3892.61,410589.19
2025-10-23 18:00:00,3919.61,3920.98,3888.54,3892.61,410589.19
2025-10-23 18:00:00,3919.61,3920.98,3888.54,3892.61,410589.19
2025-10-23 18:00:00,3919.61,3920.98,3888.54,3892.61,410589.19
2025-10-23 18:00:00,3919.61,3920.98,3888.54,3892.61,410589.19
2025-10-23 18:00:00,3919.61,3920.98,3888.54,3892.61,410589.19
2025-10-23 18:00:00,3919.61,3920.98,3888.54,3892.61,410589.19
2025-10-23 18:00:00,3919.61,3920.98,3888.54,3892.61,410589.19
2025-10-23 18:00:00,3919.61,3920.98,3888.54,3892.61,410589.19
2025-10-23 18:00:00,3919.61,3920.98,3888.54,3892.61,410589.19
2025-10-23 18:00:00,3919.61,3920.98,3888.54,3892.61,410589.19
2025-10-23 18:00:00,3919.61,3920.98,3888.54,3892.61,410589.19
2025-10-23 18:00:00,3919.61,3920.98,3888.54,3892.61,410589.19
2025-10-23 18:00:00,3919.61,3920.98,3888.54,3892.61,410589.19
2025-10-23 18:00:00,3919.61,3920.98,3888.54,3892.61,410589.19
2025-10-23 18:00:00,3919.61,3920.98,3888.54,3892.61,410589.19
2025-10-23 18:00:00,3919.61,3920.98,3888.54,3892.61,410589.19
2025-10-23 18:00:00,3919.61,3920.98,3888.54,3892.61,410589.19
2025-10-23 18:00:00,3919.61,3920.98,3888.54,3892.61,410589.19
2025-10-23 18:00:00,3919.61,3920.98,3888.54,3892.61,410589.19
2025-10-23 18:00:00,3919.61,3920.98,3888.54,3892.61,410589.19
2025-10-23 18:00:00,3919.61,3920.98,3888.54,3892.61,410589.19
2025-10-23 18:00:00,3919.61,3920.98,3888.54,3892.61,410589.19
2025-10-23 18:15:00,3892.62,3900.0,3882.81,3885.7,287366.3
2025-10-23 18:15:00,3892.62,3900.0,3882.81,3885.7,287366.3
2025-10-23 18:15:00,3892.62,3900.0,3882.81,3885.7,287366.3
2025-10-23 18:15:00,3892.62,3900.0,3882.81,3885.7,287366.3
2025-10-23 18:15:00,3892.62,3900.0,3882.81,3885.7,287366.3
2025-10-23 18:15:00,3892.62,3900.0,3882.81,3885.7,287366.3
2025-10-23 18:15:00,3892.62,3900.0,3882.81,3885.7,287366.3
2025-10-23 18:15:00,3892.62,3900.0,3882.81,3885.7,287366.3
2025-10-23 18:15:00,3892.62,3900.0,3882.81,3885.7,287366.3
2025-10-23 18:15:00,3892.62,3900.0,3882.81,3885.7,287366.3
2025-10-23 18:15:00,3892.62,3900.0,3882.81,3885.7,287366.3
2025-10-23 18:15:00,3892.62,3900.0,3882.81,3885.7,287366.3
2025-10-23 18:15:00,3892.62,3900.0,3882.81,3885.7,287366.3
2025-10-23 18:15:00,3892.62,3900.0,3882.81,3885.7,287366.3
2025-10-23 18:15:00,3892.62,3900.0,3882.81,3885.7,287366.3
2025-10-23 18:15:00,3892.62,3900.0,3882.81,3885.7,287366.3
2025-10-23 18:15:00,3892.62,3900.0,3882.81,3885.7,287366.3
2025-10-23 18:15:00,3892.62,3900.0,3882.81,3885.7,287366.3
2025-10-23 18:15:00,3892.62,3900.0,3882.81,3885.7,287366.3
2025-10-23 18:15:00,3892.62,3900.0,3882.81,3885.7,287366.3
2025-10-23 18:15:00,3892.62,3900.0,3882.81,3885.7,287366.3
2025-10-23 18:15:00,3892.62,3900.0,3882.81,3885.7,287366.3
2025-10-23 18:15:00,3892.62,3900.0,3882.81,3885.7,287366.3
2025-10-23 18:15:00,3892.62,3900.0,3882.81,3885.7,287366.3
2025-10-23 18:15:00,3892.62,3900.0,3882.81,3885.7,287366.3
2025-10-23 18:15:00,3892.62,3900.0,3882.81,3885.7,287366.3
2025-10-23 18:15:00,3892.62,3900.0,3882.81,3885.7,287366.3
2025-10-23 18:15:00,3892.62,3900.0,3882.81,3885.7,287366.3
2025-10-23 18:15:00,3892.62,3900.0,3882.81,3885.7,287366.3
2025-10-23 18:15:00,3892.62,3900.0,3882.81,3885.7,287366.3
2025-10-23 18:15:00,3892.62,3900.0,3882.81,3885.7,287366.3
2025-10-23 18:15:00,3892.62,3900.0,3882.81,3885.7,287366.3
2025-10-23 18:15:00,3892.62,3900.0,3882.81,3885.7,287366.3
2025-10-23 18:15:00,3892.62,3900.0,3882.81,3885.7,287366.3
2025-10-23 18:15:00,3892.62,3900.0,3882.81,3885.7,287366.3
2025-10-23 18:15:00,3892.62,3900.0,3882.81,3885.7,287366.3
2025-10-23 18:15:00,3892.62,3900.0,3882.81,3885.7,287366.3
2025-10-23 18:15:00,3892.62,3900.0,3882.81,3885.7,287366.3
2025-10-23 18:15:00,3892.62,3900.0,3882.81,3885.7,287366.3
2025-10-23 18:15:00,3892.62,3900.0,3882.81,3885.7,287366.3
2025-10-23 18:15:00,3892.62,3900.0,3882.81,3885.7,287366.3
2025-10-23 18:15:00,3892.62,3900.0,3882.81,3885.7,287366.3
2025-10-23 18:15:00,3892.62,3900.0,3882.81,3885.7,287366.3
2025-10-23 18:15:00,3892.62,3900.0,3882.81,3885.7,287366.3
2025-10-23 18:15:00,3892.62,3900.0,3882.81,3885.7,287366.3
2025-10-23 18:15:00,3892.62,3900.0,3882.81,3885.7,287366.3
2025-10-23 18:15:00,3892.62,3900.0,3882.81,3885.7,287366.3
2025-10-23 18:15:00,3892.62,3900.0,3882.81,3885.7,287366.3
2025-10-23 18:15:00,3892.62,3900.0,3882.81,3885.7,287366.3
2025-10-23 18:15:00,3892.62,3900.0,3882.81,3885.7,287366.3
2025-10-23 18:15:00,3892.62,3900.0,3882.81,3885.7,287366.3
2025-10-23 18:15:00,3892.62,3900.0,3882.81,3885.7,287366.3
2025-10-23 18:15:00,3892.62,3900.0,3882.81,3885.7,287366.3
2025-10-23 18:30:00,3885.7,3886.05,3867.62,3874.39,322573.39
2025-10-23 18:30:00,3885.7,3886.05,3867.62,3874.39,322573.39
2025-10-23 18:30:00,3885.7,3886.05,3867.62,3874.39,322573.39
2025-10-23 18:30:00,3885.7,3886.05,3867.62,3874.39,322573.39
2025-10-23 18:30:00,3885.7,3886.05,3867.62,3874.39,322573.39
2025-10-23 18:30:00,3885.7,3886.05,3867.62,3874.39,322573.39
2025-10-23 18:30:00,3885.7,3886.05,3867.62,3874.39,322573.39
2025-10-23 18:30:00,3885.7,3886.05,3867.62,3874.39,322573.39
2025-10-23 18:30:00,3885.7,3886.05,3867.62,3874.39,322573.39
2025-10-23 18:30:00,3885.7,3886.05,3867.62,3874.39,322573.39
2025-10-23 18:30:00,3885.7,3886.05,3867.62,3874.39,322573.39
2025-10-23 18:30:00,3885.7,3886.05,3867.62,3874.39,322573.39
2025-10-23 18:30:00,3885.7,3886.05,3867.62,3874.39,322573.39
2025-10-23 18:30:00,3885.7,3886.05,3867.62,3874.39,322573.39
2025-10-23 18:30:00,3885.7,3886.05,3867.62,3874.39,322573.39
2025-10-23 18:30:00,3885.7,3886.05,3867.62,3874.39,322573.39
2025-10-23 18:30:00,3885.7,3886.05,3867.62,3874.39,322573.39
2025-10-23 18:30:00,3885.7,3886.05,3867.62,3874.39,322573.39
2025-10-23 18:30:00,3885.7,3886.05,3867.62,3874.39,322573.39
2025-10-23 18:30:00,3885.7,3886.05,3867.62,3874.39,322573.39
2025-10-23 18:30:00,3885.7,3886.05,3867.62,3874.39,322573.39
2025-10-23 18:30:00,3885.7,3886.05,3867.62,3874.39,322573.39
2025-10-23 18:30:00,3885.7,3886.05,3867.62,3874.39,322573.39
2025-10-23 18:30:00,3885.7,3886.05,3867.62,3874.39,322573.39
2025-10-23 18:30:00,3885.7,3886.05,3867.62,3874.39,322573.39
2025-10-23 18:30:00,3885.7,3886.05,3867.62,3874.39,322573.39
2025-10-23 18:30:00,3885.7,3886.05,3867.62,3874.39,322573.39
2025-10-23 18:30:00,3885.7,3886.05,3867.62,3874.39,322573.39
2025-10-23 18:30:00,3885.7,3886.05,3867.62,3874.39,322573.39
2025-10-23 18:30:00,3885.7,3886.05,3867.62,3874.39,322573.39
2025-10-23 18:30:00,3885.7,3886.05,3867.62,3874.39,322573.39
2025-10-23 18:30:00,3885.7,3886.05,3867.62,3874.39,322573.39
2025-10-23 18:30:00,3885.7,3886.05,3867.62,3874.39,322573.39
2025-10-23 18:30:00,3885.7,3886.05,3867.62,3874.39,322573.39
2025-10-23 18:30:00,3885.7,3886.05,3867.62,3874.39,322573.39
2025-10-23 18:30:00,3885.7,3886.05,3867.62,3874.39,322573.39
2025-10-23 18:30:00,3885.7,3886.05,3867.62,3874.39,322573.39
2025-10-23 18:30:00,3885.7,3886.05,3867.62,3874.39,322573.39
2025-10-23 18:30:00,3885.7,3886.05,3867.62,3874.39,322573.39
2025-10-23 18:30:00,3885.7,3886.05,3867.62,3874.39,322573.39
2025-10-23 18:30:00,3885.7,3886.05,3867.62,3874.39,322573.39
2025-10-23 18:30:00,3885.7,3886.05,3867.62,3874.39,322573.39
2025-10-23 18:30:00,3885.7,3886.05,3867.62,3874.39,322573.39
2025-10-23 18:30:00,3885.7,3886.05,3867.62,3874.39,322573.39
2025-10-23 18:30:00,3885.7,3886.05,3867.62,3874.39,322573.39
2025-10-23 18:30:00,3885.7,3886.05,3867.62,3874.39,322573.39
2025-10-23 18:30:00,3885.7,3886.05,3867.62,3874.39,322573.39
2025-10-23 18:30:00,3885.7,3886.05,3867.62,3874.39,322573.39
2025-10-23 18:30:00,3885.7,3886.05,3867.62,3874.39,322573.39
2025-10-23 18:30:00,3885.7,3886.05,3867.62,3874.39,322573.39
2025-10-23 18:30:00,3885.7,3886.05,3867.62,3874.39,322573.39
2025-10-23 18:30:00,3885.7,3886.05,3867.62,3874.39,322573.39
2025-10-23 18:30:00,3885.7,3886.05,3867.62,3874.39,322573.39
2025-10-23 18:45:00,3874.39,3876.0,3856.0,3868.34,332423.87
2025-10-23 18:45:00,3874.39,3876.0,3856.0,3868.34,332423.87
2025-10-23 18:45:00,3874.39,3876.0,3856.0,3868.34,332423.87
2025-10-23 18:45:00,3874.39,3876.0,3856.0,3868.34,332423.87
2025-10-23 18:45:00,3874.39,3876.0,3856.0,3868.34,332423.87
2025-10-23 18:45:00,3874.39,3876.0,3856.0,3868.34,332423.87
2025-10-23 18:45:00,3874.39,3876.0,3856.0,3868.34,332423.87
2025-10-23 18:45:00,3874.39,3876.0,3856.0,3868.34,332423.87
2025-10-23 18:45:00,3874.39,3876.0,3856.0,3868.34,332423.87
2025-10-23 18:45:00,3874.39,3876.0,3856.0,3868.34,332423.87
2025-10-23 18:45:00,3874.39,3876.0,3856.0,3868.34,332423.87
2025-10-23 18:45:00,3874.39,3876.0,3856.0,3868.34,332423.87
2025-10-23 18:45:00,3874.39,3876.0,3856.0,3868.34,332423.87
2025-10-23 18:45:00,3874.39,3876.0,3856.0,3868.34,332423.87
2025-10-23 18:45:00,3874.39,3876.0,3856.0,3868.34,332423.87
2025-10-23 18:45:00,3874.39,3876.0,3856.0,3868.34,332423.87
2025-10-23 18:45:00,3874.39,3876.0,3856.0,3868.34,332423.87
2025-10-23 18:45:00,3874.39,3876.0,3856.0,3868.34,332423.87
2025-10-23 18:45:00,3874.39,3876.0,3856.0,3868.34,332423.87
2025-10-23 18:45:00,3874.39,3876.0,3856.0,3868.34,332423.87
2025-10-23 18:45:00,3874.39,3876.0,3856.0,3868.34,332423.87
2025-10-23 18:45:00,3874.39,3876.0,3856.0,3868.34,332423.87
2025-10-23 18:45:00,3874.39,3876.0,3856.0,3868.34,332423.87
2025-10-23 18:45:00,3874.39,3876.0,3856.0,3868.34,332423.87
2025-10-23 18:45:00,3874.39,3876.0,3856.0,3868.34,332423.87
2025-10-23 18:45:00,3874.39,3876.0,3856.0,3868.34,332423.87
2025-10-23 18:45:00,3874.39,3876.0,3856.0,3868.34,332423.87
2025-10-23 18:45:00,3874.39,3876.0,3856.0,3868.34,332423.87
2025-10-23 18:45:00,3874.39,3876.0,3856.0,3868.34,332423.87
2025-10-23 18:45:00,3874.39,3876.0,3856.0,3868.34,332423.87
2025-10-23 18:45:00,3874.39,3876.0,3856.0,3868.34,332423.87
2025-10-23 18:45:00,3874.39,3876.0,3856.0,3868.34,332423.87
2025-10-23 18:45:00,3874.39,3876.0,3856.0,3868.34,332423.87
2025-10-23 18:45:00,3874.39,3876.0,3856.0,3868.34,332423.87
2025-10-23 18:45:00,3874.39,3876.0,3856.0,3868.34,332423.87
2025-10-23 18:45:00,3874.39,3876.0,3856.0,3868.34,332423.87
2025-10-23 18:45:00,3874.39,3876.0,3856.0,3868.34,332423.87
2025-10-23 18:45:00,3874.39,3876.0,3856.0,3868.34,332423.87
2025-10-23 18:45:00,3874.39,3876.0,3856.0,3868.34,332423.87
2025-10-23 18:45:00,3874.39,3876.0,3856.0,3868.34,332423.87
2025-10-23 18:45:00,3874.39,3876.0,3856.0,3868.34,332423.87
2025-10-23 18:45:00,3874.39,3876.0,3856.0,3868.34,332423.87
2025-10-23 18:45:00,3874.39,3876.0,3856.0,3868.34,332423.87
2025-10-23 18:45:00,3874.39,3876.0,3856.0,3868.34,332423.87
2025-10-23 18:45:00,3874.39,3876.0,3856.0,3868.34,332423.87
2025-10-23 18:45:00,3874.39,3876.0,3856.0,3868.34,332423.87
2025-10-23 18:45:00,3874.39,3876.0,3856.0,3868.34,332423.87
2025-10-23 18:45:00,3874.39,3876.0,3856.0,3868.34,332423.87
2025-10-23 18:45:00,3874.39,3876.0,3856.0,3868.34,332423.87
2025-10-23 18:45:00,3874.39,3876.0,3856.0,3868.34,332423.87
2025-10-23 18:45:00,3874.39,3876.0,3856.0,3868.34,332423.87
2025-10-23 18:45:00,3874.39,3876.0,3856.0,3868.34,332423.87
2025-10-23 18:45:00,3874.39,3876.0,3856.0,3868.34,332423.87
2025-10-23 19:00:00,3868.35,3869.77,3842.96,3853.78,483496.02
2025-10-23 19:00:00,3868.35,3869.77,3842.96,3853.78,483496.02
2025-10-23 19:00:00,3868.35,3869.77,3842.96,3853.78,483496.02
2025-10-23 19:00:00,3868.35,3869.77,3842.96,3853.78,483496.02
2025-10-23 19:00:00,3868.35,3869.77,3842.96,3853.78,483496.02
2025-10-23 19:00:00,3868.35,3869.77,3842.96,3853.78,483496.02
2025-10-23 19:00:00,3868.35,3869.77,3842.96,3853.78,483496.02
2025-10-23 19:00:00,3868.35,3869.77,3842.96,3853.78,483496.02
2025-10-23 19:00:00,3868.35,3869.77,3842.96,3853.78,483496.02
2025-10-23 19:00:00,3868.35,3869.77,3842.96,3853.78,483496.02
2025-10-23 19:00:00,3868.35,3869.77,3842.96,3853.78,483496.02
2025-10-23 19:00:00,3868.35,3869.77,3842.96,3853.78,483496.02
2025-10-23 19:00:00,3868.35,3869.77,3842.96,3853.78,483496.02
2025-10-23 19:00:00,3868.35,3869.77,3842.96,3853.78,483496.02
2025-10-23 19:00:00,3868.35,3869.77,3842.96,3853.78,483496.02
2025-10-23 19:00:00,3868.35,3869.77,3842.96,3853.78,483496.02
2025-10-23 19:00:00,3868.35,3869.77,3842.96,3853.78,483496.02
2025-10-23 19:00:00,3868.35,3869.77,3842.96,3853.78,483496.02
2025-10-23 19:00:00,3868.35,3869.77,3842.96,3853.78,483496.02
2025-10-23 19:00:00,3868.35,3869.77,3842.96,3853.78,483496.02
2025-10-23 19:00:00,3868.35,3869.77,3842.96,3853.78,483496.02
2025-10-23 19:00:00,3868.35,3869.77,3842.96,3853.78,483496.02
2025-10-23 19:00:00,3868.35,3869.77,3842.96,3853.78,483496.02
2025-10-23 19:00:00,3868.35,3869.77,3842.96,3853.78,483496.02
2025-10-23 19:00:00,3868.35,3869.77,3842.96,3853.78,483496.02
2025-10-23 19:00:00,3868.35,3869.77,3842.96,3853.78,483496.02
2025-10-23 19:00:00,3868.35,3869.77,3842.96,3853.78,483496.02
2025-10-23 19:00:00,3868.35,3869.77,3842.96,3853.78,483496.02
2025-10-23 19:00:00,3868.35,3869.77,3842.96,3853.78,483496.02
2025-10-23 19:00:00,3868.35,3869.77,3842.96,3853.78,483496.02
2025-10-23 19:00:00,3868.35,3869.77,3842.96,3853.78,483496.02
2025-10-23 19:00:00,3868.35,3869.77,3842.96,3853.78,483496.02
2025-10-23 19:00:00,3868.35,3869.77,3842.96,3853.78,483496.02
2025-10-23 19:00:00,3868.35,3869.77,3842.96,3853.78,483496.02
2025-10-23 19:00:00,3868.35,3869.77,3842.96,3853.78,483496.02
2025-10-23 19:00:00,3868.35,3869.77,3842.96,3853.78,483496.02
2025-10-23 19:00:00,3868.35,3869.77,3842.96,3853.78,483496.02
2025-10-23 19:00:00,3868.35,3869.77,3842.96,3853.78,483496.02
2025-10-23 19:00:00,3868.35,3869.77,3842.96,3853.78,483496.02
2025-10-23 19:00:00,3868.35,3869.77,3842.96,3853.78,483496.02
2025-10-23 19:00:00,3868.35,3869.77,3842.96,3853.78,483496.02
2025-10-23 19:00:00,3868.35,3869.77,3842.96,3853.78,483496.02
2025-10-23 19:00:00,3868.35,3869.77,3842.96,3853.78,483496.02
2025-10-23 19:00:00,3868.35,3869.77,3842.96,3853.78,483496.02
2025-10-23 19:00:00,3868.35,3869.77,3842.96,3853.78,483496.02
2025-10-23 19:00:00,3868.35,3869.77,3842.96,3853.78,483496.02
2025-10-23 19:00:00,3868.35,3869.77,3842.96,3853.78,483496.02
2025-10-23 19:00:00,3868.35,3869.77,3842.96,3853.78,483496.02
2025-10-23 19:00:00,3868.35,3869.77,3842.96,3853.78,483496.02
2025-10-23 19:00:00,3868.35,3869.77,3842.96,3853.78,483496.02
2025-10-23 19:00:00,3868.35,3869.77,3842.96,3853.78,483496.02
2025-10-23 19:00:00,3868.35,3869.77,3842.96,3853.78,483496.02
2025-10-23 19:00:00,3868.35,3869.77,3842.96,3853.78,483496.02
2025-10-23 19:15:00,3853.77,3867.0,3845.0,3866.61,213638.9
2025-10-23 19:15:00,3853.77,3867.0,3845.0,3866.61,213638.9
2025-10-23 19:15:00,3853.77,3867.0,3845.0,3866.61,213638.9
2025-10-23 19:15:00,3853.77,3867.0,3845.0,3866.61,213638.9
2025-10-23 19:15:00,3853.77,3867.0,3845.0,3866.61,213638.9
2025-10-23 19:15:00,3853.77,3867.0,3845.0,3866.61,213638.9
2025-10-23 19:15:00,3853.77,3867.0,3845.0,3866.61,213638.9
2025-10-23 19:15:00,3853.77,3867.0,3845.0,3866.61,213638.9
2025-10-23 19:15:00,3853.77,3867.0,3845.0,3866.61,213638.9
2025-10-23 19:15:00,3853.77,3867.0,3845.0,3866.61,213638.9
2025-10-23 19:15:00,3853.77,3867.0,3845.0,3866.61,213638.9
2025-10-23 19:15:00,3853.77,3867.0,3845.0,3866.61,213638.9
2025-10-23 19:15:00,3853.77,3867.0,3845.0,3866.61,213638.9
2025-10-23 19:15:00,3853.77,3867.0,3845.0,3866.61,213638.9
2025-10-23 19:15:00,3853.77,3867.0,3845.0,3866.61,213638.9
2025-10-23 19:15:00,3853.77,3867.0,3845.0,3866.61,213638.9
2025-10-23 19:15:00,3853.77,3867.0,3845.0,3866.61,213638.9
2025-10-23 19:15:00,3853.77,3867.0,3845.0,3866.61,213638.9
2025-10-23 19:15:00,3853.77,3867.0,3845.0,3866.61,213638.9
2025-10-23 19:15:00,3853.77,3867.0,3845.0,3866.61,213638.9
2025-10-23 19:15:00,3853.77,3867.0,3845.0,3866.61,213638.9
2025-10-23 19:15:00,3853.77,3867.0,3845.0,3866.61,213638.9
2025-10-23 19:15:00,3853.77,3867.0,3845.0,3866.61,213638.9
2025-10-23 19:15:00,3853.77,3867.0,3845.0,3866.61,213638.9
2025-10-23 19:15:00,3853.77,3867.0,3845.0,3866.61,213638.9
2025-10-23 19:15:00,3853.77,3867.0,3845.0,3866.61,213638.9
2025-10-23 19:15:00,3853.77,3867.0,3845.0,3866.61,213638.9
2025-10-23 19:15:00,3853.77,3867.0,3845.0,3866.61,213638.9
2025-10-23 19:15:00,3853.77,3867.0,3845.0,3866.61,213638.9
2025-10-23 19:15:00,3853.77,3867.0,3845.0,3866.61,213638.9
2025-10-23 19:15:00,3853.77,3867.0,3845.0,3866.61,213638.9
2025-10-23 19:15:00,3853.77,3867.0,3845.0,3866.61,213638.9
2025-10-23 19:15:00,3853.77,3867.0,3845.0,3866.61,213638.9
2025-10-23 19:15:00,3853.77,3867.0,3845.0,3866.61,213638.9
2025-10-23 19:15:00,3853.77,3867.0,3845.0,3866.61,213638.9
2025-10-23 19:15:00,3853.77,3867.0,3845.0,3866.61,213638.9
2025-10-23 19:15:00,3853.77,3867.0,3845.0,3866.61,213638.9
2025-10-23 19:15:00,3853.77,3867.0,3845.0,3866.61,213638.9
2025-10-23 19:15:00,3853.77,3867.0,3845.0,3866.61,213638.9
2025-10-23 19:15:00,3853.77,3867.0,3845.0,3866.61,213638.9
2025-10-23 19:15:00,3853.77,3867.0,3845.0,3866.61,213638.9
2025-10-23 19:15:00,3853.77,3867.0,3845.0,3866.61,213638.9
2025-10-23 19:15:00,3853.77,3867.0,3845.0,3866.61,213638.9
2025-10-23 19:15:00,3853.77,3867.0,3845.0,3866.61,213638.9
2025-10-23 19:15:00,3853.77,3867.0,3845.0,3866.61,213638.9
2025-10-23 19:15:00,3853.77,3867.0,3845.0,3866.61,213638.9
2025-10-23 19:15:00,3853.77,3867.0,3845.0,3866.61,213638.9
2025-10-23 19:15:00,3853.77,3867.0,3845.0,3866.61,213638.9
2025-10-23 19:15:00,3853.77,3867.0,3845.0,3866.61,213638.9
2025-10-23 19:15:00,3853.77,3867.0,3845.0,3866.61,213638.9
2025-10-23 19:15:00,3853.77,3867.0,3845.0,3866.61,213638.9
2025-10-23 19:15:00,3853.77,3867.0,3845.0,3866.61,213638.9
2025-10-23 19:15:00,3853.77,3867.0,3845.0,3866.61,213638.9
2025-10-23 19:30:00,3866.6,3866.94,3855.0,3856.56,137653.14
2025-10-23 19:30:00,3866.6,3866.94,3855.0,3856.56,137653.14
2025-10-23 19:30:00,3866.6,3866.94,3855.0,3856.56,137653.14
2025-10-23 19:30:00,3866.6,3866.94,3855.0,3856.56,137653.14
2025-10-23 19:30:00,3866.6,3866.94,3855.0,3856.56,137653.14
2025-10-23 19:30:00,3866.6,3866.94,3855.0,3856.56,137653.14
2025-10-23 19:30:00,3866.6,3866.94,3855.0,3856.56,137653.14
2025-10-23 19:30:00,3866.6,3866.94,3855.0,3856.56,137653.14
2025-10-23 19:30:00,3866.6,3866.94,3855.0,3856.56,137653.14
2025-10-23 19:30:00,3866.6,3866.94,3855.0,3856.56,137653.14
2025-10-23 19:30:00,3866.6,3866.94,3855.0,3856.56,137653.14
2025-10-23 19:30:00,3866.6,3866.94,3855.0,3856.56,137653.14
2025-10-23 19:30:00,3866.6,3866.94,3855.0,3856.56,137653.14
2025-10-23 19:30:00,3866.6,3866.94,3855.0,3856.56,137653.14
2025-10-23 19:30:00,3866.6,3866.94,3855.0,3856.56,137653.14
2025-10-23 19:30:00,3866.6,3866.94,3855.0,3856.56,137653.14
2025-10-23 19:30:00,3866.6,3866.94,3855.0,3856.56,137653.14
2025-10-23 19:30:00,3866.6,3866.94,3855.0,3856.56,137653.14
2025-10-23 19:30:00,3866.6,3866.94,3855.0,3856.56,137653.14
2025-10-23 19:30:00,3866.6,3866.94,3855.0,3856.56,137653.14
2025-10-23 19:30:00,3866.6,3866.94,3855.0,3856.56,137653.14
2025-10-23 19:30:00,3866.6,3866.94,3855.0,3856.56,137653.14
2025-10-23 19:30:00,3866.6,3866.94,3855.0,3856.56,137653.14
2025-10-23 19:30:00,3866.6,3866.94,3855.0,3856.56,137653.14
2025-10-23 19:30:00,3866.6,3866.94,3855.0,3856.56,137653.14
2025-10-23 19:30:00,3866.6,3866.94,3855.0,3856.56,137653.14
2025-10-23 19:30:00,3866.6,3866.94,3855.0,3856.56,137653.14
2025-10-23 19:30:00,3866.6,3866.94,3855.0,3856.56,137653.14
2025-10-23 19:30:00,3866.6,3866.94,3855.0,3856.56,137653.14
2025-10-23 19:30:00,3866.6,3866.94,3855.0,3856.56,137653.14
2025-10-23 19:30:00,3866.6,3866.94,3855.0,3856.56,137653.14
2025-10-23 19:30:00,3866.6,3866.94,3855.0,3856.56,137653.14
2025-10-23 19:30:00,3866.6,3866.94,3855.0,3856.56,137653.14
2025-10-23 19:30:00,3866.6,3866.94,3855.0,3856.56,137653.14
2025-10-23 19:30:00,3866.6,3866.94,3855.0,3856.56,137653.14
2025-10-23 19:30:00,3866.6,3866.94,3855.0,3856.56,137653.14
2025-10-23 19:30:00,3866.6,3866.94,3855.0,3856.56,137653.14
2025-10-23 19:30:00,3866.6,3866.94,3855.0,3856.56,137653.14
2025-10-23 19:30:00,3866.6,3866.94,3855.0,3856.56,137653.14
2025-10-23 19:30:00,3866.6,3866.94,3855.0,3856.56,137653.14
2025-10-23 19:30:00,3866.6,3866.94,3855.0,3856.56,137653.14
2025-10-23 19:30:00,3866.6,3866.94,3855.0,3856.56,137653.14
2025-10-23 19:30:00,3866.6,3866.94,3855.0,3856.56,137653.14
2025-10-23 19:30:00,3866.6,3866.94,3855.0,3856.56,137653.14
2025-10-23 19:30:00,3866.6,3866.94,3855.0,3856.56,137653.14
2025-10-23 19:30:00,3866.6,3866.94,3855.0,3856.56,137653.14
2025-10-23 19:30:00,3866.6,3866.94,3855.0,3856.56,137653.14
2025-10-23 19:30:00,3866.6,3866.94,3855.0,3856.56,137653.14
2025-10-23 19:30:00,3866.6,3866.94,3855.0,3856.56,137653.14
2025-10-23 19:30:00,3866.6,3866.94,3855.0,3856.56,137653.14
2025-10-23 19:30:00,3866.6,3866.94,3855.0,3856.56,137653.14
2025-10-23 19:30:00,3866.6,3866.94,3855.0,3856.56,137653.14
2025-10-23 19:30:00,3866.6,3866.94,3855.0,3856.56,137653.14
2025-10-23 19:45:00,3856.55,3868.75,3852.49,3857.8,162873.29
2025-10-23 19:45:00,3856.55,3868.75,3852.49,3857.8,162873.29
2025-10-23 19:45:00,3856.55,3868.75,3852.49,3857.8,162873.29
2025-10-23 19:45:00,3856.55,3868.75,3852.49,3857.8,162873.29
2025-10-23 19:45:00,3856.55,3868.75,3852.49,3857.8,162873.29
2025-10-23 19:45:00,3856.55,3868.75,3852.49,3857.8,162873.29
2025-10-23 19:45:00,3856.55,3868.75,3852.49,3857.8,162873.29
2025-10-23 19:45:00,3856.55,3868.75,3852.49,3857.8,162873.29
2025-10-23 19:45:00,3856.55,3868.75,3852.49,3857.8,162873.29
2025-10-23 19:45:00,3856.55,3868.75,3852.49,3857.8,162873.29
2025-10-23 19:45:00,3856.55,3868.75,3852.49,3857.8,162873.29
2025-10-23 19:45:00,3856.55,3868.75,3852.49,3857.8,162873.29
2025-10-23 19:45:00,3856.55,3868.75,3852.49,3857.8,162873.29
2025-10-23 19:45:00,3856.55,3868.75,3852.49,3857.8,162873.29
2025-10-23 19:45:00,3856.55,3868.75,3852.49,3857.8,162873.29
2025-10-23 19:45:00,3856.55,3868.75,3852.49,3857.8,162873.29
2025-10-23 19:45:00,3856.55,3868.75,3852.49,3857.8,162873.29
2025-10-23 19:45:00,3856.55,3868.75,3852.49,3857.8,162873.29
2025-10-23 19:45:00,3856.55,3868.75,3852.49,3857.8,162873.29
2025-10-23 19:45:00,3856.55,3868.75,3852.49,3857.8,162873.29
2025-10-23 19:45:00,3856.55,3868.75,3852.49,3857.8,162873.29
2025-10-23 19:45:00,3856.55,3868.75,3852.49,3857.8,162873.29
2025-10-23 19:45:00,3856.55,3868.75,3852.49,3857.8,162873.29
2025-10-23 19:45:00,3856.55,3868.75,3852.49,3857.8,162873.29
2025-10-23 19:45:00,3856.55,3868.75,3852.49,3857.8,162873.29
2025-10-23 19:45:00,3856.55,3868.75,3852.49,3857.8,162873.29
2025-10-23 19:45:00,3856.55,3868.75,3852.49,3857.8,162873.29
2025-10-23 19:45:00,3856.55,3868.75,3852.49,3857.8,162873.29
2025-10-23 19:45:00,3856.55,3868.75,3852.49,3857.8,162873.29
2025-10-23 19:45:00,3856.55,3868.75,3852.49,3857.8,162873.29
2025-10-23 19:45:00,3856.55,3868.75,3852.49,3857.8,162873.29
2025-10-23 19:45:00,3856.55,3868.75,3852.49,3857.8,162873.29
2025-10-23 19:45:00,3856.55,3868.75,3852.49,3857.8,162873.29
2025-10-23 19:45:00,3856.55,3868.75,3852.49,3857.8,162873.29
2025-10-23 19:45:00,3856.55,3868.75,3852.49,3857.8,162873.29
2025-10-23 19:45:00,3856.55,3868.75,3852.49,3857.8,162873.29
2025-10-23 19:45:00,3856.55,3868.75,3852.49,3857.8,162873.29
2025-10-23 19:45:00,3856.55,3868.75,3852.49,3857.8,162873.29
2025-10-23 19:45:00,3856.55,3868.75,3852.49,3857.8,162873.29
2025-10-23 19:45:00,3856.55,3868.75,3852.49,3857.8,162873.29
2025-10-23 19:45:00,3856.55,3868.75,3852.49,3857.8,162873.29
2025-10-23 19:45:00,3856.55,3868.75,3852.49,3857.8,162873.29
2025-10-23 19:45:00,3856.55,3868.75,3852.49,3857.8,162873.29
2025-10-23 19:45:00,3856.55,3868.75,3852.49,3857.8,162873.29
2025-10-23 19:45:00,3856.55,3868.75,3852.49,3857.8,162873.29
2025-10-23 19:45:00,3856.55,3868.75,3852.49,3857.8,162873.29
2025-10-23 19:45:00,3856.55,3868.75,3852.49,3857.8,162873.29
2025-10-23 19:45:00,3856.55,3868.75,3852.49,3857.8,162873.29
2025-10-23 19:45:00,3856.55,3868.75,3852.49,3857.8,162873.29
2025-10-23 19:45:00,3856.55,3868.75,3852.49,3857.8,162873.29
2025-10-23 19:45:00,3856.55,3868.75,3852.49,3857.8,162873.29
2025-10-23 19:45:00,3856.55,3868.75,3852.49,3857.8,162873.29
2025-10-23 19:45:00,3856.55,3868.75,3852.49,3857.8,162873.29
2025-10-23 20:00:00,3857.8,3858.65,3832.0,3840.65,361300.35
2025-10-23 20:00:00,3857.8,3858.65,3832.0,3840.65,361300.35
2025-10-23 20:00:00,3857.8,3858.65,3832.0,3840.65,361300.35
2025-10-23 20:00:00,3857.8,3858.65,3832.0,3840.65,361300.35
2025-10-23 20:00:00,3857.8,3858.65,3832.0,3840.65,361300.35
2025-10-23 20:00:00,3857.8,3858.65,3832.0,3840.65,361300.35
2025-10-23 20:00:00,3857.8,3858.65,3832.0,3840.65,361300.35
2025-10-23 20:00:00,3857.8,3858.65,3832.0,3840.65,361300.35
2025-10-23 20:00:00,3857.8,3858.65,3832.0,3840.65,361300.35
2025-10-23 20:00:00,3857.8,3858.65,3832.0,3840.65,361300.35
2025-10-23 20:00:00,3857.8,3858.65,3832.0,3840.65,361300.35
2025-10-23 20:00:00,3857.8,3858.65,3832.0,3840.65,361300.35
2025-10-23 20:00:00,3857.8,3858.65,3832.0,3840.65,361300.35
2025-10-23 20:00:00,3857.8,3858.65,3832.0,3840.65,361300.35
2025-10-23 20:00:00,3857.8,3858.65,3832.0,3840.65,361300.35
2025-10-23 20:00:00,3857.8,3858.65,3832.0,3840.65,361300.35
2025-10-23 20:00:00,3857.8,3858.65,3832.0,3840.65,361300.35
2025-10-23 20:00:00,3857.8,3858.65,3832.0,3840.65,361300.35
2025-10-23 20:00:00,3857.8,3858.65,3832.0,3840.65,361300.35
2025-10-23 20:00:00,3857.8,3858.65,3832.0,3840.65,361300.35
2025-10-23 20:00:00,3857.8,3858.65,3832.0,3840.65,361300.35
2025-10-23 20:00:00,3857.8,3858.65,3832.0,3840.65,361300.35
2025-10-23 20:00:00,3857.8,3858.65,3832.0,3840.65,361300.35
2025-10-23 20:00:00,3857.8,3858.65,3832.0,3840.65,361300.35
2025-10-23 20:00:00,3857.8,3858.65,3832.0,3840.65,361300.35
2025-10-23 20:00:00,3857.8,3858.65,3832.0,3840.65,361300.35
2025-10-23 20:00:00,3857.8,3858.65,3832.0,3840.65,361300.35
2025-10-23 20:00:00,3857.8,3858.65,3832.0,3840.65,361300.35
2025-10-23 20:00:00,3857.8,3858.65,3832.0,3840.65,361300.35
2025-10-23 20:00:00,3857.8,3858.65,3832.0,3840.65,361300.35
2025-10-23 20:00:00,3857.8,3858.65,3832.0,3840.65,361300.35
2025-10-23 20:00:00,3857.8,3858.65,3832.0,3840.65,361300.35
2025-10-23 20:00:00,3857.8,3858.65,3832.0,3840.65,361300.35
2025-10-23 20:00:00,3857.8,3858.65,3832.0,3840.65,361300.35
2025-10-23 20:00:00,3857.8,3858.65,3832.0,3840.65,361300.35
2025-10-23 20:00:00,3857.8,3858.65,3832.0,3840.65,361300.35
2025-10-23 20:00:00,3857.8,3858.65,3832.0,3840.65,361300.35
2025-10-23 20:00:00,3857.8,3858.65,3832.0,3840.65,361300.35
2025-10-23 20:00:00,3857.8,3858.65,3832.0,3840.65,361300.35
2025-10-23 20:00:00,3857.8,3858.65,3832.0,3840.65,361300.35
2025-10-23 20:00:00,3857.8,3858.65,3832.0,3840.65,361300.35
2025-10-23 20:00:00,3857.8,3858.65,3832.0,3840.65,361300.35
2025-10-23 20:00:00,3857.8,3858.65,3832.0,3840.65,361300.35
2025-10-23 20:00:00,3857.8,3858.65,3832.0,3840.65,361300.35
2025-10-23 20:00:00,3857.8,3858.65,3832.0,3840.65,361300.35
2025-10-23 20:00:00,3857.8,3858.65,3832.0,3840.65,361300.35
2025-10-23 20:00:00,3857.8,3858.65,3832.0,3840.65,361300.35
2025-10-23 20:00:00,3857.8,3858.65,3832.0,3840.65,361300.35
2025-10-23 20:00:00,3857.8,3858.65,3832.0,3840.65,361300.35
2025-10-23 20:00:00,3857.8,3858.65,3832.0,3840.65,361300.35
2025-10-23 20:00:00,3857.8,3858.65,3832.0,3840.65,361300.35
2025-10-23 20:00:00,3857.8,3858.65,3832.0,3840.65,361300.35
2025-10-23 20:00:00,3857.8,3858.65,3832.0,3840.65,361300.35
2025-10-23 20:15:00,3840.64,3851.35,3839.68,3849.61,122631.55
2025-10-23 20:15:00,3840.64,3851.35,3839.68,3849.61,122631.55
2025-10-23 20:15:00,3840.64,3851.35,3839.68,3849.61,122631.55
2025-10-23 20:15:00,3840.64,3851.35,3839.68,3849.61,122631.55
2025-10-23 20:15:00,3840.64,3851.35,3839.68,3849.61,122631.55
2025-10-23 20:15:00,3840.64,3851.35,3839.68,3849.61,122631.55
2025-10-23 20:15:00,3840.64,3851.35,3839.68,3849.61,122631.55
2025-10-23 20:15:00,3840.64,3851.35,3839.68,3849.61,122631.55
2025-10-23 20:15:00,3840.64,3851.35,3839.68,3849.61,122631.55
2025-10-23 20:15:00,3840.64,3851.35,3839.68,3849.61,122631.55
2025-10-23 20:15:00,3840.64,3851.35,3839.68,3849.61,122631.55
2025-10-23 20:15:00,3840.64,3851.35,3839.68,3849.61,122631.55
2025-10-23 20:15:00,3840.64,3851.35,3839.68,3849.61,122631.55
2025-10-23 20:15:00,3840.64,3851.35,3839.68,3849.61,122631.55
2025-10-23 20:15:00,3840.64,3851.35,3839.68,3849.61,122631.55
2025-10-23 20:15:00,3840.64,3851.35,3839.68,3849.61,122631.55
2025-10-23 20:15:00,3840.64,3851.35,3839.68,3849.61,122631.55
2025-10-23 20:15:00,3840.64,3851.35,3839.68,3849.61,122631.55
2025-10-23 20:15:00,3840.64,3851.35,3839.68,3849.61,122631.55
2025-10-23 20:15:00,3840.64,3851.35,3839.68,3849.61,122631.55
2025-10-23 20:15:00,3840.64,3851.35,3839.68,3849.61,122631.55
2025-10-23 20:15:00,3840.64,3851.35,3839.68,3849.61,122631.55
2025-10-23 20:15:00,3840.64,3851.35,3839.68,3849.61,122631.55
2025-10-23 20:15:00,3840.64,3851.35,3839.68,3849.61,122631.55
2025-10-23 20:15:00,3840.64,3851.35,3839.68,3849.61,122631.55
2025-10-23 20:15:00,3840.64,3851.35,3839.68,3849.61,122631.55
2025-10-23 20:15:00,3840.64,3851.35,3839.68,3849.61,122631.55
2025-10-23 20:15:00,3840.64,3851.35,3839.68,3849.61,122631.55
2025-10-23 20:15:00,3840.64,3851.35,3839.68,3849.61,122631.55
2025-10-23 20:15:00,3840.64,3851.35,3839.68,3849.61,122631.55
2025-10-23 20:15:00,3840.64,3851.35,3839.68,3849.61,122631.55
2025-10-23 20:15:00,3840.64,3851.35,3839.68,3849.61,122631.55
2025-10-23 20:15:00,3840.64,3851.35,3839.68,3849.61,122631.55
2025-10-23 20:15:00,3840.64,3851.35,3839.68,3849.61,122631.55
2025-10-23 20:15:00,3840.64,3851.35,3839.68,3849.61,122631.55
2025-10-23 20:15:00,3840.64,3851.35,3839.68,3849.61,122631.55
2025-10-23 20:15:00,3840.64,3851.35,3839.68,3849.61,122631.55
2025-10-23 20:15:00,3840.64,3851.35,3839.68,3849.61,122631.55
2025-10-23 20:15:00,3840.64,3851.35,3839.68,3849.61,122631.55
2025-10-23 20:15:00,3840.64,3851.35,3839.68,3849.61,122631.55
2025-10-23 20:15:00,3840.64,3851.35,3839.68,3849.61,122631.55
2025-10-23 20:15:00,3840.64,3851.35,3839.68,3849.61,122631.55
2025-10-23 20:15:00,3840.64,3851.35,3839.68,3849.61,122631.55
2025-10-23 20:15:00,3840.64,3851.35,3839.68,3849.61,122631.55
2025-10-23 20:15:00,3840.64,3851.35,3839.68,3849.61,122631.55
2025-10-23 20:15:00,3840.64,3851.35,3839.68,3849.61,122631.55
2025-10-23 20:15:00,3840.64,3851.35,3839.68,3849.61,122631.55
2025-10-23 20:15:00,3840.64,3851.35,3839.68,3849.61,122631.55
2025-10-23 20:15:00,3840.64,3851.35,3839.68,3849.61,122631.55
2025-10-23 20:15:00,3840.64,3851.35,3839.68,3849.61,122631.55
2025-10-23 20:15:00,3840.64,3851.35,3839.68,3849.61,122631.55
2025-10-23 20:15:00,3840.64,3851.35,3839.68,3849.61,122631.55
2025-10-23 20:15:00,3840.64,3851.35,3839.68,3849.61,122631.55
2025-10-23 20:30:00,3849.61,3853.19,3842.08,3847.82,147746.42
2025-10-23 20:30:00,3849.61,3853.19,3842.08,3847.82,147746.42
2025-10-23 20:30:00,3849.61,3853.19,3842.08,3847.82,147746.42
2025-10-23 20:30:00,3849.61,3853.19,3842.08,3847.82,147746.42
2025-10-23 20:30:00,3849.61,3853.19,3842.08,3847.82,147746.42
2025-10-23 20:30:00,3849.61,3853.19,3842.08,3847.82,147746.42
2025-10-23 20:30:00,3849.61,3853.19,3842.08,3847.82,147746.42
2025-10-23 20:30:00,3849.61,3853.19,3842.08,3847.82,147746.42
2025-10-23 20:30:00,3849.61,3853.19,3842.08,3847.82,147746.42
2025-10-23 20:30:00,3849.61,3853.19,3842.08,3847.82,147746.42
2025-10-23 20:30:00,3849.61,3853.19,3842.08,3847.82,147746.42
2025-10-23 20:30:00,3849.61,3853.19,3842.08,3847.82,147746.42
2025-10-23 20:30:00,3849.61,3853.19,3842.08,3847.82,147746.42
2025-10-23 20:30:00,3849.61,3853.19,3842.08,3847.82,147746.42
2025-10-23 20:30:00,3849.61,3853.19,3842.08,3847.82,147746.42
2025-10-23 20:30:00,3849.61,3853.19,3842.08,3847.82,147746.42
2025-10-23 20:30:00,3849.61,3853.19,3842.08,3847.82,147746.42
2025-10-23 20:30:00,3849.61,3853.19,3842.08,3847.82,147746.42
2025-10-23 20:30:00,3849.61,3853.19,3842.08,3847.82,147746.42
2025-10-23 20:30:00,3849.61,3853.19,3842.08,3847.82,147746.42
2025-10-23 20:30:00,3849.61,3853.19,3842.08,3847.82,147746.42
2025-10-23 20:30:00,3849.61,3853.19,3842.08,3847.82,147746.42
2025-10-23 20:30:00,3849.61,3853.19,3842.08,3847.82,147746.42
2025-10-23 20:30:00,3849.61,3853.19,3842.08,3847.82,147746.42
2025-10-23 20:30:00,3849.61,3853.19,3842.08,3847.82,147746.42
2025-10-23 20:30:00,3849.61,3853.19,3842.08,3847.82,147746.42
2025-10-23 20:30:00,3849.61,3853.19,3842.08,3847.82,147746.42
2025-10-23 20:30:00,3849.61,3853.19,3842.08,3847.82,147746.42
2025-10-23 20:30:00,3849.61,3853.19,3842.08,3847.82,147746.42
2025-10-23 20:30:00,3849.61,3853.19,3842.08,3847.82,147746.42
2025-10-23 20:30:00,3849.61,3853.19,3842.08,3847.82,147746.42
2025-10-23 20:30:00,3849.61,3853.19,3842.08,3847.82,147746.42
2025-10-23 20:30:00,3849.61,3853.19,3842.08,3847.82,147746.42
2025-10-23 20:30:00,3849.61,3853.19,3842.08,3847.82,147746.42
2025-10-23 20:30:00,3849.61,3853.19,3842.08,3847.82,147746.42
2025-10-23 20:30:00,3849.61,3853.19,3842.08,3847.82,147746.42
2025-10-23 20:30:00,3849.61,3853.19,3842.08,3847.82,147746.42
2025-10-23 20:30:00,3849.61,3853.19,3842.08,3847.82,147746.42
2025-10-23 20:30:00,3849.61,3853.19,3842.08,3847.82,147746.42
2025-10-23 20:30:00,3849.61,3853.19,3842.08,3847.82,147746.42
2025-10-23 20:30:00,3849.61,3853.19,3842.08,3847.82,147746.42
2025-10-23 20:30:00,3849.61,3853.19,3842.08,3847.82,147746.42
2025-10-23 20:30:00,3849.61,3853.19,3842.08,3847.82,147746.42
2025-10-23 20:30:00,3849.61,3853.19,3842.08,3847.82,147746.42
2025-10-23 20:30:00,3849.61,3853.19,3842.08,3847.82,147746.42
2025-10-23 20:30:00,3849.61,3853.19,3842.08,3847.82,147746.42
2025-10-23 20:30:00,3849.61,3853.19,3842.08,3847.82,147746.42
2025-10-23 20:30:00,3849.61,3853.19,3842.08,3847.82,147746.42
2025-10-23 20:30:00,3849.61,3853.19,3842.08,3847.82,147746.42
2025-10-23 20:30:00,3849.61,3853.19,3842.08,3847.82,147746.42
2025-10-23 20:30:00,3849.61,3853.19,3842.08,3847.82,147746.42
2025-10-23 20:30:00,3849.61,3853.19,3842.08,3847.82,147746.42
2025-10-23 20:30:00,3849.61,3853.19,3842.08,3847.82,147746.42
2025-10-23 20:45:00,3847.82,3849.85,3816.06,3827.32,412147.09
2025-10-23 20:45:00,3847.82,3849.85,3816.06,3827.32,412147.09
2025-10-23 20:45:00,3847.82,3849.85,3816.06,3827.32,412147.09
2025-10-23 20:45:00,3847.82,3849.85,3816.06,3827.32,412147.09
2025-10-23 20:45:00,3847.82,3849.85,3816.06,3827.32,412147.09
2025-10-23 20:45:00,3847.82,3849.85,3816.06,3827.32,412147.09
2025-10-23 20:45:00,3847.82,3849.85,3816.06,3827.32,412147.09
2025-10-23 20:45:00,3847.82,3849.85,3816.06,3827.32,412147.09
2025-10-23 20:45:00,3847.82,3849.85,3816.06,3827.32,412147.09
2025-10-23 20:45:00,3847.82,3849.85,3816.06,3827.32,412147.09
2025-10-23 20:45:00,3847.82,3849.85,3816.06,3827.32,412147.09
2025-10-23 20:45:00,3847.82,3849.85,3816.06,3827.32,412147.09
2025-10-23 20:45:00,3847.82,3849.85,3816.06,3827.32,412147.09
2025-10-23 20:45:00,3847.82,3849.85,3816.06,3827.32,412147.09
2025-10-23 20:45:00,3847.82,3849.85,3816.06,3827.32,412147.09
2025-10-23 20:45:00,3847.82,3849.85,3816.06,3827.32,412147.09
2025-10-23 20:45:00,3847.82,3849.85,3816.06,3827.32,412147.09
2025-10-23 20:45:00,3847.82,3849.85,3816.06,3827.32,412147.09
2025-10-23 20:45:00,3847.82,3849.85,3816.06,3827.32,412147.09
2025-10-23 20:45:00,3847.82,3849.85,3816.06,3827.32,412147.09
2025-10-23 20:45:00,3847.82,3849.85,3816.06,3827.32,412147.09
2025-10-23 20:45:00,3847.82,3849.85,3816.06,3827.32,412147.09
2025-10-23 20:45:00,3847.82,3849.85,3816.06,3827.32,412147.09
2025-10-23 20:45:00,3847.82,3849.85,3816.06,3827.32,412147.09
2025-10-23 20:45:00,3847.82,3849.85,3816.06,3827.32,412147.09
2025-10-23 20:45:00,3847.82,3849.85,3816.06,3827.32,412147.09
2025-10-23 20:45:00,3847.82,3849.85,3816.06,3827.32,412147.09
2025-10-23 20:45:00,3847.82,3849.85,3816.06,3827.32,412147.09
2025-10-23 20:45:00,3847.82,3849.85,3816.06,3827.32,412147.09
2025-10-23 20:45:00,3847.82,3849.85,3816.06,3827.32,412147.09
2025-10-23 20:45:00,3847.82,3849.85,3816.06,3827.32,412147.09
2025-10-23 20:45:00,3847.82,3849.85,3816.06,3827.32,412147.09
2025-10-23 20:45:00,3847.82,3849.85,3816.06,3827.32,412147.09
2025-10-23 20:45:00,3847.82,3849.85,3816.06,3827.32,412147.09
2025-10-23 20:45:00,3847.82,3849.85,3816.06,3827.32,412147.09
2025-10-23 20:45:00,3847.82,3849.85,3816.06,3827.32,412147.09
2025-10-23 20:45:00,3847.82,3849.85,3816.06,3827.32,412147.09
2025-10-23 20:45:00,3847.82,3849.85,3816.06,3827.32,412147.09
2025-10-23 20:45:00,3847.82,3849.85,3816.06,3827.32,412147.09
2025-10-23 20:45:00,3847.82,3849.85,3816.06,3827.32,412147.09
2025-10-23 20:45:00,3847.82,3849.85,3816.06,3827.32,412147.09
2025-10-23 20:45:00,3847.82,3849.85,3816.06,3827.32,412147.09
2025-10-23 20:45:00,3847.82,3849.85,3816.06,3827.32,412147.09
2025-10-23 20:45:00,3847.82,3849.85,3816.06,3827.32,412147.09
2025-10-23 20:45:00,3847.82,3849.85,3816.06,3827.32,412147.09
2025-10-23 20:45:00,3847.82,3849.85,3816.06,3827.32,412147.09
2025-10-23 20:45:00,3847.82,3849.85,3816.06,3827.32,412147.09
2025-10-23 20:45:00,3847.82,3849.85,3816.06,3827.32,412147.09
2025-10-23 20:45:00,3847.82,3849.85,3816.06,3827.32,412147.09
2025-10-23 20:45:00,3847.82,3849.85,3816.06,3827.32,412147.09
2025-10-23 20:45:00,3847.82,3849.85,3816.06,3827.32,412147.09
2025-10-23 20:45:00,3847.82,3849.85,3816.06,3827.32,412147.09
2025-10-23 20:45:00,3847.82,3849.85,3816.06,3827.32,412147.09
2025-10-23 21:00:00,3827.33,3834.58,3819.37,3834.54,234577.24
2025-10-23 21:00:00,3827.33,3834.58,3819.37,3834.54,234577.24
2025-10-23 21:00:00,3827.33,3834.58,3819.37,3834.54,234577.24
2025-10-23 21:00:00,3827.33,3834.58,3819.37,3834.54,234577.24
2025-10-23 21:00:00,3827.33,3834.58,3819.37,3834.54,234577.24
2025-10-23 21:00:00,3827.33,3834.58,3819.37,3834.54,234577.24
2025-10-23 21:00:00,3827.33,3834.58,3819.37,3834.54,234577.24
2025-10-23 21:00:00,3827.33,3834.58,3819.37,3834.54,234577.24
2025-10-23 21:00:00,3827.33,3834.58,3819.37,3834.54,234577.24
2025-10-23 21:00:00,3827.33,3834.58,3819.37,3834.54,234577.24
2025-10-23 21:00:00,3827.33,3834.58,3819.37,3834.54,234577.24
2025-10-23 21:00:00,3827.33,3834.58,3819.37,3834.54,234577.24
2025-10-23 21:00:00,3827.33,3834.58,3819.37,3834.54,234577.24
2025-10-23 21:00:00,3827.33,3834.58,3819.37,3834.54,234577.24
2025-10-23 21:00:00,3827.33,3834.58,3819.37,3834.54,234577.24
2025-10-23 21:00:00,3827.33,3834.58,3819.37,3834.54,234577.24
2025-10-23 21:00:00,3827.33,3834.58,3819.37,3834.54,234577.24
2025-10-23 21:00:00,3827.33,3834.58,3819.37,3834.54,234577.24
2025-10-23 21:00:00,3827.33,3834.58,3819.37,3834.54,234577.24
2025-10-23 21:00:00,3827.33,3834.58,3819.37,3834.54,234577.24
2025-10-23 21:00:00,3827.33,3834.58,3819.37,3834.54,234577.24
2025-10-23 21:00:00,3827.33,3834.58,3819.37,3834.54,234577.24
2025-10-23 21:00:00,3827.33,3834.58,3819.37,3834.54,234577.24
2025-10-23 21:00:00,3827.33,3834.58,3819.37,3834.54,234577.24
2025-10-23 21:00:00,3827.33,3834.58,3819.37,3834.54,234577.24
2025-10-23 21:00:00,3827.33,3834.58,3819.37,3834.54,234577.24
2025-10-23 21:00:00,3827.33,3834.58,3819.37,3834.54,234577.24
2025-10-23 21:00:00,3827.33,3834.58,3819.37,3834.54,234577.24
2025-10-23 21:00:00,3827.33,3834.58,3819.37,3834.54,234577.24
2025-10-23 21:00:00,3827.33,3834.58,3819.37,3834.54,234577.24
2025-10-23 21:00:00,3827.33,3834.58,3819.37,3834.54,234577.24
2025-10-23 21:00:00,3827.33,3834.58,3819.37,3834.54,234577.24
2025-10-23 21:00:00,3827.33,3834.58,3819.37,3834.54,234577.24
2025-10-23 21:00:00,3827.33,3834.58,3819.37,3834.54,234577.24
2025-10-23 21:00:00,3827.33,3834.58,3819.37,3834.54,234577.24
2025-10-23 21:00:00,3827.33,3834.58,3819.37,3834.54,234577.24
2025-10-23 21:00:00,3827.33,3834.58,3819.37,3834.54,234577.24
2025-10-23 21:00:00,3827.33,3834.58,3819.37,3834.54,234577.24
2025-10-23 21:00:00,3827.33,3834.58,3819.37,3834.54,234577.24
2025-10-23 21:00:00,3827.33,3834.58,3819.37,3834.54,234577.24
2025-10-23 21:00:00,3827.33,3834.58,3819.37,3834.54,234577.24
2025-10-23 21:00:00,3827.33,3834.58,3819.37,3834.54,234577.24
2025-10-23 21:00:00,3827.33,3834.58,3819.37,3834.54,234577.24
2025-10-23 21:00:00,3827.33,3834.58,3819.37,3834.54,234577.24
2025-10-23 21:00:00,3827.33,3834.58,3819.37,3834.54,234577.24
2025-10-23 21:00:00,3827.33,3834.58,3819.37,3834.54,234577.24
2025-10-23 21:00:00,3827.33,3834.58,3819.37,3834.54,234577.24
2025-10-23 21:00:00,3827.33,3834.58,3819.37,3834.54,234577.24
2025-10-23 21:00:00,3827.33,3834.58,3819.37,3834.54,234577.24
2025-10-23 21:00:00,3827.33,3834.58,3819.37,3834.54,234577.24
2025-10-23 21:00:00,3827.33,3834.58,3819.37,3834.54,234577.24
2025-10-23 21:00:00,3827.33,3834.58,3819.37,3834.54,234577.24
2025-10-23 21:00:00,3827.33,3834.58,3819.37,3834.54,234577.24
2025-10-23 21:15:00,3834.53,3835.66,3824.67,3825.02,104949.63
2025-10-23 21:15:00,3834.53,3835.66,3824.67,3825.02,104949.63
2025-10-23 21:15:00,3834.53,3835.66,3824.67,3825.02,104949.63
2025-10-23 21:15:00,3834.53,3835.66,3824.67,3825.02,104949.63
2025-10-23 21:15:00,3834.53,3835.66,3824.67,3825.02,104949.63
2025-10-23 21:15:00,3834.53,3835.66,3824.67,3825.02,104949.63
2025-10-23 21:15:00,3834.53,3835.66,3824.67,3825.02,104949.63
2025-10-23 21:15:00,3834.53,3835.66,3824.67,3825.02,104949.63
2025-10-23 21:15:00,3834.53,3835.66,3824.67,3825.02,104949.63
2025-10-23 21:15:00,3834.53,3835.66,3824.67,3825.02,104949.63
2025-10-23 21:15:00,3834.53,3835.66,3824.67,3825.02,104949.63
2025-10-23 21:15:00,3834.53,3835.66,3824.67,3825.02,104949.63
2025-10-23 21:15:00,3834.53,3835.66,3824.67,3825.02,104949.63
2025-10-23 21:15:00,3834.53,3835.66,3824.67,3825.02,104949.63
2025-10-23 21:15:00,3834.53,3835.66,3824.67,3825.02,104949.63
2025-10-23 21:15:00,3834.53,3835.66,3824.67,3825.02,104949.63
2025-10-23 21:15:00,3834.53,3835.66,3824.67,3825.02,104949.63
2025-10-23 21:15:00,3834.53,3835.66,3824.67,3825.02,104949.63
2025-10-23 21:15:00,3834.53,3835.66,3824.67,3825.02,104949.63
2025-10-23 21:15:00,3834.53,3835.66,3824.67,3825.02,104949.63
2025-10-23 21:15:00,3834.53,3835.66,3824.67,3825.02,104949.63
2025-10-23 21:15:00,3834.53,3835.66,3824.67,3825.02,104949.63
2025-10-23 21:15:00,3834.53,3835.66,3824.67,3825.02,104949.63
2025-10-23 21:15:00,3834.53,3835.66,3824.67,3825.02,104949.63
2025-10-23 21:15:00,3834.53,3835.66,3824.67,3825.02,104949.63
2025-10-23 21:15:00,3834.53,3835.66,3824.67,3825.02,104949.63
2025-10-23 21:15:00,3834.53,3835.66,3824.67,3825.02,104949.63
2025-10-23 21:15:00,3834.53,3835.66,3824.67,3825.02,104949.63
2025-10-23 21:15:00,3834.53,3835.66,3824.67,3825.02,104949.63
2025-10-23 21:15:00,3834.53,3835.66,3824.67,3825.02,104949.63
2025-10-23 21:15:00,3834.53,3835.66,3824.67,3825.02,104949.63
2025-10-23 21:15:00,3834.53,3835.66,3824.67,3825.02,104949.63
2025-10-23 21:15:00,3834.53,3835.66,3824.67,3825.02,104949.63
2025-10-23 21:15:00,3834.53,3835.66,3824.67,3825.02,104949.63
2025-10-23 21:15:00,3834.53,3835.66,3824.67,3825.02,104949.63
2025-10-23 21:15:00,3834.53,3835.66,3824.67,3825.02,104949.63
2025-10-23 21:15:00,3834.53,3835.66,3824.67,3825.02,104949.63
2025-10-23 21:15:00,3834.53,3835.66,3824.67,3825.02,104949.63
2025-10-23 21:15:00,3834.53,3835.66,3824.67,3825.02,104949.63
2025-10-23 21:15:00,3834.53,3835.66,3824.67,3825.02,104949.63
2025-10-23 21:15:00,3834.53,3835.66,3824.67,3825.02,104949.63
2025-10-23 21:15:00,3834.53,3835.66,3824.67,3825.02,104949.63
2025-10-23 21:15:00,3834.53,3835.66,3824.67,3825.02,104949.63
2025-10-23 21:15:00,3834.53,3835.66,3824.67,3825.02,104949.63
2025-10-23 21:15:00,3834.53,3835.66,3824.67,3825.02,104949.63
2025-10-23 21:15:00,3834.53,3835.66,3824.67,3825.02,104949.63
2025-10-23 21:15:00,3834.53,3835.66,3824.67,3825.02,104949.63
2025-10-23 21:15:00,3834.53,3835.66,3824.67,3825.02,104949.63
2025-10-23 21:15:00,3834.53,3835.66,3824.67,3825.02,104949.63
2025-10-23 21:15:00,3834.53,3835.66,3824.67,3825.02,104949.63
2025-10-23 21:15:00,3834.53,3835.66,3824.67,3825.02,104949.63
2025-10-23 21:15:00,3834.53,3835.66,3824.67,3825.02,104949.63
2025-10-23 21:15:00,3834.53,3835.66,3824.67,3825.02,104949.63
2025-10-23 21:30:00,3825.02,3832.15,3819.15,3821.69,191125.95
2025-10-23 21:30:00,3825.02,3832.15,3819.15,3821.69,191125.95
2025-10-23 21:30:00,3825.02,3832.15,3819.15,3821.69,191125.95
2025-10-23 21:30:00,3825.02,3832.15,3819.15,3821.69,191125.95
2025-10-23 21:30:00,3825.02,3832.15,3819.15,3821.69,191125.95
2025-10-23 21:30:00,3825.02,3832.15,3819.15,3821.69,191125.95
2025-10-23 21:30:00,3825.02,3832.15,3819.15,3821.69,191125.95
2025-10-23 21:30:00,3825.02,3832.15,3819.15,3821.69,191125.95
2025-10-23 21:30:00,3825.02,3832.15,3819.15,3821.69,191125.95
2025-10-23 21:30:00,3825.02,3832.15,3819.15,3821.69,191125.95
2025-10-23 21:30:00,3825.02,3832.15,3819.15,3821.69,191125.95
2025-10-23 21:30:00,3825.02,3832.15,3819.15,3821.69,191125.95
2025-10-23 21:30:00,3825.02,3832.15,3819.15,3821.69,191125.95
2025-10-23 21:30:00,3825.02,3832.15,3819.15,3821.69,191125.95
2025-10-23 21:30:00,3825.02,3832.15,3819.15,3821.69,191125.95
2025-10-23 21:30:00,3825.02,3832.15,3819.15,3821.69,191125.95
2025-10-23 21:30:00,3825.02,3832.15,3819.15,3821.69,191125.95
2025-10-23 21:30:00,3825.02,3832.15,3819.15,3821.69,191125.95
2025-10-23 21:30:00,3825.02,3832.15,3819.15,3821.69,191125.95
2025-10-23 21:30:00,3825.02,3832.15,3819.15,3821.69,191125.95
2025-10-23 21:30:00,3825.02,3832.15,3819.15,3821.69,191125.95
2025-10-23 21:30:00,3825.02,3832.15,3819.15,3821.69,191125.95
2025-10-23 21:30:00,3825.02,3832.15,3819.15,3821.69,191125.95
2025-10-23 21:30:00,3825.02,3832.15,3819.15,3821.69,191125.95
2025-10-23 21:30:00,3825.02,3832.15,3819.15,3821.69,191125.95
2025-10-23 21:30:00,3825.02,3832.15,3819.15,3821.69,191125.95
2025-10-23 21:30:00,3825.02,3832.15,3819.15,3821.69,191125.95
2025-10-23 21:30:00,3825.02,3832.15,3819.15,3821.69,191125.95
2025-10-23 21:30:00,3825.02,3832.15,3819.15,3821.69,191125.95
2025-10-23 21:30:00,3825.02,3832.15,3819.15,3821.69,191125.95
2025-10-23 21:30:00,3825.02,3832.15,3819.15,3821.69,191125.95
2025-10-23 21:30:00,3825.02,3832.15,3819.15,3821.69,191125.95
2025-10-23 21:30:00,3825.02,3832.15,3819.15,3821.69,191125.95
2025-10-23 21:30:00,3825.02,3832.15,3819.15,3821.69,191125.95
2025-10-23 21:30:00,3825.02,3832.15,3819.15,3821.69,191125.95
2025-10-23 21:30:00,3825.02,3832.15,3819.15,3821.69,191125.95
2025-10-23 21:30:00,3825.02,3832.15,3819.15,3821.69,191125.95
2025-10-23 21:30:00,3825.02,3832.15,3819.15,3821.69,191125.95
2025-10-23 21:30:00,3825.02,3832.15,3819.15,3821.69,191125.95
2025-10-23 21:30:00,3825.02,3832.15,3819.15,3821.69,191125.95
2025-10-23 21:30:00,3825.02,3832.15,3819.15,3821.69,191125.95
2025-10-23 21:30:00,3825.02,3832.15,3819.15,3821.69,191125.95
2025-10-23 21:30:00,3825.02,3832.15,3819.15,3821.69,191125.95
2025-10-23 21:30:00,3825.02,3832.15,3819.15,3821.69,191125.95
2025-10-23 21:30:00,3825.02,3832.15,3819.15,3821.69,191125.95
2025-10-23 21:30:00,3825.02,3832.15,3819.15,3821.69,191125.95
2025-10-23 21:30:00,3825.02,3832.15,3819.15,3821.69,191125.95
2025-10-23 21:30:00,3825.02,3832.15,3819.15,3821.69,191125.95
2025-10-23 21:30:00,3825.02,3832.15,3819.15,3821.69,191125.95
2025-10-23 21:30:00,3825.02,3832.15,3819.15,3821.69,191125.95
2025-10-23 21:30:00,3825.02,3832.15,3819.15,3821.69,191125.95
2025-10-23 21:30:00,3825.02,3832.15,3819.15,3821.69,191125.95
2025-10-23 21:30:00,3825.02,3832.15,3819.15,3821.69,191125.95
2025-10-23 21:45:00,3821.69,3830.0,3821.0,3826.46,123074.79
2025-10-23 21:45:00,3821.69,3830.0,3821.0,3826.46,123074.79
2025-10-23 21:45:00,3821.69,3830.0,3821.0,3826.46,123074.79
2025-10-23 21:45:00,3821.69,3830.0,3821.0,3826.46,123074.79
2025-10-23 21:45:00,3821.69,3830.0,3821.0,3826.46,123074.79
2025-10-23 21:45:00,3821.69,3830.0,3821.0,3826.46,123074.79
2025-10-23 21:45:00,3821.69,3830.0,3821.0,3826.46,123074.79
2025-10-23 21:45:00,3821.69,3830.0,3821.0,3826.46,123074.79
2025-10-23 21:45:00,3821.69,3830.0,3821.0,3826.46,123074.79
2025-10-23 21:45:00,3821.69,3830.0,3821.0,3826.46,123074.79
2025-10-23 21:45:00,3821.69,3830.0,3821.0,3826.46,123074.79
2025-10-23 21:45:00,3821.69,3830.0,3821.0,3826.46,123074.79
2025-10-23 21:45:00,3821.69,3830.0,3821.0,3826.46,123074.79
2025-10-23 21:45:00,3821.69,3830.0,3821.0,3826.46,123074.79
2025-10-23 21:45:00,3821.69,3830.0,3821.0,3826.46,123074.79
2025-10-23 21:45:00,3821.69,3830.0,3821.0,3826.46,123074.79
2025-10-23 21:45:00,3821.69,3830.0,3821.0,3826.46,123074.79
2025-10-23 21:45:00,3821.69,3830.0,3821.0,3826.46,123074.79
2025-10-23 21:45:00,3821.69,3830.0,3821.0,3826.46,123074.79
2025-10-23 21:45:00,3821.69,3830.0,3821.0,3826.46,123074.79
2025-10-23 21:45:00,3821.69,3830.0,3821.0,3826.46,123074.79
2025-10-23 21:45:00,3821.69,3830.0,3821.0,3826.46,123074.79
2025-10-23 21:45:00,3821.69,3830.0,3821.0,3826.46,123074.79
2025-10-23 21:45:00,3821.69,3830.0,3821.0,3826.46,123074.79
2025-10-23 21:45:00,3821.69,3830.0,3821.0,3826.46,123074.79
2025-10-23 21:45:00,3821.69,3830.0,3821.0,3826.46,123074.79
2025-10-23 21:45:00,3821.69,3830.0,3821.0,3826.46,123074.79
2025-10-23 21:45:00,3821.69,3830.0,3821.0,3826.46,123074.79
2025-10-23 21:45:00,3821.69,3830.0,3821.0,3826.46,123074.79
2025-10-23 21:45:00,3821.69,3830.0,3821.0,3826.46,123074.79
2025-10-23 21:45:00,3821.69,3830.0,3821.0,3826.46,123074.79
2025-10-23 21:45:00,3821.69,3830.0,3821.0,3826.46,123074.79
2025-10-23 21:45:00,3821.69,3830.0,3821.0,3826.46,123074.79
2025-10-23 21:45:00,3821.69,3830.0,3821.0,3826.46,123074.79
2025-10-23 21:45:00,3821.69,3830.0,3821.0,3826.46,123074.79
2025-10-23 21:45:00,3821.69,3830.0,3821.0,3826.46,123074.79
2025-10-23 21:45:00,3821.69,3830.0,3821.0,3826.46,123074.79
2025-10-23 21:45:00,3821.69,3830.0,3821.0,3826.46,123074.79
2025-10-23 21:45:00,3821.69,3830.0,3821.0,3826.46,123074.79
2025-10-23 21:45:00,3821.69,3830.0,3821.0,3826.46,123074.79
2025-10-23 21:45:00,3821.69,3830.0,3821.0,3826.46,123074.79
2025-10-23 21:45:00,3821.69,3830.0,3821.0,3826.46,123074.79
2025-10-23 21:45:00,3821.69,3830.0,3821.0,3826.46,123074.79
2025-10-23 21:45:00,3821.69,3830.0,3821.0,3826.46,123074.79
2025-10-23 21:45:00,3821.69,3830.0,3821.0,3826.46,123074.79
2025-10-23 21:45:00,3821.69,3830.0,3821.0,3826.46,123074.79
2025-10-23 21:45:00,3821.69,3830.0,3821.0,3826.46,123074.79
2025-10-23 21:45:00,3821.69,3830.0,3821.0,3826.46,123074.79
2025-10-23 21:45:00,3821.69,3830.0,3821.0,3826.46,123074.79
2025-10-23 21:45:00,3821.69,3830.0,3821.0,3826.46,123074.79
2025-10-23 21:45:00,3821.69,3830.0,3821.0,3826.46,123074.79
2025-10-23 21:45:00,3821.69,3830.0,3821.0,3826.46,123074.79
2025-10-23 21:45:00,3821.69,3830.0,3821.0,3826.46,123074.79
2025-10-23 22:00:00,3826.45,3847.22,3824.25,3838.26,301860.91
2025-10-23 22:00:00,3826.45,3847.22,3824.25,3838.26,301860.91
2025-10-23 22:00:00,3826.45,3847.22,3824.25,3838.26,301860.91
2025-10-23 22:00:00,3826.45,3847.22,3824.25,3838.26,301860.91
2025-10-23 22:00:00,3826.45,3847.22,3824.25,3838.26,301860.91
2025-10-23 22:00:00,3826.45,3847.22,3824.25,3838.26,301860.91
2025-10-23 22:00:00,3826.45,3847.22,3824.25,3838.26,301860.91
2025-10-23 22:00:00,3826.45,3847.22,3824.25,3838.26,301860.91
2025-10-23 22:00:00,3826.45,3847.22,3824.25,3838.26,301860.91
2025-10-23 22:00:00,3826.45,3847.22,3824.25,3838.26,301860.91
2025-10-23 22:00:00,3826.45,3847.22,3824.25,3838.26,301860.91
2025-10-23 22:00:00,3826.45,3847.22,3824.25,3838.26,301860.91
2025-10-23 22:00:00,3826.45,3847.22,3824.25,3838.26,301860.91
2025-10-23 22:00:00,3826.45,3847.22,3824.25,3838.26,301860.91
2025-10-23 22:00:00,3826.45,3847.22,3824.25,3838.26,301860.91
2025-10-23 22:00:00,3826.45,3847.22,3824.25,3838.26,301860.91
2025-10-23 22:00:00,3826.45,3847.22,3824.25,3838.26,301860.91
2025-10-23 22:00:00,3826.45,3847.22,3824.25,3838.26,301860.91
2025-10-23 22:00:00,3826.45,3847.22,3824.25,3838.26,301860.91
2025-10-23 22:00:00,3826.45,3847.22,3824.25,3838.26,301860.91
2025-10-23 22:00:00,3826.45,3847.22,3824.25,3838.26,301860.91
2025-10-23 22:00:00,3826.45,3847.22,3824.25,3838.26,301860.91
2025-10-23 22:00:00,3826.45,3847.22,3824.25,3838.26,301860.91
2025-10-23 22:00:00,3826.45,3847.22,3824.25,3838.26,301860.91
2025-10-23 22:00:00,3826.45,3847.22,3824.25,3838.26,301860.91
2025-10-23 22:00:00,3826.45,3847.22,3824.25,3838.26,301860.91
2025-10-23 22:00:00,3826.45,3847.22,3824.25,3838.26,301860.91
2025-10-23 22:00:00,3826.45,3847.22,3824.25,3838.26,301860.91
2025-10-23 22:00:00,3826.45,3847.22,3824.25,3838.26,301860.91
2025-10-23 22:00:00,3826.45,3847.22,3824.25,3838.26,301860.91
2025-10-23 22:00:00,3826.45,3847.22,3824.25,3838.26,301860.91
2025-10-23 22:00:00,3826.45,3847.22,3824.25,3838.26,301860.91
2025-10-23 22:00:00,3826.45,3847.22,3824.25,3838.26,301860.91
2025-10-23 22:00:00,3826.45,3847.22,3824.25,3838.26,301860.91
2025-10-23 22:00:00,3826.45,3847.22,3824.25,3838.26,301860.91
2025-10-23 22:00:00,3826.45,3847.22,3824.25,3838.26,301860.91
2025-10-23 22:00:00,3826.45,3847.22,3824.25,3838.26,301860.91
2025-10-23 22:00:00,3826.45,3847.22,3824.25,3838.26,301860.91
2025-10-23 22:00:00,3826.45,3847.22,3824.25,3838.26,301860.91
2025-10-23 22:00:00,3826.45,3847.22,3824.25,3838.26,301860.91
2025-10-23 22:00:00,3826.45,3847.22,3824.25,3838.26,301860.91
2025-10-23 22:00:00,3826.45,3847.22,3824.25,3838.26,301860.91
2025-10-23 22:00:00,3826.45,3847.22,3824.25,3838.26,301860.91
2025-10-23 22:00:00,3826.45,3847.22,3824.25,3838.26,301860.91
2025-10-23 22:00:00,3826.45,3847.22,3824.25,3838.26,301860.91
2025-10-23 22:00:00,3826.45,3847.22,3824.25,3838.26,301860.91
2025-10-23 22:00:00,3826.45,3847.22,3824.25,3838.26,301860.91
2025-10-23 22:00:00,3826.45,3847.22,3824.25,3838.26,301860.91
2025-10-23 22:00:00,3826.45,3847.22,3824.25,3838.26,301860.91
2025-10-23 22:00:00,3826.45,3847.22,3824.25,3838.26,301860.91
2025-10-23 22:00:00,3826.45,3847.22,3824.25,3838.26,301860.91
2025-10-23 22:00:00,3826.45,3847.22,3824.25,3838.26,301860.91
2025-10-23 22:00:00,3826.45,3847.22,3824.25,3838.26,301860.91
2025-10-23 22:15:00,3838.26,3843.69,3833.77,3842.88,165549.39
2025-10-23 22:15:00,3838.26,3843.69,3833.77,3842.88,165549.39
2025-10-23 22:15:00,3838.26,3843.69,3833.77,3842.88,165549.39
2025-10-23 22:15:00,3838.26,3843.69,3833.77,3842.88,165549.39
2025-10-23 22:15:00,3838.26,3843.69,3833.77,3842.88,165549.39
2025-10-23 22:15:00,3838.26,3843.69,3833.77,3842.88,165549.39
2025-10-23 22:15:00,3838.26,3843.69,3833.77,3842.88,165549.39
2025-10-23 22:15:00,3838.26,3843.69,3833.77,3842.88,165549.39
2025-10-23 22:15:00,3838.26,3843.69,3833.77,3842.88,165549.39
2025-10-23 22:15:00,3838.26,3843.69,3833.77,3842.88,165549.39
2025-10-23 22:15:00,3838.26,3843.69,3833.77,3842.88,165549.39
2025-10-23 22:15:00,3838.26,3843.69,3833.77,3842.88,165549.39
2025-10-23 22:15:00,3838.26,3843.69,3833.77,3842.88,165549.39
2025-10-23 22:15:00,3838.26,3843.69,3833.77,3842.88,165549.39
2025-10-23 22:15:00,3838.26,3843.69,3833.77,3842.88,165549.39
2025-10-23 22:15:00,3838.26,3843.69,3833.77,3842.88,165549.39
2025-10-23 22:15:00,3838.26,3843.69,3833.77,3842.88,165549.39
2025-10-23 22:15:00,3838.26,3843.69,3833.77,3842.88,165549.39
2025-10-23 22:15:00,3838.26,3843.69,3833.77,3842.88,165549.39
2025-10-23 22:15:00,3838.26,3843.69,3833.77,3842.88,165549.39
2025-10-23 22:15:00,3838.26,3843.69,3833.77,3842.88,165549.39
2025-10-23 22:15:00,3838.26,3843.69,3833.77,3842.88,165549.39
2025-10-23 22:15:00,3838.26,3843.69,3833.77,3842.88,165549.39
2025-10-23 22:15:00,3838.26,3843.69,3833.77,3842.88,165549.39
2025-10-23 22:15:00,3838.26,3843.69,3833.77,3842.88,165549.39
2025-10-23 22:15:00,3838.26,3843.69,3833.77,3842.88,165549.39
2025-10-23 22:15:00,3838.26,3843.69,3833.77,3842.88,165549.39
2025-10-23 22:15:00,3838.26,3843.69,3833.77,3842.88,165549.39
2025-10-23 22:15:00,3838.26,3843.69,3833.77,3842.88,165549.39
2025-10-23 22:15:00,3838.26,3843.69,3833.77,3842.88,165549.39
2025-10-23 22:15:00,3838.26,3843.69,3833.77,3842.88,165549.39
2025-10-23 22:15:00,3838.26,3843.69,3833.77,3842.88,165549.39
2025-10-23 22:15:00,3838.26,3843.69,3833.77,3842.88,165549.39
2025-10-23 22:15:00,3838.26,3843.69,3833.77,3842.88,165549.39
2025-10-23 22:15:00,3838.26,3843.69,3833.77,3842.88,165549.39
2025-10-23 22:15:00,3838.26,3843.69,3833.77,3842.88,165549.39
2025-10-23 22:15:00,3838.26,3843.69,3833.77,3842.88,165549.39
2025-10-23 22:15:00,3838.26,3843.69,3833.77,3842.88,165549.39
2025-10-23 22:15:00,3838.26,3843.69,3833.77,3842.88,165549.39
2025-10-23 22:15:00,3838.26,3843.69,3833.77,3842.88,165549.39
2025-10-23 22:15:00,3838.26,3843.69,3833.77,3842.88,165549.39
2025-10-23 22:15:00,3838.26,3843.69,3833.77,3842.88,165549.39
2025-10-23 22:15:00,3838.26,3843.69,3833.77,3842.88,165549.39
2025-10-23 22:15:00,3838.26,3843.69,3833.77,3842.88,165549.39
2025-10-23 22:15:00,3838.26,3843.69,3833.77,3842.88,165549.39
2025-10-23 22:15:00,3838.26,3843.69,3833.77,3842.88,165549.39
2025-10-23 22:15:00,3838.26,3843.69,3833.77,3842.88,165549.39
2025-10-23 22:15:00,3838.26,3843.69,3833.77,3842.88,165549.39
2025-10-23 22:15:00,3838.26,3843.69,3833.77,3842.88,165549.39
2025-10-23 22:15:00,3838.26,3843.69,3833.77,3842.88,165549.39
2025-10-23 22:15:00,3838.26,3843.69,3833.77,3842.88,165549.39
2025-10-23 22:15:00,3838.26,3843.69,3833.77,3842.88,165549.39
2025-10-23 22:15:00,3838.26,3843.69,3833.77,3842.88,165549.39
2025-10-23 22:30:00,3842.89,3854.52,3841.25,3845.0,212766.21
2025-10-23 22:30:00,3842.89,3854.52,3841.25,3845.0,212766.21
2025-10-23 22:30:00,3842.89,3854.52,3841.25,3845.0,212766.21
2025-10-23 22:30:00,3842.89,3854.52,3841.25,3845.0,212766.21
2025-10-23 22:30:00,3842.89,3854.52,3841.25,3845.0,212766.21
2025-10-23 22:30:00,3842.89,3854.52,3841.25,3845.0,212766.21
2025-10-23 22:30:00,3842.89,3854.52,3841.25,3845.0,212766.21
2025-10-23 22:30:00,3842.89,3854.52,3841.25,3845.0,212766.21
2025-10-23 22:30:00,3842.89,3854.52,3841.25,3845.0,212766.21
2025-10-23 22:30:00,3842.89,3854.52,3841.25,3845.0,212766.21
2025-10-23 22:30:00,3842.89,3854.52,3841.25,3845.0,212766.21
2025-10-23 22:30:00,3842.89,3854.52,3841.25,3845.0,212766.21
2025-10-23 22:30:00,3842.89,3854.52,3841.25,3845.0,212766.21
2025-10-23 22:30:00,3842.89,3854.52,3841.25,3845.0,212766.21
2025-10-23 22:30:00,3842.89,3854.52,3841.25,3845.0,212766.21
2025-10-23 22:30:00,3842.89,3854.52,3841.25,3845.0,212766.21
2025-10-23 22:30:00,3842.89,3854.52,3841.25,3845.0,212766.21
2025-10-23 22:30:00,3842.89,3854.52,3841.25,3845.0,212766.21
2025-10-23 22:30:00,3842.89,3854.52,3841.25,3845.0,212766.21
2025-10-23 22:30:00,3842.89,3854.52,3841.25,3845.0,212766.21
2025-10-23 22:30:00,3842.89,3854.52,3841.25,3845.0,212766.21
2025-10-23 22:30:00,3842.89,3854.52,3841.25,3845.0,212766.21
2025-10-23 22:30:00,3842.89,3854.52,3841.25,3845.0,212766.21
2025-10-23 22:30:00,3842.89,3854.52,3841.25,3845.0,212766.21
2025-10-23 22:30:00,3842.89,3854.52,3841.25,3845.0,212766.21
2025-10-23 22:30:00,3842.89,3854.52,3841.25,3845.0,212766.21
2025-10-23 22:30:00,3842.89,3854.52,3841.25,3845.0,212766.21
2025-10-23 22:30:00,3842.89,3854.52,3841.25,3845.0,212766.21
2025-10-23 22:30:00,3842.89,3854.52,3841.25,3845.0,212766.21
2025-10-23 22:30:00,3842.89,3854.52,3841.25,3845.0,212766.21
2025-10-23 22:30:00,3842.89,3854.52,3841.25,3845.0,212766.21
2025-10-23 22:30:00,3842.89,3854.52,3841.25,3845.0,212766.21
2025-10-23 22:30:00,3842.89,3854.52,3841.25,3845.0,212766.21
2025-10-23 22:30:00,3842.89,3854.52,3841.25,3845.0,212766.21
2025-10-23 22:30:00,3842.89,3854.52,3841.25,3845.0,212766.21
2025-10-23 22:30:00,3842.89,3854.52,3841.25,3845.0,212766.21
2025-10-23 22:30:00,3842.89,3854.52,3841.25,3845.0,212766.21
2025-10-23 22:30:00,3842.89,3854.52,3841.25,3845.0,212766.21
2025-10-23 22:30:00,3842.89,3854.52,3841.25,3845.0,212766.21
2025-10-23 22:30:00,3842.89,3854.52,3841.25,3845.0,212766.21
2025-10-23 22:30:00,3842.89,3854.52,3841.25,3845.0,212766.21
2025-10-23 22:30:00,3842.89,3854.52,3841.25,3845.0,212766.21
2025-10-23 22:30:00,3842.89,3854.52,3841.25,3845.0,212766.21
2025-10-23 22:30:00,3842.89,3854.52,3841.25,3845.0,212766.21
2025-10-23 22:30:00,3842.89,3854.52,3841.25,3845.0,212766.21
2025-10-23 22:30:00,3842.89,3854.52,3841.25,3845.0,212766.21
2025-10-23 22:30:00,3842.89,3854.52,3841.25,3845.0,212766.21
2025-10-23 22:30:00,3842.89,3854.52,3841.25,3845.0,212766.21
2025-10-23 22:30:00,3842.89,3854.52,3841.25,3845.0,212766.21
2025-10-23 22:30:00,3842.89,3854.52,3841.25,3845.0,212766.21
2025-10-23 22:30:00,3842.89,3854.52,3841.25,3845.0,212766.21
2025-10-23 22:30:00,3842.89,3854.52,3841.25,3845.0,212766.21
2025-10-23 22:30:00,3842.89,3854.52,3841.25,3845.0,212766.21
2025-10-23 22:45:00,3845.0,3851.43,3842.37,3848.41,115473.21
2025-10-23 22:45:00,3845.0,3851.43,3842.37,3848.41,115473.21
2025-10-23 22:45:00,3845.0,3851.43,3842.37,3848.41,115473.21
2025-10-23 22:45:00,3845.0,3851.43,3842.37,3848.41,115473.21
2025-10-23 22:45:00,3845.0,3851.43,3842.37,3848.41,115473.21
2025-10-23 22:45:00,3845.0,3851.43,3842.37,3848.41,115473.21
2025-10-23 22:45:00,3845.0,3851.43,3842.37,3848.41,115473.21
2025-10-23 22:45:00,3845.0,3851.43,3842.37,3848.41,115473.21
2025-10-23 22:45:00,3845.0,3851.43,3842.37,3848.41,115473.21
2025-10-23 22:45:00,3845.0,3851.43,3842.37,3848.41,115473.21
2025-10-23 22:45:00,3845.0,3851.43,3842.37,3848.41,115473.21
2025-10-23 22:45:00,3845.0,3851.43,3842.37,3848.41,115473.21
2025-10-23 22:45:00,3845.0,3851.43,3842.37,3848.41,115473.21
2025-10-23 22:45:00,3845.0,3851.43,3842.37,3848.41,115473.21
2025-10-23 22:45:00,3845.0,3851.43,3842.37,3848.41,115473.21
2025-10-23 22:45:00,3845.0,3851.43,3842.37,3848.41,115473.21
2025-10-23 22:45:00,3845.0,3851.43,3842.37,3848.41,115473.21
2025-10-23 22:45:00,3845.0,3851.43,3842.37,3848.41,115473.21
2025-10-23 22:45:00,3845.0,3851.43,3842.37,3848.41,115473.21
2025-10-23 22:45:00,3845.0,3851.43,3842.37,3848.41,115473.21
2025-10-23 22:45:00,3845.0,3851.43,3842.37,3848.41,115473.21
2025-10-23 22:45:00,3845.0,3851.43,3842.37,3848.41,115473.21
2025-10-23 22:45:00,3845.0,3851.43,3842.37,3848.41,115473.21
2025-10-23 22:45:00,3845.0,3851.43,3842.37,3848.41,115473.21
2025-10-23 22:45:00,3845.0,3851.43,3842.37,3848.41,115473.21
2025-10-23 22:45:00,3845.0,3851.43,3842.37,3848.41,115473.21
2025-10-23 22:45:00,3845.0,3851.43,3842.37,3848.41,115473.21
2025-10-23 22:45:00,3845.0,3851.43,3842.37,3848.41,115473.21
2025-10-23 22:45:00,3845.0,3851.43,3842.37,3848.41,115473.21
2025-10-23 22:45:00,3845.0,3851.43,3842.37,3848.41,115473.21
2025-10-23 22:45:00,3845.0,3851.43,3842.37,3848.41,115473.21
2025-10-23 22:45:00,3845.0,3851.43,3842.37,3848.41,115473.21
2025-10-23 22:45:00,3845.0,3851.43,3842.37,3848.41,115473.21
2025-10-23 22:45:00,3845.0,3851.43,3842.37,3848.41,115473.21
2025-10-23 22:45:00,3845.0,3851.43,3842.37,3848.41,115473.21
2025-10-23 22:45:00,3845.0,3851.43,3842.37,3848.41,115473.21
2025-10-23 22:45:00,3845.0,3851.43,3842.37,3848.41,115473.21
2025-10-23 22:45:00,3845.0,3851.43,3842.37,3848.41,115473.21
2025-10-23 22:45:00,3845.0,3851.43,3842.37,3848.41,115473.21
2025-10-23 22:45:00,3845.0,3851.43,3842.37,3848.41,115473.21
2025-10-23 22:45:00,3845.0,3851.43,3842.37,3848.41,115473.21
2025-10-23 22:45:00,3845.0,3851.43,3842.37,3848.41,115473.21
2025-10-23 22:45:00,3845.0,3851.43,3842.37,3848.41,115473.21
2025-10-23 22:45:00,3845.0,3851.43,3842.37,3848.41,115473.21
2025-10-23 22:45:00,3845.0,3851.43,3842.37,3848.41,115473.21
2025-10-23 22:45:00,3845.0,3851.43,3842.37,3848.41,115473.21
2025-10-23 22:45:00,3845.0,3851.43,3842.37,3848.41,115473.21
2025-10-23 22:45:00,3845.0,3851.43,3842.37,3848.41,115473.21
2025-10-23 22:45:00,3845.0,3851.43,3842.37,3848.41,115473.21
2025-10-23 22:45:00,3845.0,3851.43,3842.37,3848.41,115473.21
2025-10-23 22:45:00,3845.0,3851.43,3842.37,3848.41,115473.21
2025-10-23 22:45:00,3845.0,3851.43,3842.37,3848.41,115473.21
2025-10-23 22:45:00,3845.0,3851.43,3842.37,3848.41,115473.21
2025-10-23 23:00:00,3848.4,3854.0,3843.33,3853.48,135223.31
2025-10-23 23:00:00,3848.4,3854.0,3843.33,3853.48,135223.31
2025-10-23 23:00:00,3848.4,3854.0,3843.33,3853.48,135223.31
2025-10-23 23:00:00,3848.4,3854.0,3843.33,3853.48,135223.31
2025-10-23 23:00:00,3848.4,3854.0,3843.33,3853.48,135223.31
2025-10-23 23:00:00,3848.4,3854.0,3843.33,3853.48,135223.31
2025-10-23 23:00:00,3848.4,3854.0,3843.33,3853.48,135223.31
2025-10-23 23:00:00,3848.4,3854.0,3843.33,3853.48,135223.31
2025-10-23 23:00:00,3848.4,3854.0,3843.33,3853.48,135223.31
2025-10-23 23:00:00,3848.4,3854.0,3843.33,3853.48,135223.31
2025-10-23 23:00:00,3848.4,3854.0,3843.33,3853.48,135223.31
2025-10-23 23:00:00,3848.4,3854.0,3843.33,3853.48,135223.31
2025-10-23 23:00:00,3848.4,3854.0,3843.33,3853.48,135223.31
2025-10-23 23:00:00,3848.4,3854.0,3843.33,3853.48,135223.31
2025-10-23 23:00:00,3848.4,3854.0,3843.33,3853.48,135223.31
2025-10-23 23:00:00,3848.4,3854.0,3843.33,3853.48,135223.31
2025-10-23 23:00:00,3848.4,3854.0,3843.33,3853.48,135223.31
2025-10-23 23:00:00,3848.4,3854.0,3843.33,3853.48,135223.31
2025-10-23 23:00:00,3848.4,3854.0,3843.33,3853.48,135223.31
2025-10-23 23:00:00,3848.4,3854.0,3843.33,3853.48,135223.31
2025-10-23 23:00:00,3848.4,3854.0,3843.33,3853.48,135223.31
2025-10-23 23:00:00,3848.4,3854.0,3843.33,3853.48,135223.31
2025-10-23 23:00:00,3848.4,3854.0,3843.33,3853.48,135223.31
2025-10-23 23:00:00,3848.4,3854.0,3843.33,3853.48,135223.31
2025-10-23 23:00:00,3848.4,3854.0,3843.33,3853.48,135223.31
2025-10-23 23:00:00,3848.4,3854.0,3843.33,3853.48,135223.31
2025-10-23 23:00:00,3848.4,3854.0,3843.33,3853.48,135223.31
2025-10-23 23:00:00,3848.4,3854.0,3843.33,3853.48,135223.31
2025-10-23 23:00:00,3848.4,3854.0,3843.33,3853.48,135223.31
2025-10-23 23:00:00,3848.4,3854.0,3843.33,3853.48,135223.31
2025-10-23 23:00:00,3848.4,3854.0,3843.33,3853.48,135223.31
2025-10-23 23:00:00,3848.4,3854.0,3843.33,3853.48,135223.31
2025-10-23 23:00:00,3848.4,3854.0,3843.33,3853.48,135223.31
2025-10-23 23:00:00,3848.4,3854.0,3843.33,3853.48,135223.31
2025-10-23 23:00:00,3848.4,3854.0,3843.33,3853.48,135223.31
2025-10-23 23:00:00,3848.4,3854.0,3843.33,3853.48,135223.31
2025-10-23 23:00:00,3848.4,3854.0,3843.33,3853.48,135223.31
2025-10-23 23:00:00,3848.4,3854.0,3843.33,3853.48,135223.31
2025-10-23 23:00:00,3848.4,3854.0,3843.33,3853.48,135223.31
2025-10-23 23:00:00,3848.4,3854.0,3843.33,3853.48,135223.31
2025-10-23 23:00:00,3848.4,3854.0,3843.33,3853.48,135223.31
2025-10-23 23:00:00,3848.4,3854.0,3843.33,3853.48,135223.31
2025-10-23 23:00:00,3848.4,3854.0,3843.33,3853.48,135223.31
2025-10-23 23:00:00,3848.4,3854.0,3843.33,3853.48,135223.31
2025-10-23 23:00:00,3848.4,3854.0,3843.33,3853.48,135223.31
2025-10-23 23:00:00,3848.4,3854.0,3843.33,3853.48,135223.31
2025-10-23 23:00:00,3848.4,3854.0,3843.33,3853.48,135223.31
2025-10-23 23:00:00,3848.4,3854.0,3843.33,3853.48,135223.31
2025-10-23 23:00:00,3848.4,3854.0,3843.33,3853.48,135223.31
2025-10-23 23:00:00,3848.4,3854.0,3843.33,3853.48,135223.31
2025-10-23 23:00:00,3848.4,3854.0,3843.33,3853.48,135223.31
2025-10-23 23:00:00,3848.4,3854.0,3843.33,3853.48,135223.31
2025-10-23 23:00:00,3848.4,3854.0,3843.33,3853.48,135223.31
2025-10-23 23:15:00,3853.48,3859.27,3847.37,3852.38,131843.52
2025-10-23 23:15:00,3853.48,3859.27,3847.37,3852.38,131843.52
2025-10-23 23:15:00,3853.48,3859.27,3847.37,3852.38,131843.52
2025-10-23 23:15:00,3853.48,3859.27,3847.37,3852.38,131843.52
2025-10-23 23:15:00,3853.48,3859.27,3847.37,3852.38,131843.52
2025-10-23 23:15:00,3853.48,3859.27,3847.37,3852.38,131843.52
2025-10-23 23:15:00,3853.48,3859.27,3847.37,3852.38,131843.52
2025-10-23 23:15:00,3853.48,3859.27,3847.37,3852.38,131843.52
2025-10-23 23:15:00,3853.48,3859.27,3847.37,3852.38,131843.52
2025-10-23 23:15:00,3853.48,3859.27,3847.37,3852.38,131843.52
2025-10-23 23:15:00,3853.48,3859.27,3847.37,3852.38,131843.52
2025-10-23 23:15:00,3853.48,3859.27,3847.37,3852.38,131843.52
2025-10-23 23:15:00,3853.48,3859.27,3847.37,3852.38,131843.52
2025-10-23 23:15:00,3853.48,3859.27,3847.37,3852.38,131843.52
2025-10-23 23:15:00,3853.48,3859.27,3847.37,3852.38,131843.52
2025-10-23 23:15:00,3853.48,3859.27,3847.37,3852.38,131843.52
2025-10-23 23:15:00,3853.48,3859.27,3847.37,3852.38,131843.52
2025-10-23 23:15:00,3853.48,3859.27,3847.37,3852.38,131843.52
2025-10-23 23:15:00,3853.48,3859.27,3847.37,3852.38,131843.52
2025-10-23 23:15:00,3853.48,3859.27,3847.37,3852.38,131843.52
2025-10-23 23:15:00,3853.48,3859.27,3847.37,3852.38,131843.52
2025-10-23 23:15:00,3853.48,3859.27,3847.37,3852.38,131843.52
2025-10-23 23:15:00,3853.48,3859.27,3847.37,3852.38,131843.52
2025-10-23 23:15:00,3853.48,3859.27,3847.37,3852.38,131843.52
2025-10-23 23:15:00,3853.48,3859.27,3847.37,3852.38,131843.52
2025-10-23 23:15:00,3853.48,3859.27,3847.37,3852.38,131843.52
2025-10-23 23:15:00,3853.48,3859.27,3847.37,3852.38,131843.52
2025-10-23 23:15:00,3853.48,3859.27,3847.37,3852.38,131843.52
2025-10-23 23:15:00,3853.48,3859.27,3847.37,3852.38,131843.52
2025-10-23 23:15:00,3853.48,3859.27,3847.37,3852.38,131843.52
2025-10-23 23:15:00,3853.48,3859.27,3847.37,3852.38,131843.52
2025-10-23 23:15:00,3853.48,3859.27,3847.37,3852.38,131843.52
2025-10-23 23:15:00,3853.48,3859.27,3847.37,3852.38,131843.52
2025-10-23 23:15:00,3853.48,3859.27,3847.37,3852.38,131843.52
2025-10-23 23:15:00,3853.48,3859.27,3847.37,3852.38,131843.52
2025-10-23 23:15:00,3853.48,3859.27,3847.37,3852.38,131843.52
2025-10-23 23:15:00,3853.48,3859.27,3847.37,3852.38,131843.52
2025-10-23 23:15:00,3853.48,3859.27,3847.37,3852.38,131843.52
2025-10-23 23:15:00,3853.48,3859.27,3847.37,3852.38,131843.52
2025-10-23 23:15:00,3853.48,3859.27,3847.37,3852.38,131843.52
2025-10-23 23:15:00,3853.48,3859.27,3847.37,3852.38,131843.52
2025-10-23 23:15:00,3853.48,3859.27,3847.37,3852.38,131843.52
2025-10-23 23:15:00,3853.48,3859.27,3847.37,3852.38,131843.52
2025-10-23 23:15:00,3853.48,3859.27,3847.37,3852.38,131843.52
2025-10-23 23:15:00,3853.48,3859.27,3847.37,3852.38,131843.52
2025-10-23 23:15:00,3853.48,3859.27,3847.37,3852.38,131843.52
2025-10-23 23:15:00,3853.48,3859.27,3847.37,3852.38,131843.52
2025-10-23 23:15:00,3853.48,3859.27,3847.37,3852.38,131843.52
2025-10-23 23:15:00,3853.48,3859.27,3847.37,3852.38,131843.52
2025-10-23 23:15:00,3853.48,3859.27,3847.37,3852.38,131843.52
2025-10-23 23:15:00,3853.48,3859.27,3847.37,3852.38,131843.52
2025-10-23 23:15:00,3853.48,3859.27,3847.37,3852.38,131843.52
2025-10-23 23:15:00,3853.48,3859.27,3847.37,3852.38,131843.52
2025-10-23 23:30:00,3852.37,3856.07,3847.77,3853.97,113257.67
2025-10-23 23:30:00,3852.37,3856.07,3847.77,3853.97,113257.67
2025-10-23 23:30:00,3852.37,3856.07,3847.77,3853.97,113257.67
2025-10-23 23:30:00,3852.37,3856.07,3847.77,3853.97,113257.67
2025-10-23 23:30:00,3852.37,3856.07,3847.77,3853.97,113257.67
2025-10-23 23:30:00,3852.37,3856.07,3847.77,3853.97,113257.67
2025-10-23 23:30:00,3852.37,3856.07,3847.77,3853.97,113257.67
2025-10-23 23:30:00,3852.37,3856.07,3847.77,3853.97,113257.67
2025-10-23 23:30:00,3852.37,3856.07,3847.77,3853.97,113257.67
2025-10-23 23:30:00,3852.37,3856.07,3847.77,3853.97,113257.67
2025-10-23 23:30:00,3852.37,3856.07,3847.77,3853.97,113257.67
2025-10-23 23:30:00,3852.37,3856.07,3847.77,3853.97,113257.67
2025-10-23 23:30:00,3852.37,3856.07,3847.77,3853.97,113257.67
2025-10-23 23:30:00,3852.37,3856.07,3847.77,3853.97,113257.67
2025-10-23 23:30:00,3852.37,3856.07,3847.77,3853.97,113257.67
2025-10-23 23:30:00,3852.37,3856.07,3847.77,3853.97,113257.67
2025-10-23 23:30:00,3852.37,3856.07,3847.77,3853.97,113257.67
2025-10-23 23:30:00,3852.37,3856.07,3847.77,3853.97,113257.67
2025-10-23 23:30:00,3852.37,3856.07,3847.77,3853.97,113257.67
2025-10-23 23:30:00,3852.37,3856.07,3847.77,3853.97,113257.67
2025-10-23 23:30:00,3852.37,3856.07,3847.77,3853.97,113257.67
2025-10-23 23:30:00,3852.37,3856.07,3847.77,3853.97,113257.67
2025-10-23 23:30:00,3852.37,3856.07,3847.77,3853.97,113257.67
2025-10-23 23:30:00,3852.37,3856.07,3847.77,3853.97,113257.67
2025-10-23 23:30:00,3852.37,3856.07,3847.77,3853.97,113257.67
2025-10-23 23:30:00,3852.37,3856.07,3847.77,3853.97,113257.67
2025-10-23 23:30:00,3852.37,3856.07,3847.77,3853.97,113257.67
2025-10-23 23:30:00,3852.37,3856.07,3847.77,3853.97,113257.67
2025-10-23 23:30:00,3852.37,3856.07,3847.77,3853.97,113257.67
2025-10-23 23:30:00,3852.37,3856.07,3847.77,3853.97,113257.67
2025-10-23 23:30:00,3852.37,3856.07,3847.77,3853.97,113257.67
2025-10-23 23:30:00,3852.37,3856.07,3847.77,3853.97,113257.67
2025-10-23 23:30:00,3852.37,3856.07,3847.77,3853.97,113257.67
2025-10-23 23:30:00,3852.37,3856.07,3847.77,3853.97,113257.67
2025-10-23 23:30:00,3852.37,3856.07,3847.77,3853.97,113257.67
2025-10-23 23:30:00,3852.37,3856.07,3847.77,3853.97,113257.67
2025-10-23 23:30:00,3852.37,3856.07,3847.77,3853.97,113257.67
2025-10-23 23:30:00,3852.37,3856.07,3847.77,3853.97,113257.67
2025-10-23 23:30:00,3852.37,3856.07,3847.77,3853.97,113257.67
2025-10-23 23:30:00,3852.37,3856.07,3847.77,3853.97,113257.67
2025-10-23 23:30:00,3852.37,3856.07,3847.77,3853.97,113257.67
2025-10-23 23:30:00,3852.37,3856.07,3847.77,3853.97,113257.67
2025-10-23 23:30:00,3852.37,3856.07,3847.77,3853.97,113257.67
2025-10-23 23:30:00,3852.37,3856.07,3847.77,3853.97,113257.67
2025-10-23 23:30:00,3852.37,3856.07,3847.77,3853.97,113257.67
2025-10-23 23:30:00,3852.37,3856.07,3847.77,3853.97,113257.67
2025-10-23 23:30:00,3852.37,3856.07,3847.77,3853.97,113257.67
2025-10-23 23:30:00,3852.37,3856.07,3847.77,3853.97,113257.67
2025-10-23 23:30:00,3852.37,3856.07,3847.77,3853.97,113257.67
2025-10-23 23:30:00,3852.37,3856.07,3847.77,3853.97,113257.67
2025-10-23 23:30:00,3852.37,3856.07,3847.77,3853.97,113257.67
2025-10-23 23:30:00,3852.37,3856.07,3847.77,3853.97,113257.67
2025-10-23 23:30:00,3852.37,3856.07,3847.77,3853.97,113257.67
2025-10-23 23:45:00,3853.97,3858.05,3850.05,3854.74,123322.9
2025-10-23 23:45:00,3853.97,3858.05,3850.05,3854.74,123322.9
2025-10-23 23:45:00,3853.97,3858.05,3850.05,3854.74,123322.9
2025-10-23 23:45:00,3853.97,3858.05,3850.05,3854.74,123322.9
2025-10-23 23:45:00,3853.97,3858.05,3850.05,3854.74,123322.9
2025-10-23 23:45:00,3853.97,3858.05,3850.05,3854.74,123322.9
2025-10-23 23:45:00,3853.97,3858.05,3850.05,3854.74,123322.9
2025-10-23 23:45:00,3853.97,3858.05,3850.05,3854.74,123322.9
2025-10-23 23:45:00,3853.97,3858.05,3850.05,3854.74,123322.9
2025-10-23 23:45:00,3853.97,3858.05,3850.05,3854.74,123322.9
2025-10-23 23:45:00,3853.97,3858.05,3850.05,3854.74,123322.9
2025-10-23 23:45:00,3853.97,3858.05,3850.05,3854.74,123322.9
2025-10-23 23:45:00,3853.97,3858.05,3850.05,3854.74,123322.9
2025-10-23 23:45:00,3853.97,3858.05,3850.05,3854.74,123322.9
2025-10-23 23:45:00,3853.97,3858.05,3850.05,3854.74,123322.9
2025-10-23 23:45:00,3853.97,3858.05,3850.05,3854.74,123322.9
2025-10-23 23:45:00,3853.97,3858.05,3850.05,3854.74,123322.9
2025-10-23 23:45:00,3853.97,3858.05,3850.05,3854.74,123322.9
2025-10-23 23:45:00,3853.97,3858.05,3850.05,3854.74,123322.9
2025-10-23 23:45:00,3853.97,3858.05,3850.05,3854.74,123322.9
2025-10-23 23:45:00,3853.97,3858.05,3850.05,3854.74,123322.9
2025-10-23 23:45:00,3853.97,3858.05,3850.05,3854.74,123322.9
2025-10-23 23:45:00,3853.97,3858.05,3850.05,3854.74,123322.9
2025-10-23 23:45:00,3853.97,3858.05,3850.05,3854.74,123322.9
2025-10-23 23:45:00,3853.97,3858.05,3850.05,3854.74,123322.9
2025-10-23 23:45:00,3853.97,3858.05,3850.05,3854.74,123322.9
2025-10-23 23:45:00,3853.97,3858.05,3850.05,3854.74,123322.9
2025-10-23 23:45:00,3853.97,3858.05,3850.05,3854.74,123322.9
2025-10-23 23:45:00,3853.97,3858.05,3850.05,3854.74,123322.9
2025-10-23 23:45:00,3853.97,3858.05,3850.05,3854.74,123322.9
2025-10-23 23:45:00,3853.97,3858.05,3850.05,3854.74,123322.9
2025-10-23 23:45:00,3853.97,3858.05,3850.05,3854.74,123322.9
2025-10-23 23:45:00,3853.97,3858.05,3850.05,3854.74,123322.9
2025-10-23 23:45:00,3853.97,3858.05,3850.05,3854.74,123322.9
2025-10-23 23:45:00,3853.97,3858.05,3850.05,3854.74,123322.9
2025-10-23 23:45:00,3853.97,3858.05,3850.05,3854.74,123322.9
2025-10-23 23:45:00,3853.97,3858.05,3850.05,3854.74,123322.9
2025-10-23 23:45:00,3853.97,3858.05,3850.05,3854.74,123322.9
2025-10-23 23:45:00,3853.97,3858.05,3850.05,3854.74,123322.9
2025-10-23 23:45:00,3853.97,3858.05,3850.05,3854.74,123322.9
2025-10-23 23:45:00,3853.97,3858.05,3850.05,3854.74,123322.9
2025-10-23 23:45:00,3853.97,3858.05,3850.05,3854.74,123322.9
2025-10-23 23:45:00,3853.97,3858.05,3850.05,3854.74,123322.9
2025-10-23 23:45:00,3853.97,3858.05,3850.05,3854.74,123322.9
2025-10-23 23:45:00,3853.97,3858.05,3850.05,3854.74,123322.9
2025-10-23 23:45:00,3853.97,3858.05,3850.05,3854.74,123322.9
2025-10-23 23:45:00,3853.97,3858.05,3850.05,3854.74,123322.9
2025-10-23 23:45:00,3853.97,3858.05,3850.05,3854.74,123322.9
2025-10-23 23:45:00,3853.97,3858.05,3850.05,3854.74,123322.9
2025-10-23 23:45:00,3853.97,3858.05,3850.05,3854.74,123322.9
2025-10-23 23:45:00,3853.97,3858.05,3850.05,3854.74,123322.9
2025-10-23 23:45:00,3853.97,3858.05,3850.05,3854.74,123322.9
2025-10-23 23:45:00,3853.97,3858.05,3850.05,3854.74,123322.9
2025-10-24 00:00:00,3854.74,3858.8,3845.4,3853.73,235974.55
2025-10-24 00:00:00,3854.74,3858.8,3845.4,3853.73,235974.55
2025-10-24 00:00:00,3854.74,3858.8,3845.4,3853.73,235974.55
2025-10-24 00:00:00,3854.74,3858.8,3845.4,3853.73,235974.55
2025-10-24 00:00:00,3854.74,3858.8,3845.4,3853.73,235974.55
2025-10-24 00:00:00,3854.74,3858.8,3845.4,3853.73,235974.55
2025-10-24 00:00:00,3854.74,3858.8,3845.4,3853.73,235974.55
2025-10-24 00:00:00,3854.74,3858.8,3845.4,3853.73,235974.55
2025-10-24 00:00:00,3854.74,3858.8,3845.4,3853.73,235974.55
2025-10-24 00:00:00,3854.74,3858.8,3845.4,3853.73,235974.55
2025-10-24 00:00:00,3854.74,3858.8,3845.4,3853.73,235974.55
2025-10-24 00:00:00,3854.74,3858.8,3845.4,3853.73,235974.55
2025-10-24 00:00:00,3854.74,3858.8,3845.4,3853.73,235974.55
2025-10-24 00:00:00,3854.74,3858.8,3845.4,3853.73,235974.55
2025-10-24 00:00:00,3854.74,3858.8,3845.4,3853.73,235974.55
2025-10-24 00:00:00,3854.74,3858.8,3845.4,3853.73,235974.55
2025-10-24 00:00:00,3854.74,3858.8,3845.4,3853.73,235974.55
2025-10-24 00:00:00,3854.74,3858.8,3845.4,3853.73,235974.55
2025-10-24 00:00:00,3854.74,3858.8,3845.4,3853.73,235974.55
2025-10-24 00:00:00,3854.74,3858.8,3845.4,3853.73,235974.55
2025-10-24 00:00:00,3854.74,3858.8,3845.4,3853.73,235974.55
2025-10-24 00:00:00,3854.74,3858.8,3845.4,3853.73,235974.55
2025-10-24 00:00:00,3854.74,3858.8,3845.4,3853.73,235974.55
2025-10-24 00:00:00,3854.74,3858.8,3845.4,3853.73,235974.55
2025-10-24 00:00:00,3854.74,3858.8,3845.4,3853.73,235974.55
2025-10-24 00:00:00,3854.74,3858.8,3845.4,3853.73,235974.55
2025-10-24 00:00:00,3854.74,3858.8,3845.4,3853.73,235974.55
2025-10-24 00:00:00,3854.74,3858.8,3845.4,3853.73,235974.55
2025-10-24 00:00:00,3854.74,3858.8,3845.4,3853.73,235974.55
2025-10-24 00:00:00,3854.74,3858.8,3845.4,3853.73,235974.55
2025-10-24 00:00:00,3854.74,3858.8,3845.4,3853.73,235974.55
2025-10-24 00:00:00,3854.74,3858.8,3845.4,3853.73,235974.55
2025-10-24 00:00:00,3854.74,3858.8,3845.4,3853.73,235974.55
2025-10-24 00:00:00,3854.74,3858.8,3845.4,3853.73,235974.55
2025-10-24 00:00:00,3854.74,3858.8,3845.4,3853.73,235974.55
2025-10-24 00:00:00,3854.74,3858.8,3845.4,3853.73,235974.55
2025-10-24 00:00:00,3854.74,3858.8,3845.4,3853.73,235974.55
2025-10-24 00:00:00,3854.74,3858.8,3845.4,3853.73,235974.55
2025-10-24 00:00:00,3854.74,3858.8,3845.4,3853.73,235974.55
2025-10-24 00:00:00,3854.74,3858.8,3845.4,3853.73,235974.55
2025-10-24 00:00:00,3854.74,3858.8,3845.4,3853.73,235974.55
2025-10-24 00:00:00,3854.74,3858.8,3845.4,3853.73,235974.55
2025-10-24 00:00:00,3854.74,3858.8,3845.4,3853.73,235974.55
2025-10-24 00:00:00,3854.74,3858.8,3845.4,3853.73,235974.55
2025-10-24 00:00:00,3854.74,3858.8,3845.4,3853.73,235974.55
2025-10-24 00:00:00,3854.74,3858.8,3845.4,3853.73,235974.55
2025-10-24 00:00:00,3854.74,3858.8,3845.4,3853.73,235974.55
2025-10-24 00:00:00,3854.74,3858.8,3845.4,3853.73,235974.55
2025-10-24 00:00:00,3854.74,3858.8,3845.4,3853.73,235974.55
2025-10-24 00:00:00,3854.74,3858.8,3845.4,3853.73,235974.55
2025-10-24 00:00:00,3854.74,3858.8,3845.4,3853.73,235974.55
2025-10-24 00:00:00,3854.74,3858.8,3845.4,3853.73,235974.55
2025-10-24 00:00:00,3854.74,3858.8,3845.4,3853.73,235974.55
2025-10-24 00:15:00,3853.72,3861.98,3846.0,3847.0,165637.53
2025-10-24 00:15:00,3853.72,3861.98,3846.0,3847.0,165637.53
2025-10-24 00:15:00,3853.72,3861.98,3846.0,3847.0,165637.53
2025-10-24 00:15:00,3853.72,3861.98,3846.0,3847.0,165637.53
2025-10-24 00:15:00,3853.72,3861.98,3846.0,3847.0,165637.53
2025-10-24 00:15:00,3853.72,3861.98,3846.0,3847.0,165637.53
2025-10-24 00:15:00,3853.72,3861.98,3846.0,3847.0,165637.53
2025-10-24 00:15:00,3853.72,3861.98,3846.0,3847.0,165637.53
2025-10-24 00:15:00,3853.72,3861.98,3846.0,3847.0,165637.53
2025-10-24 00:15:00,3853.72,3861.98,3846.0,3847.0,165637.53
2025-10-24 00:15:00,3853.72,3861.98,3846.0,3847.0,165637.53
2025-10-24 00:15:00,3853.72,3861.98,3846.0,3847.0,165637.53
2025-10-24 00:15:00,3853.72,3861.98,3846.0,3847.0,165637.53
2025-10-24 00:15:00,3853.72,3861.98,3846.0,3847.0,165637.53
2025-10-24 00:15:00,3853.72,3861.98,3846.0,3847.0,165637.53
2025-10-24 00:15:00,3853.72,3861.98,3846.0,3847.0,165637.53
2025-10-24 00:15:00,3853.72,3861.98,3846.0,3847.0,165637.53
2025-10-24 00:15:00,3853.72,3861.98,3846.0,3847.0,165637.53
2025-10-24 00:15:00,3853.72,3861.98,3846.0,3847.0,165637.53
2025-10-24 00:15:00,3853.72,3861.98,3846.0,3847.0,165637.53
2025-10-24 00:15:00,3853.72,3861.98,3846.0,3847.0,165637.53
2025-10-24 00:15:00,3853.72,3861.98,3846.0,3847.0,165637.53
2025-10-24 00:15:00,3853.72,3861.98,3846.0,3847.0,165637.53
2025-10-24 00:15:00,3853.72,3861.98,3846.0,3847.0,165637.53
2025-10-24 00:15:00,3853.72,3861.98,3846.0,3847.0,165637.53
2025-10-24 00:15:00,3853.72,3861.98,3846.0,3847.0,165637.53
2025-10-24 00:15:00,3853.72,3861.98,3846.0,3847.0,165637.53
2025-10-24 00:15:00,3853.72,3861.98,3846.0,3847.0,165637.53
2025-10-24 00:15:00,3853.72,3861.98,3846.0,3847.0,165637.53
2025-10-24 00:15:00,3853.72,3861.98,3846.0,3847.0,165637.53
2025-10-24 00:15:00,3853.72,3861.98,3846.0,3847.0,165637.53
2025-10-24 00:15:00,3853.72,3861.98,3846.0,3847.0,165637.53
2025-10-24 00:15:00,3853.72,3861.98,3846.0,3847.0,165637.53
2025-10-24 00:15:00,3853.72,3861.98,3846.0,3847.0,165637.53
2025-10-24 00:15:00,3853.72,3861.98,3846.0,3847.0,165637.53
2025-10-24 00:15:00,3853.72,3861.98,3846.0,3847.0,165637.53
2025-10-24 00:15:00,3853.72,3861.98,3846.0,3847.0,165637.53
2025-10-24 00:15:00,3853.72,3861.98,3846.0,3847.0,165637.53
2025-10-24 00:15:00,3853.72,3861.98,3846.0,3847.0,165637.53
2025-10-24 00:15:00,3853.72,3861.98,3846.0,3847.0,165637.53
2025-10-24 00:15:00,3853.72,3861.98,3846.0,3847.0,165637.53
2025-10-24 00:15:00,3853.72,3861.98,3846.0,3847.0,165637.53
2025-10-24 00:15:00,3853.72,3861.98,3846.0,3847.0,165637.53
2025-10-24 00:15:00,3853.72,3861.98,3846.0,3847.0,165637.53
2025-10-24 00:15:00,3853.72,3861.98,3846.0,3847.0,165637.53
2025-10-24 00:15:00,3853.72,3861.98,3846.0,3847.0,165637.53
2025-10-24 00:15:00,3853.72,3861.98,3846.0,3847.0,165637.53
2025-10-24 00:15:00,3853.72,3861.98,3846.0,3847.0,165637.53
2025-10-24 00:15:00,3853.72,3861.98,3846.0,3847.0,165637.53
2025-10-24 00:15:00,3853.72,3861.98,3846.0,3847.0,165637.53
2025-10-24 00:15:00,3853.72,3861.98,3846.0,3847.0,165637.53
2025-10-24 00:15:00,3853.72,3861.98,3846.0,3847.0,165637.53
2025-10-24 00:15:00,3853.72,3861.98,3846.0,3847.0,165637.53
2025-10-24 00:30:00,3847.0,3866.28,3843.01,3860.61,241249.5
2025-10-24 00:30:00,3847.0,3866.28,3843.01,3860.61,241249.5
2025-10-24 00:30:00,3847.0,3866.28,3843.01,3860.61,241249.5
2025-10-24 00:30:00,3847.0,3866.28,3843.01,3860.61,241249.5
2025-10-24 00:30:00,3847.0,3866.28,3843.01,3860.61,241249.5
2025-10-24 00:30:00,3847.0,3866.28,3843.01,3860.61,241249.5
2025-10-24 00:30:00,3847.0,3866.28,3843.01,3860.61,241249.5
2025-10-24 00:30:00,3847.0,3866.28,3843.01,3860.61,241249.5
2025-10-24 00:30:00,3847.0,3866.28,3843.01,3860.61,241249.5
2025-10-24 00:30:00,3847.0,3866.28,3843.01,3860.61,241249.5
2025-10-24 00:30:00,3847.0,3866.28,3843.01,3860.61,241249.5
2025-10-24 00:30:00,3847.0,3866.28,3843.01,3860.61,241249.5
2025-10-24 00:30:00,3847.0,3866.28,3843.01,3860.61,241249.5
2025-10-24 00:30:00,3847.0,3866.28,3843.01,3860.61,241249.5
2025-10-24 00:30:00,3847.0,3866.28,3843.01,3860.61,241249.5
2025-10-24 00:30:00,3847.0,3866.28,3843.01,3860.61,241249.5
2025-10-24 00:30:00,3847.0,3866.28,3843.01,3860.61,241249.5
2025-10-24 00:30:00,3847.0,3866.28,3843.01,3860.61,241249.5
2025-10-24 00:30:00,3847.0,3866.28,3843.01,3860.61,241249.5
2025-10-24 00:30:00,3847.0,3866.28,3843.01,3860.61,241249.5
2025-10-24 00:30:00,3847.0,3866.28,3843.01,3860.61,241249.5
2025-10-24 00:30:00,3847.0,3866.28,3843.01,3860.61,241249.5
2025-10-24 00:30:00,3847.0,3866.28,3843.01,3860.61,241249.5
2025-10-24 00:30:00,3847.0,3866.28,3843.01,3860.61,241249.5
2025-10-24 00:30:00,3847.0,3866.28,3843.01,3860.61,241249.5
2025-10-24 00:30:00,3847.0,3866.28,3843.01,3860.61,241249.5
2025-10-24 00:30:00,3847.0,3866.28,3843.01,3860.61,241249.5
2025-10-24 00:30:00,3847.0,3866.28,3843.01,3860.61,241249.5
2025-10-24 00:30:00,3847.0,3866.28,3843.01,3860.61,241249.5
2025-10-24 00:30:00,3847.0,3866.28,3843.01,3860.61,241249.5
2025-10-24 00:30:00,3847.0,3866.28,3843.01,3860.61,241249.5
2025-10-24 00:30:00,3847.0,3866.28,3843.01,3860.61,241249.5
2025-10-24 00:30:00,3847.0,3866.28,3843.01,3860.61,241249.5
2025-10-24 00:30:00,3847.0,3866.28,3843.01,3860.61,241249.5
2025-10-24 00:30:00,3847.0,3866.28,3843.01,3860.61,241249.5
2025-10-24 00:30:00,3847.0,3866.28,3843.01,3860.61,241249.5
2025-10-24 00:30:00,3847.0,3866.28,3843.01,3860.61,241249.5
2025-10-24 00:30:00,3847.0,3866.28,3843.01,3860.61,241249.5
2025-10-24 00:30:00,3847.0,3866.28,3843.01,3860.61,241249.5
2025-10-24 00:30:00,3847.0,3866.28,3843.01,3860.61,241249.5
2025-10-24 00:30:00,3847.0,3866.28,3843.01,3860.61,241249.5
2025-10-24 00:30:00,3847.0,3866.28,3843.01,3860.61,241249.5
2025-10-24 00:30:00,3847.0,3866.28,3843.01,3860.61,241249.5
2025-10-24 00:30:00,3847.0,3866.28,3843.01,3860.61,241249.5
2025-10-24 00:30:00,3847.0,3866.28,3843.01,3860.61,241249.5
2025-10-24 00:30:00,3847.0,3866.28,3843.01,3860.61,241249.5
2025-10-24 00:30:00,3847.0,3866.28,3843.01,3860.61,241249.5
2025-10-24 00:30:00,3847.0,3866.28,3843.01,3860.61,241249.5
2025-10-24 00:30:00,3847.0,3866.28,3843.01,3860.61,241249.5
2025-10-24 00:30:00,3847.0,3866.28,3843.01,3860.61,241249.5
2025-10-24 00:30:00,3847.0,3866.28,3843.01,3860.61,241249.5
2025-10-24 00:30:00,3847.0,3866.28,3843.01,3860.61,241249.5
2025-10-24 00:30:00,3847.0,3866.28,3843.01,3860.61,241249.5
2025-10-24 00:45:00,3860.61,3875.67,3860.61,3865.72,314867.31
2025-10-24 00:45:00,3860.61,3875.67,3860.61,3865.72,314867.31
2025-10-24 00:45:00,3860.61,3875.67,3860.61,3865.72,314867.31
2025-10-24 00:45:00,3860.61,3875.67,3860.61,3865.72,314867.31
2025-10-24 00:45:00,3860.61,3875.67,3860.61,3865.72,314867.31
2025-10-24 00:45:00,3860.61,3875.67,3860.61,3865.72,314867.31
2025-10-24 00:45:00,3860.61,3875.67,3860.61,3865.72,314867.31
2025-10-24 00:45:00,3860.61,3875.67,3860.61,3865.72,314867.31
2025-10-24 00:45:00,3860.61,3875.67,3860.61,3865.72,314867.31
2025-10-24 00:45:00,3860.61,3875.67,3860.61,3865.72,314867.31
2025-10-24 00:45:00,3860.61,3875.67,3860.61,3865.72,314867.31
2025-10-24 00:45:00,3860.61,3875.67,3860.61,3865.72,314867.31
2025-10-24 00:45:00,3860.61,3875.67,3860.61,3865.72,314867.31
2025-10-24 00:45:00,3860.61,3875.67,3860.61,3865.72,314867.31
2025-10-24 00:45:00,3860.61,3875.67,3860.61,3865.72,314867.31
2025-10-24 00:45:00,3860.61,3875.67,3860.61,3865.72,314867.31
2025-10-24 00:45:00,3860.61,3875.67,3860.61,3865.72,314867.31
2025-10-24 00:45:00,3860.61,3875.67,3860.61,3865.72,314867.31
2025-10-24 00:45:00,3860.61,3875.67,3860.61,3865.72,314867.31
2025-10-24 00:45:00,3860.61,3875.67,3860.61,3865.72,314867.31
2025-10-24 00:45:00,3860.61,3875.67,3860.61,3865.72,314867.31
2025-10-24 00:45:00,3860.61,3875.67,3860.61,3865.72,314867.31
2025-10-24 00:45:00,3860.61,3875.67,3860.61,3865.72,314867.31
2025-10-24 00:45:00,3860.61,3875.67,3860.61,3865.72,314867.31
2025-10-24 00:45:00,3860.61,3875.67,3860.61,3865.72,314867.31
2025-10-24 00:45:00,3860.61,3875.67,3860.61,3865.72,314867.31
2025-10-24 00:45:00,3860.61,3875.67,3860.61,3865.72,314867.31
2025-10-24 00:45:00,3860.61,3875.67,3860.61,3865.72,314867.31
2025-10-24 00:45:00,3860.61,3875.67,3860.61,3865.72,314867.31
2025-10-24 00:45:00,3860.61,3875.67,3860.61,3865.72,314867.31
2025-10-24 00:45:00,3860.61,3875.67,3860.61,3865.72,314867.31
2025-10-24 00:45:00,3860.61,3875.67,3860.61,3865.72,314867.31
2025-10-24 00:45:00,3860.61,3875.67,3860.61,3865.72,314867.31
2025-10-24 00:45:00,3860.61,3875.67,3860.61,3865.72,314867.31
2025-10-24 00:45:00,3860.61,3875.67,3860.61,3865.72,314867.31
2025-10-24 00:45:00,3860.61,3875.67,3860.61,3865.72,314867.31
2025-10-24 00:45:00,3860.61,3875.67,3860.61,3865.72,314867.31
2025-10-24 00:45:00,3860.61,3875.67,3860.61,3865.72,314867.31
2025-10-24 00:45:00,3860.61,3875.67,3860.61,3865.72,314867.31
2025-10-24 00:45:00,3860.61,3875.67,3860.61,3865.72,314867.31
2025-10-24 00:45:00,3860.61,3875.67,3860.61,3865.72,314867.31
2025-10-24 00:45:00,3860.61,3875.67,3860.61,3865.72,314867.31
2025-10-24 00:45:00,3860.61,3875.67,3860.61,3865.72,314867.31
2025-10-24 00:45:00,3860.61,3875.67,3860.61,3865.72,314867.31
2025-10-24 00:45:00,3860.61,3875.67,3860.61,3865.72,314867.31
2025-10-24 00:45:00,3860.61,3875.67,3860.61,3865.72,314867.31
2025-10-24 00:45:00,3860.61,3875.67,3860.61,3865.72,314867.31
2025-10-24 00:45:00,3860.61,3875.67,3860.61,3865.72,314867.31
2025-10-24 00:45:00,3860.61,3875.67,3860.61,3865.72,314867.31
2025-10-24 00:45:00,3860.61,3875.67,3860.61,3865.72,314867.31
2025-10-24 00:45:00,3860.61,3875.67,3860.61,3865.72,314867.31
2025-10-24 00:45:00,3860.61,3875.67,3860.61,3865.72,314867.31
2025-10-24 00:45:00,3860.61,3875.67,3860.61,3865.72,314867.31
2025-10-24 01:00:00,3865.72,3873.8,3865.72,3871.56,142949.87
2025-10-24 01:00:00,3865.72,3873.8,3865.72,3871.56,142949.87
2025-10-24 01:00:00,3865.72,3873.8,3865.72,3871.56,142949.87
2025-10-24 01:00:00,3865.72,3873.8,3865.72,3871.56,142949.87
2025-10-24 01:00:00,3865.72,3873.8,3865.72,3871.56,142949.87
2025-10-24 01:00:00,3865.72,3873.8,3865.72,3871.56,142949.87
2025-10-24 01:00:00,3865.72,3873.8,3865.72,3871.56,142949.87
2025-10-24 01:00:00,3865.72,3873.8,3865.72,3871.56,142949.87
2025-10-24 01:00:00,3865.72,3873.8,3865.72,3871.56,142949.87
2025-10-24 01:00:00,3865.72,3873.8,3865.72,3871.56,142949.87
2025-10-24 01:00:00,3865.72,3873.8,3865.72,3871.56,142949.87
2025-10-24 01:00:00,3865.72,3873.8,3865.72,3871.56,142949.87
2025-10-24 01:00:00,3865.72,3873.8,3865.72,3871.56,142949.87
2025-10-24 01:00:00,3865.72,3873.8,3865.72,3871.56,142949.87
2025-10-24 01:00:00,3865.72,3873.8,3865.72,3871.56,142949.87
2025-10-24 01:00:00,3865.72,3873.8,3865.72,3871.56,142949.87
2025-10-24 01:00:00,3865.72,3873.8,3865.72,3871.56,142949.87
2025-10-24 01:00:00,3865.72,3873.8,3865.72,3871.56,142949.87
2025-10-24 01:00:00,3865.72,3873.8,3865.72,3871.56,142949.87
2025-10-24 01:00:00,3865.72,3873.8,3865.72,3871.56,142949.87
2025-10-24 01:00:00,3865.72,3873.8,3865.72,3871.56,142949.87
2025-10-24 01:00:00,3865.72,3873.8,3865.72,3871.56,142949.87
2025-10-24 01:00:00,3865.72,3873.8,3865.72,3871.56,142949.87
2025-10-24 01:00:00,3865.72,3873.8,3865.72,3871.56,142949.87
2025-10-24 01:00:00,3865.72,3873.8,3865.72,3871.56,142949.87
2025-10-24 01:00:00,3865.72,3873.8,3865.72,3871.56,142949.87
2025-10-24 01:00:00,3865.72,3873.8,3865.72,3871.56,142949.87
2025-10-24 01:00:00,3865.72,3873.8,3865.72,3871.56,142949.87
2025-10-24 01:00:00,3865.72,3873.8,3865.72,3871.56,142949.87
2025-10-24 01:00:00,3865.72,3873.8,3865.72,3871.56,142949.87
2025-10-24 01:00:00,3865.72,3873.8,3865.72,3871.56,142949.87
2025-10-24 01:00:00,3865.72,3873.8,3865.72,3871.56,142949.87
2025-10-24 01:00:00,3865.72,3873.8,3865.72,3871.56,142949.87
2025-10-24 01:00:00,3865.72,3873.8,3865.72,3871.56,142949.87
2025-10-24 01:00:00,3865.72,3873.8,3865.72,3871.56,142949.87
2025-10-24 01:00:00,3865.72,3873.8,3865.72,3871.56,142949.87
2025-10-24 01:00:00,3865.72,3873.8,3865.72,3871.56,142949.87
2025-10-24 01:00:00,3865.72,3873.8,3865.72,3871.56,142949.87
2025-10-24 01:00:00,3865.72,3873.8,3865.72,3871.56,142949.87
2025-10-24 01:00:00,3865.72,3873.8,3865.72,3871.56,142949.87
2025-10-24 01:00:00,3865.72,3873.8,3865.72,3871.56,142949.87
2025-10-24 01:00:00,3865.72,3873.8,3865.72,3871.56,142949.87
2025-10-24 01:00:00,3865.72,3873.8,3865.72,3871.56,142949.87
2025-10-24 01:00:00,3865.72,3873.8,3865.72,3871.56,142949.87
2025-10-24 01:00:00,3865.72,3873.8,3865.72,3871.56,142949.87
2025-10-24 01:00:00,3865.72,3873.8,3865.72,3871.56,142949.87
2025-10-24 01:00:00,3865.72,3873.8,3865.72,3871.56,142949.87
2025-10-24 01:00:00,3865.72,3873.8,3865.72,3871.56,142949.87
2025-10-24 01:00:00,3865.72,3873.8,3865.72,3871.56,142949.87
2025-10-24 01:00:00,3865.72,3873.8,3865.72,3871.56,142949.87
2025-10-24 01:00:00,3865.72,3873.8,3865.72,3871.56,142949.87
2025-10-24 01:00:00,3865.72,3873.8,3865.72,3871.56,142949.87
2025-10-24 01:00:00,3865.72,3873.8,3865.72,3871.56,142949.87
2025-10-24 01:15:00,3871.56,3871.56,3855.05,3859.2,184610.52
2025-10-24 01:15:00,3871.56,3871.56,3855.05,3859.2,184610.52
2025-10-24 01:15:00,3871.56,3871.56,3855.05,3859.2,184610.52
2025-10-24 01:15:00,3871.56,3871.56,3855.05,3859.2,184610.52
2025-10-24 01:15:00,3871.56,3871.56,3855.05,3859.2,184610.52
2025-10-24 01:15:00,3871.56,3871.56,3855.05,3859.2,184610.52
2025-10-24 01:15:00,3871.56,3871.56,3855.05,3859.2,184610.52
2025-10-24 01:15:00,3871.56,3871.56,3855.05,3859.2,184610.52
2025-10-24 01:15:00,3871.56,3871.56,3855.05,3859.2,184610.52
2025-10-24 01:15:00,3871.56,3871.56,3855.05,3859.2,184610.52
2025-10-24 01:15:00,3871.56,3871.56,3855.05,3859.2,184610.52
2025-10-24 01:15:00,3871.56,3871.56,3855.05,3859.2,184610.52
2025-10-24 01:15:00,3871.56,3871.56,3855.05,3859.2,184610.52
2025-10-24 01:15:00,3871.56,3871.56,3855.05,3859.2,184610.52
2025-10-24 01:15:00,3871.56,3871.56,3855.05,3859.2,184610.52
2025-10-24 01:15:00,3871.56,3871.56,3855.05,3859.2,184610.52
2025-10-24 01:15:00,3871.56,3871.56,3855.05,3859.2,184610.52
2025-10-24 01:15:00,3871.56,3871.56,3855.05,3859.2,184610.52
2025-10-24 01:15:00,3871.56,3871.56,3855.05,3859.2,184610.52
2025-10-24 01:15:00,3871.56,3871.56,3855.05,3859.2,184610.52
2025-10-24 01:15:00,3871.56,3871.56,3855.05,3859.2,184610.52
2025-10-24 01:15:00,3871.56,3871.56,3855.05,3859.2,184610.52
2025-10-24 01:15:00,3871.56,3871.56,3855.05,3859.2,184610.52
2025-10-24 01:15:00,3871.56,3871.56,3855.05,3859.2,184610.52
2025-10-24 01:15:00,3871.56,3871.56,3855.05,3859.2,184610.52
2025-10-24 01:15:00,3871.56,3871.56,3855.05,3859.2,184610.52
2025-10-24 01:15:00,3871.56,3871.56,3855.05,3859.2,184610.52
2025-10-24 01:15:00,3871.56,3871.56,3855.05,3859.2,184610.52
2025-10-24 01:15:00,3871.56,3871.56,3855.05,3859.2,184610.52
2025-10-24 01:15:00,3871.56,3871.56,3855.05,3859.2,184610.52
2025-10-24 01:15:00,3871.56,3871.56,3855.05,3859.2,184610.52
2025-10-24 01:15:00,3871.56,3871.56,3855.05,3859.2,184610.52
2025-10-24 01:15:00,3871.56,3871.56,3855.05,3859.2,184610.52
2025-10-24 01:15:00,3871.56,3871.56,3855.05,3859.2,184610.52
2025-10-24 01:15:00,3871.56,3871.56,3855.05,3859.2,184610.52
2025-10-24 01:15:00,3871.56,3871.56,3855.05,3859.2,184610.52
2025-10-24 01:15:00,3871.56,3871.56,3855.05,3859.2,184610.52
2025-10-24 01:15:00,3871.56,3871.56,3855.05,3859.2,184610.52
2025-10-24 01:15:00,3871.56,3871.56,3855.05,3859.2,184610.52
2025-10-24 01:15:00,3871.56,3871.56,3855.05,3859.2,184610.52
2025-10-24 01:15:00,3871.56,3871.56,3855.05,3859.2,184610.52
2025-10-24 01:15:00,3871.56,3871.56,3855.05,3859.2,184610.52
2025-10-24 01:15:00,3871.56,3871.56,3855.05,3859.2,184610.52
2025-10-24 01:15:00,3871.56,3871.56,3855.05,3859.2,184610.52
2025-10-24 01:15:00,3871.56,3871.56,3855.05,3859.2,184610.52
2025-10-24 01:15:00,3871.56,3871.56,3855.05,3859.2,184610.52
2025-10-24 01:15:00,3871.56,3871.56,3855.05,3859.2,184610.52
2025-10-24 01:15:00,3871.56,3871.56,3855.05,3859.2,184610.52
2025-10-24 01:15:00,3871.56,3871.56,3855.05,3859.2,184610.52
2025-10-24 01:15:00,3871.56,3871.56,3855.05,3859.2,184610.52
2025-10-24 01:15:00,3871.56,3871.56,3855.05,3859.2,184610.52
2025-10-24 01:15:00,3871.56,3871.56,3855.05,3859.2,184610.52
2025-10-24 01:15:00,3871.56,3871.56,3855.05,3859.2,184610.52
2025-10-24 01:30:00,3859.2,3874.95,3858.0,3874.74,123088.19
2025-10-24 01:30:00,3859.2,3874.95,3858.0,3874.74,123088.19
2025-10-24 01:30:00,3859.2,3874.95,3858.0,3874.74,123088.19
2025-10-24 01:30:00,3859.2,3874.95,3858.0,3874.74,123088.19
2025-10-24 01:30:00,3859.2,3874.95,3858.0,3874.74,123088.19
2025-10-24 01:30:00,3859.2,3874.95,3858.0,3874.74,123088.19
2025-10-24 01:30:00,3859.2,3874.95,3858.0,3874.74,123088.19
2025-10-24 01:30:00,3859.2,3874.95,3858.0,3874.74,123088.19
2025-10-24 01:30:00,3859.2,3874.95,3858.0,3874.74,123088.19
2025-10-24 01:30:00,3859.2,3874.95,3858.0,3874.74,123088.19
2025-10-24 01:30:00,3859.2,3874.95,3858.0,3874.74,123088.19
2025-10-24 01:30:00,3859.2,3874.95,3858.0,3874.74,123088.19
2025-10-24 01:30:00,3859.2,3874.95,3858.0,3874.74,123088.19
2025-10-24 01:30:00,3859.2,3874.95,3858.0,3874.74,123088.19
2025-10-24 01:30:00,3859.2,3874.95,3858.0,3874.74,123088.19
2025-10-24 01:30:00,3859.2,3874.95,3858.0,3874.74,123088.19
2025-10-24 01:30:00,3859.2,3874.95,3858.0,3874.74,123088.19
2025-10-24 01:30:00,3859.2,3874.95,3858.0,3874.74,123088.19
2025-10-24 01:30:00,3859.2,3874.95,3858.0,3874.74,123088.19
2025-10-24 01:30:00,3859.2,3874.95,3858.0,3874.74,123088.19
2025-10-24 01:30:00,3859.2,3874.95,3858.0,3874.74,123088.19
2025-10-24 01:30:00,3859.2,3874.95,3858.0,3874.74,123088.19
2025-10-24 01:30:00,3859.2,3874.95,3858.0,3874.74,123088.19
2025-10-24 01:30:00,3859.2,3874.95,3858.0,3874.74,123088.19
2025-10-24 01:30:00,3859.2,3874.95,3858.0,3874.74,123088.19
2025-10-24 01:30:00,3859.2,3874.95,3858.0,3874.74,123088.19
2025-10-24 01:30:00,3859.2,3874.95,3858.0,3874.74,123088.19
2025-10-24 01:30:00,3859.2,3874.95,3858.0,3874.74,123088.19
2025-10-24 01:30:00,3859.2,3874.95,3858.0,3874.74,123088.19
2025-10-24 01:30:00,3859.2,3874.95,3858.0,3874.74,123088.19
2025-10-24 01:30:00,3859.2,3874.95,3858.0,3874.74,123088.19
2025-10-24 01:30:00,3859.2,3874.95,3858.0,3874.74,123088.19
2025-10-24 01:30:00,3859.2,3874.95,3858.0,3874.74,123088.19
2025-10-24 01:30:00,3859.2,3874.95,3858.0,3874.74,123088.19
2025-10-24 01:30:00,3859.2,3874.95,3858.0,3874.74,123088.19
2025-10-24 01:30:00,3859.2,3874.95,3858.0,3874.74,123088.19
2025-10-24 01:30:00,3859.2,3874.95,3858.0,3874.74,123088.19
2025-10-24 01:30:00,3859.2,3874.95,3858.0,3874.74,123088.19
2025-10-24 01:30:00,3859.2,3874.95,3858.0,3874.74,123088.19
2025-10-24 01:30:00,3859.2,3874.95,3858.0,3874.74,123088.19
2025-10-24 01:30:00,3859.2,3874.95,3858.0,3874.74,123088.19
2025-10-24 01:30:00,3859.2,3874.95,3858.0,3874.74,123088.19
2025-10-24 01:30:00,3859.2,3874.95,3858.0,3874.74,123088.19
2025-10-24 01:30:00,3859.2,3874.95,3858.0,3874.74,123088.19
2025-10-24 01:30:00,3859.2,3874.95,3858.0,3874.74,123088.19
2025-10-24 01:30:00,3859.2,3874.95,3858.0,3874.74,123088.19
2025-10-24 01:30:00,3859.2,3874.95,3858.0,3874.74,123088.19
2025-10-24 01:30:00,3859.2,3874.95,3858.0,3874.74,123088.19
2025-10-24 01:30:00,3859.2,3874.95,3858.0,3874.74,123088.19
2025-10-24 01:30:00,3859.2,3874.95,3858.0,3874.74,123088.19
2025-10-24 01:30:00,3859.2,3874.95,3858.0,3874.74,123088.19
2025-10-24 01:30:00,3859.2,3874.95,3858.0,3874.74,123088.19
2025-10-24 01:30:00,3859.2,3874.95,3858.0,3874.74,123088.19
2025-10-24 01:45:00,3874.73,3881.57,3873.6,3879.35,166724.46
2025-10-24 01:45:00,3874.73,3881.57,3873.6,3879.35,166724.46
2025-10-24 01:45:00,3874.73,3881.57,3873.6,3879.35,166724.46
2025-10-24 01:45:00,3874.73,3881.57,3873.6,3879.35,166724.46
2025-10-24 01:45:00,3874.73,3881.57,3873.6,3879.35,166724.46
2025-10-24 01:45:00,3874.73,3881.57,3873.6,3879.35,166724.46
2025-10-24 01:45:00,3874.73,3881.57,3873.6,3879.35,166724.46
2025-10-24 01:45:00,3874.73,3881.57,3873.6,3879.35,166724.46
2025-10-24 01:45:00,3874.73,3881.57,3873.6,3879.35,166724.46
2025-10-24 01:45:00,3874.73,3881.57,3873.6,3879.35,166724.46
2025-10-24 01:45:00,3874.73,3881.57,3873.6,3879.35,166724.46
2025-10-24 01:45:00,3874.73,3881.57,3873.6,3879.35,166724.46
2025-10-24 01:45:00,3874.73,3881.57,3873.6,3879.35,166724.46
2025-10-24 01:45:00,3874.73,3881.57,3873.6,3879.35,166724.46
2025-10-24 01:45:00,3874.73,3881.57,3873.6,3879.35,166724.46
2025-10-24 01:45:00,3874.73,3881.57,3873.6,3879.35,166724.46
2025-10-24 01:45:00,3874.73,3881.57,3873.6,3879.35,166724.46
2025-10-24 01:45:00,3874.73,3881.57,3873.6,3879.35,166724.46
2025-10-24 01:45:00,3874.73,3881.57,3873.6,3879.35,166724.46
2025-10-24 01:45:00,3874.73,3881.57,3873.6,3879.35,166724.46
2025-10-24 01:45:00,3874.73,3881.57,3873.6,3879.35,166724.46
2025-10-24 01:45:00,3874.73,3881.57,3873.6,3879.35,166724.46
2025-10-24 01:45:00,3874.73,3881.57,3873.6,3879.35,166724.46
2025-10-24 01:45:00,3874.73,3881.57,3873.6,3879.35,166724.46
2025-10-24 01:45:00,3874.73,3881.57,3873.6,3879.35,166724.46
2025-10-24 01:45:00,3874.73,3881.57,3873.6,3879.35,166724.46
2025-10-24 01:45:00,3874.73,3881.57,3873.6,3879.35,166724.46
2025-10-24 01:45:00,3874.73,3881.57,3873.6,3879.35,166724.46
2025-10-24 01:45:00,3874.73,3881.57,3873.6,3879.35,166724.46
2025-10-24 01:45:00,3874.73,3881.57,3873.6,3879.35,166724.46
2025-10-24 01:45:00,3874.73,3881.57,3873.6,3879.35,166724.46
2025-10-24 01:45:00,3874.73,3881.57,3873.6,3879.35,166724.46
2025-10-24 01:45:00,3874.73,3881.57,3873.6,3879.35,166724.46
2025-10-24 01:45:00,3874.73,3881.57,3873.6,3879.35,166724.46
2025-10-24 01:45:00,3874.73,3881.57,3873.6,3879.35,166724.46
2025-10-24 01:45:00,3874.73,3881.57,3873.6,3879.35,166724.46
2025-10-24 01:45:00,3874.73,3881.57,3873.6,3879.35,166724.46
2025-10-24 01:45:00,3874.73,3881.57,3873.6,3879.35,166724.46
2025-10-24 01:45:00,3874.73,3881.57,3873.6,3879.35,166724.46
2025-10-24 01:45:00,3874.73,3881.57,3873.6,3879.35,166724.46
2025-10-24 01:45:00,3874.73,3881.57,3873.6,3879.35,166724.46
2025-10-24 01:45:00,3874.73,3881.57,3873.6,3879.35,166724.46
2025-10-24 01:45:00,3874.73,3881.57,3873.6,3879.35,166724.46
2025-10-24 01:45:00,3874.73,3881.57,3873.6,3879.35,166724.46
2025-10-24 01:45:00,3874.73,3881.57,3873.6,3879.35,166724.46
2025-10-24 01:45:00,3874.73,3881.57,3873.6,3879.35,166724.46
2025-10-24 01:45:00,3874.73,3881.57,3873.6,3879.35,166724.46
2025-10-24 01:45:00,3874.73,3881.57,3873.6,3879.35,166724.46
2025-10-24 01:45:00,3874.73,3881.57,3873.6,3879.35,166724.46
2025-10-24 01:45:00,3874.73,3881.57,3873.6,3879.35,166724.46
2025-10-24 01:45:00,3874.73,3881.57,3873.6,3879.35,166724.46
2025-10-24 01:45:00,3874.73,3881.57,3873.6,3879.35,166724.46
2025-10-24 01:45:00,3874.73,3881.57,3873.6,3879.35,166724.46
2025-10-24 02:00:00,3879.36,3881.57,3873.5,3875.3,94673.19
2025-10-24 02:00:00,3879.36,3881.57,3873.5,3875.3,94673.19
2025-10-24 02:00:00,3879.36,3881.57,3873.5,3875.3,94673.19
2025-10-24 02:00:00,3879.36,3881.57,3873.5,3875.3,94673.19
2025-10-24 02:00:00,3879.36,3881.57,3873.5,3875.3,94673.19
2025-10-24 02:00:00,3879.36,3881.57,3873.5,3875.3,94673.19
2025-10-24 02:00:00,3879.36,3881.57,3873.5,3875.3,94673.19
2025-10-24 02:00:00,3879.36,3881.57,3873.5,3875.3,94673.19
2025-10-24 02:00:00,3879.36,3881.57,3873.5,3875.3,94673.19
2025-10-24 02:00:00,3879.36,3881.57,3873.5,3875.3,94673.19
2025-10-24 02:00:00,3879.36,3881.57,3873.5,3875.3,94673.19
2025-10-24 02:00:00,3879.36,3881.57,3873.5,3875.3,94673.19
2025-10-24 02:00:00,3879.36,3881.57,3873.5,3875.3,94673.19
2025-10-24 02:00:00,3879.36,3881.57,3873.5,3875.3,94673.19
2025-10-24 02:00:00,3879.36,3881.57,3873.5,3875.3,94673.19
2025-10-24 02:00:00,3879.36,3881.57,3873.5,3875.3,94673.19
2025-10-24 02:00:00,3879.36,3881.57,3873.5,3875.3,94673.19
2025-10-24 02:00:00,3879.36,3881.57,3873.5,3875.3,94673.19
2025-10-24 02:00:00,3879.36,3881.57,3873.5,3875.3,94673.19
2025-10-24 02:00:00,3879.36,3881.57,3873.5,3875.3,94673.19
2025-10-24 02:00:00,3879.36,3881.57,3873.5,3875.3,94673.19
2025-10-24 02:00:00,3879.36,3881.57,3873.5,3875.3,94673.19
2025-10-24 02:00:00,3879.36,3881.57,3873.5,3875.3,94673.19
2025-10-24 02:00:00,3879.36,3881.57,3873.5,3875.3,94673.19
2025-10-24 02:00:00,3879.36,3881.57,3873.5,3875.3,94673.19
2025-10-24 02:00:00,3879.36,3881.57,3873.5,3875.3,94673.19
2025-10-24 02:00:00,3879.36,3881.57,3873.5,3875.3,94673.19
2025-10-24 02:00:00,3879.36,3881.57,3873.5,3875.3,94673.19
2025-10-24 02:00:00,3879.36,3881.57,3873.5,3875.3,94673.19
2025-10-24 02:00:00,3879.36,3881.57,3873.5,3875.3,94673.19
2025-10-24 02:00:00,3879.36,3881.57,3873.5,3875.3,94673.19
2025-10-24 02:00:00,3879.36,3881.57,3873.5,3875.3,94673.19
2025-10-24 02:00:00,3879.36,3881.57,3873.5,3875.3,94673.19
2025-10-24 02:00:00,3879.36,3881.57,3873.5,3875.3,94673.19
2025-10-24 02:00:00,3879.36,3881.57,3873.5,3875.3,94673.19
2025-10-24 02:00:00,3879.36,3881.57,3873.5,3875.3,94673.19
2025-10-24 02:00:00,3879.36,3881.57,3873.5,3875.3,94673.19
2025-10-24 02:00:00,3879.36,3881.57,3873.5,3875.3,94673.19
2025-10-24 02:00:00,3879.36,3881.57,3873.5,3875.3,94673.19
2025-10-24 02:00:00,3879.36,3881.57,3873.5,3875.3,94673.19
2025-10-24 02:00:00,3879.36,3881.57,3873.5,3875.3,94673.19
2025-10-24 02:00:00,3879.36,3881.57,3873.5,3875.3,94673.19
2025-10-24 02:00:00,3879.36,3881.57,3873.5,3875.3,94673.19
2025-10-24 02:00:00,3879.36,3881.57,3873.5,3875.3,94673.19
2025-10-24 02:00:00,3879.36,3881.57,3873.5,3875.3,94673.19
2025-10-24 02:00:00,3879.36,3881.57,3873.5,3875.3,94673.19
2025-10-24 02:00:00,3879.36,3881.57,3873.5,3875.3,94673.19
2025-10-24 02:00:00,3879.36,3881.57,3873.5,3875.3,94673.19
2025-10-24 02:00:00,3879.36,3881.57,3873.5,3875.3,94673.19
2025-10-24 02:00:00,3879.36,3881.57,3873.5,3875.3,94673.19
2025-10-24 02:00:00,3879.36,3881.57,3873.5,3875.3,94673.19
2025-10-24 02:00:00,3879.36,3881.57,3873.5,3875.3,94673.19
2025-10-24 02:00:00,3879.36,3881.57,3873.5,3875.3,94673.19
2025-10-24 02:15:00,3875.29,3881.0,3869.0,3873.95,107693.94
2025-10-24 02:15:00,3875.29,3881.0,3869.0,3873.95,107693.94
2025-10-24 02:15:00,3875.29,3881.0,3869.0,3873.95,107693.94
2025-10-24 02:15:00,3875.29,3881.0,3869.0,3873.95,107693.94
2025-10-24 02:15:00,3875.29,3881.0,3869.0,3873.95,107693.94
2025-10-24 02:15:00,3875.29,3881.0,3869.0,3873.95,107693.94
2025-10-24 02:15:00,3875.29,3881.0,3869.0,3873.95,107693.94
2025-10-24 02:15:00,3875.29,3881.0,3869.0,3873.95,107693.94
2025-10-24 02:15:00,3875.29,3881.0,3869.0,3873.95,107693.94
2025-10-24 02:15:00,3875.29,3881.0,3869.0,3873.95,107693.94
2025-10-24 02:15:00,3875.29,3881.0,3869.0,3873.95,107693.94
2025-10-24 02:15:00,3875.29,3881.0,3869.0,3873.95,107693.94
2025-10-24 02:15:00,3875.29,3881.0,3869.0,3873.95,107693.94
2025-10-24 02:15:00,3875.29,3881.0,3869.0,3873.95,107693.94
2025-10-24 02:15:00,3875.29,3881.0,3869.0,3873.95,107693.94
2025-10-24 02:15:00,3875.29,3881.0,3869.0,3873.95,107693.94
2025-10-24 02:15:00,3875.29,3881.0,3869.0,3873.95,107693.94
2025-10-24 02:15:00,3875.29,3881.0,3869.0,3873.95,107693.94
2025-10-24 02:15:00,3875.29,3881.0,3869.0,3873.95,107693.94
2025-10-24 02:15:00,3875.29,3881.0,3869.0,3873.95,107693.94
2025-10-24 02:15:00,3875.29,3881.0,3869.0,3873.95,107693.94
2025-10-24 02:15:00,3875.29,3881.0,3869.0,3873.95,107693.94
2025-10-24 02:15:00,3875.29,3881.0,3869.0,3873.95,107693.94
2025-10-24 02:15:00,3875.29,3881.0,3869.0,3873.95,107693.94
2025-10-24 02:15:00,3875.29,3881.0,3869.0,3873.95,107693.94
2025-10-24 02:15:00,3875.29,3881.0,3869.0,3873.95,107693.94
2025-10-24 02:15:00,3875.29,3881.0,3869.0,3873.95,107693.94
2025-10-24 02:15:00,3875.29,3881.0,3869.0,3873.95,107693.94
2025-10-24 02:15:00,3875.29,3881.0,3869.0,3873.95,107693.94
2025-10-24 02:15:00,3875.29,3881.0,3869.0,3873.95,107693.94
2025-10-24 02:15:00,3875.29,3881.0,3869.0,3873.95,107693.94
2025-10-24 02:15:00,3875.29,3881.0,3869.0,3873.95,107693.94
2025-10-24 02:15:00,3875.29,3881.0,3869.0,3873.95,107693.94
2025-10-24 02:15:00,3875.29,3881.0,3869.0,3873.95,107693.94
2025-10-24 02:15:00,3875.29,3881.0,3869.0,3873.95,107693.94
2025-10-24 02:15:00,3875.29,3881.0,3869.0,3873.95,107693.94
2025-10-24 02:15:00,3875.29,3881.0,3869.0,3873.95,107693.94
2025-10-24 02:15:00,3875.29,3881.0,3869.0,3873.95,107693.94
2025-10-24 02:15:00,3875.29,3881.0,3869.0,3873.95,107693.94
2025-10-24 02:15:00,3875.29,3881.0,3869.0,3873.95,107693.94
2025-10-24 02:15:00,3875.29,3881.0,3869.0,3873.95,107693.94
2025-10-24 02:15:00,3875.29,3881.0,3869.0,3873.95,107693.94
2025-10-24 02:15:00,3875.29,3881.0,3869.0,3873.95,107693.94
2025-10-24 02:15:00,3875.29,3881.0,3869.0,3873.95,107693.94
2025-10-24 02:15:00,3875.29,3881.0,3869.0,3873.95,107693.94
2025-10-24 02:15:00,3875.29,3881.0,3869.0,3873.95,107693.94
2025-10-24 02:15:00,3875.29,3881.0,3869.0,3873.95,107693.94
2025-10-24 02:15:00,3875.29,3881.0,3869.0,3873.95,107693.94
2025-10-24 02:15:00,3875.29,3881.0,3869.0,3873.95,107693.94
2025-10-24 02:15:00,3875.29,3881.0,3869.0,3873.95,107693.94
2025-10-24 02:15:00,3875.29,3881.0,3869.0,3873.95,107693.94
2025-10-24 02:15:00,3875.29,3881.0,3869.0,3873.95,107693.94
2025-10-24 02:15:00,3875.29,3881.0,3869.0,3873.95,107693.94
2025-10-24 02:30:00,3873.95,3886.32,3873.94,3885.6,174778.64
2025-10-24 02:30:00,3873.95,3886.32,3873.94,3885.6,174778.64
2025-10-24 02:30:00,3873.95,3886.32,3873.94,3885.6,174778.64
2025-10-24 02:30:00,3873.95,3886.32,3873.94,3885.6,174778.64
2025-10-24 02:30:00,3873.95,3886.32,3873.94,3885.6,174778.64
2025-10-24 02:30:00,3873.95,3886.32,3873.94,3885.6,174778.64
2025-10-24 02:30:00,3873.95,3886.32,3873.94,3885.6,174778.64
2025-10-24 02:30:00,3873.95,3886.32,3873.94,3885.6,174778.64
2025-10-24 02:30:00,3873.95,3886.32,3873.94,3885.6,174778.64
2025-10-24 02:30:00,3873.95,3886.32,3873.94,3885.6,174778.64
2025-10-24 02:30:00,3873.95,3886.32,3873.94,3885.6,174778.64
2025-10-24 02:30:00,3873.95,3886.32,3873.94,3885.6,174778.64
2025-10-24 02:30:00,3873.95,3886.32,3873.94,3885.6,174778.64
2025-10-24 02:30:00,3873.95,3886.32,3873.94,3885.6,174778.64
2025-10-24 02:30:00,3873.95,3886.32,3873.94,3885.6,174778.64
2025-10-24 02:30:00,3873.95,3886.32,3873.94,3885.6,174778.64
2025-10-24 02:30:00,3873.95,3886.32,3873.94,3885.6,174778.64
2025-10-24 02:30:00,3873.95,3886.32,3873.94,3885.6,174778.64
2025-10-24 02:30:00,3873.95,3886.32,3873.94,3885.6,174778.64
2025-10-24 02:30:00,3873.95,3886.32,3873.94,3885.6,174778.64
2025-10-24 02:30:00,3873.95,3886.32,3873.94,3885.6,174778.64
2025-10-24 02:30:00,3873.95,3886.32,3873.94,3885.6,174778.64
2025-10-24 02:30:00,3873.95,3886.32,3873.94,3885.6,174778.64
2025-10-24 02:30:00,3873.95,3886.32,3873.94,3885.6,174778.64
2025-10-24 02:30:00,3873.95,3886.32,3873.94,3885.6,174778.64
2025-10-24 02:30:00,3873.95,3886.32,3873.94,3885.6,174778.64
2025-10-24 02:30:00,3873.95,3886.32,3873.94,3885.6,174778.64
2025-10-24 02:30:00,3873.95,3886.32,3873.94,3885.6,174778.64
2025-10-24 02:30:00,3873.95,3886.32,3873.94,3885.6,174778.64
2025-10-24 02:30:00,3873.95,3886.32,3873.94,3885.6,174778.64
2025-10-24 02:30:00,3873.95,3886.32,3873.94,3885.6,174778.64
2025-10-24 02:30:00,3873.95,3886.32,3873.94,3885.6,174778.64
2025-10-24 02:30:00,3873.95,3886.32,3873.94,3885.6,174778.64
2025-10-24 02:30:00,3873.95,3886.32,3873.94,3885.6,174778.64
2025-10-24 02:30:00,3873.95,3886.32,3873.94,3885.6,174778.64
2025-10-24 02:30:00,3873.95,3886.32,3873.94,3885.6,174778.64
2025-10-24 02:30:00,3873.95,3886.32,3873.94,3885.6,174778.64
2025-10-24 02:30:00,3873.95,3886.32,3873.94,3885.6,174778.64
2025-10-24 02:30:00,3873.95,3886.32,3873.94,3885.6,174778.64
2025-10-24 02:30:00,3873.95,3886.32,3873.94,3885.6,174778.64
2025-10-24 02:30:00,3873.95,3886.32,3873.94,3885.6,174778.64
2025-10-24 02:30:00,3873.95,3886.32,3873.94,3885.6,174778.64
2025-10-24 02:30:00,3873.95,3886.32,3873.94,3885.6,174778.64
2025-10-24 02:30:00,3873.95,3886.32,3873.94,3885.6,174778.64
2025-10-24 02:30:00,3873.95,3886.32,3873.94,3885.6,174778.64
2025-10-24 02:30:00,3873.95,3886.32,3873.94,3885.6,174778.64
2025-10-24 02:30:00,3873.95,3886.32,3873.94,3885.6,174778.64
2025-10-24 02:30:00,3873.95,3886.32,3873.94,3885.6,174778.64
2025-10-24 02:30:00,3873.95,3886.32,3873.94,3885.6,174778.64
2025-10-24 02:30:00,3873.95,3886.32,3873.94,3885.6,174778.64
2025-10-24 02:30:00,3873.95,3886.32,3873.94,3885.6,174778.64
2025-10-24 02:30:00,3873.95,3886.32,3873.94,3885.6,174778.64
2025-10-24 02:30:00,3873.95,3886.32,3873.94,3885.6,174778.64
2025-10-24 02:45:00,3885.6,3894.33,3882.07,3887.08,210667.2
2025-10-24 02:45:00,3885.6,3894.33,3882.07,3887.08,210667.2
2025-10-24 02:45:00,3885.6,3894.33,3882.07,3887.08,210667.2
2025-10-24 02:45:00,3885.6,3894.33,3882.07,3887.08,210667.2
2025-10-24 02:45:00,3885.6,3894.33,3882.07,3887.08,210667.2
2025-10-24 02:45:00,3885.6,3894.33,3882.07,3887.08,210667.2
2025-10-24 02:45:00,3885.6,3894.33,3882.07,3887.08,210667.2
2025-10-24 02:45:00,3885.6,3894.33,3882.07,3887.08,210667.2
2025-10-24 02:45:00,3885.6,3894.33,3882.07,3887.08,210667.2
2025-10-24 02:45:00,3885.6,3894.33,3882.07,3887.08,210667.2
2025-10-24 02:45:00,3885.6,3894.33,3882.07,3887.08,210667.2
2025-10-24 02:45:00,3885.6,3894.33,3882.07,3887.08,210667.2
2025-10-24 02:45:00,3885.6,3894.33,3882.07,3887.08,210667.2
2025-10-24 02:45:00,3885.6,3894.33,3882.07,3887.08,210667.2
2025-10-24 02:45:00,3885.6,3894.33,3882.07,3887.08,210667.2
2025-10-24 02:45:00,3885.6,3894.33,3882.07,3887.08,210667.2
2025-10-24 02:45:00,3885.6,3894.33,3882.07,3887.08,210667.2
2025-10-24 02:45:00,3885.6,3894.33,3882.07,3887.08,210667.2
2025-10-24 02:45:00,3885.6,3894.33,3882.07,3887.08,210667.2
2025-10-24 02:45:00,3885.6,3894.33,3882.07,3887.08,210667.2
2025-10-24 02:45:00,3885.6,3894.33,3882.07,3887.08,210667.2
2025-10-24 02:45:00,3885.6,3894.33,3882.07,3887.08,210667.2
2025-10-24 02:45:00,3885.6,3894.33,3882.07,3887.08,210667.2
2025-10-24 02:45:00,3885.6,3894.33,3882.07,3887.08,210667.2
2025-10-24 02:45:00,3885.6,3894.33,3882.07,3887.08,210667.2
2025-10-24 02:45:00,3885.6,3894.33,3882.07,3887.08,210667.2
2025-10-24 02:45:00,3885.6,3894.33,3882.07,3887.08,210667.2
2025-10-24 02:45:00,3885.6,3894.33,3882.07,3887.08,210667.2
2025-10-24 02:45:00,3885.6,3894.33,3882.07,3887.08,210667.2
2025-10-24 02:45:00,3885.6,3894.33,3882.07,3887.08,210667.2
2025-10-24 02:45:00,3885.6,3894.33,3882.07,3887.08,210667.2
2025-10-24 02:45:00,3885.6,3894.33,3882.07,3887.08,210667.2
2025-10-24 02:45:00,3885.6,3894.33,3882.07,3887.08,210667.2
2025-10-24 02:45:00,3885.6,3894.33,3882.07,3887.08,210667.2
2025-10-24 02:45:00,3885.6,3894.33,3882.07,3887.08,210667.2
2025-10-24 02:45:00,3885.6,3894.33,3882.07,3887.08,210667.2
2025-10-24 02:45:00,3885.6,3894.33,3882.07,3887.08,210667.2
2025-10-24 02:45:00,3885.6,3894.33,3882.07,3887.08,210667.2
2025-10-24 02:45:00,3885.6,3894.33,3882.07,3887.08,210667.2
2025-10-24 02:45:00,3885.6,3894.33,3882.07,3887.08,210667.2
2025-10-24 02:45:00,3885.6,3894.33,3882.07,3887.08,210667.2
2025-10-24 02:45:00,3885.6,3894.33,3882.07,3887.08,210667.2
2025-10-24 02:45:00,3885.6,3894.33,3882.07,3887.08,210667.2
2025-10-24 02:45:00,3885.6,3894.33,3882.07,3887.08,210667.2
2025-10-24 02:45:00,3885.6,3894.33,3882.07,3887.08,210667.2
2025-10-24 02:45:00,3885.6,3894.33,3882.07,3887.08,210667.2
2025-10-24 02:45:00,3885.6,3894.33,3882.07,3887.08,210667.2
2025-10-24 02:45:00,3885.6,3894.33,3882.07,3887.08,210667.2
2025-10-24 02:45:00,3885.6,3894.33,3882.07,3887.08,210667.2
2025-10-24 02:45:00,3885.6,3894.33,3882.07,3887.08,210667.2
2025-10-24 02:45:00,3885.6,3894.33,3882.07,3887.08,210667.2
2025-10-24 02:45:00,3885.6,3894.33,3882.07,3887.08,210667.2
2025-10-24 02:45:00,3885.6,3894.33,3882.07,3887.08,210667.2
2025-10-24 03:00:00,3887.08,3890.34,3880.11,3883.25,170213.97
2025-10-24 03:00:00,3887.08,3890.34,3880.11,3883.25,170213.97
2025-10-24 03:00:00,3887.08,3890.34,3880.11,3883.25,170213.97
2025-10-24 03:00:00,3887.08,3890.34,3880.11,3883.25,170213.97
2025-10-24 03:00:00,3887.08,3890.34,3880.11,3883.25,170213.97
2025-10-24 03:00:00,3887.08,3890.34,3880.11,3883.25,170213.97
2025-10-24 03:00:00,3887.08,3890.34,3880.11,3883.25,170213.97
2025-10-24 03:00:00,3887.08,3890.34,3880.11,3883.25,170213.97
2025-10-24 03:00:00,3887.08,3890.34,3880.11,3883.25,170213.97
2025-10-24 03:00:00,3887.08,3890.34,3880.11,3883.25,170213.97
2025-10-24 03:00:00,3887.08,3890.34,3880.11,3883.25,170213.97
2025-10-24 03:00:00,3887.08,3890.34,3880.11,3883.25,170213.97
2025-10-24 03:00:00,3887.08,3890.34,3880.11,3883.25,170213.97
2025-10-24 03:00:00,3887.08,3890.34,3880.11,3883.25,170213.97
2025-10-24 03:00:00,3887.08,3890.34,3880.11,3883.25,170213.97
2025-10-24 03:00:00,3887.08,3890.34,3880.11,3883.25,170213.97
2025-10-24 03:00:00,3887.08,3890.34,3880.11,3883.25,170213.97
2025-10-24 03:00:00,3887.08,3890.34,3880.11,3883.25,170213.97
2025-10-24 03:00:00,3887.08,3890.34,3880.11,3883.25,170213.97
2025-10-24 03:00:00,3887.08,3890.34,3880.11,3883.25,170213.97
2025-10-24 03:00:00,3887.08,3890.34,3880.11,3883.25,170213.97
2025-10-24 03:00:00,3887.08,3890.34,3880.11,3883.25,170213.97
2025-10-24 03:00:00,3887.08,3890.34,3880.11,3883.25,170213.97
2025-10-24 03:00:00,3887.08,3890.34,3880.11,3883.25,170213.97
2025-10-24 03:00:00,3887.08,3890.34,3880.11,3883.25,170213.97
2025-10-24 03:00:00,3887.08,3890.34,3880.11,3883.25,170213.97
2025-10-24 03:00:00,3887.08,3890.34,3880.11,3883.25,170213.97
2025-10-24 03:00:00,3887.08,3890.34,3880.11,3883.25,170213.97
2025-10-24 03:00:00,3887.08,3890.34,3880.11,3883.25,170213.97
2025-10-24 03:00:00,3887.08,3890.34,3880.11,3883.25,170213.97
2025-10-24 03:00:00,3887.08,3890.34,3880.11,3883.25,170213.97
2025-10-24 03:00:00,3887.08,3890.34,3880.11,3883.25,170213.97
2025-10-24 03:00:00,3887.08,3890.34,3880.11,3883.25,170213.97
2025-10-24 03:00:00,3887.08,3890.34,3880.11,3883.25,170213.97
2025-10-24 03:00:00,3887.08,3890.34,3880.11,3883.25,170213.97
2025-10-24 03:00:00,3887.08,3890.34,3880.11,3883.25,170213.97
2025-10-24 03:00:00,3887.08,3890.34,3880.11,3883.25,170213.97
2025-10-24 03:00:00,3887.08,3890.34,3880.11,3883.25,170213.97
2025-10-24 03:00:00,3887.08,3890.34,3880.11,3883.25,170213.97
2025-10-24 03:00:00,3887.08,3890.34,3880.11,3883.25,170213.97
2025-10-24 03:00:00,3887.08,3890.34,3880.11,3883.25,170213.97
2025-10-24 03:00:00,3887.08,3890.34,3880.11,3883.25,170213.97
2025-10-24 03:00:00,3887.08,3890.34,3880.11,3883.25,170213.97
2025-10-24 03:00:00,3887.08,3890.34,3880.11,3883.25,170213.97
2025-10-24 03:00:00,3887.08,3890.34,3880.11,3883.25,170213.97
2025-10-24 03:00:00,3887.08,3890.34,3880.11,3883.25,170213.97
2025-10-24 03:00:00,3887.08,3890.34,3880.11,3883.25,170213.97
2025-10-24 03:00:00,3887.08,3890.34,3880.11,3883.25,170213.97
2025-10-24 03:00:00,3887.08,3890.34,3880.11,3883.25,170213.97
2025-10-24 03:00:00,3887.08,3890.34,3880.11,3883.25,170213.97
2025-10-24 03:00:00,3887.08,3890.34,3880.11,3883.25,170213.97
2025-10-24 03:00:00,3887.08,3890.34,3880.11,3883.25,170213.97
2025-10-24 03:00:00,3887.08,3890.34,3880.11,3883.25,170213.97
2025-10-24 03:15:00,3883.25,3888.88,3880.87,3883.84,87100.21
2025-10-24 03:15:00,3883.25,3888.88,3880.87,3883.84,87100.21
2025-10-24 03:15:00,3883.25,3888.88,3880.87,3883.84,87100.21
2025-10-24 03:15:00,3883.25,3888.88,3880.87,3883.84,87100.21
2025-10-24 03:15:00,3883.25,3888.88,3880.87,3883.84,87100.21
2025-10-24 03:15:00,3883.25,3888.88,3880.87,3883.84,87100.21
2025-10-24 03:15:00,3883.25,3888.88,3880.87,3883.84,87100.21
2025-10-24 03:15:00,3883.25,3888.88,3880.87,3883.84,87100.21
2025-10-24 03:15:00,3883.25,3888.88,3880.87,3883.84,87100.21
2025-10-24 03:15:00,3883.25,3888.88,3880.87,3883.84,87100.21
2025-10-24 03:15:00,3883.25,3888.88,3880.87,3883.84,87100.21
2025-10-24 03:15:00,3883.25,3888.88,3880.87,3883.84,87100.21
2025-10-24 03:15:00,3883.25,3888.88,3880.87,3883.84,87100.21
2025-10-24 03:15:00,3883.25,3888.88,3880.87,3883.84,87100.21
2025-10-24 03:15:00,3883.25,3888.88,3880.87,3883.84,87100.21
2025-10-24 03:15:00,3883.25,3888.88,3880.87,3883.84,87100.21
2025-10-24 03:15:00,3883.25,3888.88,3880.87,3883.84,87100.21
2025-10-24 03:15:00,3883.25,3888.88,3880.87,3883.84,87100.21
2025-10-24 03:15:00,3883.25,3888.88,3880.87,3883.84,87100.21
2025-10-24 03:15:00,3883.25,3888.88,3880.87,3883.84,87100.21
2025-10-24 03:15:00,3883.25,3888.88,3880.87,3883.84,87100.21
2025-10-24 03:15:00,3883.25,3888.88,3880.87,3883.84,87100.21
2025-10-24 03:15:00,3883.25,3888.88,3880.87,3883.84,87100.21
2025-10-24 03:15:00,3883.25,3888.88,3880.87,3883.84,87100.21
2025-10-24 03:15:00,3883.25,3888.88,3880.87,3883.84,87100.21
2025-10-24 03:15:00,3883.25,3888.88,3880.87,3883.84,87100.21
2025-10-24 03:15:00,3883.25,3888.88,3880.87,3883.84,87100.21
2025-10-24 03:15:00,3883.25,3888.88,3880.87,3883.84,87100.21
2025-10-24 03:15:00,3883.25,3888.88,3880.87,3883.84,87100.21
2025-10-24 03:15:00,3883.25,3888.88,3880.87,3883.84,87100.21
2025-10-24 03:15:00,3883.25,3888.88,3880.87,3883.84,87100.21
2025-10-24 03:15:00,3883.25,3888.88,3880.87,3883.84,87100.21
2025-10-24 03:15:00,3883.25,3888.88,3880.87,3883.84,87100.21
2025-10-24 03:15:00,3883.25,3888.88,3880.87,3883.84,87100.21
2025-10-24 03:15:00,3883.25,3888.88,3880.87,3883.84,87100.21
2025-10-24 03:15:00,3883.25,3888.88,3880.87,3883.84,87100.21
2025-10-24 03:15:00,3883.25,3888.88,3880.87,3883.84,87100.21
2025-10-24 03:15:00,3883.25,3888.88,3880.87,3883.84,87100.21
2025-10-24 03:15:00,3883.25,3888.88,3880.87,3883.84,87100.21
2025-10-24 03:15:00,3883.25,3888.88,3880.87,3883.84,87100.21
2025-10-24 03:15:00,3883.25,3888.88,3880.87,3883.84,87100.21
2025-10-24 03:15:00,3883.25,3888.88,3880.87,3883.84,87100.21
2025-10-24 03:15:00,3883.25,3888.88,3880.87,3883.84,87100.21
2025-10-24 03:15:00,3883.25,3888.88,3880.87,3883.84,87100.21
2025-10-24 03:15:00,3883.25,3888.88,3880.87,3883.84,87100.21
2025-10-24 03:15:00,3883.25,3888.88,3880.87,3883.84,87100.21
2025-10-24 03:15:00,3883.25,3888.88,3880.87,3883.84,87100.21
2025-10-24 03:15:00,3883.25,3888.88,3880.87,3883.84,87100.21
2025-10-24 03:15:00,3883.25,3888.88,3880.87,3883.84,87100.21
2025-10-24 03:15:00,3883.25,3888.88,3880.87,3883.84,87100.21
2025-10-24 03:15:00,3883.25,3888.88,3880.87,3883.84,87100.21
2025-10-24 03:15:00,3883.25,3888.88,3880.87,3883.84,87100.21
2025-10-24 03:15:00,3883.25,3888.88,3880.87,3883.84,87100.21
2025-10-24 03:30:00,3883.84,3884.0,3878.05,3881.65,118917.91
2025-10-24 03:30:00,3883.84,3884.0,3878.05,3881.65,118917.91
2025-10-24 03:30:00,3883.84,3884.0,3878.05,3881.65,118917.91
2025-10-24 03:30:00,3883.84,3884.0,3878.05,3881.65,118917.91
2025-10-24 03:30:00,3883.84,3884.0,3878.05,3881.65,118917.91
2025-10-24 03:30:00,3883.84,3884.0,3878.05,3881.65,118917.91
2025-10-24 03:30:00,3883.84,3884.0,3878.05,3881.65,118917.91
2025-10-24 03:30:00,3883.84,3884.0,3878.05,3881.65,118917.91
2025-10-24 03:30:00,3883.84,3884.0,3878.05,3881.65,118917.91
2025-10-24 03:30:00,3883.84,3884.0,3878.05,3881.65,118917.91
2025-10-24 03:30:00,3883.84,3884.0,3878.05,3881.65,118917.91
2025-10-24 03:30:00,3883.84,3884.0,3878.05,3881.65,118917.91
2025-10-24 03:30:00,3883.84,3884.0,3878.05,3881.65,118917.91
2025-10-24 03:30:00,3883.84,3884.0,3878.05,3881.65,118917.91
2025-10-24 03:30:00,3883.84,3884.0,3878.05,3881.65,118917.91
2025-10-24 03:30:00,3883.84,3884.0,3878.05,3881.65,118917.91
2025-10-24 03:30:00,3883.84,3884.0,3878.05,3881.65,118917.91
2025-10-24 03:30:00,3883.84,3884.0,3878.05,3881.65,118917.91
2025-10-24 03:30:00,3883.84,3884.0,3878.05,3881.65,118917.91
2025-10-24 03:30:00,3883.84,3884.0,3878.05,3881.65,118917.91
2025-10-24 03:30:00,3883.84,3884.0,3878.05,3881.65,118917.91
2025-10-24 03:30:00,3883.84,3884.0,3878.05,3881.65,118917.91
2025-10-24 03:30:00,3883.84,3884.0,3878.05,3881.65,118917.91
2025-10-24 03:30:00,3883.84,3884.0,3878.05,3881.65,118917.91
2025-10-24 03:30:00,3883.84,3884.0,3878.05,3881.65,118917.91
2025-10-24 03:30:00,3883.84,3884.0,3878.05,3881.65,118917.91
2025-10-24 03:30:00,3883.84,3884.0,3878.05,3881.65,118917.91
2025-10-24 03:30:00,3883.84,3884.0,3878.05,3881.65,118917.91
2025-10-24 03:30:00,3883.84,3884.0,3878.05,3881.65,118917.91
2025-10-24 03:30:00,3883.84,3884.0,3878.05,3881.65,118917.91
2025-10-24 03:30:00,3883.84,3884.0,3878.05,3881.65,118917.91
2025-10-24 03:30:00,3883.84,3884.0,3878.05,3881.65,118917.91
2025-10-24 03:30:00,3883.84,3884.0,3878.05,3881.65,118917.91
2025-10-24 03:30:00,3883.84,3884.0,3878.05,3881.65,118917.91
2025-10-24 03:30:00,3883.84,3884.0,3878.05,3881.65,118917.91
2025-10-24 03:30:00,3883.84,3884.0,3878.05,3881.65,118917.91
2025-10-24 03:30:00,3883.84,3884.0,3878.05,3881.65,118917.91
2025-10-24 03:30:00,3883.84,3884.0,3878.05,3881.65,118917.91
2025-10-24 03:30:00,3883.84,3884.0,3878.05,3881.65,118917.91
2025-10-24 03:30:00,3883.84,3884.0,3878.05,3881.65,118917.91
2025-10-24 03:30:00,3883.84,3884.0,3878.05,3881.65,118917.91
2025-10-24 03:30:00,3883.84,3884.0,3878.05,3881.65,118917.91
2025-10-24 03:30:00,3883.84,3884.0,3878.05,3881.65,118917.91
2025-10-24 03:30:00,3883.84,3884.0,3878.05,3881.65,118917.91
2025-10-24 03:30:00,3883.84,3884.0,3878.05,3881.65,118917.91
2025-10-24 03:30:00,3883.84,3884.0,3878.05,3881.65,118917.91
2025-10-24 03:30:00,3883.84,3884.0,3878.05,3881.65,118917.91
2025-10-24 03:30:00,3883.84,3884.0,3878.05,3881.65,118917.91
2025-10-24 03:30:00,3883.84,3884.0,3878.05,3881.65,118917.91
2025-10-24 03:30:00,3883.84,3884.0,3878.05,3881.65,118917.91
2025-10-24 03:30:00,3883.84,3884.0,3878.05,3881.65,118917.91
2025-10-24 03:30:00,3883.84,3884.0,3878.05,3881.65,118917.91
2025-10-24 03:30:00,3883.84,3884.0,3878.05,3881.65,118917.91
2025-10-24 03:45:00,3881.65,3889.78,3876.23,3889.06,166486.71
2025-10-24 03:45:00,3881.65,3889.78,3876.23,3889.06,166486.71
2025-10-24 03:45:00,3881.65,3889.78,3876.23,3889.06,166486.71
2025-10-24 03:45:00,3881.65,3889.78,3876.23,3889.06,166486.71
2025-10-24 03:45:00,3881.65,3889.78,3876.23,3889.06,166486.71
2025-10-24 03:45:00,3881.65,3889.78,3876.23,3889.06,166486.71
2025-10-24 03:45:00,3881.65,3889.78,3876.23,3889.06,166486.71
2025-10-24 03:45:00,3881.65,3889.78,3876.23,3889.06,166486.71
2025-10-24 03:45:00,3881.65,3889.78,3876.23,3889.06,166486.71
2025-10-24 03:45:00,3881.65,3889.78,3876.23,3889.06,166486.71
2025-10-24 03:45:00,3881.65,3889.78,3876.23,3889.06,166486.71
2025-10-24 03:45:00,3881.65,3889.78,3876.23,3889.06,166486.71
2025-10-24 03:45:00,3881.65,3889.78,3876.23,3889.06,166486.71
2025-10-24 03:45:00,3881.65,3889.78,3876.23,3889.06,166486.71
2025-10-24 03:45:00,3881.65,3889.78,3876.23,3889.06,166486.71
2025-10-24 03:45:00,3881.65,3889.78,3876.23,3889.06,166486.71
2025-10-24 03:45:00,3881.65,3889.78,3876.23,3889.06,166486.71
2025-10-24 03:45:00,3881.65,3889.78,3876.23,3889.06,166486.71
2025-10-24 03:45:00,3881.65,3889.78,3876.23,3889.06,166486.71
2025-10-24 03:45:00,3881.65,3889.78,3876.23,3889.06,166486.71
2025-10-24 03:45:00,3881.65,3889.78,3876.23,3889.06,166486.71
2025-10-24 03:45:00,3881.65,3889.78,3876.23,3889.06,166486.71
2025-10-24 03:45:00,3881.65,3889.78,3876.23,3889.06,166486.71
2025-10-24 03:45:00,3881.65,3889.78,3876.23,3889.06,166486.71
2025-10-24 03:45:00,3881.65,3889.78,3876.23,3889.06,166486.71
2025-10-24 03:45:00,3881.65,3889.78,3876.23,3889.06,166486.71
2025-10-24 03:45:00,3881.65,3889.78,3876.23,3889.06,166486.71
2025-10-24 03:45:00,3881.65,3889.78,3876.23,3889.06,166486.71
2025-10-24 03:45:00,3881.65,3889.78,3876.23,3889.06,166486.71
2025-10-24 03:45:00,3881.65,3889.78,3876.23,3889.06,166486.71
2025-10-24 03:45:00,3881.65,3889.78,3876.23,3889.06,166486.71
2025-10-24 03:45:00,3881.65,3889.78,3876.23,3889.06,166486.71
2025-10-24 03:45:00,3881.65,3889.78,3876.23,3889.06,166486.71
2025-10-24 03:45:00,3881.65,3889.78,3876.23,3889.06,166486.71
2025-10-24 03:45:00,3881.65,3889.78,3876.23,3889.06,166486.71
2025-10-24 03:45:00,3881.65,3889.78,3876.23,3889.06,166486.71
2025-10-24 03:45:00,3881.65,3889.78,3876.23,3889.06,166486.71
2025-10-24 03:45:00,3881.65,3889.78,3876.23,3889.06,166486.71
2025-10-24 03:45:00,3881.65,3889.78,3876.23,3889.06,166486.71
2025-10-24 03:45:00,3881.65,3889.78,3876.23,3889.06,166486.71
2025-10-24 03:45:00,3881.65,3889.78,3876.23,3889.06,166486.71
2025-10-24 03:45:00,3881.65,3889.78,3876.23,3889.06,166486.71
2025-10-24 03:45:00,3881.65,3889.78,3876.23,3889.06,166486.71
2025-10-24 03:45:00,3881.65,3889.78,3876.23,3889.06,166486.71
2025-10-24 03:45:00,3881.65,3889.78,3876.23,3889.06,166486.71
2025-10-24 03:45:00,3881.65,3889.78,3876.23,3889.06,166486.71
2025-10-24 03:45:00,3881.65,3889.78,3876.23,3889.06,166486.71
2025-10-24 03:45:00,3881.65,3889.78,3876.23,3889.06,166486.71
2025-10-24 03:45:00,3881.65,3889.78,3876.23,3889.06,166486.71
2025-10-24 03:45:00,3881.65,3889.78,3876.23,3889.06,166486.71
2025-10-24 03:45:00,3881.65,3889.78,3876.23,3889.06,166486.71
2025-10-24 03:45:00,3881.65,3889.78,3876.23,3889.06,166486.71
2025-10-24 03:45:00,3881.65,3889.78,3876.23,3889.06,166486.71
2025-10-24 04:00:00,3889.06,3898.4,3883.7,3897.39,217787.83
2025-10-24 04:00:00,3889.06,3898.4,3883.7,3897.39,217787.83
2025-10-24 04:00:00,3889.06,3898.4,3883.7,3897.39,217787.83
2025-10-24 04:00:00,3889.06,3898.4,3883.7,3897.39,217787.83
2025-10-24 04:00:00,3889.06,3898.4,3883.7,3897.39,217787.83
2025-10-24 04:00:00,3889.06,3898.4,3883.7,3897.39,217787.83
2025-10-24 04:00:00,3889.06,3898.4,3883.7,3897.39,217787.83
2025-10-24 04:00:00,3889.06,3898.4,3883.7,3897.39,217787.83
2025-10-24 04:00:00,3889.06,3898.4,3883.7,3897.39,217787.83
2025-10-24 04:00:00,3889.06,3898.4,3883.7,3897.39,217787.83
2025-10-24 04:00:00,3889.06,3898.4,3883.7,3897.39,217787.83
2025-10-24 04:00:00,3889.06,3898.4,3883.7,3897.39,217787.83
2025-10-24 04:00:00,3889.06,3898.4,3883.7,3897.39,217787.83
2025-10-24 04:00:00,3889.06,3898.4,3883.7,3897.39,217787.83
2025-10-24 04:00:00,3889.06,3898.4,3883.7,3897.39,217787.83
2025-10-24 04:00:00,3889.06,3898.4,3883.7,3897.39,217787.83
2025-10-24 04:00:00,3889.06,3898.4,3883.7,3897.39,217787.83
2025-10-24 04:00:00,3889.06,3898.4,3883.7,3897.39,217787.83
2025-10-24 04:00:00,3889.06,3898.4,3883.7,3897.39,217787.83
2025-10-24 04:00:00,3889.06,3898.4,3883.7,3897.39,217787.83
2025-10-24 04:00:00,3889.06,3898.4,3883.7,3897.39,217787.83
2025-10-24 04:00:00,3889.06,3898.4,3883.7,3897.39,217787.83
2025-10-24 04:00:00,3889.06,3898.4,3883.7,3897.39,217787.83
2025-10-24 04:00:00,3889.06,3898.4,3883.7,3897.39,217787.83
2025-10-24 04:00:00,3889.06,3898.4,3883.7,3897.39,217787.83
2025-10-24 04:00:00,3889.06,3898.4,3883.7,3897.39,217787.83
2025-10-24 04:00:00,3889.06,3898.4,3883.7,3897.39,217787.83
2025-10-24 04:00:00,3889.06,3898.4,3883.7,3897.39,217787.83
2025-10-24 04:00:00,3889.06,3898.4,3883.7,3897.39,217787.83
2025-10-24 04:00:00,3889.06,3898.4,3883.7,3897.39,217787.83
2025-10-24 04:00:00,3889.06,3898.4,3883.7,3897.39,217787.83
2025-10-24 04:00:00,3889.06,3898.4,3883.7,3897.39,217787.83
2025-10-24 04:00:00,3889.06,3898.4,3883.7,3897.39,217787.83
2025-10-24 04:00:00,3889.06,3898.4,3883.7,3897.39,217787.83
2025-10-24 04:00:00,3889.06,3898.4,3883.7,3897.39,217787.83
2025-10-24 04:00:00,3889.06,3898.4,3883.7,3897.39,217787.83
2025-10-24 04:00:00,3889.06,3898.4,3883.7,3897.39,217787.83
2025-10-24 04:00:00,3889.06,3898.4,3883.7,3897.39,217787.83
2025-10-24 04:00:00,3889.06,3898.4,3883.7,3897.39,217787.83
2025-10-24 04:00:00,3889.06,3898.4,3883.7,3897.39,217787.83
2025-10-24 04:00:00,3889.06,3898.4,3883.7,3897.39,217787.83
2025-10-24 04:00:00,3889.06,3898.4,3883.7,3897.39,217787.83
2025-10-24 04:00:00,3889.06,3898.4,3883.7,3897.39,217787.83
2025-10-24 04:00:00,3889.06,3898.4,3883.7,3897.39,217787.83
2025-10-24 04:00:00,3889.06,3898.4,3883.7,3897.39,217787.83
2025-10-24 04:00:00,3889.06,3898.4,3883.7,3897.39,217787.83
2025-10-24 04:00:00,3889.06,3898.4,3883.7,3897.39,217787.83
2025-10-24 04:00:00,3889.06,3898.4,3883.7,3897.39,217787.83
2025-10-24 04:00:00,3889.06,3898.4,3883.7,3897.39,217787.83
2025-10-24 04:00:00,3889.06,3898.4,3883.7,3897.39,217787.83
2025-10-24 04:00:00,3889.06,3898.4,3883.7,3897.39,217787.83
2025-10-24 04:00:00,3889.06,3898.4,3883.7,3897.39,217787.83
2025-10-24 04:00:00,3889.06,3898.4,3883.7,3897.39,217787.83
2025-10-24 04:15:00,3897.39,3918.6,3895.31,3916.74,522795.56
2025-10-24 04:15:00,3897.39,3918.6,3895.31,3916.74,522795.56
2025-10-24 04:15:00,3897.39,3918.6,3895.31,3916.74,522795.56
2025-10-24 04:15:00,3897.39,3918.6,3895.31,3916.74,522795.56
2025-10-24 04:15:00,3897.39,3918.6,3895.31,3916.74,522795.56
2025-10-24 04:15:00,3897.39,3918.6,3895.31,3916.74,522795.56
2025-10-24 04:15:00,3897.39,3918.6,3895.31,3916.74,522795.56
2025-10-24 04:15:00,3897.39,3918.6,3895.31,3916.74,522795.56
2025-10-24 04:15:00,3897.39,3918.6,3895.31,3916.74,522795.56
2025-10-24 04:15:00,3897.39,3918.6,3895.31,3916.74,522795.56
2025-10-24 04:15:00,3897.39,3918.6,3895.31,3916.74,522795.56
2025-10-24 04:15:00,3897.39,3918.6,3895.31,3916.74,522795.56
2025-10-24 04:15:00,3897.39,3918.6,3895.31,3916.74,522795.56
2025-10-24 04:15:00,3897.39,3918.6,3895.31,3916.74,522795.56
2025-10-24 04:15:00,3897.39,3918.6,3895.31,3916.74,522795.56
2025-10-24 04:15:00,3897.39,3918.6,3895.31,3916.74,522795.56
2025-10-24 04:15:00,3897.39,3918.6,3895.31,3916.74,522795.56
2025-10-24 04:15:00,3897.39,3918.6,3895.31,3916.74,522795.56
2025-10-24 04:15:00,3897.39,3918.6,3895.31,3916.74,522795.56
2025-10-24 04:15:00,3897.39,3918.6,3895.31,3916.74,522795.56
2025-10-24 04:15:00,3897.39,3918.6,3895.31,3916.74,522795.56
2025-10-24 04:15:00,3897.39,3918.6,3895.31,3916.74,522795.56
2025-10-24 04:15:00,3897.39,3918.6,3895.31,3916.74,522795.56
2025-10-24 04:15:00,3897.39,3918.6,3895.31,3916.74,522795.56
2025-10-24 04:15:00,3897.39,3918.6,3895.31,3916.74,522795.56
2025-10-24 04:15:00,3897.39,3918.6,3895.31,3916.74,522795.56
2025-10-24 04:15:00,3897.39,3918.6,3895.31,3916.74,522795.56
2025-10-24 04:15:00,3897.39,3918.6,3895.31,3916.74,522795.56
2025-10-24 04:15:00,3897.39,3918.6,3895.31,3916.74,522795.56
2025-10-24 04:15:00,3897.39,3918.6,3895.31,3916.74,522795.56
2025-10-24 04:15:00,3897.39,3918.6,3895.31,3916.74,522795.56
2025-10-24 04:15:00,3897.39,3918.6,3895.31,3916.74,522795.56
2025-10-24 04:15:00,3897.39,3918.6,3895.31,3916.74,522795.56
2025-10-24 04:15:00,3897.39,3918.6,3895.31,3916.74,522795.56
2025-10-24 04:15:00,3897.39,3918.6,3895.31,3916.74,522795.56
2025-10-24 04:15:00,3897.39,3918.6,3895.31,3916.74,522795.56
2025-10-24 04:15:00,3897.39,3918.6,3895.31,3916.74,522795.56
2025-10-24 04:15:00,3897.39,3918.6,3895.31,3916.74,522795.56
2025-10-24 04:15:00,3897.39,3918.6,3895.31,3916.74,522795.56
2025-10-24 04:15:00,3897.39,3918.6,3895.31,3916.74,522795.56
2025-10-24 04:15:00,3897.39,3918.6,3895.31,3916.74,522795.56
2025-10-24 04:15:00,3897.39,3918.6,3895.31,3916.74,522795.56
2025-10-24 04:15:00,3897.39,3918.6,3895.31,3916.74,522795.56
2025-10-24 04:15:00,3897.39,3918.6,3895.31,3916.74,522795.56
2025-10-24 04:15:00,3897.39,3918.6,3895.31,3916.74,522795.56
2025-10-24 04:15:00,3897.39,3918.6,3895.31,3916.74,522795.56
2025-10-24 04:15:00,3897.39,3918.6,3895.31,3916.74,522795.56
2025-10-24 04:15:00,3897.39,3918.6,3895.31,3916.74,522795.56
2025-10-24 04:15:00,3897.39,3918.6,3895.31,3916.74,522795.56
2025-10-24 04:15:00,3897.39,3918.6,3895.31,3916.74,522795.56
2025-10-24 04:15:00,3897.39,3918.6,3895.31,3916.74,522795.56
2025-10-24 04:15:00,3897.39,3918.6,3895.31,3916.74,522795.56
2025-10-24 04:15:00,3897.39,3918.6,3895.31,3916.74,522795.56
2025-10-24 04:30:00,3916.74,3965.99,3916.2,3961.61,1496724.07
2025-10-24 04:30:00,3916.74,3965.99,3916.2,3961.61,1496724.07
2025-10-24 04:30:00,3916.74,3965.99,3916.2,3961.61,1496724.07
2025-10-24 04:30:00,3916.74,3965.99,3916.2,3961.61,1496724.07
2025-10-24 04:30:00,3916.74,3965.99,3916.2,3961.61,1496724.07
2025-10-24 04:30:00,3916.74,3965.99,3916.2,3961.61,1496724.07
2025-10-24 04:30:00,3916.74,3965.99,3916.2,3961.61,1496724.07
2025-10-24 04:30:00,3916.74,3965.99,3916.2,3961.61,1496724.07
2025-10-24 04:30:00,3916.74,3965.99,3916.2,3961.61,1496724.07
2025-10-24 04:30:00,3916.74,3965.99,3916.2,3961.61,1496724.07
2025-10-24 04:30:00,3916.74,3965.99,3916.2,3961.61,1496724.07
2025-10-24 04:30:00,3916.74,3965.99,3916.2,3961.61,1496724.07
2025-10-24 04:30:00,3916.74,3965.99,3916.2,3961.61,1496724.07
2025-10-24 04:30:00,3916.74,3965.99,3916.2,3961.61,1496724.07
2025-10-24 04:30:00,3916.74,3965.99,3916.2,3961.61,1496724.07
2025-10-24 04:30:00,3916.74,3965.99,3916.2,3961.61,1496724.07
2025-10-24 04:30:00,3916.74,3965.99,3916.2,3961.61,1496724.07
2025-10-24 04:30:00,3916.74,3965.99,3916.2,3961.61,1496724.07
2025-10-24 04:30:00,3916.74,3965.99,3916.2,3961.61,1496724.07
2025-10-24 04:30:00,3916.74,3965.99,3916.2,3961.61,1496724.07
2025-10-24 04:30:00,3916.74,3965.99,3916.2,3961.61,1496724.07
2025-10-24 04:30:00,3916.74,3965.99,3916.2,3961.61,1496724.07
2025-10-24 04:30:00,3916.74,3965.99,3916.2,3961.61,1496724.07
2025-10-24 04:30:00,3916.74,3965.99,3916.2,3961.61,1496724.07
2025-10-24 04:30:00,3916.74,3965.99,3916.2,3961.61,1496724.07
2025-10-24 04:30:00,3916.74,3965.99,3916.2,3961.61,1496724.07
2025-10-24 04:30:00,3916.74,3965.99,3916.2,3961.61,1496724.07
2025-10-24 04:30:00,3916.74,3965.99,3916.2,3961.61,1496724.07
2025-10-24 04:30:00,3916.74,3965.99,3916.2,3961.61,1496724.07
2025-10-24 04:30:00,3916.74,3965.99,3916.2,3961.61,1496724.07
2025-10-24 04:30:00,3916.74,3965.99,3916.2,3961.61,1496724.07
2025-10-24 04:30:00,3916.74,3965.99,3916.2,3961.61,1496724.07
2025-10-24 04:30:00,3916.74,3965.99,3916.2,3961.61,1496724.07
2025-10-24 04:30:00,3916.74,3965.99,3916.2,3961.61,1496724.07
2025-10-24 04:30:00,3916.74,3965.99,3916.2,3961.61,1496724.07
2025-10-24 04:30:00,3916.74,3965.99,3916.2,3961.61,1496724.07
2025-10-24 04:30:00,3916.74,3965.99,3916.2,3961.61,1496724.07
2025-10-24 04:30:00,3916.74,3965.99,3916.2,3961.61,1496724.07
2025-10-24 04:30:00,3916.74,3965.99,3916.2,3961.61,1496724.07
2025-10-24 04:30:00,3916.74,3965.99,3916.2,3961.61,1496724.07
2025-10-24 04:30:00,3916.74,3965.99,3916.2,3961.61,1496724.07
2025-10-24 04:30:00,3916.74,3965.99,3916.2,3961.61,1496724.07
2025-10-24 04:30:00,3916.74,3965.99,3916.2,3961.61,1496724.07
2025-10-24 04:30:00,3916.74,3965.99,3916.2,3961.61,1496724.07
2025-10-24 04:30:00,3916.74,3965.99,3916.2,3961.61,1496724.07
2025-10-24 04:30:00,3916.74,3965.99,3916.2,3961.61,1496724.07
2025-10-24 04:30:00,3916.74,3965.99,3916.2,3961.61,1496724.07
2025-10-24 04:30:00,3916.74,3965.99,3916.2,3961.61,1496724.07
2025-10-24 04:30:00,3916.74,3965.99,3916.2,3961.61,1496724.07
2025-10-24 04:30:00,3916.74,3965.99,3916.2,3961.61,1496724.07
2025-10-24 04:30:00,3916.74,3965.99,3916.2,3961.61,1496724.07
2025-10-24 04:30:00,3916.74,3965.99,3916.2,3961.61,1496724.07
2025-10-24 04:30:00,3916.74,3965.99,3916.2,3961.61,1496724.07
2025-10-24 04:45:00,3961.62,3978.4,3956.66,3972.8,693569.26
2025-10-24 04:45:00,3961.62,3978.4,3956.66,3972.8,693569.26
2025-10-24 04:45:00,3961.62,3978.4,3956.66,3972.8,693569.26
2025-10-24 04:45:00,3961.62,3978.4,3956.66,3972.8,693569.26
2025-10-24 04:45:00,3961.62,3978.4,3956.66,3972.8,693569.26
2025-10-24 04:45:00,3961.62,3978.4,3956.66,3972.8,693569.26
2025-10-24 04:45:00,3961.62,3978.4,3956.66,3972.8,693569.26
2025-10-24 04:45:00,3961.62,3978.4,3956.66,3972.8,693569.26
2025-10-24 04:45:00,3961.62,3978.4,3956.66,3972.8,693569.26
2025-10-24 04:45:00,3961.62,3978.4,3956.66,3972.8,693569.26
2025-10-24 04:45:00,3961.62,3978.4,3956.66,3972.8,693569.26
2025-10-24 04:45:00,3961.62,3978.4,3956.66,3972.8,693569.26
2025-10-24 04:45:00,3961.62,3978.4,3956.66,3972.8,693569.26
2025-10-24 04:45:00,3961.62,3978.4,3956.66,3972.8,693569.26
2025-10-24 04:45:00,3961.62,3978.4,3956.66,3972.8,693569.26
2025-10-24 04:45:00,3961.62,3978.4,3956.66,3972.8,693569.26
2025-10-24 04:45:00,3961.62,3978.4,3956.66,3972.8,693569.26
2025-10-24 04:45:00,3961.62,3978.4,3956.66,3972.8,693569.26
2025-10-24 04:45:00,3961.62,3978.4,3956.66,3972.8,693569.26
2025-10-24 04:45:00,3961.62,3978.4,3956.66,3972.8,693569.26
2025-10-24 04:45:00,3961.62,3978.4,3956.66,3972.8,693569.26
2025-10-24 04:45:00,3961.62,3978.4,3956.66,3972.8,693569.26
2025-10-24 04:45:00,3961.62,3978.4,3956.66,3972.8,693569.26
2025-10-24 04:45:00,3961.62,3978.4,3956.66,3972.8,693569.26
2025-10-24 04:45:00,3961.62,3978.4,3956.66,3972.8,693569.26
2025-10-24 04:45:00,3961.62,3978.4,3956.66,3972.8,693569.26
2025-10-24 04:45:00,3961.62,3978.4,3956.66,3972.8,693569.26
2025-10-24 04:45:00,3961.62,3978.4,3956.66,3972.8,693569.26
2025-10-24 04:45:00,3961.62,3978.4,3956.66,3972.8,693569.26
2025-10-24 04:45:00,3961.62,3978.4,3956.66,3972.8,693569.26
2025-10-24 04:45:00,3961.62,3978.4,3956.66,3972.8,693569.26
2025-10-24 04:45:00,3961.62,3978.4,3956.66,3972.8,693569.26
2025-10-24 04:45:00,3961.62,3978.4,3956.66,3972.8,693569.26
2025-10-24 04:45:00,3961.62,3978.4,3956.66,3972.8,693569.26
2025-10-24 04:45:00,3961.62,3978.4,3956.66,3972.8,693569.26
2025-10-24 04:45:00,3961.62,3978.4,3956.66,3972.8,693569.26
2025-10-24 04:45:00,3961.62,3978.4,3956.66,3972.8,693569.26
2025-10-24 04:45:00,3961.62,3978.4,3956.66,3972.8,693569.26
2025-10-24 04:45:00,3961.62,3978.4,3956.66,3972.8,693569.26
2025-10-24 04:45:00,3961.62,3978.4,3956.66,3972.8,693569.26
2025-10-24 04:45:00,3961.62,3978.4,3956.66,3972.8,693569.26
2025-10-24 04:45:00,3961.62,3978.4,3956.66,3972.8,693569.26
2025-10-24 04:45:00,3961.62,3978.4,3956.66,3972.8,693569.26
2025-10-24 04:45:00,3961.62,3978.4,3956.66,3972.8,693569.26
2025-10-24 04:45:00,3961.62,3978.4,3956.66,3972.8,693569.26
2025-10-24 04:45:00,3961.62,3978.4,3956.66,3972.8,693569.26
2025-10-24 04:45:00,3961.62,3978.4,3956.66,3972.8,693569.26
2025-10-24 04:45:00,3961.62,3978.4,3956.66,3972.8,693569.26
2025-10-24 04:45:00,3961.62,3978.4,3956.66,3972.8,693569.26
2025-10-24 04:45:00,3961.62,3978.4,3956.66,3972.8,693569.26
2025-10-24 04:45:00,3961.62,3978.4,3956.66,3972.8,693569.26
2025-10-24 04:45:00,3961.62,3978.4,3956.66,3972.8,693569.26
2025-10-24 04:45:00,3961.62,3978.4,3956.66,3972.8,693569.26
2025-10-24 05:00:00,3972.8,3975.73,3955.0,3968.34,551488.29
2025-10-24 05:00:00,3972.8,3975.73,3955.0,3968.34,551488.29
2025-10-24 05:00:00,3972.8,3975.73,3955.0,3968.34,551488.29
2025-10-24 05:00:00,3972.8,3975.73,3955.0,3968.34,551488.29
2025-10-24 05:00:00,3972.8,3975.73,3955.0,3968.34,551488.29
2025-10-24 05:00:00,3972.8,3975.73,3955.0,3968.34,551488.29
2025-10-24 05:00:00,3972.8,3975.73,3955.0,3968.34,551488.29
2025-10-24 05:00:00,3972.8,3975.73,3955.0,3968.34,551488.29
2025-10-24 05:00:00,3972.8,3975.73,3955.0,3968.34,551488.29
2025-10-24 05:00:00,3972.8,3975.73,3955.0,3968.34,551488.29
2025-10-24 05:00:00,3972.8,3975.73,3955.0,3968.34,551488.29
2025-10-24 05:00:00,3972.8,3975.73,3955.0,3968.34,551488.29
2025-10-24 05:00:00,3972.8,3975.73,3955.0,3968.34,551488.29
2025-10-24 05:00:00,3972.8,3975.73,3955.0,3968.34,551488.29
2025-10-24 05:00:00,3972.8,3975.73,3955.0,3968.34,551488.29
2025-10-24 05:00:00,3972.8,3975.73,3955.0,3968.34,551488.29
2025-10-24 05:00:00,3972.8,3975.73,3955.0,3968.34,551488.29
2025-10-24 05:00:00,3972.8,3975.73,3955.0,3968.34,551488.29
2025-10-24 05:00:00,3972.8,3975.73,3955.0,3968.34,551488.29
2025-10-24 05:00:00,3972.8,3975.73,3955.0,3968.34,551488.29
2025-10-24 05:00:00,3972.8,3975.73,3955.0,3968.34,551488.29
2025-10-24 05:00:00,3972.8,3975.73,3955.0,3968.34,551488.29
2025-10-24 05:00:00,3972.8,3975.73,3955.0,3968.34,551488.29
2025-10-24 05:00:00,3972.8,3975.73,3955.0,3968.34,551488.29
2025-10-24 05:00:00,3972.8,3975.73,3955.0,3968.34,551488.29
2025-10-24 05:00:00,3972.8,3975.73,3955.0,3968.34,551488.29
2025-10-24 05:00:00,3972.8,3975.73,3955.0,3968.34,551488.29
2025-10-24 05:00:00,3972.8,3975.73,3955.0,3968.34,551488.29
2025-10-24 05:00:00,3972.8,3975.73,3955.0,3968.34,551488.29
2025-10-24 05:00:00,3972.8,3975.73,3955.0,3968.34,551488.29
2025-10-24 05:00:00,3972.8,3975.73,3955.0,3968.34,551488.29
2025-10-24 05:00:00,3972.8,3975.73,3955.0,3968.34,551488.29
2025-10-24 05:00:00,3972.8,3975.73,3955.0,3968.34,551488.29
2025-10-24 05:00:00,3972.8,3975.73,3955.0,3968.34,551488.29
2025-10-24 05:00:00,3972.8,3975.73,3955.0,3968.34,551488.29
2025-10-24 05:00:00,3972.8,3975.73,3955.0,3968.34,551488.29
2025-10-24 05:00:00,3972.8,3975.73,3955.0,3968.34,551488.29
2025-10-24 05:00:00,3972.8,3975.73,3955.0,3968.34,551488.29
2025-10-24 05:00:00,3972.8,3975.73,3955.0,3968.34,551488.29
2025-10-24 05:00:00,3972.8,3975.73,3955.0,3968.34,551488.29
2025-10-24 05:00:00,3972.8,3975.73,3955.0,3968.34,551488.29
2025-10-24 05:00:00,3972.8,3975.73,3955.0,3968.34,551488.29
2025-10-24 05:00:00,3972.8,3975.73,3955.0,3968.34,551488.29
2025-10-24 05:00:00,3972.8,3975.73,3955.0,3968.34,551488.29
2025-10-24 05:00:00,3972.8,3975.73,3955.0,3968.34,551488.29
2025-10-24 05:00:00,3972.8,3975.73,3955.0,3968.34,551488.29
2025-10-24 05:00:00,3972.8,3975.73,3955.0,3968.34,551488.29
2025-10-24 05:00:00,3972.8,3975.73,3955.0,3968.34,551488.29
2025-10-24 05:00:00,3972.8,3975.73,3955.0,3968.34,551488.29
2025-10-24 05:00:00,3972.8,3975.73,3955.0,3968.34,551488.29
2025-10-24 05:00:00,3972.8,3975.73,3955.0,3968.34,551488.29
2025-10-24 05:00:00,3972.8,3975.73,3955.0,3968.34,551488.29
2025-10-24 05:00:00,3972.8,3975.73,3955.0,3968.34,551488.29
2025-10-24 05:15:00,3968.34,3970.3,3956.58,3966.99,264089.45
2025-10-24 05:15:00,3968.34,3970.3,3956.58,3966.99,264089.45
2025-10-24 05:15:00,3968.34,3970.3,3956.58,3966.99,264089.45
2025-10-24 05:15:00,3968.34,3970.3,3956.58,3966.99,264089.45
2025-10-24 05:15:00,3968.34,3970.3,3956.58,3966.99,264089.45
2025-10-24 05:15:00,3968.34,3970.3,3956.58,3966.99,264089.45
2025-10-24 05:15:00,3968.34,3970.3,3956.58,3966.99,264089.45
2025-10-24 05:15:00,3968.34,3970.3,3956.58,3966.99,264089.45
2025-10-24 05:15:00,3968.34,3970.3,3956.58,3966.99,264089.45
2025-10-24 05:15:00,3968.34,3970.3,3956.58,3966.99,264089.45
2025-10-24 05:15:00,3968.34,3970.3,3956.58,3966.99,264089.45
2025-10-24 05:15:00,3968.34,3970.3,3956.58,3966.99,264089.45
2025-10-24 05:15:00,3968.34,3970.3,3956.58,3966.99,264089.45
2025-10-24 05:15:00,3968.34,3970.3,3956.58,3966.99,264089.45
2025-10-24 05:15:00,3968.34,3970.3,3956.58,3966.99,264089.45
2025-10-24 05:15:00,3968.34,3970.3,3956.58,3966.99,264089.45
2025-10-24 05:15:00,3968.34,3970.3,3956.58,3966.99,264089.45
2025-10-24 05:15:00,3968.34,3970.3,3956.58,3966.99,264089.45
2025-10-24 05:15:00,3968.34,3970.3,3956.58,3966.99,264089.45
2025-10-24 05:15:00,3968.34,3970.3,3956.58,3966.99,264089.45
2025-10-24 05:15:00,3968.34,3970.3,3956.58,3966.99,264089.45
2025-10-24 05:15:00,3968.34,3970.3,3956.58,3966.99,264089.45
2025-10-24 05:15:00,3968.34,3970.3,3956.58,3966.99,264089.45
2025-10-24 05:15:00,3968.34,3970.3,3956.58,3966.99,264089.45
2025-10-24 05:15:00,3968.34,3970.3,3956.58,3966.99,264089.45
2025-10-24 05:15:00,3968.34,3970.3,3956.58,3966.99,264089.45
2025-10-24 05:15:00,3968.34,3970.3,3956.58,3966.99,264089.45
2025-10-24 05:15:00,3968.34,3970.3,3956.58,3966.99,264089.45
2025-10-24 05:15:00,3968.34,3970.3,3956.58,3966.99,264089.45
2025-10-24 05:15:00,3968.34,3970.3,3956.58,3966.99,264089.45
2025-10-24 05:15:00,3968.34,3970.3,3956.58,3966.99,264089.45
2025-10-24 05:15:00,3968.34,3970.3,3956.58,3966.99,264089.45
2025-10-24 05:15:00,3968.34,3970.3,3956.58,3966.99,264089.45
2025-10-24 05:15:00,3968.34,3970.3,3956.58,3966.99,264089.45
2025-10-24 05:15:00,3968.34,3970.3,3956.58,3966.99,264089.45
2025-10-24 05:15:00,3968.34,3970.3,3956.58,3966.99,264089.45
2025-10-24 05:15:00,3968.34,3970.3,3956.58,3966.99,264089.45
2025-10-24 05:15:00,3968.34,3970.3,3956.58,3966.99,264089.45
2025-10-24 05:15:00,3968.34,3970.3,3956.58,3966.99,264089.45
2025-10-24 05:15:00,3968.34,3970.3,3956.58,3966.99,264089.45
2025-10-24 05:15:00,3968.34,3970.3,3956.58,3966.99,264089.45
2025-10-24 05:15:00,3968.34,3970.3,3956.58,3966.99,264089.45
2025-10-24 05:15:00,3968.34,3970.3,3956.58,3966.99,264089.45
2025-10-24 05:15:00,3968.34,3970.3,3956.58,3966.99,264089.45
2025-10-24 05:15:00,3968.34,3970.3,3956.58,3966.99,264089.45
2025-10-24 05:15:00,3968.34,3970.3,3956.58,3966.99,264089.45
2025-10-24 05:15:00,3968.34,3970.3,3956.58,3966.99,264089.45
2025-10-24 05:15:00,3968.34,3970.3,3956.58,3966.99,264089.45
2025-10-24 05:15:00,3968.34,3970.3,3956.58,3966.99,264089.45
2025-10-24 05:15:00,3968.34,3970.3,3956.58,3966.99,264089.45
2025-10-24 05:15:00,3968.34,3970.3,3956.58,3966.99,264089.45
2025-10-24 05:15:00,3968.34,3970.3,3956.58,3966.99,264089.45
2025-10-24 05:15:00,3968.34,3970.3,3956.58,3966.99,264089.45
2025-10-24 05:30:00,3967.0,3977.63,3962.0,3972.1,262708.49
2025-10-24 05:30:00,3967.0,3977.63,3962.0,3972.1,262708.49
2025-10-24 05:30:00,3967.0,3977.63,3962.0,3972.1,262708.49
2025-10-24 05:30:00,3967.0,3977.63,3962.0,3972.1,262708.49
2025-10-24 05:30:00,3967.0,3977.63,3962.0,3972.1,262708.49
2025-10-24 05:30:00,3967.0,3977.63,3962.0,3972.1,262708.49
2025-10-24 05:30:00,3967.0,3977.63,3962.0,3972.1,262708.49
2025-10-24 05:30:00,3967.0,3977.63,3962.0,3972.1,262708.49
2025-10-24 05:30:00,3967.0,3977.63,3962.0,3972.1,262708.49
2025-10-24 05:30:00,3967.0,3977.63,3962.0,3972.1,262708.49
2025-10-24 05:30:00,3967.0,3977.63,3962.0,3972.1,262708.49
2025-10-24 05:30:00,3967.0,3977.63,3962.0,3972.1,262708.49
2025-10-24 05:30:00,3967.0,3977.63,3962.0,3972.1,262708.49
2025-10-24 05:30:00,3967.0,3977.63,3962.0,3972.1,262708.49
2025-10-24 05:30:00,3967.0,3977.63,3962.0,3972.1,262708.49
2025-10-24 05:30:00,3967.0,3977.63,3962.0,3972.1,262708.49
2025-10-24 05:30:00,3967.0,3977.63,3962.0,3972.1,262708.49
2025-10-24 05:30:00,3967.0,3977.63,3962.0,3972.1,262708.49
2025-10-24 05:30:00,3967.0,3977.63,3962.0,3972.1,262708.49
2025-10-24 05:30:00,3967.0,3977.63,3962.0,3972.1,262708.49
2025-10-24 05:30:00,3967.0,3977.63,3962.0,3972.1,262708.49
2025-10-24 05:30:00,3967.0,3977.63,3962.0,3972.1,262708.49
2025-10-24 05:30:00,3967.0,3977.63,3962.0,3972.1,262708.49
2025-10-24 05:30:00,3967.0,3977.63,3962.0,3972.1,262708.49
2025-10-24 05:30:00,3967.0,3977.63,3962.0,3972.1,262708.49
2025-10-24 05:30:00,3967.0,3977.63,3962.0,3972.1,262708.49
2025-10-24 05:30:00,3967.0,3977.63,3962.0,3972.1,262708.49
2025-10-24 05:30:00,3967.0,3977.63,3962.0,3972.1,262708.49
2025-10-24 05:30:00,3967.0,3977.63,3962.0,3972.1,262708.49
2025-10-24 05:30:00,3967.0,3977.63,3962.0,3972.1,262708.49
2025-10-24 05:30:00,3967.0,3977.63,3962.0,3972.1,262708.49
2025-10-24 05:30:00,3967.0,3977.63,3962.0,3972.1,262708.49
2025-10-24 05:30:00,3967.0,3977.63,3962.0,3972.1,262708.49
2025-10-24 05:30:00,3967.0,3977.63,3962.0,3972.1,262708.49
2025-10-24 05:30:00,3967.0,3977.63,3962.0,3972.1,262708.49
2025-10-24 05:30:00,3967.0,3977.63,3962.0,3972.1,262708.49
2025-10-24 05:30:00,3967.0,3977.63,3962.0,3972.1,262708.49
2025-10-24 05:30:00,3967.0,3977.63,3962.0,3972.1,262708.49
2025-10-24 05:30:00,3967.0,3977.63,3962.0,3972.1,262708.49
2025-10-24 05:30:00,3967.0,3977.63,3962.0,3972.1,262708.49
2025-10-24 05:30:00,3967.0,3977.63,3962.0,3972.1,262708.49
2025-10-24 05:30:00,3967.0,3977.63,3962.0,3972.1,262708.49
2025-10-24 05:30:00,3967.0,3977.63,3962.0,3972.1,262708.49
2025-10-24 05:30:00,3967.0,3977.63,3962.0,3972.1,262708.49
2025-10-24 05:30:00,3967.0,3977.63,3962.0,3972.1,262708.49
2025-10-24 05:30:00,3967.0,3977.63,3962.0,3972.1,262708.49
2025-10-24 05:30:00,3967.0,3977.63,3962.0,3972.1,262708.49
2025-10-24 05:30:00,3967.0,3977.63,3962.0,3972.1,262708.49
2025-10-24 05:30:00,3967.0,3977.63,3962.0,3972.1,262708.49
2025-10-24 05:30:00,3967.0,3977.63,3962.0,3972.1,262708.49
2025-10-24 05:30:00,3967.0,3977.63,3962.0,3972.1,262708.49
2025-10-24 05:30:00,3967.0,3977.63,3962.0,3972.1,262708.49
2025-10-24 05:30:00,3967.0,3977.63,3962.0,3972.1,262708.49
2025-10-24 05:45:00,3972.11,3987.98,3970.4,3972.7,379808.71
2025-10-24 05:45:00,3972.11,3987.98,3970.4,3972.7,379808.71
2025-10-24 05:45:00,3972.11,3987.98,3970.4,3972.7,379808.71
2025-10-24 05:45:00,3972.11,3987.98,3970.4,3972.7,379808.71
2025-10-24 05:45:00,3972.11,3987.98,3970.4,3972.7,379808.71
2025-10-24 05:45:00,3972.11,3987.98,3970.4,3972.7,379808.71
2025-10-24 05:45:00,3972.11,3987.98,3970.4,3972.7,379808.71
2025-10-24 05:45:00,3972.11,3987.98,3970.4,3972.7,379808.71
2025-10-24 05:45:00,3972.11,3987.98,3970.4,3972.7,379808.71
2025-10-24 05:45:00,3972.11,3987.98,3970.4,3972.7,379808.71
2025-10-24 05:45:00,3972.11,3987.98,3970.4,3972.7,379808.71
2025-10-24 05:45:00,3972.11,3987.98,3970.4,3972.7,379808.71
2025-10-24 05:45:00,3972.11,3987.98,3970.4,3972.7,379808.71
2025-10-24 05:45:00,3972.11,3987.98,3970.4,3972.7,379808.71
2025-10-24 05:45:00,3972.11,3987.98,3970.4,3972.7,379808.71
2025-10-24 05:45:00,3972.11,3987.98,3970.4,3972.7,379808.71
2025-10-24 05:45:00,3972.11,3987.98,3970.4,3972.7,379808.71
2025-10-24 05:45:00,3972.11,3987.98,3970.4,3972.7,379808.71
2025-10-24 05:45:00,3972.11,3987.98,3970.4,3972.7,379808.71
2025-10-24 05:45:00,3972.11,3987.98,3970.4,3972.7,379808.71
2025-10-24 05:45:00,3972.11,3987.98,3970.4,3972.7,379808.71
2025-10-24 05:45:00,3972.11,3987.98,3970.4,3972.7,379808.71
2025-10-24 05:45:00,3972.11,3987.98,3970.4,3972.7,379808.71
2025-10-24 05:45:00,3972.11,3987.98,3970.4,3972.7,379808.71
2025-10-24 05:45:00,3972.11,3987.98,3970.4,3972.7,379808.71
2025-10-24 05:45:00,3972.11,3987.98,3970.4,3972.7,379808.71
2025-10-24 05:45:00,3972.11,3987.98,3970.4,3972.7,379808.71
2025-10-24 05:45:00,3972.11,3987.98,3970.4,3972.7,379808.71
2025-10-24 05:45:00,3972.11,3987.98,3970.4,3972.7,379808.71
2025-10-24 05:45:00,3972.11,3987.98,3970.4,3972.7,379808.71
2025-10-24 05:45:00,3972.11,3987.98,3970.4,3972.7,379808.71
2025-10-24 05:45:00,3972.11,3987.98,3970.4,3972.7,379808.71
2025-10-24 05:45:00,3972.11,3987.98,3970.4,3972.7,379808.71
2025-10-24 05:45:00,3972.11,3987.98,3970.4,3972.7,379808.71
2025-10-24 05:45:00,3972.11,3987.98,3970.4,3972.7,379808.71
2025-10-24 05:45:00,3972.11,3987.98,3970.4,3972.7,379808.71
2025-10-24 05:45:00,3972.11,3987.98,3970.4,3972.7,379808.71
2025-10-24 05:45:00,3972.11,3987.98,3970.4,3972.7,379808.71
2025-10-24 05:45:00,3972.11,3987.98,3970.4,3972.7,379808.71
2025-10-24 05:45:00,3972.11,3987.98,3970.4,3972.7,379808.71
2025-10-24 05:45:00,3972.11,3987.98,3970.4,3972.7,379808.71
2025-10-24 05:45:00,3972.11,3987.98,3970.4,3972.7,379808.71
2025-10-24 05:45:00,3972.11,3987.98,3970.4,3972.7,379808.71
2025-10-24 05:45:00,3972.11,3987.98,3970.4,3972.7,379808.71
2025-10-24 05:45:00,3972.11,3987.98,3970.4,3972.7,379808.71
2025-10-24 05:45:00,3972.11,3987.98,3970.4,3972.7,379808.71
2025-10-24 05:45:00,3972.11,3987.98,3970.4,3972.7,379808.71
2025-10-24 05:45:00,3972.11,3987.98,3970.4,3972.7,379808.71
2025-10-24 05:45:00,3972.11,3987.98,3970.4,3972.7,379808.71
2025-10-24 05:45:00,3972.11,3987.98,3970.4,3972.7,379808.71
2025-10-24 05:45:00,3972.11,3987.98,3970.4,3972.7,379808.71
2025-10-24 05:45:00,3972.11,3987.98,3970.4,3972.7,379808.71
2025-10-24 05:45:00,3972.11,3987.98,3970.4,3972.7,379808.71
2025-10-24 06:00:00,3972.7,3974.55,3961.21,3967.09,305880.45
2025-10-24 06:00:00,3972.7,3974.55,3961.21,3967.09,305880.45
2025-10-24 06:00:00,3972.7,3974.55,3961.21,3967.09,305880.45
2025-10-24 06:00:00,3972.7,3974.55,3961.21,3967.09,305880.45
2025-10-24 06:00:00,3972.7,3974.55,3961.21,3967.09,305880.45
2025-10-24 06:00:00,3972.7,3974.55,3961.21,3967.09,305880.45
2025-10-24 06:00:00,3972.7,3974.55,3961.21,3967.09,305880.45
2025-10-24 06:00:00,3972.7,3974.55,3961.21,3967.09,305880.45
2025-10-24 06:00:00,3972.7,3974.55,3961.21,3967.09,305880.45
2025-10-24 06:00:00,3972.7,3974.55,3961.21,3967.09,305880.45
2025-10-24 06:00:00,3972.7,3974.55,3961.21,3967.09,305880.45
2025-10-24 06:00:00,3972.7,3974.55,3961.21,3967.09,305880.45
2025-10-24 06:00:00,3972.7,3974.55,3961.21,3967.09,305880.45
2025-10-24 06:00:00,3972.7,3974.55,3961.21,3967.09,305880.45
2025-10-24 06:00:00,3972.7,3974.55,3961.21,3967.09,305880.45
2025-10-24 06:00:00,3972.7,3974.55,3961.21,3967.09,305880.45
2025-10-24 06:00:00,3972.7,3974.55,3961.21,3967.09,305880.45
2025-10-24 06:00:00,3972.7,3974.55,3961.21,3967.09,305880.45
2025-10-24 06:00:00,3972.7,3974.55,3961.21,3967.09,305880.45
2025-10-24 06:00:00,3972.7,3974.55,3961.21,3967.09,305880.45
2025-10-24 06:00:00,3972.7,3974.55,3961.21,3967.09,305880.45
2025-10-24 06:00:00,3972.7,3974.55,3961.21,3967.09,305880.45
2025-10-24 06:00:00,3972.7,3974.55,3961.21,3967.09,305880.45
2025-10-24 06:00:00,3972.7,3974.55,3961.21,3967.09,305880.45
2025-10-24 06:00:00,3972.7,3974.55,3961.21,3967.09,305880.45
2025-10-24 06:00:00,3972.7,3974.55,3961.21,3967.09,305880.45
2025-10-24 06:00:00,3972.7,3974.55,3961.21,3967.09,305880.45
2025-10-24 06:00:00,3972.7,3974.55,3961.21,3967.09,305880.45
2025-10-24 06:00:00,3972.7,3974.55,3961.21,3967.09,305880.45
2025-10-24 06:00:00,3972.7,3974.55,3961.21,3967.09,305880.45
2025-10-24 06:00:00,3972.7,3974.55,3961.21,3967.09,305880.45
2025-10-24 06:00:00,3972.7,3974.55,3961.21,3967.09,305880.45
2025-10-24 06:00:00,3972.7,3974.55,3961.21,3967.09,305880.45
2025-10-24 06:00:00,3972.7,3974.55,3961.21,3967.09,305880.45
2025-10-24 06:00:00,3972.7,3974.55,3961.21,3967.09,305880.45
2025-10-24 06:00:00,3972.7,3974.55,3961.21,3967.09,305880.45
2025-10-24 06:00:00,3972.7,3974.55,3961.21,3967.09,305880.45
2025-10-24 06:00:00,3972.7,3974.55,3961.21,3967.09,305880.45
2025-10-24 06:00:00,3972.7,3974.55,3961.21,3967.09,305880.45
2025-10-24 06:00:00,3972.7,3974.55,3961.21,3967.09,305880.45
2025-10-24 06:00:00,3972.7,3974.55,3961.21,3967.09,305880.45
2025-10-24 06:00:00,3972.7,3974.55,3961.21,3967.09,305880.45
2025-10-24 06:00:00,3972.7,3974.55,3961.21,3967.09,305880.45
2025-10-24 06:00:00,3972.7,3974.55,3961.21,3967.09,305880.45
2025-10-24 06:00:00,3972.7,3974.55,3961.21,3967.09,305880.45
2025-10-24 06:00:00,3972.7,3974.55,3961.21,3967.09,305880.45
2025-10-24 06:00:00,3972.7,3974.55,3961.21,3967.09,305880.45
2025-10-24 06:00:00,3972.7,3974.55,3961.21,3967.09,305880.45
2025-10-24 06:00:00,3972.7,3974.55,3961.21,3967.09,305880.45
2025-10-24 06:00:00,3972.7,3974.55,3961.21,3967.09,305880.45
2025-10-24 06:00:00,3972.7,3974.55,3961.21,3967.09,305880.45
2025-10-24 06:00:00,3972.7,3974.55,3961.21,3967.09,305880.45
2025-10-24 06:00:00,3972.7,3974.55,3961.21,3967.09,305880.45
2025-10-24 06:15:00,3967.08,3983.54,3962.05,3983.51,258380.17
2025-10-24 06:15:00,3967.08,3983.54,3962.05,3983.51,258380.17
2025-10-24 06:15:00,3967.08,3983.54,3962.05,3983.51,258380.17
2025-10-24 06:15:00,3967.08,3983.54,3962.05,3983.51,258380.17
2025-10-24 06:15:00,3967.08,3983.54,3962.05,3983.51,258380.17
2025-10-24 06:15:00,3967.08,3983.54,3962.05,3983.51,258380.17
2025-10-24 06:15:00,3967.08,3983.54,3962.05,3983.51,258380.17
2025-10-24 06:15:00,3967.08,3983.54,3962.05,3983.51,258380.17
2025-10-24 06:15:00,3967.08,3983.54,3962.05,3983.51,258380.17
2025-10-24 06:15:00,3967.08,3983.54,3962.05,3983.51,258380.17
2025-10-24 06:15:00,3967.08,3983.54,3962.05,3983.51,258380.17
2025-10-24 06:15:00,3967.08,3983.54,3962.05,3983.51,258380.17
2025-10-24 06:15:00,3967.08,3983.54,3962.05,3983.51,258380.17
2025-10-24 06:15:00,3967.08,3983.54,3962.05,3983.51,258380.17
2025-10-24 06:15:00,3967.08,3983.54,3962.05,3983.51,258380.17
2025-10-24 06:15:00,3967.08,3983.54,3962.05,3983.51,258380.17
2025-10-24 06:15:00,3967.08,3983.54,3962.05,3983.51,258380.17
2025-10-24 06:15:00,3967.08,3983.54,3962.05,3983.51,258380.17
2025-10-24 06:15:00,3967.08,3983.54,3962.05,3983.51,258380.17
2025-10-24 06:15:00,3967.08,3983.54,3962.05,3983.51,258380.17
2025-10-24 06:15:00,3967.08,3983.54,3962.05,3983.51,258380.17
2025-10-24 06:15:00,3967.08,3983.54,3962.05,3983.51,258380.17
2025-10-24 06:15:00,3967.08,3983.54,3962.05,3983.51,258380.17
2025-10-24 06:15:00,3967.08,3983.54,3962.05,3983.51,258380.17
2025-10-24 06:15:00,3967.08,3983.54,3962.05,3983.51,258380.17
2025-10-24 06:15:00,3967.08,3983.54,3962.05,3983.51,258380.17
2025-10-24 06:15:00,3967.08,3983.54,3962.05,3983.51,258380.17
2025-10-24 06:15:00,3967.08,3983.54,3962.05,3983.51,258380.17
2025-10-24 06:15:00,3967.08,3983.54,3962.05,3983.51,258380.17
2025-10-24 06:15:00,3967.08,3983.54,3962.05,3983.51,258380.17
2025-10-24 06:15:00,3967.08,3983.54,3962.05,3983.51,258380.17
2025-10-24 06:15:00,3967.08,3983.54,3962.05,3983.51,258380.17
2025-10-24 06:15:00,3967.08,3983.54,3962.05,3983.51,258380.17
2025-10-24 06:15:00,3967.08,3983.54,3962.05,3983.51,258380.17
2025-10-24 06:15:00,3967.08,3983.54,3962.05,3983.51,258380.17
2025-10-24 06:15:00,3967.08,3983.54,3962.05,3983.51,258380.17
2025-10-24 06:15:00,3967.08,3983.54,3962.05,3983.51,258380.17
2025-10-24 06:15:00,3967.08,3983.54,3962.05,3983.51,258380.17
2025-10-24 06:15:00,3967.08,3983.54,3962.05,3983.51,258380.17
2025-10-24 06:15:00,3967.08,3983.54,3962.05,3983.51,258380.17
2025-10-24 06:15:00,3967.08,3983.54,3962.05,3983.51,258380.17
2025-10-24 06:15:00,3967.08,3983.54,3962.05,3983.51,258380.17
2025-10-24 06:15:00,3967.08,3983.54,3962.05,3983.51,258380.17
2025-10-24 06:15:00,3967.08,3983.54,3962.05,3983.51,258380.17
2025-10-24 06:15:00,3967.08,3983.54,3962.05,3983.51,258380.17
2025-10-24 06:15:00,3967.08,3983.54,3962.05,3983.51,258380.17
2025-10-24 06:15:00,3967.08,3983.54,3962.05,3983.51,258380.17
2025-10-24 06:15:00,3967.08,3983.54,3962.05,3983.51,258380.17
2025-10-24 06:15:00,3967.08,3983.54,3962.05,3983.51,258380.17
2025-10-24 06:15:00,3967.08,3983.54,3962.05,3983.51,258380.17
2025-10-24 06:15:00,3967.08,3983.54,3962.05,3983.51,258380.17
2025-10-24 06:15:00,3967.08,3983.54,3962.05,3983.51,258380.17
2025-10-24 06:15:00,3967.08,3983.54,3962.05,3983.51,258380.17
2025-10-24 06:30:00,3983.52,3983.98,3976.76,3978.38,211925.47
2025-10-24 06:30:00,3983.52,3983.98,3976.76,3978.38,211925.47
2025-10-24 06:30:00,3983.52,3983.98,3976.76,3978.38,211925.47
2025-10-24 06:30:00,3983.52,3983.98,3976.76,3978.38,211925.47
2025-10-24 06:30:00,3983.52,3983.98,3976.76,3978.38,211925.47
2025-10-24 06:30:00,3983.52,3983.98,3976.76,3978.38,211925.47
2025-10-24 06:30:00,3983.52,3983.98,3976.76,3978.38,211925.47
2025-10-24 06:30:00,3983.52,3983.98,3976.76,3978.38,211925.47
2025-10-24 06:30:00,3983.52,3983.98,3976.76,3978.38,211925.47
2025-10-24 06:30:00,3983.52,3983.98,3976.76,3978.38,211925.47
2025-10-24 06:30:00,3983.52,3983.98,3976.76,3978.38,211925.47
2025-10-24 06:30:00,3983.52,3983.98,3976.76,3978.38,211925.47
2025-10-24 06:30:00,3983.52,3983.98,3976.76,3978.38,211925.47
2025-10-24 06:30:00,3983.52,3983.98,3976.76,3978.38,211925.47
2025-10-24 06:30:00,3983.52,3983.98,3976.76,3978.38,211925.47
2025-10-24 06:30:00,3983.52,3983.98,3976.76,3978.38,211925.47
2025-10-24 06:30:00,3983.52,3983.98,3976.76,3978.38,211925.47
2025-10-24 06:30:00,3983.52,3983.98,3976.76,3978.38,211925.47
2025-10-24 06:30:00,3983.52,3983.98,3976.76,3978.38,211925.47
2025-10-24 06:30:00,3983.52,3983.98,3976.76,3978.38,211925.47
2025-10-24 06:30:00,3983.52,3983.98,3976.76,3978.38,211925.47
2025-10-24 06:30:00,3983.52,3983.98,3976.76,3978.38,211925.47
2025-10-24 06:30:00,3983.52,3983.98,3976.76,3978.38,211925.47
2025-10-24 06:30:00,3983.52,3983.98,3976.76,3978.38,211925.47
2025-10-24 06:30:00,3983.52,3983.98,3976.76,3978.38,211925.47
2025-10-24 06:30:00,3983.52,3983.98,3976.76,3978.38,211925.47
2025-10-24 06:30:00,3983.52,3983.98,3976.76,3978.38,211925.47
2025-10-24 06:30:00,3983.52,3983.98,3976.76,3978.38,211925.47
2025-10-24 06:30:00,3983.52,3983.98,3976.76,3978.38,211925.47
2025-10-24 06:30:00,3983.52,3983.98,3976.76,3978.38,211925.47
2025-10-24 06:30:00,3983.52,3983.98,3976.76,3978.38,211925.47
2025-10-24 06:30:00,3983.52,3983.98,3976.76,3978.38,211925.47
2025-10-24 06:30:00,3983.52,3983.98,3976.76,3978.38,211925.47
2025-10-24 06:30:00,3983.52,3983.98,3976.76,3978.38,211925.47
2025-10-24 06:30:00,3983.52,3983.98,3976.76,3978.38,211925.47
2025-10-24 06:30:00,3983.52,3983.98,3976.76,3978.38,211925.47
2025-10-24 06:30:00,3983.52,3983.98,3976.76,3978.38,211925.47
2025-10-24 06:30:00,3983.52,3983.98,3976.76,3978.38,211925.47
2025-10-24 06:30:00,3983.52,3983.98,3976.76,3978.38,211925.47
2025-10-24 06:30:00,3983.52,3983.98,3976.76,3978.38,211925.47
2025-10-24 06:30:00,3983.52,3983.98,3976.76,3978.38,211925.47
2025-10-24 06:30:00,3983.52,3983.98,3976.76,3978.38,211925.47
2025-10-24 06:30:00,3983.52,3983.98,3976.76,3978.38,211925.47
2025-10-24 06:30:00,3983.52,3983.98,3976.76,3978.38,211925.47
2025-10-24 06:30:00,3983.52,3983.98,3976.76,3978.38,211925.47
2025-10-24 06:30:00,3983.52,3983.98,3976.76,3978.38,211925.47
2025-10-24 06:30:00,3983.52,3983.98,3976.76,3978.38,211925.47
2025-10-24 06:30:00,3983.52,3983.98,3976.76,3978.38,211925.47
2025-10-24 06:30:00,3983.52,3983.98,3976.76,3978.38,211925.47
2025-10-24 06:30:00,3983.52,3983.98,3976.76,3978.38,211925.47
2025-10-24 06:30:00,3983.52,3983.98,3976.76,3978.38,211925.47
2025-10-24 06:30:00,3983.52,3983.98,3976.76,3978.38,211925.47
2025-10-24 06:30:00,3983.52,3983.98,3976.76,3978.38,211925.47
2025-10-24 06:45:00,3978.38,3985.8,3975.3,3980.88,195317.81
2025-10-24 06:45:00,3978.38,3985.8,3975.3,3980.88,195317.81
2025-10-24 06:45:00,3978.38,3985.8,3975.3,3980.88,195317.81
2025-10-24 06:45:00,3978.38,3985.8,3975.3,3980.88,195317.81
2025-10-24 06:45:00,3978.38,3985.8,3975.3,3980.88,195317.81
2025-10-24 06:45:00,3978.38,3985.8,3975.3,3980.88,195317.81
2025-10-24 06:45:00,3978.38,3985.8,3975.3,3980.88,195317.81
2025-10-24 06:45:00,3978.38,3985.8,3975.3,3980.88,195317.81
2025-10-24 06:45:00,3978.38,3985.8,3975.3,3980.88,195317.81
2025-10-24 06:45:00,3978.38,3985.8,3975.3,3980.88,195317.81
2025-10-24 06:45:00,3978.38,3985.8,3975.3,3980.88,195317.81
2025-10-24 06:45:00,3978.38,3985.8,3975.3,3980.88,195317.81
2025-10-24 06:45:00,3978.38,3985.8,3975.3,3980.88,195317.81
2025-10-24 06:45:00,3978.38,3985.8,3975.3,3980.88,195317.81
2025-10-24 06:45:00,3978.38,3985.8,3975.3,3980.88,195317.81
2025-10-24 06:45:00,3978.38,3985.8,3975.3,3980.88,195317.81
2025-10-24 06:45:00,3978.38,3985.8,3975.3,3980.88,195317.81
2025-10-24 06:45:00,3978.38,3985.8,3975.3,3980.88,195317.81
2025-10-24 06:45:00,3978.38,3985.8,3975.3,3980.88,195317.81
2025-10-24 06:45:00,3978.38,3985.8,3975.3,3980.88,195317.81
2025-10-24 06:45:00,3978.38,3985.8,3975.3,3980.88,195317.81
2025-10-24 06:45:00,3978.38,3985.8,3975.3,3980.88,195317.81
2025-10-24 06:45:00,3978.38,3985.8,3975.3,3980.88,195317.81
2025-10-24 06:45:00,3978.38,3985.8,3975.3,3980.88,195317.81
2025-10-24 06:45:00,3978.38,3985.8,3975.3,3980.88,195317.81
2025-10-24 06:45:00,3978.38,3985.8,3975.3,3980.88,195317.81
2025-10-24 06:45:00,3978.38,3985.8,3975.3,3980.88,195317.81
2025-10-24 06:45:00,3978.38,3985.8,3975.3,3980.88,195317.81
2025-10-24 06:45:00,3978.38,3985.8,3975.3,3980.88,195317.81
2025-10-24 06:45:00,3978.38,3985.8,3975.3,3980.88,195317.81
2025-10-24 06:45:00,3978.38,3985.8,3975.3,3980.88,195317.81
2025-10-24 06:45:00,3978.38,3985.8,3975.3,3980.88,195317.81
2025-10-24 06:45:00,3978.38,3985.8,3975.3,3980.88,195317.81
2025-10-24 06:45:00,3978.38,3985.8,3975.3,3980.88,195317.81
2025-10-24 06:45:00,3978.38,3985.8,3975.3,3980.88,195317.81
2025-10-24 06:45:00,3978.38,3985.8,3975.3,3980.88,195317.81
2025-10-24 06:45:00,3978.38,3985.8,3975.3,3980.88,195317.81
2025-10-24 06:45:00,3978.38,3985.8,3975.3,3980.88,195317.81
2025-10-24 06:45:00,3978.38,3985.8,3975.3,3980.88,195317.81
2025-10-24 06:45:00,3978.38,3985.8,3975.3,3980.88,195317.81
2025-10-24 06:45:00,3978.38,3985.8,3975.3,3980.88,195317.81
2025-10-24 06:45:00,3978.38,3985.8,3975.3,3980.88,195317.81
2025-10-24 06:45:00,3978.38,3985.8,3975.3,3980.88,195317.81
2025-10-24 06:45:00,3978.38,3985.8,3975.3,3980.88,195317.81
2025-10-24 06:45:00,3978.38,3985.8,3975.3,3980.88,195317.81
2025-10-24 06:45:00,3978.38,3985.8,3975.3,3980.88,195317.81
2025-10-24 06:45:00,3978.38,3985.8,3975.3,3980.88,195317.81
2025-10-24 06:45:00,3978.38,3985.8,3975.3,3980.88,195317.81
2025-10-24 06:45:00,3978.38,3985.8,3975.3,3980.88,195317.81
2025-10-24 06:45:00,3978.38,3985.8,3975.3,3980.88,195317.81
2025-10-24 06:45:00,3978.38,3985.8,3975.3,3980.88,195317.81
2025-10-24 06:45:00,3978.38,3985.8,3975.3,3980.88,195317.81
2025-10-24 06:45:00,3978.38,3985.8,3975.3,3980.88,195317.81
2025-10-24 07:00:00,3980.87,3982.48,3972.14,3972.16,220479.54
2025-10-24 07:00:00,3980.87,3982.48,3972.14,3972.16,220479.54
2025-10-24 07:00:00,3980.87,3982.48,3972.14,3972.16,220479.54
2025-10-24 07:00:00,3980.87,3982.48,3972.14,3972.16,220479.54
2025-10-24 07:00:00,3980.87,3982.48,3972.14,3972.16,220479.54
2025-10-24 07:00:00,3980.87,3982.48,3972.14,3972.16,220479.54
2025-10-24 07:00:00,3980.87,3982.48,3972.14,3972.16,220479.54
2025-10-24 07:00:00,3980.87,3982.48,3972.14,3972.16,220479.54
2025-10-24 07:00:00,3980.87,3982.48,3972.14,3972.16,220479.54
2025-10-24 07:00:00,3980.87,3982.48,3972.14,3972.16,220479.54
2025-10-24 07:00:00,3980.87,3982.48,3972.14,3972.16,220479.54
2025-10-24 07:00:00,3980.87,3982.48,3972.14,3972.16,220479.54
2025-10-24 07:00:00,3980.87,3982.48,3972.14,3972.16,220479.54
2025-10-24 07:00:00,3980.87,3982.48,3972.14,3972.16,220479.54
2025-10-24 07:00:00,3980.87,3982.48,3972.14,3972.16,220479.54
2025-10-24 07:00:00,3980.87,3982.48,3972.14,3972.16,220479.54
2025-10-24 07:00:00,3980.87,3982.48,3972.14,3972.16,220479.54
2025-10-24 07:00:00,3980.87,3982.48,3972.14,3972.16,220479.54
2025-10-24 07:00:00,3980.87,3982.48,3972.14,3972.16,220479.54
2025-10-24 07:00:00,3980.87,3982.48,3972.14,3972.16,220479.54
2025-10-24 07:00:00,3980.87,3982.48,3972.14,3972.16,220479.54
2025-10-24 07:00:00,3980.87,3982.48,3972.14,3972.16,220479.54
2025-10-24 07:00:00,3980.87,3982.48,3972.14,3972.16,220479.54
2025-10-24 07:00:00,3980.87,3982.48,3972.14,3972.16,220479.54
2025-10-24 07:00:00,3980.87,3982.48,3972.14,3972.16,220479.54
2025-10-24 07:00:00,3980.87,3982.48,3972.14,3972.16,220479.54
2025-10-24 07:00:00,3980.87,3982.48,3972.14,3972.16,220479.54
2025-10-24 07:00:00,3980.87,3982.48,3972.14,3972.16,220479.54
2025-10-24 07:00:00,3980.87,3982.48,3972.14,3972.16,220479.54
2025-10-24 07:00:00,3980.87,3982.48,3972.14,3972.16,220479.54
2025-10-24 07:00:00,3980.87,3982.48,3972.14,3972.16,220479.54
2025-10-24 07:00:00,3980.87,3982.48,3972.14,3972.16,220479.54
2025-10-24 07:00:00,3980.87,3982.48,3972.14,3972.16,220479.54
2025-10-24 07:00:00,3980.87,3982.48,3972.14,3972.16,220479.54
2025-10-24 07:00:00,3980.87,3982.48,3972.14,3972.16,220479.54
2025-10-24 07:00:00,3980.87,3982.48,3972.14,3972.16,220479.54
2025-10-24 07:00:00,3980.87,3982.48,3972.14,3972.16,220479.54
2025-10-24 07:00:00,3980.87,3982.48,3972.14,3972.16,220479.54
2025-10-24 07:00:00,3980.87,3982.48,3972.14,3972.16,220479.54
2025-10-24 07:00:00,3980.87,3982.48,3972.14,3972.16,220479.54
2025-10-24 07:00:00,3980.87,3982.48,3972.14,3972.16,220479.54
2025-10-24 07:00:00,3980.87,3982.48,3972.14,3972.16,220479.54
2025-10-24 07:00:00,3980.87,3982.48,3972.14,3972.16,220479.54
2025-10-24 07:00:00,3980.87,3982.48,3972.14,3972.16,220479.54
2025-10-24 07:00:00,3980.87,3982.48,3972.14,3972.16,220479.54
2025-10-24 07:00:00,3980.87,3982.48,3972.14,3972.16,220479.54
2025-10-24 07:00:00,3980.87,3982.48,3972.14,3972.16,220479.54
2025-10-24 07:00:00,3980.87,3982.48,3972.14,3972.16,220479.54
2025-10-24 07:00:00,3980.87,3982.48,3972.14,3972.16,220479.54
2025-10-24 07:00:00,3980.87,3982.48,3972.14,3972.16,220479.54
2025-10-24 07:00:00,3980.87,3982.48,3972.14,3972.16,220479.54
2025-10-24 07:00:00,3980.87,3982.48,3972.14,3972.16,220479.54
2025-10-24 07:00:00,3980.87,3982.48,3972.14,3972.16,220479.54
2025-10-24 07:15:00,3972.16,3974.85,3965.54,3970.99,186114.37
2025-10-24 07:15:00,3972.16,3974.85,3965.54,3970.99,186114.37
2025-10-24 07:15:00,3972.16,3974.85,3965.54,3970.99,186114.37
2025-10-24 07:15:00,3972.16,3974.85,3965.54,3970.99,186114.37
2025-10-24 07:15:00,3972.16,3974.85,3965.54,3970.99,186114.37
2025-10-24 07:15:00,3972.16,3974.85,3965.54,3970.99,186114.37
2025-10-24 07:15:00,3972.16,3974.85,3965.54,3970.99,186114.37
2025-10-24 07:15:00,3972.16,3974.85,3965.54,3970.99,186114.37
2025-10-24 07:15:00,3972.16,3974.85,3965.54,3970.99,186114.37
2025-10-24 07:15:00,3972.16,3974.85,3965.54,3970.99,186114.37
2025-10-24 07:15:00,3972.16,3974.85,3965.54,3970.99,186114.37
2025-10-24 07:15:00,3972.16,3974.85,3965.54,3970.99,186114.37
2025-10-24 07:15:00,3972.16,3974.85,3965.54,3970.99,186114.37
2025-10-24 07:15:00,3972.16,3974.85,3965.54,3970.99,186114.37
2025-10-24 07:15:00,3972.16,3974.85,3965.54,3970.99,186114.37
2025-10-24 07:15:00,3972.16,3974.85,3965.54,3970.99,186114.37
2025-10-24 07:15:00,3972.16,3974.85,3965.54,3970.99,186114.37
2025-10-24 07:15:00,3972.16,3974.85,3965.54,3970.99,186114.37
2025-10-24 07:15:00,3972.16,3974.85,3965.54,3970.99,186114.37
2025-10-24 07:15:00,3972.16,3974.85,3965.54,3970.99,186114.37
2025-10-24 07:15:00,3972.16,3974.85,3965.54,3970.99,186114.37
2025-10-24 07:15:00,3972.16,3974.85,3965.54,3970.99,186114.37
2025-10-24 07:15:00,3972.16,3974.85,3965.54,3970.99,186114.37
2025-10-24 07:15:00,3972.16,3974.85,3965.54,3970.99,186114.37
2025-10-24 07:15:00,3972.16,3974.85,3965.54,3970.99,186114.37
2025-10-24 07:15:00,3972.16,3974.85,3965.54,3970.99,186114.37
2025-10-24 07:15:00,3972.16,3974.85,3965.54,3970.99,186114.37
2025-10-24 07:15:00,3972.16,3974.85,3965.54,3970.99,186114.37
2025-10-24 07:15:00,3972.16,3974.85,3965.54,3970.99,186114.37
2025-10-24 07:15:00,3972.16,3974.85,3965.54,3970.99,186114.37
2025-10-24 07:15:00,3972.16,3974.85,3965.54,3970.99,186114.37
2025-10-24 07:15:00,3972.16,3974.85,3965.54,3970.99,186114.37
2025-10-24 07:15:00,3972.16,3974.85,3965.54,3970.99,186114.37
2025-10-24 07:15:00,3972.16,3974.85,3965.54,3970.99,186114.37
2025-10-24 07:15:00,3972.16,3974.85,3965.54,3970.99,186114.37
2025-10-24 07:15:00,3972.16,3974.85,3965.54,3970.99,186114.37
2025-10-24 07:15:00,3972.16,3974.85,3965.54,3970.99,186114.37
2025-10-24 07:15:00,3972.16,3974.85,3965.54,3970.99,186114.37
2025-10-24 07:15:00,3972.16,3974.85,3965.54,3970.99,186114.37
2025-10-24 07:15:00,3972.16,3974.85,3965.54,3970.99,186114.37
2025-10-24 07:15:00,3972.16,3974.85,3965.54,3970.99,186114.37
2025-10-24 07:15:00,3972.16,3974.85,3965.54,3970.99,186114.37
2025-10-24 07:15:00,3972.16,3974.85,3965.54,3970.99,186114.37
2025-10-24 07:15:00,3972.16,3974.85,3965.54,3970.99,186114.37
2025-10-24 07:15:00,3972.16,3974.85,3965.54,3970.99,186114.37
2025-10-24 07:15:00,3972.16,3974.85,3965.54,3970.99,186114.37
2025-10-24 07:15:00,3972.16,3974.85,3965.54,3970.99,186114.37
2025-10-24 07:15:00,3972.16,3974.85,3965.54,3970.99,186114.37
2025-10-24 07:15:00,3972.16,3974.85,3965.54,3970.99,186114.37
2025-10-24 07:15:00,3972.16,3974.85,3965.54,3970.99,186114.37
2025-10-24 07:15:00,3972.16,3974.85,3965.54,3970.99,186114.37
2025-10-24 07:15:00,3972.16,3974.85,3965.54,3970.99,186114.37
2025-10-24 07:15:00,3972.16,3974.85,3965.54,3970.99,186114.37
2025-10-24 07:30:00,3970.98,3972.5,3945.89,3946.98,668384.22
2025-10-24 07:30:00,3970.98,3972.5,3945.89,3946.98,668384.22
2025-10-24 07:30:00,3970.98,3972.5,3945.89,3946.98,668384.22
2025-10-24 07:30:00,3970.98,3972.5,3945.89,3946.98,668384.22
2025-10-24 07:30:00,3970.98,3972.5,3945.89,3946.98,668384.22
2025-10-24 07:30:00,3970.98,3972.5,3945.89,3946.98,668384.22
2025-10-24 07:30:00,3970.98,3972.5,3945.89,3946.98,668384.22
2025-10-24 07:30:00,3970.98,3972.5,3945.89,3946.98,668384.22
2025-10-24 07:30:00,3970.98,3972.5,3945.89,3946.98,668384.22
2025-10-24 07:30:00,3970.98,3972.5,3945.89,3946.98,668384.22
2025-10-24 07:30:00,3970.98,3972.5,3945.89,3946.98,668384.22
2025-10-24 07:30:00,3970.98,3972.5,3945.89,3946.98,668384.22
2025-10-24 07:30:00,3970.98,3972.5,3945.89,3946.98,668384.22
2025-10-24 07:30:00,3970.98,3972.5,3945.89,3946.98,668384.22
2025-10-24 07:30:00,3970.98,3972.5,3945.89,3946.98,668384.22
2025-10-24 07:30:00,3970.98,3972.5,3945.89,3946.98,668384.22
2025-10-24 07:30:00,3970.98,3972.5,3945.89,3946.98,668384.22
2025-10-24 07:30:00,3970.98,3972.5,3945.89,3946.98,668384.22
2025-10-24 07:30:00,3970.98,3972.5,3945.89,3946.98,668384.22
2025-10-24 07:30:00,3970.98,3972.5,3945.89,3946.98,668384.22
2025-10-24 07:30:00,3970.98,3972.5,3945.89,3946.98,668384.22
2025-10-24 07:30:00,3970.98,3972.5,3945.89,3946.98,668384.22
2025-10-24 07:30:00,3970.98,3972.5,3945.89,3946.98,668384.22
2025-10-24 07:30:00,3970.98,3972.5,3945.89,3946.98,668384.22
2025-10-24 07:30:00,3970.98,3972.5,3945.89,3946.98,668384.22
2025-10-24 07:30:00,3970.98,3972.5,3945.89,3946.98,668384.22
2025-10-24 07:30:00,3970.98,3972.5,3945.89,3946.98,668384.22
2025-10-24 07:30:00,3970.98,3972.5,3945.89,3946.98,668384.22
2025-10-24 07:30:00,3970.98,3972.5,3945.89,3946.98,668384.22
2025-10-24 07:30:00,3970.98,3972.5,3945.89,3946.98,668384.22
2025-10-24 07:30:00,3970.98,3972.5,3945.89,3946.98,668384.22
2025-10-24 07:30:00,3970.98,3972.5,3945.89,3946.98,668384.22
2025-10-24 07:30:00,3970.98,3972.5,3945.89,3946.98,668384.22
2025-10-24 07:30:00,3970.98,3972.5,3945.89,3946.98,668384.22
2025-10-24 07:30:00,3970.98,3972.5,3945.89,3946.98,668384.22
2025-10-24 07:30:00,3970.98,3972.5,3945.89,3946.98,668384.22
2025-10-24 07:30:00,3970.98,3972.5,3945.89,3946.98,668384.22
2025-10-24 07:30:00,3970.98,3972.5,3945.89,3946.98,668384.22
2025-10-24 07:30:00,3970.98,3972.5,3945.89,3946.98,668384.22
2025-10-24 07:30:00,3970.98,3972.5,3945.89,3946.98,668384.22
2025-10-24 07:30:00,3970.98,3972.5,3945.89,3946.98,668384.22
2025-10-24 07:30:00,3970.98,3972.5,3945.89,3946.98,668384.22
2025-10-24 07:30:00,3970.98,3972.5,3945.89,3946.98,668384.22
2025-10-24 07:30:00,3970.98,3972.5,3945.89,3946.98,668384.22
2025-10-24 07:30:00,3970.98,3972.5,3945.89,3946.98,668384.22
2025-10-24 07:30:00,3970.98,3972.5,3945.89,3946.98,668384.22
2025-10-24 07:30:00,3970.98,3972.5,3945.89,3946.98,668384.22
2025-10-24 07:30:00,3970.98,3972.5,3945.89,3946.98,668384.22
2025-10-24 07:30:00,3970.98,3972.5,3945.89,3946.98,668384.22
2025-10-24 07:30:00,3970.98,3972.5,3945.89,3946.98,668384.22
2025-10-24 07:30:00,3970.98,3972.5,3945.89,3946.98,668384.22
2025-10-24 07:30:00,3970.98,3972.5,3945.89,3946.98,668384.22
2025-10-24 07:30:00,3970.98,3972.5,3945.89,3946.98,668384.22
2025-10-24 07:45:00,3946.99,3949.51,3933.0,3947.53,731174.43
2025-10-24 07:45:00,3946.99,3949.51,3933.0,3947.53,731174.43
2025-10-24 07:45:00,3946.99,3949.51,3933.0,3947.53,731174.43
2025-10-24 07:45:00,3946.99,3949.51,3933.0,3947.53,731174.43
2025-10-24 07:45:00,3946.99,3949.51,3933.0,3947.53,731174.43
2025-10-24 07:45:00,3946.99,3949.51,3933.0,3947.53,731174.43
2025-10-24 07:45:00,3946.99,3949.51,3933.0,3947.53,731174.43
2025-10-24 07:45:00,3946.99,3949.51,3933.0,3947.53,731174.43
2025-10-24 07:45:00,3946.99,3949.51,3933.0,3947.53,731174.43
2025-10-24 07:45:00,3946.99,3949.51,3933.0,3947.53,731174.43
2025-10-24 07:45:00,3946.99,3949.51,3933.0,3947.53,731174.43
2025-10-24 07:45:00,3946.99,3949.51,3933.0,3947.53,731174.43
2025-10-24 07:45:00,3946.99,3949.51,3933.0,3947.53,731174.43
2025-10-24 07:45:00,3946.99,3949.51,3933.0,3947.53,731174.43
2025-10-24 07:45:00,3946.99,3949.51,3933.0,3947.53,731174.43
2025-10-24 07:45:00,3946.99,3949.51,3933.0,3947.53,731174.43
2025-10-24 07:45:00,3946.99,3949.51,3933.0,3947.53,731174.43
2025-10-24 07:45:00,3946.99,3949.51,3933.0,3947.53,731174.43
2025-10-24 07:45:00,3946.99,3949.51,3933.0,3947.53,731174.43
2025-10-24 07:45:00,3946.99,3949.51,3933.0,3947.53,731174.43
2025-10-24 07:45:00,3946.99,3949.51,3933.0,3947.53,731174.43
2025-10-24 07:45:00,3946.99,3949.51,3933.0,3947.53,731174.43
2025-10-24 07:45:00,3946.99,3949.51,3933.0,3947.53,731174.43
2025-10-24 07:45:00,3946.99,3949.51,3933.0,3947.53,731174.43
2025-10-24 07:45:00,3946.99,3949.51,3933.0,3947.53,731174.43
2025-10-24 07:45:00,3946.99,3949.51,3933.0,3947.53,731174.43
2025-10-24 07:45:00,3946.99,3949.51,3933.0,3947.53,731174.43
2025-10-24 07:45:00,3946.99,3949.51,3933.0,3947.53,731174.43
2025-10-24 07:45:00,3946.99,3949.51,3933.0,3947.53,731174.43
2025-10-24 07:45:00,3946.99,3949.51,3933.0,3947.53,731174.43
2025-10-24 07:45:00,3946.99,3949.51,3933.0,3947.53,731174.43
2025-10-24 07:45:00,3946.99,3949.51,3933.0,3947.53,731174.43
2025-10-24 07:45:00,3946.99,3949.51,3933.0,3947.53,731174.43
2025-10-24 07:45:00,3946.99,3949.51,3933.0,3947.53,731174.43
2025-10-24 07:45:00,3946.99,3949.51,3933.0,3947.53,731174.43
2025-10-24 07:45:00,3946.99,3949.51,3933.0,3947.53,731174.43
2025-10-24 07:45:00,3946.99,3949.51,3933.0,3947.53,731174.43
2025-10-24 07:45:00,3946.99,3949.51,3933.0,3947.53,731174.43
2025-10-24 07:45:00,3946.99,3949.51,3933.0,3947.53,731174.43
2025-10-24 07:45:00,3946.99,3949.51,3933.0,3947.53,731174.43
2025-10-24 07:45:00,3946.99,3949.51,3933.0,3947.53,731174.43
2025-10-24 07:45:00,3946.99,3949.51,3933.0,3947.53,731174.43
2025-10-24 07:45:00,3946.99,3949.51,3933.0,3947.53,731174.43
2025-10-24 07:45:00,3946.99,3949.51,3933.0,3947.53,731174.43
2025-10-24 07:45:00,3946.99,3949.51,3933.0,3947.53,731174.43
2025-10-24 07:45:00,3946.99,3949.51,3933.0,3947.53,731174.43
2025-10-24 07:45:00,3946.99,3949.51,3933.0,3947.53,731174.43
2025-10-24 07:45:00,3946.99,3949.51,3933.0,3947.53,731174.43
2025-10-24 07:45:00,3946.99,3949.51,3933.0,3947.53,731174.43
2025-10-24 07:45:00,3946.99,3949.51,3933.0,3947.53,731174.43
2025-10-24 07:45:00,3946.99,3949.51,3933.0,3947.53,731174.43
2025-10-24 07:45:00,3946.99,3949.51,3933.0,3947.53,731174.43
2025-10-24 07:45:00,3946.99,3949.51,3933.0,3947.53,731174.43
2025-10-24 08:00:00,3947.53,3949.79,3929.32,3941.61,417615.45
2025-10-24 08:00:00,3947.53,3949.79,3929.32,3941.61,417615.45
2025-10-24 08:00:00,3947.53,3949.79,3929.32,3941.61,417615.45
2025-10-24 08:00:00,3947.53,3949.79,3929.32,3941.61,417615.45
2025-10-24 08:00:00,3947.53,3949.79,3929.32,3941.61,417615.45
2025-10-24 08:00:00,3947.53,3949.79,3929.32,3941.61,417615.45
2025-10-24 08:00:00,3947.53,3949.79,3929.32,3941.61,417615.45
2025-10-24 08:00:00,3947.53,3949.79,3929.32,3941.61,417615.45
2025-10-24 08:00:00,3947.53,3949.79,3929.32,3941.61,417615.45
2025-10-24 08:00:00,3947.53,3949.79,3929.32,3941.61,417615.45
2025-10-24 08:00:00,3947.53,3949.79,3929.32,3941.61,417615.45
2025-10-24 08:00:00,3947.53,3949.79,3929.32,3941.61,417615.45
2025-10-24 08:00:00,3947.53,3949.79,3929.32,3941.61,417615.45
2025-10-24 08:00:00,3947.53,3949.79,3929.32,3941.61,417615.45
2025-10-24 08:00:00,3947.53,3949.79,3929.32,3941.61,417615.45
2025-10-24 08:00:00,3947.53,3949.79,3929.32,3941.61,417615.45
2025-10-24 08:00:00,3947.53,3949.79,3929.32,3941.61,417615.45
2025-10-24 08:00:00,3947.53,3949.79,3929.32,3941.61,417615.45
2025-10-24 08:00:00,3947.53,3949.79,3929.32,3941.61,417615.45
2025-10-24 08:00:00,3947.53,3949.79,3929.32,3941.61,417615.45
2025-10-24 08:00:00,3947.53,3949.79,3929.32,3941.61,417615.45
2025-10-24 08:00:00,3947.53,3949.79,3929.32,3941.61,417615.45
2025-10-24 08:00:00,3947.53,3949.79,3929.32,3941.61,417615.45
2025-10-24 08:00:00,3947.53,3949.79,3929.32,3941.61,417615.45
2025-10-24 08:00:00,3947.53,3949.79,3929.32,3941.61,417615.45
2025-10-24 08:00:00,3947.53,3949.79,3929.32,3941.61,417615.45
2025-10-24 08:00:00,3947.53,3949.79,3929.32,3941.61,417615.45
2025-10-24 08:00:00,3947.53,3949.79,3929.32,3941.61,417615.45
2025-10-24 08:00:00,3947.53,3949.79,3929.32,3941.61,417615.45
2025-10-24 08:00:00,3947.53,3949.79,3929.32,3941.61,417615.45
2025-10-24 08:00:00,3947.53,3949.79,3929.32,3941.61,417615.45
2025-10-24 08:00:00,3947.53,3949.79,3929.32,3941.61,417615.45
2025-10-24 08:00:00,3947.53,3949.79,3929.32,3941.61,417615.45
2025-10-24 08:00:00,3947.53,3949.79,3929.32,3941.61,417615.45
2025-10-24 08:00:00,3947.53,3949.79,3929.32,3941.61,417615.45
2025-10-24 08:00:00,3947.53,3949.79,3929.32,3941.61,417615.45
2025-10-24 08:00:00,3947.53,3949.79,3929.32,3941.61,417615.45
2025-10-24 08:00:00,3947.53,3949.79,3929.32,3941.61,417615.45
2025-10-24 08:00:00,3947.53,3949.79,3929.32,3941.61,417615.45
2025-10-24 08:00:00,3947.53,3949.79,3929.32,3941.61,417615.45
2025-10-24 08:00:00,3947.53,3949.79,3929.32,3941.61,417615.45
2025-10-24 08:00:00,3947.53,3949.79,3929.32,3941.61,417615.45
2025-10-24 08:00:00,3947.53,3949.79,3929.32,3941.61,417615.45
2025-10-24 08:00:00,3947.53,3949.79,3929.32,3941.61,417615.45
2025-10-24 08:00:00,3947.53,3949.79,3929.32,3941.61,417615.45
2025-10-24 08:00:00,3947.53,3949.79,3929.32,3941.61,417615.45
2025-10-24 08:00:00,3947.53,3949.79,3929.32,3941.61,417615.45
2025-10-24 08:00:00,3947.53,3949.79,3929.32,3941.61,417615.45
2025-10-24 08:00:00,3947.53,3949.79,3929.32,3941.61,417615.45
2025-10-24 08:00:00,3947.53,3949.79,3929.32,3941.61,417615.45
2025-10-24 08:00:00,3947.53,3949.79,3929.32,3941.61,417615.45
2025-10-24 08:00:00,3947.53,3949.79,3929.32,3941.61,417615.45
2025-10-24 08:00:00,3947.53,3949.79,3929.32,3941.61,417615.45
2025-10-24 08:15:00,3941.6,3941.61,3932.24,3934.43,159703.24
2025-10-24 08:15:00,3941.6,3941.61,3932.24,3934.43,159703.24
2025-10-24 08:15:00,3941.6,3941.61,3932.24,3934.43,159703.24
2025-10-24 08:15:00,3941.6,3941.61,3932.24,3934.43,159703.24
2025-10-24 08:15:00,3941.6,3941.61,3932.24,3934.43,159703.24
2025-10-24 08:15:00,3941.6,3941.61,3932.24,3934.43,159703.24
2025-10-24 08:15:00,3941.6,3941.61,3932.24,3934.43,159703.24
2025-10-24 08:15:00,3941.6,3941.61,3932.24,3934.43,159703.24
2025-10-24 08:15:00,3941.6,3941.61,3932.24,3934.43,159703.24
2025-10-24 08:15:00,3941.6,3941.61,3932.24,3934.43,159703.24
2025-10-24 08:15:00,3941.6,3941.61,3932.24,3934.43,159703.24
2025-10-24 08:15:00,3941.6,3941.61,3932.24,3934.43,159703.24
2025-10-24 08:15:00,3941.6,3941.61,3932.24,3934.43,159703.24
2025-10-24 08:15:00,3941.6,3941.61,3932.24,3934.43,159703.24
2025-10-24 08:15:00,3941.6,3941.61,3932.24,3934.43,159703.24
2025-10-24 08:15:00,3941.6,3941.61,3932.24,3934.43,159703.24
2025-10-24 08:15:00,3941.6,3941.61,3932.24,3934.43,159703.24
2025-10-24 08:15:00,3941.6,3941.61,3932.24,3934.43,159703.24
2025-10-24 08:15:00,3941.6,3941.61,3932.24,3934.43,159703.24
2025-10-24 08:15:00,3941.6,3941.61,3932.24,3934.43,159703.24
2025-10-24 08:15:00,3941.6,3941.61,3932.24,3934.43,159703.24
2025-10-24 08:15:00,3941.6,3941.61,3932.24,3934.43,159703.24
2025-10-24 08:15:00,3941.6,3941.61,3932.24,3934.43,159703.24
2025-10-24 08:15:00,3941.6,3941.61,3932.24,3934.43,159703.24
2025-10-24 08:15:00,3941.6,3941.61,3932.24,3934.43,159703.24
2025-10-24 08:15:00,3941.6,3941.61,3932.24,3934.43,159703.24
2025-10-24 08:15:00,3941.6,3941.61,3932.24,3934.43,159703.24
2025-10-24 08:15:00,3941.6,3941.61,3932.24,3934.43,159703.24
2025-10-24 08:15:00,3941.6,3941.61,3932.24,3934.43,159703.24
2025-10-24 08:15:00,3941.6,3941.61,3932.24,3934.43,159703.24
2025-10-24 08:15:00,3941.6,3941.61,3932.24,3934.43,159703.24
2025-10-24 08:15:00,3941.6,3941.61,3932.24,3934.43,159703.24
2025-10-24 08:15:00,3941.6,3941.61,3932.24,3934.43,159703.24
2025-10-24 08:15:00,3941.6,3941.61,3932.24,3934.43,159703.24
2025-10-24 08:15:00,3941.6,3941.61,3932.24,3934.43,159703.24
2025-10-24 08:15:00,3941.6,3941.61,3932.24,3934.43,159703.24
2025-10-24 08:15:00,3941.6,3941.61,3932.24,3934.43,159703.24
2025-10-24 08:15:00,3941.6,3941.61,3932.24,3934.43,159703.24
2025-10-24 08:15:00,3941.6,3941.61,3932.24,3934.43,159703.24
2025-10-24 08:15:00,3941.6,3941.61,3932.24,3934.43,159703.24
2025-10-24 08:15:00,3941.6,3941.61,3932.24,3934.43,159703.24
2025-10-24 08:15:00,3941.6,3941.61,3932.24,3934.43,159703.24
2025-10-24 08:15:00,3941.6,3941.61,3932.24,3934.43,159703.24
2025-10-24 08:15:00,3941.6,3941.61,3932.24,3934.43,159703.24
2025-10-24 08:15:00,3941.6,3941.61,3932.24,3934.43,159703.24
2025-10-24 08:15:00,3941.6,3941.61,3932.24,3934.43,159703.24
2025-10-24 08:15:00,3941.6,3941.61,3932.24,3934.43,159703.24
2025-10-24 08:15:00,3941.6,3941.61,3932.24,3934.43,159703.24
2025-10-24 08:15:00,3941.6,3941.61,3932.24,3934.43,159703.24
2025-10-24 08:15:00,3941.6,3941.61,3932.24,3934.43,159703.24
2025-10-24 08:15:00,3941.6,3941.61,3932.24,3934.43,159703.24
2025-10-24 08:15:00,3941.6,3941.61,3932.24,3934.43,159703.24
2025-10-24 08:15:00,3941.6,3941.61,3932.24,3934.43,159703.24
2025-10-24 08:30:00,3934.43,3954.27,3928.04,3952.44,404938.8
2025-10-24 08:30:00,3934.43,3954.27,3928.04,3952.44,404938.8
2025-10-24 08:30:00,3934.43,3954.27,3928.04,3952.44,404938.8
2025-10-24 08:30:00,3934.43,3954.27,3928.04,3952.44,404938.8
2025-10-24 08:30:00,3934.43,3954.27,3928.04,3952.44,404938.8
2025-10-24 08:30:00,3934.43,3954.27,3928.04,3952.44,404938.8
2025-10-24 08:30:00,3934.43,3954.27,3928.04,3952.44,404938.8
2025-10-24 08:30:00,3934.43,3954.27,3928.04,3952.44,404938.8
2025-10-24 08:30:00,3934.43,3954.27,3928.04,3952.44,404938.8
2025-10-24 08:30:00,3934.43,3954.27,3928.04,3952.44,404938.8
2025-10-24 08:30:00,3934.43,3954.27,3928.04,3952.44,404938.8
2025-10-24 08:30:00,3934.43,3954.27,3928.04,3952.44,404938.8
2025-10-24 08:30:00,3934.43,3954.27,3928.04,3952.44,404938.8
2025-10-24 08:30:00,3934.43,3954.27,3928.04,3952.44,404938.8
2025-10-24 08:30:00,3934.43,3954.27,3928.04,3952.44,404938.8
2025-10-24 08:30:00,3934.43,3954.27,3928.04,3952.44,404938.8
2025-10-24 08:30:00,3934.43,3954.27,3928.04,3952.44,404938.8
2025-10-24 08:30:00,3934.43,3954.27,3928.04,3952.44,404938.8
2025-10-24 08:30:00,3934.43,3954.27,3928.04,3952.44,404938.8
2025-10-24 08:30:00,3934.43,3954.27,3928.04,3952.44,404938.8
2025-10-24 08:30:00,3934.43,3954.27,3928.04,3952.44,404938.8
2025-10-24 08:30:00,3934.43,3954.27,3928.04,3952.44,404938.8
2025-10-24 08:30:00,3934.43,3954.27,3928.04,3952.44,404938.8
2025-10-24 08:30:00,3934.43,3954.27,3928.04,3952.44,404938.8
2025-10-24 08:30:00,3934.43,3954.27,3928.04,3952.44,404938.8
2025-10-24 08:30:00,3934.43,3954.27,3928.04,3952.44,404938.8
2025-10-24 08:30:00,3934.43,3954.27,3928.04,3952.44,404938.8
2025-10-24 08:30:00,3934.43,3954.27,3928.04,3952.44,404938.8
2025-10-24 08:30:00,3934.43,3954.27,3928.04,3952.44,404938.8
2025-10-24 08:30:00,3934.43,3954.27,3928.04,3952.44,404938.8
2025-10-24 08:30:00,3934.43,3954.27,3928.04,3952.44,404938.8
2025-10-24 08:30:00,3934.43,3954.27,3928.04,3952.44,404938.8
2025-10-24 08:30:00,3934.43,3954.27,3928.04,3952.44,404938.8
2025-10-24 08:30:00,3934.43,3954.27,3928.04,3952.44,404938.8
2025-10-24 08:30:00,3934.43,3954.27,3928.04,3952.44,404938.8
2025-10-24 08:30:00,3934.43,3954.27,3928.04,3952.44,404938.8
2025-10-24 08:30:00,3934.43,3954.27,3928.04,3952.44,404938.8
2025-10-24 08:30:00,3934.43,3954.27,3928.04,3952.44,404938.8
2025-10-24 08:30:00,3934.43,3954.27,3928.04,3952.44,404938.8
2025-10-24 08:30:00,3934.43,3954.27,3928.04,3952.44,404938.8
2025-10-24 08:30:00,3934.43,3954.27,3928.04,3952.44,404938.8
2025-10-24 08:30:00,3934.43,3954.27,3928.04,3952.44,404938.8
2025-10-24 08:30:00,3934.43,3954.27,3928.04,3952.44,404938.8
2025-10-24 08:30:00,3934.43,3954.27,3928.04,3952.44,404938.8
2025-10-24 08:30:00,3934.43,3954.27,3928.04,3952.44,404938.8
2025-10-24 08:30:00,3934.43,3954.27,3928.04,3952.44,404938.8
2025-10-24 08:30:00,3934.43,3954.27,3928.04,3952.44,404938.8
2025-10-24 08:30:00,3934.43,3954.27,3928.04,3952.44,404938.8
2025-10-24 08:30:00,3934.43,3954.27,3928.04,3952.44,404938.8
2025-10-24 08:30:00,3934.43,3954.27,3928.04,3952.44,404938.8
2025-10-24 08:30:00,3934.43,3954.27,3928.04,3952.44,404938.8
2025-10-24 08:30:00,3934.43,3954.27,3928.04,3952.44,404938.8
2025-10-24 08:30:00,3934.43,3954.27,3928.04,3952.44,404938.8
2025-10-24 08:45:00,3952.45,3964.0,3948.25,3951.22,405695.48
2025-10-24 08:45:00,3952.45,3964.0,3948.25,3951.22,405695.48
2025-10-24 08:45:00,3952.45,3964.0,3948.25,3951.22,405695.48
2025-10-24 08:45:00,3952.45,3964.0,3948.25,3951.22,405695.48
2025-10-24 08:45:00,3952.45,3964.0,3948.25,3951.22,405695.48
2025-10-24 08:45:00,3952.45,3964.0,3948.25,3951.22,405695.48
2025-10-24 08:45:00,3952.45,3964.0,3948.25,3951.22,405695.48
2025-10-24 08:45:00,3952.45,3964.0,3948.25,3951.22,405695.48
2025-10-24 08:45:00,3952.45,3964.0,3948.25,3951.22,405695.48
2025-10-24 08:45:00,3952.45,3964.0,3948.25,3951.22,405695.48
2025-10-24 08:45:00,3952.45,3964.0,3948.25,3951.22,405695.48
2025-10-24 08:45:00,3952.45,3964.0,3948.25,3951.22,405695.48
2025-10-24 08:45:00,3952.45,3964.0,3948.25,3951.22,405695.48
2025-10-24 08:45:00,3952.45,3964.0,3948.25,3951.22,405695.48
2025-10-24 08:45:00,3952.45,3964.0,3948.25,3951.22,405695.48
2025-10-24 08:45:00,3952.45,3964.0,3948.25,3951.22,405695.48
2025-10-24 08:45:00,3952.45,3964.0,3948.25,3951.22,405695.48
2025-10-24 08:45:00,3952.45,3964.0,3948.25,3951.22,405695.48
2025-10-24 08:45:00,3952.45,3964.0,3948.25,3951.22,405695.48
2025-10-24 08:45:00,3952.45,3964.0,3948.25,3951.22,405695.48
2025-10-24 08:45:00,3952.45,3964.0,3948.25,3951.22,405695.48
2025-10-24 08:45:00,3952.45,3964.0,3948.25,3951.22,405695.48
2025-10-24 08:45:00,3952.45,3964.0,3948.25,3951.22,405695.48
2025-10-24 08:45:00,3952.45,3964.0,3948.25,3951.22,405695.48
2025-10-24 08:45:00,3952.45,3964.0,3948.25,3951.22,405695.48
2025-10-24 08:45:00,3952.45,3964.0,3948.25,3951.22,405695.48
2025-10-24 08:45:00,3952.45,3964.0,3948.25,3951.22,405695.48
2025-10-24 08:45:00,3952.45,3964.0,3948.25,3951.22,405695.48
2025-10-24 08:45:00,3952.45,3964.0,3948.25,3951.22,405695.48
2025-10-24 08:45:00,3952.45,3964.0,3948.25,3951.22,405695.48
2025-10-24 08:45:00,3952.45,3964.0,3948.25,3951.22,405695.48
2025-10-24 08:45:00,3952.45,3964.0,3948.25,3951.22,405695.48
2025-10-24 08:45:00,3952.45,3964.0,3948.25,3951.22,405695.48
2025-10-24 08:45:00,3952.45,3964.0,3948.25,3951.22,405695.48
2025-10-24 08:45:00,3952.45,3964.0,3948.25,3951.22,405695.48
2025-10-24 08:45:00,3952.45,3964.0,3948.25,3951.22,405695.48
2025-10-24 08:45:00,3952.45,3964.0,3948.25,3951.22,405695.48
2025-10-24 08:45:00,3952.45,3964.0,3948.25,3951.22,405695.48
2025-10-24 08:45:00,3952.45,3964.0,3948.25,3951.22,405695.48
2025-10-24 08:45:00,3952.45,3964.0,3948.25,3951.22,405695.48
2025-10-24 08:45:00,3952.45,3964.0,3948.25,3951.22,405695.48
2025-10-24 08:45:00,3952.45,3964.0,3948.25,3951.22,405695.48
2025-10-24 08:45:00,3952.45,3964.0,3948.25,3951.22,405695.48
2025-10-24 08:45:00,3952.45,3964.0,3948.25,3951.22,405695.48
2025-10-24 08:45:00,3952.45,3964.0,3948.25,3951.22,405695.48
2025-10-24 08:45:00,3952.45,3964.0,3948.25,3951.22,405695.48
2025-10-24 08:45:00,3952.45,3964.0,3948.25,3951.22,405695.48
2025-10-24 08:45:00,3952.45,3964.0,3948.25,3951.22,405695.48
2025-10-24 08:45:00,3952.45,3964.0,3948.25,3951.22,405695.48
2025-10-24 08:45:00,3952.45,3964.0,3948.25,3951.22,405695.48
2025-10-24 08:45:00,3952.45,3964.0,3948.25,3951.22,405695.48
2025-10-24 08:45:00,3952.45,3964.0,3948.25,3951.22,405695.48
2025-10-24 08:45:00,3952.45,3964.0,3948.25,3951.22,405695.48
2025-10-24 09:00:00,3951.21,3965.0,3948.2,3961.2,327429.55
2025-10-24 09:00:00,3951.21,3965.0,3948.2,3961.2,327429.55
2025-10-24 09:00:00,3951.21,3965.0,3948.2,3961.2,327429.55
2025-10-24 09:00:00,3951.21,3965.0,3948.2,3961.2,327429.55
2025-10-24 09:00:00,3951.21,3965.0,3948.2,3961.2,327429.55
2025-10-24 09:00:00,3951.21,3965.0,3948.2,3961.2,327429.55
2025-10-24 09:00:00,3951.21,3965.0,3948.2,3961.2,327429.55
2025-10-24 09:00:00,3951.21,3965.0,3948.2,3961.2,327429.55
2025-10-24 09:00:00,3951.21,3965.0,3948.2,3961.2,327429.55
2025-10-24 09:00:00,3951.21,3965.0,3948.2,3961.2,327429.55
2025-10-24 09:00:00,3951.21,3965.0,3948.2,3961.2,327429.55
2025-10-24 09:00:00,3951.21,3965.0,3948.2,3961.2,327429.55
2025-10-24 09:00:00,3951.21,3965.0,3948.2,3961.2,327429.55
2025-10-24 09:00:00,3951.21,3965.0,3948.2,3961.2,327429.55
2025-10-24 09:00:00,3951.21,3965.0,3948.2,3961.2,327429.55
2025-10-24 09:00:00,3951.21,3965.0,3948.2,3961.2,327429.55
2025-10-24 09:00:00,3951.21,3965.0,3948.2,3961.2,327429.55
2025-10-24 09:00:00,3951.21,3965.0,3948.2,3961.2,327429.55
2025-10-24 09:00:00,3951.21,3965.0,3948.2,3961.2,327429.55
2025-10-24 09:00:00,3951.21,3965.0,3948.2,3961.2,327429.55
2025-10-24 09:00:00,3951.21,3965.0,3948.2,3961.2,327429.55
2025-10-24 09:00:00,3951.21,3965.0,3948.2,3961.2,327429.55
2025-10-24 09:00:00,3951.21,3965.0,3948.2,3961.2,327429.55
2025-10-24 09:00:00,3951.21,3965.0,3948.2,3961.2,327429.55
2025-10-24 09:00:00,3951.21,3965.0,3948.2,3961.2,327429.55
2025-10-24 09:00:00,3951.21,3965.0,3948.2,3961.2,327429.55
2025-10-24 09:00:00,3951.21,3965.0,3948.2,3961.2,327429.55
2025-10-24 09:00:00,3951.21,3965.0,3948.2,3961.2,327429.55
2025-10-24 09:00:00,3951.21,3965.0,3948.2,3961.2,327429.55
2025-10-24 09:00:00,3951.21,3965.0,3948.2,3961.2,327429.55
2025-10-24 09:00:00,3951.21,3965.0,3948.2,3961.2,327429.55
2025-10-24 09:00:00,3951.21,3965.0,3948.2,3961.2,327429.55
2025-10-24 09:00:00,3951.21,3965.0,3948.2,3961.2,327429.55
2025-10-24 09:00:00,3951.21,3965.0,3948.2,3961.2,327429.55
2025-10-24 09:00:00,3951.21,3965.0,3948.2,3961.2,327429.55
2025-10-24 09:00:00,3951.21,3965.0,3948.2,3961.2,327429.55
2025-10-24 09:00:00,3951.21,3965.0,3948.2,3961.2,327429.55
2025-10-24 09:00:00,3951.21,3965.0,3948.2,3961.2,327429.55
2025-10-24 09:00:00,3951.21,3965.0,3948.2,3961.2,327429.55
2025-10-24 09:00:00,3951.21,3965.0,3948.2,3961.2,327429.55
2025-10-24 09:00:00,3951.21,3965.0,3948.2,3961.2,327429.55
2025-10-24 09:00:00,3951.21,3965.0,3948.2,3961.2,327429.55
2025-10-24 09:00:00,3951.21,3965.0,3948.2,3961.2,327429.55
2025-10-24 09:00:00,3951.21,3965.0,3948.2,3961.2,327429.55
2025-10-24 09:00:00,3951.21,3965.0,3948.2,3961.2,327429.55
2025-10-24 09:00:00,3951.21,3965.0,3948.2,3961.2,327429.55
2025-10-24 09:00:00,3951.21,3965.0,3948.2,3961.2,327429.55
2025-10-24 09:00:00,3951.21,3965.0,3948.2,3961.2,327429.55
2025-10-24 09:00:00,3951.21,3965.0,3948.2,3961.2,327429.55
2025-10-24 09:00:00,3951.21,3965.0,3948.2,3961.2,327429.55
2025-10-24 09:00:00,3951.21,3965.0,3948.2,3961.2,327429.55
2025-10-24 09:00:00,3951.21,3965.0,3948.2,3961.2,327429.55
2025-10-24 09:00:00,3951.21,3965.0,3948.2,3961.2,327429.55
2025-10-24 09:15:00,3961.2,3967.73,3957.14,3965.57,155493.73
2025-10-24 09:15:00,3961.2,3967.73,3957.14,3965.57,155493.73
2025-10-24 09:15:00,3961.2,3967.73,3957.14,3965.57,155493.73
2025-10-24 09:15:00,3961.2,3967.73,3957.14,3965.57,155493.73
2025-10-24 09:15:00,3961.2,3967.73,3957.14,3965.57,155493.73
2025-10-24 09:15:00,3961.2,3967.73,3957.14,3965.57,155493.73
2025-10-24 09:15:00,3961.2,3967.73,3957.14,3965.57,155493.73
2025-10-24 09:15:00,3961.2,3967.73,3957.14,3965.57,155493.73
2025-10-24 09:15:00,3961.2,3967.73,3957.14,3965.57,155493.73
2025-10-24 09:15:00,3961.2,3967.73,3957.14,3965.57,155493.73
2025-10-24 09:15:00,3961.2,3967.73,3957.14,3965.57,155493.73
2025-10-24 09:15:00,3961.2,3967.73,3957.14,3965.57,155493.73
2025-10-24 09:15:00,3961.2,3967.73,3957.14,3965.57,155493.73
2025-10-24 09:15:00,3961.2,3967.73,3957.14,3965.57,155493.73
2025-10-24 09:15:00,3961.2,3967.73,3957.14,3965.57,155493.73
2025-10-24 09:15:00,3961.2,3967.73,3957.14,3965.57,155493.73
2025-10-24 09:15:00,3961.2,3967.73,3957.14,3965.57,155493.73
2025-10-24 09:15:00,3961.2,3967.73,3957.14,3965.57,155493.73
2025-10-24 09:15:00,3961.2,3967.73,3957.14,3965.57,155493.73
2025-10-24 09:15:00,3961.2,3967.73,3957.14,3965.57,155493.73
2025-10-24 09:15:00,3961.2,3967.73,3957.14,3965.57,155493.73
2025-10-24 09:15:00,3961.2,3967.73,3957.14,3965.57,155493.73
2025-10-24 09:15:00,3961.2,3967.73,3957.14,3965.57,155493.73
2025-10-24 09:15:00,3961.2,3967.73,3957.14,3965.57,155493.73
2025-10-24 09:15:00,3961.2,3967.73,3957.14,3965.57,155493.73
2025-10-24 09:15:00,3961.2,3967.73,3957.14,3965.57,155493.73
2025-10-24 09:15:00,3961.2,3967.73,3957.14,3965.57,155493.73
2025-10-24 09:15:00,3961.2,3967.73,3957.14,3965.57,155493.73
2025-10-24 09:15:00,3961.2,3967.73,3957.14,3965.57,155493.73
2025-10-24 09:15:00,3961.2,3967.73,3957.14,3965.57,155493.73
2025-10-24 09:15:00,3961.2,3967.73,3957.14,3965.57,155493.73
2025-10-24 09:15:00,3961.2,3967.73,3957.14,3965.57,155493.73
2025-10-24 09:15:00,3961.2,3967.73,3957.14,3965.57,155493.73
2025-10-24 09:15:00,3961.2,3967.73,3957.14,3965.57,155493.73
2025-10-24 09:15:00,3961.2,3967.73,3957.14,3965.57,155493.73
2025-10-24 09:15:00,3961.2,3967.73,3957.14,3965.57,155493.73
2025-10-24 09:15:00,3961.2,3967.73,3957.14,3965.57,155493.73
2025-10-24 09:15:00,3961.2,3967.73,3957.14,3965.57,155493.73
2025-10-24 09:15:00,3961.2,3967.73,3957.14,3965.57,155493.73
2025-10-24 09:15:00,3961.2,3967.73,3957.14,3965.57,155493.73
2025-10-24 09:15:00,3961.2,3967.73,3957.14,3965.57,155493.73
2025-10-24 09:15:00,3961.2,3967.73,3957.14,3965.57,155493.73
2025-10-24 09:15:00,3961.2,3967.73,3957.14,3965.57,155493.73
2025-10-24 09:15:00,3961.2,3967.73,3957.14,3965.57,155493.73
2025-10-24 09:15:00,3961.2,3967.73,3957.14,3965.57,155493.73
2025-10-24 09:15:00,3961.2,3967.73,3957.14,3965.57,155493.73
2025-10-24 09:15:00,3961.2,3967.73,3957.14,3965.57,155493.73
2025-10-24 09:15:00,3961.2,3967.73,3957.14,3965.57,155493.73
2025-10-24 09:15:00,3961.2,3967.73,3957.14,3965.57,155493.73
2025-10-24 09:15:00,3961.2,3967.73,3957.14,3965.57,155493.73
2025-10-24 09:15:00,3961.2,3967.73,3957.14,3965.57,155493.73
2025-10-24 09:15:00,3961.2,3967.73,3957.14,3965.57,155493.73
2025-10-24 09:15:00,3961.2,3967.73,3957.14,3965.57,155493.73
2025-10-24 09:30:00,3965.58,3966.44,3955.08,3961.02,187639.01
2025-10-24 09:30:00,3965.58,3966.44,3955.08,3961.02,187639.01
2025-10-24 09:30:00,3965.58,3966.44,3955.08,3961.02,187639.01
2025-10-24 09:30:00,3965.58,3966.44,3955.08,3961.02,187639.01
2025-10-24 09:30:00,3965.58,3966.44,3955.08,3961.02,187639.01
2025-10-24 09:30:00,3965.58,3966.44,3955.08,3961.02,187639.01
2025-10-24 09:30:00,3965.58,3966.44,3955.08,3961.02,187639.01
2025-10-24 09:30:00,3965.58,3966.44,3955.08,3961.02,187639.01
2025-10-24 09:30:00,3965.58,3966.44,3955.08,3961.02,187639.01
2025-10-24 09:30:00,3965.58,3966.44,3955.08,3961.02,187639.01
2025-10-24 09:30:00,3965.58,3966.44,3955.08,3961.02,187639.01
2025-10-24 09:30:00,3965.58,3966.44,3955.08,3961.02,187639.01
2025-10-24 09:30:00,3965.58,3966.44,3955.08,3961.02,187639.01
2025-10-24 09:30:00,3965.58,3966.44,3955.08,3961.02,187639.01
2025-10-24 09:30:00,3965.58,3966.44,3955.08,3961.02,187639.01
2025-10-24 09:30:00,3965.58,3966.44,3955.08,3961.02,187639.01
2025-10-24 09:30:00,3965.58,3966.44,3955.08,3961.02,187639.01
2025-10-24 09:30:00,3965.58,3966.44,3955.08,3961.02,187639.01
2025-10-24 09:30:00,3965.58,3966.44,3955.08,3961.02,187639.01
2025-10-24 09:30:00,3965.58,3966.44,3955.08,3961.02,187639.01
2025-10-24 09:30:00,3965.58,3966.44,3955.08,3961.02,187639.01
2025-10-24 09:30:00,3965.58,3966.44,3955.08,3961.02,187639.01
2025-10-24 09:30:00,3965.58,3966.44,3955.08,3961.02,187639.01
2025-10-24 09:30:00,3965.58,3966.44,3955.08,3961.02,187639.01
2025-10-24 09:30:00,3965.58,3966.44,3955.08,3961.02,187639.01
2025-10-24 09:30:00,3965.58,3966.44,3955.08,3961.02,187639.01
2025-10-24 09:30:00,3965.58,3966.44,3955.08,3961.02,187639.01
2025-10-24 09:30:00,3965.58,3966.44,3955.08,3961.02,187639.01
2025-10-24 09:30:00,3965.58,3966.44,3955.08,3961.02,187639.01
2025-10-24 09:30:00,3965.58,3966.44,3955.08,3961.02,187639.01
2025-10-24 09:30:00,3965.58,3966.44,3955.08,3961.02,187639.01
2025-10-24 09:30:00,3965.58,3966.44,3955.08,3961.02,187639.01
2025-10-24 09:30:00,3965.58,3966.44,3955.08,3961.02,187639.01
2025-10-24 09:30:00,3965.58,3966.44,3955.08,3961.02,187639.01
2025-10-24 09:30:00,3965.58,3966.44,3955.08,3961.02,187639.01
2025-10-24 09:30:00,3965.58,3966.44,3955.08,3961.02,187639.01
2025-10-24 09:30:00,3965.58,3966.44,3955.08,3961.02,187639.01
2025-10-24 09:30:00,3965.58,3966.44,3955.08,3961.02,187639.01
2025-10-24 09:30:00,3965.58,3966.44,3955.08,3961.02,187639.01
2025-10-24 09:30:00,3965.58,3966.44,3955.08,3961.02,187639.01
2025-10-24 09:30:00,3965.58,3966.44,3955.08,3961.02,187639.01
2025-10-24 09:30:00,3965.58,3966.44,3955.08,3961.02,187639.01
2025-10-24 09:30:00,3965.58,3966.44,3955.08,3961.02,187639.01
2025-10-24 09:30:00,3965.58,3966.44,3955.08,3961.02,187639.01
2025-10-24 09:30:00,3965.58,3966.44,3955.08,3961.02,187639.01
2025-10-24 09:30:00,3965.58,3966.44,3955.08,3961.02,187639.01
2025-10-24 09:30:00,3965.58,3966.44,3955.08,3961.02,187639.01
2025-10-24 09:30:00,3965.58,3966.44,3955.08,3961.02,187639.01
2025-10-24 09:30:00,3965.58,3966.44,3955.08,3961.02,187639.01
2025-10-24 09:30:00,3965.58,3966.44,3955.08,3961.02,187639.01
2025-10-24 09:30:00,3965.58,3966.44,3955.08,3961.02,187639.01
2025-10-24 09:30:00,3965.58,3966.44,3955.08,3961.02,187639.01
2025-10-24 09:30:00,3965.58,3966.44,3955.08,3961.02,187639.01
2025-10-24 09:45:00,3961.02,3963.29,3952.08,3957.19,106017.79
2025-10-24 09:45:00,3961.02,3963.29,3952.08,3957.19,106017.79
2025-10-24 09:45:00,3961.02,3963.29,3952.08,3957.19,106017.79
2025-10-24 09:45:00,3961.02,3963.29,3952.08,3957.19,106017.79
2025-10-24 09:45:00,3961.02,3963.29,3952.08,3957.19,106017.79
2025-10-24 09:45:00,3961.02,3963.29,3952.08,3957.19,106017.79
2025-10-24 09:45:00,3961.02,3963.29,3952.08,3957.19,106017.79
2025-10-24 09:45:00,3961.02,3963.29,3952.08,3957.19,106017.79
2025-10-24 09:45:00,3961.02,3963.29,3952.08,3957.19,106017.79
2025-10-24 09:45:00,3961.02,3963.29,3952.08,3957.19,106017.79
2025-10-24 09:45:00,3961.02,3963.29,3952.08,3957.19,106017.79
2025-10-24 09:45:00,3961.02,3963.29,3952.08,3957.19,106017.79
2025-10-24 09:45:00,3961.02,3963.29,3952.08,3957.19,106017.79
2025-10-24 09:45:00,3961.02,3963.29,3952.08,3957.19,106017.79
2025-10-24 09:45:00,3961.02,3963.29,3952.08,3957.19,106017.79
2025-10-24 09:45:00,3961.02,3963.29,3952.08,3957.19,106017.79
2025-10-24 09:45:00,3961.02,3963.29,3952.08,3957.19,106017.79
2025-10-24 09:45:00,3961.02,3963.29,3952.08,3957.19,106017.79
2025-10-24 09:45:00,3961.02,3963.29,3952.08,3957.19,106017.79
2025-10-24 09:45:00,3961.02,3963.29,3952.08,3957.19,106017.79
2025-10-24 09:45:00,3961.02,3963.29,3952.08,3957.19,106017.79
2025-10-24 09:45:00,3961.02,3963.29,3952.08,3957.19,106017.79
2025-10-24 09:45:00,3961.02,3963.29,3952.08,3957.19,106017.79
2025-10-24 09:45:00,3961.02,3963.29,3952.08,3957.19,106017.79
2025-10-24 09:45:00,3961.02,3963.29,3952.08,3957.19,106017.79
2025-10-24 09:45:00,3961.02,3963.29,3952.08,3957.19,106017.79
2025-10-24 09:45:00,3961.02,3963.29,3952.08,3957.19,106017.79
2025-10-24 09:45:00,3961.02,3963.29,3952.08,3957.19,106017.79
2025-10-24 09:45:00,3961.02,3963.29,3952.08,3957.19,106017.79
2025-10-24 09:45:00,3961.02,3963.29,3952.08,3957.19,106017.79
2025-10-24 09:45:00,3961.02,3963.29,3952.08,3957.19,106017.79
2025-10-24 09:45:00,3961.02,3963.29,3952.08,3957.19,106017.79
2025-10-24 09:45:00,3961.02,3963.29,3952.08,3957.19,106017.79
2025-10-24 09:45:00,3961.02,3963.29,3952.08,3957.19,106017.79
2025-10-24 09:45:00,3961.02,3963.29,3952.08,3957.19,106017.79
2025-10-24 09:45:00,3961.02,3963.29,3952.08,3957.19,106017.79
2025-10-24 09:45:00,3961.02,3963.29,3952.08,3957.19,106017.79
2025-10-24 09:45:00,3961.02,3963.29,3952.08,3957.19,106017.79
2025-10-24 09:45:00,3961.02,3963.29,3952.08,3957.19,106017.79
2025-10-24 09:45:00,3961.02,3963.29,3952.08,3957.19,106017.79
2025-10-24 09:45:00,3961.02,3963.29,3952.08,3957.19,106017.79
2025-10-24 09:45:00,3961.02,3963.29,3952.08,3957.19,106017.79
2025-10-24 09:45:00,3961.02,3963.29,3952.08,3957.19,106017.79
2025-10-24 09:45:00,3961.02,3963.29,3952.08,3957.19,106017.79
2025-10-24 09:45:00,3961.02,3963.29,3952.08,3957.19,106017.79
2025-10-24 09:45:00,3961.02,3963.29,3952.08,3957.19,106017.79
2025-10-24 09:45:00,3961.02,3963.29,3952.08,3957.19,106017.79
2025-10-24 09:45:00,3961.02,3963.29,3952.08,3957.19,106017.79
2025-10-24 09:45:00,3961.02,3963.29,3952.08,3957.19,106017.79
2025-10-24 09:45:00,3961.02,3963.29,3952.08,3957.19,106017.79
2025-10-24 09:45:00,3961.02,3963.29,3952.08,3957.19,106017.79
2025-10-24 09:45:00,3961.02,3963.29,3952.08,3957.19,106017.79
2025-10-24 09:45:00,3961.02,3963.29,3952.08,3957.19,106017.79
2025-10-24 10:00:00,3957.19,3963.41,3950.75,3962.89,138903.9
2025-10-24 10:00:00,3957.19,3963.41,3950.75,3962.89,138903.9
2025-10-24 10:00:00,3957.19,3963.41,3950.75,3962.89,138903.9
2025-10-24 10:00:00,3957.19,3963.41,3950.75,3962.89,138903.9
2025-10-24 10:00:00,3957.19,3963.41,3950.75,3962.89,138903.9
2025-10-24 10:00:00,3957.19,3963.41,3950.75,3962.89,138903.9
2025-10-24 10:00:00,3957.19,3963.41,3950.75,3962.89,138903.9
2025-10-24 10:00:00,3957.19,3963.41,3950.75,3962.89,138903.9
2025-10-24 10:00:00,3957.19,3963.41,3950.75,3962.89,138903.9
2025-10-24 10:00:00,3957.19,3963.41,3950.75,3962.89,138903.9
2025-10-24 10:00:00,3957.19,3963.41,3950.75,3962.89,138903.9
2025-10-24 10:00:00,3957.19,3963.41,3950.75,3962.89,138903.9
2025-10-24 10:00:00,3957.19,3963.41,3950.75,3962.89,138903.9
2025-10-24 10:00:00,3957.19,3963.41,3950.75,3962.89,138903.9
2025-10-24 10:00:00,3957.19,3963.41,3950.75,3962.89,138903.9
2025-10-24 10:00:00,3957.19,3963.41,3950.75,3962.89,138903.9
2025-10-24 10:00:00,3957.19,3963.41,3950.75,3962.89,138903.9
2025-10-24 10:00:00,3957.19,3963.41,3950.75,3962.89,138903.9
2025-10-24 10:00:00,3957.19,3963.41,3950.75,3962.89,138903.9
2025-10-24 10:00:00,3957.19,3963.41,3950.75,3962.89,138903.9
2025-10-24 10:00:00,3957.19,3963.41,3950.75,3962.89,138903.9
2025-10-24 10:00:00,3957.19,3963.41,3950.75,3962.89,138903.9
2025-10-24 10:00:00,3957.19,3963.41,3950.75,3962.89,138903.9
2025-10-24 10:00:00,3957.19,3963.41,3950.75,3962.89,138903.9
2025-10-24 10:00:00,3957.19,3963.41,3950.75,3962.89,138903.9
2025-10-24 10:00:00,3957.19,3963.41,3950.75,3962.89,138903.9
2025-10-24 10:00:00,3957.19,3963.41,3950.75,3962.89,138903.9
2025-10-24 10:00:00,3957.19,3963.41,3950.75,3962.89,138903.9
2025-10-24 10:00:00,3957.19,3963.41,3950.75,3962.89,138903.9
2025-10-24 10:00:00,3957.19,3963.41,3950.75,3962.89,138903.9
2025-10-24 10:00:00,3957.19,3963.41,3950.75,3962.89,138903.9
2025-10-24 10:00:00,3957.19,3963.41,3950.75,3962.89,138903.9
2025-10-24 10:00:00,3957.19,3963.41,3950.75,3962.89,138903.9
2025-10-24 10:00:00,3957.19,3963.41,3950.75,3962.89,138903.9
2025-10-24 10:00:00,3957.19,3963.41,3950.75,3962.89,138903.9
2025-10-24 10:00:00,3957.19,3963.41,3950.75,3962.89,138903.9
2025-10-24 10:00:00,3957.19,3963.41,3950.75,3962.89,138903.9
2025-10-24 10:00:00,3957.19,3963.41,3950.75,3962.89,138903.9
2025-10-24 10:00:00,3957.19,3963.41,3950.75,3962.89,138903.9
2025-10-24 10:00:00,3957.19,3963.41,3950.75,3962.89,138903.9
2025-10-24 10:00:00,3957.19,3963.41,3950.75,3962.89,138903.9
2025-10-24 10:00:00,3957.19,3963.41,3950.75,3962.89,138903.9
2025-10-24 10:00:00,3957.19,3963.41,3950.75,3962.89,138903.9
2025-10-24 10:00:00,3957.19,3963.41,3950.75,3962.89,138903.9
2025-10-24 10:00:00,3957.19,3963.41,3950.75,3962.89,138903.9
2025-10-24 10:00:00,3957.19,3963.41,3950.75,3962.89,138903.9
2025-10-24 10:00:00,3957.19,3963.41,3950.75,3962.89,138903.9
2025-10-24 10:00:00,3957.19,3963.41,3950.75,3962.89,138903.9
2025-10-24 10:00:00,3957.19,3963.41,3950.75,3962.89,138903.9
2025-10-24 10:00:00,3957.19,3963.41,3950.75,3962.89,138903.9
2025-10-24 10:00:00,3957.19,3963.41,3950.75,3962.89,138903.9
2025-10-24 10:00:00,3957.19,3963.41,3950.75,3962.89,138903.9
2025-10-24 10:00:00,3957.19,3963.41,3950.75,3962.89,138903.9
2025-10-24 10:15:00,3962.89,3963.79,3946.01,3947.7,157795.44
2025-10-24 10:15:00,3962.89,3963.79,3946.01,3947.7,157795.44
2025-10-24 10:15:00,3962.89,3963.79,3946.01,3947.7,157795.44
2025-10-24 10:15:00,3962.89,3963.79,3946.01,3947.7,157795.44
2025-10-24 10:15:00,3962.89,3963.79,3946.01,3947.7,157795.44
2025-10-24 10:15:00,3962.89,3963.79,3946.01,3947.7,157795.44
2025-10-24 10:15:00,3962.89,3963.79,3946.01,3947.7,157795.44
2025-10-24 10:15:00,3962.89,3963.79,3946.01,3947.7,157795.44
2025-10-24 10:15:00,3962.89,3963.79,3946.01,3947.7,157795.44
2025-10-24 10:15:00,3962.89,3963.79,3946.01,3947.7,157795.44
2025-10-24 10:15:00,3962.89,3963.79,3946.01,3947.7,157795.44
2025-10-24 10:15:00,3962.89,3963.79,3946.01,3947.7,157795.44
2025-10-24 10:15:00,3962.89,3963.79,3946.01,3947.7,157795.44
2025-10-24 10:15:00,3962.89,3963.79,3946.01,3947.7,157795.44
2025-10-24 10:15:00,3962.89,3963.79,3946.01,3947.7,157795.44
2025-10-24 10:15:00,3962.89,3963.79,3946.01,3947.7,157795.44
2025-10-24 10:15:00,3962.89,3963.79,3946.01,3947.7,157795.44
2025-10-24 10:15:00,3962.89,3963.79,3946.01,3947.7,157795.44
2025-10-24 10:15:00,3962.89,3963.79,3946.01,3947.7,157795.44
2025-10-24 10:15:00,3962.89,3963.79,3946.01,3947.7,157795.44
2025-10-24 10:15:00,3962.89,3963.79,3946.01,3947.7,157795.44
2025-10-24 10:15:00,3962.89,3963.79,3946.01,3947.7,157795.44
2025-10-24 10:15:00,3962.89,3963.79,3946.01,3947.7,157795.44
2025-10-24 10:15:00,3962.89,3963.79,3946.01,3947.7,157795.44
2025-10-24 10:15:00,3962.89,3963.79,3946.01,3947.7,157795.44
2025-10-24 10:15:00,3962.89,3963.79,3946.01,3947.7,157795.44
2025-10-24 10:15:00,3962.89,3963.79,3946.01,3947.7,157795.44
2025-10-24 10:15:00,3962.89,3963.79,3946.01,3947.7,157795.44
2025-10-24 10:15:00,3962.89,3963.79,3946.01,3947.7,157795.44
2025-10-24 10:15:00,3962.89,3963.79,3946.01,3947.7,157795.44
2025-10-24 10:15:00,3962.89,3963.79,3946.01,3947.7,157795.44
2025-10-24 10:15:00,3962.89,3963.79,3946.01,3947.7,157795.44
2025-10-24 10:15:00,3962.89,3963.79,3946.01,3947.7,157795.44
2025-10-24 10:15:00,3962.89,3963.79,3946.01,3947.7,157795.44
2025-10-24 10:15:00,3962.89,3963.79,3946.01,3947.7,157795.44
2025-10-24 10:15:00,3962.89,3963.79,3946.01,3947.7,157795.44
2025-10-24 10:15:00,3962.89,3963.79,3946.01,3947.7,157795.44
2025-10-24 10:15:00,3962.89,3963.79,3946.01,3947.7,157795.44
2025-10-24 10:15:00,3962.89,3963.79,3946.01,3947.7,157795.44
2025-10-24 10:15:00,3962.89,3963.79,3946.01,3947.7,157795.44
2025-10-24 10:15:00,3962.89,3963.79,3946.01,3947.7,157795.44
2025-10-24 10:15:00,3962.89,3963.79,3946.01,3947.7,157795.44
2025-10-24 10:15:00,3962.89,3963.79,3946.01,3947.7,157795.44
2025-10-24 10:15:00,3962.89,3963.79,3946.01,3947.7,157795.44
2025-10-24 10:15:00,3962.89,3963.79,3946.01,3947.7,157795.44
2025-10-24 10:15:00,3962.89,3963.79,3946.01,3947.7,157795.44
2025-10-24 10:15:00,3962.89,3963.79,3946.01,3947.7,157795.44
2025-10-24 10:15:00,3962.89,3963.79,3946.01,3947.7,157795.44
2025-10-24 10:15:00,3962.89,3963.79,3946.01,3947.7,157795.44
2025-10-24 10:15:00,3962.89,3963.79,3946.01,3947.7,157795.44
2025-10-24 10:15:00,3962.89,3963.79,3946.01,3947.7,157795.44
2025-10-24 10:15:00,3962.89,3963.79,3946.01,3947.7,157795.44
2025-10-24 10:15:00,3962.89,3963.79,3946.01,3947.7,157795.44
2025-10-24 10:30:00,3947.71,3955.59,3947.71,3953.79,160393.29
2025-10-24 10:30:00,3947.71,3955.59,3947.71,3953.79,160393.29
2025-10-24 10:30:00,3947.71,3955.59,3947.71,3953.79,160393.29
2025-10-24 10:30:00,3947.71,3955.59,3947.71,3953.79,160393.29
2025-10-24 10:30:00,3947.71,3955.59,3947.71,3953.79,160393.29
2025-10-24 10:30:00,3947.71,3955.59,3947.71,3953.79,160393.29
2025-10-24 10:30:00,3947.71,3955.59,3947.71,3953.79,160393.29
2025-10-24 10:30:00,3947.71,3955.59,3947.71,3953.79,160393.29
2025-10-24 10:30:00,3947.71,3955.59,3947.71,3953.79,160393.29
2025-10-24 10:30:00,3947.71,3955.59,3947.71,3953.79,160393.29
2025-10-24 10:30:00,3947.71,3955.59,3947.71,3953.79,160393.29
2025-10-24 10:30:00,3947.71,3955.59,3947.71,3953.79,160393.29
2025-10-24 10:30:00,3947.71,3955.59,3947.71,3953.79,160393.29
2025-10-24 10:30:00,3947.71,3955.59,3947.71,3953.79,160393.29
2025-10-24 10:30:00,3947.71,3955.59,3947.71,3953.79,160393.29
2025-10-24 10:30:00,3947.71,3955.59,3947.71,3953.79,160393.29
2025-10-24 10:30:00,3947.71,3955.59,3947.71,3953.79,160393.29
2025-10-24 10:30:00,3947.71,3955.59,3947.71,3953.79,160393.29
2025-10-24 10:30:00,3947.71,3955.59,3947.71,3953.79,160393.29
2025-10-24 10:30:00,3947.71,3955.59,3947.71,3953.79,160393.29
2025-10-24 10:30:00,3947.71,3955.59,3947.71,3953.79,160393.29
2025-10-24 10:30:00,3947.71,3955.59,3947.71,3953.79,160393.29
2025-10-24 10:30:00,3947.71,3955.59,3947.71,3953.79,160393.29
2025-10-24 10:30:00,3947.71,3955.59,3947.71,3953.79,160393.29
2025-10-24 10:30:00,3947.71,3955.59,3947.71,3953.79,160393.29
2025-10-24 10:30:00,3947.71,3955.59,3947.71,3953.79,160393.29
2025-10-24 10:30:00,3947.71,3955.59,3947.71,3953.79,160393.29
2025-10-24 10:30:00,3947.71,3955.59,3947.71,3953.79,160393.29
2025-10-24 10:30:00,3947.71,3955.59,3947.71,3953.79,160393.29
2025-10-24 10:30:00,3947.71,3955.59,3947.71,3953.79,160393.29
2025-10-24 10:30:00,3947.71,3955.59,3947.71,3953.79,160393.29
2025-10-24 10:30:00,3947.71,3955.59,3947.71,3953.79,160393.29
2025-10-24 10:30:00,3947.71,3955.59,3947.71,3953.79,160393.29
2025-10-24 10:30:00,3947.71,3955.59,3947.71,3953.79,160393.29
2025-10-24 10:30:00,3947.71,3955.59,3947.71,3953.79,160393.29
2025-10-24 10:30:00,3947.71,3955.59,3947.71,3953.79,160393.29
2025-10-24 10:30:00,3947.71,3955.59,3947.71,3953.79,160393.29
2025-10-24 10:30:00,3947.71,3955.59,3947.71,3953.79,160393.29
2025-10-24 10:30:00,3947.71,3955.59,3947.71,3953.79,160393.29
2025-10-24 10:30:00,3947.71,3955.59,3947.71,3953.79,160393.29
2025-10-24 10:30:00,3947.71,3955.59,3947.71,3953.79,160393.29
2025-10-24 10:30:00,3947.71,3955.59,3947.71,3953.79,160393.29
2025-10-24 10:30:00,3947.71,3955.59,3947.71,3953.79,160393.29
2025-10-24 10:30:00,3947.71,3955.59,3947.71,3953.79,160393.29
2025-10-24 10:30:00,3947.71,3955.59,3947.71,3953.79,160393.29
2025-10-24 10:30:00,3947.71,3955.59,3947.71,3953.79,160393.29
2025-10-24 10:30:00,3947.71,3955.59,3947.71,3953.79,160393.29
2025-10-24 10:30:00,3947.71,3955.59,3947.71,3953.79,160393.29
2025-10-24 10:30:00,3947.71,3955.59,3947.71,3953.79,160393.29
2025-10-24 10:30:00,3947.71,3955.59,3947.71,3953.79,160393.29
2025-10-24 10:30:00,3947.71,3955.59,3947.71,3953.79,160393.29
2025-10-24 10:30:00,3947.71,3955.59,3947.71,3953.79,160393.29
2025-10-24 10:30:00,3947.71,3955.59,3947.71,3953.79,160393.29
2025-10-24 10:45:00,3953.79,3957.62,3951.47,3954.99,97524.06
2025-10-24 10:45:00,3953.79,3957.62,3951.47,3954.99,97524.06
2025-10-24 10:45:00,3953.79,3957.62,3951.47,3954.99,97524.06
2025-10-24 10:45:00,3953.79,3957.62,3951.47,3954.99,97524.06
2025-10-24 10:45:00,3953.79,3957.62,3951.47,3954.99,97524.06
2025-10-24 10:45:00,3953.79,3957.62,3951.47,3954.99,97524.06
2025-10-24 10:45:00,3953.79,3957.62,3951.47,3954.99,97524.06
2025-10-24 10:45:00,3953.79,3957.62,3951.47,3954.99,97524.06
2025-10-24 10:45:00,3953.79,3957.62,3951.47,3954.99,97524.06
2025-10-24 10:45:00,3953.79,3957.62,3951.47,3954.99,97524.06
2025-10-24 10:45:00,3953.79,3957.62,3951.47,3954.99,97524.06
2025-10-24 10:45:00,3953.79,3957.62,3951.47,3954.99,97524.06
2025-10-24 10:45:00,3953.79,3957.62,3951.47,3954.99,97524.06
2025-10-24 10:45:00,3953.79,3957.62,3951.47,3954.99,97524.06
2025-10-24 10:45:00,3953.79,3957.62,3951.47,3954.99,97524.06
2025-10-24 10:45:00,3953.79,3957.62,3951.47,3954.99,97524.06
2025-10-24 10:45:00,3953.79,3957.62,3951.47,3954.99,97524.06
2025-10-24 10:45:00,3953.79,3957.62,3951.47,3954.99,97524.06
2025-10-24 10:45:00,3953.79,3957.62,3951.47,3954.99,97524.06
2025-10-24 10:45:00,3953.79,3957.62,3951.47,3954.99,97524.06
2025-10-24 10:45:00,3953.79,3957.62,3951.47,3954.99,97524.06
2025-10-24 10:45:00,3953.79,3957.62,3951.47,3954.99,97524.06
2025-10-24 10:45:00,3953.79,3957.62,3951.47,3954.99,97524.06
2025-10-24 10:45:00,3953.79,3957.62,3951.47,3954.99,97524.06
2025-10-24 10:45:00,3953.79,3957.62,3951.47,3954.99,97524.06
2025-10-24 10:45:00,3953.79,3957.62,3951.47,3954.99,97524.06
2025-10-24 10:45:00,3953.79,3957.62,3951.47,3954.99,97524.06
2025-10-24 10:45:00,3953.79,3957.62,3951.47,3954.99,97524.06
2025-10-24 10:45:00,3953.79,3957.62,3951.47,3954.99,97524.06
2025-10-24 10:45:00,3953.79,3957.62,3951.47,3954.99,97524.06
2025-10-24 10:45:00,3953.79,3957.62,3951.47,3954.99,97524.06
2025-10-24 10:45:00,3953.79,3957.62,3951.47,3954.99,97524.06
2025-10-24 10:45:00,3953.79,3957.62,3951.47,3954.99,97524.06
2025-10-24 10:45:00,3953.79,3957.62,3951.47,3954.99,97524.06
2025-10-24 10:45:00,3953.79,3957.62,3951.47,3954.99,97524.06
2025-10-24 10:45:00,3953.79,3957.62,3951.47,3954.99,97524.06
2025-10-24 10:45:00,3953.79,3957.62,3951.47,3954.99,97524.06
2025-10-24 10:45:00,3953.79,3957.62,3951.47,3954.99,97524.06
2025-10-24 10:45:00,3953.79,3957.62,3951.47,3954.99,97524.06
2025-10-24 10:45:00,3953.79,3957.62,3951.47,3954.99,97524.06
2025-10-24 10:45:00,3953.79,3957.62,3951.47,3954.99,97524.06
2025-10-24 10:45:00,3953.79,3957.62,3951.47,3954.99,97524.06
2025-10-24 10:45:00,3953.79,3957.62,3951.47,3954.99,97524.06
2025-10-24 10:45:00,3953.79,3957.62,3951.47,3954.99,97524.06
2025-10-24 10:45:00,3953.79,3957.62,3951.47,3954.99,97524.06
2025-10-24 10:45:00,3953.79,3957.62,3951.47,3954.99,97524.06
2025-10-24 10:45:00,3953.79,3957.62,3951.47,3954.99,97524.06
2025-10-24 10:45:00,3953.79,3957.62,3951.47,3954.99,97524.06
2025-10-24 10:45:00,3953.79,3957.62,3951.47,3954.99,97524.06
2025-10-24 10:45:00,3953.79,3957.62,3951.47,3954.99,97524.06
2025-10-24 10:45:00,3953.79,3957.62,3951.47,3954.99,97524.06
2025-10-24 10:45:00,3953.79,3957.62,3951.47,3954.99,97524.06
2025-10-24 10:45:00,3953.79,3957.62,3951.47,3954.99,97524.06
2025-10-24 11:00:00,3955.0,3962.0,3951.0,3960.0,162648.51
2025-10-24 11:00:00,3955.0,3962.0,3951.0,3960.0,162648.51
2025-10-24 11:00:00,3955.0,3962.0,3951.0,3960.0,162648.51
2025-10-24 11:00:00,3955.0,3962.0,3951.0,3960.0,162648.51
2025-10-24 11:00:00,3955.0,3962.0,3951.0,3960.0,162648.51
2025-10-24 11:00:00,3955.0,3962.0,3951.0,3960.0,162648.51
2025-10-24 11:00:00,3955.0,3962.0,3951.0,3960.0,162648.51
2025-10-24 11:00:00,3955.0,3962.0,3951.0,3960.0,162648.51
2025-10-24 11:00:00,3955.0,3962.0,3951.0,3960.0,162648.51
2025-10-24 11:00:00,3955.0,3962.0,3951.0,3960.0,162648.51
2025-10-24 11:00:00,3955.0,3962.0,3951.0,3960.0,162648.51
2025-10-24 11:00:00,3955.0,3962.0,3951.0,3960.0,162648.51
2025-10-24 11:00:00,3955.0,3962.0,3951.0,3960.0,162648.51
2025-10-24 11:00:00,3955.0,3962.0,3951.0,3960.0,162648.51
2025-10-24 11:00:00,3955.0,3962.0,3951.0,3960.0,162648.51
2025-10-24 11:00:00,3955.0,3962.0,3951.0,3960.0,162648.51
2025-10-24 11:00:00,3955.0,3962.0,3951.0,3960.0,162648.51
2025-10-24 11:00:00,3955.0,3962.0,3951.0,3960.0,162648.51
2025-10-24 11:00:00,3955.0,3962.0,3951.0,3960.0,162648.51
2025-10-24 11:00:00,3955.0,3962.0,3951.0,3960.0,162648.51
2025-10-24 11:00:00,3955.0,3962.0,3951.0,3960.0,162648.51
2025-10-24 11:00:00,3955.0,3962.0,3951.0,3960.0,162648.51
2025-10-24 11:00:00,3955.0,3962.0,3951.0,3960.0,162648.51
2025-10-24 11:00:00,3955.0,3962.0,3951.0,3960.0,162648.51
2025-10-24 11:00:00,3955.0,3962.0,3951.0,3960.0,162648.51
2025-10-24 11:00:00,3955.0,3962.0,3951.0,3960.0,162648.51
2025-10-24 11:00:00,3955.0,3962.0,3951.0,3960.0,162648.51
2025-10-24 11:00:00,3955.0,3962.0,3951.0,3960.0,162648.51
2025-10-24 11:00:00,3955.0,3962.0,3951.0,3960.0,162648.51
2025-10-24 11:00:00,3955.0,3962.0,3951.0,3960.0,162648.51
2025-10-24 11:00:00,3955.0,3962.0,3951.0,3960.0,162648.51
2025-10-24 11:00:00,3955.0,3962.0,3951.0,3960.0,162648.51
2025-10-24 11:00:00,3955.0,3962.0,3951.0,3960.0,162648.51
2025-10-24 11:00:00,3955.0,3962.0,3951.0,3960.0,162648.51
2025-10-24 11:00:00,3955.0,3962.0,3951.0,3960.0,162648.51
2025-10-24 11:00:00,3955.0,3962.0,3951.0,3960.0,162648.51
2025-10-24 11:00:00,3955.0,3962.0,3951.0,3960.0,162648.51
2025-10-24 11:00:00,3955.0,3962.0,3951.0,3960.0,162648.51
2025-10-24 11:00:00,3955.0,3962.0,3951.0,3960.0,162648.51
2025-10-24 11:00:00,3955.0,3962.0,3951.0,3960.0,162648.51
2025-10-24 11:00:00,3955.0,3962.0,3951.0,3960.0,162648.51
2025-10-24 11:00:00,3955.0,3962.0,3951.0,3960.0,162648.51
2025-10-24 11:00:00,3955.0,3962.0,3951.0,3960.0,162648.51
2025-10-24 11:00:00,3955.0,3962.0,3951.0,3960.0,162648.51
2025-10-24 11:00:00,3955.0,3962.0,3951.0,3960.0,162648.51
2025-10-24 11:00:00,3955.0,3962.0,3951.0,3960.0,162648.51
2025-10-24 11:00:00,3955.0,3962.0,3951.0,3960.0,162648.51
2025-10-24 11:00:00,3955.0,3962.0,3951.0,3960.0,162648.51
2025-10-24 11:00:00,3955.0,3962.0,3951.0,3960.0,162648.51
2025-10-24 11:00:00,3955.0,3962.0,3951.0,3960.0,162648.51
2025-10-24 11:00:00,3955.0,3962.0,3951.0,3960.0,162648.51
2025-10-24 11:00:00,3955.0,3962.0,3951.0,3960.0,162648.51
2025-10-24 11:00:00,3955.0,3962.0,3951.0,3960.0,162648.51
2025-10-24 11:15:00,3960.0,3962.6,3952.0,3953.81,129856.63
2025-10-24 11:15:00,3960.0,3962.6,3952.0,3953.81,129856.63
2025-10-24 11:15:00,3960.0,3962.6,3952.0,3953.81,129856.63
2025-10-24 11:15:00,3960.0,3962.6,3952.0,3953.81,129856.63
2025-10-24 11:15:00,3960.0,3962.6,3952.0,3953.81,129856.63
2025-10-24 11:15:00,3960.0,3962.6,3952.0,3953.81,129856.63
2025-10-24 11:15:00,3960.0,3962.6,3952.0,3953.81,129856.63
2025-10-24 11:15:00,3960.0,3962.6,3952.0,3953.81,129856.63
2025-10-24 11:15:00,3960.0,3962.6,3952.0,3953.81,129856.63
2025-10-24 11:15:00,3960.0,3962.6,3952.0,3953.81,129856.63
2025-10-24 11:15:00,3960.0,3962.6,3952.0,3953.81,129856.63
2025-10-24 11:15:00,3960.0,3962.6,3952.0,3953.81,129856.63
2025-10-24 11:15:00,3960.0,3962.6,3952.0,3953.81,129856.63
2025-10-24 11:15:00,3960.0,3962.6,3952.0,3953.81,129856.63
2025-10-24 11:15:00,3960.0,3962.6,3952.0,3953.81,129856.63
2025-10-24 11:15:00,3960.0,3962.6,3952.0,3953.81,129856.63
2025-10-24 11:15:00,3960.0,3962.6,3952.0,3953.81,129856.63
2025-10-24 11:15:00,3960.0,3962.6,3952.0,3953.81,129856.63
2025-10-24 11:15:00,3960.0,3962.6,3952.0,3953.81,129856.63
2025-10-24 11:15:00,3960.0,3962.6,3952.0,3953.81,129856.63
2025-10-24 11:15:00,3960.0,3962.6,3952.0,3953.81,129856.63
2025-10-24 11:15:00,3960.0,3962.6,3952.0,3953.81,129856.63
2025-10-24 11:15:00,3960.0,3962.6,3952.0,3953.81,129856.63
2025-10-24 11:15:00,3960.0,3962.6,3952.0,3953.81,129856.63
2025-10-24 11:15:00,3960.0,3962.6,3952.0,3953.81,129856.63
2025-10-24 11:15:00,3960.0,3962.6,3952.0,3953.81,129856.63
2025-10-24 11:15:00,3960.0,3962.6,3952.0,3953.81,129856.63
2025-10-24 11:15:00,3960.0,3962.6,3952.0,3953.81,129856.63
2025-10-24 11:15:00,3960.0,3962.6,3952.0,3953.81,129856.63
2025-10-24 11:15:00,3960.0,3962.6,3952.0,3953.81,129856.63
2025-10-24 11:15:00,3960.0,3962.6,3952.0,3953.81,129856.63
2025-10-24 11:15:00,3960.0,3962.6,3952.0,3953.81,129856.63
2025-10-24 11:15:00,3960.0,3962.6,3952.0,3953.81,129856.63
2025-10-24 11:15:00,3960.0,3962.6,3952.0,3953.81,129856.63
2025-10-24 11:15:00,3960.0,3962.6,3952.0,3953.81,129856.63
2025-10-24 11:15:00,3960.0,3962.6,3952.0,3953.81,129856.63
2025-10-24 11:15:00,3960.0,3962.6,3952.0,3953.81,129856.63
2025-10-24 11:15:00,3960.0,3962.6,3952.0,3953.81,129856.63
2025-10-24 11:15:00,3960.0,3962.6,3952.0,3953.81,129856.63
2025-10-24 11:15:00,3960.0,3962.6,3952.0,3953.81,129856.63
2025-10-24 11:15:00,3960.0,3962.6,3952.0,3953.81,129856.63
2025-10-24 11:15:00,3960.0,3962.6,3952.0,3953.81,129856.63
2025-10-24 11:15:00,3960.0,3962.6,3952.0,3953.81,129856.63
2025-10-24 11:15:00,3960.0,3962.6,3952.0,3953.81,129856.63
2025-10-24 11:15:00,3960.0,3962.6,3952.0,3953.81,129856.63
2025-10-24 11:15:00,3960.0,3962.6,3952.0,3953.81,129856.63
2025-10-24 11:15:00,3960.0,3962.6,3952.0,3953.81,129856.63
2025-10-24 11:15:00,3960.0,3962.6,3952.0,3953.81,129856.63
2025-10-24 11:15:00,3960.0,3962.6,3952.0,3953.81,129856.63
2025-10-24 11:15:00,3960.0,3962.6,3952.0,3953.81,129856.63
2025-10-24 11:15:00,3960.0,3962.6,3952.0,3953.81,129856.63
2025-10-24 11:15:00,3960.0,3962.6,3952.0,3953.81,129856.63
2025-10-24 11:15:00,3960.0,3962.6,3952.0,3953.81,129856.63
2025-10-24 11:30:00,3953.8,3953.8,3923.4,3945.01,788671.66
2025-10-24 11:30:00,3953.8,3953.8,3923.4,3945.01,788671.66
2025-10-24 11:30:00,3953.8,3953.8,3923.4,3945.01,788671.66
2025-10-24 11:30:00,3953.8,3953.8,3923.4,3945.01,788671.66
2025-10-24 11:30:00,3953.8,3953.8,3923.4,3945.01,788671.66
2025-10-24 11:30:00,3953.8,3953.8,3923.4,3945.01,788671.66
2025-10-24 11:30:00,3953.8,3953.8,3923.4,3945.01,788671.66
2025-10-24 11:30:00,3953.8,3953.8,3923.4,3945.01,788671.66
2025-10-24 11:30:00,3953.8,3953.8,3923.4,3945.01,788671.66
2025-10-24 11:30:00,3953.8,3953.8,3923.4,3945.01,788671.66
2025-10-24 11:30:00,3953.8,3953.8,3923.4,3945.01,788671.66
2025-10-24 11:30:00,3953.8,3953.8,3923.4,3945.01,788671.66
2025-10-24 11:30:00,3953.8,3953.8,3923.4,3945.01,788671.66
2025-10-24 11:30:00,3953.8,3953.8,3923.4,3945.01,788671.66
2025-10-24 11:30:00,3953.8,3953.8,3923.4,3945.01,788671.66
2025-10-24 11:30:00,3953.8,3953.8,3923.4,3945.01,788671.66
2025-10-24 11:30:00,3953.8,3953.8,3923.4,3945.01,788671.66
2025-10-24 11:30:00,3953.8,3953.8,3923.4,3945.01,788671.66
2025-10-24 11:30:00,3953.8,3953.8,3923.4,3945.01,788671.66
2025-10-24 11:30:00,3953.8,3953.8,3923.4,3945.01,788671.66
2025-10-24 11:30:00,3953.8,3953.8,3923.4,3945.01,788671.66
2025-10-24 11:30:00,3953.8,3953.8,3923.4,3945.01,788671.66
2025-10-24 11:30:00,3953.8,3953.8,3923.4,3945.01,788671.66
2025-10-24 11:30:00,3953.8,3953.8,3923.4,3945.01,788671.66
2025-10-24 11:30:00,3953.8,3953.8,3923.4,3945.01,788671.66
2025-10-24 11:30:00,3953.8,3953.8,3923.4,3945.01,788671.66
2025-10-24 11:30:00,3953.8,3953.8,3923.4,3945.01,788671.66
2025-10-24 11:30:00,3953.8,3953.8,3923.4,3945.01,788671.66
2025-10-24 11:30:00,3953.8,3953.8,3923.4,3945.01,788671.66
2025-10-24 11:30:00,3953.8,3953.8,3923.4,3945.01,788671.66
2025-10-24 11:30:00,3953.8,3953.8,3923.4,3945.01,788671.66
2025-10-24 11:30:00,3953.8,3953.8,3923.4,3945.01,788671.66
2025-10-24 11:30:00,3953.8,3953.8,3923.4,3945.01,788671.66
2025-10-24 11:30:00,3953.8,3953.8,3923.4,3945.01,788671.66
2025-10-24 11:30:00,3953.8,3953.8,3923.4,3945.01,788671.66
2025-10-24 11:30:00,3953.8,3953.8,3923.4,3945.01,788671.66
2025-10-24 11:30:00,3953.8,3953.8,3923.4,3945.01,788671.66
2025-10-24 11:30:00,3953.8,3953.8,3923.4,3945.01,788671.66
2025-10-24 11:30:00,3953.8,3953.8,3923.4,3945.01,788671.66
2025-10-24 11:30:00,3953.8,3953.8,3923.4,3945.01,788671.66
2025-10-24 11:30:00,3953.8,3953.8,3923.4,3945.01,788671.66
2025-10-24 11:30:00,3953.8,3953.8,3923.4,3945.01,788671.66
2025-10-24 11:30:00,3953.8,3953.8,3923.4,3945.01,788671.66
2025-10-24 11:30:00,3953.8,3953.8,3923.4,3945.01,788671.66
2025-10-24 11:30:00,3953.8,3953.8,3923.4,3945.01,788671.66
2025-10-24 11:30:00,3953.8,3953.8,3923.4,3945.01,788671.66
2025-10-24 11:30:00,3953.8,3953.8,3923.4,3945.01,788671.66
2025-10-24 11:30:00,3953.8,3953.8,3923.4,3945.01,788671.66
2025-10-24 11:30:00,3953.8,3953.8,3923.4,3945.01,788671.66
2025-10-24 11:30:00,3953.8,3953.8,3923.4,3945.01,788671.66
2025-10-24 11:30:00,3953.8,3953.8,3923.4,3945.01,788671.66
2025-10-24 11:30:00,3953.8,3953.8,3923.4,3945.01,788671.66
2025-10-24 11:30:00,3953.8,3953.8,3923.4,3945.01,788671.66
2025-10-24 11:45:00,3945.0,3948.72,3938.0,3944.76,306111.48
2025-10-24 11:45:00,3945.0,3948.72,3938.0,3944.76,306111.48
2025-10-24 11:45:00,3945.0,3948.72,3938.0,3944.76,306111.48
2025-10-24 11:45:00,3945.0,3948.72,3938.0,3944.76,306111.48
2025-10-24 11:45:00,3945.0,3948.72,3938.0,3944.76,306111.48
2025-10-24 11:45:00,3945.0,3948.72,3938.0,3944.76,306111.48
2025-10-24 11:45:00,3945.0,3948.72,3938.0,3944.76,306111.48
2025-10-24 11:45:00,3945.0,3948.72,3938.0,3944.76,306111.48
2025-10-24 11:45:00,3945.0,3948.72,3938.0,3944.76,306111.48
2025-10-24 11:45:00,3945.0,3948.72,3938.0,3944.76,306111.48
2025-10-24 11:45:00,3945.0,3948.72,3938.0,3944.76,306111.48
2025-10-24 11:45:00,3945.0,3948.72,3938.0,3944.76,306111.48
2025-10-24 11:45:00,3945.0,3948.72,3938.0,3944.76,306111.48
2025-10-24 11:45:00,3945.0,3948.72,3938.0,3944.76,306111.48
2025-10-24 11:45:00,3945.0,3948.72,3938.0,3944.76,306111.48
2025-10-24 11:45:00,3945.0,3948.72,3938.0,3944.76,306111.48
2025-10-24 11:45:00,3945.0,3948.72,3938.0,3944.76,306111.48
2025-10-24 11:45:00,3945.0,3948.72,3938.0,3944.76,306111.48
2025-10-24 11:45:00,3945.0,3948.72,3938.0,3944.76,306111.48
2025-10-24 11:45:00,3945.0,3948.72,3938.0,3944.76,306111.48
2025-10-24 11:45:00,3945.0,3948.72,3938.0,3944.76,306111.48
2025-10-24 11:45:00,3945.0,3948.72,3938.0,3944.76,306111.48
2025-10-24 11:45:00,3945.0,3948.72,3938.0,3944.76,306111.48
2025-10-24 11:45:00,3945.0,3948.72,3938.0,3944.76,306111.48
2025-10-24 11:45:00,3945.0,3948.72,3938.0,3944.76,306111.48
2025-10-24 11:45:00,3945.0,3948.72,3938.0,3944.76,306111.48
2025-10-24 11:45:00,3945.0,3948.72,3938.0,3944.76,306111.48
2025-10-24 11:45:00,3945.0,3948.72,3938.0,3944.76,306111.48
2025-10-24 11:45:00,3945.0,3948.72,3938.0,3944.76,306111.48
2025-10-24 11:45:00,3945.0,3948.72,3938.0,3944.76,306111.48
2025-10-24 11:45:00,3945.0,3948.72,3938.0,3944.76,306111.48
2025-10-24 11:45:00,3945.0,3948.72,3938.0,3944.76,306111.48
2025-10-24 11:45:00,3945.0,3948.72,3938.0,3944.76,306111.48
2025-10-24 11:45:00,3945.0,3948.72,3938.0,3944.76,306111.48
2025-10-24 11:45:00,3945.0,3948.72,3938.0,3944.76,306111.48
2025-10-24 11:45:00,3945.0,3948.72,3938.0,3944.76,306111.48
2025-10-24 11:45:00,3945.0,3948.72,3938.0,3944.76,306111.48
2025-10-24 11:45:00,3945.0,3948.72,3938.0,3944.76,306111.48
2025-10-24 11:45:00,3945.0,3948.72,3938.0,3944.76,306111.48
2025-10-24 11:45:00,3945.0,3948.72,3938.0,3944.76,306111.48
2025-10-24 11:45:00,3945.0,3948.72,3938.0,3944.76,306111.48
2025-10-24 11:45:00,3945.0,3948.72,3938.0,3944.76,306111.48
2025-10-24 11:45:00,3945.0,3948.72,3938.0,3944.76,306111.48
2025-10-24 11:45:00,3945.0,3948.72,3938.0,3944.76,306111.48
2025-10-24 11:45:00,3945.0,3948.72,3938.0,3944.76,306111.48
2025-10-24 11:45:00,3945.0,3948.72,3938.0,3944.76,306111.48
2025-10-24 11:45:00,3945.0,3948.72,3938.0,3944.76,306111.48
2025-10-24 11:45:00,3945.0,3948.72,3938.0,3944.76,306111.48
2025-10-24 11:45:00,3945.0,3948.72,3938.0,3944.76,306111.48
2025-10-24 11:45:00,3945.0,3948.72,3938.0,3944.76,306111.48
2025-10-24 11:45:00,3945.0,3948.72,3938.0,3944.76,306111.48
2025-10-24 11:45:00,3945.0,3948.72,3938.0,3944.76,306111.48
2025-10-24 11:45:00,3945.0,3948.72,3938.0,3944.76,306111.48
2025-10-24 12:00:00,3944.75,3955.81,3944.63,3952.56,174495.65
2025-10-24 12:00:00,3944.75,3955.81,3944.63,3952.56,174495.65
2025-10-24 12:00:00,3944.75,3955.81,3944.63,3952.56,174495.65
2025-10-24 12:00:00,3944.75,3955.81,3944.63,3952.56,174495.65
2025-10-24 12:00:00,3944.75,3955.81,3944.63,3952.56,174495.65
2025-10-24 12:00:00,3944.75,3955.81,3944.63,3952.56,174495.65
2025-10-24 12:00:00,3944.75,3955.81,3944.63,3952.56,174495.65
2025-10-24 12:00:00,3944.75,3955.81,3944.63,3952.56,174495.65
2025-10-24 12:00:00,3944.75,3955.81,3944.63,3952.56,174495.65
2025-10-24 12:00:00,3944.75,3955.81,3944.63,3952.56,174495.65
2025-10-24 12:00:00,3944.75,3955.81,3944.63,3952.56,174495.65
2025-10-24 12:00:00,3944.75,3955.81,3944.63,3952.56,174495.65
2025-10-24 12:00:00,3944.75,3955.81,3944.63,3952.56,174495.65
2025-10-24 12:00:00,3944.75,3955.81,3944.63,3952.56,174495.65
2025-10-24 12:00:00,3944.75,3955.81,3944.63,3952.56,174495.65
2025-10-24 12:00:00,3944.75,3955.81,3944.63,3952.56,174495.65
2025-10-24 12:00:00,3944.75,3955.81,3944.63,3952.56,174495.65
2025-10-24 12:00:00,3944.75,3955.81,3944.63,3952.56,174495.65
2025-10-24 12:00:00,3944.75,3955.81,3944.63,3952.56,174495.65
2025-10-24 12:00:00,3944.75,3955.81,3944.63,3952.56,174495.65
2025-10-24 12:00:00,3944.75,3955.81,3944.63,3952.56,174495.65
2025-10-24 12:00:00,3944.75,3955.81,3944.63,3952.56,174495.65
2025-10-24 12:00:00,3944.75,3955.81,3944.63,3952.56,174495.65
2025-10-24 12:00:00,3944.75,3955.81,3944.63,3952.56,174495.65
2025-10-24 12:00:00,3944.75,3955.81,3944.63,3952.56,174495.65
2025-10-24 12:00:00,3944.75,3955.81,3944.63,3952.56,174495.65
2025-10-24 12:00:00,3944.75,3955.81,3944.63,3952.56,174495.65
2025-10-24 12:00:00,3944.75,3955.81,3944.63,3952.56,174495.65
2025-10-24 12:00:00,3944.75,3955.81,3944.63,3952.56,174495.65
2025-10-24 12:00:00,3944.75,3955.81,3944.63,3952.56,174495.65
2025-10-24 12:00:00,3944.75,3955.81,3944.63,3952.56,174495.65
2025-10-24 12:00:00,3944.75,3955.81,3944.63,3952.56,174495.65
2025-10-24 12:00:00,3944.75,3955.81,3944.63,3952.56,174495.65
2025-10-24 12:00:00,3944.75,3955.81,3944.63,3952.56,174495.65
2025-10-24 12:00:00,3944.75,3955.81,3944.63,3952.56,174495.65
2025-10-24 12:00:00,3944.75,3955.81,3944.63,3952.56,174495.65
2025-10-24 12:00:00,3944.75,3955.81,3944.63,3952.56,174495.65
2025-10-24 12:00:00,3944.75,3955.81,3944.63,3952.56,174495.65
2025-10-24 12:00:00,3944.75,3955.81,3944.63,3952.56,174495.65
2025-10-24 12:00:00,3944.75,3955.81,3944.63,3952.56,174495.65
2025-10-24 12:00:00,3944.75,3955.81,3944.63,3952.56,174495.65
2025-10-24 12:00:00,3944.75,3955.81,3944.63,3952.56,174495.65
2025-10-24 12:00:00,3944.75,3955.81,3944.63,3952.56,174495.65
2025-10-24 12:00:00,3944.75,3955.81,3944.63,3952.56,174495.65
2025-10-24 12:00:00,3944.75,3955.81,3944.63,3952.56,174495.65
2025-10-24 12:00:00,3944.75,3955.81,3944.63,3952.56,174495.65
2025-10-24 12:00:00,3944.75,3955.81,3944.63,3952.56,174495.65
2025-10-24 12:00:00,3944.75,3955.81,3944.63,3952.56,174495.65
2025-10-24 12:00:00,3944.75,3955.81,3944.63,3952.56,174495.65
2025-10-24 12:00:00,3944.75,3955.81,3944.63,3952.56,174495.65
2025-10-24 12:00:00,3944.75,3955.81,3944.63,3952.56,174495.65
2025-10-24 12:00:00,3944.75,3955.81,3944.63,3952.56,174495.65
2025-10-24 12:00:00,3944.75,3955.81,3944.63,3952.56,174495.65
2025-10-24 12:15:00,3952.55,3959.21,3939.21,3953.02,373604.35
2025-10-24 12:15:00,3952.55,3959.21,3939.21,3953.02,373604.35
2025-10-24 12:15:00,3952.55,3959.21,3939.21,3953.02,373604.35
2025-10-24 12:15:00,3952.55,3959.21,3939.21,3953.02,373604.35
2025-10-24 12:15:00,3952.55,3959.21,3939.21,3953.02,373604.35
2025-10-24 12:15:00,3952.55,3959.21,3939.21,3953.02,373604.35
2025-10-24 12:15:00,3952.55,3959.21,3939.21,3953.02,373604.35
2025-10-24 12:15:00,3952.55,3959.21,3939.21,3953.02,373604.35
2025-10-24 12:15:00,3952.55,3959.21,3939.21,3953.02,373604.35
2025-10-24 12:15:00,3952.55,3959.21,3939.21,3953.02,373604.35
2025-10-24 12:15:00,3952.55,3959.21,3939.21,3953.02,373604.35
2025-10-24 12:15:00,3952.55,3959.21,3939.21,3953.02,373604.35
2025-10-24 12:15:00,3952.55,3959.21,3939.21,3953.02,373604.35
2025-10-24 12:15:00,3952.55,3959.21,3939.21,3953.02,373604.35
2025-10-24 12:15:00,3952.55,3959.21,3939.21,3953.02,373604.35
2025-10-24 12:15:00,3952.55,3959.21,3939.21,3953.02,373604.35
2025-10-24 12:15:00,3952.55,3959.21,3939.21,3953.02,373604.35
2025-10-24 12:15:00,3952.55,3959.21,3939.21,3953.02,373604.35
2025-10-24 12:15:00,3952.55,3959.21,3939.21,3953.02,373604.35
2025-10-24 12:15:00,3952.55,3959.21,3939.21,3953.02,373604.35
2025-10-24 12:15:00,3952.55,3959.21,3939.21,3953.02,373604.35
2025-10-24 12:15:00,3952.55,3959.21,3939.21,3953.02,373604.35
2025-10-24 12:15:00,3952.55,3959.21,3939.21,3953.02,373604.35
2025-10-24 12:15:00,3952.55,3959.21,3939.21,3953.02,373604.35
2025-10-24 12:15:00,3952.55,3959.21,3939.21,3953.02,373604.35
2025-10-24 12:15:00,3952.55,3959.21,3939.21,3953.02,373604.35
2025-10-24 12:15:00,3952.55,3959.21,3939.21,3953.02,373604.35
2025-10-24 12:15:00,3952.55,3959.21,3939.21,3953.02,373604.35
2025-10-24 12:15:00,3952.55,3959.21,3939.21,3953.02,373604.35
2025-10-24 12:15:00,3952.55,3959.21,3939.21,3953.02,373604.35
2025-10-24 12:15:00,3952.55,3959.21,3939.21,3953.02,373604.35
2025-10-24 12:15:00,3952.55,3959.21,3939.21,3953.02,373604.35
2025-10-24 12:15:00,3952.55,3959.21,3939.21,3953.02,373604.35
2025-10-24 12:15:00,3952.55,3959.21,3939.21,3953.02,373604.35
2025-10-24 12:15:00,3952.55,3959.21,3939.21,3953.02,373604.35
2025-10-24 12:15:00,3952.55,3959.21,3939.21,3953.02,373604.35
2025-10-24 12:15:00,3952.55,3959.21,3939.21,3953.02,373604.35
2025-10-24 12:15:00,3952.55,3959.21,3939.21,3953.02,373604.35
2025-10-24 12:15:00,3952.55,3959.21,3939.21,3953.02,373604.35
2025-10-24 12:15:00,3952.55,3959.21,3939.21,3953.02,373604.35
2025-10-24 12:15:00,3952.55,3959.21,3939.21,3953.02,373604.35
2025-10-24 12:15:00,3952.55,3959.21,3939.21,3953.02,373604.35
2025-10-24 12:15:00,3952.55,3959.21,3939.21,3953.02,373604.35
2025-10-24 12:15:00,3952.55,3959.21,3939.21,3953.02,373604.35
2025-10-24 12:15:00,3952.55,3959.21,3939.21,3953.02,373604.35
2025-10-24 12:15:00,3952.55,3959.21,3939.21,3953.02,373604.35
2025-10-24 12:15:00,3952.55,3959.21,3939.21,3953.02,373604.35
2025-10-24 12:15:00,3952.55,3959.21,3939.21,3953.02,373604.35
2025-10-24 12:15:00,3952.55,3959.21,3939.21,3953.02,373604.35
2025-10-24 12:15:00,3952.55,3959.21,3939.21,3953.02,373604.35
2025-10-24 12:15:00,3952.55,3959.21,3939.21,3953.02,373604.35
2025-10-24 12:15:00,3952.55,3959.21,3939.21,3953.02,373604.35
2025-10-24 12:15:00,3952.55,3959.21,3939.21,3953.02,373604.35
2025-10-24 12:30:00,3953.03,4030.0,3947.91,3975.51,2699141.08
2025-10-24 12:30:00,3953.03,4030.0,3947.91,3975.51,2699141.08
2025-10-24 12:30:00,3953.03,4030.0,3947.91,3975.51,2699141.08
2025-10-24 12:30:00,3953.03,4030.0,3947.91,3975.51,2699141.08
2025-10-24 12:30:00,3953.03,4030.0,3947.91,3975.51,2699141.08
2025-10-24 12:30:00,3953.03,4030.0,3947.91,3975.51,2699141.08
2025-10-24 12:30:00,3953.03,4030.0,3947.91,3975.51,2699141.08
2025-10-24 12:30:00,3953.03,4030.0,3947.91,3975.51,2699141.08
2025-10-24 12:30:00,3953.03,4030.0,3947.91,3975.51,2699141.08
2025-10-24 12:30:00,3953.03,4030.0,3947.91,3975.51,2699141.08
2025-10-24 12:30:00,3953.03,4030.0,3947.91,3975.51,2699141.08
2025-10-24 12:30:00,3953.03,4030.0,3947.91,3975.51,2699141.08
2025-10-24 12:30:00,3953.03,4030.0,3947.91,3975.51,2699141.08
2025-10-24 12:30:00,3953.03,4030.0,3947.91,3975.51,2699141.08
2025-10-24 12:30:00,3953.03,4030.0,3947.91,3975.51,2699141.08
2025-10-24 12:30:00,3953.03,4030.0,3947.91,3975.51,2699141.08
2025-10-24 12:30:00,3953.03,4030.0,3947.91,3975.51,2699141.08
2025-10-24 12:30:00,3953.03,4030.0,3947.91,3975.51,2699141.08
2025-10-24 12:30:00,3953.03,4030.0,3947.91,3975.51,2699141.08
2025-10-24 12:30:00,3953.03,4030.0,3947.91,3975.51,2699141.08
2025-10-24 12:30:00,3953.03,4030.0,3947.91,3975.51,2699141.08
2025-10-24 12:30:00,3953.03,4030.0,3947.91,3975.51,2699141.08
2025-10-24 12:30:00,3953.03,4030.0,3947.91,3975.51,2699141.08
2025-10-24 12:30:00,3953.03,4030.0,3947.91,3975.51,2699141.08
2025-10-24 12:30:00,3953.03,4030.0,3947.91,3975.51,2699141.08
2025-10-24 12:30:00,3953.03,4030.0,3947.91,3975.51,2699141.08
2025-10-24 12:30:00,3953.03,4030.0,3947.91,3975.51,2699141.08
2025-10-24 12:30:00,3953.03,4030.0,3947.91,3975.51,2699141.08
2025-10-24 12:30:00,3953.03,4030.0,3947.91,3975.51,2699141.08
2025-10-24 12:30:00,3953.03,4030.0,3947.91,3975.51,2699141.08
2025-10-24 12:30:00,3953.03,4030.0,3947.91,3975.51,2699141.08
2025-10-24 12:30:00,3953.03,4030.0,3947.91,3975.51,2699141.08
2025-10-24 12:30:00,3953.03,4030.0,3947.91,3975.51,2699141.08
2025-10-24 12:30:00,3953.03,4030.0,3947.91,3975.51,2699141.08
2025-10-24 12:30:00,3953.03,4030.0,3947.91,3975.51,2699141.08
2025-10-24 12:30:00,3953.03,4030.0,3947.91,3975.51,2699141.08
2025-10-24 12:30:00,3953.03,4030.0,3947.91,3975.51,2699141.08
2025-10-24 12:30:00,3953.03,4030.0,3947.91,3975.51,2699141.08
2025-10-24 12:30:00,3953.03,4030.0,3947.91,3975.51,2699141.08
2025-10-24 12:30:00,3953.03,4030.0,3947.91,3975.51,2699141.08
2025-10-24 12:30:00,3953.03,4030.0,3947.91,3975.51,2699141.08
2025-10-24 12:30:00,3953.03,4030.0,3947.91,3975.51,2699141.08
2025-10-24 12:30:00,3953.03,4030.0,3947.91,3975.51,2699141.08
2025-10-24 12:30:00,3953.03,4030.0,3947.91,3975.51,2699141.08
2025-10-24 12:30:00,3953.03,4030.0,3947.91,3975.51,2699141.08
2025-10-24 12:30:00,3953.03,4030.0,3947.91,3975.51,2699141.08
2025-10-24 12:30:00,3953.03,4030.0,3947.91,3975.51,2699141.08
2025-10-24 12:30:00,3953.03,4030.0,3947.91,3975.51,2699141.08
2025-10-24 12:30:00,3953.03,4030.0,3947.91,3975.51,2699141.08
2025-10-24 12:30:00,3953.03,4030.0,3947.91,3975.51,2699141.08
2025-10-24 12:30:00,3953.03,4030.0,3947.91,3975.51,2699141.08
2025-10-24 12:30:00,3953.03,4030.0,3947.91,3975.51,2699141.08
2025-10-24 12:30:00,3953.03,4030.0,3947.91,3975.51,2699141.08
2025-10-24 12:45:00,3975.52,3975.96,3951.32,3962.34,576843.14
2025-10-24 12:45:00,3975.52,3975.96,3951.32,3962.34,576843.14
2025-10-24 12:45:00,3975.52,3975.96,3951.32,3962.34,576843.14
2025-10-24 12:45:00,3975.52,3975.96,3951.32,3962.34,576843.14
2025-10-24 12:45:00,3975.52,3975.96,3951.32,3962.34,576843.14
2025-10-24 12:45:00,3975.52,3975.96,3951.32,3962.34,576843.14
2025-10-24 12:45:00,3975.52,3975.96,3951.32,3962.34,576843.14
2025-10-24 12:45:00,3975.52,3975.96,3951.32,3962.34,576843.14
2025-10-24 12:45:00,3975.52,3975.96,3951.32,3962.34,576843.14
2025-10-24 12:45:00,3975.52,3975.96,3951.32,3962.34,576843.14
2025-10-24 12:45:00,3975.52,3975.96,3951.32,3962.34,576843.14
2025-10-24 12:45:00,3975.52,3975.96,3951.32,3962.34,576843.14
2025-10-24 12:45:00,3975.52,3975.96,3951.32,3962.34,576843.14
2025-10-24 12:45:00,3975.52,3975.96,3951.32,3962.34,576843.14
2025-10-24 12:45:00,3975.52,3975.96,3951.32,3962.34,576843.14
2025-10-24 12:45:00,3975.52,3975.96,3951.32,3962.34,576843.14
2025-10-24 12:45:00,3975.52,3975.96,3951.32,3962.34,576843.14
2025-10-24 12:45:00,3975.52,3975.96,3951.32,3962.34,576843.14
2025-10-24 12:45:00,3975.52,3975.96,3951.32,3962.34,576843.14
2025-10-24 12:45:00,3975.52,3975.96,3951.32,3962.34,576843.14
2025-10-24 12:45:00,3975.52,3975.96,3951.32,3962.34,576843.14
2025-10-24 12:45:00,3975.52,3975.96,3951.32,3962.34,576843.14
2025-10-24 12:45:00,3975.52,3975.96,3951.32,3962.34,576843.14
2025-10-24 12:45:00,3975.52,3975.96,3951.32,3962.34,576843.14
2025-10-24 12:45:00,3975.52,3975.96,3951.32,3962.34,576843.14
2025-10-24 12:45:00,3975.52,3975.96,3951.32,3962.34,576843.14
2025-10-24 12:45:00,3975.52,3975.96,3951.32,3962.34,576843.14
2025-10-24 12:45:00,3975.52,3975.96,3951.32,3962.34,576843.14
2025-10-24 12:45:00,3975.52,3975.96,3951.32,3962.34,576843.14
2025-10-24 12:45:00,3975.52,3975.96,3951.32,3962.34,576843.14
2025-10-24 12:45:00,3975.52,3975.96,3951.32,3962.34,576843.14
2025-10-24 12:45:00,3975.52,3975.96,3951.32,3962.34,576843.14
2025-10-24 12:45:00,3975.52,3975.96,3951.32,3962.34,576843.14
2025-10-24 12:45:00,3975.52,3975.96,3951.32,3962.34,576843.14
2025-10-24 12:45:00,3975.52,3975.96,3951.32,3962.34,576843.14
2025-10-24 12:45:00,3975.52,3975.96,3951.32,3962.34,576843.14
2025-10-24 12:45:00,3975.52,3975.96,3951.32,3962.34,576843.14
2025-10-24 12:45:00,3975.52,3975.96,3951.32,3962.34,576843.14
2025-10-24 12:45:00,3975.52,3975.96,3951.32,3962.34,576843.14
2025-10-24 12:45:00,3975.52,3975.96,3951.32,3962.34,576843.14
2025-10-24 12:45:00,3975.52,3975.96,3951.32,3962.34,576843.14
2025-10-24 12:45:00,3975.52,3975.96,3951.32,3962.34,576843.14
2025-10-24 12:45:00,3975.52,3975.96,3951.32,3962.34,576843.14
2025-10-24 12:45:00,3975.52,3975.96,3951.32,3962.34,576843.14
2025-10-24 12:45:00,3975.52,3975.96,3951.32,3962.34,576843.14
2025-10-24 12:45:00,3975.52,3975.96,3951.32,3962.34,576843.14
2025-10-24 12:45:00,3975.52,3975.96,3951.32,3962.34,576843.14
2025-10-24 12:45:00,3975.52,3975.96,3951.32,3962.34,576843.14
2025-10-24 12:45:00,3975.52,3975.96,3951.32,3962.34,576843.14
2025-10-24 12:45:00,3975.52,3975.96,3951.32,3962.34,576843.14
2025-10-24 12:45:00,3975.52,3975.96,3951.32,3962.34,576843.14
2025-10-24 12:45:00,3975.52,3975.96,3951.32,3962.34,576843.14
2025-10-24 12:45:00,3975.52,3975.96,3951.32,3962.34,576843.14
2025-10-24 13:00:00,3962.34,3969.43,3954.0,3961.53,223476.98
2025-10-24 13:00:00,3962.34,3969.43,3954.0,3961.53,223476.98
2025-10-24 13:00:00,3962.34,3969.43,3954.0,3961.53,223476.98
2025-10-24 13:00:00,3962.34,3969.43,3954.0,3961.53,223476.98
2025-10-24 13:00:00,3962.34,3969.43,3954.0,3961.53,223476.98
2025-10-24 13:00:00,3962.34,3969.43,3954.0,3961.53,223476.98
2025-10-24 13:00:00,3962.34,3969.43,3954.0,3961.53,223476.98
2025-10-24 13:00:00,3962.34,3969.43,3954.0,3961.53,223476.98
2025-10-24 13:00:00,3962.34,3969.43,3954.0,3961.53,223476.98
2025-10-24 13:00:00,3962.34,3969.43,3954.0,3961.53,223476.98
2025-10-24 13:00:00,3962.34,3969.43,3954.0,3961.53,223476.98
2025-10-24 13:00:00,3962.34,3969.43,3954.0,3961.53,223476.98
2025-10-24 13:00:00,3962.34,3969.43,3954.0,3961.53,223476.98
2025-10-24 13:00:00,3962.34,3969.43,3954.0,3961.53,223476.98
2025-10-24 13:00:00,3962.34,3969.43,3954.0,3961.53,223476.98
2025-10-24 13:00:00,3962.34,3969.43,3954.0,3961.53,223476.98
2025-10-24 13:00:00,3962.34,3969.43,3954.0,3961.53,223476.98
2025-10-24 13:00:00,3962.34,3969.43,3954.0,3961.53,223476.98
2025-10-24 13:00:00,3962.34,3969.43,3954.0,3961.53,223476.98
2025-10-24 13:00:00,3962.34,3969.43,3954.0,3961.53,223476.98
2025-10-24 13:00:00,3962.34,3969.43,3954.0,3961.53,223476.98
2025-10-24 13:00:00,3962.34,3969.43,3954.0,3961.53,223476.98
2025-10-24 13:00:00,3962.34,3969.43,3954.0,3961.53,223476.98
2025-10-24 13:00:00,3962.34,3969.43,3954.0,3961.53,223476.98
2025-10-24 13:00:00,3962.34,3969.43,3954.0,3961.53,223476.98
2025-10-24 13:00:00,3962.34,3969.43,3954.0,3961.53,223476.98
2025-10-24 13:00:00,3962.34,3969.43,3954.0,3961.53,223476.98
2025-10-24 13:00:00,3962.34,3969.43,3954.0,3961.53,223476.98
2025-10-24 13:00:00,3962.34,3969.43,3954.0,3961.53,223476.98
2025-10-24 13:00:00,3962.34,3969.43,3954.0,3961.53,223476.98
2025-10-24 13:00:00,3962.34,3969.43,3954.0,3961.53,223476.98
2025-10-24 13:00:00,3962.34,3969.43,3954.0,3961.53,223476.98
2025-10-24 13:00:00,3962.34,3969.43,3954.0,3961.53,223476.98
2025-10-24 13:00:00,3962.34,3969.43,3954.0,3961.53,223476.98
2025-10-24 13:00:00,3962.34,3969.43,3954.0,3961.53,223476.98
2025-10-24 13:00:00,3962.34,3969.43,3954.0,3961.53,223476.98
2025-10-24 13:00:00,3962.34,3969.43,3954.0,3961.53,223476.98
2025-10-24 13:00:00,3962.34,3969.43,3954.0,3961.53,223476.98
2025-10-24 13:00:00,3962.34,3969.43,3954.0,3961.53,223476.98
2025-10-24 13:00:00,3962.34,3969.43,3954.0,3961.53,223476.98
2025-10-24 13:00:00,3962.34,3969.43,3954.0,3961.53,223476.98
2025-10-24 13:00:00,3962.34,3969.43,3954.0,3961.53,223476.98
2025-10-24 13:00:00,3962.34,3969.43,3954.0,3961.53,223476.98
2025-10-24 13:00:00,3962.34,3969.43,3954.0,3961.53,223476.98
2025-10-24 13:00:00,3962.34,3969.43,3954.0,3961.53,223476.98
2025-10-24 13:00:00,3962.34,3969.43,3954.0,3961.53,223476.98
2025-10-24 13:00:00,3962.34,3969.43,3954.0,3961.53,223476.98
2025-10-24 13:00:00,3962.34,3969.43,3954.0,3961.53,223476.98
2025-10-24 13:00:00,3962.34,3969.43,3954.0,3961.53,223476.98
2025-10-24 13:00:00,3962.34,3969.43,3954.0,3961.53,223476.98
2025-10-24 13:00:00,3962.34,3969.43,3954.0,3961.53,223476.98
2025-10-24 13:00:00,3962.34,3969.43,3954.0,3961.53,223476.98
2025-10-24 13:00:00,3962.34,3969.43,3954.0,3961.53,223476.98
2025-10-24 13:15:00,3961.54,3977.3,3959.4,3964.65,257365.94
2025-10-24 13:15:00,3961.54,3977.3,3959.4,3964.65,257365.94
2025-10-24 13:15:00,3961.54,3977.3,3959.4,3964.65,257365.94
2025-10-24 13:15:00,3961.54,3977.3,3959.4,3964.65,257365.94
2025-10-24 13:15:00,3961.54,3977.3,3959.4,3964.65,257365.94
2025-10-24 13:15:00,3961.54,3977.3,3959.4,3964.65,257365.94
2025-10-24 13:15:00,3961.54,3977.3,3959.4,3964.65,257365.94
2025-10-24 13:15:00,3961.54,3977.3,3959.4,3964.65,257365.94
2025-10-24 13:15:00,3961.54,3977.3,3959.4,3964.65,257365.94
2025-10-24 13:15:00,3961.54,3977.3,3959.4,3964.65,257365.94
2025-10-24 13:15:00,3961.54,3977.3,3959.4,3964.65,257365.94
2025-10-24 13:15:00,3961.54,3977.3,3959.4,3964.65,257365.94
2025-10-24 13:15:00,3961.54,3977.3,3959.4,3964.65,257365.94
2025-10-24 13:15:00,3961.54,3977.3,3959.4,3964.65,257365.94
2025-10-24 13:15:00,3961.54,3977.3,3959.4,3964.65,257365.94
2025-10-24 13:15:00,3961.54,3977.3,3959.4,3964.65,257365.94
2025-10-24 13:15:00,3961.54,3977.3,3959.4,3964.65,257365.94
2025-10-24 13:15:00,3961.54,3977.3,3959.4,3964.65,257365.94
2025-10-24 13:15:00,3961.54,3977.3,3959.4,3964.65,257365.94
2025-10-24 13:15:00,3961.54,3977.3,3959.4,3964.65,257365.94
2025-10-24 13:15:00,3961.54,3977.3,3959.4,3964.65,257365.94
2025-10-24 13:15:00,3961.54,3977.3,3959.4,3964.65,257365.94
2025-10-24 13:15:00,3961.54,3977.3,3959.4,3964.65,257365.94
2025-10-24 13:15:00,3961.54,3977.3,3959.4,3964.65,257365.94
2025-10-24 13:15:00,3961.54,3977.3,3959.4,3964.65,257365.94
2025-10-24 13:15:00,3961.54,3977.3,3959.4,3964.65,257365.94
2025-10-24 13:15:00,3961.54,3977.3,3959.4,3964.65,257365.94
2025-10-24 13:15:00,3961.54,3977.3,3959.4,3964.65,257365.94
2025-10-24 13:15:00,3961.54,3977.3,3959.4,3964.65,257365.94
2025-10-24 13:15:00,3961.54,3977.3,3959.4,3964.65,257365.94
2025-10-24 13:15:00,3961.54,3977.3,3959.4,3964.65,257365.94
2025-10-24 13:15:00,3961.54,3977.3,3959.4,3964.65,257365.94
2025-10-24 13:15:00,3961.54,3977.3,3959.4,3964.65,257365.94
2025-10-24 13:15:00,3961.54,3977.3,3959.4,3964.65,257365.94
2025-10-24 13:15:00,3961.54,3977.3,3959.4,3964.65,257365.94
2025-10-24 13:15:00,3961.54,3977.3,3959.4,3964.65,257365.94
2025-10-24 13:15:00,3961.54,3977.3,3959.4,3964.65,257365.94
2025-10-24 13:15:00,3961.54,3977.3,3959.4,3964.65,257365.94
2025-10-24 13:15:00,3961.54,3977.3,3959.4,3964.65,257365.94
2025-10-24 13:15:00,3961.54,3977.3,3959.4,3964.65,257365.94
2025-10-24 13:15:00,3961.54,3977.3,3959.4,3964.65,257365.94
2025-10-24 13:15:00,3961.54,3977.3,3959.4,3964.65,257365.94
2025-10-24 13:15:00,3961.54,3977.3,3959.4,3964.65,257365.94
2025-10-24 13:15:00,3961.54,3977.3,3959.4,3964.65,257365.94
2025-10-24 13:15:00,3961.54,3977.3,3959.4,3964.65,257365.94
2025-10-24 13:15:00,3961.54,3977.3,3959.4,3964.65,257365.94
2025-10-24 13:15:00,3961.54,3977.3,3959.4,3964.65,257365.94
2025-10-24 13:15:00,3961.54,3977.3,3959.4,3964.65,257365.94
2025-10-24 13:15:00,3961.54,3977.3,3959.4,3964.65,257365.94
2025-10-24 13:15:00,3961.54,3977.3,3959.4,3964.65,257365.94
2025-10-24 13:15:00,3961.54,3977.3,3959.4,3964.65,257365.94
2025-10-24 13:15:00,3961.54,3977.3,3959.4,3964.65,257365.94
2025-10-24 13:15:00,3961.54,3977.3,3959.4,3964.65,257365.94
2025-10-24 13:30:00,3964.65,3969.5,3928.11,3934.27,893146.67
2025-10-24 13:30:00,3964.65,3969.5,3928.11,3934.27,893146.67
2025-10-24 13:30:00,3964.65,3969.5,3928.11,3934.27,893146.67
2025-10-24 13:30:00,3964.65,3969.5,3928.11,3934.27,893146.67
2025-10-24 13:30:00,3964.65,3969.5,3928.11,3934.27,893146.67
2025-10-24 13:30:00,3964.65,3969.5,3928.11,3934.27,893146.67
2025-10-24 13:30:00,3964.65,3969.5,3928.11,3934.27,893146.67
2025-10-24 13:30:00,3964.65,3969.5,3928.11,3934.27,893146.67
2025-10-24 13:30:00,3964.65,3969.5,3928.11,3934.27,893146.67
2025-10-24 13:30:00,3964.65,3969.5,3928.11,3934.27,893146.67
2025-10-24 13:30:00,3964.65,3969.5,3928.11,3934.27,893146.67
2025-10-24 13:30:00,3964.65,3969.5,3928.11,3934.27,893146.67
2025-10-24 13:30:00,3964.65,3969.5,3928.11,3934.27,893146.67
2025-10-24 13:30:00,3964.65,3969.5,3928.11,3934.27,893146.67
2025-10-24 13:30:00,3964.65,3969.5,3928.11,3934.27,893146.67
2025-10-24 13:30:00,3964.65,3969.5,3928.11,3934.27,893146.67
2025-10-24 13:30:00,3964.65,3969.5,3928.11,3934.27,893146.67
2025-10-24 13:30:00,3964.65,3969.5,3928.11,3934.27,893146.67
2025-10-24 13:30:00,3964.65,3969.5,3928.11,3934.27,893146.67
2025-10-24 13:30:00,3964.65,3969.5,3928.11,3934.27,893146.67
2025-10-24 13:30:00,3964.65,3969.5,3928.11,3934.27,893146.67
2025-10-24 13:30:00,3964.65,3969.5,3928.11,3934.27,893146.67
2025-10-24 13:30:00,3964.65,3969.5,3928.11,3934.27,893146.67
2025-10-24 13:30:00,3964.65,3969.5,3928.11,3934.27,893146.67
2025-10-24 13:30:00,3964.65,3969.5,3928.11,3934.27,893146.67
2025-10-24 13:30:00,3964.65,3969.5,3928.11,3934.27,893146.67
2025-10-24 13:30:00,3964.65,3969.5,3928.11,3934.27,893146.67
2025-10-24 13:30:00,3964.65,3969.5,3928.11,3934.27,893146.67
2025-10-24 13:30:00,3964.65,3969.5,3928.11,3934.27,893146.67
2025-10-24 13:30:00,3964.65,3969.5,3928.11,3934.27,893146.67
2025-10-24 13:30:00,3964.65,3969.5,3928.11,3934.27,893146.67
2025-10-24 13:30:00,3964.65,3969.5,3928.11,3934.27,893146.67
2025-10-24 13:30:00,3964.65,3969.5,3928.11,3934.27,893146.67
2025-10-24 13:30:00,3964.65,3969.5,3928.11,3934.27,893146.67
2025-10-24 13:30:00,3964.65,3969.5,3928.11,3934.27,893146.67
2025-10-24 13:30:00,3964.65,3969.5,3928.11,3934.27,893146.67
2025-10-24 13:30:00,3964.65,3969.5,3928.11,3934.27,893146.67
2025-10-24 13:30:00,3964.65,3969.5,3928.11,3934.27,893146.67
2025-10-24 13:30:00,3964.65,3969.5,3928.11,3934.27,893146.67
2025-10-24 13:30:00,3964.65,3969.5,3928.11,3934.27,893146.67
2025-10-24 13:30:00,3964.65,3969.5,3928.11,3934.27,893146.67
2025-10-24 13:30:00,3964.65,3969.5,3928.11,3934.27,893146.67
2025-10-24 13:30:00,3964.65,3969.5,3928.11,3934.27,893146.67
2025-10-24 13:30:00,3964.65,3969.5,3928.11,3934.27,893146.67
2025-10-24 13:30:00,3964.65,3969.5,3928.11,3934.27,893146.67
2025-10-24 13:30:00,3964.65,3969.5,3928.11,3934.27,893146.67
2025-10-24 13:30:00,3964.65,3969.5,3928.11,3934.27,893146.67
2025-10-24 13:30:00,3964.65,3969.5,3928.11,3934.27,893146.67
2025-10-24 13:30:00,3964.65,3969.5,3928.11,3934.27,893146.67
2025-10-24 13:30:00,3964.65,3969.5,3928.11,3934.27,893146.67
2025-10-24 13:30:00,3964.65,3969.5,3928.11,3934.27,893146.67
2025-10-24 13:30:00,3964.65,3969.5,3928.11,3934.27,893146.67
2025-10-24 13:30:00,3964.65,3969.5,3928.11,3934.27,893146.67
2025-10-24 13:45:00,3934.27,3946.31,3916.02,3945.01,1036987.11
2025-10-24 13:45:00,3934.27,3946.31,3916.02,3945.01,1036987.11
2025-10-24 13:45:00,3934.27,3946.31,3916.02,3945.01,1036987.11
2025-10-24 13:45:00,3934.27,3946.31,3916.02,3945.01,1036987.11
2025-10-24 13:45:00,3934.27,3946.31,3916.02,3945.01,1036987.11
2025-10-24 13:45:00,3934.27,3946.31,3916.02,3945.01,1036987.11
2025-10-24 13:45:00,3934.27,3946.31,3916.02,3945.01,1036987.11
2025-10-24 13:45:00,3934.27,3946.31,3916.02,3945.01,1036987.11
2025-10-24 13:45:00,3934.27,3946.31,3916.02,3945.01,1036987.11
2025-10-24 13:45:00,3934.27,3946.31,3916.02,3945.01,1036987.11
2025-10-24 13:45:00,3934.27,3946.31,3916.02,3945.01,1036987.11
2025-10-24 13:45:00,3934.27,3946.31,3916.02,3945.01,1036987.11
2025-10-24 13:45:00,3934.27,3946.31,3916.02,3945.01,1036987.11
2025-10-24 13:45:00,3934.27,3946.31,3916.02,3945.01,1036987.11
2025-10-24 13:45:00,3934.27,3946.31,3916.02,3945.01,1036987.11
2025-10-24 13:45:00,3934.27,3946.31,3916.02,3945.01,1036987.11
2025-10-24 13:45:00,3934.27,3946.31,3916.02,3945.01,1036987.11
2025-10-24 13:45:00,3934.27,3946.31,3916.02,3945.01,1036987.11
2025-10-24 13:45:00,3934.27,3946.31,3916.02,3945.01,1036987.11
2025-10-24 13:45:00,3934.27,3946.31,3916.02,3945.01,1036987.11
2025-10-24 13:45:00,3934.27,3946.31,3916.02,3945.01,1036987.11
2025-10-24 13:45:00,3934.27,3946.31,3916.02,3945.01,1036987.11
2025-10-24 13:45:00,3934.27,3946.31,3916.02,3945.01,1036987.11
2025-10-24 13:45:00,3934.27,3946.31,3916.02,3945.01,1036987.11
2025-10-24 13:45:00,3934.27,3946.31,3916.02,3945.01,1036987.11
2025-10-24 13:45:00,3934.27,3946.31,3916.02,3945.01,1036987.11
2025-10-24 13:45:00,3934.27,3946.31,3916.02,3945.01,1036987.11
2025-10-24 13:45:00,3934.27,3946.31,3916.02,3945.01,1036987.11
2025-10-24 13:45:00,3934.27,3946.31,3916.02,3945.01,1036987.11
2025-10-24 13:45:00,3934.27,3946.31,3916.02,3945.01,1036987.11
2025-10-24 13:45:00,3934.27,3946.31,3916.02,3945.01,1036987.11
2025-10-24 13:45:00,3934.27,3946.31,3916.02,3945.01,1036987.11
2025-10-24 13:45:00,3934.27,3946.31,3916.02,3945.01,1036987.11
2025-10-24 13:45:00,3934.27,3946.31,3916.02,3945.01,1036987.11
2025-10-24 13:45:00,3934.27,3946.31,3916.02,3945.01,1036987.11
2025-10-24 13:45:00,3934.27,3946.31,3916.02,3945.01,1036987.11
2025-10-24 13:45:00,3934.27,3946.31,3916.02,3945.01,1036987.11
2025-10-24 13:45:00,3934.27,3946.31,3916.02,3945.01,1036987.11
2025-10-24 13:45:00,3934.27,3946.31,3916.02,3945.01,1036987.11
2025-10-24 13:45:00,3934.27,3946.31,3916.02,3945.01,1036987.11
2025-10-24 13:45:00,3934.27,3946.31,3916.02,3945.01,1036987.11
2025-10-24 13:45:00,3934.27,3946.31,3916.02,3945.01,1036987.11
2025-10-24 13:45:00,3934.27,3946.31,3916.02,3945.01,1036987.11
2025-10-24 13:45:00,3934.27,3946.31,3916.02,3945.01,1036987.11
2025-10-24 13:45:00,3934.27,3946.31,3916.02,3945.01,1036987.11
2025-10-24 13:45:00,3934.27,3946.31,3916.02,3945.01,1036987.11
2025-10-24 13:45:00,3934.27,3946.31,3916.02,3945.01,1036987.11
2025-10-24 13:45:00,3934.27,3946.31,3916.02,3945.01,1036987.11
2025-10-24 13:45:00,3934.27,3946.31,3916.02,3945.01,1036987.11
2025-10-24 13:45:00,3934.27,3946.31,3916.02,3945.01,1036987.11
2025-10-24 13:45:00,3934.27,3946.31,3916.02,3945.01,1036987.11
2025-10-24 13:45:00,3934.27,3946.31,3916.02,3945.01,1036987.11
2025-10-24 13:45:00,3934.27,3946.31,3916.02,3945.01,1036987.11
2025-10-24 14:00:00,3945.01,3945.45,3910.01,3935.0,667510.72
2025-10-24 14:00:00,3945.01,3945.45,3910.01,3935.0,667510.72
2025-10-24 14:00:00,3945.01,3945.45,3910.01,3935.0,667510.72
2025-10-24 14:00:00,3945.01,3945.45,3910.01,3935.0,667510.72
2025-10-24 14:00:00,3945.01,3945.45,3910.01,3935.0,667510.72
2025-10-24 14:00:00,3945.01,3945.45,3910.01,3935.0,667510.72
2025-10-24 14:00:00,3945.01,3945.45,3910.01,3935.0,667510.72
2025-10-24 14:00:00,3945.01,3945.45,3910.01,3935.0,667510.72
2025-10-24 14:00:00,3945.01,3945.45,3910.01,3935.0,667510.72
2025-10-24 14:00:00,3945.01,3945.45,3910.01,3935.0,667510.72
2025-10-24 14:00:00,3945.01,3945.45,3910.01,3935.0,667510.72
2025-10-24 14:00:00,3945.01,3945.45,3910.01,3935.0,667510.72
2025-10-24 14:00:00,3945.01,3945.45,3910.01,3935.0,667510.72
2025-10-24 14:00:00,3945.01,3945.45,3910.01,3935.0,667510.72
2025-10-24 14:00:00,3945.01,3945.45,3910.01,3935.0,667510.72
2025-10-24 14:00:00,3945.01,3945.45,3910.01,3935.0,667510.72
2025-10-24 14:00:00,3945.01,3945.45,3910.01,3935.0,667510.72
2025-10-24 14:00:00,3945.01,3945.45,3910.01,3935.0,667510.72
2025-10-24 14:00:00,3945.01,3945.45,3910.01,3935.0,667510.72
2025-10-24 14:00:00,3945.01,3945.45,3910.01,3935.0,667510.72
2025-10-24 14:00:00,3945.01,3945.45,3910.01,3935.0,667510.72
2025-10-24 14:00:00,3945.01,3945.45,3910.01,3935.0,667510.72
2025-10-24 14:00:00,3945.01,3945.45,3910.01,3935.0,667510.72
2025-10-24 14:00:00,3945.01,3945.45,3910.01,3935.0,667510.72
2025-10-24 14:00:00,3945.01,3945.45,3910.01,3935.0,667510.72
2025-10-24 14:00:00,3945.01,3945.45,3910.01,3935.0,667510.72
2025-10-24 14:00:00,3945.01,3945.45,3910.01,3935.0,667510.72
2025-10-24 14:00:00,3945.01,3945.45,3910.01,3935.0,667510.72
2025-10-24 14:00:00,3945.01,3945.45,3910.01,3935.0,667510.72
2025-10-24 14:00:00,3945.01,3945.45,3910.01,3935.0,667510.72
2025-10-24 14:00:00,3945.01,3945.45,3910.01,3935.0,667510.72
2025-10-24 14:00:00,3945.01,3945.45,3910.01,3935.0,667510.72
2025-10-24 14:00:00,3945.01,3945.45,3910.01,3935.0,667510.72
2025-10-24 14:00:00,3945.01,3945.45,3910.01,3935.0,667510.72
2025-10-24 14:00:00,3945.01,3945.45,3910.01,3935.0,667510.72
2025-10-24 14:00:00,3945.01,3945.45,3910.01,3935.0,667510.72
2025-10-24 14:00:00,3945.01,3945.45,3910.01,3935.0,667510.72
2025-10-24 14:00:00,3945.01,3945.45,3910.01,3935.0,667510.72
2025-10-24 14:00:00,3945.01,3945.45,3910.01,3935.0,667510.72
2025-10-24 14:00:00,3945.01,3945.45,3910.01,3935.0,667510.72
2025-10-24 14:00:00,3945.01,3945.45,3910.01,3935.0,667510.72
2025-10-24 14:00:00,3945.01,3945.45,3910.01,3935.0,667510.72
2025-10-24 14:00:00,3945.01,3945.45,3910.01,3935.0,667510.72
2025-10-24 14:00:00,3945.01,3945.45,3910.01,3935.0,667510.72
2025-10-24 14:00:00,3945.01,3945.45,3910.01,3935.0,667510.72
2025-10-24 14:00:00,3945.01,3945.45,3910.01,3935.0,667510.72
2025-10-24 14:00:00,3945.01,3945.45,3910.01,3935.0,667510.72
2025-10-24 14:00:00,3945.01,3945.45,3910.01,3935.0,667510.72
2025-10-24 14:00:00,3945.01,3945.45,3910.01,3935.0,667510.72
2025-10-24 14:00:00,3945.01,3945.45,3910.01,3935.0,667510.72
2025-10-24 14:00:00,3945.01,3945.45,3910.01,3935.0,667510.72
2025-10-24 14:00:00,3945.01,3945.45,3910.01,3935.0,667510.72
2025-10-24 14:00:00,3945.01,3945.45,3910.01,3935.0,667510.72
2025-10-24 14:15:00,3935.0,3936.36,3892.8,3903.19,1073968.69
2025-10-24 14:15:00,3935.0,3936.36,3892.8,3903.19,1073968.69
2025-10-24 14:15:00,3935.0,3936.36,3892.8,3903.19,1073968.69
2025-10-24 14:15:00,3935.0,3936.36,3892.8,3903.19,1073968.69
2025-10-24 14:15:00,3935.0,3936.36,3892.8,3903.19,1073968.69
2025-10-24 14:15:00,3935.0,3936.36,3892.8,3903.19,1073968.69
2025-10-24 14:15:00,3935.0,3936.36,3892.8,3903.19,1073968.69
2025-10-24 14:15:00,3935.0,3936.36,3892.8,3903.19,1073968.69
2025-10-24 14:15:00,3935.0,3936.36,3892.8,3903.19,1073968.69
2025-10-24 14:15:00,3935.0,3936.36,3892.8,3903.19,1073968.69
2025-10-24 14:15:00,3935.0,3936.36,3892.8,3903.19,1073968.69
2025-10-24 14:15:00,3935.0,3936.36,3892.8,3903.19,1073968.69
2025-10-24 14:15:00,3935.0,3936.36,3892.8,3903.19,1073968.69
2025-10-24 14:15:00,3935.0,3936.36,3892.8,3903.19,1073968.69
2025-10-24 14:15:00,3935.0,3936.36,3892.8,3903.19,1073968.69
2025-10-24 14:15:00,3935.0,3936.36,3892.8,3903.19,1073968.69
2025-10-24 14:15:00,3935.0,3936.36,3892.8,3903.19,1073968.69
2025-10-24 14:15:00,3935.0,3936.36,3892.8,3903.19,1073968.69
2025-10-24 14:15:00,3935.0,3936.36,3892.8,3903.19,1073968.69
2025-10-24 14:15:00,3935.0,3936.36,3892.8,3903.19,1073968.69
2025-10-24 14:15:00,3935.0,3936.36,3892.8,3903.19,1073968.69
2025-10-24 14:15:00,3935.0,3936.36,3892.8,3903.19,1073968.69
2025-10-24 14:15:00,3935.0,3936.36,3892.8,3903.19,1073968.69
2025-10-24 14:15:00,3935.0,3936.36,3892.8,3903.19,1073968.69
2025-10-24 14:15:00,3935.0,3936.36,3892.8,3903.19,1073968.69
2025-10-24 14:15:00,3935.0,3936.36,3892.8,3903.19,1073968.69
2025-10-24 14:15:00,3935.0,3936.36,3892.8,3903.19,1073968.69
2025-10-24 14:15:00,3935.0,3936.36,3892.8,3903.19,1073968.69
2025-10-24 14:15:00,3935.0,3936.36,3892.8,3903.19,1073968.69
2025-10-24 14:15:00,3935.0,3936.36,3892.8,3903.19,1073968.69
2025-10-24 14:15:00,3935.0,3936.36,3892.8,3903.19,1073968.69
2025-10-24 14:15:00,3935.0,3936.36,3892.8,3903.19,1073968.69
2025-10-24 14:15:00,3935.0,3936.36,3892.8,3903.19,1073968.69
2025-10-24 14:15:00,3935.0,3936.36,3892.8,3903.19,1073968.69
2025-10-24 14:15:00,3935.0,3936.36,3892.8,3903.19,1073968.69
2025-10-24 14:15:00,3935.0,3936.36,3892.8,3903.19,1073968.69
2025-10-24 14:15:00,3935.0,3936.36,3892.8,3903.19,1073968.69
2025-10-24 14:15:00,3935.0,3936.36,3892.8,3903.19,1073968.69
2025-10-24 14:15:00,3935.0,3936.36,3892.8,3903.19,1073968.69
2025-10-24 14:15:00,3935.0,3936.36,3892.8,3903.19,1073968.69
2025-10-24 14:15:00,3935.0,3936.36,3892.8,3903.19,1073968.69
2025-10-24 14:15:00,3935.0,3936.36,3892.8,3903.19,1073968.69
2025-10-24 14:15:00,3935.0,3936.36,3892.8,3903.19,1073968.69
2025-10-24 14:15:00,3935.0,3936.36,3892.8,3903.19,1073968.69
2025-10-24 14:15:00,3935.0,3936.36,3892.8,3903.19,1073968.69
2025-10-24 14:15:00,3935.0,3936.36,3892.8,3903.19,1073968.69
2025-10-24 14:15:00,3935.0,3936.36,3892.8,3903.19,1073968.69
2025-10-24 14:15:00,3935.0,3936.36,3892.8,3903.19,1073968.69
2025-10-24 14:15:00,3935.0,3936.36,3892.8,3903.19,1073968.69
2025-10-24 14:15:00,3935.0,3936.36,3892.8,3903.19,1073968.69
2025-10-24 14:15:00,3935.0,3936.36,3892.8,3903.19,1073968.69
2025-10-24 14:15:00,3935.0,3936.36,3892.8,3903.19,1073968.69
2025-10-24 14:15:00,3935.0,3936.36,3892.8,3903.19,1073968.69
2025-10-24 14:30:00,3903.19,3913.83,3893.84,3911.82,595180.33
2025-10-24 14:30:00,3903.19,3913.83,3893.84,3911.82,595180.33
2025-10-24 14:30:00,3903.19,3913.83,3893.84,3911.82,595180.33
2025-10-24 14:30:00,3903.19,3913.83,3893.84,3911.82,595180.33
2025-10-24 14:30:00,3903.19,3913.83,3893.84,3911.82,595180.33
2025-10-24 14:30:00,3903.19,3913.83,3893.84,3911.82,595180.33
2025-10-24 14:30:00,3903.19,3913.83,3893.84,3911.82,595180.33
2025-10-24 14:30:00,3903.19,3913.83,3893.84,3911.82,595180.33
2025-10-24 14:30:00,3903.19,3913.83,3893.84,3911.82,595180.33
2025-10-24 14:30:00,3903.19,3913.83,3893.84,3911.82,595180.33
2025-10-24 14:30:00,3903.19,3913.83,3893.84,3911.82,595180.33
2025-10-24 14:30:00,3903.19,3913.83,3893.84,3911.82,595180.33
2025-10-24 14:30:00,3903.19,3913.83,3893.84,3911.82,595180.33
2025-10-24 14:30:00,3903.19,3913.83,3893.84,3911.82,595180.33
2025-10-24 14:30:00,3903.19,3913.83,3893.84,3911.82,595180.33
2025-10-24 14:30:00,3903.19,3913.83,3893.84,3911.82,595180.33
2025-10-24 14:30:00,3903.19,3913.83,3893.84,3911.82,595180.33
2025-10-24 14:30:00,3903.19,3913.83,3893.84,3911.82,595180.33
2025-10-24 14:30:00,3903.19,3913.83,3893.84,3911.82,595180.33
2025-10-24 14:30:00,3903.19,3913.83,3893.84,3911.82,595180.33
2025-10-24 14:30:00,3903.19,3913.83,3893.84,3911.82,595180.33
2025-10-24 14:30:00,3903.19,3913.83,3893.84,3911.82,595180.33
2025-10-24 14:30:00,3903.19,3913.83,3893.84,3911.82,595180.33
2025-10-24 14:30:00,3903.19,3913.83,3893.84,3911.82,595180.33
2025-10-24 14:30:00,3903.19,3913.83,3893.84,3911.82,595180.33
2025-10-24 14:30:00,3903.19,3913.83,3893.84,3911.82,595180.33
2025-10-24 14:30:00,3903.19,3913.83,3893.84,3911.82,595180.33
2025-10-24 14:30:00,3903.19,3913.83,3893.84,3911.82,595180.33
2025-10-24 14:30:00,3903.19,3913.83,3893.84,3911.82,595180.33
2025-10-24 14:30:00,3903.19,3913.83,3893.84,3911.82,595180.33
2025-10-24 14:30:00,3903.19,3913.83,3893.84,3911.82,595180.33
2025-10-24 14:30:00,3903.19,3913.83,3893.84,3911.82,595180.33
2025-10-24 14:30:00,3903.19,3913.83,3893.84,3911.82,595180.33
2025-10-24 14:30:00,3903.19,3913.83,3893.84,3911.82,595180.33
2025-10-24 14:30:00,3903.19,3913.83,3893.84,3911.82,595180.33
2025-10-24 14:30:00,3903.19,3913.83,3893.84,3911.82,595180.33
2025-10-24 14:30:00,3903.19,3913.83,3893.84,3911.82,595180.33
2025-10-24 14:30:00,3903.19,3913.83,3893.84,3911.82,595180.33
2025-10-24 14:30:00,3903.19,3913.83,3893.84,3911.82,595180.33
2025-10-24 14:30:00,3903.19,3913.83,3893.84,3911.82,595180.33
2025-10-24 14:30:00,3903.19,3913.83,3893.84,3911.82,595180.33
2025-10-24 14:30:00,3903.19,3913.83,3893.84,3911.82,595180.33
2025-10-24 14:30:00,3903.19,3913.83,3893.84,3911.82,595180.33
2025-10-24 14:30:00,3903.19,3913.83,3893.84,3911.82,595180.33
2025-10-24 14:30:00,3903.19,3913.83,3893.84,3911.82,595180.33
2025-10-24 14:30:00,3903.19,3913.83,3893.84,3911.82,595180.33
2025-10-24 14:30:00,3903.19,3913.83,3893.84,3911.82,595180.33
2025-10-24 14:30:00,3903.19,3913.83,3893.84,3911.82,595180.33
2025-10-24 14:30:00,3903.19,3913.83,3893.84,3911.82,595180.33
2025-10-24 14:30:00,3903.19,3913.83,3893.84,3911.82,595180.33
2025-10-24 14:30:00,3903.19,3913.83,3893.84,3911.82,595180.33
2025-10-24 14:30:00,3903.19,3913.83,3893.84,3911.82,595180.33
2025-10-24 14:30:00,3903.19,3913.83,3893.84,3911.82,595180.33
2025-10-24 14:45:00,3911.81,3913.0,3888.0,3900.82,554302.54
2025-10-24 14:45:00,3911.81,3913.0,3888.0,3900.82,554302.54
2025-10-24 14:45:00,3911.81,3913.0,3888.0,3900.82,554302.54
2025-10-24 14:45:00,3911.81,3913.0,3888.0,3900.82,554302.54
2025-10-24 14:45:00,3911.81,3913.0,3888.0,3900.82,554302.54
2025-10-24 14:45:00,3911.81,3913.0,3888.0,3900.82,554302.54
2025-10-24 14:45:00,3911.81,3913.0,3888.0,3900.82,554302.54
2025-10-24 14:45:00,3911.81,3913.0,3888.0,3900.82,554302.54
2025-10-24 14:45:00,3911.81,3913.0,3888.0,3900.82,554302.54
2025-10-24 14:45:00,3911.81,3913.0,3888.0,3900.82,554302.54
2025-10-24 14:45:00,3911.81,3913.0,3888.0,3900.82,554302.54
2025-10-24 14:45:00,3911.81,3913.0,3888.0,3900.82,554302.54
2025-10-24 14:45:00,3911.81,3913.0,3888.0,3900.82,554302.54
2025-10-24 14:45:00,3911.81,3913.0,3888.0,3900.82,554302.54
2025-10-24 14:45:00,3911.81,3913.0,3888.0,3900.82,554302.54
2025-10-24 14:45:00,3911.81,3913.0,3888.0,3900.82,554302.54
2025-10-24 14:45:00,3911.81,3913.0,3888.0,3900.82,554302.54
2025-10-24 14:45:00,3911.81,3913.0,3888.0,3900.82,554302.54
2025-10-24 14:45:00,3911.81,3913.0,3888.0,3900.82,554302.54
2025-10-24 14:45:00,3911.81,3913.0,3888.0,3900.82,554302.54
2025-10-24 14:45:00,3911.81,3913.0,3888.0,3900.82,554302.54
2025-10-24 14:45:00,3911.81,3913.0,3888.0,3900.82,554302.54
2025-10-24 14:45:00,3911.81,3913.0,3888.0,3900.82,554302.54
2025-10-24 14:45:00,3911.81,3913.0,3888.0,3900.82,554302.54
2025-10-24 14:45:00,3911.81,3913.0,3888.0,3900.82,554302.54
2025-10-24 14:45:00,3911.81,3913.0,3888.0,3900.82,554302.54
2025-10-24 14:45:00,3911.81,3913.0,3888.0,3900.82,554302.54
2025-10-24 14:45:00,3911.81,3913.0,3888.0,3900.82,554302.54
2025-10-24 14:45:00,3911.81,3913.0,3888.0,3900.82,554302.54
2025-10-24 14:45:00,3911.81,3913.0,3888.0,3900.82,554302.54
2025-10-24 14:45:00,3911.81,3913.0,3888.0,3900.82,554302.54
2025-10-24 14:45:00,3911.81,3913.0,3888.0,3900.82,554302.54
2025-10-24 14:45:00,3911.81,3913.0,3888.0,3900.82,554302.54
2025-10-24 14:45:00,3911.81,3913.0,3888.0,3900.82,554302.54
2025-10-24 14:45:00,3911.81,3913.0,3888.0,3900.82,554302.54
2025-10-24 14:45:00,3911.81,3913.0,3888.0,3900.82,554302.54
2025-10-24 14:45:00,3911.81,3913.0,3888.0,3900.82,554302.54
2025-10-24 14:45:00,3911.81,3913.0,3888.0,3900.82,554302.54
2025-10-24 14:45:00,3911.81,3913.0,3888.0,3900.82,554302.54
2025-10-24 14:45:00,3911.81,3913.0,3888.0,3900.82,554302.54
2025-10-24 14:45:00,3911.81,3913.0,3888.0,3900.82,554302.54
2025-10-24 14:45:00,3911.81,3913.0,3888.0,3900.82,554302.54
2025-10-24 14:45:00,3911.81,3913.0,3888.0,3900.82,554302.54
2025-10-24 14:45:00,3911.81,3913.0,3888.0,3900.82,554302.54
2025-10-24 14:45:00,3911.81,3913.0,3888.0,3900.82,554302.54
2025-10-24 14:45:00,3911.81,3913.0,3888.0,3900.82,554302.54
2025-10-24 14:45:00,3911.81,3913.0,3888.0,3900.82,554302.54
2025-10-24 14:45:00,3911.81,3913.0,3888.0,3900.82,554302.54
2025-10-24 14:45:00,3911.81,3913.0,3888.0,3900.82,554302.54
2025-10-24 14:45:00,3911.81,3913.0,3888.0,3900.82,554302.54
2025-10-24 14:45:00,3911.81,3913.0,3888.0,3900.82,554302.54
2025-10-24 14:45:00,3911.81,3913.0,3888.0,3900.82,554302.54
2025-10-24 14:45:00,3911.81,3913.0,3888.0,3900.82,554302.54
2025-10-24 15:00:00,3900.83,3922.76,3898.0,3914.0,482636.01
2025-10-24 15:00:00,3900.83,3922.76,3898.0,3914.0,482636.01
2025-10-24 15:00:00,3900.83,3922.76,3898.0,3914.0,482636.01
2025-10-24 15:00:00,3900.83,3922.76,3898.0,3914.0,482636.01
2025-10-24 15:00:00,3900.83,3922.76,3898.0,3914.0,482636.01
2025-10-24 15:00:00,3900.83,3922.76,3898.0,3914.0,482636.01
2025-10-24 15:00:00,3900.83,3922.76,3898.0,3914.0,482636.01
2025-10-24 15:00:00,3900.83,3922.76,3898.0,3914.0,482636.01
2025-10-24 15:00:00,3900.83,3922.76,3898.0,3914.0,482636.01
2025-10-24 15:00:00,3900.83,3922.76,3898.0,3914.0,482636.01
2025-10-24 15:00:00,3900.83,3922.76,3898.0,3914.0,482636.01
2025-10-24 15:00:00,3900.83,3922.76,3898.0,3914.0,482636.01
2025-10-24 15:00:00,3900.83,3922.76,3898.0,3914.0,482636.01
2025-10-24 15:00:00,3900.83,3922.76,3898.0,3914.0,482636.01
2025-10-24 15:00:00,3900.83,3922.76,3898.0,3914.0,482636.01
2025-10-24 15:00:00,3900.83,3922.76,3898.0,3914.0,482636.01
2025-10-24 15:00:00,3900.83,3922.76,3898.0,3914.0,482636.01
2025-10-24 15:00:00,3900.83,3922.76,3898.0,3914.0,482636.01
2025-10-24 15:00:00,3900.83,3922.76,3898.0,3914.0,482636.01
2025-10-24 15:00:00,3900.83,3922.76,3898.0,3914.0,482636.01
2025-10-24 15:00:00,3900.83,3922.76,3898.0,3914.0,482636.01
2025-10-24 15:00:00,3900.83,3922.76,3898.0,3914.0,482636.01
2025-10-24 15:00:00,3900.83,3922.76,3898.0,3914.0,482636.01
2025-10-24 15:00:00,3900.83,3922.76,3898.0,3914.0,482636.01
2025-10-24 15:00:00,3900.83,3922.76,3898.0,3914.0,482636.01
2025-10-24 15:00:00,3900.83,3922.76,3898.0,3914.0,482636.01
2025-10-24 15:00:00,3900.83,3922.76,3898.0,3914.0,482636.01
2025-10-24 15:00:00,3900.83,3922.76,3898.0,3914.0,482636.01
2025-10-24 15:00:00,3900.83,3922.76,3898.0,3914.0,482636.01
2025-10-24 15:00:00,3900.83,3922.76,3898.0,3914.0,482636.01
2025-10-24 15:00:00,3900.83,3922.76,3898.0,3914.0,482636.01
2025-10-24 15:00:00,3900.83,3922.76,3898.0,3914.0,482636.01
2025-10-24 15:00:00,3900.83,3922.76,3898.0,3914.0,482636.01
2025-10-24 15:00:00,3900.83,3922.76,3898.0,3914.0,482636.01
2025-10-24 15:00:00,3900.83,3922.76,3898.0,3914.0,482636.01
2025-10-24 15:00:00,3900.83,3922.76,3898.0,3914.0,482636.01
2025-10-24 15:00:00,3900.83,3922.76,3898.0,3914.0,482636.01
2025-10-24 15:00:00,3900.83,3922.76,3898.0,3914.0,482636.01
2025-10-24 15:00:00,3900.83,3922.76,3898.0,3914.0,482636.01
2025-10-24 15:00:00,3900.83,3922.76,3898.0,3914.0,482636.01
2025-10-24 15:00:00,3900.83,3922.76,3898.0,3914.0,482636.01
2025-10-24 15:00:00,3900.83,3922.76,3898.0,3914.0,482636.01
2025-10-24 15:00:00,3900.83,3922.76,3898.0,3914.0,482636.01
2025-10-24 15:00:00,3900.83,3922.76,3898.0,3914.0,482636.01
2025-10-24 15:00:00,3900.83,3922.76,3898.0,3914.0,482636.01
2025-10-24 15:00:00,3900.83,3922.76,3898.0,3914.0,482636.01
2025-10-24 15:00:00,3900.83,3922.76,3898.0,3914.0,482636.01
2025-10-24 15:00:00,3900.83,3922.76,3898.0,3914.0,482636.01
2025-10-24 15:00:00,3900.83,3922.76,3898.0,3914.0,482636.01
2025-10-24 15:00:00,3900.83,3922.76,3898.0,3914.0,482636.01
2025-10-24 15:00:00,3900.83,3922.76,3898.0,3914.0,482636.01
2025-10-24 15:00:00,3900.83,3922.76,3898.0,3914.0,482636.01
2025-10-24 15:00:00,3900.83,3922.76,3898.0,3914.0,482636.01
2025-10-24 15:15:00,3913.99,3929.32,3908.0,3915.93,493651.69
2025-10-24 15:15:00,3913.99,3929.32,3908.0,3915.93,493651.69
2025-10-24 15:15:00,3913.99,3929.32,3908.0,3915.93,493651.69
2025-10-24 15:15:00,3913.99,3929.32,3908.0,3915.93,493651.69
2025-10-24 15:15:00,3913.99,3929.32,3908.0,3915.93,493651.69
2025-10-24 15:15:00,3913.99,3929.32,3908.0,3915.93,493651.69
2025-10-24 15:15:00,3913.99,3929.32,3908.0,3915.93,493651.69
2025-10-24 15:15:00,3913.99,3929.32,3908.0,3915.93,493651.69
2025-10-24 15:15:00,3913.99,3929.32,3908.0,3915.93,493651.69
2025-10-24 15:15:00,3913.99,3929.32,3908.0,3915.93,493651.69
2025-10-24 15:15:00,3913.99,3929.32,3908.0,3915.93,493651.69
2025-10-24 15:15:00,3913.99,3929.32,3908.0,3915.93,493651.69
2025-10-24 15:15:00,3913.99,3929.32,3908.0,3915.93,493651.69
2025-10-24 15:15:00,3913.99,3929.32,3908.0,3915.93,493651.69
2025-10-24 15:15:00,3913.99,3929.32,3908.0,3915.93,493651.69
2025-10-24 15:15:00,3913.99,3929.32,3908.0,3915.93,493651.69
2025-10-24 15:15:00,3913.99,3929.32,3908.0,3915.93,493651.69
2025-10-24 15:15:00,3913.99,3929.32,3908.0,3915.93,493651.69
2025-10-24 15:15:00,3913.99,3929.32,3908.0,3915.93,493651.69
2025-10-24 15:15:00,3913.99,3929.32,3908.0,3915.93,493651.69
2025-10-24 15:15:00,3913.99,3929.32,3908.0,3915.93,493651.69
2025-10-24 15:15:00,3913.99,3929.32,3908.0,3915.93,493651.69
2025-10-24 15:15:00,3913.99,3929.32,3908.0,3915.93,493651.69
2025-10-24 15:15:00,3913.99,3929.32,3908.0,3915.93,493651.69
2025-10-24 15:15:00,3913.99,3929.32,3908.0,3915.93,493651.69
2025-10-24 15:15:00,3913.99,3929.32,3908.0,3915.93,493651.69
2025-10-24 15:15:00,3913.99,3929.32,3908.0,3915.93,493651.69
2025-10-24 15:15:00,3913.99,3929.32,3908.0,3915.93,493651.69
2025-10-24 15:15:00,3913.99,3929.32,3908.0,3915.93,493651.69
2025-10-24 15:15:00,3913.99,3929.32,3908.0,3915.93,493651.69
2025-10-24 15:15:00,3913.99,3929.32,3908.0,3915.93,493651.69
2025-10-24 15:15:00,3913.99,3929.32,3908.0,3915.93,493651.69
2025-10-24 15:15:00,3913.99,3929.32,3908.0,3915.93,493651.69
2025-10-24 15:15:00,3913.99,3929.32,3908.0,3915.93,493651.69
2025-10-24 15:15:00,3913.99,3929.32,3908.0,3915.93,493651.69
2025-10-24 15:15:00,3913.99,3929.32,3908.0,3915.93,493651.69
2025-10-24 15:15:00,3913.99,3929.32,3908.0,3915.93,493651.69
2025-10-24 15:15:00,3913.99,3929.32,3908.0,3915.93,493651.69
2025-10-24 15:15:00,3913.99,3929.32,3908.0,3915.93,493651.69
2025-10-24 15:15:00,3913.99,3929.32,3908.0,3915.93,493651.69
2025-10-24 15:15:00,3913.99,3929.32,3908.0,3915.93,493651.69
2025-10-24 15:15:00,3913.99,3929.32,3908.0,3915.93,493651.69
2025-10-24 15:15:00,3913.99,3929.32,3908.0,3915.93,493651.69
2025-10-24 15:15:00,3913.99,3929.32,3908.0,3915.93,493651.69
2025-10-24 15:15:00,3913.99,3929.32,3908.0,3915.93,493651.69
2025-10-24 15:15:00,3913.99,3929.32,3908.0,3915.93,493651.69
2025-10-24 15:15:00,3913.99,3929.32,3908.0,3915.93,493651.69
2025-10-24 15:15:00,3913.99,3929.32,3908.0,3915.93,493651.69
2025-10-24 15:15:00,3913.99,3929.32,3908.0,3915.93,493651.69
2025-10-24 15:15:00,3913.99,3929.32,3908.0,3915.93,493651.69
2025-10-24 15:15:00,3913.99,3929.32,3908.0,3915.93,493651.69
2025-10-24 15:15:00,3913.99,3929.32,3908.0,3915.93,493651.69
2025-10-24 15:15:00,3913.99,3929.32,3908.0,3915.93,493651.69
2025-10-24 15:30:00,3915.93,3918.0,3900.15,3902.08,265393.55
2025-10-24 15:30:00,3915.93,3918.0,3900.15,3902.08,265393.55
2025-10-24 15:30:00,3915.93,3918.0,3900.15,3902.08,265393.55
2025-10-24 15:30:00,3915.93,3918.0,3900.15,3902.08,265393.55
2025-10-24 15:30:00,3915.93,3918.0,3900.15,3902.08,265393.55
2025-10-24 15:30:00,3915.93,3918.0,3900.15,3902.08,265393.55
2025-10-24 15:30:00,3915.93,3918.0,3900.15,3902.08,265393.55
2025-10-24 15:30:00,3915.93,3918.0,3900.15,3902.08,265393.55
2025-10-24 15:30:00,3915.93,3918.0,3900.15,3902.08,265393.55
2025-10-24 15:30:00,3915.93,3918.0,3900.15,3902.08,265393.55
2025-10-24 15:30:00,3915.93,3918.0,3900.15,3902.08,265393.55
2025-10-24 15:30:00,3915.93,3918.0,3900.15,3902.08,265393.55
2025-10-24 15:30:00,3915.93,3918.0,3900.15,3902.08,265393.55
2025-10-24 15:30:00,3915.93,3918.0,3900.15,3902.08,265393.55
2025-10-24 15:30:00,3915.93,3918.0,3900.15,3902.08,265393.55
2025-10-24 15:30:00,3915.93,3918.0,3900.15,3902.08,265393.55
2025-10-24 15:30:00,3915.93,3918.0,3900.15,3902.08,265393.55
2025-10-24 15:30:00,3915.93,3918.0,3900.15,3902.08,265393.55
2025-10-24 15:30:00,3915.93,3918.0,3900.15,3902.08,265393.55
2025-10-24 15:30:00,3915.93,3918.0,3900.15,3902.08,265393.55
2025-10-24 15:30:00,3915.93,3918.0,3900.15,3902.08,265393.55
2025-10-24 15:30:00,3915.93,3918.0,3900.15,3902.08,265393.55
2025-10-24 15:30:00,3915.93,3918.0,3900.15,3902.08,265393.55
2025-10-24 15:30:00,3915.93,3918.0,3900.15,3902.08,265393.55
2025-10-24 15:30:00,3915.93,3918.0,3900.15,3902.08,265393.55
2025-10-24 15:30:00,3915.93,3918.0,3900.15,3902.08,265393.55
2025-10-24 15:30:00,3915.93,3918.0,3900.15,3902.08,265393.55
2025-10-24 15:30:00,3915.93,3918.0,3900.15,3902.08,265393.55
2025-10-24 15:30:00,3915.93,3918.0,3900.15,3902.08,265393.55
2025-10-24 15:30:00,3915.93,3918.0,3900.15,3902.08,265393.55
2025-10-24 15:30:00,3915.93,3918.0,3900.15,3902.08,265393.55
2025-10-24 15:30:00,3915.93,3918.0,3900.15,3902.08,265393.55
2025-10-24 15:30:00,3915.93,3918.0,3900.15,3902.08,265393.55
2025-10-24 15:30:00,3915.93,3918.0,3900.15,3902.08,265393.55
2025-10-24 15:30:00,3915.93,3918.0,3900.15,3902.08,265393.55
2025-10-24 15:30:00,3915.93,3918.0,3900.15,3902.08,265393.55
2025-10-24 15:30:00,3915.93,3918.0,3900.15,3902.08,265393.55
2025-10-24 15:30:00,3915.93,3918.0,3900.15,3902.08,265393.55
2025-10-24 15:30:00,3915.93,3918.0,3900.15,3902.08,265393.55
2025-10-24 15:30:00,3915.93,3918.0,3900.15,3902.08,265393.55
2025-10-24 15:30:00,3915.93,3918.0,3900.15,3902.08,265393.55
2025-10-24 15:30:00,3915.93,3918.0,3900.15,3902.08,265393.55
2025-10-24 15:30:00,3915.93,3918.0,3900.15,3902.08,265393.55
2025-10-24 15:30:00,3915.93,3918.0,3900.15,3902.08,265393.55
2025-10-24 15:30:00,3915.93,3918.0,3900.15,3902.08,265393.55
2025-10-24 15:30:00,3915.93,3918.0,3900.15,3902.08,265393.55
2025-10-24 15:30:00,3915.93,3918.0,3900.15,3902.08,265393.55
2025-10-24 15:30:00,3915.93,3918.0,3900.15,3902.08,265393.55
2025-10-24 15:30:00,3915.93,3918.0,3900.15,3902.08,265393.55
2025-10-24 15:30:00,3915.93,3918.0,3900.15,3902.08,265393.55
2025-10-24 15:30:00,3915.93,3918.0,3900.15,3902.08,265393.55
2025-10-24 15:30:00,3915.93,3918.0,3900.15,3902.08,265393.55
2025-10-24 15:30:00,3915.93,3918.0,3900.15,3902.08,265393.55
2025-10-24 15:45:00,3902.08,3902.09,3865.01,3887.35,993289.88
2025-10-24 15:45:00,3902.08,3902.09,3865.01,3887.35,993289.88
2025-10-24 15:45:00,3902.08,3902.09,3865.01,3887.35,993289.88
2025-10-24 15:45:00,3902.08,3902.09,3865.01,3887.35,993289.88
2025-10-24 15:45:00,3902.08,3902.09,3865.01,3887.35,993289.88
2025-10-24 15:45:00,3902.08,3902.09,3865.01,3887.35,993289.88
2025-10-24 15:45:00,3902.08,3902.09,3865.01,3887.35,993289.88
2025-10-24 15:45:00,3902.08,3902.09,3865.01,3887.35,993289.88
2025-10-24 15:45:00,3902.08,3902.09,3865.01,3887.35,993289.88
2025-10-24 15:45:00,3902.08,3902.09,3865.01,3887.35,993289.88
2025-10-24 15:45:00,3902.08,3902.09,3865.01,3887.35,993289.88
2025-10-24 15:45:00,3902.08,3902.09,3865.01,3887.35,993289.88
2025-10-24 15:45:00,3902.08,3902.09,3865.01,3887.35,993289.88
2025-10-24 15:45:00,3902.08,3902.09,3865.01,3887.35,993289.88
2025-10-24 15:45:00,3902.08,3902.09,3865.01,3887.35,993289.88
2025-10-24 15:45:00,3902.08,3902.09,3865.01,3887.35,993289.88
2025-10-24 15:45:00,3902.08,3902.09,3865.01,3887.35,993289.88
2025-10-24 15:45:00,3902.08,3902.09,3865.01,3887.35,993289.88
2025-10-24 15:45:00,3902.08,3902.09,3865.01,3887.35,993289.88
2025-10-24 15:45:00,3902.08,3902.09,3865.01,3887.35,993289.88
2025-10-24 15:45:00,3902.08,3902.09,3865.01,3887.35,993289.88
2025-10-24 15:45:00,3902.08,3902.09,3865.01,3887.35,993289.88
2025-10-24 15:45:00,3902.08,3902.09,3865.01,3887.35,993289.88
2025-10-24 15:45:00,3902.08,3902.09,3865.01,3887.35,993289.88
2025-10-24 15:45:00,3902.08,3902.09,3865.01,3887.35,993289.88
2025-10-24 15:45:00,3902.08,3902.09,3865.01,3887.35,993289.88
2025-10-24 15:45:00,3902.08,3902.09,3865.01,3887.35,993289.88
2025-10-24 15:45:00,3902.08,3902.09,3865.01,3887.35,993289.88
2025-10-24 15:45:00,3902.08,3902.09,3865.01,3887.35,993289.88
2025-10-24 15:45:00,3902.08,3902.09,3865.01,3887.35,993289.88
2025-10-24 15:45:00,3902.08,3902.09,3865.01,3887.35,993289.88
2025-10-24 15:45:00,3902.08,3902.09,3865.01,3887.35,993289.88
2025-10-24 15:45:00,3902.08,3902.09,3865.01,3887.35,993289.88
2025-10-24 15:45:00,3902.08,3902.09,3865.01,3887.35,993289.88
2025-10-24 15:45:00,3902.08,3902.09,3865.01,3887.35,993289.88
2025-10-24 15:45:00,3902.08,3902.09,3865.01,3887.35,993289.88
2025-10-24 15:45:00,3902.08,3902.09,3865.01,3887.35,993289.88
2025-10-24 15:45:00,3902.08,3902.09,3865.01,3887.35,993289.88
2025-10-24 15:45:00,3902.08,3902.09,3865.01,3887.35,993289.88
2025-10-24 15:45:00,3902.08,3902.09,3865.01,3887.35,993289.88
2025-10-24 15:45:00,3902.08,3902.09,3865.01,3887.35,993289.88
2025-10-24 15:45:00,3902.08,3902.09,3865.01,3887.35,993289.88
2025-10-24 15:45:00,3902.08,3902.09,3865.01,3887.35,993289.88
2025-10-24 15:45:00,3902.08,3902.09,3865.01,3887.35,993289.88
2025-10-24 15:45:00,3902.08,3902.09,3865.01,3887.35,993289.88
2025-10-24 15:45:00,3902.08,3902.09,3865.01,3887.35,993289.88
2025-10-24 15:45:00,3902.08,3902.09,3865.01,3887.35,993289.88
2025-10-24 15:45:00,3902.08,3902.09,3865.01,3887.35,993289.88
2025-10-24 15:45:00,3902.08,3902.09,3865.01,3887.35,993289.88
2025-10-24 15:45:00,3902.08,3902.09,3865.01,3887.35,993289.88
2025-10-24 15:45:00,3902.08,3902.09,3865.01,3887.35,993289.88
2025-10-24 15:45:00,3902.08,3902.09,3865.01,3887.35,993289.88
2025-10-24 15:45:00,3902.08,3902.09,3865.01,3887.35,993289.88
