timestamp,open,high,low,close,volume
2025-05-04 23:45:00,143.64,144.11,143.6,143.86,48798.19
2025-05-05 00:00:00,143.86,144.54,143.65,144.43,76443.3
2025-05-05 00:15:00,144.43,145.3,144.29,145.29,74539.24
2025-05-05 00:30:00,145.3,145.38,144.74,144.79,63875.41
2025-05-05 00:45:00,144.79,145.25,144.79,145.06,27980.52
2025-05-05 01:00:00,145.06,145.14,144.33,144.55,77918.85
2025-05-05 01:15:00,144.54,144.72,143.9,143.94,91185.38
2025-05-05 01:30:00,143.94,143.99,142.85,143.14,213982.48
2025-05-05 01:45:00,143.14,143.46,142.79,143.13,92882.18
2025-05-05 02:00:00,143.12,143.97,142.41,143.67,266980.7
2025-05-05 02:15:00,143.67,144.76,143.66,144.6,145834.2
2025-05-05 02:30:00,144.6,144.99,144.59,144.59,53347.44
2025-05-05 02:45:00,144.59,144.95,144.58,144.67,45263.18
2025-05-05 03:00:00,144.67,145.07,144.41,144.47,63103.92
2025-05-05 03:15:00,144.47,144.81,144.26,144.54,55418.14
2025-05-05 03:30:00,144.54,145.24,144.54,145.23,54220.22
2025-05-05 03:45:00,145.23,145.23,144.79,144.83,31004.06
2025-05-05 04:00:00,144.82,145.32,144.8,145.26,37114.44
2025-05-05 04:15:00,145.26,145.89,145.26,145.75,110901.28
2025-05-05 04:30:00,145.75,146.43,145.68,146.32,108371.95
2025-05-05 04:45:00,146.32,146.46,146.01,146.26,65552.48
2025-05-05 05:00:00,146.26,146.43,145.92,146.1,72161.16
2025-05-05 05:15:00,146.1,146.43,146.04,146.41,37350.86
2025-05-05 05:30:00,146.41,146.61,146.16,146.33,64308.22
2025-05-05 05:45:00,146.33,147.1,146.32,146.95,123692.34
2025-05-05 06:00:00,146.95,147.34,146.54,146.57,95578.13
2025-05-05 06:15:00,146.56,146.92,146.5,146.74,47187.97
2025-05-05 06:30:00,146.74,146.97,146.65,146.65,29877.27
2025-05-05 06:45:00,146.66,146.85,146.54,146.71,31809.06
2025-05-05 07:00:00,146.7,146.83,146.46,146.7,63281.42
2025-05-05 07:15:00,146.71,147.16,146.7,146.87,53143.88
2025-05-05 07:30:00,146.87,147.0,146.71,146.81,59900.65
2025-05-05 07:45:00,146.81,146.84,146.59,146.81,39219.67
2025-05-05 08:00:00,146.8,147.0,146.45,146.55,54700.67
2025-05-05 08:15:00,146.55,146.71,146.34,146.34,42113.74
2025-05-05 08:30:00,146.34,146.92,146.28,146.84,51505.31
2025-05-05 08:45:00,146.85,146.98,146.41,146.53,36935.21
2025-05-05 09:00:00,146.54,146.65,146.31,146.33,44091.95
2025-05-05 09:15:00,146.34,146.65,146.26,146.57,21352.22
2025-05-05 09:30:00,146.57,146.73,146.32,146.37,25085.87
2025-05-05 09:45:00,146.38,146.45,146.03,146.08,29085.56
2025-05-05 10:00:00,146.08,146.13,145.52,145.53,114350.54
2025-05-05 10:15:00,145.54,145.59,144.91,144.94,88244.33
2025-05-05 10:30:00,144.93,145.24,144.23,144.23,217394.17
2025-05-05 10:45:00,144.24,144.4,143.62,144.11,150139.91
2025-05-05 11:00:00,144.1,144.55,144.05,144.39,101192.93
2025-05-05 11:15:00,144.4,144.57,143.73,143.88,82689.64
2025-05-05 11:30:00,143.89,144.05,143.49,143.78,96610.49
2025-05-05 11:45:00,143.77,144.28,143.74,144.1,59122.83
2025-05-05 12:00:00,144.1,144.6,143.8,144.57,126581.67
2025-05-05 12:15:00,144.57,144.9,144.33,144.8,94403.8
2025-05-05 12:30:00,144.8,144.86,144.57,144.63,45810.17
2025-05-05 12:45:00,144.63,144.66,144.2,144.54,68900.35
2025-05-05 13:00:00,144.53,144.79,143.94,144.11,94305.38
2025-05-05 13:15:00,144.1,144.5,143.94,144.03,68995.2
2025-05-05 13:30:00,144.04,144.51,143.33,143.98,156491.19
2025-05-05 13:45:00,143.98,144.85,143.8,144.82,151705.28
2025-05-05 14:00:00,144.82,145.39,144.51,144.59,236517.43
2025-05-05 14:15:00,144.59,144.96,144.21,144.42,112537.38
2025-05-05 14:30:00,144.43,144.93,144.1,144.58,110094.79
2025-05-05 14:45:00,144.58,144.88,144.39,144.43,46161.56
2025-05-05 15:00:00,144.43,144.66,144.04,144.33,47655.9
2025-05-05 15:15:00,144.33,144.71,143.95,144.43,40766.74
2025-05-05 15:30:00,144.43,144.71,143.52,143.61,78298.19
2025-05-05 15:45:00,143.61,143.69,143.08,143.69,126245.71
2025-05-05 16:00:00,143.69,144.3,143.57,143.97,78561.85
2025-05-05 16:15:00,143.97,145.2,143.96,145.03,133737.81
2025-05-05 16:30:00,145.03,145.33,144.93,145.16,63235.73
2025-05-05 16:45:00,145.16,145.33,144.81,144.91,57740.23
2025-05-05 17:00:00,144.91,145.05,144.61,144.63,65394.99
2025-05-05 17:15:00,144.63,145.41,144.6,145.16,48951.76
2025-05-05 17:30:00,145.15,145.93,145.13,145.6,70154.45
2025-05-05 17:45:00,145.6,145.84,145.56,145.71,40213.0
2025-05-05 18:00:00,145.71,145.98,145.53,145.94,39639.93
2025-05-05 18:15:00,145.94,146.0,145.68,145.93,35882.41
2025-05-05 18:30:00,145.92,147.05,145.89,146.65,186704.05
2025-05-05 18:45:00,146.64,147.06,146.43,146.62,82167.27
2025-05-05 19:00:00,146.62,146.98,146.57,146.8,55584.96
2025-05-05 19:15:00,146.8,147.02,146.62,146.76,58712.49
2025-05-05 19:30:00,146.75,146.93,146.41,146.62,122130.43
2025-05-05 19:45:00,146.62,146.83,146.27,146.44,84600.63
2025-05-05 20:00:00,146.44,146.54,146.08,146.16,68674.43
2025-05-05 20:15:00,146.16,146.53,145.95,146.07,49830.17
2025-05-05 20:30:00,146.07,146.07,145.0,145.19,132793.67
2025-05-05 20:45:00,145.19,145.67,144.86,145.53,45057.33
2025-05-05 21:00:00,145.54,146.35,145.5,146.35,61227.91
2025-05-05 21:15:00,146.35,146.83,146.21,146.76,48571.57
2025-05-05 21:30:00,146.75,146.76,146.0,146.5,80130.81
2025-05-05 21:45:00,146.5,146.92,146.49,146.61,40655.66
2025-05-05 22:00:00,146.6,147.03,146.59,146.95,57611.51
2025-05-05 22:15:00,146.95,147.23,146.87,146.97,45343.28
2025-05-05 22:30:00,146.98,147.7,146.98,147.32,82365.28
2025-05-05 22:45:00,147.31,147.43,147.13,147.24,41428.79
2025-05-05 23:00:00,147.24,147.47,147.24,147.25,26242.6
2025-05-05 23:15:00,147.25,147.5,146.92,147.08,58806.3
2025-05-05 23:30:00,147.07,147.18,146.83,146.86,40865.45
2025-05-05 23:45:00,146.86,146.9,146.53,146.66,62535.18
2025-05-06 00:00:00,146.66,146.78,146.0,146.16,80635.55
2025-05-06 00:15:00,146.16,146.45,145.9,146.45,51618.91
2025-05-06 00:30:00,146.45,146.47,145.77,145.88,51613.66
2025-05-06 00:45:00,145.88,146.1,145.72,146.1,27585.7
2025-05-06 01:00:00,146.1,146.39,145.46,146.08,72909.53
2025-05-06 01:15:00,146.07,146.4,145.84,145.84,57423.22
2025-05-06 01:30:00,145.84,145.9,144.93,144.97,93755.26
2025-05-06 01:45:00,144.98,145.08,144.57,144.69,83281.69
2025-05-06 02:00:00,144.68,144.91,144.45,144.64,65960.21
2025-05-06 02:15:00,144.63,144.63,143.7,143.83,131721.97
2025-05-06 02:30:00,143.84,144.32,143.7,144.06,98319.46
2025-05-06 02:45:00,144.07,144.68,144.03,144.32,105033.22
2025-05-06 03:00:00,144.31,144.38,144.03,144.07,55532.18
2025-05-06 03:15:00,144.06,144.53,144.05,144.51,56048.98
2025-05-06 03:30:00,144.51,144.76,144.38,144.49,86123.94
2025-05-06 03:45:00,144.49,144.68,144.22,144.55,46684.15
2025-05-06 04:00:00,144.54,144.55,144.25,144.35,37253.31
2025-05-06 04:15:00,144.35,144.89,144.31,144.85,38376.31
2025-05-06 04:30:00,144.85,144.97,144.62,144.71,37324.65
2025-05-06 04:45:00,144.71,144.92,144.64,144.89,19462.64
2025-05-06 05:00:00,144.89,145.19,144.8,145.11,49807.6
2025-05-06 05:15:00,145.11,145.19,144.42,144.6,66572.4
2025-05-06 05:30:00,144.59,144.71,144.29,144.43,27837.63
2025-05-06 05:45:00,144.42,144.57,144.32,144.45,32277.55
2025-05-06 06:00:00,144.44,144.93,144.4,144.85,48364.86
2025-05-06 06:15:00,144.84,145.02,144.69,144.79,26091.56
2025-05-06 06:30:00,144.79,145.08,144.55,145.07,28232.63
2025-05-06 06:45:00,145.08,145.26,144.85,145.25,28258.13
2025-05-06 07:00:00,145.25,145.83,145.24,145.57,84558.49
2025-05-06 07:15:00,145.57,145.57,145.18,145.23,71801.64
2025-05-06 07:30:00,145.22,145.69,144.85,145.07,60980.73
2025-05-06 07:45:00,145.07,145.31,145.01,145.18,37672.92
2025-05-06 08:00:00,145.17,145.2,144.41,144.48,70784.42
2025-05-06 08:15:00,144.49,144.5,143.59,143.93,152103.15
2025-05-06 08:30:00,143.93,144.39,143.9,144.28,55067.69
2025-05-06 08:45:00,144.29,144.58,144.24,144.54,38113.33
2025-05-06 09:00:00,144.54,144.55,144.13,144.13,28418.81
2025-05-06 09:15:00,144.13,144.21,143.91,144.13,38939.75
2025-05-06 09:30:00,144.14,144.34,143.6,143.63,44051.51
2025-05-06 09:45:00,143.63,144.36,143.41,144.29,99453.78
2025-05-06 10:00:00,144.3,144.3,143.72,143.79,29577.87
2025-05-06 10:15:00,143.79,144.27,143.64,143.64,36002.96
2025-05-06 10:30:00,143.64,144.01,143.29,143.35,63122.74
2025-05-06 10:45:00,143.35,143.39,142.8,143.03,127181.34
2025-05-06 11:00:00,143.03,143.6,143.01,143.36,66606.67
2025-05-06 11:15:00,143.35,143.48,142.62,142.78,129216.98
2025-05-06 11:30:00,142.77,142.9,142.18,142.67,194551.5
2025-05-06 11:45:00,142.66,142.78,141.9,142.52,184144.15
2025-05-06 12:00:00,142.52,143.0,142.43,142.88,106193.17
2025-05-06 12:15:00,142.87,142.93,142.42,142.53,56550.85
2025-05-06 12:30:00,142.53,142.85,142.39,142.73,47080.0
2025-05-06 12:45:00,142.74,143.07,142.54,142.95,36297.3
2025-05-06 13:00:00,142.94,142.99,142.05,142.16,69677.92
2025-05-06 13:15:00,142.16,142.46,141.63,141.69,115003.99
2025-05-06 13:30:00,141.68,142.79,141.65,142.53,145789.39
2025-05-06 13:45:00,142.53,142.75,141.25,141.87,227443.65
2025-05-06 14:00:00,141.86,143.07,141.82,142.81,146511.2
2025-05-06 14:15:00,142.82,143.89,142.82,143.37,173978.68
2025-05-06 14:30:00,143.36,143.67,142.9,142.93,64900.75
2025-05-06 14:45:00,142.93,143.14,142.45,142.64,87672.41
2025-05-06 15:00:00,142.63,142.83,142.05,142.77,79505.15
2025-05-06 15:15:00,142.77,143.52,142.5,143.44,58001.73
2025-05-06 15:30:00,143.44,143.84,143.21,143.27,82237.77
2025-05-06 15:45:00,143.28,143.41,142.88,143.1,44832.81
2025-05-06 16:00:00,143.1,143.55,142.41,143.41,69020.63
2025-05-06 16:15:00,143.41,143.47,142.7,143.07,67089.85
2025-05-06 16:30:00,143.06,143.79,142.97,143.01,46909.95
2025-05-06 16:45:00,143.01,143.13,142.34,142.39,48260.6
2025-05-06 17:00:00,142.39,143.28,142.36,143.24,54526.52
2025-05-06 17:15:00,143.23,143.91,143.22,143.79,73843.68
2025-05-06 17:30:00,143.8,144.33,143.33,143.4,113088.96
2025-05-06 17:45:00,143.4,143.75,143.31,143.6,43324.23
2025-05-06 18:00:00,143.6,144.03,143.5,143.81,35988.98
2025-05-06 18:15:00,143.81,144.79,143.79,144.64,76473.17
2025-05-06 18:30:00,144.64,144.64,144.02,144.13,92964.28
2025-05-06 18:45:00,144.12,144.85,144.1,144.78,61057.2
2025-05-06 19:00:00,144.78,145.08,144.45,144.69,106735.36
2025-05-06 19:15:00,144.69,144.99,144.44,144.94,79857.83
2025-05-06 19:30:00,144.95,145.24,144.83,145.05,43067.88
2025-05-06 19:45:00,145.06,145.13,144.56,144.78,58579.18
2025-05-06 20:00:00,144.78,144.99,144.55,144.72,36711.06
2025-05-06 20:15:00,144.71,144.86,144.15,144.2,38846.97
2025-05-06 20:30:00,144.2,144.31,143.7,143.93,98548.72
2025-05-06 20:45:00,143.93,144.04,143.58,143.94,38661.93
2025-05-06 21:00:00,143.94,144.52,143.93,144.14,134492.0
2025-05-06 21:15:00,144.15,144.34,143.47,143.51,51370.63
2025-05-06 21:30:00,143.51,144.19,143.49,144.17,83494.65
2025-05-06 21:45:00,144.17,144.6,144.17,144.42,40135.61
2025-05-06 22:00:00,144.41,146.45,144.38,145.73,310709.23
2025-05-06 22:15:00,145.72,146.54,145.62,146.49,125435.07
2025-05-06 22:30:00,146.5,146.7,146.04,146.39,103722.39
2025-05-06 22:45:00,146.39,146.49,145.88,146.06,96119.09
2025-05-06 23:00:00,146.06,146.19,145.5,145.82,106110.5
2025-05-06 23:15:00,145.83,146.56,145.79,146.33,76307.37
2025-05-06 23:30:00,146.33,146.79,146.07,146.78,57842.19
2025-05-06 23:45:00,146.78,147.2,146.59,146.82,247948.6
2025-05-07 00:00:00,146.82,147.15,146.57,147.14,120852.83
2025-05-07 00:15:00,147.15,148.97,147.09,148.68,296797.26
2025-05-07 00:30:00,148.68,149.15,148.21,148.49,125599.3
2025-05-07 00:45:00,148.5,149.01,148.31,148.98,90236.72
2025-05-07 01:00:00,148.97,149.53,148.61,148.86,194845.47
2025-05-07 01:15:00,148.85,149.21,148.62,149.13,69011.46
2025-05-07 01:30:00,149.12,149.12,148.37,148.44,63060.59
2025-05-07 01:45:00,148.44,148.68,148.04,148.29,74186.78
2025-05-07 02:00:00,148.3,148.55,147.45,147.88,153777.62
2025-05-07 02:15:00,147.88,148.06,147.63,147.77,42317.36
2025-05-07 02:30:00,147.77,147.87,147.23,147.26,58563.81
2025-05-07 02:45:00,147.26,147.41,146.57,146.7,144961.13
2025-05-07 03:00:00,146.7,146.78,146.1,146.12,96807.17
2025-05-07 03:15:00,146.11,146.13,145.37,145.95,149724.31
2025-05-07 03:30:00,145.95,146.35,145.84,146.18,85380.8
2025-05-07 03:45:00,146.17,146.22,145.87,146.17,117614.35
2025-05-07 04:00:00,146.17,146.71,146.16,146.7,70524.23
2025-05-07 04:15:00,146.7,146.7,146.27,146.28,50708.37
2025-05-07 04:30:00,146.28,146.34,145.86,145.96,56935.49
2025-05-07 04:45:00,145.96,146.22,145.76,146.12,33781.22
2025-05-07 05:00:00,146.12,146.23,145.77,146.03,59474.96
2025-05-07 05:15:00,146.02,146.08,145.67,145.8,20901.8
2025-05-07 05:30:00,145.8,146.08,145.52,145.53,32243.11
2025-05-07 05:45:00,145.53,145.71,145.37,145.51,30863.74
2025-05-07 06:00:00,145.51,146.21,145.43,146.21,58555.27
2025-05-07 06:15:00,146.21,146.23,145.7,145.85,32385.34
2025-05-07 06:30:00,145.85,145.96,145.6,145.71,22240.38
2025-05-07 06:45:00,145.71,146.06,145.5,145.98,34099.52
2025-05-07 07:00:00,145.98,146.3,145.94,146.23,37973.53
2025-05-07 07:15:00,146.23,146.5,146.16,146.45,47366.24
2025-05-07 07:30:00,146.45,146.78,146.34,146.77,56834.91
2025-05-07 07:45:00,146.77,147.22,146.75,147.16,88869.85
2025-05-07 08:00:00,147.16,147.3,146.83,146.96,102351.2
2025-05-07 08:15:00,146.97,147.17,146.9,147.06,29304.77
2025-05-07 08:30:00,147.06,147.71,146.98,147.68,110630.37
2025-05-07 08:45:00,147.68,147.9,147.51,147.77,80275.06
2025-05-07 09:00:00,147.77,148.23,147.71,147.81,91399.06
2025-05-07 09:15:00,147.81,148.0,147.53,147.64,51103.85
2025-05-07 09:30:00,147.65,147.94,147.45,147.8,41559.36
2025-05-07 09:45:00,147.8,147.93,147.7,147.78,24571.02
2025-05-07 10:00:00,147.78,147.87,147.54,147.58,29683.17
2025-05-07 10:15:00,147.58,147.71,147.41,147.44,37624.68
2025-05-07 10:30:00,147.43,147.8,147.33,147.8,61799.94
2025-05-07 10:45:00,147.79,147.89,147.62,147.7,40644.22
2025-05-07 11:00:00,147.7,147.8,147.43,147.69,54451.44
2025-05-07 11:15:00,147.69,147.77,147.5,147.51,72040.72
2025-05-07 11:30:00,147.51,147.75,147.41,147.7,83310.53
2025-05-07 11:45:00,147.7,147.72,147.39,147.54,53593.53
2025-05-07 12:00:00,147.55,147.7,147.13,147.14,83993.0
2025-05-07 12:15:00,147.14,147.56,146.94,147.05,74341.38
2025-05-07 12:30:00,147.06,147.18,146.75,146.79,46615.21
2025-05-07 12:45:00,146.8,147.29,146.78,147.15,49111.36
2025-05-07 13:00:00,147.14,147.15,146.58,146.6,60572.52
2025-05-07 13:15:00,146.6,146.78,146.28,146.45,62957.89
2025-05-07 13:30:00,146.45,147.39,146.36,147.24,83027.76
2025-05-07 13:45:00,147.24,147.25,146.38,146.82,68328.94
2025-05-07 14:00:00,146.81,147.26,146.63,146.97,58361.59
2025-05-07 14:15:00,146.96,147.46,146.83,147.39,64494.63
2025-05-07 14:30:00,147.39,147.47,146.92,146.98,30667.87
2025-05-07 14:45:00,146.98,146.98,145.74,146.03,152615.71
2025-05-07 15:00:00,146.03,146.13,145.57,145.83,115881.8
2025-05-07 15:15:00,145.82,146.3,145.76,145.92,62231.23
2025-05-07 15:30:00,145.91,146.13,145.52,146.0,58963.84
2025-05-07 15:45:00,146.0,146.08,145.35,145.69,66359.57
2025-05-07 16:00:00,145.69,145.73,145.05,145.43,75265.25
2025-05-07 16:15:00,145.44,145.47,145.02,145.13,61879.69
2025-05-07 16:30:00,145.13,145.74,145.03,145.71,78040.83
2025-05-07 16:45:00,145.7,146.41,145.7,146.21,93748.06
2025-05-07 17:00:00,146.21,146.44,146.13,146.34,58268.82
2025-05-07 17:15:00,146.33,146.59,145.86,145.98,46825.37
2025-05-07 17:30:00,145.97,146.15,145.65,145.82,36825.63
2025-05-07 17:45:00,145.82,146.23,145.08,145.58,114197.62
2025-05-07 18:00:00,145.58,146.23,144.58,145.41,288745.76
2025-05-07 18:15:00,145.4,146.85,145.16,146.48,117254.77
2025-05-07 18:30:00,146.48,147.3,146.15,146.2,160019.76
2025-05-07 18:45:00,146.22,146.6,145.27,146.54,133478.69
2025-05-07 19:00:00,146.54,146.79,145.97,146.52,57498.27
2025-05-07 19:15:00,146.52,146.6,145.37,145.38,49589.58
2025-05-07 19:30:00,145.38,146.82,145.03,146.42,109475.42
2025-05-07 19:45:00,146.42,146.58,145.47,145.7,86134.33
2025-05-07 20:00:00,145.69,146.22,145.48,146.07,37137.05
2025-05-07 20:15:00,146.06,146.22,145.72,145.93,22036.71
2025-05-07 20:30:00,145.93,146.08,145.39,145.63,24223.93
2025-05-07 20:45:00,145.63,146.3,145.5,146.3,29021.08
2025-05-07 21:00:00,146.3,146.69,146.11,146.57,38196.32
2025-05-07 21:15:00,146.57,147.38,146.54,147.33,47533.36
2025-05-07 21:30:00,147.33,147.82,146.88,147.27,80814.07
2025-05-07 21:45:00,147.26,147.45,147.0,147.27,49668.9
2025-05-07 22:00:00,147.27,147.81,147.1,147.56,66421.73
2025-05-07 22:15:00,147.55,147.61,147.17,147.44,61929.74
2025-05-07 22:30:00,147.43,147.77,147.43,147.76,39117.41
2025-05-07 22:45:00,147.75,147.89,147.54,147.69,73846.89
2025-05-07 23:00:00,147.69,148.25,147.6,148.13,89002.98
2025-05-07 23:15:00,148.12,148.25,147.71,147.71,34098.18
2025-05-07 23:30:00,147.71,147.86,147.33,147.38,51994.3
2025-05-07 23:45:00,147.39,147.44,146.97,147.26,63126.54
2025-05-08 00:00:00,147.26,147.49,147.19,147.38,34386.99
2025-05-08 00:15:00,147.38,147.6,147.22,147.54,19148.55
2025-05-08 00:30:00,147.54,147.6,147.0,147.14,50799.75
2025-05-08 00:45:00,147.15,148.88,147.02,148.74,107054.49
2025-05-08 01:00:00,148.74,149.93,148.57,148.78,295716.47
2025-05-08 01:15:00,148.77,148.93,148.27,148.76,93823.67
2025-05-08 01:30:00,148.76,148.86,148.29,148.44,57169.67
2025-05-08 01:45:00,148.44,148.69,147.84,148.04,68196.93
2025-05-08 02:00:00,148.04,148.82,147.9,148.78,81406.17
2025-05-08 02:15:00,148.77,149.85,148.62,149.82,112932.55
2025-05-08 02:30:00,149.81,150.28,149.58,149.8,185432.85
2025-05-15 09:30:00,171.64,171.84,170.07,170.25,177208.31
2025-05-15 09:45:00,170.25,170.99,169.39,170.68,129516.47
2025-05-15 10:00:00,170.68,170.84,169.24,169.63,70868.36
2025-05-15 10:15:00,169.62,170.38,169.41,170.2,66315.88
2025-05-15 10:30:00,170.2,170.23,168.88,169.17,153882.27
2025-05-15 10:45:00,169.18,170.07,168.59,169.93,98281.99
2025-05-15 11:00:00,169.93,170.64,169.74,170.06,62963.71
2025-05-15 11:15:00,170.06,171.0,169.95,170.81,54369.52
2025-05-15 11:30:00,170.81,171.42,170.33,170.62,72569.85
2025-05-15 11:45:00,170.61,171.09,170.24,170.95,43435.25
2025-05-15 12:00:00,170.95,171.43,170.37,170.48,69763.93
2025-05-15 12:15:00,170.48,171.39,170.11,170.99,53980.13
2025-05-15 12:30:00,170.98,172.75,170.73,172.08,379969.51
2025-05-15 12:45:00,172.08,172.1,170.42,170.88,103088.59
2025-05-15 13:00:00,170.89,171.84,170.52,171.65,129185.42
2025-05-15 13:15:00,171.65,171.86,171.11,171.29,36632.23
2025-05-15 13:30:00,171.28,171.79,169.32,170.02,234883.55
2025-05-15 13:45:00,170.03,170.04,168.06,169.66,315224.84
2025-05-15 14:00:00,169.65,170.59,168.11,169.01,187420.39
2025-05-15 14:15:00,169.02,169.68,167.57,168.52,208102.88
2025-05-15 14:30:00,168.53,168.82,166.83,167.62,341531.8
2025-05-15 14:45:00,167.62,169.5,167.02,169.5,273459.09
2025-05-15 15:00:00,169.5,170.09,168.71,169.02,184329.27
2025-05-15 15:15:00,169.02,170.73,168.97,170.68,128146.78
2025-05-15 15:30:00,170.69,171.53,170.3,171.43,157703.67
2025-05-15 15:45:00,171.42,172.47,171.34,172.13,205328.38
2025-05-15 16:00:00,172.13,172.34,171.19,171.61,264837.66
2025-05-15 16:15:00,171.61,172.29,171.25,171.45,85274.48
2025-05-15 16:30:00,171.45,172.9,170.7,172.81,148139.75
2025-05-15 16:45:00,172.81,173.89,172.61,173.88,219771.24
2025-05-15 17:00:00,173.88,173.94,172.67,172.88,99672.35
2025-05-15 17:15:00,172.89,174.37,172.89,174.23,115245.14
2025-05-15 17:30:00,174.23,174.24,173.25,173.88,75283.46
2025-05-15 17:45:00,173.88,174.28,172.87,173.02,58432.42
2025-05-15 18:00:00,173.01,173.19,172.08,172.83,97287.87
2025-05-15 18:15:00,172.82,172.9,170.65,170.76,130119.97
2025-05-15 18:30:00,170.75,171.26,169.2,170.4,189894.69
2025-05-15 18:45:00,170.41,170.53,169.14,169.47,66421.72
2025-05-15 19:00:00,169.47,170.25,169.31,170.11,93476.59
2025-05-15 19:15:00,170.11,170.73,167.62,168.5,165957.76
2025-05-15 19:30:00,168.5,169.64,168.17,169.47,88436.94
2025-05-15 19:45:00,169.47,169.86,168.83,169.66,58417.64
2025-05-15 20:00:00,169.67,170.58,169.15,169.16,233716.8
2025-05-15 20:15:00,169.15,170.25,168.4,169.95,118535.23
2025-05-15 20:30:00,169.96,170.08,169.07,169.67,92485.65
2025-05-15 20:45:00,169.67,169.79,169.31,169.55,15411.76
2025-05-15 21:00:00,169.54,169.64,168.58,168.59,129366.84
2025-05-15 21:15:00,168.58,168.67,166.52,167.97,171089.9
2025-05-15 21:30:00,167.98,168.73,167.09,168.69,86188.07
2025-05-15 21:45:00,168.69,169.24,168.65,168.94,39403.59
2025-05-15 22:00:00,168.95,169.69,168.7,169.68,90047.35
2025-05-15 22:15:00,169.69,170.29,169.57,169.58,99563.14
2025-05-15 22:30:00,169.58,170.11,169.49,169.86,35400.77
2025-05-15 22:45:00,169.86,169.97,168.1,168.14,130868.02
2025-05-15 23:00:00,168.15,168.58,167.23,167.49,153085.56
2025-05-15 23:15:00,167.48,168.03,166.88,167.7,158156.37
2025-05-15 23:30:00,167.7,169.48,167.69,169.09,65703.59
2025-05-15 23:45:00,169.08,169.3,168.53,169.07,37662.46
2025-05-16 00:00:00,169.07,170.14,168.59,170.13,77843.33
2025-05-16 00:15:00,170.14,171.04,170.04,170.28,154159.96
2025-05-16 00:30:00,170.28,172.17,170.23,171.66,117642.31
2025-05-16 00:45:00,171.66,171.78,169.91,170.23,108118.76
2025-05-16 01:00:00,170.22,170.88,169.48,170.02,81206.07
2025-05-16 01:15:00,170.03,170.9,168.88,170.52,126772.5
2025-05-16 01:30:00,170.52,171.76,170.25,171.56,134917.52
2025-05-16 01:45:00,171.57,171.94,171.07,171.79,52085.36
2025-05-16 02:00:00,171.8,173.41,171.77,173.1,163529.29
2025-05-16 02:15:00,173.1,173.61,171.8,172.89,248651.69
2025-05-16 02:30:00,172.89,173.32,172.28,172.33,78805.24
2025-05-16 02:45:00,172.33,172.72,172.25,172.57,29083.95
2025-05-16 03:00:00,172.57,172.76,172.05,172.26,33901.45
2025-05-16 03:15:00,172.26,172.77,171.76,172.39,32984.83
2025-05-16 03:30:00,172.39,172.85,172.02,172.4,41701.39
2025-05-16 03:45:00,172.4,172.84,172.32,172.5,39894.31
2025-05-16 04:00:00,172.52,173.09,172.23,172.56,42320.79
2025-05-16 04:15:00,172.56,172.61,171.77,171.98,41695.46
2025-05-16 04:30:00,171.99,172.13,171.0,171.28,103588.9
2025-05-16 04:45:00,171.28,171.94,171.21,171.85,64395.41
2025-05-16 05:00:00,171.85,172.8,171.85,172.8,44395.86
2025-05-16 05:15:00,172.8,173.45,172.71,173.07,54510.99
2025-05-16 05:30:00,173.08,173.22,172.62,173.17,54001.64
2025-05-16 05:45:00,173.18,173.3,172.78,172.81,27873.13
2025-05-16 06:00:00,172.82,173.06,172.19,172.32,35873.29
2025-05-16 06:15:00,172.33,172.86,172.33,172.46,17618.61
2025-05-16 06:30:00,172.45,173.04,172.33,172.57,24080.34
2025-05-16 06:45:00,172.57,173.06,172.23,172.36,56433.73
2025-05-16 07:00:00,172.37,172.43,171.47,171.79,88784.69
2025-05-16 07:15:00,171.79,172.9,171.53,172.88,89680.63
2025-05-16 07:30:00,172.88,172.95,171.89,172.09,41000.89
2025-05-16 07:45:00,172.1,172.49,172.04,172.07,26744.36
2025-05-16 08:00:00,172.07,172.34,171.64,171.82,42371.58
2025-05-16 08:15:00,171.82,171.83,170.12,170.51,242902.04
2025-05-16 08:30:00,170.52,170.52,169.29,169.98,107595.93
2025-05-16 08:45:00,169.98,170.32,169.35,170.04,60010.87
2025-05-16 09:00:00,170.04,171.26,170.03,170.94,77935.41
2025-05-16 09:15:00,170.94,171.55,170.71,171.32,42212.99
2025-05-16 09:30:00,171.32,171.56,170.91,171.33,84133.96
2025-05-16 09:45:00,171.34,172.75,171.32,172.62,155517.04
2025-05-16 10:00:00,172.63,172.9,171.92,172.75,108304.44
2025-05-16 10:15:00,172.75,172.85,172.05,172.23,52145.19
2025-05-16 10:30:00,172.24,172.95,172.19,172.55,40101.08
2025-05-16 10:45:00,172.55,173.34,172.4,173.1,68812.76
2025-05-16 11:00:00,173.1,173.78,172.87,173.56,82145.89
2025-05-16 11:15:00,173.56,174.1,172.79,172.85,88320.24
2025-05-16 11:30:00,172.85,173.33,172.49,172.5,88887.93
2025-05-16 11:45:00,172.49,173.0,172.34,172.75,37088.58
2025-05-16 12:00:00,172.76,173.0,172.28,172.89,50037.45
2025-05-16 12:15:00,172.89,173.08,172.29,172.6,90054.72
2025-05-16 12:30:00,172.6,173.33,172.6,172.7,68490.95
2025-05-16 12:45:00,172.7,173.21,172.01,172.03,58386.55
2025-05-16 13:00:00,172.04,173.11,171.78,173.01,100840.06
2025-05-16 13:15:00,173.0,173.22,172.58,172.65,44310.96
2025-05-16 13:30:00,172.65,173.89,172.32,173.17,107551.82
2025-05-16 13:45:00,173.18,174.03,173.18,173.74,78140.96
2025-05-16 14:00:00,173.74,173.74,172.03,172.48,189053.41
2025-05-16 14:15:00,172.48,173.55,172.26,173.06,96047.38
2025-05-16 14:30:00,173.06,173.09,170.9,170.91,224777.13
2025-05-16 14:45:00,170.91,171.63,170.72,171.4,131491.5
2025-05-16 15:00:00,171.41,173.17,171.38,172.63,130968.0
2025-05-16 15:15:00,172.63,172.73,171.67,171.7,85495.83
2025-05-16 15:30:00,171.69,172.6,171.6,172.07,88032.41
2025-05-16 15:45:00,172.08,172.27,171.41,172.0,64765.54
2025-05-16 16:00:00,172.0,172.69,171.73,171.77,74549.7
2025-05-16 16:15:00,171.77,172.04,170.68,170.79,103258.45
2025-05-16 16:30:00,170.8,171.04,169.93,170.32,89431.36
2025-05-16 16:45:00,170.31,171.19,170.1,171.0,47672.79
2025-05-16 17:00:00,171.0,171.27,170.45,170.85,46687.35
2025-05-16 17:15:00,170.85,172.11,170.85,171.92,64148.6
2025-05-16 17:30:00,171.92,172.15,170.75,171.14,54138.25
2025-05-16 17:45:00,171.13,171.35,169.82,170.25,66426.63
2025-05-16 18:00:00,170.24,171.03,170.08,170.88,58636.76
2025-05-16 18:15:00,170.88,171.26,170.08,170.28,39870.0
2025-05-16 18:30:00,170.28,170.98,170.0,170.07,69936.56
2025-05-16 18:45:00,170.08,170.5,169.63,170.22,135677.64
2025-05-16 19:00:00,170.22,170.79,170.05,170.25,70093.42
2025-05-16 19:15:00,170.25,170.47,169.7,170.41,38973.8
2025-05-16 19:30:00,170.42,170.98,170.3,170.7,63269.39
2025-05-16 19:45:00,170.7,171.44,170.51,171.31,57994.64
2025-05-16 20:00:00,171.3,171.3,170.83,170.87,26352.58
2025-05-16 20:15:00,170.87,170.87,170.06,170.33,20612.51
2025-05-16 20:30:00,170.34,170.34,169.13,169.16,99149.37
2025-05-16 20:45:00,169.16,169.68,168.61,169.49,142334.11
2025-05-16 21:00:00,169.49,170.18,169.41,170.13,52607.04
2025-05-16 21:15:00,170.13,170.14,169.23,169.29,23872.71
2025-05-16 21:30:00,169.29,169.9,168.5,169.76,87217.04
2025-05-16 21:45:00,169.76,169.82,168.82,168.95,41626.35
2025-05-16 22:00:00,168.95,168.99,167.81,167.89,116160.25
2025-05-16 22:15:00,167.9,168.04,167.07,167.33,93193.62
2025-05-16 22:30:00,167.33,167.65,166.85,167.03,81053.55
2025-05-16 22:45:00,167.03,167.61,166.26,167.34,187201.34
2025-05-16 23:00:00,167.35,168.35,167.34,168.33,126237.02
2025-05-16 23:15:00,168.34,168.39,167.68,168.17,43726.03
2025-05-16 23:30:00,168.18,168.36,167.82,167.94,26234.97
2025-05-16 23:45:00,167.93,167.93,167.0,167.36,65048.56
2025-05-17 00:00:00,167.36,168.24,167.1,168.02,94799.67
2025-05-17 00:15:00,168.02,168.05,166.63,166.66,88140.81
2025-05-17 00:30:00,166.66,167.2,165.58,166.2,210193.81
2025-05-17 00:45:00,166.19,167.11,166.08,166.73,87290.23
2025-05-17 01:00:00,166.72,166.73,165.76,165.87,97239.41
2025-05-17 01:15:00,165.87,166.31,164.58,165.88,257197.73
2025-05-17 01:30:00,165.88,165.99,164.83,165.55,68051.72
2025-05-17 01:45:00,165.55,165.56,163.88,165.01,216545.56
2025-05-17 02:00:00,165.0,165.38,164.19,164.23,135875.62
2025-05-17 02:15:00,164.23,166.32,164.03,166.04,256625.61
2025-05-17 02:30:00,166.04,166.8,166.02,166.65,151971.69
2025-05-17 02:45:00,166.64,166.95,165.93,166.46,62353.46
2025-05-17 03:00:00,166.47,166.77,165.72,166.0,41418.7
2025-05-17 03:15:00,166.0,166.53,165.27,166.48,63098.28
2025-05-17 03:30:00,166.49,167.33,166.14,167.08,87816.2
2025-05-17 03:45:00,167.08,168.56,166.93,168.17,134769.83
2025-05-17 04:00:00,168.17,168.62,167.82,168.35,77396.97
2025-05-17 04:15:00,168.36,168.95,168.17,168.76,63716.91
2025-05-17 04:30:00,168.76,169.43,168.46,169.19,72360.5
2025-05-17 04:45:00,169.19,169.19,168.52,168.77,49379.34
2025-05-17 05:00:00,168.77,169.07,168.18,168.25,97283.02
2025-05-17 05:15:00,168.25,168.45,167.67,168.28,78918.36
2025-05-17 05:30:00,168.28,168.39,167.71,167.71,30523.02
2025-05-17 05:45:00,167.71,167.77,167.07,167.45,99926.11
2025-05-17 06:00:00,167.45,168.94,167.44,168.82,95204.31
2025-05-17 06:15:00,168.83,168.83,168.19,168.34,32698.68
2025-05-17 06:30:00,168.34,169.19,168.17,169.16,46582.31
2025-05-17 06:45:00,169.17,169.28,168.58,169.01,58788.28
2025-05-17 07:00:00,169.01,169.9,168.96,169.37,58850.59
2025-05-17 07:15:00,169.37,169.58,169.04,169.4,53789.9
2025-05-17 07:30:00,169.41,169.42,168.28,168.36,67028.26
2025-05-17 07:45:00,168.35,168.49,167.85,168.48,74547.76
2025-05-17 08:00:00,168.47,168.74,168.0,168.32,53660.07
2025-05-17 08:15:00,168.32,169.16,167.95,168.95,78465.07
2025-05-17 08:30:00,168.96,169.33,168.27,168.53,49236.77
2025-05-17 08:45:00,168.52,168.73,167.96,168.0,39674.91
2025-05-17 09:00:00,168.0,168.31,167.29,168.15,104541.31
2025-05-17 09:15:00,168.15,168.23,166.93,167.42,72165.32
2025-05-17 09:30:00,167.42,168.77,167.27,167.93,95869.18
2025-05-17 09:45:00,167.93,168.24,167.56,167.68,59971.23
2025-05-17 10:00:00,167.68,168.42,167.46,168.23,37544.37
2025-05-17 10:15:00,168.24,168.61,167.66,167.84,35142.08
2025-05-17 10:30:00,167.84,167.93,166.96,166.98,58884.92
2025-05-17 10:45:00,166.99,167.54,166.97,167.48,32906.09
2025-05-17 11:00:00,167.49,167.71,166.94,167.07,31808.22
2025-05-17 11:15:00,167.07,167.34,166.64,166.82,47117.53
2025-05-17 11:30:00,166.82,167.68,166.82,167.62,30647.24
2025-05-17 11:45:00,167.62,168.08,167.4,167.55,43512.9
2025-05-17 12:00:00,167.55,167.73,167.16,167.19,43405.17
2025-05-17 12:15:00,167.19,167.96,167.1,167.84,36266.24
2025-05-17 12:30:00,167.84,168.0,167.41,167.6,23186.32
2025-05-17 12:45:00,167.6,167.62,167.03,167.15,50517.1
2025-05-17 13:00:00,167.16,167.55,166.55,167.53,61122.49
2025-05-17 13:15:00,167.53,167.58,166.58,166.81,45814.69
2025-05-17 13:30:00,166.8,166.84,166.04,166.17,71056.2
2025-05-17 13:45:00,166.18,166.46,165.69,166.41,106651.38
2025-05-17 14:00:00,166.4,167.24,166.38,167.24,77015.4
2025-05-17 14:15:00,167.24,167.75,166.97,167.48,58452.43
2025-05-17 14:30:00,167.47,167.76,167.27,167.58,47934.67
2025-05-17 14:45:00,167.59,168.0,167.55,167.91,59766.37
2025-05-17 15:00:00,167.9,168.13,167.33,167.88,53152.39
2025-05-17 15:15:00,167.88,167.95,167.45,167.74,34197.6
2025-05-17 15:30:00,167.74,167.97,167.62,167.83,31998.54
2025-05-17 15:45:00,167.82,167.82,167.2,167.21,29982.97
2025-05-17 16:00:00,167.2,167.45,166.67,166.84,81096.57
2025-05-17 16:15:00,166.84,166.97,165.98,166.23,67080.36
2025-05-17 16:30:00,166.23,166.25,164.56,165.1,188479.97
2025-05-17 16:45:00,165.1,165.21,164.3,165.18,95038.62
2025-05-17 17:00:00,165.17,165.7,164.98,165.46,97846.76
2025-05-17 17:15:00,165.46,166.35,164.81,166.34,89702.97
2025-05-17 17:30:00,166.34,166.72,166.01,166.27,68223.48
2025-05-17 17:45:00,166.27,166.43,165.64,165.64,39413.33
2025-05-17 18:00:00,165.65,166.71,165.55,166.44,84973.86
2025-05-17 18:15:00,166.44,166.98,165.72,166.85,105452.3
2025-05-17 18:30:00,166.86,166.91,166.13,166.67,74467.5
2025-05-17 18:45:00,166.67,166.67,165.57,165.69,30947.96
2025-05-17 19:00:00,165.69,165.87,165.24,165.81,38426.01
2025-05-17 19:15:00,165.81,166.26,165.66,165.67,20867.9
2025-05-17 19:30:00,165.66,165.67,164.97,165.53,39813.93
2025-05-17 19:45:00,165.52,165.63,164.9,165.16,28962.53
2025-05-17 20:00:00,165.15,165.82,164.62,164.68,60249.61
2025-05-17 20:15:00,164.68,165.37,164.68,165.25,35357.89
2025-05-17 20:30:00,165.26,166.12,165.26,166.0,33751.73
2025-05-17 20:45:00,166.01,167.89,165.72,167.44,193604.65
2025-05-17 21:00:00,167.45,167.61,166.96,167.4,81878.51
2025-05-17 21:15:00,167.4,167.52,166.88,167.06,21824.64
2025-05-17 21:30:00,167.06,167.39,166.41,166.78,72946.22
2025-05-17 21:45:00,166.78,167.22,166.64,166.96,48305.12
2025-05-17 22:00:00,166.95,167.0,164.66,164.9,136164.28
2025-05-17 22:15:00,164.89,164.95,164.32,164.44,75552.91
2025-05-17 22:30:00,164.44,165.49,164.27,165.21,40399.4
2025-05-17 22:45:00,165.22,165.44,164.86,165.22,21680.1
2025-05-17 23:00:00,165.23,165.76,164.66,165.48,32015.5
2025-05-17 23:15:00,165.49,166.04,165.18,165.92,20075.74
2025-05-17 23:30:00,165.92,166.04,165.6,165.76,19606.93
2025-05-17 23:45:00,165.75,166.0,165.6,165.89,14535.82
2025-05-18 00:00:00,165.89,166.62,165.79,166.38,36669.72
2025-05-18 00:15:00,166.38,166.67,165.85,166.31,34689.78
2025-05-18 00:30:00,166.32,166.66,166.14,166.37,75748.53
2025-05-18 00:45:00,166.37,167.39,166.28,167.19,82135.07
2025-05-18 01:00:00,167.19,167.34,166.52,166.65,38888.89
2025-05-18 01:15:00,166.64,167.11,166.57,166.66,23332.1
2025-05-18 01:30:00,166.65,166.71,166.2,166.24,16166.29
2025-05-18 01:45:00,166.24,167.72,166.01,167.16,58522.71
2025-05-18 02:00:00,167.15,167.56,167.11,167.35,24890.25
2025-05-18 02:15:00,167.34,167.42,167.02,167.04,17365.91
2025-05-18 02:30:00,167.05,167.21,166.46,166.71,31446.11
2025-05-18 02:45:00,166.71,167.16,166.6,166.96,25968.15
2025-05-18 03:00:00,166.95,167.81,166.95,167.35,85748.03
2025-05-18 03:15:00,167.36,167.38,166.45,166.5,42295.73
2025-05-18 03:30:00,166.5,167.36,166.49,167.03,53644.35
2025-05-18 03:45:00,167.03,167.12,166.72,166.83,16554.45
2025-05-18 04:00:00,166.84,167.62,166.8,167.48,21603.06
2025-05-18 04:15:00,167.48,167.68,167.32,167.5,31701.58
2025-05-18 04:30:00,167.5,168.06,167.37,168.03,44577.53
2025-05-18 04:45:00,168.02,168.58,168.02,168.43,77496.82
2025-05-18 05:00:00,168.42,169.14,168.42,168.75,57131.87
2025-05-18 05:15:00,168.75,169.3,168.75,169.15,55664.52
2025-05-18 05:30:00,169.15,169.28,168.81,169.13,48233.88
2025-05-18 05:45:00,169.13,170.08,169.1,169.83,88117.83
2025-05-18 06:00:00,169.82,169.86,169.26,169.61,73989.8
2025-05-18 06:15:00,169.61,169.85,169.25,169.4,32827.38
2025-05-18 06:30:00,169.4,169.48,168.86,169.42,87055.95
2025-05-18 06:45:00,169.43,169.54,168.97,169.17,42398.74
2025-05-18 07:00:00,169.18,169.78,169.03,169.69,53614.78
2025-05-18 07:15:00,169.7,169.84,169.55,169.66,29585.88
2025-05-18 07:30:00,169.66,169.7,169.45,169.64,23177.05
2025-05-18 07:45:00,169.64,170.68,169.39,170.59,99253.03
2025-05-18 08:00:00,170.58,171.84,170.58,171.15,196013.57
2025-05-18 08:15:00,171.16,171.8,170.89,171.75,79408.65
2025-05-18 08:30:00,171.75,171.9,170.9,171.0,80519.0
2025-05-18 08:45:00,171.01,171.52,170.85,171.08,51917.45
2025-05-18 09:00:00,171.09,171.48,171.09,171.39,27303.28
2025-05-18 09:15:00,171.39,171.39,170.84,170.99,32398.1
2025-05-18 09:30:00,171.0,171.35,170.55,170.6,60357.58
2025-05-18 09:45:00,170.6,171.14,170.5,170.92,49807.89
2025-05-18 10:00:00,170.92,171.49,170.92,171.42,45619.76
2025-05-18 10:15:00,171.41,171.45,170.65,170.67,26165.19
2025-05-18 10:30:00,170.67,170.96,170.57,170.8,19613.4
2025-05-18 10:45:00,170.81,171.29,170.79,171.28,23516.32
2025-05-18 11:00:00,171.28,171.5,171.2,171.35,28433.5
2025-05-18 11:15:00,171.35,171.67,171.09,171.19,21041.59
2025-05-18 11:30:00,171.2,171.41,170.62,170.64,21950.67
2025-05-18 11:45:00,170.65,170.99,170.64,170.7,47181.24
2025-05-18 12:00:00,170.71,170.76,170.1,170.42,85853.16
2025-05-18 12:15:00,170.42,171.16,170.28,171.02,38979.55
2025-05-25 19:15:00,171.87,172.04,171.72,171.94,31254.03
2025-05-25 19:30:00,171.95,172.1,171.88,172.04,34734.4
2025-05-25 19:45:00,172.05,172.69,171.92,172.42,53526.67
2025-05-25 20:00:00,172.42,172.5,171.76,171.83,54492.18
2025-05-25 20:15:00,171.83,172.04,171.34,171.97,141618.81
2025-05-25 20:30:00,171.98,172.38,171.88,172.23,62569.36
2025-05-25 20:45:00,172.22,172.25,171.59,171.85,40046.77
2025-05-25 21:00:00,171.85,172.52,171.77,172.48,60506.34
2025-05-25 21:15:00,172.47,172.59,171.5,171.63,41671.41
2025-05-25 21:30:00,171.63,171.63,170.81,171.44,34558.28
2025-05-25 21:45:00,171.45,171.85,171.27,171.43,20209.92
2025-05-25 22:00:00,171.43,173.9,171.25,172.86,162901.12
2025-05-25 22:15:00,172.87,173.62,172.83,173.36,109449.22
2025-05-25 22:30:00,173.36,174.21,173.16,173.95,89837.73
2025-05-25 22:45:00,173.95,174.81,173.74,174.77,86922.77
2025-05-25 23:00:00,174.77,175.18,174.33,174.39,128601.06
2025-05-25 23:15:00,174.4,174.4,173.71,173.92,95777.99
2025-05-25 23:30:00,173.92,175.39,173.85,175.27,107358.06
2025-05-25 23:45:00,175.27,175.78,175.01,175.64,54590.13
2025-05-26 00:00:00,175.65,175.94,175.29,175.51,91161.83
2025-05-26 00:15:00,175.51,176.1,175.03,175.57,109025.36
2025-05-26 00:30:00,175.57,177.39,175.57,177.07,157003.49
2025-05-26 00:45:00,177.07,177.53,176.67,177.46,95183.48
2025-05-26 01:00:00,177.47,177.73,176.26,176.51,122109.7
2025-05-26 01:15:00,176.51,176.95,176.0,176.48,95868.56
2025-05-26 01:30:00,176.48,177.27,176.08,177.01,75973.97
2025-05-26 01:45:00,177.01,177.12,176.25,176.48,58566.08
2025-05-26 02:00:00,176.48,176.83,176.14,176.64,53042.19
2025-05-26 02:15:00,176.64,177.05,176.47,176.52,46884.33
2025-05-26 02:30:00,176.52,176.52,175.75,175.95,67387.79
2025-05-26 02:45:00,175.95,176.31,175.62,176.01,64705.31
2025-05-26 03:00:00,176.01,176.47,175.92,176.13,62193.18
2025-05-26 03:15:00,176.12,177.23,175.95,177.07,86214.64
2025-05-26 03:30:00,177.07,177.45,176.84,177.2,70908.31
2025-05-26 03:45:00,177.2,177.55,176.8,176.94,74251.11
2025-05-26 04:00:00,176.94,177.03,176.51,176.87,31841.93
2025-05-26 04:15:00,176.87,177.2,176.81,177.04,30540.81
2025-05-26 04:30:00,177.03,177.12,176.77,176.94,23149.93
2025-05-26 04:45:00,176.94,177.19,176.79,177.07,26687.53
2025-05-26 05:00:00,177.08,177.48,177.03,177.29,52913.91
2025-05-26 05:15:00,177.29,177.84,177.21,177.64,62116.32
2025-05-26 05:30:00,177.64,177.96,177.31,177.33,77185.62
2025-05-26 05:45:00,177.32,177.67,177.29,177.48,37349.5
2025-05-26 06:00:00,177.48,177.83,177.37,177.61,43553.81
2025-05-26 06:15:00,177.6,177.91,177.6,177.86,43885.68
2025-05-26 06:30:00,177.86,177.9,177.14,177.31,54484.77
2025-05-26 06:45:00,177.32,178.15,177.23,177.87,69728.1
2025-05-26 07:00:00,177.88,178.95,177.82,178.02,201935.86
2025-05-26 07:15:00,178.03,178.18,177.45,177.46,80076.61
2025-05-26 07:30:00,177.46,178.02,177.15,177.77,81565.1
2025-05-26 07:45:00,177.77,178.08,177.51,178.05,40972.45
2025-05-26 08:00:00,178.05,178.27,177.58,177.93,54874.63
2025-05-26 08:15:00,177.92,178.22,177.63,177.68,33251.4
2025-05-26 08:30:00,177.67,177.82,177.27,177.37,71561.48
2025-05-26 08:45:00,177.37,177.55,177.1,177.35,63541.48
2025-05-26 09:00:00,177.35,177.8,177.12,177.74,44680.5
2025-05-26 09:15:00,177.74,177.84,177.43,177.56,34483.15
2025-05-26 09:30:00,177.56,177.6,176.91,176.93,62802.88
2025-05-26 09:45:00,176.94,177.06,176.56,176.75,93425.89
2025-05-26 10:00:00,176.75,177.01,176.33,176.65,73462.9
2025-05-26 10:15:00,176.65,177.2,176.5,177.15,35877.09
2025-05-26 10:30:00,177.15,177.23,176.87,177.16,31642.45
2025-05-26 10:45:00,177.16,177.26,176.14,176.69,65701.7
2025-05-26 11:00:00,176.69,176.97,176.37,176.86,32313.41
2025-05-26 11:15:00,176.86,177.14,176.71,177.06,26993.39
2025-05-26 11:30:00,177.07,177.82,176.79,177.7,95484.81
2025-05-26 11:45:00,177.7,177.89,177.48,177.82,73787.66
2025-05-26 12:00:00,177.82,177.92,177.14,177.33,99864.31
2025-05-26 12:15:00,177.33,177.74,177.25,177.48,30155.67
2025-05-26 12:30:00,177.47,177.74,177.36,177.61,25214.41
2025-05-26 12:45:00,177.61,178.45,177.43,178.04,62352.56
2025-05-26 13:00:00,178.04,178.66,177.44,177.61,92205.45
2025-05-26 13:15:00,177.61,178.19,177.18,177.73,56107.27
2025-05-26 13:30:00,177.73,178.12,177.63,177.82,44809.71
2025-05-26 13:45:00,177.83,177.88,176.04,176.62,154210.61
2025-05-26 14:00:00,176.62,177.32,176.36,177.29,69647.72
2025-05-26 14:15:00,177.29,177.3,176.42,176.81,71433.89
2025-05-26 14:30:00,176.8,176.88,176.02,176.34,111856.52
2025-05-26 14:45:00,176.34,176.71,175.85,176.66,79059.0
2025-05-26 15:00:00,176.66,176.93,176.18,176.41,57623.18
2025-05-26 15:15:00,176.41,177.52,176.32,177.42,103794.83
2025-05-26 15:30:00,177.43,178.74,177.43,177.52,198933.15
2025-05-26 15:45:00,177.52,177.98,177.24,177.39,96723.44
2025-05-26 16:00:00,177.4,177.97,177.15,177.19,52691.92
2025-05-26 16:15:00,177.2,177.34,175.04,175.7,298373.03
2025-05-26 16:30:00,175.7,176.18,175.12,176.06,99629.61
2025-05-26 16:45:00,176.07,176.29,175.46,175.55,50757.07
2025-05-26 17:00:00,175.55,176.14,175.45,175.83,25538.97
2025-05-26 17:15:00,175.83,175.94,174.63,175.0,87068.2
2025-05-26 17:30:00,175.0,175.22,174.22,174.43,82717.87
2025-05-26 17:45:00,174.43,174.43,173.66,173.89,136677.05
2025-05-26 18:00:00,173.9,174.49,173.36,174.48,97665.57
2025-05-26 18:15:00,174.48,174.77,174.03,174.76,52254.36
2025-05-26 18:30:00,174.76,174.97,174.47,174.63,44605.23
2025-05-26 18:45:00,174.63,174.64,173.61,174.09,66161.73
2025-05-26 19:00:00,174.08,174.24,173.63,174.1,47897.3
2025-05-26 19:15:00,174.1,174.47,174.0,174.08,21898.3
2025-05-26 19:30:00,174.08,174.16,173.58,173.95,26337.49
2025-05-26 19:45:00,173.96,174.19,173.88,173.93,22107.98
2025-05-26 20:00:00,173.93,174.33,173.51,174.27,29239.69
2025-05-26 20:15:00,174.27,174.47,173.54,173.94,46012.77
2025-05-26 20:30:00,173.95,175.08,173.91,174.89,64366.44
2025-05-26 20:45:00,174.88,175.28,174.59,175.25,50683.86
2025-05-26 21:00:00,175.25,175.44,174.5,174.78,69788.34
2025-05-26 21:15:00,174.77,175.0,174.19,174.89,39050.35
2025-05-26 21:30:00,174.89,175.2,174.55,174.63,60250.34
2025-05-26 21:45:00,174.63,175.14,174.49,174.91,48581.36
2025-05-26 22:00:00,174.92,175.97,174.71,175.47,55964.38
2025-05-26 22:15:00,175.47,175.7,174.42,174.5,51675.29
2025-05-26 22:30:00,174.49,174.78,174.22,174.43,26245.28
2025-05-26 22:45:00,174.43,174.48,173.89,174.11,25873.38
2025-05-26 23:00:00,174.11,174.55,173.8,174.33,45326.95
2025-05-26 23:15:00,174.34,174.34,173.94,174.2,28793.03
2025-05-26 23:30:00,174.2,174.63,174.1,174.54,23574.63
2025-05-26 23:45:00,174.53,174.89,174.41,174.8,56573.13
2025-05-27 00:00:00,174.8,175.41,174.5,175.35,52641.13
2025-05-27 00:15:00,175.34,175.69,174.6,174.66,60373.52
2025-05-27 00:30:00,174.65,174.7,174.02,174.18,41149.43
2025-05-27 00:45:00,174.19,174.55,173.9,174.02,37636.19
2025-05-27 01:00:00,174.01,174.02,172.5,172.69,170427.26
2025-05-27 01:15:00,172.68,172.74,171.12,172.05,332951.16
2025-05-27 01:30:00,172.05,172.34,171.11,171.57,163551.18
2025-05-27 01:45:00,171.58,172.02,171.33,171.99,65342.24
2025-05-27 02:00:00,171.99,172.32,171.66,172.2,58108.75
2025-05-27 02:15:00,172.21,173.03,171.92,173.03,65523.04
2025-05-27 02:30:00,173.03,173.05,172.55,172.72,71189.83
2025-05-27 02:45:00,172.72,172.75,171.87,172.23,58345.53
2025-05-27 03:00:00,172.22,173.47,172.22,173.25,74427.23
2025-05-27 03:15:00,173.26,173.79,173.05,173.17,111279.4
2025-05-27 03:30:00,173.17,173.98,173.1,173.69,62072.36
2025-05-27 03:45:00,173.69,173.98,173.29,173.42,37753.57
2025-05-27 04:00:00,173.41,174.08,173.22,173.7,52728.35
2025-05-27 04:15:00,173.7,174.02,173.35,173.8,33277.72
2025-05-27 04:30:00,173.8,173.93,173.45,173.6,30829.96
2025-05-27 04:45:00,173.6,174.15,172.87,173.06,62972.16
2025-05-27 05:00:00,173.06,173.18,172.58,172.97,52639.83
2025-05-27 05:15:00,172.97,172.99,172.37,172.59,70120.67
2025-05-27 05:30:00,172.59,173.24,172.55,173.12,41981.61
2025-05-27 05:45:00,173.12,173.9,173.01,173.5,52691.48
2025-05-27 06:00:00,173.5,174.79,173.47,174.61,126950.68
2025-05-27 06:15:00,174.61,174.88,174.08,174.29,86776.18
2025-05-27 06:30:00,174.28,175.16,174.28,174.81,90851.98
2025-05-27 06:45:00,174.82,174.9,173.44,173.45,103988.23
2025-05-27 07:00:00,173.46,174.27,173.45,174.15,62988.45
2025-05-27 07:15:00,174.15,174.44,173.97,174.34,39061.58
2025-05-27 07:30:00,174.35,175.39,174.33,175.18,92914.22
2025-05-27 07:45:00,175.18,175.84,175.16,175.38,105823.17
2025-05-27 08:00:00,175.38,176.5,175.38,175.75,199668.23
2025-05-27 08:15:00,175.76,176.2,175.73,176.01,60446.69
2025-05-27 08:30:00,176.01,176.2,175.25,175.66,80796.76
2025-05-27 08:45:00,175.66,175.82,175.42,175.78,38334.55
2025-05-27 09:00:00,175.78,176.02,175.62,175.85,46610.46
2025-05-27 09:15:00,175.85,175.86,174.93,175.1,63438.88
2025-05-27 09:30:00,175.1,175.38,174.92,175.19,44344.93
2025-05-27 09:45:00,175.19,175.85,175.16,175.79,63887.06
2025-05-27 10:00:00,175.8,176.01,175.67,175.81,61900.14
2025-05-27 10:15:00,175.81,176.06,175.61,175.93,45142.19
2025-05-27 10:30:00,175.93,176.22,175.8,175.98,39541.02
2025-05-27 10:45:00,175.98,176.16,175.85,176.1,25615.97
2025-05-27 11:00:00,176.09,176.44,175.77,175.85,78212.95
2025-05-27 11:15:00,175.84,176.67,175.4,176.47,117965.67
2025-05-27 11:30:00,176.47,176.99,176.2,176.94,63156.79
2025-05-27 11:45:00,176.93,177.09,176.48,176.73,67693.02
2025-05-27 12:00:00,176.73,177.0,176.36,176.36,74548.69
2025-05-27 12:15:00,176.36,177.2,176.19,177.09,86546.65
2025-05-27 12:30:00,177.08,177.4,176.39,176.41,70263.47
2025-05-27 12:45:00,176.41,176.96,176.33,176.93,37623.82
2025-05-27 13:00:00,176.92,178.35,176.68,177.98,163025.6
2025-05-27 13:15:00,177.98,179.18,177.85,178.63,259452.41
2025-05-27 13:30:00,178.63,179.36,177.71,178.17,204350.52
2025-05-27 13:45:00,178.17,178.66,177.33,177.61,153221.73
2025-05-27 14:00:00,177.61,178.34,177.21,177.78,148068.49
2025-05-27 14:15:00,177.78,178.14,176.68,176.78,183001.67
2025-05-27 14:30:00,176.78,176.93,174.96,176.9,306362.52
2025-05-27 14:45:00,176.9,177.35,176.31,177.09,107306.31
2025-05-27 15:00:00,177.09,177.76,176.55,177.56,108599.22
2025-05-27 15:15:00,177.55,178.07,177.26,177.72,62953.66
2025-05-27 15:30:00,177.72,178.24,177.41,178.02,79237.17
2025-05-27 15:45:00,178.02,178.64,178.01,178.38,74394.58
2025-05-27 16:00:00,178.37,178.42,177.41,177.71,82967.07
2025-05-27 16:15:00,177.71,178.75,177.7,177.95,90594.06
2025-05-27 16:30:00,177.96,179.0,177.94,178.82,63510.65
2025-05-27 16:45:00,178.82,179.03,177.87,178.1,87446.48
2025-05-27 17:00:00,178.1,179.21,178.04,178.31,91248.96
2025-05-27 17:15:00,178.31,178.77,177.89,178.23,59070.05
2025-05-27 17:30:00,178.23,178.81,177.87,178.69,70536.44
2025-05-27 17:45:00,178.69,179.25,178.33,178.34,124357.97
2025-05-27 18:00:00,178.34,178.92,178.19,178.65,53833.58
2025-05-27 18:15:00,178.65,179.1,178.48,178.54,72576.18
2025-05-27 18:30:00,178.55,178.8,177.9,178.26,52068.57
2025-05-27 18:45:00,178.27,178.7,178.09,178.48,28432.97
2025-05-27 19:00:00,178.48,179.17,178.17,179.01,100571.81
2025-05-27 19:15:00,179.01,179.01,178.34,178.49,25054.32
2025-05-27 19:30:00,178.49,178.77,177.72,178.03,54252.45
2025-05-27 19:45:00,178.04,178.32,177.3,177.41,58232.27
2025-05-27 20:00:00,177.42,178.11,177.06,177.93,93076.16
2025-05-27 20:15:00,177.94,178.31,177.92,178.21,28976.54
2025-05-27 20:30:00,178.21,178.57,177.8,177.87,25589.42
2025-05-27 20:45:00,177.87,178.24,177.69,177.97,18562.14
2025-05-27 21:00:00,177.96,178.2,177.75,178.2,32281.12
2025-05-27 21:15:00,178.19,178.2,176.46,176.84,94450.25
2025-05-27 21:30:00,176.84,177.32,175.81,176.08,104424.42
2025-05-27 21:45:00,176.08,176.58,176.01,176.34,39970.12
2025-05-27 22:00:00,176.34,176.91,175.51,175.84,87822.18
2025-05-27 22:15:00,175.85,176.52,175.45,176.19,85214.6
2025-05-27 22:30:00,176.19,176.53,175.99,176.45,40910.37
2025-05-27 22:45:00,176.44,176.8,176.32,176.54,26883.57
2025-05-27 23:00:00,176.54,176.95,176.43,176.68,41895.77
2025-05-27 23:15:00,176.68,176.83,176.09,176.12,37012.75
2025-05-27 23:30:00,176.12,176.65,176.02,176.44,31105.95
2025-05-27 23:45:00,176.44,176.78,176.41,176.62,22201.29
2025-05-28 00:00:00,176.62,176.72,176.0,176.03,45432.55
2025-05-28 00:15:00,176.03,176.99,175.75,176.85,52588.12
2025-05-28 00:30:00,176.85,177.14,176.28,176.8,48634.68
2025-05-28 00:45:00,176.79,177.3,176.3,177.17,47855.86
2025-05-28 01:00:00,177.16,177.36,176.52,176.53,43834.14
2025-05-28 01:15:00,176.53,176.53,176.01,176.12,43573.21
2025-05-28 01:30:00,176.13,176.58,175.85,176.31,55478.41
2025-05-28 01:45:00,176.31,176.73,175.13,175.38,87878.16
2025-05-28 02:00:00,175.37,175.38,174.74,174.91,135901.45
2025-05-28 02:15:00,174.9,174.99,174.27,174.48,95751.6
2025-05-28 02:30:00,174.48,174.97,174.4,174.7,87539.06
2025-05-28 02:45:00,174.7,174.81,174.44,174.52,50196.31
2025-05-28 03:00:00,174.52,174.92,174.32,174.86,38353.28
2025-05-28 03:15:00,174.86,174.87,174.12,174.33,104410.1
2025-05-28 03:30:00,174.33,175.08,174.28,174.8,42511.79
2025-05-28 03:45:00,174.8,175.23,174.77,175.02,44462.35
2025-05-28 04:00:00,175.02,175.02,174.46,174.64,48995.66
2025-05-28 04:15:00,174.65,174.87,174.25,174.37,32807.17
2025-05-28 04:30:00,174.37,175.1,174.34,174.94,43980.2
2025-05-28 04:45:00,174.94,175.25,174.77,174.79,48890.67
2025-05-28 05:00:00,174.79,174.83,174.38,174.66,36503.15
2025-05-28 05:15:00,174.66,174.87,174.51,174.82,28638.63
2025-05-28 05:30:00,174.81,175.07,174.5,174.75,34591.04
2025-05-28 05:45:00,174.75,174.79,174.43,174.47,28607.7
2025-05-28 06:00:00,174.47,174.5,173.66,173.67,95175.48
2025-05-28 06:15:00,173.67,174.18,173.61,174.17,43411.41
2025-05-28 06:30:00,174.17,174.17,173.6,174.02,33726.72
2025-05-28 06:45:00,174.02,174.28,173.9,173.95,33509.93
2025-05-28 07:00:00,173.94,174.36,173.7,174.16,38970.07
2025-05-28 07:15:00,174.16,174.35,173.91,173.95,35839.47
2025-05-28 07:30:00,173.95,174.44,173.9,174.36,30702.1
2025-05-28 07:45:00,174.36,174.47,173.71,173.79,92985.64
2025-05-28 08:00:00,173.79,174.09,173.34,173.62,91336.78
2025-05-28 08:15:00,173.62,174.2,173.5,174.06,38372.14
2025-05-28 08:30:00,174.05,174.3,173.45,174.28,52664.83
2025-05-28 08:45:00,174.27,174.35,173.83,174.0,36315.27
2025-05-28 09:00:00,173.99,174.05,173.45,173.52,30573.07
2025-05-28 09:15:00,173.52,173.65,173.09,173.12,70470.25
2025-05-28 09:30:00,173.13,173.6,172.77,173.52,116866.97
2025-05-28 09:45:00,173.52,173.69,173.14,173.31,47189.95
2025-05-28 10:00:00,173.31,173.57,172.75,173.52,62156.36
2025-05-28 10:15:00,173.51,173.75,173.08,173.57,73558.37
2025-05-28 10:30:00,173.58,173.9,173.48,173.72,46270.65
2025-05-28 10:45:00,173.71,174.2,173.65,173.89,99310.22
2025-05-28 11:00:00,173.89,174.16,173.83,173.87,54890.06
2025-05-28 11:15:00,173.88,174.04,173.56,173.6,30435.12
2025-05-28 11:30:00,173.6,174.21,173.57,174.14,45005.02
2025-05-28 11:45:00,174.15,174.45,174.09,174.41,59641.6
2025-05-28 12:00:00,174.41,174.55,174.09,174.4,72291.83
2025-05-28 12:15:00,174.4,174.91,174.3,174.73,93184.09
2025-05-28 12:30:00,174.72,175.0,174.54,174.97,78301.45
2025-05-28 12:45:00,174.96,175.02,174.03,174.15,53486.37
2025-05-28 13:00:00,174.16,174.23,173.67,174.0,77636.63
2025-05-28 13:15:00,174.0,174.05,173.41,173.87,92775.85
2025-05-28 13:30:00,173.88,174.43,173.12,173.31,131793.39
2025-05-28 13:45:00,173.31,173.31,172.27,172.48,209294.84
2025-05-28 14:00:00,172.47,172.87,171.88,172.0,242648.28
2025-05-28 14:15:00,172.0,172.24,171.3,172.01,256050.05
2025-05-28 14:30:00,172.01,172.01,170.73,171.23,208216.5
2025-05-28 14:45:00,171.23,171.6,169.93,170.09,264580.28
2025-05-28 15:00:00,170.09,170.49,168.88,168.93,430352.96
2025-05-28 15:15:00,168.94,170.03,168.85,169.96,186235.31
2025-05-28 15:30:00,169.96,170.34,169.67,170.21,79524.88
2025-05-28 15:45:00,170.21,170.24,169.46,169.63,74750.59
2025-05-28 16:00:00,169.63,170.25,169.48,170.03,66086.11
2025-05-28 16:15:00,170.03,170.75,170.02,170.62,99884.87
2025-05-28 16:30:00,170.62,170.62,170.05,170.46,48450.32
2025-05-28 16:45:00,170.45,170.98,170.33,170.97,40811.97
2025-05-28 17:00:00,170.98,171.85,170.97,171.43,170603.11
2025-05-28 17:15:00,171.44,171.96,170.78,171.06,74412.78
2025-05-28 17:30:00,171.06,171.07,170.17,170.41,69465.43
2025-05-28 17:45:00,170.42,170.84,170.28,170.77,37232.77
2025-05-28 18:00:00,170.77,171.33,170.59,171.32,30985.88
2025-05-28 18:15:00,171.32,171.4,170.48,170.52,31613.48
2025-05-28 18:30:00,170.52,170.85,170.34,170.77,33830.54
2025-05-28 18:45:00,170.78,170.96,169.72,169.89,74429.03
2025-05-28 19:00:00,169.89,170.79,169.78,170.51,34903.76
2025-05-28 19:15:00,170.51,170.52,169.6,169.7,34919.25
2025-05-28 19:30:00,169.7,170.1,169.26,169.26,70240.32
2025-05-28 19:45:00,169.27,169.74,169.04,169.33,99300.74
2025-05-28 20:00:00,169.33,169.75,169.11,169.59,62049.06
2025-05-28 20:15:00,169.59,170.2,169.42,170.06,79218.45
2025-05-28 20:30:00,170.05,170.51,169.7,170.35,39321.45
2025-05-28 20:45:00,170.34,170.7,170.11,170.69,26087.55
2025-05-28 21:00:00,170.7,170.75,170.44,170.73,21041.8
2025-05-28 21:15:00,170.74,171.18,170.72,170.96,31423.01
2025-05-28 21:30:00,170.97,171.31,170.95,171.29,28088.1
2025-05-28 21:45:00,171.28,171.51,171.11,171.43,28169.49
2025-05-28 22:00:00,171.43,171.5,170.43,170.72,45602.05
2025-06-05 05:00:00,153.92,154.07,153.22,153.22,85843.64
2025-06-05 05:15:00,153.23,153.3,152.27,152.46,238680.98
2025-06-05 05:30:00,152.47,152.59,151.83,152.3,133973.12
2025-06-05 05:45:00,152.31,152.56,152.06,152.4,124739.18
2025-06-05 06:00:00,152.4,152.68,152.25,152.43,58525.51
2025-06-05 06:15:00,152.43,152.88,152.21,152.84,53384.24
2025-06-05 06:30:00,152.83,152.84,152.05,152.1,72782.96
2025-06-05 06:45:00,152.1,152.2,152.0,152.09,46415.15
2025-06-05 07:00:00,152.08,152.48,151.97,152.36,72339.43
2025-06-05 07:15:00,152.37,152.89,152.37,152.88,103842.58
2025-06-05 07:30:00,152.87,152.93,152.32,152.45,68966.59
2025-06-05 07:45:00,152.45,152.52,152.18,152.37,56803.46
2025-06-05 08:00:00,152.38,152.88,152.38,152.56,47328.47
2025-06-05 08:15:00,152.57,152.72,152.08,152.4,71265.92
2025-06-05 08:30:00,152.41,152.54,151.63,151.79,100597.55
2025-06-05 08:45:00,151.8,152.2,151.72,151.99,72861.24
2025-06-05 09:00:00,151.98,152.47,151.96,152.33,59329.75
2025-06-05 09:15:00,152.34,152.54,152.14,152.46,42252.0
2025-06-05 09:30:00,152.45,152.79,152.16,152.65,41811.41
2025-06-05 09:45:00,152.65,152.94,152.64,152.92,57358.69
2025-06-05 10:00:00,152.92,152.94,152.78,152.86,94365.68
2025-06-05 10:15:00,152.86,152.92,152.19,152.25,53256.22
2025-06-05 10:30:00,152.25,152.64,151.69,151.76,189571.81
2025-06-05 10:45:00,151.76,152.04,151.35,151.82,175248.39
2025-06-05 11:00:00,151.81,152.03,151.16,151.49,130758.91
2025-06-05 11:15:00,151.49,151.85,151.25,151.69,70782.64
2025-06-05 11:30:00,151.69,152.05,151.68,151.78,84778.92
2025-06-05 11:45:00,151.78,152.33,151.78,152.29,44578.36
2025-06-05 12:00:00,152.28,152.87,152.08,152.85,115179.33
2025-06-05 12:15:00,152.84,153.6,152.82,153.54,273999.75
2025-06-05 12:30:00,153.53,153.76,152.89,153.68,159153.05
2025-06-05 12:45:00,153.67,154.31,153.44,153.85,220855.12
2025-06-05 13:00:00,153.85,154.31,153.79,153.99,193124.4
2025-06-05 13:15:00,154.0,154.16,153.62,154.05,155839.72
2025-06-05 13:30:00,154.06,154.16,152.63,152.65,224267.36
2025-06-05 13:45:00,152.65,152.65,149.64,150.28,820117.91
2025-06-05 14:00:00,150.29,150.73,149.82,150.52,243169.17
2025-06-05 14:15:00,150.52,150.6,148.46,150.1,558138.34
2025-06-05 14:30:00,150.1,150.99,149.24,150.8,249085.57
2025-06-05 14:45:00,150.81,151.53,150.48,151.15,283580.21
2025-06-05 15:00:00,151.14,151.25,150.52,150.61,114341.25
2025-06-05 15:15:00,150.6,151.63,150.4,151.48,156503.63
2025-06-05 15:30:00,151.47,151.53,151.0,151.41,55750.62
2025-06-05 15:45:00,151.41,151.41,150.74,150.81,61572.81
2025-06-05 16:00:00,150.81,151.02,150.2,150.21,123320.08
2025-06-05 16:15:00,150.22,150.22,148.86,149.04,301812.39
2025-06-05 16:30:00,149.04,149.49,148.6,148.92,175195.42
2025-06-05 16:45:00,148.93,149.13,148.29,148.55,203649.4
2025-06-05 17:00:00,148.56,149.45,148.46,149.28,119219.19
2025-06-05 17:15:00,149.28,149.75,149.12,149.56,84238.54
2025-06-05 17:30:00,149.55,149.73,149.15,149.25,53502.17
2025-06-05 17:45:00,149.26,149.47,148.7,149.37,81429.51
2025-06-05 18:00:00,149.36,149.65,148.26,148.5,179381.75
2025-06-05 18:15:00,148.5,149.73,148.28,149.63,112289.68
2025-06-05 18:30:00,149.64,149.97,149.36,149.55,78567.37
2025-06-05 18:45:00,149.56,149.72,149.15,149.38,38793.31
2025-06-05 19:00:00,149.37,149.54,148.36,148.36,63611.19
2025-06-05 19:15:00,148.36,148.56,143.88,146.21,1669854.87
2025-06-05 19:30:00,146.21,147.14,145.99,146.57,190756.84
2025-06-05 19:45:00,146.57,146.71,145.64,146.09,155204.86
2025-06-05 20:00:00,146.09,146.51,144.92,145.49,203195.61
2025-06-05 20:15:00,145.48,145.48,142.86,144.6,550155.4
2025-06-05 20:30:00,144.61,144.65,141.82,142.18,620578.15
2025-06-05 20:45:00,142.18,143.41,141.41,141.73,358874.83
2025-06-05 21:00:00,141.73,143.22,141.51,142.12,301806.82
2025-06-05 21:15:00,142.13,143.42,142.05,143.21,164323.62
2025-06-05 21:30:00,143.21,144.6,142.91,144.24,220234.94
2025-06-05 21:45:00,144.23,144.37,143.29,144.2,124757.81
2025-06-05 22:00:00,144.19,144.19,143.01,143.2,186772.17
2025-06-05 22:15:00,143.19,144.0,143.05,143.77,101491.83
2025-06-05 22:30:00,143.76,144.58,143.72,144.33,91264.9
2025-06-05 22:45:00,144.32,144.84,144.22,144.37,69423.76
2025-06-05 23:00:00,144.37,144.85,144.14,144.66,76262.07
2025-06-05 23:15:00,144.67,144.95,144.5,144.85,77748.82
2025-06-05 23:30:00,144.85,144.88,144.12,144.36,67026.41
2025-06-05 23:45:00,144.36,144.54,144.08,144.2,41788.12
2025-06-06 00:00:00,144.21,144.72,144.13,144.26,85539.82
2025-06-06 00:15:00,144.27,144.74,144.04,144.74,87554.71
2025-06-06 00:30:00,144.75,145.44,144.75,145.08,139932.54
2025-06-06 00:45:00,145.09,145.4,144.82,145.32,51588.4
2025-06-06 01:00:00,145.32,145.32,144.8,145.05,40336.95
2025-06-06 01:15:00,145.06,145.29,144.59,145.01,48019.96
2025-06-06 01:30:00,145.01,145.38,144.99,145.25,33469.28
2025-06-06 01:45:00,145.25,145.58,144.86,145.45,55237.48
2025-06-06 02:00:00,145.44,145.7,145.3,145.56,49468.66
2025-06-06 02:15:00,145.56,145.56,144.96,145.28,57036.94
2025-06-06 02:30:00,145.29,146.0,145.08,145.92,89992.3
2025-06-06 02:45:00,145.92,146.52,145.75,146.47,98899.34
2025-06-06 03:00:00,146.47,146.51,145.77,145.98,60125.85
2025-06-06 03:15:00,145.99,146.31,145.89,146.04,70421.11
2025-06-06 03:30:00,146.05,146.59,145.95,146.5,57060.75
2025-06-06 03:45:00,146.5,146.78,146.44,146.72,57648.76
2025-06-06 04:00:00,146.72,147.09,146.6,147.07,67933.39
2025-06-06 04:15:00,147.07,147.27,146.52,146.93,49709.15
2025-06-06 04:30:00,146.92,147.76,146.76,147.6,63193.07
2025-06-06 04:45:00,147.61,147.82,147.4,147.45,49632.45
2025-06-06 05:00:00,147.45,147.58,147.31,147.44,51898.69
2025-06-06 05:15:00,147.44,147.59,146.82,146.98,87220.02
2025-06-06 05:30:00,146.99,147.32,146.75,147.18,53896.54
2025-06-06 05:45:00,147.18,147.53,146.97,147.42,46984.38
2025-06-06 06:00:00,147.41,147.75,146.96,147.72,38722.77
2025-06-06 06:15:00,147.72,148.18,146.99,147.39,143221.65
2025-06-06 06:30:00,147.39,147.67,146.85,146.94,62577.36
2025-06-06 06:45:00,146.94,147.29,146.88,147.03,38113.97
2025-06-06 07:00:00,147.04,147.53,147.04,147.39,29476.97
2025-06-06 07:15:00,147.39,147.87,147.15,147.68,42840.34
2025-06-06 07:30:00,147.68,147.72,146.91,147.04,53772.94
2025-06-06 07:45:00,147.04,147.32,146.88,147.28,45455.94
2025-06-06 08:00:00,147.29,147.63,147.11,147.47,42044.87
2025-06-06 08:15:00,147.47,147.72,147.36,147.65,48092.59
2025-06-06 08:30:00,147.65,147.92,147.47,147.64,99133.17
2025-06-06 08:45:00,147.64,147.88,147.64,147.8,49057.71
2025-06-06 09:00:00,147.79,148.12,147.78,148.0,51183.91
2025-06-06 09:15:00,148.01,148.53,147.66,147.73,82507.28
2025-06-06 09:30:00,147.74,147.9,147.6,147.84,45158.69
2025-06-06 09:45:00,147.85,147.9,147.34,147.39,51503.54
2025-06-06 10:00:00,147.39,148.33,147.38,148.31,65189.37
2025-06-06 10:15:00,148.32,148.8,148.25,148.38,90336.25
2025-06-06 10:30:00,148.38,148.46,148.07,148.26,47769.54
2025-06-06 10:45:00,148.26,148.5,148.24,148.43,31444.03
2025-06-06 11:00:00,148.42,148.59,148.16,148.38,35509.55
2025-06-06 11:15:00,148.38,148.99,148.29,148.64,111197.5
2025-06-06 11:30:00,148.64,149.42,148.43,149.37,127147.77
2025-06-06 11:45:00,149.37,149.52,148.92,149.0,102261.59
2025-06-06 12:00:00,148.99,149.65,148.99,149.63,57711.01
2025-06-06 12:15:00,149.64,150.54,149.44,150.31,142897.62
2025-06-06 12:30:00,150.31,152.35,150.01,150.38,490986.29
2025-06-06 12:45:00,150.39,151.14,150.38,150.51,124672.85
2025-06-06 13:00:00,150.52,151.91,150.52,151.64,134987.09
2025-06-06 13:15:00,151.63,151.7,151.07,151.19,69552.56
2025-06-06 13:30:00,151.19,152.0,150.82,151.59,147982.65
2025-06-06 13:45:00,151.6,152.21,150.6,150.67,220085.33
2025-06-06 14:00:00,150.67,151.26,150.46,151.26,126745.45
2025-06-06 14:15:00,151.26,151.54,151.09,151.53,94750.53
2025-06-06 14:30:00,151.53,151.77,150.86,151.59,119421.45
2025-06-06 14:45:00,151.58,151.82,151.07,151.23,84659.14
2025-06-06 15:00:00,151.22,151.67,150.82,151.65,134711.59
2025-06-06 15:15:00,151.64,152.3,150.77,150.9,190795.0
2025-06-06 15:30:00,150.89,151.43,150.18,150.34,243424.58
2025-06-06 15:45:00,150.34,151.03,150.33,150.98,116110.09
2025-06-06 16:00:00,150.98,151.34,150.87,150.93,72626.58
2025-06-06 16:15:00,150.93,151.49,150.85,150.89,63844.59
2025-06-06 16:30:00,150.88,150.98,150.13,150.4,80619.53
2025-06-06 16:45:00,150.4,150.68,149.75,149.99,93722.45
2025-06-06 17:00:00,150.0,150.23,149.46,149.81,170786.65
2025-06-06 17:15:00,149.8,150.24,149.34,149.54,87996.94
2025-06-06 17:30:00,149.53,149.71,149.15,149.43,74119.86
2025-06-06 17:45:00,149.44,150.15,149.41,150.03,50620.86
2025-06-06 18:00:00,150.03,150.13,149.48,149.66,89057.81
2025-06-06 18:15:00,149.65,149.96,148.8,148.93,93304.92
2025-06-06 18:30:00,148.93,149.19,148.38,148.75,167364.42
2025-06-06 18:45:00,148.75,148.92,148.53,148.81,44497.91
2025-06-06 19:00:00,148.81,149.34,148.73,149.23,37417.42
2025-06-06 19:15:00,149.23,149.39,148.92,148.96,22048.17
2025-06-06 19:30:00,148.96,149.49,148.92,149.42,62418.42
2025-06-06 19:45:00,149.41,149.65,148.83,149.0,52934.12
2025-06-06 20:00:00,149.0,149.48,148.55,149.36,69373.5
2025-06-06 20:15:00,149.36,149.6,149.31,149.39,27953.03
2025-06-06 20:30:00,149.38,149.88,149.24,149.73,42906.75
2025-06-06 20:45:00,149.73,149.75,149.16,149.24,39997.68
2025-06-06 21:00:00,149.24,149.3,149.0,149.29,40887.97
2025-06-06 21:15:00,149.29,149.33,149.06,149.22,52606.53
2025-06-06 21:30:00,149.21,149.72,149.17,149.68,47627.12
2025-06-06 21:45:00,149.68,149.69,149.09,149.13,20167.36
2025-06-06 22:00:00,149.13,149.16,148.47,148.49,56565.4
2025-06-06 22:15:00,148.5,148.81,148.42,148.69,57106.37
2025-06-06 22:30:00,148.68,148.69,148.13,148.14,36007.86
2025-06-06 22:45:00,148.15,148.49,148.09,148.41,38439.03
2025-06-06 23:00:00,148.41,148.47,147.86,147.92,40792.28
2025-06-06 23:15:00,147.93,148.19,147.87,148.17,34140.34
2025-06-06 23:30:00,148.16,148.22,147.87,148.0,33414.32
2025-06-06 23:45:00,148.0,148.03,147.59,147.76,55372.35
2025-06-07 00:00:00,147.76,147.8,147.18,147.18,75967.05
2025-06-07 00:15:00,147.18,147.61,146.84,147.52,117794.91
2025-06-07 00:30:00,147.53,148.25,147.46,148.17,82205.81
2025-06-07 00:45:00,148.16,148.64,147.93,148.62,56797.23
2025-06-07 01:00:00,148.61,148.81,148.12,148.43,91755.03
2025-06-07 01:15:00,148.43,148.45,147.53,147.59,51533.24
2025-06-07 01:30:00,147.6,147.73,147.3,147.54,57933.27
2025-06-07 01:45:00,147.53,147.87,147.53,147.64,43713.34
2025-06-07 02:00:00,147.64,147.95,147.37,147.82,31929.43
2025-06-07 02:15:00,147.82,148.23,147.82,148.23,28825.85
2025-06-07 02:30:00,148.22,148.24,147.89,147.99,39232.19
2025-06-07 02:45:00,147.99,148.58,147.95,148.23,44063.48
2025-06-07 03:00:00,148.23,148.57,147.92,148.45,62817.99
2025-06-07 03:15:00,148.44,148.86,148.42,148.67,87124.27
2025-06-07 03:30:00,148.67,149.36,148.49,149.15,88559.91
2025-06-07 03:45:00,149.15,149.64,149.06,149.4,80378.06
2025-06-07 04:00:00,149.39,149.4,148.92,148.94,59248.73
2025-06-07 04:15:00,148.94,149.69,148.93,149.29,50662.97
2025-06-07 04:30:00,149.29,149.6,148.91,149.56,40928.82
2025-06-07 04:45:00,149.56,149.86,149.41,149.7,56563.26
2025-06-07 05:00:00,149.69,150.28,149.44,150.17,67313.2
2025-06-07 05:15:00,150.17,150.18,149.84,150.14,45013.05
2025-06-07 05:30:00,150.14,151.13,149.86,150.98,89867.8
2025-06-07 05:45:00,150.98,151.22,150.69,150.82,57276.81
2025-06-07 06:00:00,150.81,150.92,150.44,150.58,52673.32
2025-06-07 06:15:00,150.58,150.94,150.31,150.38,44283.58
2025-06-07 06:30:00,150.39,151.1,150.37,150.98,42084.87
2025-06-07 06:45:00,150.98,152.24,150.88,152.0,198177.72
2025-06-07 07:00:00,152.01,152.1,151.48,151.58,66521.51
2025-06-07 07:15:00,151.59,152.65,151.43,152.37,132361.65
2025-06-07 07:30:00,152.38,152.77,152.32,152.41,84580.2
2025-06-07 07:45:00,152.41,152.55,152.02,152.29,51850.61
2025-06-07 08:00:00,152.29,152.63,151.94,152.06,48291.7
2025-06-07 08:15:00,152.06,152.57,151.98,152.39,47134.14
2025-06-07 08:30:00,152.38,152.45,152.11,152.11,27612.21
2025-06-07 08:45:00,152.12,152.32,151.68,151.79,88734.49
2025-06-07 09:00:00,151.79,152.16,151.64,151.94,76568.35
2025-06-07 09:15:00,151.94,152.2,151.73,152.09,22729.22
2025-06-07 09:30:00,152.09,152.2,151.51,151.57,44136.15
2025-06-07 09:45:00,151.57,151.67,151.38,151.39,45209.85
2025-06-07 10:00:00,151.39,151.65,151.15,151.63,87921.62
2025-06-07 10:15:00,151.62,152.0,151.53,151.95,60051.24
2025-06-07 10:30:00,151.95,151.99,151.55,151.63,38532.91
2025-06-07 10:45:00,151.64,151.89,151.31,151.79,63799.24
2025-06-07 11:00:00,151.78,151.93,151.61,151.72,36042.42
2025-06-07 11:15:00,151.73,152.08,151.62,151.88,25781.97
2025-06-07 11:30:00,151.88,151.89,151.53,151.54,39873.81
2025-06-07 11:45:00,151.54,151.54,151.27,151.36,45664.87
2025-06-07 12:00:00,151.36,151.65,151.27,151.54,33790.6
2025-06-07 12:15:00,151.53,151.85,151.38,151.83,41079.19
2025-06-07 12:30:00,151.84,152.3,151.76,152.28,81437.89
2025-06-07 12:45:00,152.28,152.32,151.92,152.03,35282.17
2025-06-07 13:00:00,152.03,152.07,151.3,151.9,168452.57
2025-06-07 13:15:00,151.9,152.06,151.73,151.77,46625.98
2025-06-07 13:30:00,151.77,152.2,151.76,152.14,69354.82
2025-06-07 13:45:00,152.14,152.3,151.69,151.71,60251.39
2025-06-07 14:00:00,151.71,151.79,151.45,151.73,46707.57
2025-06-07 14:15:00,151.73,151.77,151.31,151.47,31455.22
2025-06-07 14:30:00,151.47,151.91,151.44,151.75,27276.67
2025-06-07 14:45:00,151.76,151.79,151.36,151.37,47130.2
2025-06-07 15:00:00,151.37,151.56,151.03,151.06,60099.85
2025-06-07 15:15:00,151.06,151.35,150.75,151.15,84040.79
2025-06-07 15:30:00,151.14,151.22,150.6,150.69,50931.27
2025-06-07 15:45:00,150.69,150.98,150.65,150.91,31265.75
2025-06-07 16:00:00,150.9,151.53,150.81,151.19,112173.16
2025-06-07 16:15:00,151.19,151.33,150.68,150.69,58521.82
2025-06-07 16:30:00,150.7,150.75,150.35,150.69,73001.09
2025-06-07 16:45:00,150.69,150.87,150.42,150.64,24456.46
2025-06-07 17:00:00,150.64,151.12,150.6,151.0,41595.23
2025-06-07 17:15:00,151.0,151.17,150.7,151.02,18671.35
2025-06-07 17:30:00,151.02,151.13,150.58,150.83,21086.1
2025-06-07 17:45:00,150.84,150.86,150.17,150.26,40120.29
2025-06-07 18:00:00,150.26,150.82,150.04,150.43,70314.22
2025-06-07 18:15:00,150.43,150.98,150.42,150.79,51883.69
2025-06-07 18:30:00,150.79,151.08,150.36,150.37,31549.9
2025-06-07 18:45:00,150.36,150.53,150.08,150.49,24226.57
2025-06-07 19:00:00,150.48,151.03,150.45,150.71,28958.95
2025-06-07 19:15:00,150.7,151.13,150.65,151.06,17225.29
2025-06-07 19:30:00,151.05,151.1,150.56,150.61,62991.59
2025-06-07 19:45:00,150.61,150.62,150.35,150.48,15896.42
2025-06-07 20:00:00,150.48,150.91,150.44,150.87,25153.33
2025-06-07 20:15:00,150.87,150.87,150.38,150.76,87012.16
2025-06-07 20:30:00,150.75,150.76,150.46,150.52,11936.82
2025-06-07 20:45:00,150.52,150.8,150.39,150.78,12387.8
2025-06-07 21:00:00,150.77,151.06,150.72,150.8,49626.62
2025-06-07 21:15:00,150.81,151.14,150.77,151.09,21854.22
2025-06-07 21:30:00,151.08,151.33,151.03,151.3,25586.69
2025-06-07 21:45:00,151.31,151.33,150.76,151.12,29328.76
2025-06-07 22:00:00,151.11,151.35,150.8,150.9,37880.99
2025-06-07 22:15:00,150.9,151.02,150.79,150.88,13230.27
2025-06-07 22:30:00,150.87,151.41,150.76,151.09,44857.85
2025-06-07 22:45:00,151.08,151.26,150.95,150.98,18006.42
2025-06-07 23:00:00,150.99,151.04,150.35,150.38,37475.41
2025-06-07 23:15:00,150.37,150.49,150.14,150.27,37269.46
2025-06-07 23:30:00,150.28,150.38,149.79,149.85,85894.3
2025-06-07 23:45:00,149.84,150.09,149.65,149.97,46594.61
2025-06-08 00:00:00,149.97,150.01,149.44,149.49,82393.24
2025-06-08 00:15:00,149.49,149.6,149.35,149.49,55842.99
2025-06-08 00:30:00,149.49,149.9,149.35,149.4,45654.41
2025-06-08 00:45:00,149.41,149.42,149.08,149.37,63743.75
2025-06-08 01:00:00,149.37,149.46,149.06,149.43,37604.4
2025-06-08 01:15:00,149.43,149.59,149.22,149.43,40848.34
2025-06-08 01:30:00,149.43,150.19,149.33,150.03,101316.08
2025-06-08 01:45:00,150.03,150.23,149.85,150.22,37768.06
2025-06-08 02:00:00,150.21,150.28,149.6,149.71,40332.08
2025-06-08 02:15:00,149.7,150.06,149.7,149.87,26510.25
2025-06-08 02:30:00,149.86,150.11,149.86,150.08,14839.72
2025-06-08 02:45:00,150.08,150.12,149.65,149.68,29491.11
2025-06-08 03:00:00,149.67,149.76,149.5,149.62,27540.58
2025-06-08 03:15:00,149.62,149.79,149.61,149.62,10064.08
2025-06-08 03:30:00,149.61,149.99,149.58,149.93,18761.2
2025-06-08 03:45:00,149.92,149.93,149.73,149.78,13712.71
2025-06-08 04:00:00,149.79,149.8,149.36,149.46,39207.15
2025-06-08 04:15:00,149.46,149.87,149.44,149.73,24296.29
2025-06-08 04:30:00,149.73,150.25,149.71,150.11,53373.06
2025-06-08 04:45:00,150.11,150.24,149.9,149.99,30114.49
2025-06-08 05:00:00,149.99,150.01,149.67,149.76,28663.31
2025-06-08 05:15:00,149.75,150.32,149.7,150.14,47294.09
2025-06-08 05:30:00,150.14,150.22,149.75,149.9,27481.5
2025-06-08 05:45:00,149.9,150.03,149.65,149.79,27833.15
2025-06-08 06:00:00,149.79,150.1,149.75,150.07,24372.41
2025-06-08 06:15:00,150.08,150.44,150.01,150.2,40644.46
2025-06-08 06:30:00,150.19,150.27,150.0,150.13,31279.9
2025-06-08 06:45:00,150.13,150.18,149.79,149.84,24792.1
2025-06-08 07:00:00,149.84,150.14,149.77,150.0,15168.57
2025-06-08 07:15:00,150.0,150.14,149.78,149.9,25585.16
2025-06-08 07:30:00,149.9,149.96,149.45,149.51,42753.84
2025-06-08 07:45:00,149.51,149.62,149.03,149.23,80762.16
2025-06-15 14:45:00,149.06,152.4,148.95,151.8,753628.19
2025-06-15 15:00:00,151.8,152.58,151.35,152.02,365680.7
2025-06-15 15:15:00,152.03,152.2,151.41,151.9,215243.62
2025-06-15 15:30:00,151.89,152.89,151.89,152.0,244248.99
2025-06-15 15:45:00,152.0,152.28,150.34,150.76,333705.76
2025-06-15 16:00:00,150.76,151.26,150.57,150.65,163238.45
2025-06-15 16:15:00,150.65,150.7,150.02,150.58,175860.67
2025-06-15 16:30:00,150.57,151.91,150.29,151.74,258558.99
2025-06-15 16:45:00,151.73,151.94,151.25,151.86,111750.32
2025-06-15 17:00:00,151.85,152.15,151.5,151.53,120913.02
2025-06-15 17:15:00,151.53,152.0,151.43,151.89,54809.53
2025-06-15 17:30:00,151.9,152.56,151.78,152.36,121475.2
2025-06-15 17:45:00,152.35,152.58,151.84,152.17,86049.31
2025-06-15 18:00:00,152.18,152.52,151.52,151.86,127781.71
2025-06-15 18:15:00,151.86,152.26,151.22,152.06,155361.61
2025-06-15 18:30:00,152.06,152.13,151.66,152.04,68180.31
2025-06-15 18:45:00,152.04,152.78,151.92,152.63,108074.35
2025-06-15 19:00:00,152.63,153.53,152.37,152.87,209408.35
2025-06-15 19:15:00,152.87,152.99,152.41,152.85,47641.95
2025-06-15 19:30:00,152.85,153.17,151.87,152.11,102071.64
2025-06-15 19:45:00,152.12,152.48,151.81,152.16,108057.72
2025-06-15 20:00:00,152.16,152.27,151.18,151.36,121068.74
2025-06-15 20:15:00,151.38,151.41,150.2,150.46,168971.92
2025-06-15 20:30:00,150.46,151.06,148.96,149.09,252421.4
2025-06-15 20:45:00,149.09,149.43,148.1,148.76,199700.31
2025-06-15 21:00:00,148.75,149.17,148.06,148.48,112642.79
2025-06-15 21:15:00,148.48,149.91,148.48,149.88,115836.33
2025-06-15 21:30:00,149.88,149.88,149.06,149.56,83873.94
2025-06-15 21:45:00,149.56,150.74,149.49,150.46,90946.03
2025-06-15 22:00:00,150.45,151.52,150.13,151.34,122863.3
2025-06-15 22:15:00,151.34,152.4,151.04,151.73,119485.85
2025-06-15 22:30:00,151.72,151.98,151.29,151.88,74613.65
2025-06-15 22:45:00,151.88,152.52,151.66,152.01,113892.73
2025-06-15 23:00:00,152.01,152.34,151.56,151.76,86325.12
2025-06-15 23:15:00,151.75,152.76,151.74,152.35,85594.82
2025-06-15 23:30:00,152.34,152.88,152.3,152.7,85126.9
2025-06-15 23:45:00,152.69,152.92,152.29,152.88,60164.91
2025-06-16 00:00:00,152.89,152.94,152.23,152.41,92046.67
2025-06-16 00:15:00,152.41,153.24,151.85,152.3,164437.46
2025-06-16 00:30:00,152.29,152.65,151.91,152.06,109949.7
2025-06-16 00:45:00,152.07,152.2,151.39,151.91,127468.78
2025-06-16 01:00:00,151.91,152.02,151.13,151.18,146927.2
2025-06-16 01:15:00,151.17,151.84,150.89,151.7,124455.01
2025-06-16 01:30:00,151.7,154.73,151.31,153.94,577178.15
2025-06-16 01:45:00,153.94,156.57,153.86,156.45,592345.3
2025-06-16 02:00:00,156.44,157.29,156.08,156.34,493501.52
2025-06-16 02:15:00,156.34,156.53,155.5,155.64,200269.08
2025-06-16 02:30:00,155.63,156.13,155.41,155.9,153079.02
2025-06-16 02:45:00,155.9,155.9,155.41,155.65,71432.22
2025-06-16 03:00:00,155.65,156.0,155.5,155.93,52809.16
2025-06-16 03:15:00,155.94,156.19,155.63,155.93,55280.01
2025-06-16 03:30:00,155.93,155.99,155.45,155.82,68776.44
2025-06-16 03:45:00,155.82,155.83,155.43,155.5,38176.28
2025-06-16 04:00:00,155.51,156.29,155.43,156.28,66469.3
2025-06-16 04:15:00,156.28,156.93,156.02,156.54,158620.91
2025-06-16 04:30:00,156.54,157.1,156.48,156.81,93113.67
2025-06-16 04:45:00,156.81,156.95,156.38,156.72,82302.19
2025-06-16 05:00:00,156.71,156.79,156.36,156.54,80929.74
2025-06-16 05:15:00,156.54,157.49,156.54,157.28,170047.78
2025-06-16 05:30:00,157.29,157.87,156.84,156.97,185944.61
2025-06-16 05:45:00,156.97,157.41,156.5,156.64,100329.93
2025-06-16 06:00:00,156.64,156.74,156.31,156.72,77142.84
2025-06-16 06:15:00,156.72,156.89,156.45,156.52,63573.16
2025-06-16 06:30:00,156.52,157.07,156.24,156.47,96783.04
2025-06-16 06:45:00,156.47,156.59,156.3,156.39,50218.68
2025-06-16 07:00:00,156.39,157.08,156.39,157.0,71438.5
2025-06-16 07:15:00,157.0,157.38,156.64,157.25,81377.11
2025-06-16 07:30:00,157.25,157.48,156.81,157.19,76541.82
2025-06-16 07:45:00,157.19,157.24,156.89,157.19,54381.43
2025-06-16 08:00:00,157.2,157.42,157.0,157.05,56107.89
2025-06-16 08:15:00,157.06,157.15,156.44,156.57,58111.11
2025-06-16 08:30:00,156.56,156.95,156.46,156.86,49172.49
2025-06-16 08:45:00,156.87,157.03,156.65,156.88,45450.19
2025-06-16 09:00:00,156.87,156.91,156.37,156.44,73425.01
2025-06-16 09:15:00,156.44,156.56,156.13,156.24,82379.8
2025-06-16 09:30:00,156.24,156.52,155.89,156.29,103224.15
2025-06-16 09:45:00,156.29,156.52,156.2,156.44,31345.8
2025-06-16 10:00:00,156.44,156.94,156.19,156.84,77243.6
2025-06-16 10:15:00,156.83,157.02,156.78,156.86,53353.42
2025-06-16 10:30:00,156.86,156.87,156.31,156.38,42807.65
2025-06-16 10:45:00,156.38,156.4,155.82,156.02,76545.5
2025-06-16 11:00:00,156.03,156.05,155.19,155.22,133278.62
2025-06-16 11:15:00,155.23,155.53,154.75,154.89,177342.74
2025-06-16 11:30:00,154.9,155.97,154.88,155.95,126161.35
2025-06-16 11:45:00,155.95,156.8,155.76,156.36,146528.55
2025-06-16 12:00:00,156.36,156.66,156.01,156.03,87538.16
2025-06-16 12:15:00,156.03,156.22,155.46,155.6,89524.12
2025-06-16 12:30:00,155.59,155.63,155.14,155.35,90791.4
2025-06-16 12:45:00,155.35,155.7,155.08,155.18,68737.03
2025-06-16 13:00:00,155.19,155.38,154.6,154.76,126539.74
2025-06-16 13:15:00,154.76,155.45,154.74,155.31,86939.19
2025-06-16 13:30:00,155.3,155.83,155.02,155.73,138719.75
2025-06-16 13:45:00,155.74,156.65,155.25,156.48,238890.87
2025-06-16 14:00:00,156.49,157.3,155.55,156.23,243556.56
2025-06-16 14:15:00,156.23,157.18,155.93,156.98,146492.94
2025-06-16 14:30:00,156.98,157.69,156.8,156.86,169255.29
2025-06-16 14:45:00,156.86,157.08,156.24,156.35,107046.93
2025-06-16 15:00:00,156.36,156.71,156.03,156.62,93003.02
2025-06-16 15:15:00,156.63,157.35,156.59,156.92,115235.2
2025-06-16 15:30:00,156.91,157.4,156.51,156.86,110515.23
2025-06-16 15:45:00,156.86,157.22,156.13,156.49,93000.13
2025-06-16 16:00:00,156.49,157.55,156.25,157.5,118132.7
2025-06-16 16:15:00,157.5,158.21,157.28,157.36,161366.19
2025-06-16 16:30:00,157.36,157.78,157.23,157.31,63866.27
2025-06-16 16:45:00,157.3,157.6,156.8,157.43,71202.16
2025-06-16 17:00:00,157.43,157.99,157.3,157.37,57661.33
2025-06-16 17:15:00,157.36,157.93,156.99,157.13,69335.01
2025-06-16 17:30:00,157.13,157.8,157.12,157.51,81924.67
2025-06-16 17:45:00,157.5,157.56,156.87,157.11,56219.47
2025-06-16 18:00:00,157.11,157.4,156.9,157.33,32392.54
2025-06-16 18:15:00,157.32,158.02,157.15,157.89,71250.38
2025-06-16 18:30:00,157.89,157.93,157.45,157.54,31322.93
2025-06-16 18:45:00,157.55,158.13,157.25,158.1,44239.01
2025-06-16 19:00:00,158.1,158.59,157.86,158.1,138764.41
2025-06-16 19:15:00,158.1,158.67,158.07,158.26,89794.9
2025-06-16 19:30:00,158.28,158.32,157.35,157.51,78129.06
2025-06-16 19:45:00,157.51,157.74,157.08,157.7,92680.31
2025-06-16 20:00:00,157.7,157.73,156.69,157.08,151008.03
2025-06-16 20:15:00,157.09,157.24,156.74,157.21,55357.41
2025-06-16 20:30:00,157.21,157.79,157.07,157.67,53463.34
2025-06-16 20:45:00,157.68,157.8,157.12,157.21,49275.3
2025-06-16 21:00:00,157.2,157.48,156.92,157.02,37260.63
2025-06-16 21:15:00,157.02,157.2,156.8,157.2,28443.06
2025-06-16 21:30:00,157.2,157.2,156.27,156.88,132779.98
2025-06-16 21:45:00,156.89,157.27,156.48,156.63,43933.27
2025-06-16 22:00:00,156.63,157.13,156.45,156.66,42907.79
2025-06-16 22:15:00,156.65,156.79,156.46,156.76,20615.65
2025-06-16 22:30:00,156.75,156.78,152.92,152.97,478364.14
2025-06-16 22:45:00,152.97,153.94,151.52,152.9,556091.36
2025-06-16 23:00:00,152.89,153.93,152.45,153.64,236689.55
2025-06-16 23:15:00,153.65,154.01,152.56,152.87,139179.77
2025-06-16 23:30:00,152.88,152.96,151.68,151.86,239460.59
2025-06-16 23:45:00,151.86,152.39,150.2,150.65,395252.12
2025-06-17 00:00:00,150.65,150.71,148.2,148.59,715892.21
2025-06-17 00:15:00,148.6,150.78,147.43,150.43,649319.48
2025-06-17 00:30:00,150.44,150.66,149.71,149.88,182916.53
2025-06-17 00:45:00,149.89,151.9,149.8,151.9,247203.99
2025-06-17 01:00:00,151.91,152.2,150.92,151.18,158459.55
2025-06-17 01:15:00,151.18,151.62,150.93,151.08,97023.25
2025-06-17 01:30:00,151.07,152.14,151.01,151.6,113686.66
2025-06-17 01:45:00,151.6,152.0,151.31,151.54,106867.25
2025-06-17 02:00:00,151.55,151.87,151.15,151.68,74802.96
2025-06-17 02:15:00,151.67,151.97,150.83,150.96,115967.59
2025-06-17 02:30:00,150.97,151.7,150.9,151.53,87889.62
2025-06-17 02:45:00,151.53,153.36,150.99,153.17,213618.87
2025-06-17 03:00:00,153.16,153.73,152.48,153.48,203559.86
2025-06-17 03:15:00,153.48,153.89,153.0,153.07,116129.54
2025-06-17 03:30:00,153.07,153.43,153.07,153.22,56901.11
2025-06-17 03:45:00,153.22,153.57,153.03,153.3,41216.76
2025-06-17 04:00:00,153.29,153.62,152.85,153.19,52764.67
2025-06-17 04:15:00,153.19,153.24,152.71,153.17,88030.96
2025-06-17 04:30:00,153.17,153.23,152.32,152.51,88831.42
2025-06-17 04:45:00,152.51,153.26,152.51,152.98,64125.29
2025-06-17 05:00:00,152.98,153.39,152.89,153.21,59014.14
2025-06-17 05:15:00,153.22,153.42,152.58,153.2,85789.56
2025-06-17 05:30:00,153.19,153.82,153.1,153.49,112635.06
2025-06-17 05:45:00,153.49,153.69,152.98,153.54,81699.26
2025-06-17 06:00:00,153.53,154.25,153.45,154.06,110094.85
2025-06-17 06:15:00,154.06,154.11,153.25,153.54,88881.22
2025-06-17 06:30:00,153.53,153.58,152.67,152.7,160449.36
2025-06-17 06:45:00,152.7,152.98,152.61,152.98,83887.21
2025-06-17 07:00:00,152.99,153.29,152.72,152.76,62585.52
2025-06-17 07:15:00,152.76,153.06,152.44,152.57,99672.38
2025-06-17 07:30:00,152.56,153.22,152.56,152.75,103512.65
2025-06-17 07:45:00,152.75,153.09,152.41,152.61,112348.89
2025-06-17 08:00:00,152.6,152.83,152.35,152.66,74973.01
2025-06-17 08:15:00,152.66,152.66,151.93,152.39,111544.71
2025-06-17 08:30:00,152.39,152.39,151.58,151.77,120028.71
2025-06-17 08:45:00,151.76,152.0,151.4,151.51,145497.83
2025-06-17 09:00:00,151.52,151.83,151.08,151.37,155806.95
2025-06-17 09:15:00,151.37,151.95,151.37,151.48,93181.79
2025-06-17 09:30:00,151.47,151.76,150.96,151.42,113922.03
2025-06-17 09:45:00,151.42,151.76,151.19,151.47,52375.25
2025-06-17 10:00:00,151.47,151.48,150.85,150.93,102374.04
2025-06-17 10:15:00,150.93,151.27,150.62,151.14,73601.04
2025-06-17 10:30:00,151.14,151.22,150.24,150.45,124029.94
2025-06-17 10:45:00,150.45,151.22,150.45,151.15,112662.12
2025-06-17 11:00:00,151.15,151.15,150.55,150.6,47286.46
2025-06-17 11:15:00,150.6,150.75,150.26,150.52,94452.95
2025-06-17 11:30:00,150.52,150.92,150.3,150.3,81758.68
2025-06-17 11:45:00,150.31,150.6,150.13,150.5,76405.28
2025-06-17 12:00:00,150.5,151.37,150.19,151.21,225468.63
2025-06-17 12:15:00,151.21,151.21,150.49,150.66,105914.44
2025-06-17 12:30:00,150.67,151.0,150.27,150.81,104552.76
2025-06-17 12:45:00,150.81,150.81,149.39,149.6,177712.73
2025-06-17 13:00:00,149.6,149.85,149.23,149.51,117772.42
2025-06-17 13:15:00,149.5,150.12,149.32,150.03,104032.66
2025-06-17 13:30:00,150.03,150.46,149.05,149.15,223976.59
2025-06-17 13:45:00,149.16,149.82,149.13,149.54,146203.31
2025-06-17 14:00:00,149.54,150.7,149.15,150.63,175212.31
2025-06-17 14:15:00,150.63,150.79,149.87,150.13,174338.27
2025-06-17 14:30:00,150.13,150.43,149.43,149.68,115325.17
2025-06-17 14:45:00,149.68,150.02,148.61,148.77,175161.81
2025-06-17 15:00:00,148.77,148.97,148.03,148.58,357240.68
2025-06-17 15:15:00,148.57,148.57,147.1,147.43,353787.52
2025-06-17 15:30:00,147.44,147.93,146.45,147.65,374861.2
2025-06-17 15:45:00,147.65,147.73,147.03,147.58,161041.63
2025-06-17 16:00:00,147.57,147.78,147.2,147.47,158444.86
2025-06-17 16:15:00,147.48,147.53,146.75,147.07,147688.46
2025-06-17 16:30:00,147.07,147.98,146.64,146.9,162665.94
2025-06-17 16:45:00,146.89,147.1,145.92,145.97,370792.2
2025-06-17 17:00:00,145.97,146.62,145.52,145.78,256854.46
2025-06-17 17:15:00,145.77,146.93,145.73,146.89,166248.64
2025-06-17 17:30:00,146.89,147.27,146.43,146.57,179026.88
2025-06-17 17:45:00,146.57,146.65,145.97,146.23,80755.54
2025-06-17 18:00:00,146.22,146.76,146.0,146.42,88252.17
2025-06-17 18:15:00,146.42,146.42,145.56,145.75,85288.19
2025-06-17 18:30:00,145.75,146.74,145.74,146.71,69982.98
2025-06-17 18:45:00,146.7,148.09,146.68,148.05,130379.64
2025-06-17 19:00:00,148.06,148.96,147.72,148.53,306617.62
2025-06-17 19:15:00,148.52,149.98,148.47,149.4,257914.02
2025-06-17 19:30:00,149.4,149.91,149.03,149.28,125547.88
2025-06-17 19:45:00,149.28,150.34,148.57,148.83,249360.13
2025-06-17 20:00:00,148.82,149.09,148.49,148.72,117954.7
2025-06-17 20:15:00,148.71,149.22,148.04,148.85,109901.25
2025-06-17 20:30:00,148.84,149.06,148.51,148.76,49364.29
2025-06-17 20:45:00,148.76,148.85,148.36,148.61,75837.5
2025-06-17 21:00:00,148.61,148.94,147.07,147.48,421429.9
2025-06-17 21:15:00,147.48,147.84,146.59,147.75,128128.91
2025-06-17 21:30:00,147.74,148.49,147.74,148.34,171435.35
2025-06-17 21:45:00,148.34,148.36,147.33,147.72,57094.02
2025-06-17 22:00:00,147.74,147.85,147.01,147.81,41310.57
2025-06-17 22:15:00,147.81,147.86,147.27,147.34,30318.37
2025-06-17 22:30:00,147.33,147.42,146.82,146.99,43310.01
2025-06-17 22:45:00,147.0,147.49,146.21,146.39,82406.93
2025-06-17 23:00:00,146.39,147.22,146.31,147.03,40569.01
2025-06-17 23:15:00,147.02,147.78,147.02,147.74,44551.15
2025-06-17 23:30:00,147.73,148.25,147.69,148.1,71258.64
2025-06-17 23:45:00,148.09,148.29,147.41,147.52,75409.77
2025-06-18 00:00:00,147.52,148.03,147.42,147.5,68908.8
2025-06-18 00:15:00,147.5,147.75,146.6,146.6,103478.48
2025-06-18 00:30:00,146.6,148.01,146.49,147.91,147167.54
2025-06-18 00:45:00,147.91,148.19,147.2,148.18,99530.74
2025-06-18 01:00:00,148.18,149.0,148.02,148.48,158432.75
2025-06-18 01:15:00,148.49,149.04,148.02,148.05,113012.5
2025-06-18 01:30:00,148.06,148.39,147.9,147.97,65884.6
2025-06-18 01:45:00,147.98,147.99,147.45,147.51,65344.34
2025-06-18 02:00:00,147.51,147.84,147.28,147.54,76716.7
2025-06-18 02:15:00,147.53,148.11,147.12,148.04,69781.52
2025-06-18 02:30:00,148.03,148.11,147.53,147.55,26604.4
2025-06-18 02:45:00,147.56,147.95,147.5,147.51,31511.97
2025-06-18 03:00:00,147.51,147.84,147.32,147.75,37613.63
2025-06-18 03:15:00,147.75,148.07,147.61,147.85,52586.88
2025-06-18 03:30:00,147.84,148.46,147.84,148.44,45097.2
2025-06-18 03:45:00,148.44,148.48,148.15,148.29,40683.07
2025-06-18 04:00:00,148.29,148.75,148.1,148.73,53735.44
2025-06-18 04:15:00,148.73,148.86,148.23,148.46,47712.42
2025-06-18 04:30:00,148.47,148.84,148.36,148.78,34028.53
2025-06-18 04:45:00,148.77,149.18,148.55,148.69,158284.39
2025-06-18 05:00:00,148.7,148.81,148.39,148.45,89484.63
2025-06-18 05:15:00,148.45,148.8,148.4,148.6,43087.91
2025-06-18 05:30:00,148.61,149.0,148.53,148.71,49864.01
2025-06-18 05:45:00,148.71,148.72,148.13,148.21,85555.44
2025-06-18 06:00:00,148.21,148.25,147.57,147.73,163228.85
2025-06-18 06:15:00,147.73,148.04,147.49,147.62,56291.69
2025-06-18 06:30:00,147.61,147.73,147.12,147.19,86876.31
2025-06-18 06:45:00,147.2,147.32,146.81,147.13,97605.92
2025-06-18 07:00:00,147.13,147.43,146.94,147.06,117976.67
2025-06-18 07:15:00,147.05,147.47,146.92,147.23,41496.24
2025-06-18 07:30:00,147.23,147.72,147.07,147.56,37634.76
2025-06-18 07:45:00,147.56,147.91,147.41,147.9,46982.56
2025-06-18 08:00:00,147.91,148.44,147.78,148.12,98945.41
2025-06-18 08:15:00,148.12,148.17,147.6,147.61,52710.03
2025-06-18 08:30:00,147.61,147.69,147.02,147.18,85340.16
2025-06-18 08:45:00,147.19,147.69,147.18,147.59,76700.38
2025-06-18 09:00:00,147.59,148.1,147.59,147.99,62129.41
2025-06-18 09:15:00,147.99,148.28,147.84,147.89,51388.13
2025-06-18 09:30:00,147.89,147.93,147.3,147.46,58802.08
2025-06-18 09:45:00,147.46,147.55,147.11,147.36,79494.86
2025-06-18 10:00:00,147.36,147.48,146.92,147.09,75904.88
2025-06-18 10:15:00,147.08,147.42,146.46,146.57,190285.76
2025-06-18 10:30:00,146.57,146.81,146.13,146.39,249216.5
2025-06-18 10:45:00,146.4,146.58,145.26,145.64,229375.65
2025-06-18 11:00:00,145.65,146.23,145.42,146.18,136487.01
2025-06-18 11:15:00,146.18,146.23,145.79,146.2,51411.38
2025-06-18 11:30:00,146.19,146.45,145.61,146.39,65054.12
2025-06-18 11:45:00,146.39,146.75,146.21,146.43,186363.5
2025-06-18 12:00:00,146.42,146.54,146.12,146.33,112113.91
2025-06-18 12:15:00,146.33,146.33,145.55,145.96,163781.4
2025-06-18 12:30:00,145.96,146.13,145.3,145.43,107029.72
2025-06-18 12:45:00,145.44,145.66,144.87,145.12,163048.7
2025-06-18 13:00:00,145.12,145.33,144.62,144.78,191195.01
2025-06-18 13:15:00,144.77,144.92,143.74,143.93,318773.29
2025-06-18 13:30:00,143.94,145.19,143.74,144.78,263031.46
2025-06-18 13:45:00,144.78,145.43,144.15,145.24,143726.81
2025-06-18 14:00:00,145.23,146.52,144.57,146.25,376786.08
2025-06-18 14:15:00,146.25,146.71,145.9,146.4,179526.54
2025-06-18 14:30:00,146.41,146.66,145.92,146.34,101553.42
2025-06-18 14:45:00,146.34,146.38,144.78,145.22,168511.76
2025-06-18 15:00:00,145.21,145.89,144.89,145.02,121915.4
2025-06-18 15:15:00,145.01,145.71,144.57,145.51,103144.36
2025-06-18 15:30:00,145.51,145.97,145.27,145.58,61338.57
2025-06-18 15:45:00,145.59,146.06,145.45,145.67,46812.17
2025-06-18 16:00:00,145.68,145.68,144.95,145.18,76510.83
2025-06-18 16:15:00,145.19,145.19,144.35,144.54,81112.17
2025-06-18 16:30:00,144.53,145.12,144.44,144.93,55269.69
2025-06-18 16:45:00,144.93,145.0,144.39,144.77,41245.5
2025-06-18 17:00:00,144.76,144.76,143.87,144.28,108642.51
2025-06-18 17:15:00,144.29,145.06,144.16,144.46,91374.63
2025-06-18 17:30:00,144.46,145.56,143.84,145.34,157724.9
2025-06-26 00:30:00,143.82,144.11,143.54,143.9,37154.19
2025-06-26 00:45:00,143.9,144.29,143.85,144.11,46374.05
2025-06-26 01:00:00,144.1,144.16,143.84,144.13,34102.84
2025-06-26 01:15:00,144.12,144.9,143.61,144.82,106360.05
2025-06-26 01:30:00,144.81,146.15,144.37,145.26,261309.98
2025-06-26 01:45:00,145.25,145.48,144.98,145.24,54849.05
2025-06-26 02:00:00,145.24,146.27,145.24,145.83,151689.63
2025-06-26 02:15:00,145.83,145.92,145.44,145.45,58602.74
2025-06-26 02:30:00,145.45,145.49,145.1,145.2,59904.66
2025-06-26 02:45:00,145.21,146.44,144.85,146.17,193407.34
2025-06-26 03:00:00,146.17,147.98,146.13,146.77,370281.97
2025-06-26 03:15:00,146.76,147.22,146.27,146.31,120836.68
2025-06-26 03:30:00,146.31,146.58,145.86,145.96,80634.08
2025-06-26 03:45:00,145.96,146.25,145.61,145.85,60694.38
2025-06-26 04:00:00,145.86,146.02,145.44,145.54,52993.34
2025-06-26 04:15:00,145.54,145.64,145.15,145.31,65178.55
2025-06-26 04:30:00,145.31,145.8,145.08,145.24,59981.48
2025-06-26 04:45:00,145.25,145.4,144.85,145.34,83362.68
2025-06-26 05:00:00,145.33,145.63,145.01,145.36,41256.02
2025-06-26 05:15:00,145.35,145.36,144.54,144.7,95190.51
2025-06-26 05:30:00,144.71,144.86,144.09,144.17,108588.23
2025-06-26 05:45:00,144.16,144.44,143.92,144.4,58266.59
2025-06-26 06:00:00,144.41,144.88,144.11,144.74,110982.07
2025-06-26 06:15:00,144.74,144.95,144.41,144.74,41208.98
2025-06-26 06:30:00,144.74,145.08,144.66,144.82,34972.43
2025-06-26 06:45:00,144.82,144.98,144.43,144.77,41450.26
2025-06-26 07:00:00,144.76,145.17,144.66,145.1,49520.25
2025-06-26 07:15:00,145.09,145.75,145.02,145.43,95560.23
2025-06-26 07:30:00,145.42,145.78,145.31,145.65,45104.6
2025-06-26 07:45:00,145.64,145.84,145.01,145.07,93903.89
2025-06-26 08:00:00,145.07,145.66,145.05,145.66,60501.98
2025-06-26 08:15:00,145.66,145.76,145.16,145.23,45743.69
2025-06-26 08:30:00,145.22,145.26,144.78,144.83,51742.8
2025-06-26 08:45:00,144.83,144.87,144.6,144.79,32615.18
2025-06-26 09:00:00,144.8,145.08,143.85,144.04,156372.03
2025-06-26 09:15:00,144.03,144.4,143.85,143.95,75299.74
2025-06-26 09:30:00,143.95,144.04,143.52,143.91,75658.76
2025-06-26 09:45:00,143.92,143.96,143.63,143.74,44817.01
2025-06-26 10:00:00,143.73,144.14,143.35,143.95,75302.7
2025-06-26 10:15:00,143.95,144.04,143.7,143.83,34921.92
2025-06-26 10:30:00,143.83,143.89,143.42,143.46,36221.76
2025-06-26 10:45:00,143.47,143.58,143.08,143.44,69165.85
2025-06-26 11:00:00,143.44,143.67,143.35,143.5,34203.52
2025-06-26 11:15:00,143.49,143.52,143.03,143.29,42179.18
2025-06-26 11:30:00,143.29,143.57,143.28,143.35,29571.48
2025-06-26 11:45:00,143.36,143.89,143.3,143.56,52226.98
2025-06-26 12:00:00,143.55,143.89,143.24,143.38,69637.81
2025-06-26 12:15:00,143.38,143.6,142.81,143.25,125863.41
2025-06-26 12:30:00,143.25,143.61,143.0,143.5,75799.37
2025-06-26 12:45:00,143.5,143.53,142.65,142.91,110582.1
2025-06-26 13:00:00,142.91,143.17,142.44,142.62,95395.08
2025-06-26 13:15:00,142.63,142.89,142.44,142.73,103624.44
2025-06-26 13:30:00,142.74,143.15,142.25,142.96,140851.74
2025-06-26 13:45:00,142.96,143.12,141.28,141.72,259122.69
2025-06-26 14:00:00,141.72,142.43,141.41,142.03,136821.54
2025-06-26 14:15:00,142.03,142.71,141.87,142.59,102356.33
2025-06-26 14:30:00,142.59,143.48,142.53,143.26,150629.15
2025-06-26 14:45:00,143.25,143.68,142.8,143.04,102127.27
2025-06-26 15:00:00,143.05,143.5,142.95,143.06,85023.7
2025-06-26 15:15:00,143.06,143.48,142.04,142.16,107584.34
2025-06-26 15:30:00,142.16,142.66,141.46,142.32,250951.21
2025-06-26 15:45:00,142.32,142.99,142.31,142.9,111654.21
2025-06-26 16:00:00,142.9,143.21,142.23,142.44,121407.76
2025-06-26 16:15:00,142.43,142.7,142.06,142.57,72072.02
2025-06-26 16:30:00,142.56,142.78,142.32,142.51,36102.6
2025-06-26 16:45:00,142.51,142.55,142.03,142.25,35728.91
2025-06-26 17:00:00,142.26,142.99,141.71,141.79,90885.8
2025-06-26 17:15:00,141.79,142.26,141.72,142.13,102792.16
2025-06-26 17:30:00,142.13,142.2,141.9,142.1,33916.74
2025-06-26 17:45:00,142.1,142.39,141.47,141.63,55500.2
2025-06-26 18:00:00,141.64,142.45,141.37,142.28,108797.44
2025-06-26 18:15:00,142.29,142.4,141.31,141.62,125420.71
2025-06-26 18:30:00,141.61,141.71,140.84,141.45,165388.43
2025-06-26 18:45:00,141.45,141.61,141.06,141.45,76094.0
2025-06-26 19:00:00,141.45,141.83,141.12,141.54,75175.98
2025-06-26 19:15:00,141.55,142.18,141.49,141.81,66618.03
2025-06-26 19:30:00,141.81,142.44,141.77,142.4,30406.37
2025-06-26 19:45:00,142.39,142.56,142.12,142.19,61653.33
2025-06-26 20:00:00,142.18,142.74,141.92,142.51,84280.81
2025-06-26 20:15:00,142.52,142.66,142.24,142.5,42251.6
2025-06-26 20:30:00,142.5,143.88,142.45,143.8,131373.87
2025-06-26 20:45:00,143.8,143.88,142.59,142.9,131913.15
2025-06-26 21:00:00,142.89,143.17,141.26,141.46,173137.22
2025-06-26 21:15:00,141.46,141.66,140.5,141.18,162131.73
2025-06-26 21:30:00,141.17,141.3,139.28,140.04,331292.29
2025-06-26 21:45:00,140.04,140.66,139.74,140.32,104061.96
2025-06-26 22:00:00,140.33,140.85,139.8,139.84,125095.77
2025-06-26 22:15:00,139.85,140.2,139.47,139.95,99317.05
2025-06-26 22:30:00,139.96,139.97,139.12,139.21,92670.75
2025-06-26 22:45:00,139.22,139.54,138.85,138.97,80110.08
2025-06-26 23:00:00,138.98,139.17,138.57,138.59,119974.3
2025-06-26 23:15:00,138.59,139.28,138.59,139.09,89333.16
2025-06-26 23:30:00,139.08,139.13,138.7,138.89,44250.65
2025-06-26 23:45:00,138.89,139.12,138.69,139.0,65870.39
2025-06-27 00:00:00,138.99,139.26,138.84,138.95,73588.26
2025-06-27 00:15:00,138.95,139.23,138.82,139.0,31684.21
2025-06-27 00:30:00,139.01,139.1,138.18,138.32,115576.22
2025-06-27 00:45:00,138.33,138.47,137.79,137.8,132277.55
2025-06-27 01:00:00,137.8,138.98,137.1,138.78,315668.02
2025-06-27 01:15:00,138.78,139.49,138.46,139.2,171503.69
2025-06-27 01:30:00,139.2,139.76,138.96,139.64,81296.54
2025-06-27 01:45:00,139.63,139.81,139.34,139.37,60140.4
2025-06-27 02:00:00,139.38,139.9,139.15,139.9,60363.81
2025-06-27 02:15:00,139.9,140.15,139.83,140.01,65056.11
2025-06-27 02:30:00,140.01,140.59,139.94,140.43,97457.82
2025-06-27 02:45:00,140.42,140.97,140.37,140.81,103534.14
2025-06-27 03:00:00,140.81,141.21,140.64,140.66,90101.61
2025-06-27 03:15:00,140.67,141.34,140.67,141.34,66494.11
2025-06-27 03:30:00,141.34,141.52,141.18,141.38,57669.87
2025-06-27 03:45:00,141.39,141.45,141.24,141.27,48674.19
2025-06-27 04:00:00,141.28,141.29,140.77,141.04,91785.34
2025-06-27 04:15:00,141.04,141.35,140.66,140.96,136758.3
2025-06-27 04:30:00,140.96,141.41,140.96,141.29,48901.27
2025-06-27 04:45:00,141.29,141.49,141.21,141.25,40549.6
2025-06-27 05:00:00,141.26,142.06,141.12,141.53,90173.31
2025-06-27 05:15:00,141.54,141.57,140.8,140.85,83694.02
2025-06-27 05:30:00,140.86,141.0,140.55,140.63,68336.19
2025-06-27 05:45:00,140.63,140.84,140.43,140.6,52908.49
2025-06-27 06:00:00,140.6,140.77,140.22,140.74,73634.74
2025-06-27 06:15:00,140.74,141.03,140.53,140.73,61216.35
2025-06-27 06:30:00,140.73,141.25,140.55,141.16,44260.63
2025-06-27 06:45:00,141.17,141.34,140.93,141.2,46117.49
2025-06-27 07:00:00,141.19,141.75,141.1,141.7,60962.3
2025-06-27 07:15:00,141.7,142.14,141.28,141.37,158328.43
2025-06-27 07:30:00,141.37,141.42,140.51,140.57,175634.72
2025-06-27 07:45:00,140.58,140.71,140.12,140.25,95086.25
2025-06-27 08:00:00,140.25,140.79,140.25,140.76,80390.03
2025-06-27 08:15:00,140.76,141.35,140.6,140.94,85032.7
2025-06-27 08:30:00,140.95,141.75,140.93,141.64,73189.27
2025-06-27 08:45:00,141.64,142.74,141.64,142.14,286117.94
2025-06-27 09:00:00,142.15,142.25,141.46,141.72,132357.7
2025-06-27 09:15:00,141.72,142.22,141.52,141.65,59729.93
2025-06-27 09:30:00,141.66,142.15,141.66,141.9,45966.52
2025-06-27 09:45:00,141.89,142.16,141.73,142.0,46082.73
2025-06-27 10:00:00,141.99,142.07,141.54,141.6,54250.62
2025-06-27 10:15:00,141.61,141.84,141.44,141.79,34664.75
2025-06-27 10:30:00,141.8,142.05,141.7,141.91,32166.78
2025-06-27 10:45:00,141.92,142.16,141.79,141.81,38567.97
2025-06-27 11:00:00,141.81,142.16,141.78,142.04,46100.12
2025-06-27 11:15:00,142.04,142.26,141.5,141.54,68038.61
2025-06-27 11:30:00,141.55,141.96,141.55,141.96,32745.74
2025-06-27 11:45:00,141.95,142.11,141.75,142.07,26785.76
2025-06-27 12:00:00,142.06,142.25,141.91,142.23,46179.95
2025-06-27 12:15:00,142.22,142.72,142.12,142.44,77215.95
2025-06-27 12:30:00,142.45,142.5,141.48,141.65,126731.82
2025-06-27 12:45:00,141.65,141.89,141.06,141.27,133976.35
2025-06-27 13:00:00,141.26,142.16,141.07,142.08,120493.84
2025-06-27 13:15:00,142.08,142.23,141.57,141.67,65716.56
2025-06-27 13:30:00,141.66,142.54,141.53,142.11,147619.36
2025-06-27 13:45:00,142.12,142.92,141.35,142.68,180345.87
2025-06-27 14:00:00,142.69,143.41,142.26,142.3,277601.15
2025-06-27 14:15:00,142.3,142.47,141.66,141.82,132164.75
2025-06-27 14:30:00,141.83,142.19,141.25,141.97,114100.3
2025-06-27 14:45:00,141.98,142.32,141.55,141.8,104074.81
2025-06-27 15:00:00,141.8,142.24,141.52,142.12,54199.15
2025-06-27 15:15:00,142.13,142.61,141.8,142.54,54529.15
2025-06-27 15:30:00,142.54,143.35,142.34,143.27,107433.46
2025-06-27 15:45:00,143.28,143.78,142.82,143.39,176087.33
2025-06-27 16:00:00,143.39,143.69,143.02,143.09,107045.91
2025-06-27 16:15:00,143.1,143.66,143.01,143.44,100330.62
2025-06-27 16:30:00,143.44,144.81,143.42,143.77,299228.34
2025-06-27 16:45:00,143.77,144.09,143.57,143.64,104167.79
2025-06-27 17:00:00,143.63,143.78,142.61,142.67,134436.83
2025-06-27 17:15:00,142.68,142.96,142.17,142.25,96657.7
2025-06-27 17:30:00,142.26,142.33,141.41,141.46,118081.12
2025-06-27 17:45:00,141.46,141.56,140.71,141.46,228228.37
2025-06-27 18:00:00,141.46,141.66,141.18,141.3,72117.9
2025-06-27 18:15:00,141.3,141.47,140.71,140.81,72543.97
2025-06-27 18:30:00,140.82,141.13,140.24,140.44,90071.45
2025-06-27 18:45:00,140.44,140.74,140.02,140.56,68118.39
2025-06-27 19:00:00,140.56,141.4,140.41,141.07,76467.12
2025-06-27 19:15:00,141.07,141.33,140.79,140.98,55623.04
2025-06-27 19:30:00,140.97,141.35,140.66,141.27,57277.98
2025-06-27 19:45:00,141.27,141.98,141.22,141.7,85632.04
2025-06-27 20:00:00,141.7,142.58,141.55,142.13,103730.84
2025-06-27 20:15:00,142.12,142.38,141.98,142.17,63786.54
2025-06-27 20:30:00,142.18,142.56,142.1,142.43,27342.24
2025-06-27 20:45:00,142.43,142.8,142.37,142.78,41534.39
2025-06-27 21:00:00,142.79,142.83,142.45,142.63,38576.31
2025-06-27 21:15:00,142.64,143.09,142.28,143.09,53230.45
2025-06-27 21:30:00,143.08,143.3,142.46,142.58,48085.02
2025-06-27 21:45:00,142.59,143.2,142.43,142.5,30017.22
2025-06-27 22:00:00,142.5,142.86,142.5,142.6,23489.73
2025-06-27 22:15:00,142.61,142.97,142.57,142.81,16723.22
2025-06-27 22:30:00,142.82,142.85,142.5,142.63,36413.36
2025-06-27 22:45:00,142.63,142.75,142.53,142.59,12909.93
2025-06-27 23:00:00,142.59,142.59,142.27,142.35,27996.17
2025-06-27 23:15:00,142.36,142.38,141.82,141.89,45713.51
2025-06-27 23:30:00,141.89,142.14,141.84,141.97,42874.97
2025-06-27 23:45:00,141.96,142.14,141.91,142.03,14344.88
2025-06-28 00:00:00,142.03,142.06,141.38,141.43,101446.4
2025-06-28 00:15:00,141.43,142.03,141.41,142.02,77303.97
2025-06-28 00:30:00,142.02,142.4,141.88,141.94,41987.87
2025-06-28 00:45:00,141.94,142.21,141.67,141.68,28586.56
2025-06-28 01:00:00,141.67,141.9,141.53,141.56,23020.26
2025-06-28 01:15:00,141.56,141.6,141.07,141.41,61033.82
2025-06-28 01:30:00,141.4,141.95,141.06,141.87,60393.19
2025-06-28 01:45:00,141.87,142.59,141.83,142.5,96286.15
2025-06-28 02:00:00,142.5,143.09,142.43,142.62,84471.63
2025-06-28 02:15:00,142.61,143.26,142.61,143.14,50331.64
2025-06-28 02:30:00,143.14,143.34,143.01,143.27,60863.39
2025-06-28 02:45:00,143.26,143.28,142.9,142.93,39711.29
2025-06-28 03:00:00,142.94,143.05,142.76,142.88,27437.15
2025-06-28 03:15:00,142.88,143.47,142.87,143.17,45092.83
2025-06-28 03:30:00,143.16,143.3,143.08,143.28,16502.98
2025-06-28 03:45:00,143.28,143.46,143.18,143.32,39833.58
2025-06-28 04:00:00,143.33,143.37,143.0,143.11,30239.51
2025-06-28 04:15:00,143.1,143.26,143.01,143.22,18870.79
2025-06-28 04:30:00,143.21,143.3,143.11,143.29,14229.6
2025-06-28 04:45:00,143.28,143.3,143.07,143.15,7696.44
2025-06-28 05:00:00,143.15,143.6,143.15,143.54,57563.82
2025-06-28 05:15:00,143.54,143.66,143.36,143.39,30642.56
2025-06-28 05:30:00,143.4,143.86,143.4,143.8,62212.26
2025-06-28 05:45:00,143.8,144.06,143.68,143.8,56756.71
2025-06-28 06:00:00,143.81,144.36,143.7,144.28,97741.45
2025-06-28 06:15:00,144.28,144.35,144.05,144.19,30996.69
2025-06-28 06:30:00,144.19,144.46,144.04,144.38,42197.61
2025-06-28 06:45:00,144.38,144.74,144.25,144.74,93864.34
2025-06-28 07:00:00,144.74,144.87,144.48,144.72,66482.15
2025-06-28 07:15:00,144.72,145.33,144.59,145.16,133160.34
2025-06-28 07:30:00,145.16,145.66,145.16,145.54,119948.68
2025-06-28 07:45:00,145.54,146.74,145.53,146.47,254301.3
2025-06-28 08:00:00,146.48,147.18,146.25,146.7,259071.31
2025-06-28 08:15:00,146.69,146.8,146.13,146.44,196124.74
2025-06-28 08:30:00,146.43,146.67,146.2,146.29,78015.75
2025-06-28 08:45:00,146.28,146.37,146.08,146.3,73438.38
2025-06-28 09:00:00,146.3,146.42,145.76,145.77,96840.06
2025-06-28 09:15:00,145.78,146.03,145.54,145.84,75952.71
2025-06-28 09:30:00,145.84,147.05,145.82,146.66,154030.93
2025-06-28 09:45:00,146.66,147.47,146.64,147.1,163971.28
2025-06-28 10:00:00,147.1,147.35,146.96,147.11,66632.7
2025-06-28 10:15:00,147.1,147.4,146.96,147.24,52399.12
2025-06-28 10:30:00,147.25,147.35,146.82,146.86,55147.56
2025-06-28 10:45:00,146.86,146.97,146.68,146.86,48842.06
2025-06-28 11:00:00,146.86,147.14,146.84,147.1,40751.24
2025-06-28 11:15:00,147.09,147.42,147.0,147.26,67000.49
2025-06-28 11:30:00,147.25,147.33,147.06,147.24,37000.96
2025-06-28 11:45:00,147.25,147.36,146.99,147.02,28882.3
2025-06-28 12:00:00,147.03,147.23,146.97,147.02,48311.94
2025-06-28 12:15:00,147.02,147.04,146.59,146.62,57201.81
2025-06-28 12:30:00,146.62,146.89,146.52,146.55,38527.21
2025-06-28 12:45:00,146.54,146.83,146.28,146.34,57715.48
2025-06-28 13:00:00,146.34,146.74,146.33,146.55,40837.32
2025-06-28 13:15:00,146.55,146.6,145.91,146.0,71897.51
2025-06-28 13:30:00,145.99,146.22,145.78,146.19,93800.3
2025-06-28 13:45:00,146.19,146.28,145.93,146.04,32957.19
2025-06-28 14:00:00,146.04,146.49,146.02,146.32,71111.85
2025-06-28 14:15:00,146.31,147.04,146.3,146.79,96071.78
2025-06-28 14:30:00,146.78,147.04,146.56,146.79,88231.42
2025-06-28 14:45:00,146.78,146.88,146.58,146.76,41918.06
2025-06-28 15:00:00,146.76,147.24,146.76,146.86,82975.54
2025-06-28 15:15:00,146.86,147.03,146.64,146.76,59154.53
2025-06-28 15:30:00,146.75,147.74,146.75,147.39,99377.97
2025-06-28 15:45:00,147.39,148.71,147.0,148.07,342710.96
2025-06-28 16:00:00,148.08,149.87,147.99,149.13,493401.89
2025-06-28 16:15:00,149.13,149.62,148.65,149.28,206389.58
2025-06-28 16:30:00,149.28,149.68,148.94,149.29,126093.39
2025-06-28 16:45:00,149.29,149.36,148.9,149.07,54700.58
2025-06-28 17:00:00,149.06,149.69,149.01,149.63,82141.51
2025-06-28 17:15:00,149.63,149.96,149.28,149.52,86978.71
2025-06-28 17:30:00,149.52,150.87,149.27,150.5,285613.73
2025-06-28 17:45:00,150.5,152.67,150.4,152.06,485223.55
2025-06-28 18:00:00,152.06,152.2,150.88,151.08,287928.17
2025-06-28 18:15:00,151.08,151.26,150.44,150.61,105630.72
2025-06-28 18:30:00,150.61,150.87,150.4,150.5,64231.17
2025-06-28 18:45:00,150.51,151.24,150.31,151.18,90619.58
2025-06-28 19:00:00,151.18,151.2,150.78,150.84,51572.7
2025-06-28 19:15:00,150.85,151.49,150.82,151.28,69344.85
2025-06-28 19:30:00,151.27,151.28,150.82,150.97,54399.44
2025-06-28 19:45:00,150.97,151.17,150.57,150.58,45897.35
2025-06-28 20:00:00,150.58,150.85,150.26,150.3,45727.87
2025-06-28 20:15:00,150.31,150.44,150.04,150.31,51645.42
2025-06-28 20:30:00,150.3,150.56,150.14,150.2,38025.31
2025-06-28 20:45:00,150.19,150.38,149.95,150.0,42693.22
2025-06-28 21:00:00,149.99,150.34,149.96,150.12,42590.36
2025-06-28 21:15:00,150.12,150.56,150.08,150.49,19133.07
2025-06-28 21:30:00,150.49,150.78,150.34,150.43,29120.4
2025-06-28 21:45:00,150.42,151.15,150.19,150.98,72608.52
2025-06-28 22:00:00,150.97,151.05,150.68,150.69,37017.17
2025-06-28 22:15:00,150.68,150.91,150.68,150.82,18217.07
2025-06-28 22:30:00,150.83,151.28,150.74,151.25,33060.13
2025-06-28 22:45:00,151.25,151.28,150.63,150.73,40949.61
2025-06-28 23:00:00,150.73,151.22,150.73,150.95,24378.79
2025-06-28 23:15:00,150.94,151.13,150.65,150.69,16425.93
2025-06-28 23:30:00,150.69,150.79,150.51,150.55,23475.1
2025-06-28 23:45:00,150.56,150.84,150.47,150.64,35139.74
2025-06-29 00:00:00,150.64,150.84,150.27,150.48,113952.81
2025-06-29 00:15:00,150.49,151.03,150.2,150.79,53726.17
2025-06-29 00:30:00,150.79,151.0,150.21,150.37,38555.22
2025-06-29 00:45:00,150.37,150.73,150.36,150.57,44412.74
2025-06-29 01:00:00,150.57,150.6,150.25,150.37,26224.03
2025-06-29 01:15:00,150.36,150.82,150.34,150.55,27143.64
2025-06-29 01:30:00,150.54,150.74,150.3,150.33,25482.26
2025-06-29 01:45:00,150.33,150.45,150.14,150.18,34321.94
2025-06-29 02:00:00,150.19,150.26,149.53,149.68,120988.78
2025-06-29 02:15:00,149.68,149.7,149.39,149.46,82211.16
2025-06-29 02:30:00,149.45,149.92,149.35,149.77,68044.53
2025-06-29 02:45:00,149.77,149.84,149.6,149.8,30367.08
2025-06-29 03:00:00,149.8,149.97,149.61,149.78,33700.74
2025-06-29 03:15:00,149.78,150.11,149.75,149.99,58615.2
2025-07-06 10:15:00,146.81,147.03,146.68,146.99,43459.42
2025-07-06 10:30:00,146.99,147.72,146.96,147.36,233948.06
2025-07-06 10:45:00,147.35,147.36,147.06,147.26,24504.25
2025-07-06 11:00:00,147.25,147.33,147.01,147.19,27254.35
2025-07-06 11:15:00,147.19,147.52,147.13,147.43,22224.1
2025-07-06 11:30:00,147.42,147.63,147.36,147.54,22339.38
2025-07-06 11:45:00,147.55,148.0,147.55,147.89,63644.22
2025-07-06 12:00:00,147.9,147.99,147.75,147.95,34183.01
2025-07-06 12:15:00,147.95,148.2,147.92,147.94,53863.85
2025-07-06 12:30:00,147.95,148.35,147.94,148.33,47102.09
2025-07-06 12:45:00,148.33,148.92,148.24,148.9,135269.3
2025-07-06 13:00:00,148.91,148.91,148.3,148.55,107254.76
2025-07-06 13:15:00,148.55,149.46,148.38,149.39,196266.05
2025-07-06 13:30:00,149.4,151.63,149.31,151.3,718534.64
2025-07-06 13:45:00,151.29,152.07,151.11,151.3,423281.27
2025-07-06 14:00:00,151.29,151.84,150.84,150.94,284354.09
2025-07-06 14:15:00,150.94,151.58,150.9,151.52,192884.89
2025-07-06 14:30:00,151.52,151.97,150.57,151.08,176855.77
2025-07-06 14:45:00,151.07,151.68,150.76,151.53,110156.86
2025-07-06 15:00:00,151.54,151.68,151.28,151.67,66947.83
2025-07-06 15:15:00,151.66,151.83,151.19,151.34,76072.56
2025-07-06 15:30:00,151.34,151.57,150.9,151.09,72898.07
2025-07-06 15:45:00,151.1,151.47,150.76,151.46,58068.89
2025-07-06 16:00:00,151.47,151.77,151.15,151.4,92084.08
2025-07-06 16:15:00,151.4,151.88,151.31,151.7,85504.39
2025-07-06 16:30:00,151.71,152.41,151.3,151.96,147053.7
2025-07-06 16:45:00,151.97,153.22,151.83,153.04,182847.5
2025-07-06 17:00:00,153.04,153.11,152.31,152.37,115414.87
2025-07-06 17:15:00,152.38,152.82,152.2,152.64,60264.2
2025-07-06 17:30:00,152.64,152.77,152.46,152.58,43029.71
2025-07-06 17:45:00,152.58,152.69,152.32,152.42,62162.09
2025-07-06 18:00:00,152.41,152.5,152.14,152.26,32399.15
2025-07-06 18:15:00,152.27,152.29,151.55,151.69,97323.43
2025-07-06 18:30:00,151.7,151.77,151.1,151.24,93576.69
2025-07-06 18:45:00,151.24,151.41,150.9,151.31,54783.13
2025-07-06 19:00:00,151.31,151.68,151.3,151.52,57804.8
2025-07-06 19:15:00,151.51,151.59,151.23,151.29,26866.49
2025-07-06 19:30:00,151.28,151.33,150.63,150.71,57953.19
2025-07-06 19:45:00,150.72,151.24,150.61,151.2,39748.75
2025-07-06 20:00:00,151.2,151.88,151.15,151.77,57824.86
2025-07-06 20:15:00,151.78,151.79,151.42,151.46,26808.27
2025-07-06 20:30:00,151.46,151.66,151.38,151.53,12600.48
2025-07-06 20:45:00,151.52,151.74,151.37,151.38,14130.14
2025-07-06 21:00:00,151.38,152.07,151.37,152.01,31132.94
2025-07-06 21:15:00,152.01,152.77,151.88,152.63,62971.72
2025-07-06 21:30:00,152.63,153.84,152.61,153.0,221987.3
2025-07-06 21:45:00,153.0,153.03,151.96,152.15,88417.27
2025-07-06 22:00:00,152.15,153.41,152.15,153.04,128368.46
2025-07-06 22:15:00,153.04,153.36,152.67,153.07,40408.77
2025-07-06 22:30:00,153.06,153.13,152.56,152.67,37048.77
2025-07-06 22:45:00,152.67,152.76,152.33,152.41,35363.21
2025-07-06 23:00:00,152.41,152.47,151.54,151.91,132997.12
2025-07-06 23:15:00,151.92,152.09,151.53,151.66,52861.62
2025-07-06 23:30:00,151.66,151.81,151.37,151.77,36207.05
2025-07-06 23:45:00,151.77,151.93,151.65,151.77,48199.21
2025-07-07 00:00:00,151.77,151.9,151.4,151.77,56418.35
2025-07-07 00:15:00,151.77,151.85,151.11,151.24,31168.52
2025-07-07 00:30:00,151.25,151.35,150.75,150.76,73546.99
2025-07-07 00:45:00,150.77,151.23,150.75,151.05,47258.17
2025-07-07 01:00:00,151.05,151.06,150.16,150.42,128907.73
2025-07-07 01:15:00,150.42,151.0,150.18,150.93,78450.15
2025-07-07 01:30:00,150.92,151.29,150.88,151.0,62745.52
2025-07-07 01:45:00,151.0,151.2,150.96,151.17,32188.7
2025-07-07 02:00:00,151.16,152.06,151.15,151.96,99878.83
2025-07-07 02:15:00,151.96,152.38,151.94,152.28,68087.18
2025-07-07 02:30:00,152.27,152.65,151.85,152.64,66121.71
2025-07-07 02:45:00,152.65,152.69,151.82,151.98,93232.1
2025-07-07 03:00:00,151.98,152.09,151.88,151.97,32926.44
2025-07-07 03:15:00,151.96,152.83,151.96,152.44,52291.39
2025-07-07 03:30:00,152.44,152.5,152.17,152.24,34443.17
2025-07-07 03:45:00,152.25,152.31,151.69,151.81,70247.97
2025-07-07 04:00:00,151.81,152.08,151.79,151.92,26909.16
2025-07-07 04:15:00,151.93,152.09,151.68,151.97,27911.34
2025-07-07 04:30:00,151.97,152.0,151.8,151.88,24309.42
2025-07-07 04:45:00,151.89,151.98,151.69,151.7,20438.47
2025-07-07 05:00:00,151.71,151.98,151.68,151.8,23162.02
2025-07-07 05:15:00,151.8,151.89,151.56,151.68,28132.82
2025-07-07 05:30:00,151.67,152.02,151.47,151.95,51610.37
2025-07-07 05:45:00,151.94,152.06,151.76,151.85,42282.34
2025-07-07 06:00:00,151.85,151.93,151.12,151.48,109093.44
2025-07-07 06:15:00,151.48,151.67,151.43,151.45,28127.17
2025-07-07 06:30:00,151.44,151.51,151.0,151.01,55696.24
2025-07-07 06:45:00,151.02,151.15,150.93,151.12,36274.8
2025-07-07 07:00:00,151.12,151.5,150.78,151.46,80490.86
2025-07-07 07:15:00,151.47,151.65,151.36,151.46,50895.4
2025-07-07 07:30:00,151.46,151.84,151.24,151.8,32832.05
2025-07-07 07:45:00,151.81,152.37,151.78,152.3,62796.37
2025-07-07 08:00:00,152.3,152.53,152.19,152.28,94564.18
2025-07-07 08:15:00,152.27,152.6,152.13,152.55,73386.49
2025-07-07 08:30:00,152.54,152.88,152.32,152.58,76170.74
2025-07-07 08:45:00,152.57,152.69,152.41,152.59,35722.68
2025-07-07 09:00:00,152.58,152.59,152.06,152.41,71027.73
2025-07-07 09:15:00,152.4,152.44,152.13,152.18,38656.04
2025-07-07 09:30:00,152.18,152.45,152.07,152.35,27917.73
2025-07-07 09:45:00,152.35,152.35,151.98,152.11,55064.54
2025-07-07 10:00:00,152.11,152.11,151.57,151.84,85091.32
2025-07-07 10:15:00,151.85,152.1,151.75,151.91,41101.24
2025-07-07 10:30:00,151.92,152.44,151.85,152.42,49509.76
2025-07-07 10:45:00,152.42,152.42,152.09,152.19,29576.88
2025-07-07 11:00:00,152.19,152.48,152.08,152.38,42034.02
2025-07-07 11:15:00,152.38,153.35,152.05,153.16,138255.34
2025-07-07 11:30:00,153.17,153.56,152.77,153.15,105386.02
2025-07-07 11:45:00,153.16,153.26,152.72,152.72,71015.45
2025-07-07 12:00:00,152.73,152.8,151.92,151.99,100015.96
2025-07-07 12:15:00,151.99,152.0,151.33,151.65,144147.87
2025-07-07 12:30:00,151.65,152.05,151.6,151.94,68721.46
2025-07-07 12:45:00,151.93,152.16,151.49,151.6,74133.59
2025-07-07 13:00:00,151.6,151.91,151.43,151.69,63088.3
2025-07-07 13:15:00,151.7,152.31,151.35,151.92,202654.14
2025-07-07 13:30:00,151.92,152.3,151.24,151.72,292025.62
2025-07-07 13:45:00,151.73,153.38,151.11,152.98,220244.95
2025-07-07 14:00:00,152.98,153.28,152.01,152.27,265853.07
2025-07-07 14:15:00,152.26,152.85,152.09,152.25,75222.83
2025-07-07 14:30:00,152.25,152.31,151.47,152.05,140834.59
2025-07-07 14:45:00,152.05,152.41,151.57,151.62,84344.37
2025-07-07 15:00:00,151.62,152.25,151.31,152.21,118384.98
2025-07-07 15:15:00,152.2,152.3,151.4,152.05,142528.58
2025-07-07 15:30:00,152.04,152.27,151.5,151.59,91773.39
2025-07-07 15:45:00,151.6,151.7,150.89,150.96,135524.12
2025-07-07 16:00:00,150.96,151.45,150.86,151.03,78504.62
2025-07-07 16:15:00,151.03,151.49,149.54,150.33,467583.23
2025-07-07 16:30:00,150.33,150.94,150.16,150.72,89688.95
2025-07-07 16:45:00,150.72,150.75,150.01,150.25,78901.2
2025-07-07 17:00:00,150.25,150.64,149.95,150.4,109833.34
2025-07-07 17:15:00,150.4,150.43,149.75,150.28,108901.37
2025-07-07 17:30:00,150.28,150.79,149.85,149.98,85978.55
2025-07-07 17:45:00,149.98,150.14,149.52,149.91,64669.5
2025-07-07 18:00:00,149.9,150.25,149.82,150.09,37007.5
2025-07-07 18:15:00,150.09,150.11,149.12,149.21,199604.12
2025-07-07 18:30:00,149.21,149.91,148.94,149.72,263670.87
2025-07-07 18:45:00,149.72,150.1,149.7,150.07,63325.82
2025-07-07 19:00:00,150.06,150.23,149.63,149.93,161784.21
2025-07-07 19:15:00,149.93,150.56,149.9,150.36,102084.41
2025-07-07 19:30:00,150.36,150.54,149.33,149.34,103043.37
2025-07-07 19:45:00,149.35,149.44,148.56,148.88,300328.73
2025-07-07 20:00:00,148.86,148.86,147.83,148.09,239300.04
2025-07-07 20:15:00,148.1,148.47,147.68,148.36,124076.95
2025-07-07 20:30:00,148.37,148.88,148.28,148.64,62414.99
2025-07-07 20:45:00,148.65,148.71,148.1,148.27,76478.76
2025-07-07 21:00:00,148.26,148.64,148.14,148.41,54482.88
2025-07-07 21:15:00,148.41,148.44,147.7,147.82,48908.47
2025-07-07 21:30:00,147.81,148.62,147.74,148.22,64396.84
2025-07-07 21:45:00,148.23,148.73,148.12,148.53,44966.56
2025-07-07 22:00:00,148.52,148.56,147.9,148.22,50046.61
2025-07-07 22:15:00,148.22,148.36,147.61,147.68,37471.61
2025-07-07 22:30:00,147.67,148.22,147.65,148.18,30033.61
2025-07-07 22:45:00,148.17,148.38,148.0,148.38,21371.29
2025-07-07 23:00:00,148.37,148.74,148.36,148.64,50790.29
2025-07-07 23:15:00,148.63,148.72,148.39,148.44,24843.75
2025-07-07 23:30:00,148.43,148.81,148.42,148.44,41655.61
2025-07-07 23:45:00,148.44,148.82,148.44,148.81,45174.67
2025-07-08 00:00:00,148.8,149.27,148.64,149.2,60386.53
2025-07-08 00:15:00,149.19,149.67,148.85,149.65,97609.52
2025-07-08 00:30:00,149.64,150.0,149.31,149.92,91609.55
2025-07-08 00:45:00,149.91,149.93,148.9,149.06,184318.73
2025-07-08 01:00:00,149.06,149.1,148.64,149.04,90566.86
2025-07-08 01:15:00,149.04,149.11,148.7,148.78,33677.21
2025-07-08 01:30:00,148.78,149.23,148.51,148.82,50159.63
2025-07-08 01:45:00,148.82,149.21,148.58,148.66,44798.54
2025-07-08 02:00:00,148.66,148.7,148.13,148.53,62945.2
2025-07-08 02:15:00,148.53,149.22,148.26,148.95,80663.89
2025-07-08 02:30:00,148.95,149.1,148.05,148.19,115185.25
2025-07-08 02:45:00,148.19,148.19,147.73,147.9,99588.08
2025-07-08 03:00:00,147.89,148.41,147.83,148.34,58143.18
2025-07-08 03:15:00,148.34,148.77,148.26,148.67,71306.83
2025-07-08 03:30:00,148.67,148.93,148.54,148.79,35716.41
2025-07-08 03:45:00,148.79,148.84,148.54,148.56,15788.92
2025-07-08 04:00:00,148.56,148.57,148.16,148.33,44052.2
2025-07-08 04:15:00,148.33,148.45,148.1,148.45,17138.14
2025-07-08 04:30:00,148.45,148.97,148.45,148.84,52058.72
2025-07-08 04:45:00,148.84,148.99,148.71,148.95,17930.23
2025-07-08 05:00:00,148.96,148.98,148.6,148.64,15766.32
2025-07-08 05:15:00,148.63,149.02,148.5,149.02,25052.78
2025-07-08 05:30:00,149.02,149.21,148.79,149.2,26267.05
2025-07-08 05:45:00,149.2,149.27,149.01,149.14,51251.44
2025-07-08 06:00:00,149.13,149.52,149.11,149.45,102372.24
2025-07-08 06:15:00,149.45,149.5,148.97,149.1,39455.79
2025-07-08 06:30:00,149.1,149.32,148.97,149.32,23847.66
2025-07-08 06:45:00,149.32,149.55,149.16,149.19,51981.12
2025-07-08 07:00:00,149.18,149.2,148.86,148.9,49048.18
2025-07-08 07:15:00,148.89,149.02,148.77,149.0,44322.39
2025-07-08 07:30:00,148.99,149.33,148.91,149.19,23924.69
2025-07-08 07:45:00,149.18,149.69,149.16,149.57,81028.43
2025-07-08 08:00:00,149.57,150.2,149.44,150.08,130111.39
2025-07-08 08:15:00,150.08,150.15,149.74,149.86,57914.83
2025-07-08 08:30:00,149.87,149.98,149.52,149.57,45835.36
2025-07-08 08:45:00,149.57,149.86,149.57,149.79,31279.33
2025-07-08 09:00:00,149.79,150.19,149.58,150.15,51934.48
2025-07-08 09:15:00,150.15,150.36,149.86,150.33,60964.73
2025-07-08 09:30:00,150.33,150.46,150.05,150.46,38168.8
2025-07-08 09:45:00,150.46,150.46,150.09,150.1,41178.23
2025-07-08 10:00:00,150.1,150.61,150.09,150.4,63144.53
2025-07-08 10:15:00,150.41,151.07,150.41,150.85,104866.99
2025-07-08 10:30:00,150.84,151.24,150.77,151.18,136732.98
2025-07-08 10:45:00,151.18,151.22,150.8,151.02,78580.37
2025-07-08 11:00:00,151.03,151.47,150.93,151.17,91825.99
2025-07-08 11:15:00,151.17,151.29,150.87,151.23,36349.76
2025-07-08 11:30:00,151.24,151.49,151.08,151.42,86326.26
2025-07-08 11:45:00,151.42,151.59,151.14,151.2,81696.0
2025-07-08 12:00:00,151.2,151.73,151.19,151.72,81221.29
2025-07-08 12:15:00,151.72,151.73,151.31,151.44,55723.38
2025-07-08 12:30:00,151.43,152.04,151.35,151.74,132171.04
2025-07-08 12:45:00,151.74,152.4,151.73,152.33,131977.46
2025-07-08 13:00:00,152.33,152.48,151.95,152.0,90730.21
2025-07-08 13:15:00,151.99,152.24,151.84,152.0,50379.02
2025-07-08 13:30:00,152.0,152.36,151.43,152.28,180107.48
2025-07-08 13:45:00,152.28,152.86,151.87,151.95,222087.65
2025-07-08 14:00:00,151.94,152.01,151.14,151.32,157080.6
2025-07-08 14:15:00,151.33,151.54,150.87,151.22,134213.98
2025-07-08 14:30:00,151.22,151.49,151.09,151.32,85851.31
2025-07-08 14:45:00,151.33,151.35,150.44,150.77,122211.68
2025-07-08 15:00:00,150.77,151.07,150.58,150.64,58865.01
2025-07-08 15:15:00,150.64,150.9,150.22,150.28,70930.7
2025-07-08 15:30:00,150.27,150.41,149.87,150.16,79848.47
2025-07-08 15:45:00,150.16,150.29,149.71,149.8,61626.15
2025-07-08 16:00:00,149.79,150.12,149.35,149.47,178265.85
2025-07-08 16:15:00,149.47,150.45,149.45,150.26,106222.63
2025-07-08 16:30:00,150.25,150.44,149.8,150.18,72460.29
2025-07-08 16:45:00,150.18,150.49,149.97,150.44,45409.51
2025-07-08 17:00:00,150.44,151.63,150.36,151.47,206684.68
2025-07-08 17:15:00,151.46,151.95,151.26,151.67,209254.74
2025-07-08 17:30:00,151.67,152.03,151.5,151.57,71212.68
2025-07-08 17:45:00,151.58,152.18,151.58,152.0,80862.24
2025-07-08 18:00:00,151.99,152.15,151.64,152.01,51829.65
2025-07-08 18:15:00,152.01,152.27,151.87,152.03,40679.22
2025-07-08 18:30:00,152.02,152.49,151.92,152.43,75558.95
2025-07-08 18:45:00,152.43,152.77,152.25,152.72,78203.11
2025-07-08 19:00:00,152.72,152.72,152.04,152.23,113595.32
2025-07-08 19:15:00,152.22,152.72,152.22,152.25,46798.24
2025-07-08 19:30:00,152.25,152.28,151.38,151.57,110402.07
2025-07-08 19:45:00,151.57,151.9,151.25,151.57,65536.4
2025-07-08 20:00:00,151.57,151.63,151.02,151.03,42193.01
2025-07-08 20:15:00,151.03,151.39,150.68,151.19,85717.79
2025-07-08 20:30:00,151.2,151.23,150.71,150.77,32579.2
2025-07-08 20:45:00,150.78,150.78,149.9,149.9,97612.13
2025-07-08 21:00:00,149.9,150.5,149.9,150.44,53706.37
2025-07-08 21:15:00,150.43,150.44,149.85,150.22,45901.55
2025-07-08 21:30:00,150.22,150.62,150.14,150.51,67403.59
2025-07-08 21:45:00,150.5,150.83,150.37,150.73,48915.89
2025-07-08 22:00:00,150.72,151.21,150.44,150.77,72702.34
2025-07-08 22:15:00,150.77,150.92,150.64,150.92,15393.75
2025-07-08 22:30:00,150.92,151.19,150.87,151.18,36051.13
2025-07-08 22:45:00,151.19,151.49,151.16,151.48,37892.22
2025-07-08 23:00:00,151.47,151.59,151.22,151.57,40801.47
2025-07-08 23:15:00,151.57,151.62,151.19,151.37,31304.96
2025-07-08 23:30:00,151.37,151.77,151.34,151.7,27603.13
2025-07-08 23:45:00,151.7,151.84,151.57,151.59,20438.65
2025-07-09 00:00:00,151.59,151.63,151.22,151.41,43661.92
2025-07-09 00:15:00,151.41,151.56,151.21,151.27,21641.99
2025-07-09 00:30:00,151.27,151.49,151.0,151.49,28649.77
2025-07-09 00:45:00,151.49,151.68,151.38,151.64,31518.34
2025-07-09 01:00:00,151.65,152.32,151.61,152.06,95499.5
2025-07-09 01:15:00,152.06,152.06,151.42,151.43,53748.47
2025-07-09 01:30:00,151.43,151.47,151.07,151.28,58514.58
2025-07-09 01:45:00,151.29,151.46,151.2,151.41,17182.09
2025-07-09 02:00:00,151.4,151.77,151.3,151.69,31190.06
2025-07-09 02:15:00,151.68,151.79,151.28,151.78,26436.29
2025-07-09 02:30:00,151.78,152.14,151.65,151.9,54757.39
2025-07-09 02:45:00,151.91,151.97,151.56,151.74,28870.41
2025-07-09 03:00:00,151.74,152.15,151.49,151.54,58493.52
2025-07-09 03:15:00,151.55,151.94,151.39,151.91,43186.41
2025-07-09 03:30:00,151.91,151.91,151.11,151.34,62435.04
2025-07-09 03:45:00,151.33,151.4,151.12,151.21,43058.85
2025-07-09 04:00:00,151.21,151.39,150.9,150.93,46399.75
2025-07-09 04:15:00,150.93,151.0,150.41,150.65,91155.8
2025-07-09 04:30:00,150.65,151.1,150.64,150.93,50552.57
2025-07-09 04:45:00,150.93,151.11,150.9,151.09,33952.13
2025-07-09 05:00:00,151.09,151.43,151.04,151.34,54444.16
2025-07-09 05:15:00,151.33,151.59,151.33,151.47,29868.22
2025-07-09 05:30:00,151.47,153.7,151.36,153.4,460896.59
2025-07-09 05:45:00,153.4,153.86,152.71,153.07,210960.61
2025-07-09 06:00:00,153.07,153.42,152.25,152.6,174724.92
2025-07-09 06:15:00,152.59,152.88,152.38,152.41,73217.68
2025-07-09 06:30:00,152.41,152.73,152.38,152.46,36493.97
2025-07-09 06:45:00,152.47,152.98,152.44,152.83,45305.88
2025-07-09 07:00:00,152.83,152.98,152.52,152.53,43076.41
2025-07-09 07:15:00,152.53,153.15,152.51,153.07,36991.5
2025-07-09 07:30:00,153.07,153.19,152.66,152.73,50573.21
2025-07-09 07:45:00,152.74,152.98,152.71,152.96,30121.27
2025-07-09 08:00:00,152.95,153.01,152.8,152.85,36507.43
2025-07-09 08:15:00,152.86,153.07,152.61,152.71,43617.48
2025-07-09 08:30:00,152.71,152.88,152.61,152.67,22970.42
2025-07-09 08:45:00,152.68,152.68,152.23,152.42,68683.56
2025-07-09 09:00:00,152.42,152.51,152.25,152.26,41651.85
2025-07-09 09:15:00,152.25,152.65,152.24,152.49,46707.82
2025-07-09 09:30:00,152.48,152.66,152.42,152.61,14621.52
2025-07-09 09:45:00,152.61,152.9,152.55,152.79,35956.06
2025-07-09 10:00:00,152.78,152.8,152.49,152.77,26988.03
2025-07-09 10:15:00,152.76,152.82,152.55,152.71,23618.19
2025-07-09 10:30:00,152.71,153.11,152.69,153.07,52202.59
2025-07-09 10:45:00,153.07,153.15,152.83,153.06,35868.5
2025-07-09 11:00:00,153.07,153.38,152.95,153.36,54870.72
2025-07-09 11:15:00,153.36,153.44,153.13,153.24,60840.7
2025-07-09 11:30:00,153.24,153.64,153.07,153.25,112623.95
2025-07-09 11:45:00,153.24,154.4,153.24,153.64,227843.28
2025-07-09 12:00:00,153.64,154.33,153.22,154.22,200966.64
2025-07-09 12:15:00,154.23,154.56,154.05,154.26,218008.02
2025-07-09 12:30:00,154.27,154.34,153.76,154.33,86420.47
2025-07-09 12:45:00,154.32,154.38,153.87,153.95,84504.5
2025-07-09 13:00:00,153.94,154.76,153.91,154.5,106968.68
2025-07-16 20:00:00,174.13,174.74,173.72,174.55,140318.42
2025-07-16 20:15:00,174.54,174.88,174.09,174.38,91173.28
2025-07-16 20:30:00,174.37,175.09,174.0,174.78,202486.63
2025-07-16 20:45:00,174.79,174.89,174.25,174.67,78782.28
2025-07-16 21:00:00,174.66,175.75,174.35,175.23,123774.85
2025-07-16 21:15:00,175.25,176.15,174.78,175.73,164840.92
2025-07-16 21:30:00,175.73,175.74,173.82,174.26,145884.81
2025-07-16 21:45:00,174.27,174.76,174.16,174.44,46467.68
2025-07-16 22:00:00,174.45,175.42,174.45,175.36,78589.39
2025-07-16 22:15:00,175.37,175.84,175.16,175.17,59982.69
2025-07-16 22:30:00,175.17,175.45,174.35,174.7,93802.54
2025-07-16 22:45:00,174.71,174.72,173.45,173.81,173843.87
2025-07-16 23:00:00,173.81,173.97,173.01,173.36,118864.97
2025-07-16 23:15:00,173.36,173.53,172.38,173.35,181052.28
2025-07-16 23:30:00,173.36,173.89,172.71,173.84,87732.52
2025-07-16 23:45:00,173.85,173.89,173.36,173.64,77861.08
2025-07-17 00:00:00,173.64,174.2,173.22,174.05,66543.76
2025-07-17 00:15:00,174.06,174.86,174.03,174.52,72227.39
2025-07-17 00:30:00,174.52,174.86,174.0,174.47,57777.99
2025-07-17 00:45:00,174.46,174.68,172.93,173.0,135896.55
2025-07-17 01:00:00,173.0,173.36,172.42,173.36,157832.11
2025-07-17 01:15:00,173.35,173.36,171.64,172.52,147832.7
2025-07-17 01:30:00,172.52,172.65,171.31,171.73,113888.56
2025-07-17 01:45:00,171.73,171.88,169.5,171.44,339365.28
2025-07-17 02:00:00,171.44,172.04,171.14,171.47,124257.12
2025-07-17 02:15:00,171.48,172.1,171.35,171.6,73039.56
2025-07-17 02:30:00,171.59,171.64,170.91,171.02,65358.65
2025-07-17 02:45:00,171.03,171.64,170.2,171.35,74624.94
2025-07-17 03:00:00,171.36,171.46,170.17,170.23,52506.32
2025-07-17 03:15:00,170.24,170.59,169.04,169.24,164962.22
2025-07-17 03:30:00,169.24,169.63,168.68,169.29,203909.87
2025-07-17 03:45:00,169.29,169.79,169.1,169.53,86924.57
2025-07-17 04:00:00,169.52,170.31,169.23,170.11,66610.71
2025-07-17 04:15:00,170.1,170.59,169.93,170.54,64332.8
2025-07-17 04:30:00,170.55,170.99,170.52,170.82,58273.73
2025-07-17 04:45:00,170.82,171.31,170.66,171.29,62142.22
2025-07-17 05:00:00,171.28,171.28,170.42,170.63,64005.33
2025-07-17 05:15:00,170.64,171.64,170.63,171.6,71349.93
2025-07-17 05:30:00,171.6,171.85,171.2,171.79,86811.2
2025-07-17 05:45:00,171.79,172.08,171.52,171.96,105162.56
2025-07-17 06:00:00,171.97,172.54,171.56,171.74,144870.08
2025-07-17 06:15:00,171.74,173.18,171.28,173.01,231527.62
2025-07-17 06:30:00,173.01,173.41,172.53,173.25,174821.66
2025-07-17 06:45:00,173.24,174.06,173.23,173.83,179807.1
2025-07-17 07:00:00,173.83,173.84,171.82,172.19,201087.7
2025-07-17 07:15:00,172.19,172.57,171.71,172.17,73548.45
2025-07-17 07:30:00,172.18,173.5,172.18,173.49,152155.93
2025-07-17 07:45:00,173.49,174.16,173.31,173.99,117810.29
2025-07-17 08:00:00,174.0,174.08,173.12,173.38,116989.82
2025-07-17 08:15:00,173.38,173.5,173.05,173.4,54400.5
2025-07-17 08:30:00,173.4,173.47,172.6,173.31,102425.69
2025-07-17 08:45:00,173.31,173.69,172.78,173.63,73329.89
2025-07-17 09:00:00,173.63,175.58,173.43,174.9,233462.62
2025-07-17 09:15:00,174.91,176.08,174.6,175.74,133519.08
2025-07-17 09:30:00,175.75,177.54,175.53,177.3,312164.14
2025-07-17 09:45:00,177.3,178.16,176.9,177.13,327792.53
2025-07-17 10:00:00,177.13,177.77,175.86,176.7,242190.15
2025-07-17 10:15:00,176.69,177.3,176.07,176.21,116224.8
2025-07-17 10:30:00,176.21,176.91,175.67,175.86,112856.37
2025-07-17 10:45:00,175.86,176.83,175.86,176.32,77063.02
2025-07-17 11:00:00,176.33,176.77,175.85,176.4,69552.78
2025-07-17 11:15:00,176.39,176.6,175.71,175.87,117293.89
2025-07-17 11:30:00,175.86,176.24,175.17,175.97,132981.31
2025-07-17 11:45:00,175.97,176.48,175.47,176.14,76618.05
2025-07-17 12:00:00,176.15,176.58,174.57,175.62,227644.45
2025-07-17 12:15:00,175.61,176.1,174.76,174.84,114723.78
2025-07-17 12:30:00,174.85,177.33,174.83,177.21,260579.26
2025-07-17 12:45:00,177.21,177.5,176.73,176.73,169778.63
2025-07-17 13:00:00,176.72,176.99,175.41,175.71,163791.78
2025-07-17 13:15:00,175.7,175.88,174.92,175.43,169458.09
2025-07-17 13:30:00,175.43,175.57,173.72,173.79,212925.97
2025-07-17 13:45:00,173.79,174.77,172.73,174.31,349378.99
2025-07-17 14:00:00,174.31,174.86,173.72,174.28,125551.63
2025-07-17 14:15:00,174.29,174.73,173.43,174.68,100332.51
2025-07-17 14:30:00,174.67,175.27,174.33,174.49,120930.62
2025-07-17 14:45:00,174.5,175.2,174.49,174.84,56481.0
2025-07-17 15:00:00,174.85,175.11,173.06,173.09,131899.2
2025-07-17 15:15:00,173.1,174.18,172.72,173.54,126380.44
2025-07-17 15:30:00,173.54,174.52,173.46,174.49,66080.2
2025-07-17 15:45:00,174.49,174.51,173.76,174.12,74109.22
2025-07-17 16:00:00,174.11,174.42,172.96,173.22,89921.36
2025-07-17 16:15:00,173.22,173.3,172.05,172.4,184010.66
2025-07-17 16:30:00,172.41,172.96,171.14,172.35,295481.17
2025-07-17 16:45:00,172.35,172.94,172.16,172.83,72670.52
2025-07-17 17:00:00,172.84,173.21,172.62,173.14,75253.9
2025-07-17 17:15:00,173.14,173.17,172.54,172.92,51816.75
2025-07-17 17:30:00,172.92,173.15,172.21,173.02,37590.78
2025-07-17 17:45:00,173.01,174.36,172.79,174.17,187603.01
2025-07-17 18:00:00,174.18,174.42,173.52,173.62,84144.56
2025-07-17 18:15:00,173.63,174.35,173.52,174.3,73177.88
2025-07-17 18:30:00,174.3,174.72,173.87,173.96,87306.68
2025-07-17 18:45:00,173.96,174.75,173.85,174.73,82755.93
2025-07-17 19:00:00,174.72,175.11,174.7,175.02,42151.35
2025-07-17 19:15:00,175.02,175.36,174.83,175.1,45625.96
2025-07-17 19:30:00,175.1,175.35,174.58,174.67,77446.58
2025-07-17 19:45:00,174.67,174.68,172.76,173.0,160149.27
2025-07-17 20:00:00,173.01,173.25,171.28,172.32,178830.07
2025-07-17 20:15:00,172.31,172.99,171.54,172.67,76084.4
2025-07-17 20:30:00,172.66,173.55,172.59,173.19,69038.44
2025-07-17 20:45:00,173.18,173.62,172.84,173.43,43385.48
2025-07-17 21:00:00,173.44,175.57,173.4,175.55,175725.38
2025-07-17 21:15:00,175.55,176.48,175.24,175.91,191956.49
2025-07-17 21:30:00,175.92,176.21,173.46,175.67,229829.17
2025-07-17 21:45:00,175.67,176.35,175.22,175.45,129156.67
2025-07-17 22:00:00,175.45,177.1,175.24,176.88,146237.27
2025-07-17 22:15:00,176.88,177.38,175.68,175.76,106899.7
2025-07-17 22:30:00,175.76,176.15,175.61,175.76,54570.89
2025-07-17 22:45:00,175.75,176.55,174.82,175.42,89708.48
2025-07-17 23:00:00,175.41,175.9,175.1,175.56,87425.83
2025-07-17 23:15:00,175.56,176.84,175.56,176.8,145677.99
2025-07-17 23:30:00,176.8,176.81,175.72,176.11,63276.98
2025-07-17 23:45:00,176.11,176.46,175.44,175.81,54686.51
2025-07-18 00:00:00,175.81,176.85,175.21,175.54,105837.32
2025-07-18 00:15:00,175.55,177.83,175.51,177.54,127281.66
2025-07-18 00:30:00,177.54,179.3,177.31,179.28,265960.04
2025-07-18 00:45:00,179.28,179.87,178.87,179.78,186458.68
2025-07-18 01:00:00,179.78,181.2,178.89,181.08,249576.44
2025-07-18 01:15:00,181.09,181.1,179.17,180.0,278697.47
2025-07-18 01:30:00,180.0,180.47,179.38,179.54,146057.35
2025-07-18 01:45:00,179.54,180.88,179.27,180.63,140017.96
2025-07-18 02:00:00,180.63,180.66,178.84,179.23,148642.13
2025-07-18 02:15:00,179.22,179.88,178.88,179.86,67190.29
2025-07-18 02:30:00,179.86,179.97,179.18,179.29,67583.18
2025-07-18 02:45:00,179.29,179.82,179.01,179.68,54464.0
2025-07-18 03:00:00,179.67,180.47,179.59,180.31,81399.32
2025-07-18 03:15:00,180.31,181.0,179.9,179.97,148881.97
2025-07-18 03:30:00,179.97,181.06,179.76,181.0,91196.55
2025-07-18 03:45:00,181.01,181.03,180.21,180.83,94727.49
2025-07-18 04:00:00,180.83,180.87,179.88,180.21,74539.26
2025-07-18 04:15:00,180.21,182.07,180.18,181.5,248798.2
2025-07-18 04:30:00,181.51,181.92,181.31,181.51,117807.3
2025-07-18 04:45:00,181.5,182.01,181.3,181.89,106554.32
2025-07-18 05:00:00,181.89,184.57,181.21,184.46,661117.15
2025-07-18 05:15:00,184.46,184.8,182.91,183.18,382683.33
2025-07-18 05:30:00,183.17,183.99,183.12,183.31,153351.71
2025-07-18 05:45:00,183.3,183.95,183.1,183.68,89674.4
2025-07-18 06:00:00,183.68,183.98,182.31,183.65,177281.98
2025-07-18 06:15:00,183.66,183.68,182.4,182.84,92526.86
2025-07-18 06:30:00,182.83,183.59,182.71,183.38,60646.4
2025-07-18 06:45:00,183.39,183.68,183.25,183.59,58128.37
2025-07-18 07:00:00,183.58,184.31,183.11,183.26,105731.12
2025-07-18 07:15:00,183.25,183.83,182.5,183.59,125957.34
2025-07-18 07:30:00,183.59,184.11,182.28,183.02,158524.96
2025-07-18 07:45:00,183.02,183.07,181.03,181.11,210650.14
2025-07-18 08:00:00,181.1,182.03,181.07,181.13,127702.6
2025-07-18 08:15:00,181.12,182.18,181.07,181.61,89708.31
2025-07-18 08:30:00,181.61,181.61,178.75,178.93,377803.69
2025-07-18 08:45:00,178.93,180.28,178.74,179.54,174541.77
2025-07-18 09:00:00,179.54,180.12,178.87,180.03,152440.23
2025-07-18 09:15:00,180.03,180.14,179.19,179.35,85580.32
2025-07-18 09:30:00,179.35,179.69,178.96,179.42,70933.53
2025-07-18 09:45:00,179.41,180.21,179.41,180.09,94385.37
2025-07-18 10:00:00,180.1,180.11,179.12,179.49,75206.57
2025-07-18 10:15:00,179.48,179.58,178.08,178.75,132697.71
2025-07-18 10:30:00,178.76,179.11,178.45,178.88,39862.37
2025-07-18 10:45:00,178.87,179.65,178.61,179.47,43484.93
2025-07-18 11:00:00,179.48,179.59,178.25,178.35,68038.81
2025-07-18 11:15:00,178.35,178.52,177.19,177.86,158320.0
2025-07-18 11:30:00,177.87,178.72,177.76,178.59,66141.87
2025-07-18 11:45:00,178.59,178.69,178.14,178.53,47318.6
2025-07-18 12:00:00,178.53,178.83,178.37,178.67,43271.8
2025-07-18 12:15:00,178.66,179.2,178.45,178.89,58986.94
2025-07-18 12:30:00,178.88,179.53,178.88,179.44,100862.08
2025-07-18 12:45:00,179.45,180.22,179.33,180.21,97754.96
2025-07-18 13:00:00,180.21,180.38,179.29,179.7,180989.13
2025-07-18 13:15:00,179.7,180.3,179.16,180.24,119363.37
2025-07-18 13:30:00,180.23,182.1,180.07,181.06,315355.92
2025-07-18 13:45:00,181.05,181.89,180.69,180.79,123395.87
2025-07-18 14:00:00,180.78,181.56,180.37,181.11,125098.21
2025-07-18 14:15:00,181.11,181.14,177.28,177.98,485647.05
2025-07-18 14:30:00,177.97,178.44,176.69,177.91,303286.92
2025-07-18 14:45:00,177.91,179.04,177.89,178.49,149193.69
2025-07-18 15:00:00,178.49,178.79,177.13,177.18,129707.1
2025-07-18 15:15:00,177.18,177.63,175.38,176.18,397798.74
2025-07-18 15:30:00,176.19,176.6,174.81,176.02,196480.58
2025-07-18 15:45:00,176.03,177.1,175.56,177.01,152519.86
2025-07-18 16:00:00,177.01,177.8,176.62,176.65,132624.09
2025-07-18 16:15:00,176.64,178.35,176.15,178.07,143111.8
2025-07-18 16:30:00,178.07,179.05,177.41,178.82,179161.27
2025-07-18 16:45:00,178.82,179.1,177.91,178.4,104832.68
2025-07-18 17:00:00,178.4,178.46,177.67,178.04,69738.3
2025-07-18 17:15:00,178.04,178.98,177.98,178.83,78692.4
2025-07-18 17:30:00,178.82,179.12,178.27,178.49,71088.34
2025-07-18 17:45:00,178.49,178.72,178.16,178.45,50542.02
2025-07-18 18:00:00,178.45,178.5,177.64,177.81,108293.92
2025-07-18 18:15:00,177.81,178.56,177.51,178.51,79682.63
2025-07-18 18:30:00,178.5,178.8,178.04,178.18,43706.16
2025-07-18 18:45:00,178.19,178.54,177.67,177.94,52529.67
2025-07-18 19:00:00,177.93,178.14,176.6,176.84,155868.17
2025-07-18 19:15:00,176.85,178.56,176.85,177.92,80668.54
2025-07-18 19:30:00,177.92,177.95,176.88,176.97,66463.62
2025-07-18 19:45:00,176.96,177.03,176.12,176.94,101396.51
2025-07-18 20:00:00,176.94,177.09,175.44,175.94,143140.3
2025-07-18 20:15:00,175.95,176.38,174.04,174.2,325579.7
2025-07-18 20:30:00,174.21,174.64,173.15,174.57,319864.56
2025-07-18 20:45:00,174.57,175.81,174.44,175.28,169565.85
2025-07-18 21:00:00,175.28,176.5,175.17,176.41,86142.37
2025-07-18 21:15:00,176.41,176.8,176.09,176.31,59688.36
2025-07-18 21:30:00,176.31,176.89,176.19,176.8,49680.69
2025-07-18 21:45:00,176.8,177.08,175.76,175.93,65397.48
2025-07-18 22:00:00,175.93,175.98,174.82,175.51,94836.61
2025-07-18 22:15:00,175.51,176.8,175.4,176.59,98991.6
2025-07-18 22:30:00,176.6,176.95,176.37,176.43,49522.71
2025-07-18 22:45:00,176.41,176.62,175.57,175.89,74992.87
2025-07-18 23:00:00,175.88,176.79,175.03,176.5,103351.38
2025-07-18 23:15:00,176.5,177.25,176.24,176.84,80284.38
2025-07-18 23:30:00,176.84,177.35,176.82,177.18,36162.9
2025-07-18 23:45:00,177.19,177.62,177.05,177.22,65253.28
2025-07-19 00:00:00,177.23,177.4,176.93,177.18,42109.94
2025-07-19 00:15:00,177.19,177.25,176.83,177.12,25295.2
2025-07-19 00:30:00,177.12,177.34,176.17,176.56,87740.98
2025-07-19 00:45:00,176.56,176.64,175.06,175.16,71981.68
2025-07-19 01:00:00,175.16,175.28,173.91,175.2,149462.04
2025-07-19 01:15:00,175.19,176.38,175.16,176.34,62214.54
2025-07-19 01:30:00,176.34,176.65,176.01,176.42,32879.64
2025-07-19 01:45:00,176.41,176.74,176.09,176.58,33363.13
2025-07-19 02:00:00,176.59,176.7,175.67,176.45,51123.82
2025-07-19 02:15:00,176.44,176.8,175.98,176.16,34905.55
2025-07-19 02:30:00,176.17,177.13,176.16,177.09,42204.63
2025-07-19 02:45:00,177.09,177.25,176.96,177.14,51249.44
2025-07-19 03:00:00,177.13,177.48,176.99,177.44,57823.1
2025-07-19 03:15:00,177.43,177.49,177.26,177.38,49607.11
2025-07-19 03:30:00,177.37,177.67,177.28,177.53,56077.35
2025-07-19 03:45:00,177.52,177.58,176.87,177.45,91179.63
2025-07-19 04:00:00,177.44,177.66,177.21,177.58,71134.04
2025-07-19 04:15:00,177.58,177.6,177.17,177.34,55241.94
2025-07-19 04:30:00,177.34,177.63,177.08,177.09,62235.12
2025-07-19 04:45:00,177.1,177.4,176.97,177.29,47297.35
2025-07-19 05:00:00,177.29,177.37,176.74,177.01,75677.48
2025-07-19 05:15:00,177.02,177.69,176.85,177.61,132923.24
2025-07-19 05:30:00,177.61,177.77,177.23,177.52,161636.92
2025-07-19 05:45:00,177.51,177.6,177.17,177.53,28838.14
2025-07-19 06:00:00,177.54,177.62,177.24,177.25,36566.65
2025-07-19 06:15:00,177.25,177.47,176.54,176.57,54161.34
2025-07-19 06:30:00,176.57,176.93,176.19,176.36,118159.09
2025-07-19 06:45:00,176.37,176.75,176.08,176.24,61261.25
2025-07-19 07:00:00,176.24,176.74,176.11,176.58,42171.58
2025-07-19 07:15:00,176.58,177.3,176.37,176.99,39027.37
2025-07-19 07:30:00,176.99,176.99,176.48,176.78,22704.96
2025-07-19 07:45:00,176.78,177.16,176.78,176.98,20145.58
2025-07-19 08:00:00,176.98,177.13,176.15,176.18,39126.26
2025-07-19 08:15:00,176.18,176.3,175.55,176.02,86546.05
2025-07-19 08:30:00,176.02,176.05,175.36,175.77,61158.07
2025-07-19 08:45:00,175.77,176.15,175.5,175.99,26788.48
2025-07-19 09:00:00,176.0,176.4,175.8,176.0,25256.5
2025-07-19 09:15:00,176.01,176.47,175.96,176.33,24334.81
2025-07-19 09:30:00,176.34,176.85,176.17,176.72,38546.17
2025-07-19 09:45:00,176.72,176.98,176.44,176.67,19763.86
2025-07-19 10:00:00,176.67,176.83,176.43,176.7,25027.68
2025-07-19 10:15:00,176.7,177.07,176.62,177.0,35860.82
2025-07-19 10:30:00,177.01,177.56,177.0,177.52,48914.02
2025-07-19 10:45:00,177.51,177.63,177.24,177.35,49877.74
2025-07-19 11:00:00,177.36,177.8,176.6,176.65,56272.6
2025-07-19 11:15:00,176.66,177.46,176.15,177.37,80726.1
2025-07-19 11:30:00,177.38,177.51,177.0,177.17,35971.02
2025-07-19 11:45:00,177.18,177.18,176.33,176.57,39091.71
2025-07-19 12:00:00,176.57,176.73,175.73,175.88,76108.94
2025-07-19 12:15:00,175.89,176.48,175.67,176.12,68410.2
2025-07-19 12:30:00,176.13,176.48,175.79,176.28,35929.39
2025-07-19 12:45:00,176.28,177.38,176.09,177.3,82306.56
2025-07-19 13:00:00,177.3,177.74,176.9,177.73,87848.57
2025-07-19 13:15:00,177.74,177.84,177.14,177.46,52732.34
2025-07-19 13:30:00,177.45,177.76,177.38,177.62,40198.0
2025-07-19 13:45:00,177.62,177.83,177.04,177.46,62638.62
2025-07-19 14:00:00,177.46,177.86,176.42,176.59,71996.93
2025-07-19 14:15:00,176.59,177.08,175.97,176.08,74086.1
2025-07-19 14:30:00,176.08,176.43,175.57,175.99,113440.29
2025-07-19 14:45:00,175.99,176.23,174.76,174.97,116976.37
2025-07-19 15:00:00,174.98,175.81,174.81,175.57,69882.55
2025-07-19 15:15:00,175.57,176.58,175.57,176.53,70419.92
2025-07-19 15:30:00,176.52,177.41,176.18,177.41,109310.36
2025-07-19 15:45:00,177.4,177.44,176.95,177.37,97766.16
2025-07-19 16:00:00,177.36,177.37,176.44,177.07,94716.52
2025-07-19 16:15:00,177.08,177.78,176.93,177.57,99819.58
2025-07-19 16:30:00,177.56,177.82,177.42,177.65,60951.45
2025-07-19 16:45:00,177.65,177.81,177.31,177.53,58202.77
2025-07-19 17:00:00,177.53,177.81,177.14,177.21,55461.65
2025-07-19 17:15:00,177.21,177.43,176.87,176.98,46290.49
2025-07-19 17:30:00,176.97,177.07,176.46,176.55,72276.44
2025-07-19 17:45:00,176.56,176.82,176.08,176.31,53529.23
2025-07-19 18:00:00,176.32,177.21,176.16,176.98,42649.63
2025-07-19 18:15:00,176.98,177.5,176.62,177.36,27541.89
2025-07-19 18:30:00,177.35,177.42,177.0,177.06,12568.1
2025-07-19 18:45:00,177.05,177.16,176.7,176.81,51233.23
2025-07-19 19:00:00,176.82,177.11,176.18,176.52,42427.81
2025-07-19 19:15:00,176.51,177.15,176.4,177.14,33940.8
2025-07-19 19:30:00,177.13,178.1,176.94,177.68,100604.64
2025-07-19 19:45:00,177.67,177.67,176.39,177.0,110847.42
2025-07-19 20:00:00,176.99,177.73,176.93,177.65,85707.93
2025-07-19 20:15:00,177.65,177.85,177.31,177.76,24796.42
2025-07-19 20:30:00,177.76,177.92,177.62,177.78,23949.44
2025-07-19 20:45:00,177.77,178.59,177.4,177.4,307485.41
2025-07-19 21:00:00,177.4,177.77,175.72,175.9,118318.17
2025-07-19 21:15:00,175.9,176.24,175.03,176.04,167274.76
2025-07-19 21:30:00,176.05,176.05,175.14,175.18,100771.42
2025-07-19 21:45:00,175.18,176.04,175.06,175.84,50145.06
2025-07-19 22:00:00,175.85,175.86,175.21,175.7,43075.35
2025-07-19 22:15:00,175.71,176.36,175.67,175.85,40549.98
2025-07-19 22:30:00,175.85,176.24,175.58,176.22,19184.45
2025-07-19 22:45:00,176.21,176.53,175.88,176.36,41233.23
2025-07-27 05:45:00,187.86,187.87,187.39,187.75,36196.4
2025-07-27 06:00:00,187.75,187.95,187.24,187.34,35590.09
2025-07-27 06:15:00,187.35,187.6,187.03,187.1,38380.73
2025-07-27 06:30:00,187.11,187.7,187.03,187.67,30735.49
2025-07-27 06:45:00,187.66,187.72,186.95,186.97,39361.07
2025-07-27 07:00:00,186.98,187.46,186.54,187.2,44256.9
2025-07-27 07:15:00,187.21,187.69,187.04,187.5,23230.17
2025-07-27 07:30:00,187.5,187.75,187.3,187.71,26130.83
2025-07-27 07:45:00,187.7,187.83,187.04,187.15,34299.42
2025-07-27 08:00:00,187.15,187.43,186.89,186.99,24706.66
2025-07-27 08:15:00,187.0,187.12,186.42,186.54,52272.41
2025-07-27 08:30:00,186.55,186.64,186.16,186.63,45044.69
2025-07-27 08:45:00,186.64,186.86,186.42,186.65,26763.16
2025-07-27 09:00:00,186.65,187.3,186.51,187.02,52218.31
2025-07-27 09:15:00,187.02,187.19,186.8,187.05,24715.97
2025-07-27 09:30:00,187.04,187.13,186.56,186.72,27284.69
2025-07-27 09:45:00,186.72,186.76,186.11,186.31,48758.73
2025-07-27 10:00:00,186.31,186.82,186.27,186.82,29252.56
2025-07-27 10:15:00,186.81,187.11,186.65,186.66,37412.43
2025-07-27 10:30:00,186.66,187.8,186.49,187.75,88489.83
2025-07-27 10:45:00,187.75,188.41,187.52,187.57,110919.72
2025-07-27 11:00:00,187.58,188.13,187.58,188.03,59619.2
2025-07-27 11:15:00,188.03,188.41,187.79,188.24,75564.26
2025-07-27 11:30:00,188.24,188.53,187.46,187.5,45319.08
2025-07-27 11:45:00,187.51,187.51,186.74,186.91,67264.5
2025-07-27 12:00:00,186.92,187.27,186.56,187.12,54183.39
2025-07-27 12:15:00,187.12,187.16,186.12,186.3,62836.91
2025-07-27 12:30:00,186.3,186.56,185.41,185.68,120352.99
2025-07-27 12:45:00,185.68,186.47,185.63,186.31,58995.62
2025-07-27 13:00:00,186.3,186.71,186.1,186.49,40802.31
2025-07-27 13:15:00,186.49,186.65,186.12,186.58,23738.83
2025-07-27 13:30:00,186.58,186.61,185.76,185.82,38864.77
2025-07-27 13:45:00,185.82,186.02,185.4,185.66,55248.48
2025-07-27 14:00:00,185.65,186.28,185.46,185.89,70237.14
2025-07-27 14:15:00,185.88,186.42,185.61,185.92,60200.22
2025-07-27 14:30:00,185.91,186.31,185.5,185.67,41484.79
2025-07-27 14:45:00,185.66,185.87,185.04,185.68,94136.23
2025-07-27 15:00:00,185.68,185.81,184.77,185.22,63414.35
2025-07-27 15:15:00,185.21,185.74,184.85,185.52,28465.49
2025-07-27 15:30:00,185.51,185.95,185.25,185.9,41587.35
2025-07-27 15:45:00,185.9,186.39,185.73,186.36,51243.69
2025-07-27 16:00:00,186.37,187.77,186.28,187.75,140702.25
2025-07-27 16:15:00,187.75,188.44,187.48,188.39,171715.73
2025-07-27 16:30:00,188.39,189.71,188.32,188.76,384459.51
2025-07-27 16:45:00,188.75,189.59,186.84,187.55,393925.91
2025-07-27 17:00:00,187.56,187.83,186.36,186.67,124317.06
2025-07-27 17:15:00,186.67,186.99,185.84,186.89,90341.88
2025-07-27 17:30:00,186.89,187.45,186.54,187.14,92307.08
2025-07-27 17:45:00,187.15,188.28,187.07,187.97,50997.66
2025-07-27 18:00:00,187.96,188.58,187.6,188.52,55139.21
2025-07-27 18:15:00,188.51,188.72,187.92,188.41,49396.84
2025-07-27 18:30:00,188.41,188.68,187.53,187.98,41012.69
2025-07-27 18:45:00,187.98,188.63,187.38,188.3,39821.45
2025-07-27 19:00:00,188.29,188.5,187.71,187.88,25827.82
2025-07-27 19:15:00,187.88,187.89,187.29,187.42,20457.61
2025-07-27 19:30:00,187.43,187.82,187.11,187.13,22605.57
2025-07-27 19:45:00,187.14,187.4,186.8,186.86,27403.98
2025-07-27 20:00:00,186.86,187.9,186.85,187.76,38014.17
2025-07-27 20:15:00,187.76,188.13,187.53,187.87,18750.92
2025-07-27 20:30:00,187.87,187.88,187.07,187.12,36598.16
2025-07-27 20:45:00,187.13,187.4,186.59,187.03,24069.45
2025-07-27 21:00:00,187.03,187.37,186.5,186.5,24988.48
2025-07-27 21:15:00,186.5,186.92,186.34,186.88,18222.9
2025-07-27 21:30:00,186.87,187.24,186.32,186.61,41239.7
2025-07-27 21:45:00,186.61,187.89,186.61,187.89,21519.38
2025-07-27 22:00:00,187.89,190.3,187.73,190.13,178606.54
2025-07-27 22:15:00,190.13,190.66,189.4,189.95,111781.22
2025-07-27 22:30:00,189.94,190.26,189.43,189.96,73267.11
2025-07-27 22:45:00,189.97,189.98,188.81,188.83,64758.66
2025-07-27 23:00:00,188.84,189.02,187.07,187.45,150639.91
2025-07-27 23:15:00,187.46,188.03,187.4,187.95,73346.88
2025-07-27 23:30:00,187.95,188.4,187.46,188.21,52745.22
2025-07-27 23:45:00,188.2,188.73,188.11,188.54,37779.9
2025-07-28 00:00:00,188.54,188.92,187.98,188.92,36239.7
2025-07-28 00:15:00,188.92,191.06,188.79,190.89,128806.27
2025-07-28 00:30:00,190.89,191.0,189.33,189.38,103273.9
2025-07-28 00:45:00,189.39,190.0,188.88,189.59,66870.61
2025-07-28 01:00:00,189.6,189.82,188.62,189.31,79681.61
2025-07-28 01:15:00,189.3,190.09,188.64,189.12,62059.72
2025-07-28 01:30:00,189.12,189.13,187.69,187.76,70756.54
2025-07-28 01:45:00,187.77,188.29,187.53,188.19,56494.88
2025-07-28 02:00:00,188.2,188.74,187.77,188.62,50781.92
2025-07-28 02:15:00,188.62,190.89,188.58,190.69,119381.38
2025-07-28 02:30:00,190.69,191.63,190.33,191.48,210415.01
2025-07-28 02:45:00,191.49,191.92,191.05,191.52,147187.64
2025-07-28 03:00:00,191.53,192.46,191.21,191.38,171064.13
2025-07-28 03:15:00,191.38,192.06,191.22,191.68,82741.64
2025-07-28 03:30:00,191.69,193.11,191.53,192.89,191744.95
2025-07-28 03:45:00,192.89,193.74,192.86,193.27,139453.83
2025-07-28 04:00:00,193.27,193.99,192.83,192.87,143662.09
2025-07-28 04:15:00,192.87,193.24,192.42,192.81,106397.48
2025-07-28 04:30:00,192.82,193.24,192.5,192.98,72734.02
2025-07-28 04:45:00,192.98,193.31,192.69,193.0,79205.17
2025-07-28 05:00:00,193.0,193.39,192.61,192.98,49697.99
2025-07-28 05:15:00,192.98,193.67,192.89,193.13,99964.92
2025-07-28 05:30:00,193.13,193.94,192.84,193.64,136560.01
2025-07-28 05:45:00,193.63,195.28,193.21,194.27,189018.56
2025-07-28 06:00:00,194.26,194.46,193.85,194.16,100151.45
2025-07-28 06:15:00,194.17,194.37,193.5,193.58,86299.29
2025-07-28 06:30:00,193.57,193.93,193.47,193.75,53196.7
2025-07-28 06:45:00,193.75,194.25,193.64,193.94,36557.31
2025-07-28 07:00:00,193.94,194.02,191.86,192.03,208371.0
2025-07-28 07:15:00,192.04,192.76,191.51,192.54,152309.29
2025-07-28 07:30:00,192.54,192.54,191.8,191.93,109852.15
2025-07-28 07:45:00,191.94,192.35,191.88,192.25,44451.2
2025-07-28 08:00:00,192.25,192.77,191.93,192.04,61078.75
2025-07-28 08:15:00,192.04,192.4,191.51,192.11,52174.6
2025-07-28 08:30:00,192.11,192.15,191.16,191.8,53304.2
2025-07-28 08:45:00,191.8,192.66,191.58,192.52,47574.92
2025-07-28 09:00:00,192.51,192.78,192.19,192.22,59572.0
2025-07-28 09:15:00,192.23,192.77,192.08,192.41,38231.05
2025-07-28 09:30:00,192.42,192.69,191.78,192.22,83129.32
2025-07-28 09:45:00,192.23,193.26,192.16,193.08,71476.07
2025-07-28 10:00:00,193.09,193.24,192.35,192.36,47858.98
2025-07-28 10:15:00,192.35,193.05,192.18,192.92,43908.82
2025-07-28 10:30:00,192.92,192.93,191.65,191.85,75120.81
2025-07-28 10:45:00,191.84,192.38,191.7,192.24,73294.51
2025-07-28 11:00:00,192.23,192.25,191.51,191.52,37647.41
2025-07-28 11:15:00,191.51,191.65,190.77,190.93,125043.95
2025-07-28 11:30:00,190.92,191.57,190.55,191.39,93066.16
2025-07-28 11:45:00,191.38,191.99,191.37,191.93,35148.17
2025-07-28 12:00:00,191.92,192.26,191.27,192.03,50677.89
2025-07-28 12:15:00,192.03,192.64,191.9,192.37,61077.04
2025-07-28 12:30:00,192.36,193.45,192.09,193.45,73643.34
2025-07-28 12:45:00,193.44,193.45,192.54,192.81,89163.33
2025-07-28 13:00:00,192.81,192.89,191.12,191.16,111196.8
2025-07-28 13:15:00,191.16,191.72,189.79,190.48,196984.82
2025-07-28 13:30:00,190.49,191.76,189.2,191.16,275650.77
2025-07-28 13:45:00,191.16,191.63,189.63,190.13,118281.37
2025-07-28 14:00:00,190.12,190.63,189.33,189.54,101340.28
2025-07-28 14:15:00,189.55,189.78,186.83,187.35,482513.85
2025-07-28 14:30:00,187.35,188.1,186.62,187.85,235017.07
2025-07-28 14:45:00,187.86,187.95,187.03,187.42,91448.93
2025-07-28 15:00:00,187.42,188.03,187.14,188.0,82587.75
2025-07-28 15:15:00,187.99,188.83,187.89,188.62,133505.12
2025-07-28 15:30:00,188.62,188.98,187.61,187.61,79286.75
2025-07-28 15:45:00,187.62,188.0,186.43,187.09,135209.39
2025-07-28 16:00:00,187.08,187.08,186.02,186.52,96544.04
2025-07-28 16:15:00,186.54,187.35,186.38,187.23,68728.97
2025-07-28 16:30:00,187.23,187.59,186.38,187.58,63696.47
2025-07-28 16:45:00,187.57,187.93,186.37,186.58,61170.02
2025-07-28 17:00:00,186.58,187.37,186.42,186.52,46939.31
2025-07-28 17:15:00,186.52,186.88,185.64,186.83,217713.64
2025-07-28 17:30:00,186.83,187.0,185.39,185.82,215602.96
2025-07-28 17:45:00,185.81,186.14,185.26,185.79,51484.07
2025-07-28 18:00:00,185.79,186.16,184.49,185.74,367055.62
2025-07-28 18:15:00,185.74,185.81,184.27,184.5,167964.55
2025-07-28 18:30:00,184.5,185.15,183.3,184.98,396064.59
2025-07-28 18:45:00,184.98,185.35,184.7,185.06,58139.65
2025-07-28 19:00:00,185.07,186.33,185.0,185.78,131526.07
2025-07-28 19:15:00,185.78,186.0,185.3,185.62,52580.38
2025-07-28 19:30:00,185.62,185.62,184.39,184.47,81925.05
2025-07-28 19:45:00,184.48,185.36,183.54,185.17,147685.25
2025-07-28 20:00:00,185.17,185.43,183.85,184.05,97145.86
2025-07-28 20:15:00,184.04,184.49,182.49,182.76,133306.65
2025-07-28 20:30:00,182.75,184.48,182.6,183.67,112812.03
2025-07-28 20:45:00,183.67,184.64,183.5,184.1,42425.02
2025-07-28 21:00:00,184.1,184.95,183.86,184.34,52150.88
2025-07-28 21:15:00,184.34,184.64,183.23,183.92,47263.52
2025-07-28 21:30:00,183.92,185.16,183.64,185.05,75629.2
2025-07-28 21:45:00,185.05,185.08,183.42,184.17,51997.33
2025-07-28 22:00:00,184.16,184.56,183.46,183.92,46647.56
2025-07-28 22:15:00,183.93,184.07,183.21,183.52,48675.09
2025-07-28 22:30:00,183.52,183.64,182.03,182.72,133058.34
2025-07-28 22:45:00,182.72,183.55,182.49,183.54,61930.51
2025-07-28 23:00:00,183.54,183.95,182.91,183.44,37556.28
2025-07-28 23:15:00,183.44,183.99,182.92,182.92,38429.99
2025-07-28 23:30:00,182.93,183.73,182.87,182.88,40658.4
2025-07-28 23:45:00,182.87,183.26,182.11,183.03,62292.91
2025-07-29 00:00:00,183.03,184.1,182.55,184.09,139986.06
2025-07-29 00:15:00,184.08,184.62,183.88,183.92,109077.92
2025-07-29 00:30:00,183.92,184.15,180.84,181.79,368035.2
2025-07-29 00:45:00,181.78,182.73,181.56,182.71,101138.27
2025-07-29 01:00:00,182.7,183.44,182.39,183.23,60972.23
2025-07-29 01:15:00,183.23,183.96,183.23,183.77,43782.4
2025-07-29 01:30:00,183.77,183.93,183.25,183.3,33746.99
2025-07-29 01:45:00,183.3,183.31,181.57,181.66,108239.16
2025-07-29 02:00:00,181.67,182.35,181.47,182.14,72618.79
2025-07-29 02:15:00,182.14,182.14,180.54,181.82,132646.88
2025-07-29 02:30:00,181.82,182.26,181.16,181.8,60872.62
2025-07-29 02:45:00,181.8,182.28,181.27,182.18,79726.01
2025-07-29 03:00:00,182.19,183.56,182.15,183.49,113249.96
2025-07-29 03:15:00,183.49,183.5,182.88,183.36,43602.91
2025-07-29 03:30:00,183.36,184.15,182.97,184.11,65292.7
2025-07-29 03:45:00,184.11,184.6,183.67,184.23,90630.66
2025-07-29 04:00:00,184.23,184.68,184.12,184.61,54658.9
2025-07-29 04:15:00,184.61,184.62,183.77,183.81,58805.2
2025-07-29 04:30:00,183.82,184.14,183.42,183.59,42254.2
2025-07-29 04:45:00,183.59,183.74,183.14,183.33,46276.94
2025-07-29 05:00:00,183.32,184.06,183.22,183.73,32595.77
2025-07-29 05:15:00,183.73,183.93,183.14,183.86,28773.68
2025-07-29 05:30:00,183.86,184.56,183.7,184.41,50999.13
2025-07-29 05:45:00,184.41,184.77,184.35,184.77,40661.46
2025-07-29 06:00:00,184.76,184.97,184.4,184.89,50494.23
2025-07-29 06:15:00,184.89,185.47,184.73,185.07,105809.21
2025-07-29 06:30:00,185.06,185.27,184.66,185.24,57615.31
2025-07-29 06:45:00,185.23,185.31,184.67,184.71,50707.07
2025-07-29 07:00:00,184.72,185.48,184.71,185.08,56018.81
2025-07-29 07:15:00,185.09,185.55,184.82,185.07,44037.21
2025-07-29 07:30:00,185.08,186.16,184.9,186.15,79240.77
2025-07-29 07:45:00,186.14,186.5,185.71,185.94,119792.2
2025-07-29 08:00:00,185.95,186.4,185.6,185.71,65650.75
2025-07-29 08:15:00,185.71,186.17,184.83,185.02,59151.84
2025-07-29 08:30:00,185.02,185.59,185.02,185.37,36456.42
2025-07-29 08:45:00,185.37,185.77,184.76,184.82,58910.45
2025-07-29 09:00:00,184.82,185.09,184.31,184.41,72622.42
2025-07-29 09:15:00,184.42,185.12,184.12,184.98,66974.92
2025-07-29 09:30:00,184.98,185.03,184.25,184.62,31882.62
2025-07-29 09:45:00,184.61,184.72,184.21,184.5,42283.4
2025-07-29 10:00:00,184.49,184.69,183.27,183.37,108599.65
2025-07-29 10:15:00,183.37,183.85,183.06,183.57,79407.93
2025-07-29 10:30:00,183.57,184.13,183.13,183.19,66139.71
2025-07-29 10:45:00,183.19,183.26,182.13,182.28,103069.33
2025-07-29 11:00:00,182.27,182.92,182.26,182.92,42422.01
2025-07-29 11:15:00,182.92,183.31,182.77,183.19,41149.87
2025-07-29 11:30:00,183.19,183.41,182.36,182.66,54367.88
2025-07-29 11:45:00,182.67,182.9,182.51,182.83,23628.77
2025-07-29 12:00:00,182.83,183.38,182.45,182.7,50951.27
2025-07-29 12:15:00,182.71,183.97,182.71,183.8,87254.14
2025-07-29 12:30:00,183.8,184.4,183.22,184.36,57599.25
2025-07-29 12:45:00,184.35,184.44,183.7,183.8,40433.26
2025-07-29 13:00:00,183.8,184.2,183.15,183.8,50008.34
2025-07-29 13:15:00,183.8,184.89,183.62,184.48,96782.97
2025-07-29 13:30:00,184.48,184.9,183.46,183.85,81421.53
2025-07-29 13:45:00,183.86,184.19,182.06,182.6,131478.33
2025-07-29 14:00:00,182.6,182.7,180.43,181.08,333169.46
2025-07-29 14:15:00,181.08,181.86,180.91,181.82,128373.38
2025-07-29 14:30:00,181.82,181.96,180.8,181.43,245359.36
2025-07-29 14:45:00,181.44,181.58,179.52,180.31,432588.14
2025-07-29 15:00:00,180.3,180.91,179.16,180.3,331244.87
2025-07-29 15:15:00,180.31,180.69,179.91,180.16,98972.98
2025-07-29 15:30:00,180.16,180.6,179.51,180.49,99985.37
2025-07-29 15:45:00,180.49,181.4,180.43,180.71,92803.13
2025-07-29 16:00:00,180.71,180.87,179.35,179.73,103028.36
2025-07-29 16:15:00,179.73,179.93,178.66,179.5,155307.73
2025-07-29 16:30:00,179.51,179.62,178.2,179.4,177401.29
2025-07-29 16:45:00,179.4,180.1,179.15,180.02,137624.19
2025-07-29 17:00:00,180.02,181.07,179.75,181.04,97326.59
2025-07-29 17:15:00,181.03,181.59,180.51,181.37,111075.68
2025-07-29 17:30:00,181.38,181.61,180.46,180.46,61593.92
2025-07-29 17:45:00,180.47,181.62,180.47,181.38,46614.57
2025-07-29 18:00:00,181.37,181.53,180.6,181.21,43936.11
2025-07-29 18:15:00,181.21,181.87,181.15,181.82,45747.1
2025-07-29 18:30:00,181.81,182.05,181.38,181.5,42261.9
2025-07-29 18:45:00,181.51,181.65,180.88,181.38,30175.84
2025-07-29 19:00:00,181.39,181.67,180.98,181.67,47118.77
2025-07-29 19:15:00,181.66,182.32,180.3,180.63,260746.91
2025-07-29 19:30:00,180.64,181.52,180.52,181.28,33513.99
2025-07-29 19:45:00,181.28,181.61,180.97,181.01,34715.12
2025-07-29 20:00:00,181.02,181.28,179.9,180.27,102228.91
2025-07-29 20:15:00,180.26,181.79,179.72,180.86,160549.9
2025-07-29 20:30:00,180.86,180.93,179.64,179.91,57541.37
2025-07-29 20:45:00,179.92,180.25,179.46,179.97,47434.95
2025-07-29 21:00:00,179.98,180.13,179.21,179.91,36448.84
2025-07-29 21:15:00,179.9,179.98,179.2,179.83,29776.51
2025-07-29 21:30:00,179.82,180.5,179.76,180.01,23589.21
2025-07-29 21:45:00,180.01,181.54,180.01,181.14,44322.87
2025-07-29 22:00:00,181.14,181.59,180.31,180.35,76373.25
2025-07-29 22:15:00,180.35,181.24,180.35,181.18,19148.9
2025-07-29 22:30:00,181.18,181.4,181.03,181.11,16338.88
2025-07-29 22:45:00,181.11,181.74,181.01,181.61,32555.05
2025-07-29 23:00:00,181.61,181.7,181.13,181.37,51855.04
2025-07-29 23:15:00,181.36,181.59,181.08,181.47,23738.81
2025-07-29 23:30:00,181.47,181.91,181.03,181.04,37206.27
2025-07-29 23:45:00,181.05,181.41,180.79,181.37,27280.55
2025-07-30 00:00:00,181.37,181.49,180.56,181.08,46676.68
2025-07-30 00:15:00,181.08,181.29,180.18,180.45,39859.3
2025-07-30 00:30:00,180.46,180.66,179.46,179.73,70309.25
2025-07-30 00:45:00,179.73,180.17,179.17,180.11,66491.57
2025-07-30 01:00:00,180.11,180.26,179.63,179.98,28593.16
2025-07-30 01:15:00,179.98,180.03,178.73,179.23,90769.97
2025-07-30 01:30:00,179.23,181.26,179.05,181.08,103114.8
2025-07-30 01:45:00,181.07,181.84,180.99,181.26,103865.63
2025-07-30 02:00:00,181.26,182.3,181.01,182.21,71926.55
2025-07-30 02:15:00,182.2,182.26,181.41,181.51,67156.94
2025-07-30 02:30:00,181.51,182.17,181.2,181.78,50311.15
2025-07-30 02:45:00,181.78,182.23,181.63,181.68,56272.95
2025-07-30 03:00:00,181.68,181.78,181.3,181.71,33412.42
2025-07-30 03:15:00,181.7,181.94,181.26,181.75,28854.09
2025-07-30 03:30:00,181.76,182.05,181.56,181.99,22990.57
2025-07-30 03:45:00,181.99,182.16,181.41,181.59,35168.71
2025-07-30 04:00:00,181.6,182.02,181.52,181.92,28026.89
2025-07-30 04:15:00,181.93,182.02,181.46,181.47,19818.12
2025-07-30 04:30:00,181.46,181.48,180.26,180.64,98344.09
2025-07-30 04:45:00,180.65,180.65,180.1,180.21,45869.35
2025-07-30 05:00:00,180.21,180.49,179.42,179.45,74245.46
2025-07-30 05:15:00,179.45,180.59,179.22,180.51,95319.18
2025-07-30 05:30:00,180.51,180.68,180.13,180.55,31225.29
2025-07-30 05:45:00,180.55,181.13,180.25,180.92,35899.27
2025-07-30 06:00:00,180.91,181.38,180.83,181.18,30491.34
2025-07-30 06:15:00,181.18,181.4,180.84,181.3,31159.61
2025-07-30 06:30:00,181.31,181.55,180.68,181.46,35137.74
2025-07-30 06:45:00,181.45,181.99,181.26,181.88,46071.05
2025-07-30 07:00:00,181.89,182.46,181.4,181.53,95417.93
2025-07-30 07:15:00,181.53,181.89,181.07,181.88,40770.36
2025-07-30 07:30:00,181.89,182.14,180.94,181.2,44589.14
2025-07-30 07:45:00,181.2,181.23,180.25,180.73,60482.02
2025-07-30 08:00:00,180.72,181.17,179.85,179.86,79273.88
2025-07-30 08:15:00,179.86,180.36,179.71,180.23,104792.45
2025-07-30 08:30:00,180.24,181.22,179.92,181.03,61605.98
2025-08-06 15:30:00,167.83,168.54,167.68,168.1,76900.54
2025-08-06 15:45:00,168.11,169.44,167.63,168.97,232485.33
2025-08-06 16:00:00,168.98,169.4,168.16,168.33,177295.27
2025-08-06 16:15:00,168.34,168.56,167.54,167.83,152435.96
2025-08-06 16:30:00,167.82,168.03,167.24,167.31,75796.12
2025-08-06 16:45:00,167.31,167.89,167.26,167.68,57626.55
2025-08-06 17:00:00,167.67,167.86,167.09,167.39,51558.13
2025-08-06 17:15:00,167.39,168.19,167.37,168.19,54239.39
2025-08-06 17:30:00,168.18,168.56,167.88,168.5,41920.62
2025-08-06 17:45:00,168.49,169.05,168.41,169.05,50450.04
2025-08-06 18:00:00,169.05,169.85,169.04,169.69,83935.34
2025-08-06 18:15:00,169.7,169.83,168.44,168.61,103754.23
2025-08-06 18:30:00,168.6,168.93,168.32,168.46,38617.69
2025-08-06 18:45:00,168.46,168.78,168.35,168.46,21702.59
2025-08-06 19:00:00,168.46,168.8,168.33,168.54,36745.3
2025-08-06 19:15:00,168.54,169.09,168.15,168.55,67661.99
2025-08-06 19:30:00,168.55,168.59,168.08,168.12,23977.95
2025-08-06 19:45:00,168.13,168.78,167.9,168.74,54150.68
2025-08-06 20:00:00,168.75,168.8,168.25,168.35,34930.68
2025-08-06 20:15:00,168.34,168.57,168.29,168.33,10174.93
2025-08-06 20:30:00,168.33,168.53,167.7,167.91,36293.04
2025-08-06 20:45:00,167.91,168.02,167.69,167.93,34750.56
2025-08-06 21:00:00,167.93,168.44,167.9,168.43,21471.23
2025-08-06 21:15:00,168.43,168.53,168.07,168.11,13832.19
2025-08-06 21:30:00,168.11,168.19,167.24,167.62,46403.62
2025-08-06 21:45:00,167.62,168.04,167.62,167.98,17528.35
2025-08-06 22:00:00,167.98,168.45,167.75,168.24,28251.42
2025-08-06 22:15:00,168.23,168.38,168.03,168.3,15134.3
2025-08-06 22:30:00,168.29,168.36,168.06,168.13,14619.67
2025-08-06 22:45:00,168.13,168.35,168.07,168.33,11291.09
2025-08-06 23:00:00,168.33,168.38,167.92,168.12,36552.3
2025-08-06 23:15:00,168.12,168.19,167.83,167.94,15931.86
2025-08-06 23:30:00,167.95,168.2,167.94,168.16,15549.2
2025-08-06 23:45:00,168.16,168.25,167.96,168.01,15467.37
2025-08-07 00:00:00,168.02,168.1,167.43,167.85,32809.88
2025-08-07 00:15:00,167.84,167.93,167.5,167.93,34642.75
2025-08-07 00:30:00,167.92,168.36,167.91,168.02,38848.9
2025-08-07 00:45:00,168.01,168.02,167.71,167.82,24224.07
2025-08-07 01:00:00,167.82,168.27,167.68,168.18,17130.81
2025-08-07 01:15:00,168.18,168.75,168.13,168.6,62552.59
2025-08-07 01:30:00,168.6,168.92,168.34,168.72,44278.13
2025-08-07 01:45:00,168.72,168.85,167.61,167.79,59243.76
2025-08-07 02:00:00,167.8,167.95,167.43,167.88,49772.72
2025-08-07 02:15:00,167.87,167.96,167.5,167.62,24213.7
2025-08-07 02:30:00,167.62,167.67,166.89,166.89,77026.81
2025-08-07 02:45:00,166.9,167.2,166.69,167.0,37686.93
2025-08-07 03:00:00,167.0,167.38,166.97,167.02,28376.9
2025-08-07 03:15:00,167.02,167.17,166.63,166.88,37451.42
2025-08-07 03:30:00,166.88,167.17,166.77,167.05,32168.01
2025-08-07 03:45:00,167.05,167.18,166.73,166.81,20153.64
2025-08-07 04:00:00,166.82,167.26,166.69,167.12,44877.86
2025-08-07 04:15:00,167.12,167.53,167.04,167.33,30835.3
2025-08-07 04:30:00,167.32,167.35,167.0,167.06,12819.58
2025-08-07 04:45:00,167.06,167.09,166.8,167.07,24602.31
2025-08-07 05:00:00,167.07,167.14,166.83,167.05,17706.74
2025-08-07 05:15:00,167.05,167.61,166.97,167.58,24301.69
2025-08-07 05:30:00,167.58,167.87,167.45,167.71,25294.76
2025-08-07 05:45:00,167.7,168.67,167.65,168.65,65157.0
2025-08-07 06:00:00,168.64,169.41,168.48,169.17,118881.14
2025-08-07 06:15:00,169.17,169.17,168.65,168.85,75216.48
2025-08-07 06:30:00,168.84,169.16,168.71,169.12,34734.28
2025-08-07 06:45:00,169.12,169.63,168.97,169.1,72110.11
2025-08-07 07:00:00,169.1,169.79,169.06,169.73,51928.97
2025-08-07 07:15:00,169.73,170.29,169.56,170.03,171745.43
2025-08-07 07:30:00,170.04,170.14,169.58,169.78,83193.22
2025-08-07 07:45:00,169.78,169.94,169.38,169.89,66477.36
2025-08-07 08:00:00,169.89,170.46,169.7,169.7,94831.46
2025-08-07 08:15:00,169.71,170.24,169.65,169.88,73920.99
2025-08-07 08:30:00,169.88,169.9,169.37,169.44,66811.26
2025-08-07 08:45:00,169.45,169.5,169.14,169.28,41484.92
2025-08-07 09:00:00,169.29,169.52,168.97,169.03,53089.41
2025-08-07 09:15:00,169.02,169.52,168.99,169.51,42624.75
2025-08-07 09:30:00,169.51,169.6,169.12,169.45,27042.86
2025-08-07 09:45:00,169.45,169.67,169.26,169.56,28929.58
2025-08-07 10:00:00,169.56,171.43,169.31,171.36,259646.72
2025-08-07 10:15:00,171.37,172.1,170.92,172.05,256829.61
2025-08-07 10:30:00,172.05,173.14,171.98,172.87,312290.55
2025-08-07 10:45:00,172.86,173.25,172.52,173.05,125424.35
2025-08-07 11:00:00,173.04,173.29,172.46,172.84,88784.99
2025-08-07 11:15:00,172.83,173.39,172.61,173.36,164631.46
2025-08-07 11:30:00,173.37,173.45,172.92,173.11,92741.92
2025-08-07 11:45:00,173.12,173.31,172.55,172.77,109234.69
2025-08-07 12:00:00,172.76,173.13,172.04,172.21,198639.32
2025-08-07 12:15:00,172.22,172.51,171.74,172.11,156321.52
2025-08-07 12:30:00,172.11,172.43,171.7,172.16,78791.95
2025-08-07 12:45:00,172.17,172.37,171.4,172.36,74677.5
2025-08-07 13:00:00,172.37,172.56,172.03,172.03,65262.15
2025-08-07 13:15:00,172.04,172.15,171.81,171.89,43562.32
2025-08-07 13:30:00,171.9,172.58,171.66,172.2,147081.51
2025-08-07 13:45:00,172.2,172.21,171.14,171.63,149215.63
2025-08-07 14:00:00,171.64,171.72,170.35,170.45,192676.46
2025-08-07 14:15:00,170.45,170.87,170.12,170.36,91919.02
2025-08-07 14:30:00,170.36,170.81,169.85,170.4,110837.02
2025-08-07 14:45:00,170.41,170.66,170.04,170.2,89361.23
2025-08-07 15:00:00,170.2,170.42,169.61,169.79,92341.85
2025-08-07 15:15:00,169.8,170.65,169.72,170.22,68437.97
2025-08-07 15:30:00,170.23,170.71,170.21,170.65,48621.09
2025-08-07 15:45:00,170.65,170.73,169.99,170.39,62495.9
2025-08-07 16:00:00,170.38,170.52,169.85,169.99,48595.45
2025-08-07 16:15:00,169.98,170.32,169.6,170.14,58938.37
2025-08-07 16:30:00,170.14,170.22,168.43,168.45,124002.66
2025-08-07 16:45:00,168.45,168.65,166.87,168.11,353547.61
2025-08-07 17:00:00,168.11,168.53,167.86,168.35,100918.6
2025-08-07 17:15:00,168.35,169.09,168.27,168.69,82832.11
2025-08-07 17:30:00,168.69,169.24,168.43,169.21,65384.15
2025-08-07 17:45:00,169.21,169.45,169.02,169.32,47843.03
2025-08-07 18:00:00,169.31,169.35,168.77,168.88,48517.88
2025-08-07 18:15:00,168.88,169.37,168.65,169.3,31096.66
2025-08-07 18:30:00,169.29,169.37,169.0,169.06,21850.52
2025-08-07 18:45:00,169.06,169.86,169.03,169.71,36014.92
2025-08-07 19:00:00,169.71,170.2,169.68,170.17,49518.4
2025-08-07 19:15:00,170.17,170.34,169.88,170.3,53071.56
2025-08-07 19:30:00,170.31,170.88,170.23,170.87,68109.85
2025-08-07 19:45:00,170.87,171.81,170.86,171.65,141034.62
2025-08-07 20:00:00,171.65,172.23,171.44,171.87,115225.7
2025-08-07 20:15:00,171.87,172.6,171.71,172.6,50658.23
2025-08-07 20:30:00,172.6,173.07,172.6,172.9,70867.79
2025-08-07 20:45:00,172.9,173.09,172.28,172.86,87972.49
2025-08-07 21:00:00,172.86,172.93,172.43,172.57,70523.02
2025-08-07 21:15:00,172.57,173.69,172.56,173.44,161404.93
2025-08-07 21:30:00,173.44,173.88,173.09,173.39,137360.86
2025-08-07 21:45:00,173.39,174.08,172.76,173.45,94544.27
2025-08-07 22:00:00,173.45,174.25,173.44,174.02,94763.45
2025-08-07 22:15:00,174.03,174.31,173.59,174.07,59154.45
2025-08-07 22:30:00,174.06,174.16,173.6,174.13,41057.73
2025-08-07 22:45:00,174.13,175.07,174.11,175.0,101876.86
2025-08-07 23:00:00,175.0,175.05,174.29,174.33,91685.45
2025-08-07 23:15:00,174.33,175.0,174.32,174.58,88437.93
2025-08-07 23:30:00,174.58,175.28,174.53,175.22,68537.7
2025-08-07 23:45:00,175.22,175.42,175.09,175.29,118621.24
2025-08-08 00:00:00,175.29,175.3,174.2,174.94,131611.56
2025-08-08 00:15:00,174.93,174.97,173.73,174.23,209203.37
2025-08-08 00:30:00,174.23,175.5,173.53,174.94,177437.46
2025-08-08 00:45:00,174.95,175.17,174.12,174.21,99662.17
2025-08-08 01:00:00,174.2,174.76,173.3,174.69,213601.12
2025-08-08 01:15:00,174.68,174.69,173.44,173.78,133569.37
2025-08-08 01:30:00,173.79,174.1,173.54,173.98,61040.92
2025-08-08 01:45:00,173.98,174.6,173.87,174.44,56448.81
2025-08-08 02:00:00,174.43,174.73,174.09,174.2,48931.69
2025-08-08 02:15:00,174.21,174.25,173.74,173.89,57026.5
2025-08-08 02:30:00,173.89,174.4,173.81,174.31,31717.85
2025-08-08 02:45:00,174.31,175.18,174.3,174.71,99409.34
2025-08-08 03:00:00,174.71,175.03,174.55,174.9,48243.02
2025-08-08 03:15:00,174.9,175.84,174.85,175.56,138420.59
2025-08-08 03:30:00,175.57,175.7,174.8,174.83,129571.46
2025-08-08 03:45:00,174.84,174.84,174.38,174.62,47637.93
2025-08-08 04:00:00,174.62,174.77,173.78,174.17,80988.85
2025-08-08 04:15:00,174.17,174.75,174.11,174.74,37069.94
2025-08-08 04:30:00,174.74,175.08,174.49,174.55,75473.61
2025-08-08 04:45:00,174.56,174.84,174.26,174.26,26316.57
2025-08-08 05:00:00,174.27,174.47,173.92,174.34,58859.09
2025-08-08 05:15:00,174.36,174.69,174.09,174.55,61576.53
2025-08-08 05:30:00,174.55,174.6,174.23,174.47,43030.42
2025-08-08 05:45:00,174.47,174.56,174.05,174.1,30896.34
2025-08-08 06:00:00,174.1,174.44,173.75,174.39,42731.96
2025-08-08 06:15:00,174.4,174.64,173.96,174.61,30982.74
2025-08-08 06:30:00,174.62,174.88,174.31,174.59,28093.66
2025-08-08 06:45:00,174.59,175.03,174.3,174.97,32413.21
2025-08-08 07:00:00,174.97,175.08,174.21,174.61,35168.26
2025-08-08 07:15:00,174.62,175.68,174.62,175.44,101430.81
2025-08-08 07:30:00,175.43,176.46,175.31,175.98,124261.12
2025-08-08 07:45:00,175.98,177.77,175.96,177.05,227120.54
2025-08-08 08:00:00,177.04,177.72,176.62,176.72,128032.64
2025-08-08 08:15:00,176.72,176.95,175.77,175.85,100309.81
2025-08-08 08:30:00,175.85,175.86,175.18,175.36,100838.38
2025-08-08 08:45:00,175.37,175.39,174.8,175.3,81172.17
2025-08-08 09:00:00,175.3,175.74,174.92,175.43,70325.99
2025-08-08 09:15:00,175.42,175.88,174.93,175.4,57293.86
2025-08-08 09:30:00,175.41,175.58,175.0,175.25,55353.13
2025-08-08 09:45:00,175.26,176.12,175.23,175.95,44839.11
2025-08-08 10:00:00,175.96,176.35,175.89,176.15,40823.53
2025-08-08 10:15:00,176.15,176.4,175.62,175.78,29259.98
2025-08-08 10:30:00,175.77,176.98,175.77,176.44,67043.09
2025-08-08 10:45:00,176.44,176.79,175.89,176.57,38747.53
2025-08-08 11:00:00,176.57,177.13,176.47,177.1,57826.19
2025-08-08 11:15:00,177.1,177.35,177.0,177.08,63887.72
2025-08-08 11:30:00,177.09,177.87,177.06,177.66,110635.72
2025-08-08 11:45:00,177.67,177.83,177.37,177.56,37139.35
2025-08-08 12:00:00,177.57,177.58,176.19,176.7,111458.68
2025-08-08 12:15:00,176.7,176.9,176.22,176.54,57876.32
2025-08-08 12:30:00,176.54,176.71,176.04,176.41,37563.46
2025-08-08 12:45:00,176.42,176.78,176.2,176.36,33437.83
2025-08-08 13:00:00,176.36,176.53,175.79,175.8,62338.0
2025-08-08 13:15:00,175.79,176.48,175.37,176.36,96862.48
2025-08-08 13:30:00,176.36,176.84,175.7,176.77,117883.13
2025-08-08 13:45:00,176.77,178.69,176.72,178.52,287177.67
2025-08-08 14:00:00,178.53,179.05,176.9,177.36,298201.68
2025-08-08 14:15:00,177.37,177.53,176.62,177.22,138414.61
2025-08-08 14:30:00,177.23,177.31,175.34,175.84,175644.87
2025-08-08 14:45:00,175.85,176.6,175.78,176.39,107855.97
2025-08-08 15:00:00,176.4,176.58,174.87,175.25,164870.29
2025-08-08 15:15:00,175.24,175.76,174.86,175.32,89814.91
2025-08-08 15:30:00,175.31,175.54,174.13,174.25,162118.5
2025-08-08 15:45:00,174.25,175.3,174.25,175.13,110695.32
2025-08-08 16:00:00,175.14,176.09,175.11,175.68,135130.6
2025-08-08 16:15:00,175.69,176.26,175.4,175.87,82185.44
2025-08-08 16:30:00,175.88,176.12,175.22,175.38,106965.94
2025-08-08 16:45:00,175.38,175.92,175.37,175.83,35010.36
2025-08-08 17:00:00,175.81,176.62,175.46,176.44,69874.49
2025-08-08 17:15:00,176.45,177.14,176.28,176.95,82116.01
2025-08-08 17:30:00,176.95,178.09,176.88,177.73,140362.14
2025-08-08 17:45:00,177.73,179.31,177.47,179.31,186060.35
2025-08-08 18:00:00,179.31,179.55,178.74,179.01,193934.96
2025-08-08 18:15:00,179.01,179.61,178.17,178.17,171057.62
2025-08-08 18:30:00,178.18,178.97,177.53,177.84,116242.57
2025-08-08 18:45:00,177.85,177.9,177.14,177.52,147301.11
2025-08-08 19:00:00,177.52,177.9,177.31,177.59,99941.68
2025-08-08 19:15:00,177.58,178.36,177.54,177.9,82644.57
2025-08-08 19:30:00,177.9,178.21,177.4,177.84,48837.74
2025-08-08 19:45:00,177.84,178.44,177.35,178.41,79641.19
2025-08-08 20:00:00,178.42,178.69,177.41,177.51,52353.17
2025-08-08 20:15:00,177.52,177.59,177.15,177.5,34598.83
2025-08-08 20:30:00,177.5,177.8,177.4,177.74,22840.54
2025-08-08 20:45:00,177.74,178.2,177.54,178.18,41426.72
2025-08-08 21:00:00,178.17,178.53,177.4,177.91,102102.09
2025-08-08 21:15:00,177.9,177.9,177.33,177.43,18209.8
2025-08-08 21:30:00,177.43,177.88,177.43,177.61,16802.52
2025-08-08 21:45:00,177.61,177.94,177.5,177.5,11250.86
2025-08-08 22:00:00,177.51,177.75,176.96,177.72,50157.27
2025-08-08 22:15:00,177.73,177.99,177.55,177.61,25601.68
2025-08-08 22:30:00,177.61,177.87,177.27,177.66,33398.99
2025-08-08 22:45:00,177.66,177.88,177.49,177.54,15251.11
2025-08-08 23:00:00,177.54,177.84,177.5,177.61,15180.64
2025-08-08 23:15:00,177.62,177.71,177.44,177.56,15662.31
2025-08-08 23:30:00,177.57,177.57,176.55,176.66,67688.61
2025-08-08 23:45:00,176.67,176.89,176.58,176.71,34637.74
2025-08-09 00:00:00,176.71,177.06,176.58,177.04,49733.67
2025-08-09 00:15:00,177.03,177.19,176.68,176.92,27728.95
2025-08-09 00:30:00,176.91,177.04,176.54,176.95,37802.59
2025-08-09 00:45:00,176.94,177.02,176.6,176.88,20710.17
2025-08-09 01:00:00,176.87,177.33,176.6,177.13,41789.51
2025-08-09 01:15:00,177.12,177.35,176.77,176.9,40962.06
2025-08-09 01:30:00,176.9,178.23,176.87,178.2,78489.0
2025-08-09 01:45:00,178.19,178.95,177.89,178.59,75063.33
2025-08-09 02:00:00,178.6,178.61,178.0,178.19,32981.45
2025-08-09 02:15:00,178.2,178.4,178.01,178.16,25241.23
2025-08-09 02:30:00,178.15,178.16,177.56,177.77,44121.49
2025-08-09 02:45:00,177.78,177.78,177.43,177.5,25358.65
2025-08-09 03:00:00,177.5,177.51,177.01,177.42,49746.8
2025-08-09 03:15:00,177.41,177.7,177.31,177.37,39423.95
2025-08-09 03:30:00,177.37,177.39,177.03,177.21,32801.11
2025-08-09 03:45:00,177.21,177.27,176.95,177.21,44602.67
2025-08-09 04:00:00,177.21,177.63,176.86,177.57,72184.85
2025-08-09 04:15:00,177.56,177.92,177.32,177.36,71280.41
2025-08-09 04:30:00,177.37,178.46,177.29,177.9,86272.15
2025-08-09 04:45:00,177.9,178.77,177.8,178.59,55706.62
2025-08-09 05:00:00,178.59,180.62,178.17,180.11,419223.52
2025-08-09 05:15:00,180.1,181.83,180.0,181.58,251412.14
2025-08-09 05:30:00,181.59,182.09,180.94,181.13,209635.53
2025-08-09 05:45:00,181.13,181.77,180.73,180.79,85791.92
2025-08-09 06:00:00,180.79,180.87,180.0,180.04,160863.13
2025-08-09 06:15:00,180.05,180.27,179.56,179.95,177194.6
2025-08-09 06:30:00,179.95,180.02,179.31,179.73,83924.62
2025-08-09 06:45:00,179.73,179.73,179.24,179.53,58780.31
2025-08-09 07:00:00,179.53,180.33,179.39,180.12,81942.78
2025-08-09 07:15:00,180.12,180.56,180.11,180.54,78312.3
2025-08-09 07:30:00,180.53,180.69,180.15,180.51,96483.18
2025-08-09 07:45:00,180.51,180.55,180.2,180.55,35559.85
2025-08-09 08:00:00,180.54,181.03,180.45,180.5,59877.81
2025-08-09 08:15:00,180.49,181.12,180.32,181.07,57198.7
2025-08-09 08:30:00,181.07,181.62,180.88,181.62,58991.94
2025-08-09 08:45:00,181.62,181.63,180.55,181.33,68752.8
2025-08-09 09:00:00,181.33,181.96,181.02,181.92,69938.81
2025-08-09 09:15:00,181.91,181.99,181.6,181.71,42019.68
2025-08-09 09:30:00,181.71,182.44,181.5,182.12,73736.15
2025-08-09 09:45:00,182.12,182.67,181.79,182.19,87189.48
2025-08-09 10:00:00,182.19,183.23,182.19,182.93,211536.51
2025-08-09 10:15:00,182.92,183.29,182.22,182.45,108299.82
2025-08-09 10:30:00,182.46,182.63,182.04,182.08,84125.35
2025-08-09 10:45:00,182.07,182.53,181.72,181.82,139722.69
2025-08-09 11:00:00,181.83,181.97,181.1,181.12,84002.9
2025-08-09 11:15:00,181.11,181.71,181.09,181.63,40415.28
2025-08-09 11:30:00,181.64,181.67,180.78,181.3,54061.23
2025-08-09 11:45:00,181.3,181.3,180.62,180.74,65226.83
2025-08-09 12:00:00,180.75,181.33,180.29,181.21,133209.05
2025-08-09 12:15:00,181.2,181.86,181.07,181.8,83306.75
2025-08-09 12:30:00,181.8,181.85,181.07,181.21,62401.68
2025-08-09 12:45:00,181.21,182.09,181.19,182.09,44757.99
2025-08-09 13:00:00,182.09,182.4,180.76,180.84,84588.25
2025-08-09 13:15:00,180.85,181.37,180.79,181.08,58921.97
2025-08-09 13:30:00,181.08,181.08,180.33,180.67,64175.35
2025-08-09 13:45:00,180.67,180.72,179.73,179.75,142318.27
2025-08-09 14:00:00,179.75,180.5,178.69,180.47,292174.71
2025-08-09 14:15:00,180.46,180.91,179.87,180.76,91750.25
2025-08-09 14:30:00,180.77,180.78,180.19,180.36,63525.93
2025-08-09 14:45:00,180.35,181.13,180.0,181.05,42942.26
2025-08-09 15:00:00,181.05,181.59,180.51,180.67,107957.83
2025-08-09 15:15:00,180.67,181.28,179.68,180.13,91399.14
2025-08-09 15:30:00,180.13,180.34,179.66,180.13,66045.8
2025-08-09 15:45:00,180.12,180.55,179.86,180.01,56819.62
2025-08-09 16:00:00,180.01,180.47,179.94,180.29,61520.09
2025-08-09 16:15:00,180.29,180.76,180.14,180.53,47927.51
2025-08-09 16:30:00,180.53,180.72,179.66,180.04,51985.79
2025-08-09 16:45:00,180.04,180.21,179.32,179.58,61131.61
2025-08-09 17:00:00,179.57,180.49,179.53,180.32,75161.99
2025-08-09 17:15:00,180.32,181.15,180.24,181.05,49625.29
2025-08-09 17:30:00,181.05,181.96,180.68,181.22,90254.37
2025-08-09 17:45:00,181.22,181.63,180.87,181.54,44843.98
2025-08-09 18:00:00,181.53,181.77,181.17,181.47,38373.31
2025-08-09 18:15:00,181.47,181.9,181.23,181.83,51390.26
2025-08-17 01:15:00,187.78,187.85,187.24,187.63,59724.46
2025-08-17 01:30:00,187.63,188.59,187.54,187.93,67181.11
2025-08-17 01:45:00,187.92,188.34,187.49,188.28,33327.09
2025-08-17 02:00:00,188.27,188.78,188.1,188.17,77452.02
2025-08-17 02:15:00,188.18,189.48,187.89,189.46,85961.26
2025-08-17 02:30:00,189.46,191.44,189.12,191.41,248049.84
2025-08-17 02:45:00,191.4,191.54,190.79,191.43,164748.48
2025-08-17 03:00:00,191.43,191.78,190.73,190.78,76789.45
2025-08-17 03:15:00,190.78,191.04,190.19,190.54,73524.88
2025-08-17 03:30:00,190.54,191.68,190.41,191.65,95802.93
2025-08-17 03:45:00,191.65,191.85,191.41,191.5,66228.24
2025-08-17 04:00:00,191.5,192.93,191.38,192.28,165312.63
2025-08-17 04:15:00,192.28,192.43,192.05,192.21,89441.93
2025-08-17 04:30:00,192.22,192.58,192.0,192.23,47057.82
2025-08-17 04:45:00,192.23,193.43,192.14,193.27,116842.66
2025-08-17 05:00:00,193.27,193.37,192.73,192.97,84733.27
2025-08-17 05:15:00,192.98,193.15,192.45,192.66,46115.25
2025-08-17 05:30:00,192.66,193.09,192.38,192.93,35163.31
2025-08-17 05:45:00,192.93,193.13,192.46,192.49,37175.64
2025-08-17 06:00:00,192.49,192.84,192.48,192.73,27523.54
2025-08-17 06:15:00,192.74,192.8,192.54,192.59,28330.71
2025-08-17 06:30:00,192.59,192.59,191.84,192.4,76526.07
2025-08-17 06:45:00,192.4,192.4,191.8,191.87,72244.71
2025-08-17 07:00:00,191.87,192.27,191.28,192.16,99734.98
2025-08-17 07:15:00,192.15,192.41,191.62,191.65,45407.57
2025-08-17 07:30:00,191.66,191.95,191.16,191.92,69988.4
2025-08-17 07:45:00,191.93,192.04,191.75,191.78,28005.66
2025-08-17 08:00:00,191.78,192.0,191.59,191.81,26220.76
2025-08-17 08:15:00,191.81,192.12,191.67,192.07,28400.03
2025-08-17 08:30:00,192.06,192.32,191.81,192.21,34830.97
2025-08-17 08:45:00,192.21,193.4,192.19,193.27,164895.96
2025-08-17 09:00:00,193.27,193.51,192.48,192.66,109986.23
2025-08-17 09:15:00,192.67,192.92,192.34,192.51,131948.09
2025-08-17 09:30:00,192.52,192.63,191.4,191.63,140208.77
2025-08-17 09:45:00,191.63,192.25,191.59,192.16,56289.7
2025-08-17 10:00:00,192.15,192.35,191.55,191.81,40958.78
2025-08-17 10:15:00,191.81,191.96,191.65,191.73,17964.11
2025-08-17 10:30:00,191.72,192.31,191.62,192.28,28709.48
2025-08-17 10:45:00,192.28,193.13,192.12,192.99,103863.69
2025-08-17 11:00:00,192.98,193.07,192.3,192.48,62293.51
2025-08-17 11:15:00,192.48,193.46,192.45,192.92,76226.68
2025-08-17 11:30:00,192.92,193.35,192.87,193.23,35105.73
2025-08-17 11:45:00,193.23,193.54,193.22,193.46,56891.67
2025-08-17 12:00:00,193.46,193.68,192.9,193.03,49710.69
2025-08-17 12:15:00,193.03,193.17,192.43,192.48,70230.74
2025-08-17 12:30:00,192.47,192.72,192.18,192.28,43044.0
2025-08-17 12:45:00,192.28,192.32,191.82,192.11,49382.11
2025-08-17 13:00:00,192.11,192.21,191.76,191.87,39134.22
2025-08-17 13:15:00,191.88,192.45,191.88,192.1,43958.68
2025-08-17 13:30:00,192.1,192.76,191.82,192.75,58946.24
2025-08-17 13:45:00,192.76,193.46,192.68,193.11,106047.13
2025-08-17 14:00:00,193.11,193.38,192.81,192.95,55576.37
2025-08-17 14:15:00,192.96,193.29,192.31,193.24,79987.45
2025-08-17 14:30:00,193.24,194.34,193.11,193.9,161365.43
2025-08-17 14:45:00,193.9,194.2,193.53,193.65,63151.23
2025-08-17 15:00:00,193.64,193.89,193.47,193.89,47040.85
2025-08-17 15:15:00,193.88,194.58,193.54,194.57,69569.02
2025-08-17 15:30:00,194.57,195.11,194.29,194.77,108498.06
2025-08-17 15:45:00,194.77,195.45,194.5,195.37,109609.27
2025-08-17 16:00:00,195.38,195.75,194.22,194.31,130784.41
2025-08-17 16:15:00,194.31,194.4,193.66,193.82,133521.11
2025-08-17 16:30:00,193.81,194.07,193.36,193.61,91044.77
2025-08-17 16:45:00,193.61,193.79,192.77,193.13,100404.39
2025-08-17 17:00:00,193.13,193.63,192.99,193.18,49682.29
2025-08-17 17:15:00,193.17,193.3,192.67,193.02,72442.4
2025-08-17 17:30:00,193.02,193.37,192.84,193.15,27427.65
2025-08-17 17:45:00,193.15,193.47,192.94,193.28,44229.77
2025-08-17 18:00:00,193.27,193.45,192.75,192.95,34680.55
2025-08-17 18:15:00,192.94,193.13,192.39,192.65,49595.27
2025-08-17 18:30:00,192.65,193.06,192.46,192.82,39296.13
2025-08-17 18:45:00,192.82,192.98,190.43,192.05,378418.43
2025-08-17 19:00:00,192.06,193.36,191.92,192.65,171657.13
2025-08-17 19:15:00,192.65,192.9,192.45,192.51,47846.04
2025-08-17 19:30:00,192.51,192.55,191.68,191.81,76870.99
2025-08-17 19:45:00,191.81,191.98,190.82,191.12,111448.47
2025-08-17 20:00:00,191.13,191.44,190.91,191.37,41388.51
2025-08-17 20:15:00,191.36,191.57,191.16,191.39,18675.03
2025-08-17 20:30:00,191.39,191.92,191.38,191.91,36838.28
2025-08-17 20:45:00,191.91,191.92,191.02,191.04,32947.66
2025-08-17 21:00:00,191.05,191.49,190.83,191.46,44698.97
2025-08-17 21:15:00,191.46,191.54,190.91,191.19,23098.37
2025-08-17 21:30:00,191.19,191.38,190.87,191.36,30696.79
2025-08-17 21:45:00,191.37,191.51,191.11,191.14,31967.02
2025-08-17 22:00:00,191.15,192.16,191.04,191.59,68353.49
2025-08-17 22:15:00,191.59,192.46,191.39,192.2,105617.47
2025-08-17 22:30:00,192.21,193.08,192.16,193.07,49553.9
2025-08-17 22:45:00,193.07,193.35,192.81,193.0,32797.76
2025-08-17 23:00:00,193.01,193.18,192.45,192.58,37892.72
2025-08-17 23:15:00,192.58,192.68,191.49,191.6,111350.13
2025-08-17 23:30:00,191.6,192.06,191.43,191.83,46707.46
2025-08-17 23:45:00,191.83,191.92,190.77,190.91,73057.95
2025-08-18 00:00:00,190.92,191.24,190.4,191.02,110194.32
2025-08-18 00:15:00,191.01,191.01,189.65,189.9,148066.74
2025-08-18 00:30:00,189.91,190.25,189.51,189.96,109392.6
2025-08-18 00:45:00,189.96,190.3,189.54,190.08,66765.56
2025-08-18 01:00:00,190.07,190.38,189.28,189.51,79165.72
2025-08-18 01:15:00,189.51,189.91,187.78,187.81,178823.91
2025-08-18 01:30:00,187.81,188.7,187.01,187.46,303982.25
2025-08-18 01:45:00,187.46,187.9,186.44,186.47,172002.55
2025-08-18 02:00:00,186.49,186.74,184.93,185.66,399135.12
2025-08-18 02:15:00,185.66,185.86,184.25,184.69,207059.67
2025-08-18 02:30:00,184.69,185.45,183.76,185.04,193654.62
2025-08-18 02:45:00,185.04,185.17,183.29,183.87,241266.83
2025-08-18 03:00:00,183.86,184.49,183.73,183.87,104556.86
2025-08-18 03:15:00,183.88,184.3,183.42,183.65,136552.94
2025-08-18 03:30:00,183.65,183.8,182.12,182.46,366778.39
2025-08-18 03:45:00,182.46,183.05,181.72,182.55,202380.71
2025-08-18 04:00:00,182.55,182.6,181.47,182.31,144169.85
2025-08-18 04:15:00,182.31,182.75,181.76,182.64,76034.78
2025-08-18 04:30:00,182.65,183.32,182.55,182.55,134326.65
2025-08-18 04:45:00,182.56,183.09,182.4,182.78,55781.63
2025-08-18 05:00:00,182.78,183.39,182.76,183.19,89799.61
2025-08-18 05:15:00,183.18,183.19,182.41,182.54,77769.83
2025-08-18 05:30:00,182.55,182.62,181.09,181.75,173133.17
2025-08-18 05:45:00,181.75,182.89,181.1,182.81,140930.02
2025-08-18 06:00:00,182.81,182.83,181.98,182.02,68524.58
2025-08-18 06:15:00,182.03,182.28,180.75,181.26,183042.31
2025-08-18 06:30:00,181.26,181.73,180.32,180.81,150832.83
2025-08-18 06:45:00,180.81,181.58,180.2,181.28,155287.39
2025-08-18 07:00:00,181.27,181.52,180.95,181.15,108697.81
2025-08-18 07:15:00,181.15,181.36,180.2,180.49,114306.8
2025-08-18 07:30:00,180.49,181.02,180.11,180.49,62318.66
2025-08-18 07:45:00,180.49,180.65,180.2,180.55,42593.78
2025-08-18 08:00:00,180.53,181.29,180.48,180.48,93999.08
2025-08-18 08:15:00,180.48,181.52,180.35,181.42,76593.9
2025-08-18 08:30:00,181.42,181.47,180.99,181.06,143528.85
2025-08-18 08:45:00,181.06,181.18,180.6,180.71,85750.9
2025-08-18 09:00:00,180.7,180.72,180.13,180.34,56585.82
2025-08-18 09:15:00,180.34,180.6,179.74,180.24,120050.72
2025-08-18 09:30:00,180.24,181.45,179.93,181.21,198256.85
2025-08-18 09:45:00,181.21,181.85,180.88,181.08,165868.48
2025-08-18 10:00:00,181.08,181.28,180.5,180.58,63581.21
2025-08-18 10:15:00,180.57,181.14,180.42,180.42,50629.78
2025-08-18 10:30:00,180.43,181.24,180.42,181.2,36959.05
2025-08-18 10:45:00,181.2,181.29,180.46,180.65,40536.75
2025-08-18 11:00:00,180.65,180.8,180.42,180.64,42182.07
2025-08-18 11:15:00,180.63,180.83,180.46,180.73,24497.77
2025-08-18 11:30:00,180.73,180.94,180.25,180.89,45747.23
2025-08-18 11:45:00,180.89,181.37,180.66,181.23,69182.81
2025-08-18 12:00:00,181.22,181.95,180.99,181.69,80215.92
2025-08-18 12:15:00,181.68,182.36,181.52,182.05,71054.23
2025-08-18 12:30:00,182.06,182.43,181.78,182.25,106379.45
2025-08-18 12:45:00,182.25,183.09,181.93,183.06,99060.97
2025-08-18 13:00:00,183.06,183.23,181.98,182.22,156042.9
2025-08-18 13:15:00,182.21,183.1,181.99,182.61,104889.82
2025-08-18 13:30:00,182.61,183.2,181.15,181.63,135180.63
2025-08-18 13:45:00,181.63,181.98,180.38,180.42,159227.37
2025-08-18 14:00:00,180.43,181.69,180.43,181.54,140364.13
2025-08-18 14:15:00,181.54,182.4,180.87,181.85,96254.03
2025-08-18 14:30:00,181.85,182.11,181.18,181.41,51896.58
2025-08-18 14:45:00,181.43,182.5,180.77,182.43,88318.76
2025-08-18 15:00:00,182.43,182.72,181.66,181.71,76807.63
2025-08-18 15:15:00,181.71,181.92,181.07,181.6,59347.88
2025-08-18 15:30:00,181.59,182.59,181.05,182.07,71792.28
2025-08-18 15:45:00,182.07,183.02,182.04,182.96,82492.5
2025-08-18 16:00:00,182.96,184.32,182.87,183.33,197494.92
2025-08-18 16:15:00,183.33,183.49,182.73,182.88,169673.1
2025-08-18 16:30:00,182.89,183.06,181.62,182.18,94573.46
2025-08-18 16:45:00,182.17,182.73,181.71,181.95,102934.83
2025-08-18 17:00:00,181.95,183.05,181.87,183.03,46895.38
2025-08-18 17:15:00,183.02,184.49,183.02,184.15,107946.03
2025-08-18 17:30:00,184.14,185.58,184.14,184.89,184212.56
2025-08-18 17:45:00,184.88,185.29,184.46,184.51,89680.99
2025-08-18 18:00:00,184.51,184.64,183.19,183.22,90427.53
2025-08-18 18:15:00,183.22,183.89,182.88,183.49,95893.37
2025-08-18 18:30:00,183.48,184.14,183.47,183.97,55570.58
2025-08-18 18:45:00,183.97,184.39,183.79,184.25,31697.79
2025-08-18 19:00:00,184.24,184.44,183.05,183.16,59900.22
2025-08-18 19:15:00,183.15,183.91,182.93,183.6,36771.05
2025-08-18 19:30:00,183.59,183.7,183.11,183.13,24930.7
2025-08-18 19:45:00,183.13,183.36,182.64,183.07,73387.61
2025-08-18 20:00:00,183.06,183.6,182.56,183.59,33722.72
2025-08-18 20:15:00,183.58,183.7,183.01,183.5,23646.74
2025-08-18 20:30:00,183.49,183.57,181.9,182.54,52655.95
2025-08-18 20:45:00,182.55,183.22,182.34,182.91,24142.74
2025-08-18 21:00:00,182.91,183.38,182.57,183.37,22720.11
2025-08-18 21:15:00,183.36,183.64,183.09,183.54,23001.03
2025-08-18 21:30:00,183.53,183.65,182.89,182.94,18014.77
2025-08-18 21:45:00,182.95,184.07,182.87,183.67,32095.39
2025-08-18 22:00:00,183.67,184.73,183.64,184.53,121130.05
2025-08-18 22:15:00,184.52,184.92,184.38,184.77,40023.95
2025-08-18 22:30:00,184.78,184.85,184.21,184.28,61100.32
2025-08-18 22:45:00,184.29,184.48,183.88,184.06,56052.22
2025-08-18 23:00:00,184.07,184.5,183.97,184.12,42861.54
2025-08-18 23:15:00,184.12,184.38,183.79,184.13,40529.1
2025-08-18 23:30:00,184.13,184.27,182.73,182.85,88020.63
2025-08-18 23:45:00,182.85,183.01,182.32,182.82,57675.31
2025-08-19 00:00:00,182.83,183.32,182.53,183.3,61696.97
2025-08-19 00:15:00,183.29,183.35,181.83,181.84,120983.88
2025-08-19 00:30:00,181.83,183.23,181.08,182.83,215007.85
2025-08-19 00:45:00,182.82,184.96,182.77,184.9,172725.59
2025-08-19 01:00:00,184.89,185.78,184.56,184.62,172360.62
2025-08-19 01:15:00,184.62,185.18,184.08,184.08,92338.45
2025-08-19 01:30:00,184.09,184.12,183.02,183.19,97616.11
2025-08-19 01:45:00,183.19,183.37,182.52,183.01,88477.37
2025-08-19 02:00:00,183.01,183.14,182.26,182.7,65102.77
2025-08-19 02:15:00,182.69,182.97,181.91,182.53,61408.52
2025-08-19 02:30:00,182.53,182.94,181.99,182.36,51668.06
2025-08-19 02:45:00,182.36,183.01,181.82,182.07,78086.67
2025-08-19 03:00:00,182.07,182.13,181.03,181.58,110403.6
2025-08-19 03:15:00,181.58,181.91,180.61,180.63,126120.68
2025-08-19 03:30:00,180.64,180.89,178.22,179.16,506073.53
2025-08-19 03:45:00,179.17,179.34,178.05,178.42,256589.62
2025-08-19 04:00:00,178.42,178.64,177.16,177.72,271240.85
2025-08-19 04:15:00,177.73,178.43,177.42,177.98,105348.99
2025-08-19 04:30:00,177.98,179.25,177.96,179.24,111620.23
2025-08-19 04:45:00,179.24,179.99,178.81,179.97,91467.49
2025-08-19 05:00:00,179.96,180.5,179.17,179.44,131497.37
2025-08-19 05:15:00,179.44,179.99,179.19,179.88,91467.52
2025-08-19 05:30:00,179.88,180.32,179.48,179.98,52617.46
2025-08-19 05:45:00,179.98,180.02,179.55,179.69,39401.61
2025-08-19 06:00:00,179.69,179.92,179.37,179.75,46655.87
2025-08-19 06:15:00,179.73,180.48,179.3,179.93,56945.11
2025-08-19 06:30:00,179.93,180.25,179.77,179.94,69434.8
2025-08-19 06:45:00,179.94,180.14,179.56,179.98,36980.84
2025-08-19 07:00:00,179.98,180.09,179.36,179.64,44719.55
2025-08-19 07:15:00,179.64,179.69,178.87,179.37,121185.05
2025-08-19 07:30:00,179.36,179.67,178.92,179.35,45398.65
2025-08-19 07:45:00,179.36,180.05,179.32,180.05,66440.54
2025-08-19 08:00:00,180.04,180.24,179.01,179.77,46160.31
2025-08-19 08:15:00,179.76,180.13,179.64,179.93,48484.03
2025-08-19 08:30:00,179.93,179.93,179.38,179.69,37039.48
2025-08-19 08:45:00,179.68,180.85,179.54,180.36,104891.61
2025-08-19 09:00:00,180.35,181.57,180.27,181.23,141218.95
2025-08-19 09:15:00,181.23,181.92,181.05,181.8,104766.01
2025-08-19 09:30:00,181.79,182.38,181.25,181.42,101609.21
2025-08-19 09:45:00,181.42,181.6,181.1,181.24,43375.47
2025-08-19 10:00:00,181.25,181.65,181.09,181.29,40759.87
2025-08-19 10:15:00,181.29,181.82,181.23,181.64,42670.35
2025-08-19 10:30:00,181.64,181.9,181.17,181.53,54630.24
2025-08-19 10:45:00,181.53,181.61,181.1,181.3,27327.17
2025-08-19 11:00:00,181.3,181.55,181.2,181.49,30454.01
2025-08-19 11:15:00,181.5,182.46,181.32,182.04,98354.2
2025-08-19 11:30:00,182.03,182.31,181.8,181.85,58217.73
2025-08-19 11:45:00,181.86,182.73,181.85,182.55,61732.98
2025-08-19 12:00:00,182.55,182.64,181.81,181.89,73122.84
2025-08-19 12:15:00,181.9,182.36,181.73,182.09,31410.94
2025-08-19 12:30:00,182.09,182.22,181.53,182.05,63842.18
2025-08-19 12:45:00,182.05,182.13,181.28,181.94,71137.03
2025-08-19 13:00:00,181.94,181.95,181.34,181.53,38250.11
2025-08-19 13:15:00,181.54,182.71,181.46,182.66,57422.08
2025-08-19 13:30:00,182.66,183.33,180.8,180.82,253593.95
2025-08-19 13:45:00,180.83,182.74,180.56,181.97,208349.24
2025-08-19 14:00:00,181.97,182.96,181.9,181.93,135917.61
2025-08-19 14:15:00,181.93,182.18,179.22,179.27,293731.35
2025-08-19 14:30:00,179.28,180.15,178.03,178.65,363567.46
2025-08-19 14:45:00,178.65,179.39,178.3,178.48,171059.36
2025-08-19 15:00:00,178.49,178.89,177.4,177.99,236681.85
2025-08-19 15:15:00,177.98,179.76,177.65,179.74,192124.25
2025-08-19 15:30:00,179.73,179.83,178.58,179.05,75895.86
2025-08-19 15:45:00,179.06,179.1,177.64,177.89,109096.05
2025-08-19 16:00:00,177.89,178.49,177.63,177.79,86937.52
2025-08-19 16:15:00,177.8,178.34,177.75,177.79,55577.82
2025-08-19 16:30:00,177.8,178.4,177.02,177.86,148581.51
2025-08-19 16:45:00,177.87,177.93,176.63,177.07,153968.94
2025-08-19 17:00:00,177.08,178.05,176.27,178.05,159399.39
2025-08-19 17:15:00,178.04,178.44,177.58,178.37,101920.0
2025-08-19 17:30:00,178.36,178.7,177.82,177.9,55314.48
2025-08-19 17:45:00,177.9,178.26,177.47,178.04,56946.76
2025-08-19 18:00:00,178.04,178.55,177.56,178.25,48445.4
2025-08-19 18:15:00,178.26,178.73,177.91,178.16,77990.38
2025-08-19 18:30:00,178.15,178.65,176.97,177.01,72695.22
2025-08-19 18:45:00,177.02,177.39,175.74,176.63,179362.62
2025-08-19 19:00:00,176.62,176.66,175.57,176.11,108174.05
2025-08-19 19:15:00,176.1,178.21,175.82,177.96,146927.37
2025-08-19 19:30:00,177.95,178.13,177.34,177.83,86651.47
2025-08-19 19:45:00,177.82,178.04,176.51,176.65,72912.39
2025-08-19 20:00:00,176.65,177.19,175.9,175.9,51286.71
2025-08-19 20:15:00,175.91,177.54,175.84,177.18,40859.51
2025-08-19 20:30:00,177.19,177.89,177.19,177.79,47315.05
2025-08-19 20:45:00,177.78,178.56,177.78,178.55,38586.47
2025-08-19 21:00:00,178.55,179.2,178.11,178.97,60189.13
2025-08-19 21:15:00,178.96,178.96,178.16,178.77,42611.91
2025-08-19 21:30:00,178.77,179.1,178.48,178.72,39034.67
2025-08-19 21:45:00,178.73,179.14,178.68,178.97,29864.87
2025-08-19 22:00:00,178.96,178.96,178.01,178.12,52583.05
2025-08-19 22:15:00,178.13,178.77,177.73,178.69,48988.18
2025-08-19 22:30:00,178.68,179.04,178.58,178.95,50804.08
2025-08-19 22:45:00,178.95,179.43,178.52,178.98,34642.46
2025-08-19 23:00:00,178.97,179.21,178.41,178.65,53226.17
2025-08-19 23:15:00,178.64,178.66,177.41,177.57,77091.36
2025-08-19 23:30:00,177.57,178.08,176.61,177.3,144494.93
2025-08-19 23:45:00,177.3,177.37,175.74,176.12,179612.03
2025-08-20 00:00:00,176.12,177.42,176.1,176.72,142451.54
2025-08-20 00:15:00,176.71,177.29,175.92,176.4,76532.69
2025-08-20 00:30:00,176.41,178.23,176.32,178.04,86194.26
2025-08-20 00:45:00,178.04,178.5,177.74,178.06,73220.45
2025-08-20 01:00:00,178.06,178.73,177.57,177.76,81206.08
2025-08-20 01:15:00,177.76,179.05,177.43,177.85,89267.12
2025-08-20 01:30:00,177.85,178.18,176.9,177.3,141662.79
2025-08-20 01:45:00,177.31,179.71,177.31,179.46,198863.9
2025-08-20 02:00:00,179.45,180.65,179.09,180.54,135421.36
2025-08-20 02:15:00,180.53,180.85,180.14,180.84,94579.82
2025-08-20 02:30:00,180.84,181.24,180.41,181.13,122026.69
2025-08-20 02:45:00,181.13,181.22,180.57,180.67,113810.24
2025-08-20 03:00:00,180.68,180.96,179.99,180.09,98091.86
2025-08-20 03:15:00,180.1,181.2,179.95,181.09,77551.92
2025-08-20 03:30:00,181.09,181.39,180.37,180.58,79142.06
2025-08-20 03:45:00,180.57,180.58,180.2,180.39,29988.07
2025-08-20 04:00:00,180.39,181.2,180.32,180.81,66478.0
2025-08-27 11:00:00,204.03,205.26,204.03,204.9,121583.38
2025-08-27 11:15:00,204.9,205.14,204.27,204.55,50053.9
2025-08-27 11:30:00,204.56,205.16,204.38,204.6,44049.58
2025-08-27 11:45:00,204.6,205.36,204.58,204.95,72708.74
2025-08-27 12:00:00,204.95,205.58,203.61,204.41,190875.03
2025-08-27 12:15:00,204.41,204.54,203.83,203.96,94088.92
2025-08-27 12:30:00,203.96,204.67,203.18,203.35,140856.57
2025-08-27 12:45:00,203.35,204.79,203.27,204.6,96160.49
2025-08-27 13:00:00,204.59,204.68,203.79,204.07,122948.56
2025-08-27 13:15:00,204.08,204.24,203.61,203.7,87897.21
2025-08-27 13:30:00,203.7,205.77,202.54,204.59,406824.63
2025-08-27 13:45:00,204.59,205.91,204.2,204.37,272354.94
2025-08-27 14:00:00,204.38,204.95,203.26,204.45,160356.42
2025-08-27 14:15:00,204.44,205.89,204.07,205.79,144656.4
2025-08-27 14:30:00,205.79,207.98,205.61,206.99,570505.61
2025-08-27 14:45:00,206.98,207.93,205.82,206.64,326661.03
2025-08-27 15:00:00,206.65,208.98,206.18,208.68,305408.64
2025-08-27 15:15:00,208.68,209.4,206.81,207.36,294043.38
2025-08-27 15:30:00,207.35,207.71,206.3,207.57,166807.1
2025-08-27 15:45:00,207.57,208.8,207.38,208.59,131608.93
2025-08-27 16:00:00,208.59,208.95,207.47,207.96,136959.9
2025-08-27 16:15:00,207.95,208.92,207.11,207.57,160199.56
2025-08-27 16:30:00,207.57,207.67,206.53,207.48,210942.05
2025-08-27 16:45:00,207.47,209.04,207.19,207.88,131836.41
2025-08-27 17:00:00,207.87,208.16,207.36,207.93,74118.56
2025-08-27 17:15:00,207.93,209.13,207.57,208.68,100762.12
2025-08-27 17:30:00,208.68,209.87,208.6,209.81,181213.51
2025-08-27 17:45:00,209.82,209.96,208.95,209.09,128504.32
2025-08-27 18:00:00,209.08,210.33,208.8,210.02,163202.83
2025-08-27 18:15:00,210.02,211.72,209.81,211.07,372280.28
2025-08-27 18:30:00,211.07,212.14,210.54,210.9,246138.49
2025-08-27 18:45:00,210.89,211.34,208.22,208.35,227783.35
2025-08-27 19:00:00,208.35,209.25,205.86,206.26,542282.57
2025-08-27 19:15:00,206.27,207.78,206.1,207.0,220104.57
2025-08-27 19:30:00,207.0,208.18,206.9,207.05,123269.85
2025-08-27 19:45:00,207.05,207.15,206.25,206.35,133874.28
2025-08-27 20:00:00,206.35,206.57,203.03,204.83,612530.38
2025-08-27 20:15:00,204.84,207.96,202.81,206.23,1291387.65
2025-08-27 20:30:00,206.23,209.45,205.94,208.15,591698.07
2025-08-27 20:45:00,208.14,208.65,206.93,208.54,156813.38
2025-08-27 21:00:00,208.55,208.73,207.48,207.79,109403.75
2025-08-27 21:15:00,207.78,208.25,205.52,206.25,143248.3
2025-08-27 21:30:00,206.25,206.87,204.82,206.07,124662.68
2025-08-27 21:45:00,206.06,206.32,204.8,205.57,72352.83
2025-08-27 22:00:00,205.58,205.69,203.36,204.05,195750.99
2025-08-27 22:15:00,204.05,204.8,203.68,204.21,115546.48
2025-08-27 22:30:00,204.21,205.45,204.1,205.36,98944.02
2025-08-27 22:45:00,205.35,205.36,204.14,204.31,67212.99
2025-08-27 23:00:00,204.31,205.35,204.11,204.51,80990.13
2025-08-27 23:15:00,204.52,204.84,203.71,204.35,74992.05
2025-08-27 23:30:00,204.35,204.76,202.69,202.78,119780.27
2025-08-27 23:45:00,202.79,203.49,202.53,202.96,171657.09
2025-08-28 00:00:00,202.97,204.52,202.83,204.41,142946.36
2025-08-28 00:15:00,204.4,204.9,202.92,203.72,149487.45
2025-08-28 00:30:00,203.71,203.8,201.67,203.71,253771.13
2025-08-28 00:45:00,203.7,205.07,202.63,203.91,157809.88
2025-08-28 01:00:00,203.91,204.34,203.13,204.01,99656.68
2025-08-28 01:15:00,204.01,205.17,203.93,204.41,144844.27
2025-08-28 01:30:00,204.4,205.98,204.38,205.31,132013.76
2025-08-28 01:45:00,205.31,206.41,204.94,205.86,105356.02
2025-08-28 02:00:00,205.85,206.5,205.21,205.32,99122.54
2025-08-28 02:15:00,205.33,207.77,205.29,207.38,170097.17
2025-08-28 02:30:00,207.37,207.59,206.46,206.57,139011.83
2025-08-28 02:45:00,206.58,206.97,205.88,206.16,84940.83
2025-08-28 03:00:00,206.17,207.59,205.95,207.2,91373.82
2025-08-28 03:15:00,207.2,207.53,206.6,207.33,50837.82
2025-08-28 03:30:00,207.33,207.95,207.14,207.34,116044.94
2025-08-28 03:45:00,207.34,208.29,206.94,208.07,96838.34
2025-08-28 04:00:00,208.07,208.76,207.39,208.75,97721.78
2025-08-28 04:15:00,208.76,209.42,208.22,209.21,113830.76
2025-08-28 04:30:00,209.21,210.69,209.05,210.22,185419.67
2025-08-28 04:45:00,210.21,212.47,210.12,212.03,480421.34
2025-08-28 05:00:00,212.02,213.16,211.35,211.55,295944.59
2025-08-28 05:15:00,211.55,212.37,210.86,211.76,264626.79
2025-08-28 05:30:00,211.76,212.3,211.36,211.41,113323.05
2025-08-28 05:45:00,211.42,211.88,210.64,211.61,203181.59
2025-08-28 06:00:00,211.62,211.7,209.69,210.1,212280.53
2025-08-28 06:15:00,210.1,210.78,209.75,210.74,137530.28
2025-08-28 06:30:00,210.73,211.2,210.1,210.88,97466.97
2025-08-28 06:45:00,210.88,211.85,210.44,211.62,171374.42
2025-08-28 07:00:00,211.62,212.3,211.24,211.75,141624.8
2025-08-28 07:15:00,211.75,212.27,210.45,211.19,201905.95
2025-08-28 07:30:00,211.2,211.53,210.52,211.32,76072.83
2025-08-28 07:45:00,211.31,213.32,211.25,213.07,182941.53
2025-08-28 08:00:00,213.07,216.22,213.01,215.59,836373.92
2025-08-28 08:15:00,215.58,216.57,214.3,214.51,363127.81
2025-08-28 08:30:00,214.5,215.36,214.01,214.13,179479.54
2025-08-28 08:45:00,214.12,214.22,213.34,214.18,250703.97
2025-08-28 09:00:00,214.17,214.24,212.68,212.98,233802.22
2025-08-28 09:15:00,212.99,213.23,212.57,213.1,215137.34
2025-08-28 09:30:00,213.11,213.17,212.23,212.45,123851.03
2025-08-28 09:45:00,212.46,212.69,211.44,211.57,163654.2
2025-08-28 10:00:00,211.56,212.62,211.3,212.56,228149.26
2025-08-28 10:15:00,212.56,212.6,211.7,212.6,74530.26
2025-08-28 10:30:00,212.6,213.77,212.36,213.33,185094.07
2025-08-28 10:45:00,213.33,213.88,212.75,213.87,89445.81
2025-08-28 11:00:00,213.87,213.91,212.46,212.55,98930.58
2025-08-28 11:15:00,212.56,213.59,212.51,213.53,55240.14
2025-08-28 11:30:00,213.53,213.7,212.63,212.74,72502.02
2025-08-28 11:45:00,212.74,213.26,212.31,213.13,119269.66
2025-08-28 12:00:00,213.13,213.5,212.5,212.72,79047.59
2025-08-28 12:15:00,212.73,213.21,211.94,212.39,102624.66
2025-08-28 12:30:00,212.4,214.33,211.97,213.81,301708.09
2025-08-28 12:45:00,213.81,214.17,213.0,213.08,167704.66
2025-08-28 13:00:00,213.08,213.86,212.44,213.86,128268.06
2025-08-28 13:15:00,213.86,216.0,213.65,215.27,397712.39
2025-08-28 13:30:00,215.27,216.92,214.77,214.98,512318.76
2025-08-28 13:45:00,214.98,215.13,212.05,212.69,526030.33
2025-08-28 14:00:00,212.7,215.09,211.57,214.26,364873.06
2025-08-28 14:15:00,214.27,214.9,212.94,213.04,229078.42
2025-08-28 14:30:00,213.05,215.2,212.59,214.42,255964.8
2025-08-28 14:45:00,214.42,215.92,214.11,215.53,175057.4
2025-08-28 15:00:00,215.54,215.97,214.14,214.23,167812.41
2025-08-28 15:15:00,214.23,215.0,211.87,212.17,318623.15
2025-08-28 15:30:00,212.17,212.64,210.5,211.07,318943.02
2025-08-28 15:45:00,211.07,211.19,210.13,211.0,336340.65
2025-08-28 16:00:00,211.01,212.42,210.9,212.42,298799.16
2025-08-28 16:15:00,212.42,213.99,212.35,212.88,248090.47
2025-08-28 16:30:00,212.88,213.11,211.89,212.24,114345.18
2025-08-28 16:45:00,212.24,212.38,207.05,207.39,558661.47
2025-08-28 17:00:00,207.38,209.23,207.21,208.9,335802.49
2025-08-28 17:15:00,208.9,210.31,208.55,210.03,223646.74
2025-08-28 17:30:00,210.02,210.57,209.11,210.45,122683.99
2025-08-28 17:45:00,210.46,210.56,209.79,210.35,108140.37
2025-08-28 18:00:00,210.34,210.72,209.51,209.86,126893.88
2025-08-28 18:15:00,209.87,211.68,209.38,211.52,138520.59
2025-08-28 18:30:00,211.51,212.16,211.16,211.46,114414.88
2025-08-28 18:45:00,211.46,212.68,210.91,211.99,174375.02
2025-08-28 19:00:00,211.98,212.94,211.71,212.21,126596.32
2025-08-28 19:15:00,212.21,212.25,211.15,211.83,128209.49
2025-08-28 19:30:00,211.83,212.06,209.93,210.25,106414.54
2025-08-28 19:45:00,210.26,210.99,209.69,209.87,206097.0
2025-08-28 20:00:00,209.87,211.48,209.56,211.31,142472.04
2025-08-28 20:15:00,211.3,212.55,211.17,212.22,121424.04
2025-08-28 20:30:00,212.22,213.09,211.74,212.88,79637.63
2025-08-28 20:45:00,212.88,213.62,212.29,213.16,141233.27
2025-08-28 21:00:00,213.16,213.9,213.0,213.24,87929.65
2025-08-28 21:15:00,213.24,213.34,211.87,212.22,92226.83
2025-08-28 21:30:00,212.22,212.63,211.84,212.49,49661.14
2025-08-28 21:45:00,212.49,213.72,212.3,213.65,45278.4
2025-08-28 22:00:00,213.65,214.78,213.47,213.91,117214.27
2025-08-28 22:15:00,213.91,215.0,213.77,214.92,103810.58
2025-08-28 22:30:00,214.92,215.68,214.2,214.54,134107.19
2025-08-28 22:45:00,214.55,214.94,213.92,214.16,49681.15
2025-08-28 23:00:00,214.16,215.26,213.92,214.22,83980.78
2025-08-28 23:15:00,214.23,214.68,213.69,213.95,53703.88
2025-08-28 23:30:00,213.95,215.17,213.64,214.58,71918.86
2025-08-28 23:45:00,214.58,215.06,213.91,214.36,50571.5
2025-08-29 00:00:00,214.35,215.89,214.02,215.33,118679.39
2025-08-29 00:15:00,215.34,217.94,214.61,217.34,328444.5
2025-08-29 00:30:00,217.33,217.54,214.84,215.06,229290.5
2025-08-29 00:45:00,215.07,215.38,214.2,215.0,119211.54
2025-08-29 01:00:00,215.0,215.37,213.31,213.75,203293.82
2025-08-29 01:15:00,213.76,213.87,212.04,212.64,199361.46
2025-08-29 01:30:00,212.64,214.72,212.64,214.72,175102.83
2025-08-29 01:45:00,214.71,214.95,213.38,213.38,196834.29
2025-08-29 02:00:00,213.38,216.42,212.66,216.15,242053.31
2025-08-29 02:15:00,216.15,217.55,215.05,216.56,326950.63
2025-08-29 02:30:00,216.57,216.88,215.52,216.18,227738.53
2025-08-29 02:45:00,216.17,216.46,215.19,215.25,159626.43
2025-08-29 03:00:00,215.26,215.84,214.15,214.56,216311.21
2025-08-29 03:15:00,214.57,216.39,214.52,215.87,114457.1
2025-08-29 03:30:00,215.88,217.2,215.2,216.58,141093.15
2025-08-29 03:45:00,216.58,217.74,216.26,216.77,172230.34
2025-08-29 04:00:00,216.77,217.32,216.09,216.19,106821.4
2025-08-29 04:15:00,216.18,217.8,216.11,217.44,158671.61
2025-08-29 04:30:00,217.44,217.77,217.0,217.55,99107.0
2025-08-29 04:45:00,217.56,217.79,215.92,217.03,217755.52
2025-08-29 05:00:00,217.04,217.13,215.72,215.87,120821.07
2025-08-29 05:15:00,215.88,215.92,214.53,214.97,213060.82
2025-08-29 05:30:00,214.97,215.8,214.55,215.45,135955.9
2025-08-29 05:45:00,215.45,216.4,215.08,215.71,111820.2
2025-08-29 06:00:00,215.72,216.13,213.84,213.85,184633.95
2025-08-29 06:15:00,213.85,213.98,212.84,213.03,297083.88
2025-08-29 06:30:00,213.03,215.0,212.68,215.0,682537.45
2025-08-29 06:45:00,214.99,215.16,212.62,212.63,323510.52
2025-08-29 07:00:00,212.62,212.65,208.52,208.66,861220.39
2025-08-29 07:15:00,208.66,209.94,207.77,208.91,476374.15
2025-08-29 07:30:00,208.92,210.44,208.4,209.09,372035.17
2025-08-29 07:45:00,209.09,209.72,207.93,208.74,302786.04
2025-08-29 08:00:00,208.74,210.0,207.74,207.89,353503.8
2025-08-29 08:15:00,207.89,208.44,206.66,207.87,376061.66
2025-08-29 08:30:00,207.87,209.0,207.62,208.32,221447.39
2025-08-29 08:45:00,208.33,208.74,206.1,206.8,246886.93
2025-08-29 09:00:00,206.8,206.83,205.22,206.09,362566.73
2025-08-29 09:15:00,206.09,207.84,205.93,207.29,211462.03
2025-08-29 09:30:00,207.29,207.43,206.35,206.56,112017.0
2025-08-29 09:45:00,206.57,207.81,206.45,207.65,115593.7
2025-08-29 10:00:00,207.66,208.78,207.41,208.23,255680.94
2025-08-29 10:15:00,208.21,209.31,207.88,208.9,150613.95
2025-08-29 10:30:00,208.89,208.9,207.57,207.85,205589.48
2025-08-29 10:45:00,207.84,208.11,206.8,207.52,149124.91
2025-08-29 11:00:00,207.51,209.14,206.65,208.75,194915.31
2025-08-29 11:15:00,208.75,208.86,207.79,208.17,154130.52
2025-08-29 11:30:00,208.18,208.26,207.03,207.08,148195.81
2025-08-29 11:45:00,207.08,207.72,207.08,207.56,78803.03
2025-08-29 12:00:00,207.56,208.66,207.06,208.59,107597.16
2025-08-29 12:15:00,208.59,209.42,207.93,209.34,177470.75
2025-08-29 12:30:00,209.33,215.0,209.31,210.93,1451562.35
2025-08-29 12:45:00,210.93,212.28,210.54,211.81,292957.21
2025-08-29 13:00:00,211.8,211.92,210.33,211.28,175085.78
2025-08-29 13:15:00,211.29,211.59,209.8,210.88,196099.65
2025-08-29 13:30:00,210.89,211.9,209.64,209.86,471417.52
2025-08-29 13:45:00,209.87,210.66,207.54,208.92,590229.24
2025-08-29 14:00:00,208.93,211.02,206.73,208.51,831209.16
2025-08-29 14:15:00,208.5,210.45,207.56,209.35,402688.1
2025-08-29 14:30:00,209.36,210.46,208.77,209.03,258816.38
2025-08-29 14:45:00,209.03,210.11,206.9,207.41,328884.44
2025-08-29 15:00:00,207.41,209.32,207.03,208.42,176730.33
2025-08-29 15:15:00,208.42,210.46,208.42,208.97,257144.68
2025-08-29 15:30:00,208.98,209.53,207.61,208.06,207072.09
2025-08-29 15:45:00,208.05,208.55,203.51,204.32,564928.71
2025-08-29 16:00:00,204.31,205.36,202.61,204.9,732793.89
2025-08-29 16:15:00,204.91,205.23,203.75,204.62,212925.96
2025-08-29 16:30:00,204.61,205.38,204.17,204.72,139421.18
2025-08-29 16:45:00,204.72,205.12,203.92,204.75,115888.69
2025-08-29 17:00:00,204.74,204.78,202.54,202.92,224012.79
2025-08-29 17:15:00,202.92,203.75,201.57,202.75,289058.53
2025-08-29 17:30:00,202.76,203.72,202.51,203.72,122417.84
2025-08-29 17:45:00,203.72,204.2,202.32,202.39,115903.46
2025-08-29 18:00:00,202.39,203.11,201.62,202.46,177615.91
2025-08-29 18:15:00,202.47,202.76,201.21,201.68,158125.17
2025-08-29 18:30:00,201.69,202.27,201.28,202.1,96707.26
2025-08-29 18:45:00,202.09,202.51,201.71,202.0,63341.19
2025-08-29 19:00:00,202.01,203.51,201.56,203.02,178524.68
2025-08-29 19:15:00,203.02,204.54,202.93,204.04,140309.37
2025-08-29 19:30:00,204.04,204.37,202.99,203.92,72136.42
2025-08-29 19:45:00,203.92,204.5,202.61,202.89,128440.34
2025-08-29 20:00:00,202.89,203.43,201.74,202.06,118096.04
2025-08-29 20:15:00,202.06,202.65,201.5,201.53,110580.2
2025-08-29 20:30:00,201.53,201.96,200.67,201.65,152661.04
2025-08-29 20:45:00,201.65,202.22,200.68,200.97,122231.31
2025-08-29 21:00:00,200.97,201.52,199.75,201.14,214636.95
2025-08-29 21:15:00,201.15,201.91,200.42,201.91,83728.0
2025-08-29 21:30:00,201.9,204.04,201.9,203.64,161373.15
2025-08-29 21:45:00,203.65,203.93,203.05,203.68,59788.32
2025-08-29 22:00:00,203.68,203.83,202.47,202.49,65168.57
2025-08-29 22:15:00,202.48,203.4,202.4,203.38,45402.73
2025-08-29 22:30:00,203.38,203.91,202.76,202.76,62121.93
2025-08-29 22:45:00,202.75,203.07,202.44,203.03,62163.6
2025-08-29 23:00:00,203.03,204.1,203.02,204.1,107329.29
2025-08-29 23:15:00,204.09,204.96,204.02,204.6,107153.09
2025-08-29 23:30:00,204.6,204.98,204.37,204.67,84492.09
2025-08-29 23:45:00,204.66,205.42,204.26,204.96,97586.81
2025-08-30 00:00:00,204.96,205.05,204.14,204.3,104151.55
2025-08-30 00:15:00,204.3,205.27,204.05,204.53,91528.52
2025-08-30 00:30:00,204.53,204.64,203.41,203.75,127959.14
2025-08-30 00:45:00,203.75,204.99,203.74,204.91,82531.87
2025-08-30 01:00:00,204.9,205.07,204.47,204.66,61979.57
2025-08-30 01:15:00,204.65,204.97,203.44,203.56,84881.52
2025-08-30 01:30:00,203.56,204.08,203.12,203.4,75109.94
2025-08-30 01:45:00,203.4,203.45,200.89,201.09,272768.17
2025-08-30 02:00:00,201.09,202.65,200.6,202.55,208881.96
2025-08-30 02:15:00,202.55,203.0,201.91,202.53,111486.0
2025-08-30 02:30:00,202.53,203.34,202.48,203.21,81990.87
2025-08-30 02:45:00,203.2,203.6,202.92,203.21,66315.28
2025-08-30 03:00:00,203.22,204.92,203.1,204.81,109014.76
2025-08-30 03:15:00,204.81,206.49,204.63,205.9,245912.12
2025-08-30 03:30:00,205.89,206.57,205.51,205.72,172709.66
2025-08-30 03:45:00,205.73,206.32,205.24,205.53,82963.25
2025-08-30 04:00:00,205.53,206.09,205.12,205.75,52831.6
2025-08-30 04:15:00,205.74,206.33,205.51,206.24,58545.97
2025-08-30 04:30:00,206.24,206.44,205.21,205.42,73312.54
2025-08-30 04:45:00,205.42,205.64,204.57,204.58,82137.05
2025-08-30 05:00:00,204.58,205.57,204.24,205.04,98444.49
2025-08-30 05:15:00,205.04,205.78,204.98,205.4,49541.76
2025-08-30 05:30:00,205.39,206.93,205.27,206.65,155996.01
2025-08-30 05:45:00,206.66,206.78,205.95,206.01,90829.93
2025-08-30 06:00:00,206.02,206.58,205.55,205.68,74755.7
2025-08-30 06:15:00,205.67,205.88,205.22,205.4,69629.26
2025-08-30 06:30:00,205.41,206.09,205.24,206.06,68593.88
2025-08-30 06:45:00,206.06,206.18,204.9,205.0,100271.41
2025-08-30 07:00:00,204.99,205.42,204.65,205.36,81178.15
2025-08-30 07:15:00,205.36,205.59,204.55,204.85,45571.9
2025-08-30 07:30:00,204.85,205.34,204.33,205.31,69873.0
2025-08-30 07:45:00,205.3,205.36,204.63,205.0,53482.58
2025-08-30 08:00:00,205.0,205.2,204.45,204.94,72131.22
2025-08-30 08:15:00,204.93,205.12,204.55,204.97,47141.88
2025-08-30 08:30:00,204.97,205.45,204.44,204.65,117421.7
2025-08-30 08:45:00,204.66,204.68,202.54,202.93,261935.38
2025-08-30 09:00:00,202.93,203.26,202.21,202.3,149447.21
2025-08-30 09:15:00,202.3,202.9,202.3,202.48,68271.45
2025-08-30 09:30:00,202.48,202.52,201.53,201.83,165716.88
2025-08-30 09:45:00,201.83,202.75,201.53,202.29,97493.8
2025-08-30 10:00:00,202.3,203.16,202.1,202.67,97252.76
2025-08-30 10:15:00,202.68,203.19,202.55,202.57,96749.86
2025-08-30 10:30:00,202.57,202.75,201.66,202.16,79851.0
2025-08-30 10:45:00,202.15,202.63,201.98,202.63,35073.56
2025-08-30 11:00:00,202.63,202.8,202.14,202.71,31434.0
2025-08-30 11:15:00,202.71,202.71,202.18,202.31,29104.96
2025-08-30 11:30:00,202.3,202.4,201.68,202.2,56896.33
2025-08-30 11:45:00,202.2,202.77,202.14,202.5,40960.74
2025-08-30 12:00:00,202.5,202.55,201.92,202.15,31016.85
2025-08-30 12:15:00,202.15,202.16,200.78,200.98,146102.31
2025-08-30 12:30:00,200.99,201.08,199.09,200.01,585266.69
2025-08-30 12:45:00,200.01,200.71,199.94,200.5,135642.21
2025-08-30 13:00:00,200.5,200.53,197.42,197.95,468254.58
2025-08-30 13:15:00,197.96,198.66,197.51,198.65,134664.98
2025-08-30 13:30:00,198.65,199.07,198.06,198.19,106765.31
2025-08-30 13:45:00,198.19,199.32,197.88,199.07,101518.45
2025-09-06 20:45:00,200.4,200.77,200.38,200.77,28342.66
2025-09-06 21:00:00,200.77,200.78,200.34,200.35,21241.05
2025-09-06 21:15:00,200.34,200.67,200.29,200.56,17323.68
2025-09-06 21:30:00,200.57,201.17,200.5,201.04,28779.65
2025-09-06 21:45:00,201.04,201.06,200.64,200.7,23639.0
2025-09-06 22:00:00,200.7,201.01,200.35,200.45,29959.24
2025-09-06 22:15:00,200.46,200.81,200.36,200.4,15940.1
2025-09-06 22:30:00,200.4,200.47,200.07,200.15,13939.61
2025-09-06 22:45:00,200.15,200.34,199.95,200.32,22623.88
2025-09-06 23:00:00,200.32,200.48,199.87,200.45,27209.75
2025-09-06 23:15:00,200.46,200.93,200.36,200.62,26961.59
2025-09-06 23:30:00,200.61,200.64,200.13,200.2,18485.57
2025-09-06 23:45:00,200.2,200.22,199.95,200.1,24532.96
2025-09-07 00:00:00,200.11,200.8,200.03,200.76,43716.17
2025-09-07 00:15:00,200.75,200.8,200.47,200.64,26165.92
2025-09-07 00:30:00,200.64,201.01,200.47,201.01,30365.96
2025-09-07 00:45:00,201.01,201.31,200.91,201.13,37263.92
2025-09-07 01:00:00,201.14,202.09,201.06,201.79,83791.16
2025-09-07 01:15:00,201.78,202.22,201.55,202.21,56871.33
2025-09-07 01:30:00,202.2,202.47,202.07,202.42,67983.46
2025-09-07 01:45:00,202.41,203.12,202.39,202.64,111587.44
2025-09-07 02:00:00,202.63,202.68,202.08,202.15,60677.22
2025-09-07 02:15:00,202.14,202.31,201.95,202.26,42851.67
2025-09-07 02:30:00,202.26,202.6,202.05,202.24,27649.55
2025-09-07 02:45:00,202.24,202.89,202.21,202.75,39888.68
2025-09-07 03:00:00,202.75,202.86,202.49,202.57,31921.47
2025-09-07 03:15:00,202.57,203.2,202.51,202.9,57510.98
2025-09-07 03:30:00,202.91,203.0,202.58,202.66,28065.39
2025-09-07 03:45:00,202.66,202.82,202.53,202.79,18651.49
2025-09-07 04:00:00,202.78,202.94,202.45,202.45,36548.97
2025-09-07 04:15:00,202.45,202.6,202.31,202.33,25407.74
2025-09-07 04:30:00,202.33,202.59,202.27,202.58,25276.98
2025-09-07 04:45:00,202.58,203.05,202.58,203.03,38107.02
2025-09-07 05:00:00,203.03,203.2,202.83,203.02,32946.38
2025-09-07 05:15:00,203.03,203.08,202.66,203.05,30551.99
2025-09-07 05:30:00,203.06,203.08,202.79,202.88,22731.01
2025-09-07 05:45:00,202.88,202.88,202.7,202.77,21904.99
2025-09-07 06:00:00,202.76,202.87,202.64,202.7,21315.18
2025-09-07 06:15:00,202.7,202.78,202.4,202.48,42598.91
2025-09-07 06:30:00,202.49,202.55,202.16,202.35,41832.54
2025-09-07 06:45:00,202.35,202.57,202.16,202.21,34078.44
2025-09-07 07:00:00,202.21,202.56,202.17,202.48,39602.64
2025-09-07 07:15:00,202.49,202.61,202.23,202.52,21287.8
2025-09-07 07:30:00,202.52,203.27,202.52,202.97,75648.82
2025-09-07 07:45:00,202.97,203.15,202.69,202.94,39761.65
2025-09-07 08:00:00,202.94,203.25,202.91,203.02,46014.58
2025-09-07 08:15:00,203.02,203.72,202.96,203.59,85121.97
2025-09-07 08:30:00,203.58,203.86,203.46,203.53,66444.53
2025-09-07 08:45:00,203.53,203.65,203.24,203.46,34068.55
2025-09-07 09:00:00,203.45,203.8,203.24,203.63,36784.76
2025-09-07 09:15:00,203.63,203.86,203.38,203.41,33849.56
2025-09-07 09:30:00,203.41,203.41,202.7,202.7,47902.85
2025-09-07 09:45:00,202.7,203.1,202.63,203.09,36788.0
2025-09-07 10:00:00,203.09,203.23,202.9,203.19,28894.16
2025-09-07 10:15:00,203.19,203.2,202.77,202.88,20815.51
2025-09-07 10:30:00,202.87,203.18,202.87,203.12,11135.83
2025-09-07 10:45:00,203.12,203.28,203.01,203.28,17171.79
2025-09-07 11:00:00,203.28,203.45,203.18,203.19,34443.16
2025-09-07 11:15:00,203.19,203.2,203.01,203.08,14846.03
2025-09-07 11:30:00,203.09,203.5,203.05,203.44,30331.77
2025-09-07 11:45:00,203.44,203.9,203.34,203.88,42643.37
2025-09-07 12:00:00,203.88,203.92,203.46,203.66,50703.71
2025-09-07 12:15:00,203.66,203.66,203.24,203.41,37809.36
2025-09-07 12:30:00,203.41,203.74,203.28,203.51,27249.3
2025-09-07 12:45:00,203.51,203.75,203.4,203.69,25154.44
2025-09-07 13:00:00,203.68,203.7,203.42,203.43,29174.34
2025-09-07 13:15:00,203.43,203.43,203.0,203.2,91404.38
2025-09-07 13:30:00,203.2,203.61,203.13,203.38,43005.87
2025-09-07 13:45:00,203.38,203.47,203.02,203.35,36993.94
2025-09-07 14:00:00,203.34,203.88,203.06,203.56,79617.82
2025-09-07 14:15:00,203.56,203.79,203.26,203.49,26700.52
2025-09-07 14:30:00,203.49,203.83,203.32,203.8,27960.96
2025-09-07 14:45:00,203.8,203.85,203.46,203.57,42401.66
2025-09-07 15:00:00,203.57,203.8,203.37,203.52,23676.08
2025-09-07 15:15:00,203.51,204.03,203.43,203.99,42475.55
2025-09-07 15:30:00,203.99,205.32,203.91,205.14,193938.39
2025-09-07 15:45:00,205.15,205.47,204.74,205.08,132228.4
2025-09-07 16:00:00,205.07,205.36,204.44,204.68,105561.56
2025-09-07 16:15:00,204.68,204.84,204.0,204.13,91713.81
2025-09-07 16:30:00,204.14,204.3,203.67,204.12,52626.32
2025-09-07 16:45:00,204.12,204.19,203.33,203.38,79275.74
2025-09-07 17:00:00,203.37,203.6,202.9,202.95,59317.17
2025-09-07 17:15:00,202.95,203.09,201.62,201.7,211987.9
2025-09-07 17:30:00,201.7,202.62,201.61,202.4,94463.52
2025-09-07 17:45:00,202.39,202.41,201.81,201.91,66911.63
2025-09-07 18:00:00,201.9,202.12,201.66,201.9,56570.94
2025-09-07 18:15:00,201.91,202.2,201.69,201.69,49312.41
2025-09-07 18:30:00,201.7,201.96,201.36,201.82,43679.42
2025-09-07 18:45:00,201.82,202.17,201.63,202.04,35699.24
2025-09-07 19:00:00,202.04,202.44,201.8,201.89,38368.58
2025-09-07 19:15:00,201.89,202.42,201.76,201.94,43001.68
2025-09-07 19:30:00,201.94,202.8,201.91,202.7,41627.94
2025-09-07 19:45:00,202.7,202.98,202.58,202.96,27251.25
2025-09-07 20:00:00,202.97,203.39,202.58,202.58,43728.92
2025-09-07 20:15:00,202.58,203.0,202.48,202.86,18978.93
2025-09-07 20:30:00,202.86,203.15,202.8,203.14,26001.92
2025-09-07 20:45:00,203.13,204.83,203.11,204.81,79759.57
2025-09-07 21:00:00,204.8,204.99,204.48,204.67,97196.97
2025-09-07 21:15:00,204.68,204.9,204.3,204.83,43427.96
2025-09-07 21:30:00,204.82,205.07,204.46,204.5,41719.37
2025-09-07 21:45:00,204.49,205.11,204.47,204.61,34951.18
2025-09-07 22:00:00,204.61,205.07,204.26,205.0,41396.23
2025-09-07 22:15:00,204.99,205.7,204.72,205.22,99735.96
2025-09-07 22:30:00,205.23,205.95,204.62,205.89,101143.16
2025-09-07 22:45:00,205.89,207.43,205.88,207.07,195326.51
2025-09-07 23:00:00,207.07,207.86,207.07,207.23,156424.88
2025-09-07 23:15:00,207.23,207.9,207.2,207.42,132203.22
2025-09-07 23:30:00,207.42,207.53,206.82,207.05,94633.11
2025-09-07 23:45:00,207.05,207.22,206.14,206.26,95922.32
2025-09-08 00:00:00,206.26,206.57,205.66,205.95,147993.19
2025-09-08 00:15:00,205.95,207.0,205.57,206.92,91489.65
2025-09-08 00:30:00,206.93,207.0,206.29,206.43,86203.61
2025-09-08 00:45:00,206.43,206.46,205.57,205.6,63262.47
2025-09-08 01:00:00,205.59,206.22,205.5,206.09,59944.69
2025-09-08 01:15:00,206.09,206.61,205.74,205.74,48781.91
2025-09-08 01:30:00,205.74,207.29,205.72,206.85,88622.72
2025-09-08 01:45:00,206.84,207.05,206.55,206.81,48789.03
2025-09-08 02:00:00,206.82,207.04,206.37,206.93,60367.96
2025-09-08 02:15:00,206.93,207.08,206.06,206.58,77285.66
2025-09-08 02:30:00,206.57,207.87,206.4,207.36,187878.09
2025-09-08 02:45:00,207.35,207.8,207.3,207.74,60437.37
2025-09-08 03:00:00,207.74,208.4,207.57,207.98,118452.42
2025-09-08 03:15:00,207.97,208.14,207.4,207.6,48789.64
2025-09-08 03:30:00,207.6,208.91,207.6,208.02,112671.52
2025-09-08 03:45:00,208.03,208.11,207.38,207.57,82907.07
2025-09-08 04:00:00,207.56,207.73,206.89,207.36,104049.02
2025-09-08 04:15:00,207.36,208.1,207.31,208.01,68555.35
2025-09-08 04:30:00,208.02,208.54,207.79,208.0,54181.09
2025-09-08 04:45:00,208.0,208.25,207.55,207.72,49265.22
2025-09-08 05:00:00,207.72,207.82,207.24,207.33,58106.72
2025-09-08 05:15:00,207.33,207.81,207.12,207.27,28727.4
2025-09-08 05:30:00,207.27,207.27,206.6,206.68,64770.15
2025-09-08 05:45:00,206.68,207.36,206.62,207.23,33517.57
2025-09-08 06:00:00,207.23,207.56,206.57,206.86,53278.77
2025-09-08 06:15:00,206.87,207.44,206.62,207.28,31629.39
2025-09-08 06:30:00,207.28,207.61,207.07,207.55,29566.4
2025-09-08 06:45:00,207.55,207.55,207.01,207.03,19979.23
2025-09-08 07:00:00,207.03,208.08,206.93,208.0,57708.9
2025-09-08 07:15:00,208.01,208.47,207.8,208.33,107196.63
2025-09-08 07:30:00,208.32,208.77,207.88,208.4,105678.34
2025-09-08 07:45:00,208.4,208.49,207.69,207.83,65273.4
2025-09-08 08:00:00,207.82,208.0,207.27,207.45,45101.89
2025-09-08 08:15:00,207.45,209.06,207.31,208.68,136505.07
2025-09-08 08:30:00,208.69,209.3,208.56,208.99,101565.05
2025-09-08 08:45:00,209.0,209.23,208.56,208.79,62365.96
2025-09-08 09:00:00,208.79,209.17,208.53,209.08,79202.48
2025-09-08 09:15:00,209.07,209.68,209.0,209.22,135072.11
2025-09-08 09:30:00,209.22,209.78,209.07,209.65,78523.29
2025-09-08 09:45:00,209.65,210.83,209.58,210.76,260859.22
2025-09-08 10:00:00,210.76,212.88,210.3,212.1,497734.17
2025-09-08 10:15:00,212.09,214.4,212.05,213.56,418278.73
2025-09-08 10:30:00,213.55,214.52,212.95,214.36,211738.69
2025-09-08 10:45:00,214.35,215.76,214.16,215.05,407752.39
2025-09-08 11:00:00,215.05,215.2,213.38,213.55,303732.99
2025-09-08 11:15:00,213.56,214.06,213.15,213.2,125930.81
2025-09-08 11:30:00,213.21,213.66,212.82,213.48,120398.4
2025-09-08 11:45:00,213.48,214.48,213.43,214.19,92382.19
2025-09-08 12:00:00,214.2,214.82,213.66,214.09,149767.04
2025-09-08 12:15:00,214.09,214.14,213.43,213.81,90247.06
2025-09-08 12:30:00,213.81,214.59,213.75,214.58,80756.54
2025-09-08 12:45:00,214.59,214.81,214.16,214.37,64937.27
2025-09-08 13:00:00,214.38,216.24,214.38,215.9,296712.3
2025-09-08 13:15:00,215.9,216.05,214.54,214.64,241151.5
2025-09-08 13:30:00,214.65,215.13,213.17,213.78,269406.4
2025-09-08 13:45:00,213.77,214.6,212.88,213.21,177669.13
2025-09-08 14:00:00,213.22,214.5,212.94,214.05,175590.46
2025-09-08 14:15:00,214.05,214.53,213.53,214.48,119143.25
2025-09-08 14:30:00,214.48,215.7,214.45,214.89,182435.2
2025-09-08 14:45:00,214.89,215.23,214.71,215.17,68078.95
2025-09-08 15:00:00,215.16,215.89,214.61,214.94,193110.42
2025-09-08 15:15:00,214.96,216.64,214.96,216.5,240831.12
2025-09-08 15:30:00,216.5,216.52,215.39,215.87,137703.8
2025-09-08 15:45:00,215.88,215.93,214.63,214.94,166777.35
2025-09-08 16:00:00,214.94,215.04,213.96,214.18,128002.25
2025-09-08 16:15:00,214.18,215.35,213.83,215.28,155804.76
2025-09-08 16:30:00,215.28,215.28,213.75,214.44,127402.57
2025-09-08 16:45:00,214.45,214.8,213.92,214.79,57728.54
2025-09-08 17:00:00,214.79,214.79,213.83,214.23,96831.81
2025-09-08 17:15:00,214.23,216.89,214.23,216.64,278744.74
2025-09-08 17:30:00,216.64,216.64,215.06,215.08,166701.71
2025-09-08 17:45:00,215.08,215.93,214.62,215.35,185143.5
2025-09-08 18:00:00,215.35,216.14,214.68,215.31,140514.95
2025-09-08 18:15:00,215.32,215.89,215.29,215.66,35274.78
2025-09-08 18:30:00,215.66,215.83,215.1,215.62,32750.83
2025-09-08 18:45:00,215.63,216.86,215.56,216.58,115438.42
2025-09-08 19:00:00,216.57,216.94,215.71,215.92,122421.67
2025-09-08 19:15:00,215.93,216.64,215.04,215.43,122478.75
2025-09-08 19:30:00,215.44,215.74,214.61,215.0,96780.64
2025-09-08 19:45:00,215.01,215.99,215.01,215.99,98591.07
2025-09-08 20:00:00,215.99,216.07,215.08,215.26,81672.24
2025-09-08 20:15:00,215.26,215.35,214.08,214.48,103669.77
2025-09-08 20:30:00,214.48,215.01,214.05,214.1,101142.42
2025-09-08 20:45:00,214.1,214.65,213.78,214.35,108082.67
2025-09-08 21:00:00,214.35,214.66,214.15,214.59,28429.25
2025-09-08 21:15:00,214.59,215.59,214.39,215.41,96727.65
2025-09-08 21:30:00,215.42,215.76,215.04,215.3,34569.56
2025-09-08 21:45:00,215.31,215.73,214.78,215.03,35368.22
2025-09-08 22:00:00,215.03,215.46,214.5,215.18,57114.45
2025-09-08 22:15:00,215.17,215.33,214.62,214.77,24101.83
2025-09-08 22:30:00,214.77,215.27,214.57,215.14,19875.71
2025-09-08 22:45:00,215.14,215.2,214.29,214.63,48576.3
2025-09-08 23:00:00,214.63,215.15,214.59,214.75,60917.49
2025-09-08 23:15:00,214.75,215.0,213.84,213.99,48114.38
2025-09-08 23:30:00,213.99,214.0,213.41,213.68,75351.11
2025-09-08 23:45:00,213.69,214.27,213.54,214.05,40614.98
2025-09-09 00:00:00,214.05,214.83,214.03,214.44,51002.52
2025-09-09 00:15:00,214.43,214.63,213.1,213.31,104430.46
2025-09-09 00:30:00,213.3,213.32,212.2,212.79,151507.4
2025-09-09 00:45:00,212.79,213.79,212.45,213.12,69840.49
2025-09-09 01:00:00,213.13,213.92,213.08,213.39,53933.0
2025-09-09 01:15:00,213.39,213.5,212.39,212.84,72527.04
2025-09-09 01:30:00,212.84,213.28,212.1,213.19,106760.31
2025-09-09 01:45:00,213.18,213.3,212.61,213.15,64873.28
2025-09-09 02:00:00,213.15,213.49,212.43,212.44,85485.95
2025-09-09 02:15:00,212.44,212.68,211.72,212.04,136228.59
2025-09-09 02:30:00,212.04,212.79,211.82,212.2,88725.22
2025-09-09 02:45:00,212.21,212.21,210.77,211.54,225854.96
2025-09-09 03:00:00,211.55,212.39,211.3,212.27,97214.6
2025-09-09 03:15:00,212.27,212.77,211.81,212.71,59265.65
2025-09-09 03:30:00,212.72,213.71,212.63,213.53,123806.73
2025-09-09 03:45:00,213.53,214.68,213.29,214.52,164063.98
2025-09-09 04:00:00,214.52,214.52,213.84,214.06,69189.58
2025-09-09 04:15:00,214.05,215.39,214.03,215.0,135958.3
2025-09-09 04:30:00,215.01,215.58,214.73,214.95,151442.11
2025-09-09 04:45:00,214.96,215.08,214.2,214.78,117838.39
2025-09-09 05:00:00,214.77,214.8,214.16,214.39,51882.96
2025-09-09 05:15:00,214.39,214.58,213.94,214.34,45769.87
2025-09-09 05:30:00,214.34,214.49,214.08,214.48,26778.55
2025-09-09 05:45:00,214.48,215.38,214.47,215.1,72798.54
2025-09-09 06:00:00,215.1,217.42,214.91,217.0,334594.64
2025-09-09 06:15:00,217.0,218.68,216.98,217.93,475779.42
2025-09-09 06:30:00,217.93,219.68,217.84,218.85,377716.6
2025-09-09 06:45:00,218.85,219.35,218.29,218.37,154043.58
2025-09-09 07:00:00,218.38,219.33,218.29,219.06,183011.15
2025-09-09 07:15:00,219.05,219.53,218.82,219.51,138262.18
2025-09-09 07:30:00,219.51,219.71,218.46,218.51,182184.26
2025-09-09 07:45:00,218.51,219.4,218.22,219.15,141822.49
2025-09-09 08:00:00,219.16,219.36,218.53,218.79,88034.75
2025-09-09 08:15:00,218.79,219.18,218.39,219.0,106100.68
2025-09-09 08:30:00,219.01,219.44,218.88,219.04,126032.81
2025-09-09 08:45:00,219.05,219.14,218.5,218.96,75137.85
2025-09-09 09:00:00,218.95,219.05,218.45,218.65,43326.51
2025-09-09 09:15:00,218.65,219.14,218.6,219.12,45920.55
2025-09-09 09:30:00,219.13,219.22,218.81,219.07,51027.37
2025-09-09 09:45:00,219.07,219.14,218.63,218.89,85803.09
2025-09-09 10:00:00,218.91,219.13,218.78,218.92,43808.69
2025-09-09 10:15:00,218.92,218.96,218.12,218.16,73633.85
2025-09-09 10:30:00,218.16,218.61,217.89,218.39,134403.95
2025-09-09 10:45:00,218.4,218.41,217.33,217.7,102395.1
2025-09-09 11:00:00,217.69,217.88,217.44,217.53,68588.74
2025-09-09 11:15:00,217.54,217.69,216.92,217.44,126418.04
2025-09-09 11:30:00,217.44,217.69,217.01,217.59,61280.62
2025-09-09 11:45:00,217.59,217.95,217.1,217.15,41316.34
2025-09-09 12:00:00,217.15,217.94,216.43,217.83,151472.88
2025-09-09 12:15:00,217.83,218.28,217.58,218.14,176382.28
2025-09-09 12:30:00,218.15,218.2,216.83,216.89,118460.44
2025-09-09 12:45:00,216.9,217.58,216.86,217.57,64329.12
2025-09-09 13:00:00,217.56,217.79,216.19,217.07,146495.57
2025-09-09 13:15:00,217.08,217.38,216.2,217.2,131602.59
2025-09-09 13:30:00,217.19,217.98,217.0,217.69,128408.5
2025-09-09 13:45:00,217.68,218.34,217.67,217.9,129338.74
2025-09-09 14:00:00,217.9,218.45,215.14,217.63,574873.16
2025-09-09 14:15:00,217.64,217.66,215.6,216.19,356756.26
2025-09-09 14:30:00,216.18,216.18,213.11,214.37,700005.33
2025-09-09 14:45:00,214.37,215.7,214.21,215.37,169989.8
2025-09-09 15:00:00,215.36,215.7,213.59,213.69,242831.05
2025-09-09 15:15:00,213.69,214.1,213.25,213.42,185156.24
2025-09-09 15:30:00,213.42,213.47,211.58,212.11,413723.8
2025-09-09 15:45:00,212.11,213.28,211.66,212.94,246076.51
2025-09-09 16:00:00,212.95,214.1,212.89,214.05,136677.14
2025-09-09 16:15:00,214.04,214.62,213.35,213.7,197225.15
2025-09-09 16:30:00,213.69,214.9,213.58,214.52,92300.41
2025-09-09 16:45:00,214.51,214.77,213.93,214.08,100051.1
2025-09-09 17:00:00,214.08,215.63,214.05,215.34,141814.97
2025-09-09 17:15:00,215.34,215.45,214.21,214.23,57853.19
2025-09-09 17:30:00,214.23,214.8,213.96,214.63,71550.41
2025-09-09 17:45:00,214.62,215.15,214.59,214.83,39965.86
2025-09-09 18:00:00,214.83,215.0,214.33,214.85,60817.55
2025-09-09 18:15:00,214.86,216.71,214.82,216.68,133235.14
2025-09-09 18:30:00,216.68,216.72,215.69,216.11,88639.92
2025-09-09 18:45:00,216.11,216.77,215.97,216.3,48998.3
2025-09-09 19:00:00,216.3,216.38,215.97,216.02,42743.77
2025-09-09 19:15:00,216.02,216.68,215.73,216.55,49842.13
2025-09-09 19:30:00,216.55,216.92,216.05,216.2,58578.59
2025-09-09 19:45:00,216.2,216.51,216.16,216.22,41456.85
2025-09-09 20:00:00,216.21,216.29,215.49,215.63,55577.59
2025-09-09 20:15:00,215.63,215.84,215.14,215.17,35655.75
2025-09-09 20:30:00,215.19,215.98,215.19,215.7,35276.14
2025-09-09 20:45:00,215.7,216.21,215.55,216.2,42455.07
2025-09-09 21:00:00,216.21,216.55,215.63,216.35,61009.19
2025-09-09 21:15:00,216.35,216.35,215.3,215.35,63616.54
2025-09-09 21:30:00,215.35,215.88,215.26,215.54,33315.84
2025-09-09 21:45:00,215.55,215.86,215.06,215.08,27640.64
2025-09-09 22:00:00,215.09,216.15,214.89,216.02,62757.88
2025-09-09 22:15:00,216.02,216.28,215.65,215.91,45764.34
2025-09-09 22:30:00,215.91,216.84,215.82,216.7,69144.85
2025-09-09 22:45:00,216.7,217.3,216.29,217.11,99852.12
2025-09-09 23:00:00,217.12,217.68,216.68,217.49,120316.38
2025-09-09 23:15:00,217.5,217.6,216.8,217.08,55711.92
2025-09-09 23:30:00,217.09,217.44,216.48,217.06,84966.13
2025-09-17 06:30:00,234.87,236.45,234.75,236.36,99266.04
2025-09-17 06:45:00,236.35,236.54,235.77,235.92,93457.16
2025-09-17 07:00:00,235.91,236.38,235.57,236.34,41502.23
2025-09-17 07:15:00,236.34,237.78,236.33,237.07,161040.98
2025-09-17 07:30:00,237.06,237.97,237.02,237.6,87099.13
2025-09-17 07:45:00,237.6,237.88,237.42,237.59,50569.57
2025-09-17 08:00:00,237.59,237.59,235.55,235.82,227838.85
2025-09-17 08:15:00,235.82,236.25,235.64,235.71,57522.24
2025-09-17 08:30:00,235.72,235.72,234.9,235.26,99296.78
2025-09-17 08:45:00,235.26,236.06,235.12,235.73,55365.51
2025-09-17 09:00:00,235.73,236.19,235.46,235.96,32272.42
2025-09-17 09:15:00,235.96,236.09,235.41,235.75,35991.55
2025-09-17 09:30:00,235.76,235.84,235.23,235.25,31569.57
2025-09-17 09:45:00,235.25,235.5,235.02,235.1,32121.22
2025-09-17 10:00:00,235.11,236.3,235.09,235.46,121108.74
2025-09-17 10:15:00,235.46,235.46,233.68,234.1,144859.49
2025-09-17 10:30:00,234.11,234.58,234.01,234.49,39665.03
2025-09-17 10:45:00,234.49,234.65,233.57,234.07,54370.46
2025-09-17 11:00:00,234.07,234.45,233.8,234.42,41444.74
2025-09-17 11:15:00,234.41,234.61,233.93,234.3,30022.1
2025-09-17 11:30:00,234.3,234.3,233.93,233.94,13797.93
2025-09-17 11:45:00,233.94,234.24,233.88,234.05,28184.32
2025-09-17 12:00:00,234.06,234.46,233.85,234.33,35063.24
2025-09-17 12:15:00,234.34,234.72,233.9,234.7,34638.75
2025-09-17 12:30:00,234.69,235.18,234.02,234.51,70607.0
2025-09-17 12:45:00,234.5,234.74,234.06,234.61,30193.14
2025-09-17 13:00:00,234.61,235.07,234.43,234.94,37918.01
2025-09-17 13:15:00,234.94,235.48,234.83,235.17,49270.08
2025-09-17 13:30:00,235.16,235.6,234.01,234.34,89367.13
2025-09-17 13:45:00,234.34,235.86,234.04,235.33,103290.57
2025-09-17 14:00:00,235.33,235.8,234.79,235.27,57843.13
2025-09-17 14:15:00,235.27,235.39,234.24,234.62,56531.63
2025-09-17 14:30:00,234.62,235.11,234.11,234.33,71775.82
2025-09-17 14:45:00,234.33,234.51,233.41,233.85,98858.02
2025-09-17 15:00:00,233.85,234.94,233.69,234.72,47825.05
2025-09-17 15:15:00,234.73,235.08,233.62,233.67,64541.84
2025-09-17 15:30:00,233.67,234.18,233.48,233.93,151424.6
2025-09-17 15:45:00,233.93,234.03,233.51,233.76,33819.77
2025-09-17 16:00:00,233.77,233.77,232.59,232.85,122344.78
2025-09-17 16:15:00,232.85,233.2,232.11,233.17,163787.91
2025-09-17 16:30:00,233.17,234.04,232.88,233.96,56054.76
2025-09-17 16:45:00,233.95,234.62,233.67,233.96,64038.34
2025-09-17 17:00:00,233.95,234.31,233.01,233.34,68573.09
2025-09-17 17:15:00,233.34,233.7,232.71,233.56,61480.24
2025-09-17 17:30:00,233.56,236.33,233.47,235.33,194383.52
2025-09-17 17:45:00,235.33,236.89,231.98,232.06,386696.65
2025-09-17 18:00:00,232.16,238.23,231.6,234.12,1312309.82
2025-09-17 18:15:00,234.1,237.09,232.85,236.8,371381.03
2025-09-17 18:30:00,236.79,236.88,232.94,233.12,354114.51
2025-09-17 18:45:00,233.12,235.42,232.37,233.51,400258.12
2025-09-17 19:00:00,233.52,236.61,233.35,235.51,326661.92
2025-09-17 19:15:00,235.52,238.0,235.43,237.79,235440.68
2025-09-17 19:30:00,237.78,238.95,237.01,238.7,201393.1
2025-09-17 19:45:00,238.7,238.8,237.69,238.55,137408.79
2025-09-17 20:00:00,238.54,241.08,238.51,240.82,304668.12
2025-09-17 20:15:00,240.83,241.0,239.07,239.32,169476.64
2025-09-17 20:30:00,239.31,240.15,238.1,238.53,132398.99
2025-09-17 20:45:00,238.53,239.02,237.44,237.88,97576.03
2025-09-17 21:00:00,237.87,238.0,235.83,237.92,177091.52
2025-09-17 21:15:00,237.93,239.35,237.86,238.61,121105.69
2025-09-17 21:30:00,238.61,240.37,238.61,240.15,77990.07
2025-09-17 21:45:00,240.15,240.6,239.57,240.13,103919.88
2025-09-17 22:00:00,240.14,243.4,240.14,242.96,279052.93
2025-09-17 22:15:00,242.97,244.15,242.4,243.95,236214.7
2025-09-17 22:30:00,243.94,244.95,243.83,244.0,174538.42
2025-09-17 22:45:00,244.0,245.6,243.7,244.74,223469.98
2025-09-17 23:00:00,244.75,246.59,244.7,245.31,223344.56
2025-09-17 23:15:00,245.31,245.4,244.08,244.49,192701.3
2025-09-17 23:30:00,244.49,244.97,243.71,243.88,80539.4
2025-09-17 23:45:00,243.89,245.17,243.83,244.74,79447.4
2025-09-18 00:00:00,244.74,245.07,244.01,244.99,64354.01
2025-09-18 00:15:00,245.0,245.99,244.7,245.0,121144.87
2025-09-18 00:30:00,244.99,245.5,244.72,245.21,71407.47
2025-09-18 00:45:00,245.21,245.41,244.42,244.6,64501.76
2025-09-18 01:00:00,244.6,245.8,244.38,245.69,94274.01
2025-09-18 01:15:00,245.68,246.08,245.26,245.57,69198.27
2025-09-18 01:30:00,245.58,246.5,245.43,246.48,80318.65
2025-09-18 01:45:00,246.48,247.42,246.01,246.17,176898.56
2025-09-18 02:00:00,246.17,246.48,245.41,245.86,102800.65
2025-09-18 02:15:00,245.86,246.08,244.95,245.14,143040.33
2025-09-18 02:30:00,245.15,245.74,245.05,245.3,65287.64
2025-09-18 02:45:00,245.29,246.39,245.25,246.29,73809.63
2025-09-18 03:00:00,246.29,247.27,245.98,247.17,119886.67
2025-09-18 03:15:00,247.17,247.7,246.62,246.75,154366.82
2025-09-18 03:30:00,246.76,246.83,246.13,246.4,102198.16
2025-09-18 03:45:00,246.4,247.15,246.3,246.59,109830.3
2025-09-18 04:00:00,246.59,246.89,246.0,246.45,64344.71
2025-09-18 04:15:00,246.45,246.75,245.54,245.64,92700.18
2025-09-18 04:30:00,245.65,246.14,245.51,245.76,66695.12
2025-09-18 04:45:00,245.76,246.16,245.53,246.16,47216.17
2025-09-18 05:00:00,246.15,246.3,245.58,245.65,47496.25
2025-09-18 05:15:00,245.65,245.89,244.81,244.87,80109.37
2025-09-18 05:30:00,244.87,245.04,244.22,244.66,74342.54
2025-09-18 05:45:00,244.67,244.89,244.38,244.83,45692.73
2025-09-18 06:00:00,244.84,244.99,243.2,243.53,153690.32
2025-09-18 06:15:00,243.53,244.08,242.67,242.84,194112.07
2025-09-18 06:30:00,242.84,243.81,242.5,243.69,112317.7
2025-09-18 06:45:00,243.7,244.3,243.4,244.17,83422.41
2025-09-18 07:00:00,244.18,244.76,244.17,244.68,52173.5
2025-09-18 07:15:00,244.67,245.1,244.38,244.7,150780.14
2025-09-18 07:30:00,244.71,245.2,244.57,245.1,63321.55
2025-09-18 07:45:00,245.11,245.2,244.45,244.63,38629.6
2025-09-18 08:00:00,244.63,245.5,244.23,245.49,77860.89
2025-09-18 08:15:00,245.5,246.21,245.02,246.05,155783.44
2025-09-18 08:30:00,246.05,247.1,245.87,246.38,161239.19
2025-09-18 08:45:00,246.39,247.02,246.13,246.87,81046.02
2025-09-18 09:00:00,246.87,246.87,246.15,246.18,61485.34
2025-09-18 09:15:00,246.19,246.78,246.18,246.57,54269.62
2025-09-18 09:30:00,246.56,246.65,246.0,246.17,50820.28
2025-09-18 09:45:00,246.17,246.99,246.06,246.94,67883.14
2025-09-18 10:00:00,246.95,246.97,246.02,246.37,74015.98
2025-09-18 10:15:00,246.37,246.48,245.14,245.35,137813.53
2025-09-18 10:30:00,245.35,245.94,245.28,245.66,52698.45
2025-09-18 10:45:00,245.67,246.24,245.53,245.91,38653.59
2025-09-18 11:00:00,245.91,246.75,245.89,246.46,68636.17
2025-09-18 11:15:00,246.46,246.86,246.46,246.78,45096.01
2025-09-18 11:30:00,246.78,246.82,245.95,246.13,51103.67
2025-09-18 11:45:00,246.13,246.18,245.42,245.82,57901.89
2025-09-18 12:00:00,245.82,246.77,245.67,246.71,72346.02
2025-09-18 12:15:00,246.71,246.75,246.35,246.61,51936.43
2025-09-18 12:30:00,246.6,246.6,245.67,246.13,64289.98
2025-09-18 12:45:00,246.13,246.47,245.81,245.88,25571.54
2025-09-18 13:00:00,245.88,246.58,245.51,246.58,66856.09
2025-09-18 13:15:00,246.57,247.28,246.33,247.13,172172.43
2025-09-18 13:30:00,247.13,248.16,245.25,245.69,332706.19
2025-09-18 13:45:00,245.69,246.56,244.87,246.01,253520.64
2025-09-18 14:00:00,246.0,247.13,245.95,246.57,128211.3
2025-09-18 14:15:00,246.57,247.9,246.23,247.35,162918.3
2025-09-18 14:30:00,247.35,247.76,246.45,246.88,116217.16
2025-09-18 14:45:00,246.87,247.98,246.35,247.56,124861.62
2025-09-18 15:00:00,247.56,248.43,247.27,247.32,141172.99
2025-09-18 15:15:00,247.33,248.85,247.11,248.26,229713.03
2025-09-18 15:30:00,248.27,248.74,247.83,247.92,86504.71
2025-09-18 15:45:00,247.92,248.44,247.83,248.09,87067.74
2025-09-18 16:00:00,248.09,249.0,248.03,248.58,92009.51
2025-09-18 16:15:00,248.58,249.16,248.03,248.36,118097.36
2025-09-18 16:30:00,248.37,249.08,247.46,248.87,243747.37
2025-09-18 16:45:00,248.87,250.27,248.82,249.76,546371.56
2025-09-18 17:00:00,249.76,253.39,249.18,252.43,863400.32
2025-09-18 17:15:00,252.43,253.47,251.3,251.44,222059.85
2025-09-18 17:30:00,251.44,251.78,250.64,250.95,141281.38
2025-09-18 17:45:00,250.96,252.15,250.82,251.3,98299.34
2025-09-18 18:00:00,251.3,251.36,250.09,250.65,120071.06
2025-09-18 18:15:00,250.65,250.95,250.21,250.61,64902.29
2025-09-18 18:30:00,250.61,250.7,249.75,250.25,85964.99
2025-09-18 18:45:00,250.25,250.66,250.07,250.31,48711.65
2025-09-18 19:00:00,250.31,250.38,248.43,248.44,115602.0
2025-09-18 19:15:00,248.45,248.77,247.83,248.06,88072.59
2025-09-18 19:30:00,248.06,248.75,247.24,248.39,144624.14
2025-09-18 19:45:00,248.39,248.99,247.94,248.27,80905.15
2025-09-18 20:00:00,248.28,248.8,247.72,248.39,58549.57
2025-09-18 20:15:00,248.39,248.59,247.91,248.39,30775.75
2025-09-18 20:30:00,248.39,249.08,248.11,248.43,43516.51
2025-09-18 20:45:00,248.42,249.01,248.16,248.21,75446.17
2025-09-18 21:00:00,248.22,248.39,247.77,247.84,28524.72
2025-09-18 21:15:00,247.83,248.15,247.5,248.05,48916.55
2025-09-18 21:30:00,248.04,248.44,247.94,248.1,32383.38
2025-09-18 21:45:00,248.11,248.54,247.31,247.5,49532.63
2025-09-18 22:00:00,247.49,247.71,246.78,247.06,128169.65
2025-09-18 22:15:00,247.06,247.94,247.01,247.81,49142.53
2025-09-18 22:30:00,247.81,248.13,247.58,247.58,31757.57
2025-09-18 22:45:00,247.59,247.7,246.81,247.0,96918.63
2025-09-18 23:00:00,246.99,247.0,245.91,246.66,164967.27
2025-09-18 23:15:00,246.66,246.66,245.8,246.4,82682.22
2025-09-18 23:30:00,246.41,247.07,246.41,246.87,47506.38
2025-09-18 23:45:00,246.88,247.6,246.87,247.37,81664.58
2025-09-19 00:00:00,247.37,247.9,247.08,247.1,59034.32
2025-09-19 00:15:00,247.1,248.03,247.05,247.98,57489.15
2025-09-19 00:30:00,247.99,248.2,247.6,248.06,47713.89
2025-09-19 00:45:00,248.07,248.19,247.54,248.06,70143.35
2025-09-19 01:00:00,248.06,248.45,247.41,247.5,76823.14
2025-09-19 01:15:00,247.5,247.85,246.85,247.43,87409.68
2025-09-19 01:30:00,247.43,247.68,246.84,247.17,46185.22
2025-09-19 01:45:00,247.18,247.66,246.64,247.35,63244.85
2025-09-19 02:00:00,247.35,247.93,246.53,246.67,59368.71
2025-09-19 02:15:00,246.67,246.9,246.39,246.61,55629.43
2025-09-19 02:30:00,246.61,247.04,246.28,246.87,54086.87
2025-09-19 02:45:00,246.88,247.17,246.52,246.59,37039.4
2025-09-19 03:00:00,246.6,247.37,246.51,247.21,50890.45
2025-09-19 03:15:00,247.22,247.69,246.75,246.92,63519.67
2025-09-19 03:30:00,246.93,246.98,245.41,245.76,216031.17
2025-09-19 03:45:00,245.75,245.87,244.58,244.96,209574.09
2025-09-19 04:00:00,244.96,244.96,242.74,243.02,425637.35
2025-09-19 04:15:00,243.02,244.77,243.0,244.72,214750.87
2025-09-19 04:30:00,244.71,245.24,244.36,244.96,112869.83
2025-09-19 04:45:00,244.95,245.23,244.51,244.87,93874.28
2025-09-19 05:00:00,244.88,245.19,244.15,245.13,56762.12
2025-09-19 05:15:00,245.12,245.56,244.24,244.44,101067.7
2025-09-19 05:30:00,244.44,245.08,244.08,244.87,91753.79
2025-09-19 05:45:00,244.88,245.58,244.88,245.51,59146.28
2025-09-19 06:00:00,245.51,245.55,244.92,244.99,47350.73
2025-09-19 06:15:00,244.99,245.45,244.53,244.97,88093.58
2025-09-19 06:30:00,244.98,245.03,244.36,244.62,55896.59
2025-09-19 06:45:00,244.62,244.91,243.44,243.59,104745.98
2025-09-19 07:00:00,243.58,244.09,243.01,243.76,179428.27
2025-09-19 07:15:00,243.76,244.39,243.69,244.2,104430.35
2025-09-19 07:30:00,244.2,244.76,243.86,244.36,69424.24
2025-09-19 07:45:00,244.36,244.53,243.7,243.7,75798.84
2025-09-19 08:00:00,243.69,244.38,243.65,244.22,50851.42
2025-09-19 08:15:00,244.22,244.78,244.19,244.27,59539.01
2025-09-19 08:30:00,244.26,244.31,243.35,243.7,58084.26
2025-09-19 08:45:00,243.7,243.85,243.43,243.67,29562.41
2025-09-19 09:00:00,243.68,244.22,243.43,244.02,34573.35
2025-09-19 09:15:00,244.03,244.03,242.61,242.82,110156.54
2025-09-19 09:30:00,242.82,243.27,242.36,242.6,122115.93
2025-09-19 09:45:00,242.6,242.88,242.04,242.79,126238.66
2025-09-19 10:00:00,242.8,242.89,241.67,242.23,158850.5
2025-09-19 10:15:00,242.22,242.37,241.91,242.03,55155.8
2025-09-19 10:30:00,242.03,242.49,241.76,242.41,58011.31
2025-09-19 10:45:00,242.41,242.54,242.07,242.22,37132.41
2025-09-19 11:00:00,242.22,242.32,241.22,241.51,129423.23
2025-09-19 11:15:00,241.51,241.73,240.6,240.73,137957.99
2025-09-19 11:30:00,240.74,240.97,240.13,240.23,139779.76
2025-09-19 11:45:00,240.23,241.11,240.2,240.86,91397.32
2025-09-19 12:00:00,240.87,241.85,240.82,241.63,92781.22
2025-09-19 12:15:00,241.62,241.98,240.51,240.72,102039.57
2025-09-19 12:30:00,240.73,241.01,240.28,240.91,104063.1
2025-09-19 12:45:00,240.91,240.94,240.54,240.71,51334.34
2025-09-19 13:00:00,240.71,241.54,240.55,241.27,98366.61
2025-09-19 13:15:00,241.26,241.73,240.86,241.14,70000.4
2025-09-19 13:30:00,241.14,241.72,240.53,241.48,76894.26
2025-09-19 13:45:00,241.47,242.19,241.16,241.95,106116.44
2025-09-19 14:00:00,241.96,242.44,241.74,242.14,125099.66
2025-09-19 14:15:00,242.14,242.59,241.85,241.88,76006.33
2025-09-19 14:30:00,241.89,242.23,240.99,241.14,94049.81
2025-09-19 14:45:00,241.15,241.41,239.33,239.43,431348.9
2025-09-19 15:00:00,239.43,239.43,235.53,236.8,1253576.25
2025-09-19 15:15:00,236.8,237.92,236.38,237.56,280876.54
2025-09-19 15:30:00,237.55,237.92,236.5,237.71,219123.29
2025-09-19 15:45:00,237.71,237.93,237.06,237.37,96472.69
2025-09-19 16:00:00,237.37,238.25,237.01,238.22,119023.75
2025-09-19 16:15:00,238.21,238.58,237.86,238.54,119999.03
2025-09-19 16:30:00,238.54,238.65,237.84,238.5,84006.49
2025-09-19 16:45:00,238.5,238.73,238.26,238.48,68928.61
2025-09-19 17:00:00,238.48,238.52,237.36,237.62,76373.5
2025-09-19 17:15:00,237.62,238.06,237.27,237.46,89439.33
2025-09-19 17:30:00,237.45,237.45,236.26,237.04,124329.19
2025-09-19 17:45:00,237.04,237.15,236.44,236.49,56728.15
2025-09-19 18:00:00,236.49,236.72,234.93,235.95,198457.51
2025-09-19 18:15:00,235.95,236.47,235.42,236.28,94677.84
2025-09-19 18:30:00,236.29,236.88,236.14,236.64,73837.61
2025-09-19 18:45:00,236.64,236.9,236.09,236.84,61973.02
2025-09-19 19:00:00,236.83,237.51,236.8,237.2,114134.34
2025-09-19 19:15:00,237.2,237.78,237.2,237.64,52777.12
2025-09-19 19:30:00,237.65,237.67,236.87,237.06,53847.41
2025-09-19 19:45:00,237.07,237.26,235.73,235.82,116678.45
2025-09-19 20:00:00,235.83,236.51,235.81,236.49,78720.6
2025-09-19 20:15:00,236.5,237.35,236.2,237.31,65043.19
2025-09-19 20:30:00,237.31,237.61,237.18,237.61,23961.8
2025-09-19 20:45:00,237.6,237.62,236.79,236.86,44309.78
2025-09-19 21:00:00,236.85,237.09,236.18,237.09,63862.6
2025-09-19 21:15:00,237.08,237.6,236.95,237.53,34216.24
2025-09-19 21:30:00,237.52,238.13,237.49,238.0,66207.42
2025-09-19 21:45:00,238.01,238.28,237.61,238.25,49836.94
2025-09-19 22:00:00,238.24,238.66,238.2,238.66,50903.43
2025-09-19 22:15:00,238.66,238.7,238.34,238.38,36185.35
2025-09-19 22:30:00,238.38,238.46,238.2,238.22,22916.5
2025-09-19 22:45:00,238.21,238.63,238.21,238.38,36358.75
2025-09-19 23:00:00,238.37,238.4,237.86,237.9,39898.17
2025-09-19 23:15:00,237.89,238.02,236.77,236.81,74106.59
2025-09-19 23:30:00,236.82,237.52,236.67,237.5,45711.74
2025-09-19 23:45:00,237.5,238.4,237.49,238.38,68988.61
2025-09-20 00:00:00,238.39,238.77,238.18,238.61,46576.06
2025-09-20 00:15:00,238.62,238.93,238.12,238.52,63813.02
2025-09-20 00:30:00,238.53,239.16,238.41,239.13,51711.08
2025-09-20 00:45:00,239.13,239.66,239.08,239.51,101883.6
2025-09-20 01:00:00,239.52,239.53,238.96,239.05,53772.85
2025-09-20 01:15:00,239.05,239.86,238.93,239.44,65573.63
2025-09-20 01:30:00,239.44,239.45,238.59,238.89,63302.12
2025-09-20 01:45:00,238.89,238.94,238.28,238.28,30936.07
2025-09-20 02:00:00,238.28,238.38,237.71,237.78,82545.63
2025-09-20 02:15:00,237.79,238.21,237.19,238.08,101844.44
2025-09-20 02:30:00,238.08,238.24,237.33,238.06,43591.28
2025-09-20 02:45:00,238.05,238.36,237.89,238.26,27217.06
2025-09-20 03:00:00,238.26,238.29,237.61,237.97,40771.86
2025-09-20 03:15:00,237.97,238.22,237.86,237.92,25733.1
2025-09-20 03:30:00,237.92,238.22,237.75,238.17,23749.61
2025-09-20 03:45:00,238.18,238.23,237.69,237.94,22865.05
2025-09-20 04:00:00,237.94,238.15,237.59,238.15,21283.42
2025-09-20 04:15:00,238.15,238.19,237.92,238.04,19635.89
2025-09-20 04:30:00,238.04,238.72,237.95,238.69,46439.88
2025-09-20 04:45:00,238.68,238.75,238.35,238.54,24099.68
2025-09-20 05:00:00,238.55,238.79,238.3,238.74,25595.08
2025-09-20 05:15:00,238.74,239.17,238.68,239.05,44539.74
2025-09-20 05:30:00,239.05,239.33,238.82,239.03,41331.88
2025-09-20 05:45:00,239.04,239.26,238.98,239.25,33073.8
2025-09-20 06:00:00,239.25,239.25,238.54,238.65,31318.2
2025-09-20 06:15:00,238.64,239.03,238.58,238.99,22715.78
2025-09-20 06:30:00,238.99,239.22,238.96,239.02,15164.45
2025-09-20 06:45:00,239.01,239.23,238.87,238.93,26343.04
2025-09-20 07:00:00,238.93,239.41,238.89,239.24,39377.9
2025-09-20 07:15:00,239.24,239.36,238.84,238.95,20495.24
2025-09-20 07:30:00,238.95,239.38,238.8,239.33,32878.68
2025-09-20 07:45:00,239.33,239.6,239.2,239.59,44555.66
2025-09-20 08:00:00,239.59,239.6,239.02,239.1,55883.47
2025-09-20 08:15:00,239.1,239.17,238.39,238.46,67376.08
2025-09-20 08:30:00,238.46,238.72,238.32,238.49,35309.41
2025-09-20 08:45:00,238.49,238.49,237.31,237.46,81324.73
2025-09-20 09:00:00,237.47,237.9,237.28,237.86,48800.25
2025-09-20 09:15:00,237.87,237.94,237.67,237.67,39673.13
2025-09-27 16:15:00,203.08,203.37,202.8,202.9,34868.99
2025-09-27 16:30:00,202.9,203.36,202.61,203.17,42441.36
2025-09-27 16:45:00,203.17,203.46,202.65,202.77,47664.67
2025-09-27 17:00:00,202.78,202.85,201.7,201.77,128406.44
2025-09-27 17:15:00,201.78,201.79,200.74,201.01,122726.01
2025-09-27 17:30:00,201.01,201.69,200.8,201.51,54090.3
2025-09-27 17:45:00,201.51,201.89,201.12,201.77,40085.07
2025-09-27 18:00:00,201.76,202.12,201.3,201.54,56634.49
2025-09-27 18:15:00,201.54,201.66,201.15,201.63,28201.18
2025-09-27 18:30:00,201.64,201.75,200.82,201.06,35777.51
2025-09-27 18:45:00,201.06,201.58,201.06,201.58,15217.98
2025-09-27 19:00:00,201.58,201.67,201.21,201.37,13379.38
2025-09-27 19:15:00,201.37,201.96,201.23,201.9,21460.19
2025-09-27 19:30:00,201.9,201.95,201.54,201.69,20481.79
2025-09-27 19:45:00,201.68,202.26,201.63,202.11,22770.13
2025-09-27 20:00:00,202.11,202.44,201.91,202.05,19054.82
2025-09-27 20:15:00,202.06,202.43,201.79,202.4,24034.01
2025-09-27 20:30:00,202.4,202.82,202.14,202.41,36354.85
2025-09-27 20:45:00,202.42,202.55,202.17,202.55,10161.64
2025-09-27 21:00:00,202.55,202.6,202.15,202.33,18585.27
2025-09-27 21:15:00,202.34,202.88,202.29,202.8,18572.54
2025-09-27 21:30:00,202.81,203.62,202.65,203.57,45700.3
2025-09-27 21:45:00,203.57,203.97,203.57,203.76,32344.31
2025-09-27 22:00:00,203.77,204.36,203.6,204.21,52472.21
2025-09-27 22:15:00,204.22,204.84,204.06,204.67,54714.2
2025-09-27 22:30:00,204.67,204.69,203.82,203.92,67496.52
2025-09-27 22:45:00,203.91,203.99,203.35,203.83,49013.27
2025-09-27 23:00:00,203.83,204.23,203.33,203.88,45302.13
2025-09-27 23:15:00,203.89,204.0,203.29,203.47,37379.59
2025-09-27 23:30:00,203.47,203.75,203.13,203.34,24811.99
2025-09-27 23:45:00,203.34,203.68,203.24,203.35,23438.92
2025-09-28 00:00:00,203.36,203.64,202.44,202.62,71460.69
2025-09-28 00:15:00,202.63,203.9,202.48,203.74,62789.86
2025-09-28 00:30:00,203.74,203.96,202.92,203.47,41352.63
2025-09-28 00:45:00,203.48,203.54,202.67,202.85,56040.16
2025-09-28 01:00:00,202.85,203.1,201.65,201.73,98083.93
2025-09-28 01:15:00,201.73,202.35,201.68,201.81,58211.94
2025-09-28 01:30:00,201.8,202.03,200.86,201.19,90467.13
2025-09-28 01:45:00,201.19,201.32,200.91,201.04,65516.25
2025-09-28 02:00:00,201.04,201.72,200.94,201.33,52416.44
2025-09-28 02:15:00,201.33,201.79,201.26,201.67,54160.59
2025-09-28 02:30:00,201.67,201.95,201.12,201.24,54344.81
2025-09-28 02:45:00,201.24,201.43,200.86,201.35,52415.22
2025-09-28 03:00:00,201.35,201.74,201.31,201.66,24683.38
2025-09-28 03:15:00,201.65,201.83,201.31,201.4,23875.11
2025-09-28 03:30:00,201.4,201.59,200.62,201.1,51887.72
2025-09-28 03:45:00,201.1,201.37,200.82,201.29,16897.47
2025-09-28 04:00:00,201.28,201.6,201.09,201.33,37412.83
2025-09-28 04:15:00,201.34,201.65,201.27,201.33,16776.39
2025-09-28 04:30:00,201.33,201.79,201.3,201.78,26113.22
2025-09-28 04:45:00,201.77,201.87,201.42,201.76,27711.89
2025-09-28 05:00:00,201.76,202.33,201.15,201.22,54327.3
2025-09-28 05:15:00,201.23,201.8,201.22,201.8,15522.19
2025-09-28 05:30:00,201.8,202.14,201.32,201.42,29948.47
2025-09-28 05:45:00,201.42,201.5,201.02,201.2,28551.65
2025-09-28 06:00:00,201.19,201.54,201.11,201.11,20412.02
2025-09-28 06:15:00,201.12,201.37,200.37,200.44,56014.53
2025-09-28 06:30:00,200.44,201.69,200.26,201.4,80982.57
2025-09-28 06:45:00,201.4,201.64,200.94,201.63,37896.41
2025-09-28 07:00:00,201.64,201.77,201.02,201.42,32725.24
2025-09-28 07:15:00,201.42,201.94,201.36,201.65,27691.91
2025-09-28 07:30:00,201.64,202.04,201.4,201.73,31639.91
2025-09-28 07:45:00,201.73,202.2,201.61,201.99,30401.52
2025-09-28 08:00:00,202.0,202.28,201.72,201.84,37160.95
2025-09-28 08:15:00,201.85,201.92,201.35,201.66,44540.59
2025-09-28 08:30:00,201.66,201.85,201.27,201.73,30579.53
2025-09-28 08:45:00,201.74,202.61,201.68,201.68,71611.39
2025-09-28 09:00:00,201.68,201.91,201.08,201.28,69522.09
2025-09-28 09:15:00,201.27,201.45,200.55,200.93,108339.57
2025-09-28 09:30:00,200.92,201.43,200.92,201.34,40587.75
2025-09-28 09:45:00,201.33,201.34,200.57,200.6,34081.58
2025-09-28 10:00:00,200.61,200.66,200.13,200.36,57426.16
2025-09-28 10:15:00,200.35,200.64,200.32,200.57,27370.4
2025-09-28 10:30:00,200.56,200.98,200.27,200.61,30459.79
2025-09-28 10:45:00,200.61,200.94,200.5,200.72,22982.09
2025-09-28 11:00:00,200.73,200.79,200.25,200.28,19439.2
2025-09-28 11:15:00,200.29,200.55,199.37,199.59,117729.28
2025-09-28 11:30:00,199.6,200.24,199.2,199.49,103353.85
2025-09-28 11:45:00,199.48,199.92,199.16,199.76,87031.74
2025-09-28 12:00:00,199.75,199.86,199.18,199.61,69237.09
2025-09-28 12:15:00,199.61,199.78,199.32,199.74,30711.77
2025-09-28 12:30:00,199.74,199.74,198.09,198.36,166557.08
2025-09-28 12:45:00,198.36,198.6,197.86,198.34,196132.1
2025-09-28 13:00:00,198.35,199.2,198.19,199.04,84068.42
2025-09-28 13:15:00,199.05,199.78,198.9,199.55,102202.24
2025-09-28 13:30:00,199.55,200.26,199.28,200.16,106055.64
2025-09-28 13:45:00,200.16,201.31,199.86,201.04,145377.29
2025-09-28 14:00:00,201.05,201.25,200.31,200.6,104486.13
2025-09-28 14:15:00,200.6,201.54,200.47,201.34,91643.6
2025-09-28 14:30:00,201.34,201.35,200.92,201.25,78826.56
2025-09-28 14:45:00,201.25,201.88,201.03,201.77,71592.7
2025-09-28 15:00:00,201.78,202.81,201.72,202.42,133654.5
2025-09-28 15:15:00,202.41,202.67,202.24,202.66,51794.3
2025-09-28 15:30:00,202.66,202.86,202.11,202.44,65653.25
2025-09-28 15:45:00,202.43,203.47,202.29,203.31,101297.52
2025-09-28 16:00:00,203.32,204.62,203.15,203.68,199754.72
2025-09-28 16:15:00,203.68,203.99,203.15,203.68,121533.58
2025-09-28 16:30:00,203.69,203.94,203.15,203.81,63769.09
2025-09-28 16:45:00,203.8,204.05,203.54,203.96,50332.57
2025-09-28 17:00:00,203.95,205.34,203.88,205.03,184556.85
2025-09-28 17:15:00,205.02,205.08,203.86,204.34,84461.81
2025-09-28 17:30:00,204.34,205.25,204.31,204.85,89649.53
2025-09-28 17:45:00,204.86,205.8,204.71,204.91,134369.46
2025-09-28 18:00:00,204.9,205.36,204.66,204.94,54643.98
2025-09-28 18:15:00,204.94,205.48,204.82,205.3,44424.44
2025-09-28 18:30:00,205.29,205.84,205.25,205.76,75287.19
2025-09-28 18:45:00,205.77,206.3,205.66,206.02,97287.82
2025-09-28 19:00:00,206.01,206.62,205.31,205.37,124610.47
2025-09-28 19:15:00,205.37,206.1,205.35,205.95,48787.65
2025-09-28 19:30:00,205.94,206.28,205.81,205.99,22188.96
2025-09-28 19:45:00,205.99,206.47,205.88,206.06,30103.2
2025-09-28 20:00:00,206.06,206.38,205.88,206.04,34411.68
2025-09-28 20:15:00,206.04,207.67,205.9,207.35,159943.55
2025-09-28 20:30:00,207.36,207.65,206.83,206.94,127463.65
2025-09-28 20:45:00,206.94,207.45,206.54,206.69,56588.7
2025-09-28 21:00:00,206.69,207.19,206.65,207.01,35834.0
2025-09-28 21:15:00,207.01,207.15,206.65,206.87,36408.52
2025-09-28 21:30:00,206.87,206.87,206.43,206.53,56644.85
2025-09-28 21:45:00,206.53,207.2,206.46,207.13,44192.12
2025-09-28 22:00:00,207.13,209.44,207.13,208.7,352888.87
2025-09-28 22:15:00,208.7,209.69,208.58,209.08,207888.1
2025-09-28 22:30:00,209.08,209.66,209.06,209.65,90344.56
2025-09-28 22:45:00,209.64,209.87,209.15,209.39,77186.95
2025-09-28 23:00:00,209.39,210.45,209.39,209.89,129927.62
2025-09-28 23:15:00,209.89,210.3,209.48,210.03,66216.12
2025-09-28 23:30:00,210.04,210.66,209.85,210.45,85687.38
2025-09-28 23:45:00,210.44,210.92,210.09,210.68,69784.89
2025-09-29 00:00:00,210.67,210.78,209.6,209.69,88207.89
2025-09-29 00:15:00,209.69,210.44,209.4,210.05,108428.89
2025-09-29 00:30:00,210.05,210.11,209.15,209.53,97908.94
2025-09-29 00:45:00,209.52,209.95,208.97,209.13,78659.58
2025-09-29 01:00:00,209.14,209.65,209.02,209.24,55944.54
2025-09-29 01:15:00,209.24,209.56,208.73,208.88,77501.95
2025-09-29 01:30:00,208.88,209.88,208.88,209.67,78006.64
2025-09-29 01:45:00,209.67,209.67,209.11,209.36,57558.34
2025-09-29 02:00:00,209.37,209.69,208.82,209.62,65674.67
2025-09-29 02:15:00,209.61,210.77,209.43,210.27,88096.56
2025-09-29 02:30:00,210.27,210.5,209.56,209.65,93394.47
2025-09-29 02:45:00,209.65,209.83,209.25,209.63,53953.36
2025-09-29 03:00:00,209.63,209.66,209.06,209.13,49259.07
2025-09-29 03:15:00,209.13,209.54,209.03,209.42,54077.41
2025-09-29 03:30:00,209.42,209.74,209.3,209.52,39782.69
2025-09-29 03:45:00,209.52,210.25,209.41,210.18,58441.46
2025-09-29 04:00:00,210.19,210.47,210.04,210.18,65465.75
2025-09-29 04:15:00,210.18,210.58,209.72,209.84,44752.03
2025-09-29 04:30:00,209.84,210.37,209.78,210.16,41300.01
2025-09-29 04:45:00,210.16,210.3,209.91,209.95,28477.77
2025-09-29 05:00:00,209.96,210.08,209.06,209.37,89901.93
2025-09-29 05:15:00,209.38,209.38,208.88,209.12,81915.5
2025-09-29 05:30:00,209.12,209.32,208.59,209.28,69130.94
2025-09-29 05:45:00,209.28,209.43,208.99,209.04,43117.28
2025-09-29 06:00:00,209.03,209.11,207.78,207.99,177633.55
2025-09-29 06:15:00,207.99,208.5,207.83,207.97,76568.74
2025-09-29 06:30:00,207.97,208.54,207.7,208.5,51835.03
2025-09-29 06:45:00,208.5,208.77,208.02,208.07,45782.88
2025-09-29 07:00:00,208.07,208.24,207.63,207.85,67931.23
2025-09-29 07:15:00,207.85,207.86,207.26,207.78,100939.32
2025-09-29 07:30:00,207.77,209.05,207.74,208.79,84352.1
2025-09-29 07:45:00,208.78,209.21,208.56,208.81,43300.84
2025-09-29 08:00:00,208.82,209.41,208.46,208.5,71705.31
2025-09-29 08:15:00,208.51,208.9,208.15,208.79,65744.82
2025-09-29 08:30:00,208.79,209.09,208.52,209.02,51436.14
2025-09-29 08:45:00,209.03,209.55,208.74,208.74,74805.26
2025-09-29 09:00:00,208.74,209.01,208.53,208.57,62522.83
2025-09-29 09:15:00,208.57,208.86,208.26,208.68,42603.04
2025-09-29 09:30:00,208.68,208.71,207.89,207.93,51662.63
2025-09-29 09:45:00,207.94,208.14,207.74,208.1,42784.66
2025-09-29 10:00:00,208.1,208.19,207.75,207.92,37139.59
2025-09-29 10:15:00,207.92,208.2,207.71,208.16,28776.61
2025-09-29 10:30:00,208.17,208.24,206.61,206.78,157491.58
2025-09-29 10:45:00,206.78,207.12,206.37,206.5,74646.55
2025-09-29 11:00:00,206.51,206.6,205.9,206.23,138425.38
2025-09-29 11:15:00,206.22,207.19,206.19,207.01,78271.92
2025-09-29 11:30:00,207.0,207.34,206.81,206.99,50778.03
2025-09-29 11:45:00,206.99,207.16,206.73,206.95,46046.64
2025-09-29 12:00:00,206.95,207.01,206.44,207.01,52453.66
2025-09-29 12:15:00,207.01,207.59,206.84,207.58,80487.73
2025-09-29 12:30:00,207.59,207.91,206.01,206.44,141463.37
2025-09-29 12:45:00,206.44,206.99,205.1,205.27,189397.28
2025-09-29 13:00:00,205.27,205.98,204.48,205.94,228152.57
2025-09-29 13:15:00,205.93,206.4,205.56,206.26,115177.8
2025-09-29 13:30:00,206.27,208.82,205.91,208.73,271846.84
2025-09-29 13:45:00,208.74,209.33,207.85,208.7,372936.58
2025-09-29 14:00:00,208.69,210.73,208.53,210.56,307403.34
2025-09-29 14:15:00,210.56,212.06,210.1,210.41,382337.73
2025-09-29 14:30:00,210.4,211.52,210.02,211.12,182014.07
2025-09-29 14:45:00,211.12,212.71,211.01,212.24,277129.75
2025-09-29 15:00:00,212.23,213.37,211.27,211.51,295214.24
2025-09-29 15:15:00,211.5,211.87,210.6,211.05,202894.06
2025-09-29 15:30:00,211.05,211.63,210.6,211.0,106795.3
2025-09-29 15:45:00,211.01,211.06,209.67,209.97,158296.91
2025-09-29 16:00:00,209.97,211.02,209.97,210.91,117436.61
2025-09-29 16:15:00,210.91,211.47,209.89,209.94,102323.09
2025-09-29 16:30:00,209.95,210.78,209.2,209.35,88726.36
2025-09-29 16:45:00,209.35,209.61,208.23,208.61,150272.4
2025-09-29 17:00:00,208.62,208.93,207.52,208.44,163769.94
2025-09-29 17:15:00,208.45,208.94,207.71,208.72,79129.0
2025-09-29 17:30:00,208.73,209.26,208.33,209.25,80068.75
2025-09-29 17:45:00,209.24,210.2,209.03,210.03,137587.68
2025-09-29 18:00:00,210.04,210.12,209.2,209.53,70343.83
2025-09-29 18:15:00,209.53,209.85,208.98,209.67,51059.0
2025-09-29 18:30:00,209.66,210.08,209.53,209.86,45062.38
2025-09-29 18:45:00,209.86,210.63,209.84,210.63,42667.7
2025-09-29 19:00:00,210.63,211.73,210.3,211.55,101062.87
2025-09-29 19:15:00,211.55,211.94,210.59,211.67,81985.51
2025-09-29 19:30:00,211.67,212.12,210.96,212.11,83502.88
2025-09-29 19:45:00,212.11,213.4,211.79,212.8,162722.14
2025-09-29 20:00:00,212.8,213.9,212.37,213.81,134009.34
2025-09-29 20:15:00,213.82,214.25,212.93,213.24,130717.77
2025-09-29 20:30:00,213.25,214.39,213.06,214.21,117173.97
2025-09-29 20:45:00,214.21,214.38,213.63,214.28,79891.27
2025-09-29 21:00:00,214.28,214.62,213.54,213.77,67948.26
2025-09-29 21:15:00,213.77,214.38,213.61,214.02,48998.22
2025-09-29 21:30:00,214.03,214.27,213.82,214.23,24112.27
2025-09-29 21:45:00,214.23,214.33,213.6,214.06,26886.87
2025-09-29 22:00:00,214.07,214.21,213.22,213.47,81315.19
2025-09-29 22:15:00,213.47,213.54,212.9,213.48,74588.13
2025-09-29 22:30:00,213.47,213.88,213.02,213.18,62979.63
2025-09-29 22:45:00,213.18,213.78,213.12,213.49,38746.59
2025-09-29 23:00:00,213.49,213.85,212.73,212.97,53567.64
2025-09-29 23:15:00,212.98,213.28,212.76,212.88,28558.37
2025-09-29 23:30:00,212.89,213.05,212.5,212.55,54525.04
2025-09-29 23:45:00,212.55,212.97,212.29,212.61,68358.06
2025-09-30 00:00:00,212.61,213.56,212.36,213.0,65215.24
2025-09-30 00:15:00,212.99,212.99,211.45,211.56,175422.33
2025-09-30 00:30:00,211.57,212.48,211.37,212.21,108648.26
2025-09-30 00:45:00,212.2,213.12,211.09,211.18,164390.44
2025-09-30 01:00:00,211.18,212.48,210.83,212.41,104706.85
2025-09-30 01:15:00,212.41,212.84,211.68,211.68,119625.74
2025-09-30 01:30:00,211.69,211.69,210.41,210.47,181215.52
2025-09-30 01:45:00,210.47,210.47,209.66,210.46,191194.57
2025-09-30 02:00:00,210.45,210.56,209.93,210.19,70685.74
2025-09-30 02:15:00,210.19,210.67,209.83,210.43,69244.16
2025-09-30 02:30:00,210.43,210.98,210.26,210.7,43982.91
2025-09-30 02:45:00,210.7,211.1,210.25,210.38,62375.46
2025-09-30 03:00:00,210.37,210.85,210.0,210.4,48681.48
2025-09-30 03:15:00,210.4,210.94,210.22,210.69,45422.66
2025-09-30 03:30:00,210.69,211.31,210.34,211.28,52146.8
2025-09-30 03:45:00,211.28,211.32,210.3,210.54,44102.08
2025-09-30 04:00:00,210.54,211.33,210.45,210.85,107343.21
2025-09-30 04:15:00,210.85,211.62,210.79,211.37,72756.52
2025-09-30 04:30:00,211.37,211.43,210.95,211.05,29424.68
2025-09-30 04:45:00,211.05,211.1,210.09,210.13,69105.23
2025-09-30 05:00:00,210.13,210.67,209.87,210.48,86631.91
2025-09-30 05:15:00,210.48,210.5,209.74,210.07,58769.06
2025-09-30 05:30:00,210.07,210.19,209.41,209.46,106158.43
2025-09-30 05:45:00,209.46,210.29,208.8,209.89,162832.23
2025-09-30 06:00:00,209.89,210.05,209.37,209.81,56845.62
2025-09-30 06:15:00,209.8,210.37,209.73,210.22,49359.36
2025-09-30 06:30:00,210.21,210.92,210.11,210.76,103221.73
2025-09-30 06:45:00,210.75,210.79,209.92,210.19,42631.88
2025-09-30 07:00:00,210.18,210.68,209.96,210.35,47772.17
2025-09-30 07:15:00,210.34,210.37,209.91,210.1,55346.88
2025-09-30 07:30:00,210.1,210.1,208.5,208.59,106971.81
2025-09-30 07:45:00,208.6,209.29,208.43,208.91,67826.68
2025-09-30 08:00:00,208.9,208.91,208.22,208.74,65323.8
2025-09-30 08:15:00,208.73,208.82,208.31,208.41,37960.26
2025-09-30 08:30:00,208.41,208.52,207.77,207.95,90191.01
2025-09-30 08:45:00,207.94,208.19,207.63,207.7,54483.01
2025-09-30 09:00:00,207.7,207.87,206.18,206.28,179824.61
2025-09-30 09:15:00,206.27,207.38,206.09,207.37,98241.05
2025-09-30 09:30:00,207.37,207.64,206.4,206.46,71693.27
2025-09-30 09:45:00,206.45,206.45,205.51,205.84,155000.64
2025-09-30 10:00:00,205.85,206.44,205.48,206.12,131979.62
2025-09-30 10:15:00,206.11,206.71,205.85,206.13,101768.19
2025-09-30 10:30:00,206.13,206.68,205.91,206.5,45281.91
2025-09-30 10:45:00,206.5,206.89,206.37,206.44,69829.42
2025-09-30 11:00:00,206.45,206.54,205.85,205.99,74151.62
2025-09-30 11:15:00,206.0,206.31,205.78,206.16,39758.89
2025-09-30 11:30:00,206.15,206.75,206.03,206.66,62996.99
2025-09-30 11:45:00,206.66,207.14,206.57,206.91,91507.47
2025-09-30 12:00:00,206.92,207.13,206.33,206.36,57063.79
2025-09-30 12:15:00,206.36,207.11,206.24,206.72,38975.17
2025-09-30 12:30:00,206.71,207.45,206.47,207.09,67523.7
2025-09-30 12:45:00,207.09,207.15,205.84,206.03,99442.16
2025-09-30 13:00:00,206.03,206.5,205.51,206.48,131694.89
2025-09-30 13:15:00,206.48,207.83,206.31,207.76,187434.38
2025-09-30 13:30:00,207.76,209.35,206.74,209.09,211981.34
2025-09-30 13:45:00,209.09,209.54,207.27,207.55,260771.47
2025-09-30 14:00:00,207.54,207.95,205.93,206.86,263406.65
2025-09-30 14:15:00,206.87,207.48,206.04,206.59,135176.08
2025-09-30 14:30:00,206.58,207.49,206.25,206.97,127347.76
2025-09-30 14:45:00,206.98,208.78,206.9,208.66,132909.35
2025-09-30 15:00:00,208.65,208.67,206.36,206.96,127933.38
2025-09-30 15:15:00,206.96,207.09,204.52,205.46,359649.53
2025-09-30 15:30:00,205.45,206.39,204.82,205.24,141857.5
2025-09-30 15:45:00,205.23,206.19,204.68,205.89,104566.0
2025-09-30 16:00:00,205.89,205.94,204.91,205.2,94056.41
2025-09-30 16:15:00,205.2,206.24,204.8,205.36,102290.0
2025-09-30 16:30:00,205.36,205.54,204.16,204.72,127203.63
2025-09-30 16:45:00,204.72,205.36,204.58,205.03,82183.1
2025-09-30 17:00:00,205.03,205.87,204.89,205.78,56886.91
2025-09-30 17:15:00,205.78,205.78,204.9,205.23,60210.69
2025-09-30 17:30:00,205.22,206.21,204.63,205.53,104783.7
2025-09-30 17:45:00,205.53,206.02,205.23,205.59,44252.71
2025-09-30 18:00:00,205.58,206.8,205.24,206.64,63662.5
2025-09-30 18:15:00,206.65,207.4,206.26,207.11,83989.3
2025-09-30 18:30:00,207.11,207.22,206.53,207.18,58043.09
2025-09-30 18:45:00,207.18,207.85,207.08,207.47,107051.47
2025-09-30 19:00:00,207.47,208.2,207.04,207.88,95950.74
2025-10-08 02:00:00,221.88,221.95,221.31,221.73,41362.61
2025-10-08 02:15:00,221.73,222.63,221.69,222.33,69864.11
2025-10-08 02:30:00,222.32,222.34,221.41,221.42,37495.0
2025-10-08 02:45:00,221.43,221.79,221.01,221.47,58667.5
2025-10-08 03:00:00,221.47,221.47,219.94,220.01,75203.99
2025-10-08 03:15:00,220.01,220.37,218.4,218.76,178028.87
2025-10-08 03:30:00,218.76,219.4,218.54,218.77,98090.84
2025-10-08 03:45:00,218.78,219.26,217.8,218.19,147519.23
2025-10-08 04:00:00,218.19,219.26,217.15,219.02,263972.06
2025-10-08 04:15:00,219.02,219.81,219.0,219.35,79766.45
2025-10-08 04:30:00,219.36,220.18,219.32,219.98,54400.83
2025-10-08 04:45:00,219.98,220.43,219.77,220.26,45772.79
2025-10-08 05:00:00,220.26,220.27,219.54,219.62,44404.47
2025-10-08 05:15:00,219.62,219.72,218.37,218.87,85379.8
2025-10-08 05:30:00,218.87,219.3,218.67,218.67,49384.48
2025-10-08 05:45:00,218.67,219.63,218.25,219.39,55663.14
2025-10-08 06:00:00,219.38,219.78,218.48,219.51,73409.47
2025-10-08 06:15:00,219.51,219.79,218.88,219.08,56155.97
2025-10-08 06:30:00,219.08,219.58,218.8,219.37,37691.76
2025-10-08 06:45:00,219.37,220.34,219.37,220.16,34637.12
2025-10-08 07:00:00,220.15,220.54,219.54,219.66,67180.01
2025-10-08 07:15:00,219.65,219.99,219.29,219.81,40935.37
2025-10-08 07:30:00,219.81,220.21,219.38,220.0,30724.43
2025-10-08 07:45:00,220.0,220.88,219.63,220.82,68849.84
2025-10-08 08:00:00,220.82,221.36,220.68,220.97,80169.58
2025-10-08 08:15:00,220.96,221.63,220.78,221.2,57609.06
2025-10-08 08:30:00,221.2,222.48,221.04,222.4,139128.01
2025-10-08 08:45:00,222.39,222.57,221.25,221.48,80828.33
2025-10-08 09:00:00,221.48,221.96,221.05,221.21,73662.8
2025-10-08 09:15:00,221.21,221.26,220.61,220.92,59700.82
2025-10-08 09:30:00,220.93,221.32,220.55,221.08,35048.7
2025-10-08 09:45:00,221.07,221.28,220.63,221.28,27071.25
2025-10-08 10:00:00,221.28,221.95,220.87,221.02,55138.69
2025-10-08 10:15:00,221.01,221.55,220.89,221.05,48092.72
2025-10-08 10:30:00,221.05,221.89,220.94,221.76,75222.12
2025-10-08 10:45:00,221.76,222.08,221.55,221.98,54702.55
2025-10-08 11:00:00,221.97,222.38,221.64,222.1,57968.93
2025-10-08 11:15:00,222.1,222.11,221.04,221.29,59045.53
2025-10-08 11:30:00,221.3,221.32,220.51,220.55,53290.15
2025-10-08 11:45:00,220.56,221.16,220.49,221.05,30360.56
2025-10-08 12:00:00,221.04,222.04,220.95,221.72,71341.23
2025-10-08 12:15:00,221.73,222.08,221.01,222.04,75108.55
2025-10-08 12:30:00,222.04,222.3,221.34,222.16,54400.18
2025-10-08 12:45:00,222.16,222.45,221.56,222.18,61634.62
2025-10-08 13:00:00,222.19,222.62,221.72,222.23,53206.79
2025-10-08 13:15:00,222.22,222.35,221.5,221.67,34486.33
2025-10-08 13:30:00,221.67,221.96,219.37,219.9,166224.03
2025-10-08 13:45:00,219.9,221.44,218.73,221.34,224540.05
2025-10-08 14:00:00,221.34,224.1,221.32,222.32,384068.25
2025-10-08 14:15:00,222.31,223.37,221.7,221.81,127037.27
2025-10-08 14:30:00,221.81,222.57,220.46,220.81,255106.49
2025-10-08 14:45:00,220.8,221.11,219.36,219.97,153838.5
2025-10-08 15:00:00,219.97,221.04,219.78,220.68,115976.73
2025-10-08 15:15:00,220.69,222.72,220.48,222.24,137082.96
2025-10-08 15:30:00,222.24,222.32,221.49,221.57,57449.68
2025-10-08 15:45:00,221.57,221.57,220.43,221.07,69137.53
2025-10-08 16:00:00,221.07,222.16,220.54,222.16,73444.28
2025-10-08 16:15:00,222.16,222.35,221.5,221.93,53789.93
2025-10-08 16:30:00,221.92,222.05,221.32,221.97,60615.1
2025-10-08 16:45:00,221.97,223.57,221.88,223.42,131510.51
2025-10-08 17:00:00,223.42,224.99,223.22,224.96,175334.95
2025-10-08 17:15:00,224.96,226.56,224.58,226.31,303760.9
2025-10-08 17:30:00,226.3,226.96,225.72,225.89,143680.02
2025-10-08 17:45:00,225.89,227.6,225.63,226.79,206065.68
2025-10-08 18:00:00,226.79,227.75,226.3,227.22,122933.59
2025-10-08 18:15:00,227.22,228.25,227.04,227.15,191698.03
2025-10-08 18:30:00,227.16,228.76,226.68,227.37,173780.93
2025-10-08 18:45:00,227.37,229.56,227.29,228.52,196010.37
2025-10-08 19:00:00,228.52,228.77,227.49,227.65,100516.35
2025-10-08 19:15:00,227.65,228.47,227.39,228.06,60812.32
2025-10-08 19:30:00,228.07,229.05,228.07,228.44,85339.11
2025-10-08 19:45:00,228.44,229.48,228.19,229.19,108866.73
2025-10-08 20:00:00,229.2,229.59,228.54,229.0,108245.31
2025-10-08 20:15:00,229.0,229.58,228.93,229.24,71269.06
2025-10-08 20:30:00,229.25,229.38,228.45,228.75,50350.13
2025-10-08 20:45:00,228.75,228.8,227.36,227.59,113772.43
2025-10-08 21:00:00,227.6,228.23,227.33,227.54,64321.71
2025-10-08 21:15:00,227.54,228.49,227.54,228.35,32044.66
2025-10-08 21:30:00,228.36,229.0,228.31,228.59,35478.7
2025-10-08 21:45:00,228.59,228.6,227.74,228.38,31896.59
2025-10-08 22:00:00,228.38,229.37,228.36,229.08,62616.14
2025-10-08 22:15:00,229.08,229.71,228.72,229.03,65068.1
2025-10-08 22:30:00,229.04,229.22,228.76,228.95,19284.38
2025-10-08 22:45:00,228.95,229.07,228.47,228.52,32848.66
2025-10-08 23:00:00,228.53,228.68,227.74,227.91,61944.06
2025-10-08 23:15:00,227.9,228.73,227.77,228.53,37260.16
2025-10-08 23:30:00,228.53,229.31,228.53,228.79,55293.89
2025-10-08 23:45:00,228.8,229.04,228.6,228.93,23248.14
2025-10-09 00:00:00,228.93,229.29,227.9,228.17,62019.87
2025-10-09 00:15:00,228.17,229.59,228.03,228.58,79985.06
2025-10-09 00:30:00,228.57,229.12,227.99,228.48,76233.14
2025-10-09 00:45:00,228.47,228.9,228.14,228.22,39236.02
2025-10-09 01:00:00,228.22,228.5,227.11,227.11,96891.02
2025-10-09 01:15:00,227.12,227.77,226.44,226.66,160815.02
2025-10-09 01:30:00,226.65,226.75,225.89,226.04,137655.28
2025-10-09 01:45:00,226.04,228.58,226.03,228.34,126984.64
2025-10-09 02:00:00,228.35,228.66,226.51,227.24,120883.29
2025-10-09 02:15:00,227.23,227.36,225.92,226.99,125518.75
2025-10-09 02:30:00,226.99,227.54,225.18,225.48,181372.03
2025-10-09 02:45:00,225.49,225.97,223.65,224.29,289967.15
2025-10-09 03:00:00,224.29,225.71,224.28,225.33,98959.92
2025-10-09 03:15:00,225.34,226.35,225.29,225.63,79763.38
2025-10-09 03:30:00,225.63,226.15,225.12,225.28,63227.36
2025-10-09 03:45:00,225.28,226.27,225.22,226.05,53093.78
2025-10-09 04:00:00,226.04,226.29,225.28,225.34,48573.27
2025-10-09 04:15:00,225.33,227.03,225.33,226.96,67221.92
2025-10-09 04:30:00,226.97,227.1,226.43,226.53,57127.34
2025-10-09 04:45:00,226.54,227.43,226.46,227.33,46393.58
2025-10-09 05:00:00,227.34,227.97,226.99,226.99,85112.37
2025-10-09 05:15:00,226.99,227.68,226.56,227.63,50680.6
2025-10-09 05:30:00,227.62,228.62,227.2,227.24,128310.33
2025-10-09 05:45:00,227.24,227.66,226.89,227.65,58320.3
2025-10-09 06:00:00,227.66,227.8,226.98,227.21,81836.17
2025-10-09 06:15:00,227.2,227.82,226.57,227.63,67103.74
2025-10-09 06:30:00,227.62,228.28,227.32,227.42,73833.99
2025-10-09 06:45:00,227.42,227.91,226.17,226.42,76476.27
2025-10-09 07:00:00,226.42,226.76,225.5,225.58,88453.84
2025-10-09 07:15:00,225.58,225.93,224.45,224.96,138080.88
2025-10-09 07:30:00,224.96,224.98,224.03,224.24,101473.84
2025-10-09 07:45:00,224.24,225.31,224.17,224.4,97437.29
2025-10-09 08:00:00,224.39,224.68,223.02,223.04,127265.53
2025-10-09 08:15:00,223.04,223.5,220.55,220.63,617751.29
2025-10-09 08:30:00,220.64,221.8,219.71,220.19,290677.98
2025-10-09 08:45:00,220.18,220.84,219.21,219.85,195511.11
2025-10-09 09:00:00,219.85,221.12,219.77,220.88,196938.19
2025-10-09 09:15:00,220.89,221.68,220.62,221.38,149015.48
2025-10-09 09:30:00,221.37,221.91,221.01,221.28,95103.94
2025-10-09 09:45:00,221.28,221.99,221.16,221.83,81163.93
2025-10-09 10:00:00,221.84,222.3,221.36,222.06,99719.22
2025-10-09 10:15:00,222.07,222.11,220.79,221.18,90816.91
2025-10-09 10:30:00,221.17,222.65,221.17,222.24,118602.81
2025-10-09 10:45:00,222.24,222.81,221.73,222.1,93694.4
2025-10-09 11:00:00,222.11,222.91,222.11,222.48,72520.64
2025-10-09 11:15:00,222.47,223.57,222.44,223.35,89588.21
2025-10-09 11:30:00,223.35,223.83,222.68,223.76,97683.67
2025-10-09 11:45:00,223.75,223.76,222.87,222.96,56988.13
2025-10-09 12:00:00,222.96,224.27,222.74,223.78,107863.12
2025-10-09 12:15:00,223.78,224.5,223.55,224.04,107589.23
2025-10-09 12:30:00,224.04,225.99,223.36,225.58,207939.37
2025-10-09 12:45:00,225.58,226.24,224.94,225.83,157351.02
2025-10-09 13:00:00,225.83,226.08,224.61,224.68,116671.86
2025-10-09 13:15:00,224.67,225.69,224.53,225.29,93595.86
2025-10-09 13:30:00,225.29,225.29,223.24,223.72,240030.45
2025-10-09 13:45:00,223.73,224.65,221.72,222.17,314881.39
2025-10-09 14:00:00,222.17,223.21,221.35,222.94,294923.91
2025-10-09 14:15:00,222.94,223.11,220.91,221.0,170407.93
2025-10-09 14:30:00,221.0,221.0,219.4,219.97,329350.82
2025-10-09 14:45:00,219.96,221.39,219.2,220.77,212025.06
2025-10-09 15:00:00,220.78,222.09,220.78,221.23,204896.41
2025-10-09 15:15:00,221.24,221.87,219.65,219.79,103093.83
2025-10-09 15:30:00,219.79,220.45,218.51,218.87,207836.6
2025-10-09 15:45:00,218.88,219.82,218.66,218.99,150562.7
2025-10-09 16:00:00,219.0,220.03,218.39,218.47,211111.1
2025-10-09 16:15:00,218.47,219.38,217.59,219.07,237950.49
2025-10-09 16:30:00,219.06,219.43,218.2,219.06,119045.98
2025-10-09 16:45:00,219.07,219.3,216.4,217.12,296046.62
2025-10-09 17:00:00,217.11,218.38,216.57,218.07,186718.32
2025-10-09 17:15:00,218.07,218.99,217.36,217.62,95641.74
2025-10-09 17:30:00,217.63,218.58,217.4,218.03,74843.63
2025-10-09 17:45:00,218.02,219.46,217.8,219.21,97018.92
2025-10-09 18:00:00,219.2,219.34,218.2,218.65,87264.46
2025-10-09 18:15:00,218.66,219.39,218.32,218.32,60966.54
2025-10-09 18:30:00,218.32,218.44,217.23,217.55,105266.65
2025-10-09 18:45:00,217.55,217.86,217.08,217.43,47875.25
2025-10-09 19:00:00,217.43,218.1,217.29,217.9,46662.9
2025-10-09 19:15:00,217.89,218.73,217.54,218.66,58868.35
2025-10-09 19:30:00,218.67,218.84,218.15,218.45,40826.77
2025-10-09 19:45:00,218.45,218.58,217.28,218.18,64201.14
2025-10-09 20:00:00,218.18,219.14,217.51,217.55,58531.52
2025-10-09 20:15:00,217.54,218.34,217.44,217.99,29438.12
2025-10-09 20:30:00,218.0,218.36,217.95,218.36,22473.4
2025-10-09 20:45:00,218.36,218.84,218.16,218.84,28794.18
2025-10-09 21:00:00,218.84,219.45,218.42,219.44,56886.56
2025-10-09 21:15:00,219.45,219.89,219.02,219.14,54275.19
2025-10-09 21:30:00,219.14,219.89,218.75,219.66,33230.39
2025-10-09 21:45:00,219.66,220.34,219.59,220.14,34319.48
2025-10-09 22:00:00,220.13,220.65,219.74,220.46,54985.7
2025-10-09 22:15:00,220.45,220.81,220.22,220.7,39139.23
2025-10-09 22:30:00,220.7,221.62,220.51,221.42,124243.49
2025-10-09 22:45:00,221.41,221.55,220.89,221.13,50185.54
2025-10-09 23:00:00,221.13,221.19,220.07,220.26,90095.38
2025-10-09 23:15:00,220.26,220.38,219.7,220.12,40232.23
2025-10-09 23:30:00,220.12,220.67,220.02,220.46,44332.52
2025-10-09 23:45:00,220.46,220.84,220.22,220.82,28905.12
2025-10-10 00:00:00,220.82,221.52,220.65,221.36,62664.91
2025-10-10 00:15:00,221.37,221.81,220.91,221.75,46796.29
2025-10-10 00:30:00,221.74,221.95,221.24,221.28,37172.01
2025-10-10 00:45:00,221.28,221.34,220.81,221.11,48026.44
2025-10-10 01:00:00,221.12,222.0,220.99,221.9,82199.14
2025-10-10 01:15:00,221.89,221.98,221.54,221.94,41658.08
2025-10-10 01:30:00,221.94,222.06,220.7,220.9,147108.16
2025-10-10 01:45:00,220.9,221.14,220.45,220.89,66867.42
2025-10-10 02:00:00,220.89,220.96,220.23,220.67,145180.98
2025-10-10 02:15:00,220.68,221.8,220.64,221.02,54232.65
2025-10-10 02:30:00,221.02,221.16,220.26,220.53,69580.83
2025-10-10 02:45:00,220.54,220.59,219.73,220.27,136212.79
2025-10-10 03:00:00,220.26,220.44,219.32,219.88,134206.95
2025-10-10 03:15:00,219.88,221.58,219.76,221.58,77048.68
2025-10-10 03:30:00,221.57,222.64,221.57,222.39,108881.24
2025-10-10 03:45:00,222.4,222.77,221.05,221.54,82796.62
2025-10-10 04:00:00,221.54,222.84,221.47,222.59,78527.79
2025-10-10 04:15:00,222.6,222.65,221.76,221.78,61597.96
2025-10-10 04:30:00,221.79,222.22,220.75,221.36,83394.4
2025-10-10 04:45:00,221.36,221.36,220.82,221.1,24949.15
2025-10-10 05:00:00,221.1,221.17,219.83,220.3,85358.65
2025-10-10 05:15:00,220.3,221.25,220.23,220.87,57971.05
2025-10-10 05:30:00,220.87,220.93,220.22,220.86,40757.2
2025-10-10 05:45:00,220.86,221.69,220.8,221.55,51901.66
2025-10-10 06:00:00,221.55,222.3,221.44,221.73,65944.5
2025-10-10 06:15:00,221.73,222.03,221.02,221.1,39421.58
2025-10-10 06:30:00,221.1,221.36,220.31,220.84,40416.4
2025-10-10 06:45:00,220.84,221.27,219.15,219.22,178395.04
2025-10-10 07:00:00,219.22,219.45,218.0,218.68,237439.24
2025-10-10 07:15:00,218.68,218.74,217.86,218.47,127458.87
2025-10-10 07:30:00,218.47,219.17,218.03,219.01,53292.56
2025-10-10 07:45:00,219.01,219.01,217.74,217.99,73907.74
2025-10-10 08:00:00,217.99,218.59,217.25,218.35,123534.97
2025-10-10 08:15:00,218.35,219.24,218.31,218.93,61104.11
2025-10-10 08:30:00,218.93,219.2,218.24,218.42,40651.89
2025-10-10 08:45:00,218.43,219.98,218.42,219.9,62500.9
2025-10-10 09:00:00,219.9,219.96,218.93,219.24,79693.83
2025-10-10 09:15:00,219.22,220.6,219.04,220.42,67286.44
2025-10-10 09:30:00,220.42,220.48,219.79,220.11,60358.37
2025-10-10 09:45:00,220.12,220.32,218.8,218.8,69616.05
2025-10-10 10:00:00,218.81,219.67,218.6,219.56,51591.1
2025-10-10 10:15:00,219.57,219.81,219.27,219.41,30561.94
2025-10-10 10:30:00,219.41,219.83,219.19,219.72,22960.17
2025-10-10 10:45:00,219.71,220.51,219.51,220.27,35798.61
2025-10-10 11:00:00,220.26,221.31,220.26,220.57,88120.08
2025-10-10 11:15:00,220.57,220.96,220.14,220.69,46978.95
2025-10-10 11:30:00,220.68,221.25,220.6,221.24,53625.95
2025-10-10 11:45:00,221.24,221.47,220.9,221.03,49551.05
2025-10-10 12:00:00,221.03,221.7,220.73,220.93,50312.45
2025-10-10 12:15:00,220.92,221.64,220.65,221.39,37065.45
2025-10-10 12:30:00,221.39,221.54,220.82,220.94,34073.34
2025-10-10 12:45:00,220.94,221.69,220.78,221.67,71516.89
2025-10-10 13:00:00,221.67,222.24,221.47,221.71,85621.3
2025-10-10 13:15:00,221.71,222.54,221.39,222.35,72792.26
2025-10-10 13:30:00,222.36,224.3,222.25,223.87,313308.14
2025-10-10 13:45:00,223.86,224.06,222.04,223.32,235786.54
2025-10-10 14:00:00,223.31,224.32,222.63,223.77,217512.24
2025-10-10 14:15:00,223.76,223.99,221.74,222.06,249375.58
2025-10-10 14:30:00,222.06,223.3,221.93,222.32,181863.13
2025-10-10 14:45:00,222.31,223.25,219.53,219.7,345262.05
2025-10-10 15:00:00,219.7,219.99,217.18,218.31,806509.94
2025-10-10 15:15:00,218.3,218.68,212.63,213.05,1228525.14
2025-10-10 15:30:00,213.06,213.52,208.83,213.25,1657973.93
2025-10-10 15:45:00,213.25,213.37,209.69,210.55,568458.88
2025-10-10 16:00:00,210.55,212.22,209.85,211.24,358869.94
2025-10-10 16:15:00,211.23,212.1,210.17,211.25,203532.6
2025-10-10 16:30:00,211.25,212.85,210.95,211.4,213408.0
2025-10-10 16:45:00,211.4,211.84,210.61,211.09,206939.53
2025-10-10 17:00:00,211.08,211.38,209.39,209.83,269893.79
2025-10-10 17:15:00,209.83,211.29,209.8,210.8,120421.29
2025-10-10 17:30:00,210.8,211.0,209.22,209.43,123553.1
2025-10-10 17:45:00,209.43,210.19,208.69,209.54,189498.58
2025-10-10 18:00:00,209.55,209.61,208.07,208.71,214234.88
2025-10-10 18:15:00,208.71,209.96,207.94,209.02,118128.35
2025-10-10 18:30:00,209.03,209.29,207.86,208.29,111564.5
2025-10-10 18:45:00,208.28,208.95,207.3,207.36,129097.93
2025-10-10 19:00:00,207.36,208.07,206.41,206.87,211092.67
2025-10-10 19:15:00,206.87,207.04,203.25,203.41,415715.5
2025-10-10 19:30:00,203.39,206.47,203.31,206.43,310381.32
2025-10-10 19:45:00,206.44,207.1,205.12,205.2,202993.19
2025-10-10 20:00:00,205.21,206.86,205.08,206.4,152668.91
2025-10-10 20:15:00,206.39,207.58,206.1,207.47,114674.98
2025-10-10 20:30:00,207.46,207.65,206.64,207.37,98850.98
2025-10-10 20:45:00,207.36,207.56,192.18,196.72,1809464.81
2025-10-10 21:00:00,196.72,198.51,175.67,184.91,3085605.72
2025-10-10 21:15:00,184.87,185.4,143.04,172.09,3555959.73
2025-10-10 21:30:00,172.12,187.52,171.84,187.52,1217746.61
2025-10-10 21:45:00,187.52,190.76,185.57,187.77,503112.53
2025-10-10 22:00:00,187.77,189.21,183.45,187.38,934842.67
2025-10-10 22:15:00,187.39,189.02,182.12,184.18,879487.19
2025-10-10 22:30:00,184.16,188.65,183.52,187.2,587353.64
2025-10-10 22:45:00,187.2,190.73,185.04,188.27,581774.19
2025-10-10 23:00:00,188.28,189.52,186.5,188.4,346569.93
2025-10-10 23:15:00,188.41,192.54,188.16,191.43,410089.2
2025-10-10 23:30:00,191.43,193.31,189.97,192.63,411628.96
2025-10-10 23:45:00,192.63,192.96,186.35,187.88,592754.97
2025-10-11 00:00:00,187.89,190.0,186.25,188.79,356659.99
2025-10-11 00:15:00,188.8,189.2,184.24,187.67,332779.45
2025-10-11 00:30:00,187.67,189.49,185.43,189.29,238138.35
2025-10-11 00:45:00,189.29,190.2,187.68,187.74,177917.74
2025-10-11 01:00:00,187.75,187.94,185.61,186.12,162288.17
2025-10-11 01:15:00,186.13,186.42,183.82,184.22,204665.69
2025-10-11 01:30:00,184.23,185.48,182.46,182.94,235294.58
2025-10-11 01:45:00,182.94,184.64,181.8,182.84,214535.94
2025-10-11 02:00:00,182.85,186.0,182.66,185.7,220964.18
2025-10-11 02:15:00,185.71,188.19,185.04,188.03,198993.29
2025-10-11 02:30:00,188.03,190.75,187.89,190.64,213807.39
2025-10-11 02:45:00,190.63,190.63,188.1,188.16,220541.67
2025-10-11 03:00:00,188.16,188.73,184.76,185.3,321810.98
2025-10-11 03:15:00,185.3,185.3,183.07,183.52,212219.04
2025-10-11 03:30:00,183.52,183.91,182.12,182.44,215769.2
2025-10-11 03:45:00,182.44,184.5,182.23,184.14,169081.2
2025-10-11 04:00:00,184.14,185.96,183.82,185.4,129739.86
2025-10-11 04:15:00,185.41,186.36,184.65,185.68,146838.05
2025-10-11 04:30:00,185.67,185.86,183.63,184.51,104795.83
2025-10-11 04:45:00,184.52,185.86,183.4,185.77,125554.56
2025-10-18 11:45:00,185.79,185.99,185.43,185.99,41821.73
2025-10-18 12:00:00,185.99,186.68,185.69,186.53,65290.29
2025-10-18 12:15:00,186.54,187.26,185.93,186.08,86388.42
2025-10-18 12:30:00,186.07,186.11,185.56,185.99,58531.99
2025-10-18 12:45:00,186.0,186.16,185.79,185.95,24072.52
2025-10-18 13:00:00,185.96,186.02,185.2,185.5,60354.3
2025-10-18 13:15:00,185.5,185.5,184.72,185.27,75592.19
2025-10-18 13:30:00,185.27,185.57,184.65,185.09,72859.72
2025-10-18 13:45:00,185.1,185.56,184.72,185.14,54761.54
2025-10-18 14:00:00,185.13,185.63,183.84,183.88,97197.48
2025-10-18 14:15:00,183.89,184.73,183.87,184.65,68238.77
2025-10-18 14:30:00,184.66,186.18,184.65,185.4,98869.76
2025-10-18 14:45:00,185.4,185.85,185.09,185.64,59660.99
2025-10-18 15:00:00,185.64,185.89,184.97,185.14,68325.47
2025-10-18 15:15:00,185.14,185.69,185.09,185.11,34827.72
2025-10-18 15:30:00,185.1,185.1,184.5,184.98,67269.07
2025-10-18 15:45:00,184.99,185.47,184.91,184.92,45378.56
2025-10-18 16:00:00,184.93,185.47,184.4,184.58,53559.25
2025-10-18 16:15:00,184.59,184.76,183.72,184.1,79426.58
2025-10-18 16:30:00,184.09,184.1,183.19,183.55,171954.07
2025-10-18 16:45:00,183.55,184.29,183.44,184.17,57848.7
2025-10-18 17:00:00,184.18,184.5,183.7,184.5,45271.55
2025-10-18 17:15:00,184.5,185.57,184.38,185.43,89491.1
2025-10-18 17:30:00,185.43,185.75,184.94,185.05,76380.46
2025-10-18 17:45:00,185.04,186.06,184.88,185.88,64946.74
2025-10-18 18:00:00,185.88,186.12,185.29,185.31,57517.77
2025-10-18 18:15:00,185.3,185.72,185.21,185.67,30420.39
2025-10-18 18:30:00,185.66,186.02,185.51,185.63,18534.4
2025-10-18 18:45:00,185.63,186.0,185.36,185.8,44107.63
2025-10-18 19:00:00,185.79,186.36,185.56,185.9,59841.76
2025-10-18 19:15:00,185.89,186.06,185.68,185.92,29304.46
2025-10-18 19:30:00,185.92,186.0,185.7,185.88,24993.27
2025-10-18 19:45:00,185.89,186.3,185.83,186.29,22534.86
2025-10-18 20:00:00,186.29,186.8,186.05,186.48,52314.54
2025-10-18 20:15:00,186.48,187.23,186.31,187.2,53044.69
2025-10-18 20:30:00,187.21,187.64,186.76,187.0,60151.75
2025-10-18 20:45:00,187.0,187.45,186.52,186.52,32776.12
2025-10-18 21:00:00,186.51,186.87,185.8,186.04,51214.18
2025-10-18 21:15:00,186.05,186.85,185.83,186.85,29456.65
2025-10-18 21:30:00,186.86,187.11,186.67,186.85,25345.87
2025-10-18 21:45:00,186.85,187.2,186.75,187.04,19214.37
2025-10-18 22:00:00,187.05,187.28,186.72,186.93,23642.19
2025-10-18 22:15:00,186.93,187.77,186.85,187.68,33993.11
2025-10-18 22:30:00,187.69,187.69,187.18,187.29,28395.0
2025-10-18 22:45:00,187.29,187.3,186.95,187.18,15464.11
2025-10-18 23:00:00,187.17,187.5,186.97,187.28,21949.56
2025-10-18 23:15:00,187.28,187.39,186.83,187.22,23678.47
2025-10-18 23:30:00,187.22,187.49,187.11,187.33,19018.49
2025-10-18 23:45:00,187.35,187.68,187.24,187.46,24527.7
2025-10-19 00:00:00,187.46,187.79,186.52,186.6,73013.79
2025-10-19 00:15:00,186.61,186.96,186.34,186.4,53545.96
2025-10-19 00:30:00,186.4,186.44,185.58,185.71,66070.62
2025-10-19 00:45:00,185.71,185.77,185.19,185.69,53657.77
2025-10-19 01:00:00,185.7,185.7,184.8,185.17,64922.35
2025-10-19 01:15:00,185.18,185.73,185.08,185.4,52776.01
2025-10-19 01:30:00,185.41,185.49,184.92,185.2,17077.23
2025-10-19 01:45:00,185.2,185.84,185.12,185.79,44946.53
2025-10-19 02:00:00,185.79,185.8,185.31,185.36,25012.23
2025-10-19 02:15:00,185.35,185.87,185.16,185.59,40249.08
2025-10-19 02:30:00,185.6,185.82,185.38,185.43,25367.96
2025-10-19 02:45:00,185.43,185.77,185.2,185.7,19303.98
2025-10-19 03:00:00,185.7,185.71,184.88,185.08,43713.67
2025-10-19 03:15:00,185.08,186.25,185.08,186.02,56273.33
2025-10-19 03:30:00,186.01,186.74,185.9,186.57,70293.3
2025-10-19 03:45:00,186.58,187.05,186.51,186.93,55530.59
2025-10-19 04:00:00,186.93,187.06,186.35,186.56,57290.14
2025-10-19 04:15:00,186.55,186.69,186.25,186.57,25289.87
2025-10-19 04:30:00,186.58,186.91,186.57,186.7,25800.75
2025-10-19 04:45:00,186.69,186.79,186.46,186.72,18332.31
2025-10-19 05:00:00,186.71,187.0,186.55,186.71,24021.85
2025-10-19 05:15:00,186.71,187.6,186.61,187.06,60430.25
2025-10-19 05:30:00,187.06,187.23,186.58,186.71,25338.31
2025-10-19 05:45:00,186.71,186.71,186.27,186.43,46702.36
2025-10-19 06:00:00,186.43,186.82,186.27,186.27,57991.21
2025-10-19 06:15:00,186.27,186.37,185.91,186.03,61778.81
2025-10-19 06:30:00,186.04,186.04,185.09,185.42,142170.47
2025-10-19 06:45:00,185.41,185.57,185.12,185.47,55992.38
2025-10-19 07:00:00,185.47,185.71,185.14,185.6,51035.94
2025-10-19 07:15:00,185.6,185.89,185.35,185.57,32041.93
2025-10-19 07:30:00,185.58,186.05,185.42,185.63,35853.21
2025-10-19 07:45:00,185.62,185.89,185.45,185.83,21954.61
2025-10-19 08:00:00,185.83,186.28,185.79,185.88,64731.01
2025-10-19 08:15:00,185.87,187.47,183.61,185.18,591848.46
2025-10-19 08:30:00,185.17,185.17,183.8,184.09,237705.26
2025-10-19 08:45:00,184.1,184.62,183.77,184.09,109144.55
2025-10-19 09:00:00,184.09,184.11,183.13,183.94,152142.27
2025-10-19 09:15:00,183.94,184.35,183.37,183.48,86896.16
2025-10-19 09:30:00,183.48,186.19,183.43,185.89,233252.64
2025-10-19 09:45:00,185.88,188.64,185.61,187.12,552366.49
2025-10-19 10:00:00,187.12,188.08,186.61,187.14,157406.87
2025-10-19 10:15:00,187.13,189.9,186.86,189.36,260765.94
2025-10-19 10:30:00,189.35,189.45,188.35,188.92,128552.25
2025-10-19 10:45:00,188.91,189.03,188.15,189.0,71593.95
2025-10-19 11:00:00,188.99,189.99,188.93,189.66,195128.52
2025-10-19 11:15:00,189.66,189.94,188.57,188.85,105914.1
2025-10-19 11:30:00,188.85,189.3,188.67,188.84,36873.23
2025-10-19 11:45:00,188.83,189.03,188.53,188.94,63232.35
2025-10-19 12:00:00,188.94,189.31,188.19,188.48,72943.34
2025-10-19 12:15:00,188.48,188.66,188.02,188.41,64557.13
2025-10-19 12:30:00,188.42,189.06,188.25,188.5,45551.09
2025-10-19 12:45:00,188.5,188.86,188.25,188.81,30625.05
2025-10-19 13:00:00,188.81,189.05,188.25,188.52,45540.42
2025-10-19 13:15:00,188.52,188.75,188.23,188.68,37542.4
2025-10-19 13:30:00,188.68,190.26,188.61,190.04,129507.21
2025-10-19 13:45:00,190.04,190.94,189.5,190.49,200459.62
2025-10-19 14:00:00,190.48,190.7,189.66,190.21,124648.88
2025-10-19 14:15:00,190.22,191.55,190.0,191.24,167297.12
2025-10-19 14:30:00,191.24,191.4,190.34,190.76,125923.15
2025-10-19 14:45:00,190.77,191.57,190.54,191.43,60127.86
2025-10-19 15:00:00,191.42,191.55,190.36,190.54,121384.17
2025-10-19 15:15:00,190.54,190.99,190.23,190.45,122581.7
2025-10-19 15:30:00,190.46,190.53,190.1,190.16,57671.67
2025-10-19 15:45:00,190.16,190.72,190.16,190.66,38467.63
2025-10-19 16:00:00,190.67,190.8,190.12,190.17,52798.34
2025-10-19 16:15:00,190.17,190.61,189.83,190.43,62146.85
2025-10-19 16:30:00,190.42,191.52,190.12,191.41,101654.08
2025-10-19 16:45:00,191.41,191.46,190.72,190.77,92436.3
2025-10-19 17:00:00,190.76,192.15,190.71,191.86,175812.34
2025-10-19 17:15:00,191.86,192.17,190.94,190.94,158971.24
2025-10-19 17:30:00,190.94,191.31,190.71,190.93,52715.53
2025-10-19 17:45:00,190.93,190.95,189.64,189.97,131841.13
2025-10-19 18:00:00,189.97,190.32,189.1,189.45,151601.77
2025-10-19 18:15:00,189.45,189.85,189.06,189.61,101465.62
2025-10-19 18:30:00,189.61,189.93,189.28,189.87,65286.92
2025-10-19 18:45:00,189.87,190.13,189.65,189.83,39468.55
2025-10-19 19:00:00,189.83,189.84,188.65,188.9,99931.09
2025-10-19 19:15:00,188.89,189.06,188.72,188.98,40591.16
2025-10-19 19:30:00,188.99,189.16,188.53,188.72,45188.97
2025-10-19 19:45:00,188.73,188.84,188.23,188.83,63602.64
2025-10-19 20:00:00,188.83,189.1,188.62,188.78,54415.18
2025-10-19 20:15:00,188.78,189.24,188.54,189.22,25742.5
2025-10-19 20:30:00,189.22,189.57,188.96,189.51,47547.15
2025-10-19 20:45:00,189.51,189.85,189.22,189.56,35524.28
2025-10-19 21:00:00,189.56,189.73,188.82,188.84,56405.51
2025-10-19 21:15:00,188.85,189.01,188.34,188.41,44038.54
2025-10-19 21:30:00,188.4,189.23,188.25,189.18,25523.55
2025-10-19 21:45:00,189.18,189.33,188.87,189.2,18813.4
2025-10-19 22:00:00,189.2,189.47,188.82,189.23,65587.36
2025-10-19 22:15:00,189.23,189.74,189.07,189.44,44213.46
2025-10-19 22:30:00,189.43,189.91,189.34,189.68,40777.21
2025-10-19 22:45:00,189.68,190.06,189.48,189.72,52720.01
2025-10-19 23:00:00,189.72,189.73,188.6,188.73,51321.59
2025-10-19 23:15:00,188.72,188.88,188.33,188.44,41859.78
2025-10-19 23:30:00,188.44,188.6,186.74,187.0,237765.21
2025-10-19 23:45:00,187.01,187.82,186.8,187.77,65365.26
2025-10-20 00:00:00,187.77,187.78,186.18,186.28,127683.47
2025-10-20 00:15:00,186.29,186.58,184.15,184.53,257042.77
2025-10-20 00:30:00,184.52,185.35,183.69,184.86,198222.42
2025-10-20 00:45:00,184.86,185.64,184.58,185.51,98229.64
2025-10-20 01:00:00,185.5,185.98,184.87,185.38,91131.27
2025-10-20 01:15:00,185.38,185.87,185.05,185.64,54524.19
2025-10-20 01:30:00,185.63,186.24,185.3,185.73,70030.18
2025-10-20 01:45:00,185.73,186.03,185.33,185.56,50398.8
2025-10-20 02:00:00,185.55,185.55,184.01,184.52,140673.47
2025-10-20 02:15:00,184.51,186.1,184.35,185.62,109800.64
2025-10-20 02:30:00,185.62,186.64,185.05,186.44,149397.18
2025-10-20 02:45:00,186.43,187.24,186.35,186.77,117328.52
2025-10-20 03:00:00,186.78,186.81,185.74,186.55,114349.85
2025-10-20 03:15:00,186.54,187.28,186.36,186.73,79884.0
2025-10-20 03:30:00,186.72,188.23,186.5,187.95,93956.65
2025-10-20 03:45:00,187.94,191.65,187.77,191.1,451158.23
2025-10-20 04:00:00,191.1,192.39,191.1,191.48,236867.65
2025-10-20 04:15:00,191.47,191.75,190.52,190.92,162045.53
2025-10-20 04:30:00,190.92,191.85,190.91,191.68,107590.41
2025-10-20 04:45:00,191.67,192.18,191.43,192.08,78548.99
2025-10-20 05:00:00,192.08,192.27,191.51,191.98,132770.93
2025-10-20 05:15:00,191.98,192.86,191.6,192.46,130702.82
2025-10-20 05:30:00,192.46,192.98,192.08,192.48,90051.71
2025-10-20 05:45:00,192.47,193.27,192.17,192.88,79291.96
2025-10-20 06:00:00,192.88,193.27,192.63,192.84,103454.42
2025-10-20 06:15:00,192.84,193.4,192.71,193.29,79344.79
2025-10-20 06:30:00,193.29,193.93,193.27,193.71,100248.39
2025-10-20 06:45:00,193.71,194.17,193.06,193.78,79608.5
2025-10-20 07:00:00,193.79,193.8,193.1,193.67,76350.03
2025-10-20 07:15:00,193.67,194.43,193.52,193.72,72860.13
2025-10-20 07:30:00,193.72,193.73,193.14,193.32,79478.9
2025-10-20 07:45:00,193.32,193.37,192.74,192.93,105186.61
2025-10-20 08:00:00,192.93,193.11,192.51,192.79,86831.37
2025-10-20 08:15:00,192.79,193.08,192.14,193.05,122541.31
2025-10-20 08:30:00,193.06,194.1,193.0,193.57,134589.11
2025-10-20 08:45:00,193.57,193.96,192.86,192.9,53845.35
2025-10-20 09:00:00,192.9,193.6,192.6,193.43,75555.09
2025-10-20 09:15:00,193.44,193.52,192.5,192.93,73925.06
2025-10-20 09:30:00,192.92,193.19,192.54,192.88,35563.33
2025-10-20 09:45:00,192.88,193.25,192.51,193.15,44227.98
2025-10-20 10:00:00,193.15,193.59,192.38,192.98,57813.75
2025-10-20 10:15:00,192.98,193.71,192.96,193.3,75897.39
2025-10-20 10:30:00,193.29,193.55,192.5,192.54,52063.79
2025-10-20 10:45:00,192.54,192.65,191.33,191.55,182648.58
2025-10-20 11:00:00,191.55,191.65,190.87,191.12,106199.42
2025-10-20 11:15:00,191.12,191.91,190.96,191.8,85370.69
2025-10-20 11:30:00,191.8,191.8,191.16,191.51,40311.95
2025-10-20 11:45:00,191.51,192.23,191.4,192.14,64866.62
2025-10-20 12:00:00,192.14,192.15,191.58,191.76,58387.35
2025-10-20 12:15:00,191.76,192.29,191.62,192.2,48898.29
2025-10-20 12:30:00,192.19,192.38,191.6,191.84,46550.59
2025-10-20 12:45:00,191.83,192.67,191.74,192.67,49937.82
2025-10-20 13:00:00,192.67,192.88,191.62,191.62,72999.4
2025-10-20 13:15:00,191.61,192.13,191.48,192.01,64002.93
2025-10-20 13:30:00,192.0,192.9,191.95,192.52,108258.27
2025-10-20 13:45:00,192.51,192.79,192.0,192.33,62864.61
2025-10-20 14:00:00,192.34,192.5,191.73,191.79,60032.22
2025-10-20 14:15:00,191.8,191.99,190.63,191.92,189306.75
2025-10-20 14:30:00,191.92,191.96,190.77,191.25,86851.27
2025-10-20 14:45:00,191.25,191.71,190.96,191.31,71561.86
2025-10-20 15:00:00,191.31,192.26,190.86,190.91,100903.67
2025-10-20 15:15:00,190.9,191.54,190.67,191.5,69664.81
2025-10-20 15:30:00,191.49,191.78,191.33,191.62,46956.54
2025-10-20 15:45:00,191.61,192.09,190.25,190.4,141346.5
2025-10-20 16:00:00,190.41,190.41,187.88,189.07,620192.99
2025-10-20 16:15:00,189.07,189.49,188.33,188.55,122612.25
2025-10-20 16:30:00,188.54,188.61,187.06,187.24,181381.81
2025-10-20 16:45:00,187.24,187.89,186.59,187.45,190025.87
2025-10-20 17:00:00,187.44,188.37,186.93,187.08,144131.82
2025-10-20 17:15:00,187.08,187.41,186.71,186.93,83144.1
2025-10-20 17:30:00,186.93,187.1,185.37,186.04,222820.21
2025-10-20 17:45:00,186.04,188.54,186.0,187.56,215092.13
2025-10-20 18:00:00,187.55,188.16,187.37,187.77,110710.12
2025-10-20 18:15:00,187.77,187.89,187.08,187.54,50211.1
2025-10-20 18:30:00,187.54,187.87,187.22,187.8,41878.89
2025-10-20 18:45:00,187.8,188.43,187.71,188.09,78235.05
2025-10-20 19:00:00,188.09,188.44,187.48,187.88,64131.87
2025-10-20 19:15:00,187.88,188.31,187.43,188.17,25776.26
2025-10-20 19:30:00,188.17,188.84,188.0,188.77,51852.87
2025-10-20 19:45:00,188.77,189.34,188.57,188.69,117369.72
2025-10-20 20:00:00,188.69,189.42,188.13,189.13,105415.8
2025-10-20 20:15:00,189.13,189.66,188.96,189.15,51759.43
2025-10-20 20:30:00,189.16,189.74,188.96,189.73,28067.6
2025-10-20 20:45:00,189.73,190.44,189.52,190.44,44343.56
2025-10-20 21:00:00,190.44,191.12,190.22,190.3,72149.46
2025-10-20 21:15:00,190.29,190.29,189.37,189.75,81137.56
2025-10-20 21:30:00,189.75,189.91,189.19,189.46,36776.7
2025-10-20 21:45:00,189.47,189.47,188.67,188.92,39063.34
2025-10-20 22:00:00,188.92,190.06,188.66,189.98,62265.41
2025-10-20 22:15:00,189.97,190.27,189.82,189.9,38357.2
2025-10-20 22:30:00,189.9,190.73,189.82,190.7,46008.4
2025-10-20 22:45:00,190.69,190.82,190.32,190.67,34109.03
2025-10-20 23:00:00,190.68,190.76,189.64,189.84,57372.4
2025-10-20 23:15:00,189.84,190.17,189.63,190.16,23323.2
2025-10-20 23:30:00,190.17,190.59,189.96,190.16,45756.94
2025-10-20 23:45:00,190.17,190.37,189.4,189.65,45589.87
2025-10-21 00:00:00,189.65,189.65,188.61,188.72,94856.55
2025-10-21 00:15:00,188.72,189.66,188.72,189.34,52699.13
2025-10-21 00:30:00,189.35,190.18,188.83,189.98,76085.37
2025-10-21 00:45:00,189.98,190.08,188.94,188.94,39963.85
2025-10-21 01:00:00,188.93,189.18,186.92,187.87,188565.24
2025-10-21 01:15:00,187.88,188.42,187.83,188.23,41534.2
2025-10-21 01:30:00,188.23,188.29,187.44,187.54,77655.29
2025-10-21 01:45:00,187.53,187.78,186.1,186.66,179297.77
2025-10-21 02:00:00,186.65,186.86,185.52,186.14,156651.04
2025-10-21 02:15:00,186.14,186.49,185.42,186.18,115381.24
2025-10-21 02:30:00,186.17,186.66,185.91,186.13,74138.09
2025-10-21 02:45:00,186.13,186.46,185.8,185.96,54515.79
2025-10-21 03:00:00,185.97,186.38,185.85,186.09,48573.19
2025-10-21 03:15:00,186.09,186.52,185.91,186.25,56173.37
2025-10-21 03:30:00,186.25,186.5,186.1,186.13,34309.91
2025-10-21 03:45:00,186.13,186.14,185.2,185.48,89329.58
2025-10-21 04:00:00,185.47,185.56,183.05,184.16,468373.4
2025-10-21 04:15:00,184.16,184.43,183.47,184.32,155191.89
2025-10-21 04:30:00,184.31,184.33,183.32,183.6,121525.78
2025-10-21 04:45:00,183.6,184.11,183.24,183.65,107201.81
2025-10-21 05:00:00,183.65,184.15,182.61,183.81,170017.72
2025-10-21 05:15:00,183.81,184.28,183.33,184.11,103121.95
2025-10-21 05:30:00,184.11,184.12,183.38,183.64,90732.45
2025-10-21 05:45:00,183.64,184.16,183.53,183.76,70987.64
2025-10-21 06:00:00,183.76,183.76,183.06,183.56,105514.56
2025-10-21 06:15:00,183.56,184.86,183.45,184.72,129933.98
2025-10-21 06:30:00,184.71,184.9,184.09,184.13,98269.79
2025-10-21 06:45:00,184.12,184.49,183.94,184.33,53509.34
2025-10-21 07:00:00,184.33,184.45,183.56,183.62,59456.78
2025-10-21 07:15:00,183.62,184.69,183.62,184.69,36974.02
2025-10-21 07:30:00,184.69,184.93,184.57,184.61,53283.41
2025-10-21 07:45:00,184.61,185.07,184.56,184.85,53897.78
2025-10-21 08:00:00,184.86,184.86,183.88,184.0,78414.53
2025-10-21 08:15:00,183.99,184.41,183.88,184.29,33260.93
2025-10-21 08:30:00,184.28,184.29,183.67,183.88,71031.01
2025-10-21 08:45:00,183.88,184.39,183.62,184.13,62089.4
2025-10-21 09:00:00,184.13,184.33,183.64,184.22,37766.83
2025-10-21 09:15:00,184.22,184.4,183.92,184.13,32784.15
2025-10-21 09:30:00,184.13,184.27,183.84,184.12,52319.83
2025-10-21 09:45:00,184.12,184.34,184.0,184.24,33670.14
2025-10-21 10:00:00,184.23,185.02,184.04,184.9,109893.29
2025-10-21 10:15:00,184.9,185.02,184.41,184.8,63248.36
2025-10-21 10:30:00,184.8,186.08,184.75,185.39,143662.68
2025-10-21 10:45:00,185.38,186.6,185.38,185.79,140912.63
2025-10-21 11:00:00,185.78,185.81,184.94,185.28,94239.35
2025-10-21 11:15:00,185.27,185.76,185.16,185.49,45071.83
2025-10-21 11:30:00,185.48,186.16,185.11,185.94,78081.33
2025-10-21 11:45:00,185.94,186.43,185.93,186.13,39892.26
2025-10-21 12:00:00,186.14,186.47,185.77,186.11,65978.14
2025-10-21 12:15:00,186.11,187.62,186.07,186.73,177419.3
2025-10-21 12:30:00,186.73,187.64,186.19,187.44,95290.84
2025-10-21 12:45:00,187.44,187.5,186.28,186.37,104255.43
2025-10-21 13:00:00,186.37,186.87,185.18,186.12,192624.99
2025-10-21 13:15:00,186.11,186.36,185.73,186.2,90477.59
2025-10-21 13:30:00,186.2,186.75,185.35,185.75,140951.48
2025-10-21 13:45:00,185.75,185.75,183.88,185.02,292802.15
2025-10-21 14:00:00,185.03,188.46,184.87,188.42,316567.88
2025-10-21 14:15:00,188.42,189.49,187.47,187.7,370280.2
2025-10-21 14:30:00,187.7,189.12,187.6,188.94,136885.39
2025-10-21 14:45:00,188.93,192.79,188.56,192.65,594697.27
2025-10-21 15:00:00,192.65,194.27,191.84,193.55,680790.54
2025-10-21 15:15:00,193.55,194.88,192.93,194.13,355217.18
2025-10-21 15:30:00,194.12,196.91,193.51,196.66,453140.84
2025-10-21 15:45:00,196.66,197.13,195.3,196.2,373601.3
2025-10-21 16:00:00,196.19,197.12,195.76,196.93,260452.58
2025-10-21 16:15:00,196.92,197.67,196.72,197.07,229243.38
2025-10-21 16:30:00,197.06,197.44,196.0,196.22,329228.66
2025-10-21 16:45:00,196.22,196.87,192.06,192.6,580442.18
2025-10-21 17:00:00,192.6,194.62,192.2,193.83,373479.55
2025-10-21 17:15:00,193.82,194.14,192.07,193.9,326596.89
2025-10-21 17:30:00,193.9,195.42,193.42,195.17,162188.74
2025-10-21 17:45:00,195.18,195.35,194.36,194.83,107505.21
2025-10-21 18:00:00,194.83,195.44,193.52,193.91,191993.19
2025-10-21 18:15:00,193.9,194.97,193.66,194.37,100484.02
2025-10-21 18:30:00,194.36,194.6,193.59,193.84,80776.31
2025-10-21 18:45:00,193.84,194.59,193.8,194.15,51542.89
2025-10-21 19:00:00,194.14,194.48,193.99,194.38,34231.99
2025-10-21 19:15:00,194.38,194.43,193.04,193.55,83477.87
2025-10-21 19:30:00,193.55,194.36,193.23,194.16,57535.91
2025-10-21 19:45:00,194.17,194.57,193.73,193.96,48874.0
2025-10-21 20:00:00,193.97,194.22,192.36,192.69,134949.14
2025-10-21 20:15:00,192.7,192.88,190.72,191.79,275181.59
2025-10-21 20:30:00,191.79,191.99,191.08,191.53,71734.33
2025-10-21 20:45:00,191.53,191.9,191.22,191.41,108135.18
2025-10-21 21:00:00,191.4,191.72,190.97,191.27,131380.5
2025-10-21 21:15:00,191.27,191.43,187.8,189.66,497782.73
2025-10-21 21:30:00,189.66,191.25,189.06,190.9,65928.9
2025-10-21 21:45:00,190.91,191.45,190.76,191.27,50676.04
2025-10-21 22:00:00,191.28,191.47,189.93,190.61,78017.55
2025-10-21 22:15:00,190.6,190.84,188.85,189.01,99312.28
2025-10-21 22:30:00,189.01,189.46,187.68,188.6,300562.38
2025-10-21 22:45:00,188.59,189.35,188.25,188.49,88235.7
2025-10-21 23:00:00,188.48,188.88,188.07,188.12,89034.73
2025-10-21 23:15:00,188.11,188.35,187.31,187.48,125515.53
2025-10-21 23:30:00,187.47,187.58,185.01,185.37,416848.27
2025-10-21 23:45:00,185.38,186.06,185.06,185.56,169795.41
2025-10-22 00:00:00,185.56,186.5,185.32,186.27,130160.67
2025-10-22 00:15:00,186.28,186.28,184.21,184.7,148659.49
2025-10-22 00:30:00,184.7,185.53,184.0,184.99,234826.14
2025-10-22 00:45:00,184.98,185.66,184.85,185.55,133845.56
2025-10-22 01:00:00,185.55,186.84,185.5,186.79,178068.54
2025-10-22 01:15:00,186.78,186.78,185.51,186.19,151818.8
2025-10-22 01:30:00,186.18,186.49,185.61,186.36,61222.68
2025-10-22 01:45:00,186.36,187.08,186.11,186.87,96145.04
2025-10-22 02:00:00,186.87,187.25,186.53,187.1,87963.81
2025-10-22 02:15:00,187.1,187.32,186.66,186.88,54126.6
2025-10-22 02:30:00,186.87,186.88,186.06,186.12,64638.81
2025-10-22 02:45:00,186.12,186.18,185.76,185.78,58747.92
2025-10-22 03:00:00,185.77,185.8,184.65,184.72,150602.53
2025-10-22 03:15:00,184.73,185.78,184.61,185.53,69546.94
2025-10-22 03:30:00,185.53,185.86,184.27,184.64,150808.24
2025-10-22 03:45:00,184.65,185.36,184.54,185.11,54606.82
2025-10-22 04:00:00,185.1,186.13,184.9,185.36,105684.82
2025-10-22 04:15:00,185.35,185.75,185.2,185.41,61883.56
2025-10-22 04:30:00,185.42,186.16,185.27,185.85,56081.62
2025-10-22 04:45:00,185.85,185.85,185.4,185.74,35791.83
2025-10-22 05:00:00,185.74,185.84,185.02,185.08,68346.1
2025-10-22 05:15:00,185.09,185.36,183.13,183.87,308264.17
2025-10-22 05:30:00,183.87,184.28,183.56,184.2,119097.24
2025-10-22 05:45:00,184.21,184.59,184.0,184.46,51997.17
2025-10-22 06:00:00,184.45,184.45,183.76,184.28,50280.83
2025-10-22 06:15:00,184.28,184.6,183.94,184.05,68400.09
2025-10-22 06:30:00,184.04,184.8,184.01,184.62,67621.1
2025-10-22 06:45:00,184.62,184.7,183.86,183.94,67464.98
2025-10-22 07:00:00,183.93,184.05,183.3,183.33,136362.53
2025-10-22 07:15:00,183.33,184.34,183.33,184.07,91127.65
2025-10-22 07:30:00,184.08,184.9,183.96,184.52,56077.14
2025-10-22 07:45:00,184.51,185.0,184.4,184.9,55852.75
2025-10-22 08:00:00,184.9,184.9,184.13,184.17,39331.35
2025-10-22 08:15:00,184.17,184.82,184.09,184.57,44492.26
2025-10-22 08:30:00,184.57,184.88,184.2,184.8,32374.16
2025-10-22 08:45:00,184.81,185.1,184.48,184.6,38389.23
2025-10-22 09:00:00,184.59,184.8,183.82,183.9,49983.11
2025-10-22 09:15:00,183.89,184.34,183.52,184.32,113525.08
2025-10-22 09:30:00,184.33,184.48,183.46,183.47,66363.45
2025-10-22 09:45:00,183.47,184.12,183.27,183.93,53626.47
2025-10-22 10:00:00,183.94,184.41,183.58,184.13,49169.86
2025-10-22 10:15:00,184.14,184.31,183.65,183.88,43247.1
2025-10-22 10:30:00,183.88,184.02,183.24,183.33,39957.41
2025-10-22 10:45:00,183.33,183.74,183.07,183.47,62721.42
2025-10-22 11:00:00,183.47,185.22,181.44,184.87,632861.97
2025-10-22 11:15:00,184.88,185.88,184.42,184.74,256710.45
2025-10-22 11:30:00,184.74,185.71,184.74,185.12,157856.02
2025-10-22 11:45:00,185.12,185.5,184.56,184.99,223344.69
2025-10-22 12:00:00,184.98,185.27,184.35,185.06,143445.14
2025-10-22 12:15:00,185.06,186.5,185.06,186.04,213648.63
2025-10-22 12:30:00,186.03,186.83,185.9,186.18,143073.73
2025-10-22 12:45:00,186.19,186.22,185.44,185.73,154456.07
2025-10-22 13:00:00,185.74,186.41,185.01,186.06,141091.04
2025-10-22 13:15:00,186.06,186.06,185.49,185.66,93595.67
2025-10-22 13:30:00,185.67,186.08,184.02,185.31,271446.07
2025-10-22 13:45:00,185.31,186.86,184.31,186.48,248939.48
2025-10-22 14:00:00,186.49,186.63,184.46,184.93,214063.58
2025-10-22 14:15:00,184.92,185.23,182.2,182.47,512948.28
2025-10-22 14:30:00,182.48,183.9,181.12,182.63,389020.21
2025-10-22 14:45:00,182.63,185.42,181.94,185.4,325289.73
2025-10-22 15:00:00,185.41,185.98,183.61,183.74,269658.65
2025-10-22 15:15:00,183.72,183.79,182.23,182.8,148385.27
2025-10-22 15:30:00,182.81,184.28,182.43,184.28,185284.8
2025-10-22 15:45:00,184.28,184.96,183.52,183.9,114755.7
2025-10-22 16:00:00,183.9,184.62,183.2,183.52,123319.45
2025-10-22 16:15:00,183.52,184.2,182.62,183.94,115301.74
2025-10-22 16:30:00,183.95,184.9,182.43,184.13,408856.07
2025-10-22 16:45:00,184.13,184.85,183.41,183.54,101734.12
2025-10-22 17:00:00,183.55,184.15,183.3,183.73,56424.62
2025-10-22 17:15:00,183.73,183.75,182.77,183.02,75739.69
2025-10-22 17:30:00,183.03,183.65,181.91,182.13,134444.19
2025-10-22 17:45:00,182.13,182.56,181.24,181.58,127447.78
2025-10-22 18:00:00,181.57,182.25,180.42,180.86,186253.73
2025-10-22 18:15:00,180.86,181.29,180.06,181.01,182127.5
2025-10-22 18:30:00,181.0,181.45,180.33,180.43,91051.95
2025-10-22 18:45:00,180.43,180.99,180.3,180.79,82492.36
2025-10-22 19:00:00,180.8,182.43,180.71,181.7,140355.22
2025-10-22 19:15:00,181.7,181.97,181.19,181.26,72238.78
2025-10-22 19:30:00,181.26,181.45,180.3,180.49,117324.61
2025-10-22 19:45:00,180.49,181.2,176.81,180.08,610540.11
2025-10-22 20:00:00,180.07,180.6,179.62,180.06,181789.72
2025-10-22 20:15:00,180.07,180.07,179.04,179.38,76941.36
2025-10-22 20:30:00,179.39,180.68,179.13,180.46,122134.43
2025-10-22 20:45:00,180.46,180.48,179.55,180.06,99543.7
2025-10-22 21:00:00,180.05,180.15,176.84,178.85,539226.2
2025-10-22 21:15:00,178.86,179.64,177.65,177.66,129526.1
2025-10-22 21:30:00,177.65,178.55,177.18,177.75,131825.98
2025-10-22 21:45:00,177.75,178.83,177.65,178.28,58511.34
2025-10-22 22:00:00,178.29,179.51,178.14,178.87,81126.4
2025-10-22 22:15:00,178.87,178.98,177.64,177.78,55877.15
2025-10-22 22:30:00,177.77,179.05,177.76,178.87,51313.0
2025-10-22 22:45:00,178.87,179.1,178.14,178.73,49112.92
2025-10-22 23:00:00,178.73,179.83,178.64,179.56,83526.98
2025-10-22 23:15:00,179.56,180.29,179.35,179.45,97397.14
2025-10-22 23:30:00,179.45,180.38,179.45,179.64,62836.4
2025-10-22 23:45:00,179.64,180.19,179.61,179.98,37338.76
2025-10-23 00:00:00,179.99,180.28,179.7,180.2,64392.76
2025-10-23 00:15:00,180.2,180.5,179.56,179.81,58857.31
2025-10-23 00:30:00,179.82,180.8,179.71,180.44,62422.37
2025-10-23 00:45:00,180.44,181.01,180.39,180.91,58035.36
2025-10-23 01:00:00,180.91,181.84,180.7,181.66,77831.23
2025-10-23 01:15:00,181.65,181.95,180.51,180.83,146706.0
2025-10-23 01:30:00,180.83,181.85,180.7,181.81,79448.03
2025-10-23 01:45:00,181.81,181.92,181.51,181.71,50539.59
2025-10-23 02:00:00,181.72,181.77,181.31,181.64,36731.95
2025-10-23 02:15:00,181.64,182.1,181.64,181.94,46931.47
2025-10-23 02:30:00,181.94,182.43,181.86,182.0,55383.0
2025-10-23 02:45:00,182.0,182.25,181.71,182.19,73416.05
2025-10-23 03:00:00,182.19,182.56,182.03,182.44,53656.43
2025-10-23 03:15:00,182.45,183.16,182.45,183.14,79683.85
2025-10-23 03:30:00,183.13,183.27,182.57,182.59,73062.22
2025-10-23 03:45:00,182.59,182.91,182.35,182.76,45542.56
2025-10-23 04:00:00,182.77,183.01,182.57,182.68,39044.81
2025-10-23 04:15:00,182.68,183.88,182.67,183.53,87911.62
2025-10-23 04:30:00,183.53,184.17,183.24,184.03,86386.81
2025-10-23 04:45:00,184.03,184.15,183.72,183.94,73037.46
2025-10-23 05:00:00,183.94,184.56,183.85,184.49,91266.25
2025-10-23 05:15:00,184.49,184.49,183.94,184.0,48230.67
2025-10-23 05:30:00,184.01,184.24,183.8,183.8,34350.92
2025-10-23 05:45:00,183.79,184.73,183.64,184.72,81150.72
2025-10-23 06:00:00,184.72,185.35,184.45,185.24,89585.97
2025-10-23 06:15:00,185.24,186.96,185.24,186.15,292241.09
2025-10-23 06:30:00,186.16,186.46,185.81,186.26,95046.71
2025-10-23 06:45:00,186.26,187.5,186.23,187.34,151591.97
2025-10-23 07:00:00,187.33,187.56,186.54,186.55,131127.79
2025-10-23 07:15:00,186.55,187.17,186.1,187.07,147832.76
2025-10-23 07:30:00,187.08,187.92,186.73,187.18,233237.74
2025-10-23 07:45:00,187.18,187.76,187.02,187.4,91101.25
2025-10-23 08:00:00,187.41,188.42,187.4,188.04,156268.63
2025-10-23 08:15:00,188.05,188.65,187.73,187.88,101042.18
2025-10-23 08:30:00,187.89,188.0,187.45,187.82,75028.33
2025-10-23 08:45:00,187.81,188.31,187.52,187.9,59355.18
2025-10-23 09:00:00,187.9,188.23,187.38,187.47,113336.28
2025-10-23 09:15:00,187.47,188.84,187.46,188.47,139873.03
2025-10-23 09:30:00,188.47,188.5,187.73,188.09,55178.58
2025-10-23 09:45:00,188.1,188.58,187.96,188.3,70465.44
2025-10-23 10:00:00,188.3,188.73,188.17,188.35,53478.0
2025-10-23 10:15:00,188.35,189.26,188.35,188.93,168857.82
2025-10-23 10:30:00,188.93,188.97,188.44,188.64,77885.11
2025-10-23 10:45:00,188.64,188.72,188.1,188.17,59309.08
2025-10-23 11:00:00,188.17,189.14,188.01,188.63,161991.5
2025-10-23 11:15:00,188.63,189.42,188.3,188.94,133817.53
2025-10-23 11:30:00,188.95,189.08,187.85,188.09,128401.94
2025-10-23 11:45:00,188.1,188.13,187.38,187.9,168425.37
2025-10-23 12:00:00,187.91,188.01,186.56,187.36,330570.06
2025-10-23 12:15:00,187.36,189.3,187.15,188.89,300383.08
2025-10-23 12:30:00,188.89,188.98,188.02,188.66,149649.97
2025-10-23 12:45:00,188.66,189.33,188.37,189.26,140412.36
2025-10-23 13:00:00,189.26,189.79,188.34,189.6,187211.61
2025-10-23 13:15:00,189.61,190.38,189.0,190.31,219596.3
2025-10-23 13:30:00,190.3,192.61,189.96,190.89,612694.2
2025-10-23 13:45:00,190.9,191.36,189.89,190.3,180039.77
2025-10-23 14:00:00,190.31,190.42,188.37,188.51,231865.77
2025-10-23 14:15:00,188.51,189.58,188.01,189.27,218216.08
2025-10-23 14:30:00,189.27,191.25,189.14,189.96,143714.52
2025-10-23 14:45:00,189.97,190.34,189.26,189.7,130940.19
2025-10-23 15:00:00,189.71,191.58,189.38,190.78,166051.37
2025-10-23 15:15:00,190.78,191.13,189.96,190.73,89642.71
2025-10-23 15:30:00,190.74,191.87,190.71,191.09,155986.03
2025-10-23 15:45:00,191.08,191.78,190.89,190.97,96344.41
2025-10-23 16:00:00,190.96,191.46,190.34,190.8,89725.7
2025-10-23 16:15:00,190.8,191.36,190.53,191.01,74897.29
2025-10-23 16:30:00,191.0,191.49,190.8,191.21,88063.56
2025-10-23 16:45:00,191.21,192.38,191.13,191.83,127120.07
2025-10-23 17:00:00,191.84,191.89,190.37,190.48,166337.45
2025-10-23 17:15:00,190.48,191.29,190.02,191.12,74420.36
2025-10-23 17:30:00,191.11,193.38,191.11,192.74,259251.73
2025-10-23 17:45:00,192.74,193.37,192.28,192.37,108993.73
2025-10-23 18:00:00,192.38,192.77,191.4,191.49,113650.5
2025-10-23 18:15:00,191.5,191.97,191.37,191.48,72071.28
2025-10-23 18:30:00,191.48,191.9,191.21,191.38,71850.55
2025-10-23 18:45:00,191.38,191.63,190.75,191.45,74029.53
2025-10-23 19:00:00,191.45,191.5,190.48,191.22,73832.41
2025-10-23 19:15:00,191.22,191.78,190.67,191.69,32820.09
2025-10-23 19:30:00,191.7,191.73,191.05,191.08,30299.18
2025-10-23 19:45:00,191.09,191.73,191.05,191.05,65851.66
2025-10-23 20:00:00,191.05,191.23,189.43,189.87,170735.2
2025-10-23 20:15:00,189.87,190.4,189.82,190.16,59569.73
2025-10-23 20:30:00,190.16,190.42,189.8,189.92,27825.33
2025-10-23 20:45:00,189.92,189.94,188.18,188.72,167703.9
2025-10-23 21:00:00,188.72,189.39,188.41,189.18,107700.54
2025-10-23 21:15:00,189.17,189.36,188.62,189.19,43994.28
2025-10-23 21:30:00,189.2,189.31,188.62,188.68,37269.88
2025-10-23 21:45:00,188.67,189.2,188.6,188.7,43690.65
2025-10-23 22:00:00,188.69,189.56,188.6,189.22,72313.52
2025-10-23 22:15:00,189.22,189.49,188.85,189.45,47706.74
2025-10-23 22:30:00,189.46,190.21,189.44,190.02,89056.75
2025-10-23 22:45:00,190.02,190.52,189.81,190.3,39961.23
2025-10-23 23:00:00,190.29,190.69,190.28,190.69,28352.73
2025-10-23 23:15:00,190.68,191.37,190.37,191.04,63719.74
2025-10-23 23:30:00,191.03,191.24,190.59,190.94,46543.5
2025-10-23 23:45:00,190.95,191.4,190.87,191.25,38064.03
2025-10-24 00:00:00,191.25,192.13,190.82,192.08,112889.29
2025-10-24 00:15:00,192.07,192.22,191.36,191.57,86620.93
2025-10-24 00:30:00,191.57,192.56,191.52,192.23,81141.39
2025-10-24 00:45:00,192.23,193.9,192.23,192.41,198847.19
2025-10-24 01:00:00,192.41,192.94,192.22,192.49,77214.97
2025-10-24 01:15:00,192.49,192.9,192.0,192.21,76851.16
2025-10-24 01:30:00,192.21,193.03,192.03,192.87,51640.53
2025-10-24 01:45:00,192.87,193.28,192.66,192.85,46589.49
2025-10-24 02:00:00,192.86,192.87,192.09,192.2,42369.45
2025-10-24 02:15:00,192.21,192.48,191.26,191.54,115975.27
2025-10-24 02:30:00,191.54,192.82,191.53,192.71,67954.02
2025-10-24 02:45:00,192.7,192.99,192.05,192.13,77455.87
2025-10-24 03:00:00,192.13,192.27,191.63,191.8,68023.69
2025-10-24 03:15:00,191.81,191.91,191.36,191.42,65439.61
2025-10-24 03:30:00,191.43,191.55,190.8,191.16,96888.29
2025-10-24 03:45:00,191.16,191.35,190.71,191.23,57271.26
2025-10-24 04:00:00,191.23,191.64,190.73,191.59,71322.98
2025-10-24 04:15:00,191.58,192.98,191.37,192.68,132106.28
2025-10-24 04:30:00,192.68,194.57,192.59,193.73,369860.9
2025-10-24 04:45:00,193.74,194.18,193.22,193.39,128519.89
2025-10-24 05:00:00,193.4,193.83,192.83,193.34,115708.88
2025-10-24 05:15:00,193.34,193.92,193.05,193.35,87712.16
2025-10-24 05:30:00,193.34,193.61,193.01,193.18,54688.8
2025-10-24 05:45:00,193.18,193.56,193.0,193.22,46699.07
2025-10-24 06:00:00,193.21,193.6,192.46,192.86,74646.06
2025-10-24 06:15:00,192.86,193.22,192.55,193.12,40276.31
2025-10-24 06:30:00,193.12,193.33,192.95,193.06,77101.89
2025-10-24 06:45:00,193.06,193.38,192.85,193.21,33625.75
2025-10-24 07:00:00,193.21,193.37,192.57,192.57,43759.45
2025-10-24 07:15:00,192.58,193.05,192.28,193.05,55028.88
2025-10-24 07:30:00,193.05,193.12,192.16,192.23,71493.22
2025-10-24 07:45:00,192.23,192.25,191.35,192.09,135310.03
2025-10-24 08:00:00,192.09,192.77,191.61,192.39,111059.39
2025-10-24 08:15:00,192.4,192.53,191.96,192.33,51177.28
2025-10-24 08:30:00,192.33,193.28,192.22,193.28,74485.04
2025-10-24 08:45:00,193.28,193.39,192.82,192.87,63576.97
2025-10-24 09:00:00,192.86,193.29,192.7,193.17,54888.5
2025-10-24 09:15:00,193.17,193.24,192.73,192.84,31502.81
2025-10-24 09:30:00,192.84,192.88,192.31,192.58,45865.42
2025-10-24 09:45:00,192.58,192.65,191.77,192.02,39644.26
2025-10-24 10:00:00,192.02,192.03,191.51,191.88,67231.84
2025-10-24 10:15:00,191.89,191.9,191.35,191.47,45744.09
2025-10-24 10:30:00,191.47,192.08,191.47,191.76,55103.35
2025-10-24 10:45:00,191.75,191.94,191.56,191.7,23043.32
2025-10-24 11:00:00,191.69,192.03,191.42,191.7,37744.48
2025-10-24 11:15:00,191.7,191.71,191.14,191.59,51118.26
2025-10-24 11:30:00,191.58,191.59,190.45,191.5,118144.15
2025-10-24 11:45:00,191.49,192.1,191.21,192.02,89489.75
2025-10-24 12:00:00,192.02,192.96,192.01,192.75,111407.97
2025-10-24 12:15:00,192.75,192.99,192.35,192.89,81498.17
2025-10-24 12:30:00,192.9,196.76,192.52,193.93,993510.49
2025-10-24 12:45:00,193.91,194.07,192.85,193.53,172591.16
2025-10-24 13:00:00,193.54,194.19,193.27,193.6,143911.23
2025-10-24 13:15:00,193.6,193.9,193.19,193.21,95337.42
2025-10-24 13:30:00,193.21,193.31,191.46,191.57,295642.18
2025-10-24 13:45:00,191.58,192.39,190.71,192.36,292252.0
2025-10-24 14:00:00,192.35,192.35,191.04,191.67,165045.09
2025-10-24 14:15:00,191.66,191.75,189.34,190.26,345052.71
2025-10-24 14:30:00,190.26,190.77,189.71,190.75,161692.88
2025-10-24 14:45:00,190.75,190.82,189.84,190.09,117118.38
2025-10-24 15:00:00,190.09,190.81,189.73,190.29,124271.1
2025-10-24 15:15:00,190.3,190.73,189.58,189.74,155203.42
2025-10-24 15:30:00,189.74,189.77,188.91,189.38,125745.14
2025-10-24 15:45:00,189.38,189.66,188.71,189.35,97850.95
2025-10-24 16:00:00,189.34,189.73,188.7,189.73,84878.5
2025-10-24 16:15:00,189.73,190.27,189.57,190.03,77806.84
2025-10-24 16:30:00,190.03,190.07,189.8,189.8,4020.53
