time_utc,open,high,low,close,volume,volCcy,volCcyQuote,confirm,ts
2025-10-20 12:00:00+00:00,110975.8,111189,110727,110806.7,221259.74,2212.5974,245500197.32312,1,1760961600000
2025-10-20 13:00:00+00:00,110806.7,111165.2,110550,111107.3,356004.02,3560.0402,394521049.01583,1,1760965200000
2025-10-20 13:00:00+00:00,110806.7,111165.2,110550,111107.3,356004.02,3560.0402,394521049.01583,1,1760965200000
2025-10-20 14:00:00+00:00,111107.3,111346.1,110681,111161.3,313411.79,3134.1179,348083857.7484,1,1760968800000
2025-10-20 14:00:00+00:00,111107.3,111346.1,110681,111161.3,313411.79,3134.1179,348083857.7484,1,1760968800000
2025-10-20 14:00:00+00:00,111107.3,111346.1,110681,111161.3,313411.79,3134.1179,348083857.7484,1,1760968800000
2025-10-20 15:00:00+00:00,111161.4,111694,110944.5,111092.5,468609.09,4686.0909,521712458.2453,1,1760972400000
2025-10-20 15:00:00+00:00,111161.4,111694,110944.5,111092.5,468609.09,4686.0909,521712458.2453,1,1760972400000
2025-10-20 15:00:00+00:00,111161.4,111694,110944.5,111092.5,468609.09,4686.0909,521712458.2453,1,1760972400000
2025-10-20 15:00:00+00:00,111161.4,111694,110944.5,111092.5,468609.09,4686.0909,521712458.2453,1,1760972400000
2025-10-20 16:00:00+00:00,111092.4,111271.9,110060,110630,980730.02,9807.3002,1085137336.21027,1,1760976000000
2025-10-20 16:00:00+00:00,111092.4,111271.9,110060,110630,980730.02,9807.3002,1085137336.21027,1,1760976000000
2025-10-20 16:00:00+00:00,111092.4,111271.9,110060,110630,980730.02,9807.3002,1085137336.21027,1,1760976000000
2025-10-20 16:00:00+00:00,111092.4,111271.9,110060,110630,980730.02,9807.3002,1085137336.21027,1,1760976000000
2025-10-20 16:00:00+00:00,111092.4,111271.9,110060,110630,980730.02,9807.3002,1085137336.21027,1,1760976000000
2025-10-20 17:00:00+00:00,110630.1,111039.7,109803.1,110242.3,461158.58,4611.5858,508653389.06899,1,1760979600000
2025-10-20 17:00:00+00:00,110630.1,111039.7,109803.1,110242.3,461158.58,4611.5858,508653389.06899,1,1760979600000
2025-10-20 17:00:00+00:00,110630.1,111039.7,109803.1,110242.3,461158.58,4611.5858,508653389.06899,1,1760979600000
2025-10-20 17:00:00+00:00,110630.1,111039.7,109803.1,110242.3,461158.58,4611.5858,508653389.06899,1,1760979600000
2025-10-20 17:00:00+00:00,110630.1,111039.7,109803.1,110242.3,461158.58,4611.5858,508653389.06899,1,1760979600000
2025-10-20 17:00:00+00:00,110630.1,111039.7,109803.1,110242.3,461158.58,4611.5858,508653389.06899,1,1760979600000
2025-10-20 18:00:00+00:00,110242.3,110929.5,110159.1,110875,196065.01,1960.6501,216730065.50195,1,1760983200000
2025-10-20 18:00:00+00:00,110242.3,110929.5,110159.1,110875,196065.01,1960.6501,216730065.50195,1,1760983200000
2025-10-20 18:00:00+00:00,110242.3,110929.5,110159.1,110875,196065.01,1960.6501,216730065.50195,1,1760983200000
2025-10-20 18:00:00+00:00,110242.3,110929.5,110159.1,110875,196065.01,1960.6501,216730065.50195,1,1760983200000
2025-10-20 18:00:00+00:00,110242.3,110929.5,110159.1,110875,196065.01,1960.6501,216730065.50195,1,1760983200000
2025-10-20 18:00:00+00:00,110242.3,110929.5,110159.1,110875,196065.01,1960.6501,216730065.50195,1,1760983200000
2025-10-20 18:00:00+00:00,110242.3,110929.5,110159.1,110875,196065.01,1960.6501,216730065.50195,1,1760983200000
2025-10-20 19:00:00+00:00,110875.1,111025.6,110460.6,110750,185632.57,1856.3257,205587431.69269,1,1760986800000
2025-10-20 19:00:00+00:00,110875.1,111025.6,110460.6,110750,185632.57,1856.3257,205587431.69269,1,1760986800000
2025-10-20 19:00:00+00:00,110875.1,111025.6,110460.6,110750,185632.57,1856.3257,205587431.69269,1,1760986800000
2025-10-20 19:00:00+00:00,110875.1,111025.6,110460.6,110750,185632.57,1856.3257,205587431.69269,1,1760986800000
2025-10-20 19:00:00+00:00,110875.1,111025.6,110460.6,110750,185632.57,1856.3257,205587431.69269,1,1760986800000
2025-10-20 19:00:00+00:00,110875.1,111025.6,110460.6,110750,185632.57,1856.3257,205587431.69269,1,1760986800000
2025-10-20 19:00:00+00:00,110875.1,111025.6,110460.6,110750,185632.57,1856.3257,205587431.69269,1,1760986800000
2025-10-20 19:00:00+00:00,110875.1,111025.6,110460.6,110750,185632.57,1856.3257,205587431.69269,1,1760986800000
2025-10-20 20:00:00+00:00,110749.9,111289.5,110606.1,111040.2,230144.41,2301.4441,255479717.2342,1,1760990400000
2025-10-20 20:00:00+00:00,110749.9,111289.5,110606.1,111040.2,230144.41,2301.4441,255479717.2342,1,1760990400000
2025-10-20 20:00:00+00:00,110749.9,111289.5,110606.1,111040.2,230144.41,2301.4441,255479717.2342,1,1760990400000
2025-10-20 20:00:00+00:00,110749.9,111289.5,110606.1,111040.2,230144.41,2301.4441,255479717.2342,1,1760990400000
2025-10-20 20:00:00+00:00,110749.9,111289.5,110606.1,111040.2,230144.41,2301.4441,255479717.2342,1,1760990400000
2025-10-20 20:00:00+00:00,110749.9,111289.5,110606.1,111040.2,230144.41,2301.4441,255479717.2342,1,1760990400000
2025-10-20 20:00:00+00:00,110749.9,111289.5,110606.1,111040.2,230144.41,2301.4441,255479717.2342,1,1760990400000
2025-10-20 20:00:00+00:00,110749.9,111289.5,110606.1,111040.2,230144.41,2301.4441,255479717.2342,1,1760990400000
2025-10-20 20:00:00+00:00,110749.9,111289.5,110606.1,111040.2,230144.41,2301.4441,255479717.2342,1,1760990400000
2025-10-20 21:00:00+00:00,111040.2,111199.9,110393,110514,155004.89,1550.0489,171783272.7913,1,1760994000000
2025-10-20 21:00:00+00:00,111040.2,111199.9,110393,110514,155004.89,1550.0489,171783272.7913,1,1760994000000
2025-10-20 21:00:00+00:00,111040.2,111199.9,110393,110514,155004.89,1550.0489,171783272.7913,1,1760994000000
2025-10-20 21:00:00+00:00,111040.2,111199.9,110393,110514,155004.89,1550.0489,171783272.7913,1,1760994000000
2025-10-20 21:00:00+00:00,111040.2,111199.9,110393,110514,155004.89,1550.0489,171783272.7913,1,1760994000000
2025-10-20 21:00:00+00:00,111040.2,111199.9,110393,110514,155004.89,1550.0489,171783272.7913,1,1760994000000
2025-10-20 21:00:00+00:00,111040.2,111199.9,110393,110514,155004.89,1550.0489,171783272.7913,1,1760994000000
2025-10-20 21:00:00+00:00,111040.2,111199.9,110393,110514,155004.89,1550.0489,171783272.7913,1,1760994000000
2025-10-20 21:00:00+00:00,111040.2,111199.9,110393,110514,155004.89,1550.0489,171783272.7913,1,1760994000000
2025-10-20 21:00:00+00:00,111040.2,111199.9,110393,110514,155004.89,1550.0489,171783272.7913,1,1760994000000
2025-10-20 22:00:00+00:00,110513.9,110817.3,110351.9,110744.3,81750.25,817.5025,90451906.72298,1,1760997600000
2025-10-20 22:00:00+00:00,110513.9,110817.3,110351.9,110744.3,81750.25,817.5025,90451906.72298,1,1760997600000
2025-10-20 22:00:00+00:00,110513.9,110817.3,110351.9,110744.3,81750.25,817.5025,90451906.72298,1,1760997600000
2025-10-20 22:00:00+00:00,110513.9,110817.3,110351.9,110744.3,81750.25,817.5025,90451906.72298,1,1760997600000
2025-10-20 22:00:00+00:00,110513.9,110817.3,110351.9,110744.3,81750.25,817.5025,90451906.72298,1,1760997600000
2025-10-20 22:00:00+00:00,110513.9,110817.3,110351.9,110744.3,81750.25,817.5025,90451906.72298,1,1760997600000
2025-10-20 22:00:00+00:00,110513.9,110817.3,110351.9,110744.3,81750.25,817.5025,90451906.72298,1,1760997600000
2025-10-20 22:00:00+00:00,110513.9,110817.3,110351.9,110744.3,81750.25,817.5025,90451906.72298,1,1760997600000
2025-10-20 22:00:00+00:00,110513.9,110817.3,110351.9,110744.3,81750.25,817.5025,90451906.72298,1,1760997600000
2025-10-20 22:00:00+00:00,110513.9,110817.3,110351.9,110744.3,81750.25,817.5025,90451906.72298,1,1760997600000
2025-10-20 22:00:00+00:00,110513.9,110817.3,110351.9,110744.3,81750.25,817.5025,90451906.72298,1,1760997600000
2025-10-20 23:00:00+00:00,110744.4,110776.5,110472.3,110487.8,123580.21,1235.8021,136653935.13625,1,1761001200000
2025-10-20 23:00:00+00:00,110744.4,110776.5,110472.3,110487.8,123580.21,1235.8021,136653935.13625,1,1761001200000
2025-10-20 23:00:00+00:00,110744.4,110776.5,110472.3,110487.8,123580.21,1235.8021,136653935.13625,1,1761001200000
2025-10-20 23:00:00+00:00,110744.4,110776.5,110472.3,110487.8,123580.21,1235.8021,136653935.13625,1,1761001200000
2025-10-20 23:00:00+00:00,110744.4,110776.5,110472.3,110487.8,123580.21,1235.8021,136653935.13625,1,1761001200000
2025-10-20 23:00:00+00:00,110744.4,110776.5,110472.3,110487.8,123580.21,1235.8021,136653935.13625,1,1761001200000
2025-10-20 23:00:00+00:00,110744.4,110776.5,110472.3,110487.8,123580.21,1235.8021,136653935.13625,1,1761001200000
2025-10-20 23:00:00+00:00,110744.4,110776.5,110472.3,110487.8,123580.21,1235.8021,136653935.13625,1,1761001200000
2025-10-20 23:00:00+00:00,110744.4,110776.5,110472.3,110487.8,123580.21,1235.8021,136653935.13625,1,1761001200000
2025-10-20 23:00:00+00:00,110744.4,110776.5,110472.3,110487.8,123580.21,1235.8021,136653935.13625,1,1761001200000
2025-10-20 23:00:00+00:00,110744.4,110776.5,110472.3,110487.8,123580.21,1235.8021,136653935.13625,1,1761001200000
2025-10-20 23:00:00+00:00,110744.4,110776.5,110472.3,110487.8,123580.21,1235.8021,136653935.13625,1,1761001200000
2025-10-21 00:00:00+00:00,110487.8,110488,110116.3,110400.6,204931.42,2049.3142,226067202.40473,1,1761004800000
2025-10-21 00:00:00+00:00,110487.8,110488,110116.3,110400.6,204931.42,2049.3142,226067202.40473,1,1761004800000
2025-10-21 00:00:00+00:00,110487.8,110488,110116.3,110400.6,204931.42,2049.3142,226067202.40473,1,1761004800000
2025-10-21 00:00:00+00:00,110487.8,110488,110116.3,110400.6,204931.42,2049.3142,226067202.40473,1,1761004800000
2025-10-21 00:00:00+00:00,110487.8,110488,110116.3,110400.6,204931.42,2049.3142,226067202.40473,1,1761004800000
2025-10-21 00:00:00+00:00,110487.8,110488,110116.3,110400.6,204931.42,2049.3142,226067202.40473,1,1761004800000
2025-10-21 00:00:00+00:00,110487.8,110488,110116.3,110400.6,204931.42,2049.3142,226067202.40473,1,1761004800000
2025-10-21 00:00:00+00:00,110487.8,110488,110116.3,110400.6,204931.42,2049.3142,226067202.40473,1,1761004800000
2025-10-21 00:00:00+00:00,110487.8,110488,110116.3,110400.6,204931.42,2049.3142,226067202.40473,1,1761004800000
2025-10-21 00:00:00+00:00,110487.8,110488,110116.3,110400.6,204931.42,2049.3142,226067202.40473,1,1761004800000
2025-10-21 00:00:00+00:00,110487.8,110488,110116.3,110400.6,204931.42,2049.3142,226067202.40473,1,1761004800000
2025-10-21 00:00:00+00:00,110487.8,110488,110116.3,110400.6,204931.42,2049.3142,226067202.40473,1,1761004800000
2025-10-21 00:00:00+00:00,110487.8,110488,110116.3,110400.6,204931.42,2049.3142,226067202.40473,1,1761004800000
2025-10-21 01:00:00+00:00,110400.6,110441,109467.9,109815,303985.34,3039.8534,334087119.57544,1,1761008400000
2025-10-21 01:00:00+00:00,110400.6,110441,109467.9,109815,303985.34,3039.8534,334087119.57544,1,1761008400000
2025-10-21 01:00:00+00:00,110400.6,110441,109467.9,109815,303985.34,3039.8534,334087119.57544,1,1761008400000
2025-10-21 01:00:00+00:00,110400.6,110441,109467.9,109815,303985.34,3039.8534,334087119.57544,1,1761008400000
2025-10-21 01:00:00+00:00,110400.6,110441,109467.9,109815,303985.34,3039.8534,334087119.57544,1,1761008400000
2025-10-21 01:00:00+00:00,110400.6,110441,109467.9,109815,303985.34,3039.8534,334087119.57544,1,1761008400000
2025-10-21 01:00:00+00:00,110400.6,110441,109467.9,109815,303985.34,3039.8534,334087119.57544,1,1761008400000
2025-10-21 01:00:00+00:00,110400.6,110441,109467.9,109815,303985.34,3039.8534,334087119.57544,1,1761008400000
2025-10-21 01:00:00+00:00,110400.6,110441,109467.9,109815,303985.34,3039.8534,334087119.57544,1,1761008400000
2025-10-21 01:00:00+00:00,110400.6,110441,109467.9,109815,303985.34,3039.8534,334087119.57544,1,1761008400000
2025-10-21 01:00:00+00:00,110400.6,110441,109467.9,109815,303985.34,3039.8534,334087119.57544,1,1761008400000
2025-10-21 01:00:00+00:00,110400.6,110441,109467.9,109815,303985.34,3039.8534,334087119.57544,1,1761008400000
2025-10-21 01:00:00+00:00,110400.6,110441,109467.9,109815,303985.34,3039.8534,334087119.57544,1,1761008400000
2025-10-21 01:00:00+00:00,110400.6,110441,109467.9,109815,303985.34,3039.8534,334087119.57544,1,1761008400000
2025-10-21 02:00:00+00:00,109815,109877.8,109265.6,109475.6,305832.49,3058.3249,334967270.52735,1,1761012000000
2025-10-21 02:00:00+00:00,109815,109877.8,109265.6,109475.6,305832.49,3058.3249,334967270.52735,1,1761012000000
2025-10-21 02:00:00+00:00,109815,109877.8,109265.6,109475.6,305832.49,3058.3249,334967270.52735,1,1761012000000
2025-10-21 02:00:00+00:00,109815,109877.8,109265.6,109475.6,305832.49,3058.3249,334967270.52735,1,1761012000000
2025-10-21 02:00:00+00:00,109815,109877.8,109265.6,109475.6,305832.49,3058.3249,334967270.52735,1,1761012000000
2025-10-21 02:00:00+00:00,109815,109877.8,109265.6,109475.6,305832.49,3058.3249,334967270.52735,1,1761012000000
2025-10-21 02:00:00+00:00,109815,109877.8,109265.6,109475.6,305832.49,3058.3249,334967270.52735,1,1761012000000
2025-10-21 02:00:00+00:00,109815,109877.8,109265.6,109475.6,305832.49,3058.3249,334967270.52735,1,1761012000000
2025-10-21 02:00:00+00:00,109815,109877.8,109265.6,109475.6,305832.49,3058.3249,334967270.52735,1,1761012000000
2025-10-21 02:00:00+00:00,109815,109877.8,109265.6,109475.6,305832.49,3058.3249,334967270.52735,1,1761012000000
2025-10-21 02:00:00+00:00,109815,109877.8,109265.6,109475.6,305832.49,3058.3249,334967270.52735,1,1761012000000
2025-10-21 02:00:00+00:00,109815,109877.8,109265.6,109475.6,305832.49,3058.3249,334967270.52735,1,1761012000000
2025-10-21 02:00:00+00:00,109815,109877.8,109265.6,109475.6,305832.49,3058.3249,334967270.52735,1,1761012000000
2025-10-21 02:00:00+00:00,109815,109877.8,109265.6,109475.6,305832.49,3058.3249,334967270.52735,1,1761012000000
2025-10-21 02:00:00+00:00,109815,109877.8,109265.6,109475.6,305832.49,3058.3249,334967270.52735,1,1761012000000
2025-10-21 03:00:00+00:00,109475.7,109576.8,109015.2,109015.2,228184.05,2281.8405,249498495.04355,1,1761015600000
2025-10-21 03:00:00+00:00,109475.7,109576.8,109015.2,109015.2,228184.05,2281.8405,249498495.04355,1,1761015600000
2025-10-21 03:00:00+00:00,109475.7,109576.8,109015.2,109015.2,228184.05,2281.8405,249498495.04355,1,1761015600000
2025-10-21 03:00:00+00:00,109475.7,109576.8,109015.2,109015.2,228184.05,2281.8405,249498495.04355,1,1761015600000
2025-10-21 03:00:00+00:00,109475.7,109576.8,109015.2,109015.2,228184.05,2281.8405,249498495.04355,1,1761015600000
2025-10-21 03:00:00+00:00,109475.7,109576.8,109015.2,109015.2,228184.05,2281.8405,249498495.04355,1,1761015600000
2025-10-21 03:00:00+00:00,109475.7,109576.8,109015.2,109015.2,228184.05,2281.8405,249498495.04355,1,1761015600000
2025-10-21 03:00:00+00:00,109475.7,109576.8,109015.2,109015.2,228184.05,2281.8405,249498495.04355,1,1761015600000
2025-10-21 03:00:00+00:00,109475.7,109576.8,109015.2,109015.2,228184.05,2281.8405,249498495.04355,1,1761015600000
2025-10-21 03:00:00+00:00,109475.7,109576.8,109015.2,109015.2,228184.05,2281.8405,249498495.04355,1,1761015600000
2025-10-21 03:00:00+00:00,109475.7,109576.8,109015.2,109015.2,228184.05,2281.8405,249498495.04355,1,1761015600000
2025-10-21 03:00:00+00:00,109475.7,109576.8,109015.2,109015.2,228184.05,2281.8405,249498495.04355,1,1761015600000
2025-10-21 03:00:00+00:00,109475.7,109576.8,109015.2,109015.2,228184.05,2281.8405,249498495.04355,1,1761015600000
2025-10-21 03:00:00+00:00,109475.7,109576.8,109015.2,109015.2,228184.05,2281.8405,249498495.04355,1,1761015600000
2025-10-21 03:00:00+00:00,109475.7,109576.8,109015.2,109015.2,228184.05,2281.8405,249498495.04355,1,1761015600000
2025-10-21 03:00:00+00:00,109475.7,109576.8,109015.2,109015.2,228184.05,2281.8405,249498495.04355,1,1761015600000
2025-10-21 04:00:00+00:00,109015.2,109015.3,107600,107753.2,965481.84,9654.8184,1044646363.96537,1,1761019200000
2025-10-21 04:00:00+00:00,109015.2,109015.3,107600,107753.2,965481.84,9654.8184,1044646363.96537,1,1761019200000
2025-10-21 04:00:00+00:00,109015.2,109015.3,107600,107753.2,965481.84,9654.8184,1044646363.96537,1,1761019200000
2025-10-21 04:00:00+00:00,109015.2,109015.3,107600,107753.2,965481.84,9654.8184,1044646363.96537,1,1761019200000
2025-10-21 04:00:00+00:00,109015.2,109015.3,107600,107753.2,965481.84,9654.8184,1044646363.96537,1,1761019200000
2025-10-21 04:00:00+00:00,109015.2,109015.3,107600,107753.2,965481.84,9654.8184,1044646363.96537,1,1761019200000
2025-10-21 04:00:00+00:00,109015.2,109015.3,107600,107753.2,965481.84,9654.8184,1044646363.96537,1,1761019200000
2025-10-21 04:00:00+00:00,109015.2,109015.3,107600,107753.2,965481.84,9654.8184,1044646363.96537,1,1761019200000
2025-10-21 04:00:00+00:00,109015.2,109015.3,107600,107753.2,965481.84,9654.8184,1044646363.96537,1,1761019200000
2025-10-21 04:00:00+00:00,109015.2,109015.3,107600,107753.2,965481.84,9654.8184,1044646363.96537,1,1761019200000
2025-10-21 04:00:00+00:00,109015.2,109015.3,107600,107753.2,965481.84,9654.8184,1044646363.96537,1,1761019200000
2025-10-21 04:00:00+00:00,109015.2,109015.3,107600,107753.2,965481.84,9654.8184,1044646363.96537,1,1761019200000
2025-10-21 04:00:00+00:00,109015.2,109015.3,107600,107753.2,965481.84,9654.8184,1044646363.96537,1,1761019200000
2025-10-21 04:00:00+00:00,109015.2,109015.3,107600,107753.2,965481.84,9654.8184,1044646363.96537,1,1761019200000
2025-10-21 04:00:00+00:00,109015.2,109015.3,107600,107753.2,965481.84,9654.8184,1044646363.96537,1,1761019200000
2025-10-21 04:00:00+00:00,109015.2,109015.3,107600,107753.2,965481.84,9654.8184,1044646363.96537,1,1761019200000
2025-10-21 04:00:00+00:00,109015.2,109015.3,107600,107753.2,965481.84,9654.8184,1044646363.96537,1,1761019200000
2025-10-21 05:00:00+00:00,107753.3,107948.7,107408.3,107508.8,513596.86,5135.9686,553061278.98679,1,1761022800000
2025-10-21 05:00:00+00:00,107753.3,107948.7,107408.3,107508.8,513596.86,5135.9686,553061278.98679,1,1761022800000
2025-10-21 05:00:00+00:00,107753.3,107948.7,107408.3,107508.8,513596.86,5135.9686,553061278.98679,1,1761022800000
2025-10-21 05:00:00+00:00,107753.3,107948.7,107408.3,107508.8,513596.86,5135.9686,553061278.98679,1,1761022800000
2025-10-21 05:00:00+00:00,107753.3,107948.7,107408.3,107508.8,513596.86,5135.9686,553061278.98679,1,1761022800000
2025-10-21 05:00:00+00:00,107753.3,107948.7,107408.3,107508.8,513596.86,5135.9686,553061278.98679,1,1761022800000
2025-10-21 05:00:00+00:00,107753.3,107948.7,107408.3,107508.8,513596.86,5135.9686,553061278.98679,1,1761022800000
2025-10-21 05:00:00+00:00,107753.3,107948.7,107408.3,107508.8,513596.86,5135.9686,553061278.98679,1,1761022800000
2025-10-21 05:00:00+00:00,107753.3,107948.7,107408.3,107508.8,513596.86,5135.9686,553061278.98679,1,1761022800000
2025-10-21 05:00:00+00:00,107753.3,107948.7,107408.3,107508.8,513596.86,5135.9686,553061278.98679,1,1761022800000
2025-10-21 05:00:00+00:00,107753.3,107948.7,107408.3,107508.8,513596.86,5135.9686,553061278.98679,1,1761022800000
2025-10-21 05:00:00+00:00,107753.3,107948.7,107408.3,107508.8,513596.86,5135.9686,553061278.98679,1,1761022800000
2025-10-21 05:00:00+00:00,107753.3,107948.7,107408.3,107508.8,513596.86,5135.9686,553061278.98679,1,1761022800000
2025-10-21 05:00:00+00:00,107753.3,107948.7,107408.3,107508.8,513596.86,5135.9686,553061278.98679,1,1761022800000
2025-10-21 05:00:00+00:00,107753.3,107948.7,107408.3,107508.8,513596.86,5135.9686,553061278.98679,1,1761022800000
2025-10-21 05:00:00+00:00,107753.3,107948.7,107408.3,107508.8,513596.86,5135.9686,553061278.98679,1,1761022800000
2025-10-21 05:00:00+00:00,107753.3,107948.7,107408.3,107508.8,513596.86,5135.9686,553061278.98679,1,1761022800000
2025-10-21 05:00:00+00:00,107753.3,107948.7,107408.3,107508.8,513596.86,5135.9686,553061278.98679,1,1761022800000
2025-10-21 06:00:00+00:00,107508.7,108162.7,107460.1,107860.1,325282.79,3252.8279,350853867.08366,1,1761026400000
2025-10-21 06:00:00+00:00,107508.7,108162.7,107460.1,107860.1,325282.79,3252.8279,350853867.08366,1,1761026400000
2025-10-21 06:00:00+00:00,107508.7,108162.7,107460.1,107860.1,325282.79,3252.8279,350853867.08366,1,1761026400000
2025-10-21 06:00:00+00:00,107508.7,108162.7,107460.1,107860.1,325282.79,3252.8279,350853867.08366,1,1761026400000
2025-10-21 06:00:00+00:00,107508.7,108162.7,107460.1,107860.1,325282.79,3252.8279,350853867.08366,1,1761026400000
2025-10-21 06:00:00+00:00,107508.7,108162.7,107460.1,107860.1,325282.79,3252.8279,350853867.08366,1,1761026400000
2025-10-21 06:00:00+00:00,107508.7,108162.7,107460.1,107860.1,325282.79,3252.8279,350853867.08366,1,1761026400000
2025-10-21 06:00:00+00:00,107508.7,108162.7,107460.1,107860.1,325282.79,3252.8279,350853867.08366,1,1761026400000
2025-10-21 06:00:00+00:00,107508.7,108162.7,107460.1,107860.1,325282.79,3252.8279,350853867.08366,1,1761026400000
2025-10-21 06:00:00+00:00,107508.7,108162.7,107460.1,107860.1,325282.79,3252.8279,350853867.08366,1,1761026400000
2025-10-21 06:00:00+00:00,107508.7,108162.7,107460.1,107860.1,325282.79,3252.8279,350853867.08366,1,1761026400000
2025-10-21 06:00:00+00:00,107508.7,108162.7,107460.1,107860.1,325282.79,3252.8279,350853867.08366,1,1761026400000
2025-10-21 06:00:00+00:00,107508.7,108162.7,107460.1,107860.1,325282.79,3252.8279,350853867.08366,1,1761026400000
2025-10-21 06:00:00+00:00,107508.7,108162.7,107460.1,107860.1,325282.79,3252.8279,350853867.08366,1,1761026400000
2025-10-21 06:00:00+00:00,107508.7,108162.7,107460.1,107860.1,325282.79,3252.8279,350853867.08366,1,1761026400000
2025-10-21 06:00:00+00:00,107508.7,108162.7,107460.1,107860.1,325282.79,3252.8279,350853867.08366,1,1761026400000
2025-10-21 06:00:00+00:00,107508.7,108162.7,107460.1,107860.1,325282.79,3252.8279,350853867.08366,1,1761026400000
2025-10-21 06:00:00+00:00,107508.7,108162.7,107460.1,107860.1,325282.79,3252.8279,350853867.08366,1,1761026400000
2025-10-21 06:00:00+00:00,107508.7,108162.7,107460.1,107860.1,325282.79,3252.8279,350853867.08366,1,1761026400000
2025-10-21 07:00:00+00:00,107860.1,108143.2,107605,108020,282404.53,2824.0453,304717045.94213,1,1761030000000
2025-10-21 07:00:00+00:00,107860.1,108143.2,107605,108020,282404.53,2824.0453,304717045.94213,1,1761030000000
2025-10-21 07:00:00+00:00,107860.1,108143.2,107605,108020,282404.53,2824.0453,304717045.94213,1,1761030000000
2025-10-21 07:00:00+00:00,107860.1,108143.2,107605,108020,282404.53,2824.0453,304717045.94213,1,1761030000000
2025-10-21 07:00:00+00:00,107860.1,108143.2,107605,108020,282404.53,2824.0453,304717045.94213,1,1761030000000
2025-10-21 07:00:00+00:00,107860.1,108143.2,107605,108020,282404.53,2824.0453,304717045.94213,1,1761030000000
2025-10-21 07:00:00+00:00,107860.1,108143.2,107605,108020,282404.53,2824.0453,304717045.94213,1,1761030000000
2025-10-21 07:00:00+00:00,107860.1,108143.2,107605,108020,282404.53,2824.0453,304717045.94213,1,1761030000000
2025-10-21 07:00:00+00:00,107860.1,108143.2,107605,108020,282404.53,2824.0453,304717045.94213,1,1761030000000
2025-10-21 07:00:00+00:00,107860.1,108143.2,107605,108020,282404.53,2824.0453,304717045.94213,1,1761030000000
2025-10-21 07:00:00+00:00,107860.1,108143.2,107605,108020,282404.53,2824.0453,304717045.94213,1,1761030000000
2025-10-21 07:00:00+00:00,107860.1,108143.2,107605,108020,282404.53,2824.0453,304717045.94213,1,1761030000000
2025-10-21 07:00:00+00:00,107860.1,108143.2,107605,108020,282404.53,2824.0453,304717045.94213,1,1761030000000
2025-10-21 07:00:00+00:00,107860.1,108143.2,107605,108020,282404.53,2824.0453,304717045.94213,1,1761030000000
2025-10-21 07:00:00+00:00,107860.1,108143.2,107605,108020,282404.53,2824.0453,304717045.94213,1,1761030000000
2025-10-21 07:00:00+00:00,107860.1,108143.2,107605,108020,282404.53,2824.0453,304717045.94213,1,1761030000000
2025-10-21 07:00:00+00:00,107860.1,108143.2,107605,108020,282404.53,2824.0453,304717045.94213,1,1761030000000
2025-10-21 07:00:00+00:00,107860.1,108143.2,107605,108020,282404.53,2824.0453,304717045.94213,1,1761030000000
2025-10-21 07:00:00+00:00,107860.1,108143.2,107605,108020,282404.53,2824.0453,304717045.94213,1,1761030000000
2025-10-21 07:00:00+00:00,107860.1,108143.2,107605,108020,282404.53,2824.0453,304717045.94213,1,1761030000000
2025-10-21 08:00:00+00:00,108020,108045.2,107427,107652,348070.4,3480.704,374827857.23756,1,1761033600000
2025-10-21 08:00:00+00:00,108020,108045.2,107427,107652,348070.4,3480.704,374827857.23756,1,1761033600000
2025-10-21 08:00:00+00:00,108020,108045.2,107427,107652,348070.4,3480.704,374827857.23756,1,1761033600000
2025-10-21 08:00:00+00:00,108020,108045.2,107427,107652,348070.4,3480.704,374827857.23756,1,1761033600000
2025-10-21 08:00:00+00:00,108020,108045.2,107427,107652,348070.4,3480.704,374827857.23756,1,1761033600000
2025-10-21 08:00:00+00:00,108020,108045.2,107427,107652,348070.4,3480.704,374827857.23756,1,1761033600000
2025-10-21 08:00:00+00:00,108020,108045.2,107427,107652,348070.4,3480.704,374827857.23756,1,1761033600000
2025-10-21 08:00:00+00:00,108020,108045.2,107427,107652,348070.4,3480.704,374827857.23756,1,1761033600000
2025-10-21 08:00:00+00:00,108020,108045.2,107427,107652,348070.4,3480.704,374827857.23756,1,1761033600000
2025-10-21 08:00:00+00:00,108020,108045.2,107427,107652,348070.4,3480.704,374827857.23756,1,1761033600000
2025-10-21 08:00:00+00:00,108020,108045.2,107427,107652,348070.4,3480.704,374827857.23756,1,1761033600000
2025-10-21 08:00:00+00:00,108020,108045.2,107427,107652,348070.4,3480.704,374827857.23756,1,1761033600000
2025-10-21 08:00:00+00:00,108020,108045.2,107427,107652,348070.4,3480.704,374827857.23756,1,1761033600000
2025-10-21 08:00:00+00:00,108020,108045.2,107427,107652,348070.4,3480.704,374827857.23756,1,1761033600000
2025-10-21 08:00:00+00:00,108020,108045.2,107427,107652,348070.4,3480.704,374827857.23756,1,1761033600000
2025-10-21 08:00:00+00:00,108020,108045.2,107427,107652,348070.4,3480.704,374827857.23756,1,1761033600000
2025-10-21 08:00:00+00:00,108020,108045.2,107427,107652,348070.4,3480.704,374827857.23756,1,1761033600000
2025-10-21 08:00:00+00:00,108020,108045.2,107427,107652,348070.4,3480.704,374827857.23756,1,1761033600000
2025-10-21 08:00:00+00:00,108020,108045.2,107427,107652,348070.4,3480.704,374827857.23756,1,1761033600000
2025-10-21 08:00:00+00:00,108020,108045.2,107427,107652,348070.4,3480.704,374827857.23756,1,1761033600000
2025-10-21 08:00:00+00:00,108020,108045.2,107427,107652,348070.4,3480.704,374827857.23756,1,1761033600000
2025-10-21 09:00:00+00:00,107652,107827.6,107500,107707.3,182080.14,1820.8014,196080099.00538,1,1761037200000
2025-10-21 09:00:00+00:00,107652,107827.6,107500,107707.3,182080.14,1820.8014,196080099.00538,1,1761037200000
2025-10-21 09:00:00+00:00,107652,107827.6,107500,107707.3,182080.14,1820.8014,196080099.00538,1,1761037200000
2025-10-21 09:00:00+00:00,107652,107827.6,107500,107707.3,182080.14,1820.8014,196080099.00538,1,1761037200000
2025-10-21 09:00:00+00:00,107652,107827.6,107500,107707.3,182080.14,1820.8014,196080099.00538,1,1761037200000
2025-10-21 09:00:00+00:00,107652,107827.6,107500,107707.3,182080.14,1820.8014,196080099.00538,1,1761037200000
2025-10-21 09:00:00+00:00,107652,107827.6,107500,107707.3,182080.14,1820.8014,196080099.00538,1,1761037200000
2025-10-21 09:00:00+00:00,107652,107827.6,107500,107707.3,182080.14,1820.8014,196080099.00538,1,1761037200000
2025-10-21 09:00:00+00:00,107652,107827.6,107500,107707.3,182080.14,1820.8014,196080099.00538,1,1761037200000
2025-10-21 09:00:00+00:00,107652,107827.6,107500,107707.3,182080.14,1820.8014,196080099.00538,1,1761037200000
2025-10-21 09:00:00+00:00,107652,107827.6,107500,107707.3,182080.14,1820.8014,196080099.00538,1,1761037200000
2025-10-21 09:00:00+00:00,107652,107827.6,107500,107707.3,182080.14,1820.8014,196080099.00538,1,1761037200000
2025-10-21 09:00:00+00:00,107652,107827.6,107500,107707.3,182080.14,1820.8014,196080099.00538,1,1761037200000
2025-10-21 09:00:00+00:00,107652,107827.6,107500,107707.3,182080.14,1820.8014,196080099.00538,1,1761037200000
2025-10-21 09:00:00+00:00,107652,107827.6,107500,107707.3,182080.14,1820.8014,196080099.00538,1,1761037200000
2025-10-21 09:00:00+00:00,107652,107827.6,107500,107707.3,182080.14,1820.8014,196080099.00538,1,1761037200000
2025-10-21 09:00:00+00:00,107652,107827.6,107500,107707.3,182080.14,1820.8014,196080099.00538,1,1761037200000
2025-10-21 09:00:00+00:00,107652,107827.6,107500,107707.3,182080.14,1820.8014,196080099.00538,1,1761037200000
2025-10-21 09:00:00+00:00,107652,107827.6,107500,107707.3,182080.14,1820.8014,196080099.00538,1,1761037200000
2025-10-21 09:00:00+00:00,107652,107827.6,107500,107707.3,182080.14,1820.8014,196080099.00538,1,1761037200000
2025-10-21 09:00:00+00:00,107652,107827.6,107500,107707.3,182080.14,1820.8014,196080099.00538,1,1761037200000
2025-10-21 09:00:00+00:00,107652,107827.6,107500,107707.3,182080.14,1820.8014,196080099.00538,1,1761037200000
2025-10-21 10:00:00+00:00,107707.3,108778.7,107523.6,108453.7,456679.88,4566.7988,494148444.24931,1,1761040800000
2025-10-21 10:00:00+00:00,107707.3,108778.7,107523.6,108453.7,456679.88,4566.7988,494148444.24931,1,1761040800000
2025-10-21 10:00:00+00:00,107707.3,108778.7,107523.6,108453.7,456679.88,4566.7988,494148444.24931,1,1761040800000
2025-10-21 10:00:00+00:00,107707.3,108778.7,107523.6,108453.7,456679.88,4566.7988,494148444.24931,1,1761040800000
2025-10-21 10:00:00+00:00,107707.3,108778.7,107523.6,108453.7,456679.88,4566.7988,494148444.24931,1,1761040800000
2025-10-21 10:00:00+00:00,107707.3,108778.7,107523.6,108453.7,456679.88,4566.7988,494148444.24931,1,1761040800000
2025-10-21 10:00:00+00:00,107707.3,108778.7,107523.6,108453.7,456679.88,4566.7988,494148444.24931,1,1761040800000
2025-10-21 10:00:00+00:00,107707.3,108778.7,107523.6,108453.7,456679.88,4566.7988,494148444.24931,1,1761040800000
2025-10-21 10:00:00+00:00,107707.3,108778.7,107523.6,108453.7,456679.88,4566.7988,494148444.24931,1,1761040800000
2025-10-21 10:00:00+00:00,107707.3,108778.7,107523.6,108453.7,456679.88,4566.7988,494148444.24931,1,1761040800000
2025-10-21 10:00:00+00:00,107707.3,108778.7,107523.6,108453.7,456679.88,4566.7988,494148444.24931,1,1761040800000
2025-10-21 10:00:00+00:00,107707.3,108778.7,107523.6,108453.7,456679.88,4566.7988,494148444.24931,1,1761040800000
2025-10-21 10:00:00+00:00,107707.3,108778.7,107523.6,108453.7,456679.88,4566.7988,494148444.24931,1,1761040800000
2025-10-21 10:00:00+00:00,107707.3,108778.7,107523.6,108453.7,456679.88,4566.7988,494148444.24931,1,1761040800000
2025-10-21 10:00:00+00:00,107707.3,108778.7,107523.6,108453.7,456679.88,4566.7988,494148444.24931,1,1761040800000
2025-10-21 10:00:00+00:00,107707.3,108778.7,107523.6,108453.7,456679.88,4566.7988,494148444.24931,1,1761040800000
2025-10-21 10:00:00+00:00,107707.3,108778.7,107523.6,108453.7,456679.88,4566.7988,494148444.24931,1,1761040800000
2025-10-21 10:00:00+00:00,107707.3,108778.7,107523.6,108453.7,456679.88,4566.7988,494148444.24931,1,1761040800000
2025-10-21 10:00:00+00:00,107707.3,108778.7,107523.6,108453.7,456679.88,4566.7988,494148444.24931,1,1761040800000
2025-10-21 10:00:00+00:00,107707.3,108778.7,107523.6,108453.7,456679.88,4566.7988,494148444.24931,1,1761040800000
2025-10-21 10:00:00+00:00,107707.3,108778.7,107523.6,108453.7,456679.88,4566.7988,494148444.24931,1,1761040800000
2025-10-21 10:00:00+00:00,107707.3,108778.7,107523.6,108453.7,456679.88,4566.7988,494148444.24931,1,1761040800000
2025-10-21 10:00:00+00:00,107707.3,108778.7,107523.6,108453.7,456679.88,4566.7988,494148444.24931,1,1761040800000
2025-10-21 11:00:00+00:00,108453.7,108587.7,108110,108520.3,223664.72,2236.6472,242343116.79746,1,1761044400000
2025-10-21 11:00:00+00:00,108453.7,108587.7,108110,108520.3,223664.72,2236.6472,242343116.79746,1,1761044400000
2025-10-21 11:00:00+00:00,108453.7,108587.7,108110,108520.3,223664.72,2236.6472,242343116.79746,1,1761044400000
2025-10-21 11:00:00+00:00,108453.7,108587.7,108110,108520.3,223664.72,2236.6472,242343116.79746,1,1761044400000
2025-10-21 11:00:00+00:00,108453.7,108587.7,108110,108520.3,223664.72,2236.6472,242343116.79746,1,1761044400000
2025-10-21 11:00:00+00:00,108453.7,108587.7,108110,108520.3,223664.72,2236.6472,242343116.79746,1,1761044400000
2025-10-21 11:00:00+00:00,108453.7,108587.7,108110,108520.3,223664.72,2236.6472,242343116.79746,1,1761044400000
2025-10-21 11:00:00+00:00,108453.7,108587.7,108110,108520.3,223664.72,2236.6472,242343116.79746,1,1761044400000
2025-10-21 11:00:00+00:00,108453.7,108587.7,108110,108520.3,223664.72,2236.6472,242343116.79746,1,1761044400000
2025-10-21 11:00:00+00:00,108453.7,108587.7,108110,108520.3,223664.72,2236.6472,242343116.79746,1,1761044400000
2025-10-21 11:00:00+00:00,108453.7,108587.7,108110,108520.3,223664.72,2236.6472,242343116.79746,1,1761044400000
2025-10-21 11:00:00+00:00,108453.7,108587.7,108110,108520.3,223664.72,2236.6472,242343116.79746,1,1761044400000
2025-10-21 11:00:00+00:00,108453.7,108587.7,108110,108520.3,223664.72,2236.6472,242343116.79746,1,1761044400000
2025-10-21 11:00:00+00:00,108453.7,108587.7,108110,108520.3,223664.72,2236.6472,242343116.79746,1,1761044400000
2025-10-21 11:00:00+00:00,108453.7,108587.7,108110,108520.3,223664.72,2236.6472,242343116.79746,1,1761044400000
2025-10-21 11:00:00+00:00,108453.7,108587.7,108110,108520.3,223664.72,2236.6472,242343116.79746,1,1761044400000
2025-10-21 11:00:00+00:00,108453.7,108587.7,108110,108520.3,223664.72,2236.6472,242343116.79746,1,1761044400000
2025-10-21 11:00:00+00:00,108453.7,108587.7,108110,108520.3,223664.72,2236.6472,242343116.79746,1,1761044400000
2025-10-21 11:00:00+00:00,108453.7,108587.7,108110,108520.3,223664.72,2236.6472,242343116.79746,1,1761044400000
2025-10-21 11:00:00+00:00,108453.7,108587.7,108110,108520.3,223664.72,2236.6472,242343116.79746,1,1761044400000
2025-10-21 11:00:00+00:00,108453.7,108587.7,108110,108520.3,223664.72,2236.6472,242343116.79746,1,1761044400000
2025-10-21 11:00:00+00:00,108453.7,108587.7,108110,108520.3,223664.72,2236.6472,242343116.79746,1,1761044400000
2025-10-21 11:00:00+00:00,108453.7,108587.7,108110,108520.3,223664.72,2236.6472,242343116.79746,1,1761044400000
2025-10-21 11:00:00+00:00,108453.7,108587.7,108110,108520.3,223664.72,2236.6472,242343116.79746,1,1761044400000
2025-10-21 12:00:00+00:00,108520.4,109428.9,108410.1,108729.3,462816.29,4628.1629,504594540.21715,1,1761048000000
2025-10-21 12:00:00+00:00,108520.4,109428.9,108410.1,108729.3,462816.29,4628.1629,504594540.21715,1,1761048000000
2025-10-21 12:00:00+00:00,108520.4,109428.9,108410.1,108729.3,462816.29,4628.1629,504594540.21715,1,1761048000000
2025-10-21 12:00:00+00:00,108520.4,109428.9,108410.1,108729.3,462816.29,4628.1629,504594540.21715,1,1761048000000
2025-10-21 12:00:00+00:00,108520.4,109428.9,108410.1,108729.3,462816.29,4628.1629,504594540.21715,1,1761048000000
2025-10-21 12:00:00+00:00,108520.4,109428.9,108410.1,108729.3,462816.29,4628.1629,504594540.21715,1,1761048000000
2025-10-21 12:00:00+00:00,108520.4,109428.9,108410.1,108729.3,462816.29,4628.1629,504594540.21715,1,1761048000000
2025-10-21 12:00:00+00:00,108520.4,109428.9,108410.1,108729.3,462816.29,4628.1629,504594540.21715,1,1761048000000
2025-10-21 12:00:00+00:00,108520.4,109428.9,108410.1,108729.3,462816.29,4628.1629,504594540.21715,1,1761048000000
2025-10-21 12:00:00+00:00,108520.4,109428.9,108410.1,108729.3,462816.29,4628.1629,504594540.21715,1,1761048000000
2025-10-21 12:00:00+00:00,108520.4,109428.9,108410.1,108729.3,462816.29,4628.1629,504594540.21715,1,1761048000000
2025-10-21 12:00:00+00:00,108520.4,109428.9,108410.1,108729.3,462816.29,4628.1629,504594540.21715,1,1761048000000
2025-10-21 12:00:00+00:00,108520.4,109428.9,108410.1,108729.3,462816.29,4628.1629,504594540.21715,1,1761048000000
2025-10-21 12:00:00+00:00,108520.4,109428.9,108410.1,108729.3,462816.29,4628.1629,504594540.21715,1,1761048000000
2025-10-21 12:00:00+00:00,108520.4,109428.9,108410.1,108729.3,462816.29,4628.1629,504594540.21715,1,1761048000000
2025-10-21 12:00:00+00:00,108520.4,109428.9,108410.1,108729.3,462816.29,4628.1629,504594540.21715,1,1761048000000
2025-10-21 12:00:00+00:00,108520.4,109428.9,108410.1,108729.3,462816.29,4628.1629,504594540.21715,1,1761048000000
2025-10-21 12:00:00+00:00,108520.4,109428.9,108410.1,108729.3,462816.29,4628.1629,504594540.21715,1,1761048000000
2025-10-21 12:00:00+00:00,108520.4,109428.9,108410.1,108729.3,462816.29,4628.1629,504594540.21715,1,1761048000000
2025-10-21 12:00:00+00:00,108520.4,109428.9,108410.1,108729.3,462816.29,4628.1629,504594540.21715,1,1761048000000
2025-10-21 12:00:00+00:00,108520.4,109428.9,108410.1,108729.3,462816.29,4628.1629,504594540.21715,1,1761048000000
2025-10-21 12:00:00+00:00,108520.4,109428.9,108410.1,108729.3,462816.29,4628.1629,504594540.21715,1,1761048000000
2025-10-21 12:00:00+00:00,108520.4,109428.9,108410.1,108729.3,462816.29,4628.1629,504594540.21715,1,1761048000000
2025-10-21 12:00:00+00:00,108520.4,109428.9,108410.1,108729.3,462816.29,4628.1629,504594540.21715,1,1761048000000
2025-10-21 12:00:00+00:00,108520.4,109428.9,108410.1,108729.3,462816.29,4628.1629,504594540.21715,1,1761048000000
2025-10-21 13:00:00+00:00,108729.2,108849,107821.8,108387.1,542290.85,5422.9085,587912758.05782,1,1761051600000
2025-10-21 13:00:00+00:00,108729.2,108849,107821.8,108387.1,542290.85,5422.9085,587912758.05782,1,1761051600000
2025-10-21 13:00:00+00:00,108729.2,108849,107821.8,108387.1,542290.85,5422.9085,587912758.05782,1,1761051600000
2025-10-21 13:00:00+00:00,108729.2,108849,107821.8,108387.1,542290.85,5422.9085,587912758.05782,1,1761051600000
2025-10-21 13:00:00+00:00,108729.2,108849,107821.8,108387.1,542290.85,5422.9085,587912758.05782,1,1761051600000
2025-10-21 13:00:00+00:00,108729.2,108849,107821.8,108387.1,542290.85,5422.9085,587912758.05782,1,1761051600000
2025-10-21 13:00:00+00:00,108729.2,108849,107821.8,108387.1,542290.85,5422.9085,587912758.05782,1,1761051600000
2025-10-21 13:00:00+00:00,108729.2,108849,107821.8,108387.1,542290.85,5422.9085,587912758.05782,1,1761051600000
2025-10-21 13:00:00+00:00,108729.2,108849,107821.8,108387.1,542290.85,5422.9085,587912758.05782,1,1761051600000
2025-10-21 13:00:00+00:00,108729.2,108849,107821.8,108387.1,542290.85,5422.9085,587912758.05782,1,1761051600000
2025-10-21 13:00:00+00:00,108729.2,108849,107821.8,108387.1,542290.85,5422.9085,587912758.05782,1,1761051600000
2025-10-21 13:00:00+00:00,108729.2,108849,107821.8,108387.1,542290.85,5422.9085,587912758.05782,1,1761051600000
2025-10-21 13:00:00+00:00,108729.2,108849,107821.8,108387.1,542290.85,5422.9085,587912758.05782,1,1761051600000
2025-10-21 13:00:00+00:00,108729.2,108849,107821.8,108387.1,542290.85,5422.9085,587912758.05782,1,1761051600000
2025-10-21 13:00:00+00:00,108729.2,108849,107821.8,108387.1,542290.85,5422.9085,587912758.05782,1,1761051600000
2025-10-21 13:00:00+00:00,108729.2,108849,107821.8,108387.1,542290.85,5422.9085,587912758.05782,1,1761051600000
2025-10-21 13:00:00+00:00,108729.2,108849,107821.8,108387.1,542290.85,5422.9085,587912758.05782,1,1761051600000
2025-10-21 13:00:00+00:00,108729.2,108849,107821.8,108387.1,542290.85,5422.9085,587912758.05782,1,1761051600000
2025-10-21 13:00:00+00:00,108729.2,108849,107821.8,108387.1,542290.85,5422.9085,587912758.05782,1,1761051600000
2025-10-21 13:00:00+00:00,108729.2,108849,107821.8,108387.1,542290.85,5422.9085,587912758.05782,1,1761051600000
2025-10-21 13:00:00+00:00,108729.2,108849,107821.8,108387.1,542290.85,5422.9085,587912758.05782,1,1761051600000
2025-10-21 13:00:00+00:00,108729.2,108849,107821.8,108387.1,542290.85,5422.9085,587912758.05782,1,1761051600000
2025-10-21 13:00:00+00:00,108729.2,108849,107821.8,108387.1,542290.85,5422.9085,587912758.05782,1,1761051600000
2025-10-21 13:00:00+00:00,108729.2,108849,107821.8,108387.1,542290.85,5422.9085,587912758.05782,1,1761051600000
2025-10-21 13:00:00+00:00,108729.2,108849,107821.8,108387.1,542290.85,5422.9085,587912758.05782,1,1761051600000
2025-10-21 13:00:00+00:00,108729.2,108849,107821.8,108387.1,542290.85,5422.9085,587912758.05782,1,1761051600000
2025-10-21 14:00:00+00:00,108387.9,112303.5,108348.9,112159.5,1683574.33,16835.7433,1862550905.66478,1,1761055200000
2025-10-21 14:00:00+00:00,108387.9,112303.5,108348.9,112159.5,1683574.33,16835.7433,1862550905.66478,1,1761055200000
2025-10-21 14:00:00+00:00,108387.9,112303.5,108348.9,112159.5,1683574.33,16835.7433,1862550905.66478,1,1761055200000
2025-10-21 14:00:00+00:00,108387.9,112303.5,108348.9,112159.5,1683574.33,16835.7433,1862550905.66478,1,1761055200000
2025-10-21 14:00:00+00:00,108387.9,112303.5,108348.9,112159.5,1683574.33,16835.7433,1862550905.66478,1,1761055200000
2025-10-21 14:00:00+00:00,108387.9,112303.5,108348.9,112159.5,1683574.33,16835.7433,1862550905.66478,1,1761055200000
2025-10-21 14:00:00+00:00,108387.9,112303.5,108348.9,112159.5,1683574.33,16835.7433,1862550905.66478,1,1761055200000
2025-10-21 14:00:00+00:00,108387.9,112303.5,108348.9,112159.5,1683574.33,16835.7433,1862550905.66478,1,1761055200000
2025-10-21 14:00:00+00:00,108387.9,112303.5,108348.9,112159.5,1683574.33,16835.7433,1862550905.66478,1,1761055200000
2025-10-21 14:00:00+00:00,108387.9,112303.5,108348.9,112159.5,1683574.33,16835.7433,1862550905.66478,1,1761055200000
2025-10-21 14:00:00+00:00,108387.9,112303.5,108348.9,112159.5,1683574.33,16835.7433,1862550905.66478,1,1761055200000
2025-10-21 14:00:00+00:00,108387.9,112303.5,108348.9,112159.5,1683574.33,16835.7433,1862550905.66478,1,1761055200000
2025-10-21 14:00:00+00:00,108387.9,112303.5,108348.9,112159.5,1683574.33,16835.7433,1862550905.66478,1,1761055200000
2025-10-21 14:00:00+00:00,108387.9,112303.5,108348.9,112159.5,1683574.33,16835.7433,1862550905.66478,1,1761055200000
2025-10-21 14:00:00+00:00,108387.9,112303.5,108348.9,112159.5,1683574.33,16835.7433,1862550905.66478,1,1761055200000
2025-10-21 14:00:00+00:00,108387.9,112303.5,108348.9,112159.5,1683574.33,16835.7433,1862550905.66478,1,1761055200000
2025-10-21 14:00:00+00:00,108387.9,112303.5,108348.9,112159.5,1683574.33,16835.7433,1862550905.66478,1,1761055200000
2025-10-21 14:00:00+00:00,108387.9,112303.5,108348.9,112159.5,1683574.33,16835.7433,1862550905.66478,1,1761055200000
2025-10-21 14:00:00+00:00,108387.9,112303.5,108348.9,112159.5,1683574.33,16835.7433,1862550905.66478,1,1761055200000
2025-10-21 14:00:00+00:00,108387.9,112303.5,108348.9,112159.5,1683574.33,16835.7433,1862550905.66478,1,1761055200000
2025-10-21 14:00:00+00:00,108387.9,112303.5,108348.9,112159.5,1683574.33,16835.7433,1862550905.66478,1,1761055200000
2025-10-21 14:00:00+00:00,108387.9,112303.5,108348.9,112159.5,1683574.33,16835.7433,1862550905.66478,1,1761055200000
2025-10-21 14:00:00+00:00,108387.9,112303.5,108348.9,112159.5,1683574.33,16835.7433,1862550905.66478,1,1761055200000
2025-10-21 14:00:00+00:00,108387.9,112303.5,108348.9,112159.5,1683574.33,16835.7433,1862550905.66478,1,1761055200000
2025-10-21 14:00:00+00:00,108387.9,112303.5,108348.9,112159.5,1683574.33,16835.7433,1862550905.66478,1,1761055200000
2025-10-21 14:00:00+00:00,108387.9,112303.5,108348.9,112159.5,1683574.33,16835.7433,1862550905.66478,1,1761055200000
2025-10-21 14:00:00+00:00,108387.9,112303.5,108348.9,112159.5,1683574.33,16835.7433,1862550905.66478,1,1761055200000
2025-10-21 15:00:00+00:00,112159.4,113541.7,111701.9,113384.5,1313281.33,13132.8133,1480485817.71311,1,1761058800000
2025-10-21 15:00:00+00:00,112159.4,113541.7,111701.9,113384.5,1313281.33,13132.8133,1480485817.71311,1,1761058800000
2025-10-21 15:00:00+00:00,112159.4,113541.7,111701.9,113384.5,1313281.33,13132.8133,1480485817.71311,1,1761058800000
2025-10-21 15:00:00+00:00,112159.4,113541.7,111701.9,113384.5,1313281.33,13132.8133,1480485817.71311,1,1761058800000
2025-10-21 15:00:00+00:00,112159.4,113541.7,111701.9,113384.5,1313281.33,13132.8133,1480485817.71311,1,1761058800000
2025-10-21 15:00:00+00:00,112159.4,113541.7,111701.9,113384.5,1313281.33,13132.8133,1480485817.71311,1,1761058800000
2025-10-21 15:00:00+00:00,112159.4,113541.7,111701.9,113384.5,1313281.33,13132.8133,1480485817.71311,1,1761058800000
2025-10-21 15:00:00+00:00,112159.4,113541.7,111701.9,113384.5,1313281.33,13132.8133,1480485817.71311,1,1761058800000
2025-10-21 15:00:00+00:00,112159.4,113541.7,111701.9,113384.5,1313281.33,13132.8133,1480485817.71311,1,1761058800000
2025-10-21 15:00:00+00:00,112159.4,113541.7,111701.9,113384.5,1313281.33,13132.8133,1480485817.71311,1,1761058800000
2025-10-21 15:00:00+00:00,112159.4,113541.7,111701.9,113384.5,1313281.33,13132.8133,1480485817.71311,1,1761058800000
2025-10-21 15:00:00+00:00,112159.4,113541.7,111701.9,113384.5,1313281.33,13132.8133,1480485817.71311,1,1761058800000
2025-10-21 15:00:00+00:00,112159.4,113541.7,111701.9,113384.5,1313281.33,13132.8133,1480485817.71311,1,1761058800000
2025-10-21 15:00:00+00:00,112159.4,113541.7,111701.9,113384.5,1313281.33,13132.8133,1480485817.71311,1,1761058800000
2025-10-21 15:00:00+00:00,112159.4,113541.7,111701.9,113384.5,1313281.33,13132.8133,1480485817.71311,1,1761058800000
2025-10-21 15:00:00+00:00,112159.4,113541.7,111701.9,113384.5,1313281.33,13132.8133,1480485817.71311,1,1761058800000
2025-10-21 15:00:00+00:00,112159.4,113541.7,111701.9,113384.5,1313281.33,13132.8133,1480485817.71311,1,1761058800000
2025-10-21 15:00:00+00:00,112159.4,113541.7,111701.9,113384.5,1313281.33,13132.8133,1480485817.71311,1,1761058800000
2025-10-21 15:00:00+00:00,112159.4,113541.7,111701.9,113384.5,1313281.33,13132.8133,1480485817.71311,1,1761058800000
2025-10-21 15:00:00+00:00,112159.4,113541.7,111701.9,113384.5,1313281.33,13132.8133,1480485817.71311,1,1761058800000
2025-10-21 15:00:00+00:00,112159.4,113541.7,111701.9,113384.5,1313281.33,13132.8133,1480485817.71311,1,1761058800000
2025-10-21 15:00:00+00:00,112159.4,113541.7,111701.9,113384.5,1313281.33,13132.8133,1480485817.71311,1,1761058800000
2025-10-21 15:00:00+00:00,112159.4,113541.7,111701.9,113384.5,1313281.33,13132.8133,1480485817.71311,1,1761058800000
2025-10-21 15:00:00+00:00,112159.4,113541.7,111701.9,113384.5,1313281.33,13132.8133,1480485817.71311,1,1761058800000
2025-10-21 15:00:00+00:00,112159.4,113541.7,111701.9,113384.5,1313281.33,13132.8133,1480485817.71311,1,1761058800000
2025-10-21 15:00:00+00:00,112159.4,113541.7,111701.9,113384.5,1313281.33,13132.8133,1480485817.71311,1,1761058800000
2025-10-21 15:00:00+00:00,112159.4,113541.7,111701.9,113384.5,1313281.33,13132.8133,1480485817.71311,1,1761058800000
2025-10-21 15:00:00+00:00,112159.4,113541.7,111701.9,113384.5,1313281.33,13132.8133,1480485817.71311,1,1761058800000
2025-10-21 16:00:00+00:00,113384.5,113988,112423,112544.2,912248.3,9122.483,1034163360.76451,1,1761062400000
2025-10-21 16:00:00+00:00,113384.5,113988,112423,112544.2,912248.3,9122.483,1034163360.76451,1,1761062400000
2025-10-21 16:00:00+00:00,113384.5,113988,112423,112544.2,912248.3,9122.483,1034163360.76451,1,1761062400000
2025-10-21 16:00:00+00:00,113384.5,113988,112423,112544.2,912248.3,9122.483,1034163360.76451,1,1761062400000
2025-10-21 16:00:00+00:00,113384.5,113988,112423,112544.2,912248.3,9122.483,1034163360.76451,1,1761062400000
2025-10-21 16:00:00+00:00,113384.5,113988,112423,112544.2,912248.3,9122.483,1034163360.76451,1,1761062400000
2025-10-21 16:00:00+00:00,113384.5,113988,112423,112544.2,912248.3,9122.483,1034163360.76451,1,1761062400000
2025-10-21 16:00:00+00:00,113384.5,113988,112423,112544.2,912248.3,9122.483,1034163360.76451,1,1761062400000
2025-10-21 16:00:00+00:00,113384.5,113988,112423,112544.2,912248.3,9122.483,1034163360.76451,1,1761062400000
2025-10-21 16:00:00+00:00,113384.5,113988,112423,112544.2,912248.3,9122.483,1034163360.76451,1,1761062400000
2025-10-21 16:00:00+00:00,113384.5,113988,112423,112544.2,912248.3,9122.483,1034163360.76451,1,1761062400000
2025-10-21 16:00:00+00:00,113384.5,113988,112423,112544.2,912248.3,9122.483,1034163360.76451,1,1761062400000
2025-10-21 16:00:00+00:00,113384.5,113988,112423,112544.2,912248.3,9122.483,1034163360.76451,1,1761062400000
2025-10-21 16:00:00+00:00,113384.5,113988,112423,112544.2,912248.3,9122.483,1034163360.76451,1,1761062400000
2025-10-21 16:00:00+00:00,113384.5,113988,112423,112544.2,912248.3,9122.483,1034163360.76451,1,1761062400000
2025-10-21 16:00:00+00:00,113384.5,113988,112423,112544.2,912248.3,9122.483,1034163360.76451,1,1761062400000
2025-10-21 16:00:00+00:00,113384.5,113988,112423,112544.2,912248.3,9122.483,1034163360.76451,1,1761062400000
2025-10-21 16:00:00+00:00,113384.5,113988,112423,112544.2,912248.3,9122.483,1034163360.76451,1,1761062400000
2025-10-21 16:00:00+00:00,113384.5,113988,112423,112544.2,912248.3,9122.483,1034163360.76451,1,1761062400000
2025-10-21 16:00:00+00:00,113384.5,113988,112423,112544.2,912248.3,9122.483,1034163360.76451,1,1761062400000
2025-10-21 16:00:00+00:00,113384.5,113988,112423,112544.2,912248.3,9122.483,1034163360.76451,1,1761062400000
2025-10-21 16:00:00+00:00,113384.5,113988,112423,112544.2,912248.3,9122.483,1034163360.76451,1,1761062400000
2025-10-21 16:00:00+00:00,113384.5,113988,112423,112544.2,912248.3,9122.483,1034163360.76451,1,1761062400000
2025-10-21 16:00:00+00:00,113384.5,113988,112423,112544.2,912248.3,9122.483,1034163360.76451,1,1761062400000
2025-10-21 16:00:00+00:00,113384.5,113988,112423,112544.2,912248.3,9122.483,1034163360.76451,1,1761062400000
2025-10-21 16:00:00+00:00,113384.5,113988,112423,112544.2,912248.3,9122.483,1034163360.76451,1,1761062400000
2025-10-21 16:00:00+00:00,113384.5,113988,112423,112544.2,912248.3,9122.483,1034163360.76451,1,1761062400000
2025-10-21 16:00:00+00:00,113384.5,113988,112423,112544.2,912248.3,9122.483,1034163360.76451,1,1761062400000
2025-10-21 16:00:00+00:00,113384.5,113988,112423,112544.2,912248.3,9122.483,1034163360.76451,1,1761062400000
2025-10-21 17:00:00+00:00,112544.3,112975,111769.4,111997.2,854722.92,8547.2292,960117314.79507,1,1761066000000
2025-10-21 17:00:00+00:00,112544.3,112975,111769.4,111997.2,854722.92,8547.2292,960117314.79507,1,1761066000000
2025-10-21 17:00:00+00:00,112544.3,112975,111769.4,111997.2,854722.92,8547.2292,960117314.79507,1,1761066000000
2025-10-21 17:00:00+00:00,112544.3,112975,111769.4,111997.2,854722.92,8547.2292,960117314.79507,1,1761066000000
2025-10-21 17:00:00+00:00,112544.3,112975,111769.4,111997.2,854722.92,8547.2292,960117314.79507,1,1761066000000
2025-10-21 17:00:00+00:00,112544.3,112975,111769.4,111997.2,854722.92,8547.2292,960117314.79507,1,1761066000000
2025-10-21 17:00:00+00:00,112544.3,112975,111769.4,111997.2,854722.92,8547.2292,960117314.79507,1,1761066000000
2025-10-21 17:00:00+00:00,112544.3,112975,111769.4,111997.2,854722.92,8547.2292,960117314.79507,1,1761066000000
2025-10-21 17:00:00+00:00,112544.3,112975,111769.4,111997.2,854722.92,8547.2292,960117314.79507,1,1761066000000
2025-10-21 17:00:00+00:00,112544.3,112975,111769.4,111997.2,854722.92,8547.2292,960117314.79507,1,1761066000000
2025-10-21 17:00:00+00:00,112544.3,112975,111769.4,111997.2,854722.92,8547.2292,960117314.79507,1,1761066000000
2025-10-21 17:00:00+00:00,112544.3,112975,111769.4,111997.2,854722.92,8547.2292,960117314.79507,1,1761066000000
2025-10-21 17:00:00+00:00,112544.3,112975,111769.4,111997.2,854722.92,8547.2292,960117314.79507,1,1761066000000
2025-10-21 17:00:00+00:00,112544.3,112975,111769.4,111997.2,854722.92,8547.2292,960117314.79507,1,1761066000000
2025-10-21 17:00:00+00:00,112544.3,112975,111769.4,111997.2,854722.92,8547.2292,960117314.79507,1,1761066000000
2025-10-21 17:00:00+00:00,112544.3,112975,111769.4,111997.2,854722.92,8547.2292,960117314.79507,1,1761066000000
2025-10-21 17:00:00+00:00,112544.3,112975,111769.4,111997.2,854722.92,8547.2292,960117314.79507,1,1761066000000
2025-10-21 17:00:00+00:00,112544.3,112975,111769.4,111997.2,854722.92,8547.2292,960117314.79507,1,1761066000000
2025-10-21 17:00:00+00:00,112544.3,112975,111769.4,111997.2,854722.92,8547.2292,960117314.79507,1,1761066000000
2025-10-21 17:00:00+00:00,112544.3,112975,111769.4,111997.2,854722.92,8547.2292,960117314.79507,1,1761066000000
2025-10-21 17:00:00+00:00,112544.3,112975,111769.4,111997.2,854722.92,8547.2292,960117314.79507,1,1761066000000
2025-10-21 17:00:00+00:00,112544.3,112975,111769.4,111997.2,854722.92,8547.2292,960117314.79507,1,1761066000000
2025-10-21 17:00:00+00:00,112544.3,112975,111769.4,111997.2,854722.92,8547.2292,960117314.79507,1,1761066000000
2025-10-21 17:00:00+00:00,112544.3,112975,111769.4,111997.2,854722.92,8547.2292,960117314.79507,1,1761066000000
2025-10-21 17:00:00+00:00,112544.3,112975,111769.4,111997.2,854722.92,8547.2292,960117314.79507,1,1761066000000
2025-10-21 17:00:00+00:00,112544.3,112975,111769.4,111997.2,854722.92,8547.2292,960117314.79507,1,1761066000000
2025-10-21 17:00:00+00:00,112544.3,112975,111769.4,111997.2,854722.92,8547.2292,960117314.79507,1,1761066000000
2025-10-21 17:00:00+00:00,112544.3,112975,111769.4,111997.2,854722.92,8547.2292,960117314.79507,1,1761066000000
2025-10-21 17:00:00+00:00,112544.3,112975,111769.4,111997.2,854722.92,8547.2292,960117314.79507,1,1761066000000
2025-10-21 17:00:00+00:00,112544.3,112975,111769.4,111997.2,854722.92,8547.2292,960117314.79507,1,1761066000000
2025-10-21 18:00:00+00:00,111996.1,112300,111310,111974.8,412897.24,4128.9724,461677325.2733,1,1761069600000
2025-10-21 18:00:00+00:00,111996.1,112300,111310,111974.8,412897.24,4128.9724,461677325.2733,1,1761069600000
2025-10-21 18:00:00+00:00,111996.1,112300,111310,111974.8,412897.24,4128.9724,461677325.2733,1,1761069600000
2025-10-21 18:00:00+00:00,111996.1,112300,111310,111974.8,412897.24,4128.9724,461677325.2733,1,1761069600000
2025-10-21 18:00:00+00:00,111996.1,112300,111310,111974.8,412897.24,4128.9724,461677325.2733,1,1761069600000
2025-10-21 18:00:00+00:00,111996.1,112300,111310,111974.8,412897.24,4128.9724,461677325.2733,1,1761069600000
2025-10-21 18:00:00+00:00,111996.1,112300,111310,111974.8,412897.24,4128.9724,461677325.2733,1,1761069600000
2025-10-21 18:00:00+00:00,111996.1,112300,111310,111974.8,412897.24,4128.9724,461677325.2733,1,1761069600000
2025-10-21 18:00:00+00:00,111996.1,112300,111310,111974.8,412897.24,4128.9724,461677325.2733,1,1761069600000
2025-10-21 18:00:00+00:00,111996.1,112300,111310,111974.8,412897.24,4128.9724,461677325.2733,1,1761069600000
2025-10-21 18:00:00+00:00,111996.1,112300,111310,111974.8,412897.24,4128.9724,461677325.2733,1,1761069600000
2025-10-21 18:00:00+00:00,111996.1,112300,111310,111974.8,412897.24,4128.9724,461677325.2733,1,1761069600000
2025-10-21 18:00:00+00:00,111996.1,112300,111310,111974.8,412897.24,4128.9724,461677325.2733,1,1761069600000
2025-10-21 18:00:00+00:00,111996.1,112300,111310,111974.8,412897.24,4128.9724,461677325.2733,1,1761069600000
2025-10-21 18:00:00+00:00,111996.1,112300,111310,111974.8,412897.24,4128.9724,461677325.2733,1,1761069600000
2025-10-21 18:00:00+00:00,111996.1,112300,111310,111974.8,412897.24,4128.9724,461677325.2733,1,1761069600000
2025-10-21 18:00:00+00:00,111996.1,112300,111310,111974.8,412897.24,4128.9724,461677325.2733,1,1761069600000
2025-10-21 18:00:00+00:00,111996.1,112300,111310,111974.8,412897.24,4128.9724,461677325.2733,1,1761069600000
2025-10-21 18:00:00+00:00,111996.1,112300,111310,111974.8,412897.24,4128.9724,461677325.2733,1,1761069600000
2025-10-21 18:00:00+00:00,111996.1,112300,111310,111974.8,412897.24,4128.9724,461677325.2733,1,1761069600000
2025-10-21 18:00:00+00:00,111996.1,112300,111310,111974.8,412897.24,4128.9724,461677325.2733,1,1761069600000
2025-10-21 18:00:00+00:00,111996.1,112300,111310,111974.8,412897.24,4128.9724,461677325.2733,1,1761069600000
2025-10-21 18:00:00+00:00,111996.1,112300,111310,111974.8,412897.24,4128.9724,461677325.2733,1,1761069600000
2025-10-21 18:00:00+00:00,111996.1,112300,111310,111974.8,412897.24,4128.9724,461677325.2733,1,1761069600000
2025-10-21 18:00:00+00:00,111996.1,112300,111310,111974.8,412897.24,4128.9724,461677325.2733,1,1761069600000
2025-10-21 18:00:00+00:00,111996.1,112300,111310,111974.8,412897.24,4128.9724,461677325.2733,1,1761069600000
2025-10-21 18:00:00+00:00,111996.1,112300,111310,111974.8,412897.24,4128.9724,461677325.2733,1,1761069600000
2025-10-21 18:00:00+00:00,111996.1,112300,111310,111974.8,412897.24,4128.9724,461677325.2733,1,1761069600000
2025-10-21 18:00:00+00:00,111996.1,112300,111310,111974.8,412897.24,4128.9724,461677325.2733,1,1761069600000
2025-10-21 18:00:00+00:00,111996.1,112300,111310,111974.8,412897.24,4128.9724,461677325.2733,1,1761069600000
2025-10-21 18:00:00+00:00,111996.1,112300,111310,111974.8,412897.24,4128.9724,461677325.2733,1,1761069600000
2025-10-21 19:00:00+00:00,111974.8,112177.9,111533.4,111756.4,248561.47,2485.6147,277912224.63211,1,1761073200000
2025-10-21 19:00:00+00:00,111974.8,112177.9,111533.4,111756.4,248561.47,2485.6147,277912224.63211,1,1761073200000
2025-10-21 19:00:00+00:00,111974.8,112177.9,111533.4,111756.4,248561.47,2485.6147,277912224.63211,1,1761073200000
2025-10-21 19:00:00+00:00,111974.8,112177.9,111533.4,111756.4,248561.47,2485.6147,277912224.63211,1,1761073200000
2025-10-21 19:00:00+00:00,111974.8,112177.9,111533.4,111756.4,248561.47,2485.6147,277912224.63211,1,1761073200000
2025-10-21 19:00:00+00:00,111974.8,112177.9,111533.4,111756.4,248561.47,2485.6147,277912224.63211,1,1761073200000
2025-10-21 19:00:00+00:00,111974.8,112177.9,111533.4,111756.4,248561.47,2485.6147,277912224.63211,1,1761073200000
2025-10-21 19:00:00+00:00,111974.8,112177.9,111533.4,111756.4,248561.47,2485.6147,277912224.63211,1,1761073200000
2025-10-21 19:00:00+00:00,111974.8,112177.9,111533.4,111756.4,248561.47,2485.6147,277912224.63211,1,1761073200000
2025-10-21 19:00:00+00:00,111974.8,112177.9,111533.4,111756.4,248561.47,2485.6147,277912224.63211,1,1761073200000
2025-10-21 19:00:00+00:00,111974.8,112177.9,111533.4,111756.4,248561.47,2485.6147,277912224.63211,1,1761073200000
2025-10-21 19:00:00+00:00,111974.8,112177.9,111533.4,111756.4,248561.47,2485.6147,277912224.63211,1,1761073200000
2025-10-21 19:00:00+00:00,111974.8,112177.9,111533.4,111756.4,248561.47,2485.6147,277912224.63211,1,1761073200000
2025-10-21 19:00:00+00:00,111974.8,112177.9,111533.4,111756.4,248561.47,2485.6147,277912224.63211,1,1761073200000
2025-10-21 19:00:00+00:00,111974.8,112177.9,111533.4,111756.4,248561.47,2485.6147,277912224.63211,1,1761073200000
2025-10-21 19:00:00+00:00,111974.8,112177.9,111533.4,111756.4,248561.47,2485.6147,277912224.63211,1,1761073200000
2025-10-21 19:00:00+00:00,111974.8,112177.9,111533.4,111756.4,248561.47,2485.6147,277912224.63211,1,1761073200000
2025-10-21 19:00:00+00:00,111974.8,112177.9,111533.4,111756.4,248561.47,2485.6147,277912224.63211,1,1761073200000
2025-10-21 19:00:00+00:00,111974.8,112177.9,111533.4,111756.4,248561.47,2485.6147,277912224.63211,1,1761073200000
2025-10-21 19:00:00+00:00,111974.8,112177.9,111533.4,111756.4,248561.47,2485.6147,277912224.63211,1,1761073200000
2025-10-21 19:00:00+00:00,111974.8,112177.9,111533.4,111756.4,248561.47,2485.6147,277912224.63211,1,1761073200000
2025-10-21 19:00:00+00:00,111974.8,112177.9,111533.4,111756.4,248561.47,2485.6147,277912224.63211,1,1761073200000
2025-10-21 19:00:00+00:00,111974.8,112177.9,111533.4,111756.4,248561.47,2485.6147,277912224.63211,1,1761073200000
2025-10-21 19:00:00+00:00,111974.8,112177.9,111533.4,111756.4,248561.47,2485.6147,277912224.63211,1,1761073200000
2025-10-21 19:00:00+00:00,111974.8,112177.9,111533.4,111756.4,248561.47,2485.6147,277912224.63211,1,1761073200000
2025-10-21 19:00:00+00:00,111974.8,112177.9,111533.4,111756.4,248561.47,2485.6147,277912224.63211,1,1761073200000
2025-10-21 19:00:00+00:00,111974.8,112177.9,111533.4,111756.4,248561.47,2485.6147,277912224.63211,1,1761073200000
2025-10-21 19:00:00+00:00,111974.8,112177.9,111533.4,111756.4,248561.47,2485.6147,277912224.63211,1,1761073200000
2025-10-21 19:00:00+00:00,111974.8,112177.9,111533.4,111756.4,248561.47,2485.6147,277912224.63211,1,1761073200000
2025-10-21 19:00:00+00:00,111974.8,112177.9,111533.4,111756.4,248561.47,2485.6147,277912224.63211,1,1761073200000
2025-10-21 19:00:00+00:00,111974.8,112177.9,111533.4,111756.4,248561.47,2485.6147,277912224.63211,1,1761073200000
2025-10-21 19:00:00+00:00,111974.8,112177.9,111533.4,111756.4,248561.47,2485.6147,277912224.63211,1,1761073200000
2025-10-21 20:00:00+00:00,111756.4,111776,110500,110767.3,482686.53,4826.8653,535769749.17334,1,1761076800000
2025-10-21 20:00:00+00:00,111756.4,111776,110500,110767.3,482686.53,4826.8653,535769749.17334,1,1761076800000
2025-10-21 20:00:00+00:00,111756.4,111776,110500,110767.3,482686.53,4826.8653,535769749.17334,1,1761076800000
2025-10-21 20:00:00+00:00,111756.4,111776,110500,110767.3,482686.53,4826.8653,535769749.17334,1,1761076800000
2025-10-21 20:00:00+00:00,111756.4,111776,110500,110767.3,482686.53,4826.8653,535769749.17334,1,1761076800000
2025-10-21 20:00:00+00:00,111756.4,111776,110500,110767.3,482686.53,4826.8653,535769749.17334,1,1761076800000
2025-10-21 20:00:00+00:00,111756.4,111776,110500,110767.3,482686.53,4826.8653,535769749.17334,1,1761076800000
2025-10-21 20:00:00+00:00,111756.4,111776,110500,110767.3,482686.53,4826.8653,535769749.17334,1,1761076800000
2025-10-21 20:00:00+00:00,111756.4,111776,110500,110767.3,482686.53,4826.8653,535769749.17334,1,1761076800000
2025-10-21 20:00:00+00:00,111756.4,111776,110500,110767.3,482686.53,4826.8653,535769749.17334,1,1761076800000
2025-10-21 20:00:00+00:00,111756.4,111776,110500,110767.3,482686.53,4826.8653,535769749.17334,1,1761076800000
2025-10-21 20:00:00+00:00,111756.4,111776,110500,110767.3,482686.53,4826.8653,535769749.17334,1,1761076800000
2025-10-21 20:00:00+00:00,111756.4,111776,110500,110767.3,482686.53,4826.8653,535769749.17334,1,1761076800000
2025-10-21 20:00:00+00:00,111756.4,111776,110500,110767.3,482686.53,4826.8653,535769749.17334,1,1761076800000
2025-10-21 20:00:00+00:00,111756.4,111776,110500,110767.3,482686.53,4826.8653,535769749.17334,1,1761076800000
2025-10-21 20:00:00+00:00,111756.4,111776,110500,110767.3,482686.53,4826.8653,535769749.17334,1,1761076800000
2025-10-21 20:00:00+00:00,111756.4,111776,110500,110767.3,482686.53,4826.8653,535769749.17334,1,1761076800000
2025-10-21 20:00:00+00:00,111756.4,111776,110500,110767.3,482686.53,4826.8653,535769749.17334,1,1761076800000
2025-10-21 20:00:00+00:00,111756.4,111776,110500,110767.3,482686.53,4826.8653,535769749.17334,1,1761076800000
2025-10-21 20:00:00+00:00,111756.4,111776,110500,110767.3,482686.53,4826.8653,535769749.17334,1,1761076800000
2025-10-21 20:00:00+00:00,111756.4,111776,110500,110767.3,482686.53,4826.8653,535769749.17334,1,1761076800000
2025-10-21 20:00:00+00:00,111756.4,111776,110500,110767.3,482686.53,4826.8653,535769749.17334,1,1761076800000
2025-10-21 20:00:00+00:00,111756.4,111776,110500,110767.3,482686.53,4826.8653,535769749.17334,1,1761076800000
2025-10-21 20:00:00+00:00,111756.4,111776,110500,110767.3,482686.53,4826.8653,535769749.17334,1,1761076800000
2025-10-21 20:00:00+00:00,111756.4,111776,110500,110767.3,482686.53,4826.8653,535769749.17334,1,1761076800000
2025-10-21 20:00:00+00:00,111756.4,111776,110500,110767.3,482686.53,4826.8653,535769749.17334,1,1761076800000
2025-10-21 20:00:00+00:00,111756.4,111776,110500,110767.3,482686.53,4826.8653,535769749.17334,1,1761076800000
2025-10-21 20:00:00+00:00,111756.4,111776,110500,110767.3,482686.53,4826.8653,535769749.17334,1,1761076800000
2025-10-21 20:00:00+00:00,111756.4,111776,110500,110767.3,482686.53,4826.8653,535769749.17334,1,1761076800000
2025-10-21 20:00:00+00:00,111756.4,111776,110500,110767.3,482686.53,4826.8653,535769749.17334,1,1761076800000
2025-10-21 20:00:00+00:00,111756.4,111776,110500,110767.3,482686.53,4826.8653,535769749.17334,1,1761076800000
2025-10-21 20:00:00+00:00,111756.4,111776,110500,110767.3,482686.53,4826.8653,535769749.17334,1,1761076800000
2025-10-21 20:00:00+00:00,111756.4,111776,110500,110767.3,482686.53,4826.8653,535769749.17334,1,1761076800000
2025-10-21 21:00:00+00:00,110767.3,111098,110080.6,110786.4,404695.04,4046.9504,447535662.36827,1,1761080400000
2025-10-21 21:00:00+00:00,110767.3,111098,110080.6,110786.4,404695.04,4046.9504,447535662.36827,1,1761080400000
2025-10-21 21:00:00+00:00,110767.3,111098,110080.6,110786.4,404695.04,4046.9504,447535662.36827,1,1761080400000
2025-10-21 21:00:00+00:00,110767.3,111098,110080.6,110786.4,404695.04,4046.9504,447535662.36827,1,1761080400000
2025-10-21 21:00:00+00:00,110767.3,111098,110080.6,110786.4,404695.04,4046.9504,447535662.36827,1,1761080400000
2025-10-21 21:00:00+00:00,110767.3,111098,110080.6,110786.4,404695.04,4046.9504,447535662.36827,1,1761080400000
2025-10-21 21:00:00+00:00,110767.3,111098,110080.6,110786.4,404695.04,4046.9504,447535662.36827,1,1761080400000
2025-10-21 21:00:00+00:00,110767.3,111098,110080.6,110786.4,404695.04,4046.9504,447535662.36827,1,1761080400000
2025-10-21 21:00:00+00:00,110767.3,111098,110080.6,110786.4,404695.04,4046.9504,447535662.36827,1,1761080400000
2025-10-21 21:00:00+00:00,110767.3,111098,110080.6,110786.4,404695.04,4046.9504,447535662.36827,1,1761080400000
2025-10-21 21:00:00+00:00,110767.3,111098,110080.6,110786.4,404695.04,4046.9504,447535662.36827,1,1761080400000
2025-10-21 21:00:00+00:00,110767.3,111098,110080.6,110786.4,404695.04,4046.9504,447535662.36827,1,1761080400000
2025-10-21 21:00:00+00:00,110767.3,111098,110080.6,110786.4,404695.04,4046.9504,447535662.36827,1,1761080400000
2025-10-21 21:00:00+00:00,110767.3,111098,110080.6,110786.4,404695.04,4046.9504,447535662.36827,1,1761080400000
2025-10-21 21:00:00+00:00,110767.3,111098,110080.6,110786.4,404695.04,4046.9504,447535662.36827,1,1761080400000
2025-10-21 21:00:00+00:00,110767.3,111098,110080.6,110786.4,404695.04,4046.9504,447535662.36827,1,1761080400000
2025-10-21 21:00:00+00:00,110767.3,111098,110080.6,110786.4,404695.04,4046.9504,447535662.36827,1,1761080400000
2025-10-21 21:00:00+00:00,110767.3,111098,110080.6,110786.4,404695.04,4046.9504,447535662.36827,1,1761080400000
2025-10-21 21:00:00+00:00,110767.3,111098,110080.6,110786.4,404695.04,4046.9504,447535662.36827,1,1761080400000
2025-10-21 21:00:00+00:00,110767.3,111098,110080.6,110786.4,404695.04,4046.9504,447535662.36827,1,1761080400000
2025-10-21 21:00:00+00:00,110767.3,111098,110080.6,110786.4,404695.04,4046.9504,447535662.36827,1,1761080400000
2025-10-21 21:00:00+00:00,110767.3,111098,110080.6,110786.4,404695.04,4046.9504,447535662.36827,1,1761080400000
2025-10-21 21:00:00+00:00,110767.3,111098,110080.6,110786.4,404695.04,4046.9504,447535662.36827,1,1761080400000
2025-10-21 21:00:00+00:00,110767.3,111098,110080.6,110786.4,404695.04,4046.9504,447535662.36827,1,1761080400000
2025-10-21 21:00:00+00:00,110767.3,111098,110080.6,110786.4,404695.04,4046.9504,447535662.36827,1,1761080400000
2025-10-21 21:00:00+00:00,110767.3,111098,110080.6,110786.4,404695.04,4046.9504,447535662.36827,1,1761080400000
2025-10-21 21:00:00+00:00,110767.3,111098,110080.6,110786.4,404695.04,4046.9504,447535662.36827,1,1761080400000
2025-10-21 21:00:00+00:00,110767.3,111098,110080.6,110786.4,404695.04,4046.9504,447535662.36827,1,1761080400000
2025-10-21 21:00:00+00:00,110767.3,111098,110080.6,110786.4,404695.04,4046.9504,447535662.36827,1,1761080400000
2025-10-21 21:00:00+00:00,110767.3,111098,110080.6,110786.4,404695.04,4046.9504,447535662.36827,1,1761080400000
2025-10-21 21:00:00+00:00,110767.3,111098,110080.6,110786.4,404695.04,4046.9504,447535662.36827,1,1761080400000
2025-10-21 21:00:00+00:00,110767.3,111098,110080.6,110786.4,404695.04,4046.9504,447535662.36827,1,1761080400000
2025-10-21 21:00:00+00:00,110767.3,111098,110080.6,110786.4,404695.04,4046.9504,447535662.36827,1,1761080400000
2025-10-21 21:00:00+00:00,110767.3,111098,110080.6,110786.4,404695.04,4046.9504,447535662.36827,1,1761080400000
2025-10-21 22:00:00+00:00,110786.5,110786.5,108215.8,109040.1,894749.93,8947.4993,979002017.4659,1,1761084000000
2025-10-21 22:00:00+00:00,110786.5,110786.5,108215.8,109040.1,894749.93,8947.4993,979002017.4659,1,1761084000000
2025-10-21 22:00:00+00:00,110786.5,110786.5,108215.8,109040.1,894749.93,8947.4993,979002017.4659,1,1761084000000
2025-10-21 22:00:00+00:00,110786.5,110786.5,108215.8,109040.1,894749.93,8947.4993,979002017.4659,1,1761084000000
2025-10-21 22:00:00+00:00,110786.5,110786.5,108215.8,109040.1,894749.93,8947.4993,979002017.4659,1,1761084000000
2025-10-21 22:00:00+00:00,110786.5,110786.5,108215.8,109040.1,894749.93,8947.4993,979002017.4659,1,1761084000000
2025-10-21 22:00:00+00:00,110786.5,110786.5,108215.8,109040.1,894749.93,8947.4993,979002017.4659,1,1761084000000
2025-10-21 22:00:00+00:00,110786.5,110786.5,108215.8,109040.1,894749.93,8947.4993,979002017.4659,1,1761084000000
2025-10-21 22:00:00+00:00,110786.5,110786.5,108215.8,109040.1,894749.93,8947.4993,979002017.4659,1,1761084000000
2025-10-21 22:00:00+00:00,110786.5,110786.5,108215.8,109040.1,894749.93,8947.4993,979002017.4659,1,1761084000000
2025-10-21 22:00:00+00:00,110786.5,110786.5,108215.8,109040.1,894749.93,8947.4993,979002017.4659,1,1761084000000
2025-10-21 22:00:00+00:00,110786.5,110786.5,108215.8,109040.1,894749.93,8947.4993,979002017.4659,1,1761084000000
2025-10-21 22:00:00+00:00,110786.5,110786.5,108215.8,109040.1,894749.93,8947.4993,979002017.4659,1,1761084000000
2025-10-21 22:00:00+00:00,110786.5,110786.5,108215.8,109040.1,894749.93,8947.4993,979002017.4659,1,1761084000000
2025-10-21 22:00:00+00:00,110786.5,110786.5,108215.8,109040.1,894749.93,8947.4993,979002017.4659,1,1761084000000
2025-10-21 22:00:00+00:00,110786.5,110786.5,108215.8,109040.1,894749.93,8947.4993,979002017.4659,1,1761084000000
2025-10-21 22:00:00+00:00,110786.5,110786.5,108215.8,109040.1,894749.93,8947.4993,979002017.4659,1,1761084000000
2025-10-21 22:00:00+00:00,110786.5,110786.5,108215.8,109040.1,894749.93,8947.4993,979002017.4659,1,1761084000000
2025-10-21 22:00:00+00:00,110786.5,110786.5,108215.8,109040.1,894749.93,8947.4993,979002017.4659,1,1761084000000
2025-10-21 22:00:00+00:00,110786.5,110786.5,108215.8,109040.1,894749.93,8947.4993,979002017.4659,1,1761084000000
2025-10-21 22:00:00+00:00,110786.5,110786.5,108215.8,109040.1,894749.93,8947.4993,979002017.4659,1,1761084000000
2025-10-21 22:00:00+00:00,110786.5,110786.5,108215.8,109040.1,894749.93,8947.4993,979002017.4659,1,1761084000000
2025-10-21 22:00:00+00:00,110786.5,110786.5,108215.8,109040.1,894749.93,8947.4993,979002017.4659,1,1761084000000
2025-10-21 22:00:00+00:00,110786.5,110786.5,108215.8,109040.1,894749.93,8947.4993,979002017.4659,1,1761084000000
2025-10-21 22:00:00+00:00,110786.5,110786.5,108215.8,109040.1,894749.93,8947.4993,979002017.4659,1,1761084000000
2025-10-21 22:00:00+00:00,110786.5,110786.5,108215.8,109040.1,894749.93,8947.4993,979002017.4659,1,1761084000000
2025-10-21 22:00:00+00:00,110786.5,110786.5,108215.8,109040.1,894749.93,8947.4993,979002017.4659,1,1761084000000
2025-10-21 22:00:00+00:00,110786.5,110786.5,108215.8,109040.1,894749.93,8947.4993,979002017.4659,1,1761084000000
2025-10-21 22:00:00+00:00,110786.5,110786.5,108215.8,109040.1,894749.93,8947.4993,979002017.4659,1,1761084000000
2025-10-21 22:00:00+00:00,110786.5,110786.5,108215.8,109040.1,894749.93,8947.4993,979002017.4659,1,1761084000000
2025-10-21 22:00:00+00:00,110786.5,110786.5,108215.8,109040.1,894749.93,8947.4993,979002017.4659,1,1761084000000
2025-10-21 22:00:00+00:00,110786.5,110786.5,108215.8,109040.1,894749.93,8947.4993,979002017.4659,1,1761084000000
2025-10-21 22:00:00+00:00,110786.5,110786.5,108215.8,109040.1,894749.93,8947.4993,979002017.4659,1,1761084000000
2025-10-21 22:00:00+00:00,110786.5,110786.5,108215.8,109040.1,894749.93,8947.4993,979002017.4659,1,1761084000000
2025-10-21 22:00:00+00:00,110786.5,110786.5,108215.8,109040.1,894749.93,8947.4993,979002017.4659,1,1761084000000
2025-10-21 23:00:00+00:00,109040.1,109420,107905.7,108243,676748.97,6767.4897,734867329.35163,1,1761087600000
2025-10-21 23:00:00+00:00,109040.1,109420,107905.7,108243,676748.97,6767.4897,734867329.35163,1,1761087600000
2025-10-21 23:00:00+00:00,109040.1,109420,107905.7,108243,676748.97,6767.4897,734867329.35163,1,1761087600000
2025-10-21 23:00:00+00:00,109040.1,109420,107905.7,108243,676748.97,6767.4897,734867329.35163,1,1761087600000
2025-10-21 23:00:00+00:00,109040.1,109420,107905.7,108243,676748.97,6767.4897,734867329.35163,1,1761087600000
2025-10-21 23:00:00+00:00,109040.1,109420,107905.7,108243,676748.97,6767.4897,734867329.35163,1,1761087600000
2025-10-21 23:00:00+00:00,109040.1,109420,107905.7,108243,676748.97,6767.4897,734867329.35163,1,1761087600000
2025-10-21 23:00:00+00:00,109040.1,109420,107905.7,108243,676748.97,6767.4897,734867329.35163,1,1761087600000
2025-10-21 23:00:00+00:00,109040.1,109420,107905.7,108243,676748.97,6767.4897,734867329.35163,1,1761087600000
2025-10-21 23:00:00+00:00,109040.1,109420,107905.7,108243,676748.97,6767.4897,734867329.35163,1,1761087600000
2025-10-21 23:00:00+00:00,109040.1,109420,107905.7,108243,676748.97,6767.4897,734867329.35163,1,1761087600000
2025-10-21 23:00:00+00:00,109040.1,109420,107905.7,108243,676748.97,6767.4897,734867329.35163,1,1761087600000
2025-10-21 23:00:00+00:00,109040.1,109420,107905.7,108243,676748.97,6767.4897,734867329.35163,1,1761087600000
2025-10-21 23:00:00+00:00,109040.1,109420,107905.7,108243,676748.97,6767.4897,734867329.35163,1,1761087600000
2025-10-21 23:00:00+00:00,109040.1,109420,107905.7,108243,676748.97,6767.4897,734867329.35163,1,1761087600000
2025-10-21 23:00:00+00:00,109040.1,109420,107905.7,108243,676748.97,6767.4897,734867329.35163,1,1761087600000
2025-10-21 23:00:00+00:00,109040.1,109420,107905.7,108243,676748.97,6767.4897,734867329.35163,1,1761087600000
2025-10-21 23:00:00+00:00,109040.1,109420,107905.7,108243,676748.97,6767.4897,734867329.35163,1,1761087600000
2025-10-21 23:00:00+00:00,109040.1,109420,107905.7,108243,676748.97,6767.4897,734867329.35163,1,1761087600000
2025-10-21 23:00:00+00:00,109040.1,109420,107905.7,108243,676748.97,6767.4897,734867329.35163,1,1761087600000
2025-10-21 23:00:00+00:00,109040.1,109420,107905.7,108243,676748.97,6767.4897,734867329.35163,1,1761087600000
2025-10-21 23:00:00+00:00,109040.1,109420,107905.7,108243,676748.97,6767.4897,734867329.35163,1,1761087600000
2025-10-21 23:00:00+00:00,109040.1,109420,107905.7,108243,676748.97,6767.4897,734867329.35163,1,1761087600000
2025-10-21 23:00:00+00:00,109040.1,109420,107905.7,108243,676748.97,6767.4897,734867329.35163,1,1761087600000
2025-10-21 23:00:00+00:00,109040.1,109420,107905.7,108243,676748.97,6767.4897,734867329.35163,1,1761087600000
2025-10-21 23:00:00+00:00,109040.1,109420,107905.7,108243,676748.97,6767.4897,734867329.35163,1,1761087600000
2025-10-21 23:00:00+00:00,109040.1,109420,107905.7,108243,676748.97,6767.4897,734867329.35163,1,1761087600000
2025-10-21 23:00:00+00:00,109040.1,109420,107905.7,108243,676748.97,6767.4897,734867329.35163,1,1761087600000
2025-10-21 23:00:00+00:00,109040.1,109420,107905.7,108243,676748.97,6767.4897,734867329.35163,1,1761087600000
2025-10-21 23:00:00+00:00,109040.1,109420,107905.7,108243,676748.97,6767.4897,734867329.35163,1,1761087600000
2025-10-21 23:00:00+00:00,109040.1,109420,107905.7,108243,676748.97,6767.4897,734867329.35163,1,1761087600000
2025-10-21 23:00:00+00:00,109040.1,109420,107905.7,108243,676748.97,6767.4897,734867329.35163,1,1761087600000
2025-10-21 23:00:00+00:00,109040.1,109420,107905.7,108243,676748.97,6767.4897,734867329.35163,1,1761087600000
2025-10-21 23:00:00+00:00,109040.1,109420,107905.7,108243,676748.97,6767.4897,734867329.35163,1,1761087600000
2025-10-21 23:00:00+00:00,109040.1,109420,107905.7,108243,676748.97,6767.4897,734867329.35163,1,1761087600000
2025-10-21 23:00:00+00:00,109040.1,109420,107905.7,108243,676748.97,6767.4897,734867329.35163,1,1761087600000
2025-10-22 00:00:00+00:00,108243.1,108654.7,107758.2,107933.6,497956.51,4979.5651,538605847.38241,1,1761091200000
2025-10-22 00:00:00+00:00,108243.1,108654.7,107758.2,107933.6,497956.51,4979.5651,538605847.38241,1,1761091200000
2025-10-22 00:00:00+00:00,108243.1,108654.7,107758.2,107933.6,497956.51,4979.5651,538605847.38241,1,1761091200000
2025-10-22 00:00:00+00:00,108243.1,108654.7,107758.2,107933.6,497956.51,4979.5651,538605847.38241,1,1761091200000
2025-10-22 00:00:00+00:00,108243.1,108654.7,107758.2,107933.6,497956.51,4979.5651,538605847.38241,1,1761091200000
2025-10-22 00:00:00+00:00,108243.1,108654.7,107758.2,107933.6,497956.51,4979.5651,538605847.38241,1,1761091200000
2025-10-22 00:00:00+00:00,108243.1,108654.7,107758.2,107933.6,497956.51,4979.5651,538605847.38241,1,1761091200000
2025-10-22 00:00:00+00:00,108243.1,108654.7,107758.2,107933.6,497956.51,4979.5651,538605847.38241,1,1761091200000
2025-10-22 00:00:00+00:00,108243.1,108654.7,107758.2,107933.6,497956.51,4979.5651,538605847.38241,1,1761091200000
2025-10-22 00:00:00+00:00,108243.1,108654.7,107758.2,107933.6,497956.51,4979.5651,538605847.38241,1,1761091200000
2025-10-22 00:00:00+00:00,108243.1,108654.7,107758.2,107933.6,497956.51,4979.5651,538605847.38241,1,1761091200000
2025-10-22 00:00:00+00:00,108243.1,108654.7,107758.2,107933.6,497956.51,4979.5651,538605847.38241,1,1761091200000
2025-10-22 00:00:00+00:00,108243.1,108654.7,107758.2,107933.6,497956.51,4979.5651,538605847.38241,1,1761091200000
2025-10-22 00:00:00+00:00,108243.1,108654.7,107758.2,107933.6,497956.51,4979.5651,538605847.38241,1,1761091200000
2025-10-22 00:00:00+00:00,108243.1,108654.7,107758.2,107933.6,497956.51,4979.5651,538605847.38241,1,1761091200000
2025-10-22 00:00:00+00:00,108243.1,108654.7,107758.2,107933.6,497956.51,4979.5651,538605847.38241,1,1761091200000
2025-10-22 00:00:00+00:00,108243.1,108654.7,107758.2,107933.6,497956.51,4979.5651,538605847.38241,1,1761091200000
2025-10-22 00:00:00+00:00,108243.1,108654.7,107758.2,107933.6,497956.51,4979.5651,538605847.38241,1,1761091200000
2025-10-22 00:00:00+00:00,108243.1,108654.7,107758.2,107933.6,497956.51,4979.5651,538605847.38241,1,1761091200000
2025-10-22 00:00:00+00:00,108243.1,108654.7,107758.2,107933.6,497956.51,4979.5651,538605847.38241,1,1761091200000
2025-10-22 00:00:00+00:00,108243.1,108654.7,107758.2,107933.6,497956.51,4979.5651,538605847.38241,1,1761091200000
2025-10-22 00:00:00+00:00,108243.1,108654.7,107758.2,107933.6,497956.51,4979.5651,538605847.38241,1,1761091200000
2025-10-22 00:00:00+00:00,108243.1,108654.7,107758.2,107933.6,497956.51,4979.5651,538605847.38241,1,1761091200000
2025-10-22 00:00:00+00:00,108243.1,108654.7,107758.2,107933.6,497956.51,4979.5651,538605847.38241,1,1761091200000
2025-10-22 00:00:00+00:00,108243.1,108654.7,107758.2,107933.6,497956.51,4979.5651,538605847.38241,1,1761091200000
2025-10-22 00:00:00+00:00,108243.1,108654.7,107758.2,107933.6,497956.51,4979.5651,538605847.38241,1,1761091200000
2025-10-22 00:00:00+00:00,108243.1,108654.7,107758.2,107933.6,497956.51,4979.5651,538605847.38241,1,1761091200000
2025-10-22 00:00:00+00:00,108243.1,108654.7,107758.2,107933.6,497956.51,4979.5651,538605847.38241,1,1761091200000
2025-10-22 00:00:00+00:00,108243.1,108654.7,107758.2,107933.6,497956.51,4979.5651,538605847.38241,1,1761091200000
2025-10-22 00:00:00+00:00,108243.1,108654.7,107758.2,107933.6,497956.51,4979.5651,538605847.38241,1,1761091200000
2025-10-22 00:00:00+00:00,108243.1,108654.7,107758.2,107933.6,497956.51,4979.5651,538605847.38241,1,1761091200000
2025-10-22 00:00:00+00:00,108243.1,108654.7,107758.2,107933.6,497956.51,4979.5651,538605847.38241,1,1761091200000
2025-10-22 00:00:00+00:00,108243.1,108654.7,107758.2,107933.6,497956.51,4979.5651,538605847.38241,1,1761091200000
2025-10-22 00:00:00+00:00,108243.1,108654.7,107758.2,107933.6,497956.51,4979.5651,538605847.38241,1,1761091200000
2025-10-22 00:00:00+00:00,108243.1,108654.7,107758.2,107933.6,497956.51,4979.5651,538605847.38241,1,1761091200000
2025-10-22 00:00:00+00:00,108243.1,108654.7,107758.2,107933.6,497956.51,4979.5651,538605847.38241,1,1761091200000
2025-10-22 00:00:00+00:00,108243.1,108654.7,107758.2,107933.6,497956.51,4979.5651,538605847.38241,1,1761091200000
2025-10-22 01:00:00+00:00,107933.7,108446.7,107933.7,108301.1,316300.4,3163.004,342200894.7731,1,1761094800000
2025-10-22 01:00:00+00:00,107933.7,108446.7,107933.7,108301.1,316300.4,3163.004,342200894.7731,1,1761094800000
2025-10-22 01:00:00+00:00,107933.7,108446.7,107933.7,108301.1,316300.4,3163.004,342200894.7731,1,1761094800000
2025-10-22 01:00:00+00:00,107933.7,108446.7,107933.7,108301.1,316300.4,3163.004,342200894.7731,1,1761094800000
2025-10-22 01:00:00+00:00,107933.7,108446.7,107933.7,108301.1,316300.4,3163.004,342200894.7731,1,1761094800000
2025-10-22 01:00:00+00:00,107933.7,108446.7,107933.7,108301.1,316300.4,3163.004,342200894.7731,1,1761094800000
2025-10-22 01:00:00+00:00,107933.7,108446.7,107933.7,108301.1,316300.4,3163.004,342200894.7731,1,1761094800000
2025-10-22 01:00:00+00:00,107933.7,108446.7,107933.7,108301.1,316300.4,3163.004,342200894.7731,1,1761094800000
2025-10-22 01:00:00+00:00,107933.7,108446.7,107933.7,108301.1,316300.4,3163.004,342200894.7731,1,1761094800000
2025-10-22 01:00:00+00:00,107933.7,108446.7,107933.7,108301.1,316300.4,3163.004,342200894.7731,1,1761094800000
2025-10-22 01:00:00+00:00,107933.7,108446.7,107933.7,108301.1,316300.4,3163.004,342200894.7731,1,1761094800000
2025-10-22 01:00:00+00:00,107933.7,108446.7,107933.7,108301.1,316300.4,3163.004,342200894.7731,1,1761094800000
2025-10-22 01:00:00+00:00,107933.7,108446.7,107933.7,108301.1,316300.4,3163.004,342200894.7731,1,1761094800000
2025-10-22 01:00:00+00:00,107933.7,108446.7,107933.7,108301.1,316300.4,3163.004,342200894.7731,1,1761094800000
2025-10-22 01:00:00+00:00,107933.7,108446.7,107933.7,108301.1,316300.4,3163.004,342200894.7731,1,1761094800000
2025-10-22 01:00:00+00:00,107933.7,108446.7,107933.7,108301.1,316300.4,3163.004,342200894.7731,1,1761094800000
2025-10-22 01:00:00+00:00,107933.7,108446.7,107933.7,108301.1,316300.4,3163.004,342200894.7731,1,1761094800000
2025-10-22 01:00:00+00:00,107933.7,108446.7,107933.7,108301.1,316300.4,3163.004,342200894.7731,1,1761094800000
2025-10-22 01:00:00+00:00,107933.7,108446.7,107933.7,108301.1,316300.4,3163.004,342200894.7731,1,1761094800000
2025-10-22 01:00:00+00:00,107933.7,108446.7,107933.7,108301.1,316300.4,3163.004,342200894.7731,1,1761094800000
2025-10-22 01:00:00+00:00,107933.7,108446.7,107933.7,108301.1,316300.4,3163.004,342200894.7731,1,1761094800000
2025-10-22 01:00:00+00:00,107933.7,108446.7,107933.7,108301.1,316300.4,3163.004,342200894.7731,1,1761094800000
2025-10-22 01:00:00+00:00,107933.7,108446.7,107933.7,108301.1,316300.4,3163.004,342200894.7731,1,1761094800000
2025-10-22 01:00:00+00:00,107933.7,108446.7,107933.7,108301.1,316300.4,3163.004,342200894.7731,1,1761094800000
2025-10-22 01:00:00+00:00,107933.7,108446.7,107933.7,108301.1,316300.4,3163.004,342200894.7731,1,1761094800000
2025-10-22 01:00:00+00:00,107933.7,108446.7,107933.7,108301.1,316300.4,3163.004,342200894.7731,1,1761094800000
2025-10-22 01:00:00+00:00,107933.7,108446.7,107933.7,108301.1,316300.4,3163.004,342200894.7731,1,1761094800000
2025-10-22 01:00:00+00:00,107933.7,108446.7,107933.7,108301.1,316300.4,3163.004,342200894.7731,1,1761094800000
2025-10-22 01:00:00+00:00,107933.7,108446.7,107933.7,108301.1,316300.4,3163.004,342200894.7731,1,1761094800000
2025-10-22 01:00:00+00:00,107933.7,108446.7,107933.7,108301.1,316300.4,3163.004,342200894.7731,1,1761094800000
2025-10-22 01:00:00+00:00,107933.7,108446.7,107933.7,108301.1,316300.4,3163.004,342200894.7731,1,1761094800000
2025-10-22 01:00:00+00:00,107933.7,108446.7,107933.7,108301.1,316300.4,3163.004,342200894.7731,1,1761094800000
2025-10-22 01:00:00+00:00,107933.7,108446.7,107933.7,108301.1,316300.4,3163.004,342200894.7731,1,1761094800000
2025-10-22 01:00:00+00:00,107933.7,108446.7,107933.7,108301.1,316300.4,3163.004,342200894.7731,1,1761094800000
2025-10-22 01:00:00+00:00,107933.7,108446.7,107933.7,108301.1,316300.4,3163.004,342200894.7731,1,1761094800000
2025-10-22 01:00:00+00:00,107933.7,108446.7,107933.7,108301.1,316300.4,3163.004,342200894.7731,1,1761094800000
2025-10-22 01:00:00+00:00,107933.7,108446.7,107933.7,108301.1,316300.4,3163.004,342200894.7731,1,1761094800000
2025-10-22 01:00:00+00:00,107933.7,108446.7,107933.7,108301.1,316300.4,3163.004,342200894.7731,1,1761094800000
2025-10-22 02:00:00+00:00,108301.1,108648.3,108150,108150,230392.02,2303.9202,249711112.02234,1,1761098400000
2025-10-22 02:00:00+00:00,108301.1,108648.3,108150,108150,230392.02,2303.9202,249711112.02234,1,1761098400000
2025-10-22 02:00:00+00:00,108301.1,108648.3,108150,108150,230392.02,2303.9202,249711112.02234,1,1761098400000
2025-10-22 02:00:00+00:00,108301.1,108648.3,108150,108150,230392.02,2303.9202,249711112.02234,1,1761098400000
2025-10-22 02:00:00+00:00,108301.1,108648.3,108150,108150,230392.02,2303.9202,249711112.02234,1,1761098400000
2025-10-22 02:00:00+00:00,108301.1,108648.3,108150,108150,230392.02,2303.9202,249711112.02234,1,1761098400000
2025-10-22 02:00:00+00:00,108301.1,108648.3,108150,108150,230392.02,2303.9202,249711112.02234,1,1761098400000
2025-10-22 02:00:00+00:00,108301.1,108648.3,108150,108150,230392.02,2303.9202,249711112.02234,1,1761098400000
2025-10-22 02:00:00+00:00,108301.1,108648.3,108150,108150,230392.02,2303.9202,249711112.02234,1,1761098400000
2025-10-22 02:00:00+00:00,108301.1,108648.3,108150,108150,230392.02,2303.9202,249711112.02234,1,1761098400000
2025-10-22 02:00:00+00:00,108301.1,108648.3,108150,108150,230392.02,2303.9202,249711112.02234,1,1761098400000
2025-10-22 02:00:00+00:00,108301.1,108648.3,108150,108150,230392.02,2303.9202,249711112.02234,1,1761098400000
2025-10-22 02:00:00+00:00,108301.1,108648.3,108150,108150,230392.02,2303.9202,249711112.02234,1,1761098400000
2025-10-22 02:00:00+00:00,108301.1,108648.3,108150,108150,230392.02,2303.9202,249711112.02234,1,1761098400000
2025-10-22 02:00:00+00:00,108301.1,108648.3,108150,108150,230392.02,2303.9202,249711112.02234,1,1761098400000
2025-10-22 02:00:00+00:00,108301.1,108648.3,108150,108150,230392.02,2303.9202,249711112.02234,1,1761098400000
2025-10-22 02:00:00+00:00,108301.1,108648.3,108150,108150,230392.02,2303.9202,249711112.02234,1,1761098400000
2025-10-22 02:00:00+00:00,108301.1,108648.3,108150,108150,230392.02,2303.9202,249711112.02234,1,1761098400000
2025-10-22 02:00:00+00:00,108301.1,108648.3,108150,108150,230392.02,2303.9202,249711112.02234,1,1761098400000
2025-10-22 02:00:00+00:00,108301.1,108648.3,108150,108150,230392.02,2303.9202,249711112.02234,1,1761098400000
2025-10-22 02:00:00+00:00,108301.1,108648.3,108150,108150,230392.02,2303.9202,249711112.02234,1,1761098400000
2025-10-22 02:00:00+00:00,108301.1,108648.3,108150,108150,230392.02,2303.9202,249711112.02234,1,1761098400000
2025-10-22 02:00:00+00:00,108301.1,108648.3,108150,108150,230392.02,2303.9202,249711112.02234,1,1761098400000
2025-10-22 02:00:00+00:00,108301.1,108648.3,108150,108150,230392.02,2303.9202,249711112.02234,1,1761098400000
2025-10-22 02:00:00+00:00,108301.1,108648.3,108150,108150,230392.02,2303.9202,249711112.02234,1,1761098400000
2025-10-22 02:00:00+00:00,108301.1,108648.3,108150,108150,230392.02,2303.9202,249711112.02234,1,1761098400000
2025-10-22 02:00:00+00:00,108301.1,108648.3,108150,108150,230392.02,2303.9202,249711112.02234,1,1761098400000
2025-10-22 02:00:00+00:00,108301.1,108648.3,108150,108150,230392.02,2303.9202,249711112.02234,1,1761098400000
2025-10-22 02:00:00+00:00,108301.1,108648.3,108150,108150,230392.02,2303.9202,249711112.02234,1,1761098400000
2025-10-22 02:00:00+00:00,108301.1,108648.3,108150,108150,230392.02,2303.9202,249711112.02234,1,1761098400000
2025-10-22 02:00:00+00:00,108301.1,108648.3,108150,108150,230392.02,2303.9202,249711112.02234,1,1761098400000
2025-10-22 02:00:00+00:00,108301.1,108648.3,108150,108150,230392.02,2303.9202,249711112.02234,1,1761098400000
2025-10-22 02:00:00+00:00,108301.1,108648.3,108150,108150,230392.02,2303.9202,249711112.02234,1,1761098400000
2025-10-22 02:00:00+00:00,108301.1,108648.3,108150,108150,230392.02,2303.9202,249711112.02234,1,1761098400000
2025-10-22 02:00:00+00:00,108301.1,108648.3,108150,108150,230392.02,2303.9202,249711112.02234,1,1761098400000
2025-10-22 02:00:00+00:00,108301.1,108648.3,108150,108150,230392.02,2303.9202,249711112.02234,1,1761098400000
2025-10-22 02:00:00+00:00,108301.1,108648.3,108150,108150,230392.02,2303.9202,249711112.02234,1,1761098400000
2025-10-22 02:00:00+00:00,108301.1,108648.3,108150,108150,230392.02,2303.9202,249711112.02234,1,1761098400000
2025-10-22 02:00:00+00:00,108301.1,108648.3,108150,108150,230392.02,2303.9202,249711112.02234,1,1761098400000
2025-10-22 03:00:00+00:00,108150,108204.6,107792.2,108154,278396.4,2783.964,300739392.18927,1,1761102000000
2025-10-22 03:00:00+00:00,108150,108204.6,107792.2,108154,278396.4,2783.964,300739392.18927,1,1761102000000
2025-10-22 03:00:00+00:00,108150,108204.6,107792.2,108154,278396.4,2783.964,300739392.18927,1,1761102000000
2025-10-22 03:00:00+00:00,108150,108204.6,107792.2,108154,278396.4,2783.964,300739392.18927,1,1761102000000
2025-10-22 03:00:00+00:00,108150,108204.6,107792.2,108154,278396.4,2783.964,300739392.18927,1,1761102000000
2025-10-22 03:00:00+00:00,108150,108204.6,107792.2,108154,278396.4,2783.964,300739392.18927,1,1761102000000
2025-10-22 03:00:00+00:00,108150,108204.6,107792.2,108154,278396.4,2783.964,300739392.18927,1,1761102000000
2025-10-22 03:00:00+00:00,108150,108204.6,107792.2,108154,278396.4,2783.964,300739392.18927,1,1761102000000
2025-10-22 03:00:00+00:00,108150,108204.6,107792.2,108154,278396.4,2783.964,300739392.18927,1,1761102000000
2025-10-22 03:00:00+00:00,108150,108204.6,107792.2,108154,278396.4,2783.964,300739392.18927,1,1761102000000
2025-10-22 03:00:00+00:00,108150,108204.6,107792.2,108154,278396.4,2783.964,300739392.18927,1,1761102000000
2025-10-22 03:00:00+00:00,108150,108204.6,107792.2,108154,278396.4,2783.964,300739392.18927,1,1761102000000
2025-10-22 03:00:00+00:00,108150,108204.6,107792.2,108154,278396.4,2783.964,300739392.18927,1,1761102000000
2025-10-22 03:00:00+00:00,108150,108204.6,107792.2,108154,278396.4,2783.964,300739392.18927,1,1761102000000
2025-10-22 03:00:00+00:00,108150,108204.6,107792.2,108154,278396.4,2783.964,300739392.18927,1,1761102000000
2025-10-22 03:00:00+00:00,108150,108204.6,107792.2,108154,278396.4,2783.964,300739392.18927,1,1761102000000
2025-10-22 03:00:00+00:00,108150,108204.6,107792.2,108154,278396.4,2783.964,300739392.18927,1,1761102000000
2025-10-22 03:00:00+00:00,108150,108204.6,107792.2,108154,278396.4,2783.964,300739392.18927,1,1761102000000
2025-10-22 03:00:00+00:00,108150,108204.6,107792.2,108154,278396.4,2783.964,300739392.18927,1,1761102000000
2025-10-22 03:00:00+00:00,108150,108204.6,107792.2,108154,278396.4,2783.964,300739392.18927,1,1761102000000
2025-10-22 03:00:00+00:00,108150,108204.6,107792.2,108154,278396.4,2783.964,300739392.18927,1,1761102000000
2025-10-22 03:00:00+00:00,108150,108204.6,107792.2,108154,278396.4,2783.964,300739392.18927,1,1761102000000
2025-10-22 03:00:00+00:00,108150,108204.6,107792.2,108154,278396.4,2783.964,300739392.18927,1,1761102000000
2025-10-22 03:00:00+00:00,108150,108204.6,107792.2,108154,278396.4,2783.964,300739392.18927,1,1761102000000
2025-10-22 03:00:00+00:00,108150,108204.6,107792.2,108154,278396.4,2783.964,300739392.18927,1,1761102000000
2025-10-22 03:00:00+00:00,108150,108204.6,107792.2,108154,278396.4,2783.964,300739392.18927,1,1761102000000
2025-10-22 03:00:00+00:00,108150,108204.6,107792.2,108154,278396.4,2783.964,300739392.18927,1,1761102000000
2025-10-22 03:00:00+00:00,108150,108204.6,107792.2,108154,278396.4,2783.964,300739392.18927,1,1761102000000
2025-10-22 03:00:00+00:00,108150,108204.6,107792.2,108154,278396.4,2783.964,300739392.18927,1,1761102000000
2025-10-22 03:00:00+00:00,108150,108204.6,107792.2,108154,278396.4,2783.964,300739392.18927,1,1761102000000
2025-10-22 03:00:00+00:00,108150,108204.6,107792.2,108154,278396.4,2783.964,300739392.18927,1,1761102000000
2025-10-22 03:00:00+00:00,108150,108204.6,107792.2,108154,278396.4,2783.964,300739392.18927,1,1761102000000
2025-10-22 03:00:00+00:00,108150,108204.6,107792.2,108154,278396.4,2783.964,300739392.18927,1,1761102000000
2025-10-22 03:00:00+00:00,108150,108204.6,107792.2,108154,278396.4,2783.964,300739392.18927,1,1761102000000
2025-10-22 03:00:00+00:00,108150,108204.6,107792.2,108154,278396.4,2783.964,300739392.18927,1,1761102000000
2025-10-22 03:00:00+00:00,108150,108204.6,107792.2,108154,278396.4,2783.964,300739392.18927,1,1761102000000
2025-10-22 03:00:00+00:00,108150,108204.6,107792.2,108154,278396.4,2783.964,300739392.18927,1,1761102000000
2025-10-22 03:00:00+00:00,108150,108204.6,107792.2,108154,278396.4,2783.964,300739392.18927,1,1761102000000
2025-10-22 03:00:00+00:00,108150,108204.6,107792.2,108154,278396.4,2783.964,300739392.18927,1,1761102000000
2025-10-22 03:00:00+00:00,108150,108204.6,107792.2,108154,278396.4,2783.964,300739392.18927,1,1761102000000
2025-10-22 04:00:00+00:00,108153.9,108566.3,108091.9,108551.2,241800.96,2418.0096,262049327.39097,1,1761105600000
2025-10-22 04:00:00+00:00,108153.9,108566.3,108091.9,108551.2,241800.96,2418.0096,262049327.39097,1,1761105600000
2025-10-22 04:00:00+00:00,108153.9,108566.3,108091.9,108551.2,241800.96,2418.0096,262049327.39097,1,1761105600000
2025-10-22 04:00:00+00:00,108153.9,108566.3,108091.9,108551.2,241800.96,2418.0096,262049327.39097,1,1761105600000
2025-10-22 04:00:00+00:00,108153.9,108566.3,108091.9,108551.2,241800.96,2418.0096,262049327.39097,1,1761105600000
2025-10-22 04:00:00+00:00,108153.9,108566.3,108091.9,108551.2,241800.96,2418.0096,262049327.39097,1,1761105600000
2025-10-22 04:00:00+00:00,108153.9,108566.3,108091.9,108551.2,241800.96,2418.0096,262049327.39097,1,1761105600000
2025-10-22 04:00:00+00:00,108153.9,108566.3,108091.9,108551.2,241800.96,2418.0096,262049327.39097,1,1761105600000
2025-10-22 04:00:00+00:00,108153.9,108566.3,108091.9,108551.2,241800.96,2418.0096,262049327.39097,1,1761105600000
2025-10-22 04:00:00+00:00,108153.9,108566.3,108091.9,108551.2,241800.96,2418.0096,262049327.39097,1,1761105600000
2025-10-22 04:00:00+00:00,108153.9,108566.3,108091.9,108551.2,241800.96,2418.0096,262049327.39097,1,1761105600000
2025-10-22 04:00:00+00:00,108153.9,108566.3,108091.9,108551.2,241800.96,2418.0096,262049327.39097,1,1761105600000
2025-10-22 04:00:00+00:00,108153.9,108566.3,108091.9,108551.2,241800.96,2418.0096,262049327.39097,1,1761105600000
2025-10-22 04:00:00+00:00,108153.9,108566.3,108091.9,108551.2,241800.96,2418.0096,262049327.39097,1,1761105600000
2025-10-22 04:00:00+00:00,108153.9,108566.3,108091.9,108551.2,241800.96,2418.0096,262049327.39097,1,1761105600000
2025-10-22 04:00:00+00:00,108153.9,108566.3,108091.9,108551.2,241800.96,2418.0096,262049327.39097,1,1761105600000
2025-10-22 04:00:00+00:00,108153.9,108566.3,108091.9,108551.2,241800.96,2418.0096,262049327.39097,1,1761105600000
2025-10-22 04:00:00+00:00,108153.9,108566.3,108091.9,108551.2,241800.96,2418.0096,262049327.39097,1,1761105600000
2025-10-22 04:00:00+00:00,108153.9,108566.3,108091.9,108551.2,241800.96,2418.0096,262049327.39097,1,1761105600000
2025-10-22 04:00:00+00:00,108153.9,108566.3,108091.9,108551.2,241800.96,2418.0096,262049327.39097,1,1761105600000
2025-10-22 04:00:00+00:00,108153.9,108566.3,108091.9,108551.2,241800.96,2418.0096,262049327.39097,1,1761105600000
2025-10-22 04:00:00+00:00,108153.9,108566.3,108091.9,108551.2,241800.96,2418.0096,262049327.39097,1,1761105600000
2025-10-22 04:00:00+00:00,108153.9,108566.3,108091.9,108551.2,241800.96,2418.0096,262049327.39097,1,1761105600000
2025-10-22 04:00:00+00:00,108153.9,108566.3,108091.9,108551.2,241800.96,2418.0096,262049327.39097,1,1761105600000
2025-10-22 04:00:00+00:00,108153.9,108566.3,108091.9,108551.2,241800.96,2418.0096,262049327.39097,1,1761105600000
2025-10-22 04:00:00+00:00,108153.9,108566.3,108091.9,108551.2,241800.96,2418.0096,262049327.39097,1,1761105600000
2025-10-22 04:00:00+00:00,108153.9,108566.3,108091.9,108551.2,241800.96,2418.0096,262049327.39097,1,1761105600000
2025-10-22 04:00:00+00:00,108153.9,108566.3,108091.9,108551.2,241800.96,2418.0096,262049327.39097,1,1761105600000
2025-10-22 04:00:00+00:00,108153.9,108566.3,108091.9,108551.2,241800.96,2418.0096,262049327.39097,1,1761105600000
2025-10-22 04:00:00+00:00,108153.9,108566.3,108091.9,108551.2,241800.96,2418.0096,262049327.39097,1,1761105600000
2025-10-22 04:00:00+00:00,108153.9,108566.3,108091.9,108551.2,241800.96,2418.0096,262049327.39097,1,1761105600000
2025-10-22 04:00:00+00:00,108153.9,108566.3,108091.9,108551.2,241800.96,2418.0096,262049327.39097,1,1761105600000
2025-10-22 04:00:00+00:00,108153.9,108566.3,108091.9,108551.2,241800.96,2418.0096,262049327.39097,1,1761105600000
2025-10-22 04:00:00+00:00,108153.9,108566.3,108091.9,108551.2,241800.96,2418.0096,262049327.39097,1,1761105600000
2025-10-22 04:00:00+00:00,108153.9,108566.3,108091.9,108551.2,241800.96,2418.0096,262049327.39097,1,1761105600000
2025-10-22 04:00:00+00:00,108153.9,108566.3,108091.9,108551.2,241800.96,2418.0096,262049327.39097,1,1761105600000
2025-10-22 04:00:00+00:00,108153.9,108566.3,108091.9,108551.2,241800.96,2418.0096,262049327.39097,1,1761105600000
2025-10-22 04:00:00+00:00,108153.9,108566.3,108091.9,108551.2,241800.96,2418.0096,262049327.39097,1,1761105600000
2025-10-22 04:00:00+00:00,108153.9,108566.3,108091.9,108551.2,241800.96,2418.0096,262049327.39097,1,1761105600000
2025-10-22 04:00:00+00:00,108153.9,108566.3,108091.9,108551.2,241800.96,2418.0096,262049327.39097,1,1761105600000
2025-10-22 04:00:00+00:00,108153.9,108566.3,108091.9,108551.2,241800.96,2418.0096,262049327.39097,1,1761105600000
2025-10-22 05:00:00+00:00,108551.1,108576.8,107830.2,108114.5,277470.83,2774.7083,299961466.36465,1,1761109200000
2025-10-22 05:00:00+00:00,108551.1,108576.8,107830.2,108114.5,277470.83,2774.7083,299961466.36465,1,1761109200000
2025-10-22 05:00:00+00:00,108551.1,108576.8,107830.2,108114.5,277470.83,2774.7083,299961466.36465,1,1761109200000
2025-10-22 05:00:00+00:00,108551.1,108576.8,107830.2,108114.5,277470.83,2774.7083,299961466.36465,1,1761109200000
2025-10-22 05:00:00+00:00,108551.1,108576.8,107830.2,108114.5,277470.83,2774.7083,299961466.36465,1,1761109200000
2025-10-22 05:00:00+00:00,108551.1,108576.8,107830.2,108114.5,277470.83,2774.7083,299961466.36465,1,1761109200000
2025-10-22 05:00:00+00:00,108551.1,108576.8,107830.2,108114.5,277470.83,2774.7083,299961466.36465,1,1761109200000
2025-10-22 05:00:00+00:00,108551.1,108576.8,107830.2,108114.5,277470.83,2774.7083,299961466.36465,1,1761109200000
2025-10-22 05:00:00+00:00,108551.1,108576.8,107830.2,108114.5,277470.83,2774.7083,299961466.36465,1,1761109200000
2025-10-22 05:00:00+00:00,108551.1,108576.8,107830.2,108114.5,277470.83,2774.7083,299961466.36465,1,1761109200000
2025-10-22 05:00:00+00:00,108551.1,108576.8,107830.2,108114.5,277470.83,2774.7083,299961466.36465,1,1761109200000
2025-10-22 05:00:00+00:00,108551.1,108576.8,107830.2,108114.5,277470.83,2774.7083,299961466.36465,1,1761109200000
2025-10-22 05:00:00+00:00,108551.1,108576.8,107830.2,108114.5,277470.83,2774.7083,299961466.36465,1,1761109200000
2025-10-22 05:00:00+00:00,108551.1,108576.8,107830.2,108114.5,277470.83,2774.7083,299961466.36465,1,1761109200000
2025-10-22 05:00:00+00:00,108551.1,108576.8,107830.2,108114.5,277470.83,2774.7083,299961466.36465,1,1761109200000
2025-10-22 05:00:00+00:00,108551.1,108576.8,107830.2,108114.5,277470.83,2774.7083,299961466.36465,1,1761109200000
2025-10-22 05:00:00+00:00,108551.1,108576.8,107830.2,108114.5,277470.83,2774.7083,299961466.36465,1,1761109200000
2025-10-22 05:00:00+00:00,108551.1,108576.8,107830.2,108114.5,277470.83,2774.7083,299961466.36465,1,1761109200000
2025-10-22 05:00:00+00:00,108551.1,108576.8,107830.2,108114.5,277470.83,2774.7083,299961466.36465,1,1761109200000
2025-10-22 05:00:00+00:00,108551.1,108576.8,107830.2,108114.5,277470.83,2774.7083,299961466.36465,1,1761109200000
2025-10-22 05:00:00+00:00,108551.1,108576.8,107830.2,108114.5,277470.83,2774.7083,299961466.36465,1,1761109200000
2025-10-22 05:00:00+00:00,108551.1,108576.8,107830.2,108114.5,277470.83,2774.7083,299961466.36465,1,1761109200000
2025-10-22 05:00:00+00:00,108551.1,108576.8,107830.2,108114.5,277470.83,2774.7083,299961466.36465,1,1761109200000
2025-10-22 05:00:00+00:00,108551.1,108576.8,107830.2,108114.5,277470.83,2774.7083,299961466.36465,1,1761109200000
2025-10-22 05:00:00+00:00,108551.1,108576.8,107830.2,108114.5,277470.83,2774.7083,299961466.36465,1,1761109200000
2025-10-22 05:00:00+00:00,108551.1,108576.8,107830.2,108114.5,277470.83,2774.7083,299961466.36465,1,1761109200000
2025-10-22 05:00:00+00:00,108551.1,108576.8,107830.2,108114.5,277470.83,2774.7083,299961466.36465,1,1761109200000
2025-10-22 05:00:00+00:00,108551.1,108576.8,107830.2,108114.5,277470.83,2774.7083,299961466.36465,1,1761109200000
2025-10-22 05:00:00+00:00,108551.1,108576.8,107830.2,108114.5,277470.83,2774.7083,299961466.36465,1,1761109200000
2025-10-22 05:00:00+00:00,108551.1,108576.8,107830.2,108114.5,277470.83,2774.7083,299961466.36465,1,1761109200000
2025-10-22 05:00:00+00:00,108551.1,108576.8,107830.2,108114.5,277470.83,2774.7083,299961466.36465,1,1761109200000
2025-10-22 05:00:00+00:00,108551.1,108576.8,107830.2,108114.5,277470.83,2774.7083,299961466.36465,1,1761109200000
2025-10-22 05:00:00+00:00,108551.1,108576.8,107830.2,108114.5,277470.83,2774.7083,299961466.36465,1,1761109200000
2025-10-22 05:00:00+00:00,108551.1,108576.8,107830.2,108114.5,277470.83,2774.7083,299961466.36465,1,1761109200000
2025-10-22 05:00:00+00:00,108551.1,108576.8,107830.2,108114.5,277470.83,2774.7083,299961466.36465,1,1761109200000
2025-10-22 05:00:00+00:00,108551.1,108576.8,107830.2,108114.5,277470.83,2774.7083,299961466.36465,1,1761109200000
2025-10-22 05:00:00+00:00,108551.1,108576.8,107830.2,108114.5,277470.83,2774.7083,299961466.36465,1,1761109200000
2025-10-22 05:00:00+00:00,108551.1,108576.8,107830.2,108114.5,277470.83,2774.7083,299961466.36465,1,1761109200000
2025-10-22 05:00:00+00:00,108551.1,108576.8,107830.2,108114.5,277470.83,2774.7083,299961466.36465,1,1761109200000
2025-10-22 05:00:00+00:00,108551.1,108576.8,107830.2,108114.5,277470.83,2774.7083,299961466.36465,1,1761109200000
2025-10-22 05:00:00+00:00,108551.1,108576.8,107830.2,108114.5,277470.83,2774.7083,299961466.36465,1,1761109200000
2025-10-22 05:00:00+00:00,108551.1,108576.8,107830.2,108114.5,277470.83,2774.7083,299961466.36465,1,1761109200000
2025-10-22 06:00:00+00:00,108114.5,108292.8,107885.6,107930,198781.14,1987.8114,214799542.87253,1,1761112800000
2025-10-22 06:00:00+00:00,108114.5,108292.8,107885.6,107930,198781.14,1987.8114,214799542.87253,1,1761112800000
2025-10-22 06:00:00+00:00,108114.5,108292.8,107885.6,107930,198781.14,1987.8114,214799542.87253,1,1761112800000
2025-10-22 06:00:00+00:00,108114.5,108292.8,107885.6,107930,198781.14,1987.8114,214799542.87253,1,1761112800000
2025-10-22 06:00:00+00:00,108114.5,108292.8,107885.6,107930,198781.14,1987.8114,214799542.87253,1,1761112800000
2025-10-22 06:00:00+00:00,108114.5,108292.8,107885.6,107930,198781.14,1987.8114,214799542.87253,1,1761112800000
2025-10-22 06:00:00+00:00,108114.5,108292.8,107885.6,107930,198781.14,1987.8114,214799542.87253,1,1761112800000
2025-10-22 06:00:00+00:00,108114.5,108292.8,107885.6,107930,198781.14,1987.8114,214799542.87253,1,1761112800000
2025-10-22 06:00:00+00:00,108114.5,108292.8,107885.6,107930,198781.14,1987.8114,214799542.87253,1,1761112800000
2025-10-22 06:00:00+00:00,108114.5,108292.8,107885.6,107930,198781.14,1987.8114,214799542.87253,1,1761112800000
2025-10-22 06:00:00+00:00,108114.5,108292.8,107885.6,107930,198781.14,1987.8114,214799542.87253,1,1761112800000
2025-10-22 06:00:00+00:00,108114.5,108292.8,107885.6,107930,198781.14,1987.8114,214799542.87253,1,1761112800000
2025-10-22 06:00:00+00:00,108114.5,108292.8,107885.6,107930,198781.14,1987.8114,214799542.87253,1,1761112800000
2025-10-22 06:00:00+00:00,108114.5,108292.8,107885.6,107930,198781.14,1987.8114,214799542.87253,1,1761112800000
2025-10-22 06:00:00+00:00,108114.5,108292.8,107885.6,107930,198781.14,1987.8114,214799542.87253,1,1761112800000
2025-10-22 06:00:00+00:00,108114.5,108292.8,107885.6,107930,198781.14,1987.8114,214799542.87253,1,1761112800000
2025-10-22 06:00:00+00:00,108114.5,108292.8,107885.6,107930,198781.14,1987.8114,214799542.87253,1,1761112800000
2025-10-22 06:00:00+00:00,108114.5,108292.8,107885.6,107930,198781.14,1987.8114,214799542.87253,1,1761112800000
2025-10-22 06:00:00+00:00,108114.5,108292.8,107885.6,107930,198781.14,1987.8114,214799542.87253,1,1761112800000
2025-10-22 06:00:00+00:00,108114.5,108292.8,107885.6,107930,198781.14,1987.8114,214799542.87253,1,1761112800000
2025-10-22 06:00:00+00:00,108114.5,108292.8,107885.6,107930,198781.14,1987.8114,214799542.87253,1,1761112800000
2025-10-22 06:00:00+00:00,108114.5,108292.8,107885.6,107930,198781.14,1987.8114,214799542.87253,1,1761112800000
2025-10-22 06:00:00+00:00,108114.5,108292.8,107885.6,107930,198781.14,1987.8114,214799542.87253,1,1761112800000
2025-10-22 06:00:00+00:00,108114.5,108292.8,107885.6,107930,198781.14,1987.8114,214799542.87253,1,1761112800000
2025-10-22 06:00:00+00:00,108114.5,108292.8,107885.6,107930,198781.14,1987.8114,214799542.87253,1,1761112800000
2025-10-22 06:00:00+00:00,108114.5,108292.8,107885.6,107930,198781.14,1987.8114,214799542.87253,1,1761112800000
2025-10-22 06:00:00+00:00,108114.5,108292.8,107885.6,107930,198781.14,1987.8114,214799542.87253,1,1761112800000
2025-10-22 06:00:00+00:00,108114.5,108292.8,107885.6,107930,198781.14,1987.8114,214799542.87253,1,1761112800000
2025-10-22 06:00:00+00:00,108114.5,108292.8,107885.6,107930,198781.14,1987.8114,214799542.87253,1,1761112800000
2025-10-22 06:00:00+00:00,108114.5,108292.8,107885.6,107930,198781.14,1987.8114,214799542.87253,1,1761112800000
2025-10-22 06:00:00+00:00,108114.5,108292.8,107885.6,107930,198781.14,1987.8114,214799542.87253,1,1761112800000
2025-10-22 06:00:00+00:00,108114.5,108292.8,107885.6,107930,198781.14,1987.8114,214799542.87253,1,1761112800000
2025-10-22 06:00:00+00:00,108114.5,108292.8,107885.6,107930,198781.14,1987.8114,214799542.87253,1,1761112800000
2025-10-22 06:00:00+00:00,108114.5,108292.8,107885.6,107930,198781.14,1987.8114,214799542.87253,1,1761112800000
2025-10-22 06:00:00+00:00,108114.5,108292.8,107885.6,107930,198781.14,1987.8114,214799542.87253,1,1761112800000
2025-10-22 06:00:00+00:00,108114.5,108292.8,107885.6,107930,198781.14,1987.8114,214799542.87253,1,1761112800000
2025-10-22 06:00:00+00:00,108114.5,108292.8,107885.6,107930,198781.14,1987.8114,214799542.87253,1,1761112800000
2025-10-22 06:00:00+00:00,108114.5,108292.8,107885.6,107930,198781.14,1987.8114,214799542.87253,1,1761112800000
2025-10-22 06:00:00+00:00,108114.5,108292.8,107885.6,107930,198781.14,1987.8114,214799542.87253,1,1761112800000
2025-10-22 06:00:00+00:00,108114.5,108292.8,107885.6,107930,198781.14,1987.8114,214799542.87253,1,1761112800000
2025-10-22 06:00:00+00:00,108114.5,108292.8,107885.6,107930,198781.14,1987.8114,214799542.87253,1,1761112800000
2025-10-22 06:00:00+00:00,108114.5,108292.8,107885.6,107930,198781.14,1987.8114,214799542.87253,1,1761112800000
2025-10-22 06:00:00+00:00,108114.5,108292.8,107885.6,107930,198781.14,1987.8114,214799542.87253,1,1761112800000
2025-10-22 07:00:00+00:00,107930,108277.9,107551.3,108277.8,350105.98,3501.0598,377681891.03424,1,1761116400000
2025-10-22 07:00:00+00:00,107930,108277.9,107551.3,108277.8,350105.98,3501.0598,377681891.03424,1,1761116400000
2025-10-22 07:00:00+00:00,107930,108277.9,107551.3,108277.8,350105.98,3501.0598,377681891.03424,1,1761116400000
2025-10-22 07:00:00+00:00,107930,108277.9,107551.3,108277.8,350105.98,3501.0598,377681891.03424,1,1761116400000
2025-10-22 07:00:00+00:00,107930,108277.9,107551.3,108277.8,350105.98,3501.0598,377681891.03424,1,1761116400000
2025-10-22 07:00:00+00:00,107930,108277.9,107551.3,108277.8,350105.98,3501.0598,377681891.03424,1,1761116400000
2025-10-22 07:00:00+00:00,107930,108277.9,107551.3,108277.8,350105.98,3501.0598,377681891.03424,1,1761116400000
2025-10-22 07:00:00+00:00,107930,108277.9,107551.3,108277.8,350105.98,3501.0598,377681891.03424,1,1761116400000
2025-10-22 07:00:00+00:00,107930,108277.9,107551.3,108277.8,350105.98,3501.0598,377681891.03424,1,1761116400000
2025-10-22 07:00:00+00:00,107930,108277.9,107551.3,108277.8,350105.98,3501.0598,377681891.03424,1,1761116400000
2025-10-22 07:00:00+00:00,107930,108277.9,107551.3,108277.8,350105.98,3501.0598,377681891.03424,1,1761116400000
2025-10-22 07:00:00+00:00,107930,108277.9,107551.3,108277.8,350105.98,3501.0598,377681891.03424,1,1761116400000
2025-10-22 07:00:00+00:00,107930,108277.9,107551.3,108277.8,350105.98,3501.0598,377681891.03424,1,1761116400000
2025-10-22 07:00:00+00:00,107930,108277.9,107551.3,108277.8,350105.98,3501.0598,377681891.03424,1,1761116400000
2025-10-22 07:00:00+00:00,107930,108277.9,107551.3,108277.8,350105.98,3501.0598,377681891.03424,1,1761116400000
2025-10-22 07:00:00+00:00,107930,108277.9,107551.3,108277.8,350105.98,3501.0598,377681891.03424,1,1761116400000
2025-10-22 07:00:00+00:00,107930,108277.9,107551.3,108277.8,350105.98,3501.0598,377681891.03424,1,1761116400000
2025-10-22 07:00:00+00:00,107930,108277.9,107551.3,108277.8,350105.98,3501.0598,377681891.03424,1,1761116400000
2025-10-22 07:00:00+00:00,107930,108277.9,107551.3,108277.8,350105.98,3501.0598,377681891.03424,1,1761116400000
2025-10-22 07:00:00+00:00,107930,108277.9,107551.3,108277.8,350105.98,3501.0598,377681891.03424,1,1761116400000
2025-10-22 07:00:00+00:00,107930,108277.9,107551.3,108277.8,350105.98,3501.0598,377681891.03424,1,1761116400000
2025-10-22 07:00:00+00:00,107930,108277.9,107551.3,108277.8,350105.98,3501.0598,377681891.03424,1,1761116400000
2025-10-22 07:00:00+00:00,107930,108277.9,107551.3,108277.8,350105.98,3501.0598,377681891.03424,1,1761116400000
2025-10-22 07:00:00+00:00,107930,108277.9,107551.3,108277.8,350105.98,3501.0598,377681891.03424,1,1761116400000
2025-10-22 07:00:00+00:00,107930,108277.9,107551.3,108277.8,350105.98,3501.0598,377681891.03424,1,1761116400000
2025-10-22 07:00:00+00:00,107930,108277.9,107551.3,108277.8,350105.98,3501.0598,377681891.03424,1,1761116400000
2025-10-22 07:00:00+00:00,107930,108277.9,107551.3,108277.8,350105.98,3501.0598,377681891.03424,1,1761116400000
2025-10-22 07:00:00+00:00,107930,108277.9,107551.3,108277.8,350105.98,3501.0598,377681891.03424,1,1761116400000
2025-10-22 07:00:00+00:00,107930,108277.9,107551.3,108277.8,350105.98,3501.0598,377681891.03424,1,1761116400000
2025-10-22 07:00:00+00:00,107930,108277.9,107551.3,108277.8,350105.98,3501.0598,377681891.03424,1,1761116400000
2025-10-22 07:00:00+00:00,107930,108277.9,107551.3,108277.8,350105.98,3501.0598,377681891.03424,1,1761116400000
2025-10-22 07:00:00+00:00,107930,108277.9,107551.3,108277.8,350105.98,3501.0598,377681891.03424,1,1761116400000
2025-10-22 07:00:00+00:00,107930,108277.9,107551.3,108277.8,350105.98,3501.0598,377681891.03424,1,1761116400000
2025-10-22 07:00:00+00:00,107930,108277.9,107551.3,108277.8,350105.98,3501.0598,377681891.03424,1,1761116400000
2025-10-22 07:00:00+00:00,107930,108277.9,107551.3,108277.8,350105.98,3501.0598,377681891.03424,1,1761116400000
2025-10-22 07:00:00+00:00,107930,108277.9,107551.3,108277.8,350105.98,3501.0598,377681891.03424,1,1761116400000
2025-10-22 07:00:00+00:00,107930,108277.9,107551.3,108277.8,350105.98,3501.0598,377681891.03424,1,1761116400000
2025-10-22 07:00:00+00:00,107930,108277.9,107551.3,108277.8,350105.98,3501.0598,377681891.03424,1,1761116400000
2025-10-22 07:00:00+00:00,107930,108277.9,107551.3,108277.8,350105.98,3501.0598,377681891.03424,1,1761116400000
2025-10-22 07:00:00+00:00,107930,108277.9,107551.3,108277.8,350105.98,3501.0598,377681891.03424,1,1761116400000
2025-10-22 07:00:00+00:00,107930,108277.9,107551.3,108277.8,350105.98,3501.0598,377681891.03424,1,1761116400000
2025-10-22 07:00:00+00:00,107930,108277.9,107551.3,108277.8,350105.98,3501.0598,377681891.03424,1,1761116400000
2025-10-22 07:00:00+00:00,107930,108277.9,107551.3,108277.8,350105.98,3501.0598,377681891.03424,1,1761116400000
2025-10-22 07:00:00+00:00,107930,108277.9,107551.3,108277.8,350105.98,3501.0598,377681891.03424,1,1761116400000
2025-10-22 08:00:00+00:00,108277.8,108303.3,108029.9,108161,169159.24,1691.5924,182981450.86403,1,1761120000000
2025-10-22 08:00:00+00:00,108277.8,108303.3,108029.9,108161,169159.24,1691.5924,182981450.86403,1,1761120000000
2025-10-22 08:00:00+00:00,108277.8,108303.3,108029.9,108161,169159.24,1691.5924,182981450.86403,1,1761120000000
2025-10-22 08:00:00+00:00,108277.8,108303.3,108029.9,108161,169159.24,1691.5924,182981450.86403,1,1761120000000
2025-10-22 08:00:00+00:00,108277.8,108303.3,108029.9,108161,169159.24,1691.5924,182981450.86403,1,1761120000000
2025-10-22 08:00:00+00:00,108277.8,108303.3,108029.9,108161,169159.24,1691.5924,182981450.86403,1,1761120000000
2025-10-22 08:00:00+00:00,108277.8,108303.3,108029.9,108161,169159.24,1691.5924,182981450.86403,1,1761120000000
2025-10-22 08:00:00+00:00,108277.8,108303.3,108029.9,108161,169159.24,1691.5924,182981450.86403,1,1761120000000
2025-10-22 08:00:00+00:00,108277.8,108303.3,108029.9,108161,169159.24,1691.5924,182981450.86403,1,1761120000000
2025-10-22 08:00:00+00:00,108277.8,108303.3,108029.9,108161,169159.24,1691.5924,182981450.86403,1,1761120000000
2025-10-22 08:00:00+00:00,108277.8,108303.3,108029.9,108161,169159.24,1691.5924,182981450.86403,1,1761120000000
2025-10-22 08:00:00+00:00,108277.8,108303.3,108029.9,108161,169159.24,1691.5924,182981450.86403,1,1761120000000
2025-10-22 08:00:00+00:00,108277.8,108303.3,108029.9,108161,169159.24,1691.5924,182981450.86403,1,1761120000000
2025-10-22 08:00:00+00:00,108277.8,108303.3,108029.9,108161,169159.24,1691.5924,182981450.86403,1,1761120000000
2025-10-22 08:00:00+00:00,108277.8,108303.3,108029.9,108161,169159.24,1691.5924,182981450.86403,1,1761120000000
2025-10-22 08:00:00+00:00,108277.8,108303.3,108029.9,108161,169159.24,1691.5924,182981450.86403,1,1761120000000
2025-10-22 08:00:00+00:00,108277.8,108303.3,108029.9,108161,169159.24,1691.5924,182981450.86403,1,1761120000000
2025-10-22 08:00:00+00:00,108277.8,108303.3,108029.9,108161,169159.24,1691.5924,182981450.86403,1,1761120000000
2025-10-22 08:00:00+00:00,108277.8,108303.3,108029.9,108161,169159.24,1691.5924,182981450.86403,1,1761120000000
2025-10-22 08:00:00+00:00,108277.8,108303.3,108029.9,108161,169159.24,1691.5924,182981450.86403,1,1761120000000
2025-10-22 08:00:00+00:00,108277.8,108303.3,108029.9,108161,169159.24,1691.5924,182981450.86403,1,1761120000000
2025-10-22 08:00:00+00:00,108277.8,108303.3,108029.9,108161,169159.24,1691.5924,182981450.86403,1,1761120000000
2025-10-22 08:00:00+00:00,108277.8,108303.3,108029.9,108161,169159.24,1691.5924,182981450.86403,1,1761120000000
2025-10-22 08:00:00+00:00,108277.8,108303.3,108029.9,108161,169159.24,1691.5924,182981450.86403,1,1761120000000
2025-10-22 08:00:00+00:00,108277.8,108303.3,108029.9,108161,169159.24,1691.5924,182981450.86403,1,1761120000000
2025-10-22 08:00:00+00:00,108277.8,108303.3,108029.9,108161,169159.24,1691.5924,182981450.86403,1,1761120000000
2025-10-22 08:00:00+00:00,108277.8,108303.3,108029.9,108161,169159.24,1691.5924,182981450.86403,1,1761120000000
2025-10-22 08:00:00+00:00,108277.8,108303.3,108029.9,108161,169159.24,1691.5924,182981450.86403,1,1761120000000
2025-10-22 08:00:00+00:00,108277.8,108303.3,108029.9,108161,169159.24,1691.5924,182981450.86403,1,1761120000000
2025-10-22 08:00:00+00:00,108277.8,108303.3,108029.9,108161,169159.24,1691.5924,182981450.86403,1,1761120000000
2025-10-22 08:00:00+00:00,108277.8,108303.3,108029.9,108161,169159.24,1691.5924,182981450.86403,1,1761120000000
2025-10-22 08:00:00+00:00,108277.8,108303.3,108029.9,108161,169159.24,1691.5924,182981450.86403,1,1761120000000
2025-10-22 08:00:00+00:00,108277.8,108303.3,108029.9,108161,169159.24,1691.5924,182981450.86403,1,1761120000000
2025-10-22 08:00:00+00:00,108277.8,108303.3,108029.9,108161,169159.24,1691.5924,182981450.86403,1,1761120000000
2025-10-22 08:00:00+00:00,108277.8,108303.3,108029.9,108161,169159.24,1691.5924,182981450.86403,1,1761120000000
2025-10-22 08:00:00+00:00,108277.8,108303.3,108029.9,108161,169159.24,1691.5924,182981450.86403,1,1761120000000
2025-10-22 08:00:00+00:00,108277.8,108303.3,108029.9,108161,169159.24,1691.5924,182981450.86403,1,1761120000000
2025-10-22 08:00:00+00:00,108277.8,108303.3,108029.9,108161,169159.24,1691.5924,182981450.86403,1,1761120000000
2025-10-22 08:00:00+00:00,108277.8,108303.3,108029.9,108161,169159.24,1691.5924,182981450.86403,1,1761120000000
2025-10-22 08:00:00+00:00,108277.8,108303.3,108029.9,108161,169159.24,1691.5924,182981450.86403,1,1761120000000
2025-10-22 08:00:00+00:00,108277.8,108303.3,108029.9,108161,169159.24,1691.5924,182981450.86403,1,1761120000000
2025-10-22 08:00:00+00:00,108277.8,108303.3,108029.9,108161,169159.24,1691.5924,182981450.86403,1,1761120000000
2025-10-22 08:00:00+00:00,108277.8,108303.3,108029.9,108161,169159.24,1691.5924,182981450.86403,1,1761120000000
2025-10-22 08:00:00+00:00,108277.8,108303.3,108029.9,108161,169159.24,1691.5924,182981450.86403,1,1761120000000
2025-10-22 08:00:00+00:00,108277.8,108303.3,108029.9,108161,169159.24,1691.5924,182981450.86403,1,1761120000000
2025-10-22 09:00:00+00:00,108161,108228.1,107712.6,107900.5,214630.58,2146.3058,231720348.8978,1,1761123600000
2025-10-22 09:00:00+00:00,108161,108228.1,107712.6,107900.5,214630.58,2146.3058,231720348.8978,1,1761123600000
2025-10-22 09:00:00+00:00,108161,108228.1,107712.6,107900.5,214630.58,2146.3058,231720348.8978,1,1761123600000
2025-10-22 09:00:00+00:00,108161,108228.1,107712.6,107900.5,214630.58,2146.3058,231720348.8978,1,1761123600000
2025-10-22 09:00:00+00:00,108161,108228.1,107712.6,107900.5,214630.58,2146.3058,231720348.8978,1,1761123600000
2025-10-22 09:00:00+00:00,108161,108228.1,107712.6,107900.5,214630.58,2146.3058,231720348.8978,1,1761123600000
2025-10-22 09:00:00+00:00,108161,108228.1,107712.6,107900.5,214630.58,2146.3058,231720348.8978,1,1761123600000
2025-10-22 09:00:00+00:00,108161,108228.1,107712.6,107900.5,214630.58,2146.3058,231720348.8978,1,1761123600000
2025-10-22 09:00:00+00:00,108161,108228.1,107712.6,107900.5,214630.58,2146.3058,231720348.8978,1,1761123600000
2025-10-22 09:00:00+00:00,108161,108228.1,107712.6,107900.5,214630.58,2146.3058,231720348.8978,1,1761123600000
2025-10-22 09:00:00+00:00,108161,108228.1,107712.6,107900.5,214630.58,2146.3058,231720348.8978,1,1761123600000
2025-10-22 09:00:00+00:00,108161,108228.1,107712.6,107900.5,214630.58,2146.3058,231720348.8978,1,1761123600000
2025-10-22 09:00:00+00:00,108161,108228.1,107712.6,107900.5,214630.58,2146.3058,231720348.8978,1,1761123600000
2025-10-22 09:00:00+00:00,108161,108228.1,107712.6,107900.5,214630.58,2146.3058,231720348.8978,1,1761123600000
2025-10-22 09:00:00+00:00,108161,108228.1,107712.6,107900.5,214630.58,2146.3058,231720348.8978,1,1761123600000
2025-10-22 09:00:00+00:00,108161,108228.1,107712.6,107900.5,214630.58,2146.3058,231720348.8978,1,1761123600000
2025-10-22 09:00:00+00:00,108161,108228.1,107712.6,107900.5,214630.58,2146.3058,231720348.8978,1,1761123600000
2025-10-22 09:00:00+00:00,108161,108228.1,107712.6,107900.5,214630.58,2146.3058,231720348.8978,1,1761123600000
2025-10-22 09:00:00+00:00,108161,108228.1,107712.6,107900.5,214630.58,2146.3058,231720348.8978,1,1761123600000
2025-10-22 09:00:00+00:00,108161,108228.1,107712.6,107900.5,214630.58,2146.3058,231720348.8978,1,1761123600000
2025-10-22 09:00:00+00:00,108161,108228.1,107712.6,107900.5,214630.58,2146.3058,231720348.8978,1,1761123600000
2025-10-22 09:00:00+00:00,108161,108228.1,107712.6,107900.5,214630.58,2146.3058,231720348.8978,1,1761123600000
2025-10-22 09:00:00+00:00,108161,108228.1,107712.6,107900.5,214630.58,2146.3058,231720348.8978,1,1761123600000
2025-10-22 09:00:00+00:00,108161,108228.1,107712.6,107900.5,214630.58,2146.3058,231720348.8978,1,1761123600000
2025-10-22 09:00:00+00:00,108161,108228.1,107712.6,107900.5,214630.58,2146.3058,231720348.8978,1,1761123600000
2025-10-22 09:00:00+00:00,108161,108228.1,107712.6,107900.5,214630.58,2146.3058,231720348.8978,1,1761123600000
2025-10-22 09:00:00+00:00,108161,108228.1,107712.6,107900.5,214630.58,2146.3058,231720348.8978,1,1761123600000
2025-10-22 09:00:00+00:00,108161,108228.1,107712.6,107900.5,214630.58,2146.3058,231720348.8978,1,1761123600000
2025-10-22 09:00:00+00:00,108161,108228.1,107712.6,107900.5,214630.58,2146.3058,231720348.8978,1,1761123600000
2025-10-22 09:00:00+00:00,108161,108228.1,107712.6,107900.5,214630.58,2146.3058,231720348.8978,1,1761123600000
2025-10-22 09:00:00+00:00,108161,108228.1,107712.6,107900.5,214630.58,2146.3058,231720348.8978,1,1761123600000
2025-10-22 09:00:00+00:00,108161,108228.1,107712.6,107900.5,214630.58,2146.3058,231720348.8978,1,1761123600000
2025-10-22 09:00:00+00:00,108161,108228.1,107712.6,107900.5,214630.58,2146.3058,231720348.8978,1,1761123600000
2025-10-22 09:00:00+00:00,108161,108228.1,107712.6,107900.5,214630.58,2146.3058,231720348.8978,1,1761123600000
2025-10-22 09:00:00+00:00,108161,108228.1,107712.6,107900.5,214630.58,2146.3058,231720348.8978,1,1761123600000
2025-10-22 09:00:00+00:00,108161,108228.1,107712.6,107900.5,214630.58,2146.3058,231720348.8978,1,1761123600000
2025-10-22 09:00:00+00:00,108161,108228.1,107712.6,107900.5,214630.58,2146.3058,231720348.8978,1,1761123600000
2025-10-22 09:00:00+00:00,108161,108228.1,107712.6,107900.5,214630.58,2146.3058,231720348.8978,1,1761123600000
2025-10-22 09:00:00+00:00,108161,108228.1,107712.6,107900.5,214630.58,2146.3058,231720348.8978,1,1761123600000
2025-10-22 09:00:00+00:00,108161,108228.1,107712.6,107900.5,214630.58,2146.3058,231720348.8978,1,1761123600000
2025-10-22 09:00:00+00:00,108161,108228.1,107712.6,107900.5,214630.58,2146.3058,231720348.8978,1,1761123600000
2025-10-22 09:00:00+00:00,108161,108228.1,107712.6,107900.5,214630.58,2146.3058,231720348.8978,1,1761123600000
2025-10-22 09:00:00+00:00,108161,108228.1,107712.6,107900.5,214630.58,2146.3058,231720348.8978,1,1761123600000
2025-10-22 09:00:00+00:00,108161,108228.1,107712.6,107900.5,214630.58,2146.3058,231720348.8978,1,1761123600000
2025-10-22 09:00:00+00:00,108161,108228.1,107712.6,107900.5,214630.58,2146.3058,231720348.8978,1,1761123600000
2025-10-22 09:00:00+00:00,108161,108228.1,107712.6,107900.5,214630.58,2146.3058,231720348.8978,1,1761123600000
2025-10-22 10:00:00+00:00,107900.5,108061,107580.2,107603.9,164340.74,1643.4074,177184329.05132,1,1761127200000
2025-10-22 10:00:00+00:00,107900.5,108061,107580.2,107603.9,164340.74,1643.4074,177184329.05132,1,1761127200000
2025-10-22 10:00:00+00:00,107900.5,108061,107580.2,107603.9,164340.74,1643.4074,177184329.05132,1,1761127200000
2025-10-22 10:00:00+00:00,107900.5,108061,107580.2,107603.9,164340.74,1643.4074,177184329.05132,1,1761127200000
2025-10-22 10:00:00+00:00,107900.5,108061,107580.2,107603.9,164340.74,1643.4074,177184329.05132,1,1761127200000
2025-10-22 10:00:00+00:00,107900.5,108061,107580.2,107603.9,164340.74,1643.4074,177184329.05132,1,1761127200000
2025-10-22 10:00:00+00:00,107900.5,108061,107580.2,107603.9,164340.74,1643.4074,177184329.05132,1,1761127200000
2025-10-22 10:00:00+00:00,107900.5,108061,107580.2,107603.9,164340.74,1643.4074,177184329.05132,1,1761127200000
2025-10-22 10:00:00+00:00,107900.5,108061,107580.2,107603.9,164340.74,1643.4074,177184329.05132,1,1761127200000
2025-10-22 10:00:00+00:00,107900.5,108061,107580.2,107603.9,164340.74,1643.4074,177184329.05132,1,1761127200000
2025-10-22 10:00:00+00:00,107900.5,108061,107580.2,107603.9,164340.74,1643.4074,177184329.05132,1,1761127200000
2025-10-22 10:00:00+00:00,107900.5,108061,107580.2,107603.9,164340.74,1643.4074,177184329.05132,1,1761127200000
2025-10-22 10:00:00+00:00,107900.5,108061,107580.2,107603.9,164340.74,1643.4074,177184329.05132,1,1761127200000
2025-10-22 10:00:00+00:00,107900.5,108061,107580.2,107603.9,164340.74,1643.4074,177184329.05132,1,1761127200000
2025-10-22 10:00:00+00:00,107900.5,108061,107580.2,107603.9,164340.74,1643.4074,177184329.05132,1,1761127200000
2025-10-22 10:00:00+00:00,107900.5,108061,107580.2,107603.9,164340.74,1643.4074,177184329.05132,1,1761127200000
2025-10-22 10:00:00+00:00,107900.5,108061,107580.2,107603.9,164340.74,1643.4074,177184329.05132,1,1761127200000
2025-10-22 10:00:00+00:00,107900.5,108061,107580.2,107603.9,164340.74,1643.4074,177184329.05132,1,1761127200000
2025-10-22 10:00:00+00:00,107900.5,108061,107580.2,107603.9,164340.74,1643.4074,177184329.05132,1,1761127200000
2025-10-22 10:00:00+00:00,107900.5,108061,107580.2,107603.9,164340.74,1643.4074,177184329.05132,1,1761127200000
2025-10-22 10:00:00+00:00,107900.5,108061,107580.2,107603.9,164340.74,1643.4074,177184329.05132,1,1761127200000
2025-10-22 10:00:00+00:00,107900.5,108061,107580.2,107603.9,164340.74,1643.4074,177184329.05132,1,1761127200000
2025-10-22 10:00:00+00:00,107900.5,108061,107580.2,107603.9,164340.74,1643.4074,177184329.05132,1,1761127200000
2025-10-22 10:00:00+00:00,107900.5,108061,107580.2,107603.9,164340.74,1643.4074,177184329.05132,1,1761127200000
2025-10-22 10:00:00+00:00,107900.5,108061,107580.2,107603.9,164340.74,1643.4074,177184329.05132,1,1761127200000
2025-10-22 10:00:00+00:00,107900.5,108061,107580.2,107603.9,164340.74,1643.4074,177184329.05132,1,1761127200000
2025-10-22 10:00:00+00:00,107900.5,108061,107580.2,107603.9,164340.74,1643.4074,177184329.05132,1,1761127200000
2025-10-22 10:00:00+00:00,107900.5,108061,107580.2,107603.9,164340.74,1643.4074,177184329.05132,1,1761127200000
2025-10-22 10:00:00+00:00,107900.5,108061,107580.2,107603.9,164340.74,1643.4074,177184329.05132,1,1761127200000
2025-10-22 10:00:00+00:00,107900.5,108061,107580.2,107603.9,164340.74,1643.4074,177184329.05132,1,1761127200000
2025-10-22 10:00:00+00:00,107900.5,108061,107580.2,107603.9,164340.74,1643.4074,177184329.05132,1,1761127200000
2025-10-22 10:00:00+00:00,107900.5,108061,107580.2,107603.9,164340.74,1643.4074,177184329.05132,1,1761127200000
2025-10-22 10:00:00+00:00,107900.5,108061,107580.2,107603.9,164340.74,1643.4074,177184329.05132,1,1761127200000
2025-10-22 10:00:00+00:00,107900.5,108061,107580.2,107603.9,164340.74,1643.4074,177184329.05132,1,1761127200000
2025-10-22 10:00:00+00:00,107900.5,108061,107580.2,107603.9,164340.74,1643.4074,177184329.05132,1,1761127200000
2025-10-22 10:00:00+00:00,107900.5,108061,107580.2,107603.9,164340.74,1643.4074,177184329.05132,1,1761127200000
2025-10-22 10:00:00+00:00,107900.5,108061,107580.2,107603.9,164340.74,1643.4074,177184329.05132,1,1761127200000
2025-10-22 10:00:00+00:00,107900.5,108061,107580.2,107603.9,164340.74,1643.4074,177184329.05132,1,1761127200000
2025-10-22 10:00:00+00:00,107900.5,108061,107580.2,107603.9,164340.74,1643.4074,177184329.05132,1,1761127200000
2025-10-22 10:00:00+00:00,107900.5,108061,107580.2,107603.9,164340.74,1643.4074,177184329.05132,1,1761127200000
2025-10-22 10:00:00+00:00,107900.5,108061,107580.2,107603.9,164340.74,1643.4074,177184329.05132,1,1761127200000
2025-10-22 10:00:00+00:00,107900.5,108061,107580.2,107603.9,164340.74,1643.4074,177184329.05132,1,1761127200000
2025-10-22 10:00:00+00:00,107900.5,108061,107580.2,107603.9,164340.74,1643.4074,177184329.05132,1,1761127200000
2025-10-22 10:00:00+00:00,107900.5,108061,107580.2,107603.9,164340.74,1643.4074,177184329.05132,1,1761127200000
2025-10-22 10:00:00+00:00,107900.5,108061,107580.2,107603.9,164340.74,1643.4074,177184329.05132,1,1761127200000
2025-10-22 10:00:00+00:00,107900.5,108061,107580.2,107603.9,164340.74,1643.4074,177184329.05132,1,1761127200000
2025-10-22 10:00:00+00:00,107900.5,108061,107580.2,107603.9,164340.74,1643.4074,177184329.05132,1,1761127200000
2025-10-22 11:00:00+00:00,107604.9,108169.1,106600,107500.1,995655.29,9956.5529,1069617105.16734,1,1761130800000
2025-10-22 11:00:00+00:00,107604.9,108169.1,106600,107500.1,995655.29,9956.5529,1069617105.16734,1,1761130800000
2025-10-22 11:00:00+00:00,107604.9,108169.1,106600,107500.1,995655.29,9956.5529,1069617105.16734,1,1761130800000
2025-10-22 11:00:00+00:00,107604.9,108169.1,106600,107500.1,995655.29,9956.5529,1069617105.16734,1,1761130800000
2025-10-22 11:00:00+00:00,107604.9,108169.1,106600,107500.1,995655.29,9956.5529,1069617105.16734,1,1761130800000
2025-10-22 11:00:00+00:00,107604.9,108169.1,106600,107500.1,995655.29,9956.5529,1069617105.16734,1,1761130800000
2025-10-22 11:00:00+00:00,107604.9,108169.1,106600,107500.1,995655.29,9956.5529,1069617105.16734,1,1761130800000
2025-10-22 11:00:00+00:00,107604.9,108169.1,106600,107500.1,995655.29,9956.5529,1069617105.16734,1,1761130800000
2025-10-22 11:00:00+00:00,107604.9,108169.1,106600,107500.1,995655.29,9956.5529,1069617105.16734,1,1761130800000
2025-10-22 11:00:00+00:00,107604.9,108169.1,106600,107500.1,995655.29,9956.5529,1069617105.16734,1,1761130800000
2025-10-22 11:00:00+00:00,107604.9,108169.1,106600,107500.1,995655.29,9956.5529,1069617105.16734,1,1761130800000
2025-10-22 11:00:00+00:00,107604.9,108169.1,106600,107500.1,995655.29,9956.5529,1069617105.16734,1,1761130800000
2025-10-22 11:00:00+00:00,107604.9,108169.1,106600,107500.1,995655.29,9956.5529,1069617105.16734,1,1761130800000
2025-10-22 11:00:00+00:00,107604.9,108169.1,106600,107500.1,995655.29,9956.5529,1069617105.16734,1,1761130800000
2025-10-22 11:00:00+00:00,107604.9,108169.1,106600,107500.1,995655.29,9956.5529,1069617105.16734,1,1761130800000
2025-10-22 11:00:00+00:00,107604.9,108169.1,106600,107500.1,995655.29,9956.5529,1069617105.16734,1,1761130800000
2025-10-22 11:00:00+00:00,107604.9,108169.1,106600,107500.1,995655.29,9956.5529,1069617105.16734,1,1761130800000
2025-10-22 11:00:00+00:00,107604.9,108169.1,106600,107500.1,995655.29,9956.5529,1069617105.16734,1,1761130800000
2025-10-22 11:00:00+00:00,107604.9,108169.1,106600,107500.1,995655.29,9956.5529,1069617105.16734,1,1761130800000
2025-10-22 11:00:00+00:00,107604.9,108169.1,106600,107500.1,995655.29,9956.5529,1069617105.16734,1,1761130800000
2025-10-22 11:00:00+00:00,107604.9,108169.1,106600,107500.1,995655.29,9956.5529,1069617105.16734,1,1761130800000
2025-10-22 11:00:00+00:00,107604.9,108169.1,106600,107500.1,995655.29,9956.5529,1069617105.16734,1,1761130800000
2025-10-22 11:00:00+00:00,107604.9,108169.1,106600,107500.1,995655.29,9956.5529,1069617105.16734,1,1761130800000
2025-10-22 11:00:00+00:00,107604.9,108169.1,106600,107500.1,995655.29,9956.5529,1069617105.16734,1,1761130800000
2025-10-22 11:00:00+00:00,107604.9,108169.1,106600,107500.1,995655.29,9956.5529,1069617105.16734,1,1761130800000
2025-10-22 11:00:00+00:00,107604.9,108169.1,106600,107500.1,995655.29,9956.5529,1069617105.16734,1,1761130800000
2025-10-22 11:00:00+00:00,107604.9,108169.1,106600,107500.1,995655.29,9956.5529,1069617105.16734,1,1761130800000
2025-10-22 11:00:00+00:00,107604.9,108169.1,106600,107500.1,995655.29,9956.5529,1069617105.16734,1,1761130800000
2025-10-22 11:00:00+00:00,107604.9,108169.1,106600,107500.1,995655.29,9956.5529,1069617105.16734,1,1761130800000
2025-10-22 11:00:00+00:00,107604.9,108169.1,106600,107500.1,995655.29,9956.5529,1069617105.16734,1,1761130800000
2025-10-22 11:00:00+00:00,107604.9,108169.1,106600,107500.1,995655.29,9956.5529,1069617105.16734,1,1761130800000
2025-10-22 11:00:00+00:00,107604.9,108169.1,106600,107500.1,995655.29,9956.5529,1069617105.16734,1,1761130800000
2025-10-22 11:00:00+00:00,107604.9,108169.1,106600,107500.1,995655.29,9956.5529,1069617105.16734,1,1761130800000
2025-10-22 11:00:00+00:00,107604.9,108169.1,106600,107500.1,995655.29,9956.5529,1069617105.16734,1,1761130800000
2025-10-22 11:00:00+00:00,107604.9,108169.1,106600,107500.1,995655.29,9956.5529,1069617105.16734,1,1761130800000
2025-10-22 11:00:00+00:00,107604.9,108169.1,106600,107500.1,995655.29,9956.5529,1069617105.16734,1,1761130800000
2025-10-22 11:00:00+00:00,107604.9,108169.1,106600,107500.1,995655.29,9956.5529,1069617105.16734,1,1761130800000
2025-10-22 11:00:00+00:00,107604.9,108169.1,106600,107500.1,995655.29,9956.5529,1069617105.16734,1,1761130800000
2025-10-22 11:00:00+00:00,107604.9,108169.1,106600,107500.1,995655.29,9956.5529,1069617105.16734,1,1761130800000
2025-10-22 11:00:00+00:00,107604.9,108169.1,106600,107500.1,995655.29,9956.5529,1069617105.16734,1,1761130800000
2025-10-22 11:00:00+00:00,107604.9,108169.1,106600,107500.1,995655.29,9956.5529,1069617105.16734,1,1761130800000
2025-10-22 11:00:00+00:00,107604.9,108169.1,106600,107500.1,995655.29,9956.5529,1069617105.16734,1,1761130800000
2025-10-22 11:00:00+00:00,107604.9,108169.1,106600,107500.1,995655.29,9956.5529,1069617105.16734,1,1761130800000
2025-10-22 11:00:00+00:00,107604.9,108169.1,106600,107500.1,995655.29,9956.5529,1069617105.16734,1,1761130800000
2025-10-22 11:00:00+00:00,107604.9,108169.1,106600,107500.1,995655.29,9956.5529,1069617105.16734,1,1761130800000
2025-10-22 11:00:00+00:00,107604.9,108169.1,106600,107500.1,995655.29,9956.5529,1069617105.16734,1,1761130800000
2025-10-22 11:00:00+00:00,107604.9,108169.1,106600,107500.1,995655.29,9956.5529,1069617105.16734,1,1761130800000
2025-10-22 11:00:00+00:00,107604.9,108169.1,106600,107500.1,995655.29,9956.5529,1069617105.16734,1,1761130800000
2025-10-22 12:00:00+00:00,107500,108350,107387.5,107981.2,341544.13,3415.4413,368606327.19084,1,1761134400000
2025-10-22 12:00:00+00:00,107500,108350,107387.5,107981.2,341544.13,3415.4413,368606327.19084,1,1761134400000
2025-10-22 12:00:00+00:00,107500,108350,107387.5,107981.2,341544.13,3415.4413,368606327.19084,1,1761134400000
2025-10-22 12:00:00+00:00,107500,108350,107387.5,107981.2,341544.13,3415.4413,368606327.19084,1,1761134400000
2025-10-22 12:00:00+00:00,107500,108350,107387.5,107981.2,341544.13,3415.4413,368606327.19084,1,1761134400000
2025-10-22 12:00:00+00:00,107500,108350,107387.5,107981.2,341544.13,3415.4413,368606327.19084,1,1761134400000
2025-10-22 12:00:00+00:00,107500,108350,107387.5,107981.2,341544.13,3415.4413,368606327.19084,1,1761134400000
2025-10-22 12:00:00+00:00,107500,108350,107387.5,107981.2,341544.13,3415.4413,368606327.19084,1,1761134400000
2025-10-22 12:00:00+00:00,107500,108350,107387.5,107981.2,341544.13,3415.4413,368606327.19084,1,1761134400000
2025-10-22 12:00:00+00:00,107500,108350,107387.5,107981.2,341544.13,3415.4413,368606327.19084,1,1761134400000
2025-10-22 12:00:00+00:00,107500,108350,107387.5,107981.2,341544.13,3415.4413,368606327.19084,1,1761134400000
2025-10-22 12:00:00+00:00,107500,108350,107387.5,107981.2,341544.13,3415.4413,368606327.19084,1,1761134400000
2025-10-22 12:00:00+00:00,107500,108350,107387.5,107981.2,341544.13,3415.4413,368606327.19084,1,1761134400000
2025-10-22 12:00:00+00:00,107500,108350,107387.5,107981.2,341544.13,3415.4413,368606327.19084,1,1761134400000
2025-10-22 12:00:00+00:00,107500,108350,107387.5,107981.2,341544.13,3415.4413,368606327.19084,1,1761134400000
2025-10-22 12:00:00+00:00,107500,108350,107387.5,107981.2,341544.13,3415.4413,368606327.19084,1,1761134400000
2025-10-22 12:00:00+00:00,107500,108350,107387.5,107981.2,341544.13,3415.4413,368606327.19084,1,1761134400000
2025-10-22 12:00:00+00:00,107500,108350,107387.5,107981.2,341544.13,3415.4413,368606327.19084,1,1761134400000
2025-10-22 12:00:00+00:00,107500,108350,107387.5,107981.2,341544.13,3415.4413,368606327.19084,1,1761134400000
2025-10-22 12:00:00+00:00,107500,108350,107387.5,107981.2,341544.13,3415.4413,368606327.19084,1,1761134400000
2025-10-22 12:00:00+00:00,107500,108350,107387.5,107981.2,341544.13,3415.4413,368606327.19084,1,1761134400000
2025-10-22 12:00:00+00:00,107500,108350,107387.5,107981.2,341544.13,3415.4413,368606327.19084,1,1761134400000
2025-10-22 12:00:00+00:00,107500,108350,107387.5,107981.2,341544.13,3415.4413,368606327.19084,1,1761134400000
2025-10-22 12:00:00+00:00,107500,108350,107387.5,107981.2,341544.13,3415.4413,368606327.19084,1,1761134400000
2025-10-22 12:00:00+00:00,107500,108350,107387.5,107981.2,341544.13,3415.4413,368606327.19084,1,1761134400000
2025-10-22 12:00:00+00:00,107500,108350,107387.5,107981.2,341544.13,3415.4413,368606327.19084,1,1761134400000
2025-10-22 12:00:00+00:00,107500,108350,107387.5,107981.2,341544.13,3415.4413,368606327.19084,1,1761134400000
2025-10-22 12:00:00+00:00,107500,108350,107387.5,107981.2,341544.13,3415.4413,368606327.19084,1,1761134400000
2025-10-22 12:00:00+00:00,107500,108350,107387.5,107981.2,341544.13,3415.4413,368606327.19084,1,1761134400000
2025-10-22 12:00:00+00:00,107500,108350,107387.5,107981.2,341544.13,3415.4413,368606327.19084,1,1761134400000
2025-10-22 12:00:00+00:00,107500,108350,107387.5,107981.2,341544.13,3415.4413,368606327.19084,1,1761134400000
2025-10-22 12:00:00+00:00,107500,108350,107387.5,107981.2,341544.13,3415.4413,368606327.19084,1,1761134400000
2025-10-22 12:00:00+00:00,107500,108350,107387.5,107981.2,341544.13,3415.4413,368606327.19084,1,1761134400000
2025-10-22 12:00:00+00:00,107500,108350,107387.5,107981.2,341544.13,3415.4413,368606327.19084,1,1761134400000
2025-10-22 12:00:00+00:00,107500,108350,107387.5,107981.2,341544.13,3415.4413,368606327.19084,1,1761134400000
2025-10-22 12:00:00+00:00,107500,108350,107387.5,107981.2,341544.13,3415.4413,368606327.19084,1,1761134400000
2025-10-22 12:00:00+00:00,107500,108350,107387.5,107981.2,341544.13,3415.4413,368606327.19084,1,1761134400000
2025-10-22 12:00:00+00:00,107500,108350,107387.5,107981.2,341544.13,3415.4413,368606327.19084,1,1761134400000
2025-10-22 12:00:00+00:00,107500,108350,107387.5,107981.2,341544.13,3415.4413,368606327.19084,1,1761134400000
2025-10-22 12:00:00+00:00,107500,108350,107387.5,107981.2,341544.13,3415.4413,368606327.19084,1,1761134400000
2025-10-22 12:00:00+00:00,107500,108350,107387.5,107981.2,341544.13,3415.4413,368606327.19084,1,1761134400000
2025-10-22 12:00:00+00:00,107500,108350,107387.5,107981.2,341544.13,3415.4413,368606327.19084,1,1761134400000
2025-10-22 12:00:00+00:00,107500,108350,107387.5,107981.2,341544.13,3415.4413,368606327.19084,1,1761134400000
2025-10-22 12:00:00+00:00,107500,108350,107387.5,107981.2,341544.13,3415.4413,368606327.19084,1,1761134400000
2025-10-22 12:00:00+00:00,107500,108350,107387.5,107981.2,341544.13,3415.4413,368606327.19084,1,1761134400000
2025-10-22 12:00:00+00:00,107500,108350,107387.5,107981.2,341544.13,3415.4413,368606327.19084,1,1761134400000
2025-10-22 12:00:00+00:00,107500,108350,107387.5,107981.2,341544.13,3415.4413,368606327.19084,1,1761134400000
2025-10-22 12:00:00+00:00,107500,108350,107387.5,107981.2,341544.13,3415.4413,368606327.19084,1,1761134400000
2025-10-22 12:00:00+00:00,107500,108350,107387.5,107981.2,341544.13,3415.4413,368606327.19084,1,1761134400000
2025-10-22 13:00:00+00:00,107981.2,109000,107550.6,108721,740698.91,7406.9891,801661317.84387,1,1761138000000
2025-10-22 13:00:00+00:00,107981.2,109000,107550.6,108721,740698.91,7406.9891,801661317.84387,1,1761138000000
2025-10-22 13:00:00+00:00,107981.2,109000,107550.6,108721,740698.91,7406.9891,801661317.84387,1,1761138000000
2025-10-22 13:00:00+00:00,107981.2,109000,107550.6,108721,740698.91,7406.9891,801661317.84387,1,1761138000000
2025-10-22 13:00:00+00:00,107981.2,109000,107550.6,108721,740698.91,7406.9891,801661317.84387,1,1761138000000
2025-10-22 13:00:00+00:00,107981.2,109000,107550.6,108721,740698.91,7406.9891,801661317.84387,1,1761138000000
2025-10-22 13:00:00+00:00,107981.2,109000,107550.6,108721,740698.91,7406.9891,801661317.84387,1,1761138000000
2025-10-22 13:00:00+00:00,107981.2,109000,107550.6,108721,740698.91,7406.9891,801661317.84387,1,1761138000000
2025-10-22 13:00:00+00:00,107981.2,109000,107550.6,108721,740698.91,7406.9891,801661317.84387,1,1761138000000
2025-10-22 13:00:00+00:00,107981.2,109000,107550.6,108721,740698.91,7406.9891,801661317.84387,1,1761138000000
2025-10-22 13:00:00+00:00,107981.2,109000,107550.6,108721,740698.91,7406.9891,801661317.84387,1,1761138000000
2025-10-22 13:00:00+00:00,107981.2,109000,107550.6,108721,740698.91,7406.9891,801661317.84387,1,1761138000000
2025-10-22 13:00:00+00:00,107981.2,109000,107550.6,108721,740698.91,7406.9891,801661317.84387,1,1761138000000
2025-10-22 13:00:00+00:00,107981.2,109000,107550.6,108721,740698.91,7406.9891,801661317.84387,1,1761138000000
2025-10-22 13:00:00+00:00,107981.2,109000,107550.6,108721,740698.91,7406.9891,801661317.84387,1,1761138000000
2025-10-22 13:00:00+00:00,107981.2,109000,107550.6,108721,740698.91,7406.9891,801661317.84387,1,1761138000000
2025-10-22 13:00:00+00:00,107981.2,109000,107550.6,108721,740698.91,7406.9891,801661317.84387,1,1761138000000
2025-10-22 13:00:00+00:00,107981.2,109000,107550.6,108721,740698.91,7406.9891,801661317.84387,1,1761138000000
2025-10-22 13:00:00+00:00,107981.2,109000,107550.6,108721,740698.91,7406.9891,801661317.84387,1,1761138000000
2025-10-22 13:00:00+00:00,107981.2,109000,107550.6,108721,740698.91,7406.9891,801661317.84387,1,1761138000000
2025-10-22 13:00:00+00:00,107981.2,109000,107550.6,108721,740698.91,7406.9891,801661317.84387,1,1761138000000
2025-10-22 13:00:00+00:00,107981.2,109000,107550.6,108721,740698.91,7406.9891,801661317.84387,1,1761138000000
2025-10-22 13:00:00+00:00,107981.2,109000,107550.6,108721,740698.91,7406.9891,801661317.84387,1,1761138000000
2025-10-22 13:00:00+00:00,107981.2,109000,107550.6,108721,740698.91,7406.9891,801661317.84387,1,1761138000000
2025-10-22 13:00:00+00:00,107981.2,109000,107550.6,108721,740698.91,7406.9891,801661317.84387,1,1761138000000
2025-10-22 13:00:00+00:00,107981.2,109000,107550.6,108721,740698.91,7406.9891,801661317.84387,1,1761138000000
2025-10-22 13:00:00+00:00,107981.2,109000,107550.6,108721,740698.91,7406.9891,801661317.84387,1,1761138000000
2025-10-22 13:00:00+00:00,107981.2,109000,107550.6,108721,740698.91,7406.9891,801661317.84387,1,1761138000000
2025-10-22 13:00:00+00:00,107981.2,109000,107550.6,108721,740698.91,7406.9891,801661317.84387,1,1761138000000
2025-10-22 13:00:00+00:00,107981.2,109000,107550.6,108721,740698.91,7406.9891,801661317.84387,1,1761138000000
2025-10-22 13:00:00+00:00,107981.2,109000,107550.6,108721,740698.91,7406.9891,801661317.84387,1,1761138000000
2025-10-22 13:00:00+00:00,107981.2,109000,107550.6,108721,740698.91,7406.9891,801661317.84387,1,1761138000000
2025-10-22 13:00:00+00:00,107981.2,109000,107550.6,108721,740698.91,7406.9891,801661317.84387,1,1761138000000
2025-10-22 13:00:00+00:00,107981.2,109000,107550.6,108721,740698.91,7406.9891,801661317.84387,1,1761138000000
2025-10-22 13:00:00+00:00,107981.2,109000,107550.6,108721,740698.91,7406.9891,801661317.84387,1,1761138000000
2025-10-22 13:00:00+00:00,107981.2,109000,107550.6,108721,740698.91,7406.9891,801661317.84387,1,1761138000000
2025-10-22 13:00:00+00:00,107981.2,109000,107550.6,108721,740698.91,7406.9891,801661317.84387,1,1761138000000
2025-10-22 13:00:00+00:00,107981.2,109000,107550.6,108721,740698.91,7406.9891,801661317.84387,1,1761138000000
2025-10-22 13:00:00+00:00,107981.2,109000,107550.6,108721,740698.91,7406.9891,801661317.84387,1,1761138000000
2025-10-22 13:00:00+00:00,107981.2,109000,107550.6,108721,740698.91,7406.9891,801661317.84387,1,1761138000000
2025-10-22 13:00:00+00:00,107981.2,109000,107550.6,108721,740698.91,7406.9891,801661317.84387,1,1761138000000
2025-10-22 13:00:00+00:00,107981.2,109000,107550.6,108721,740698.91,7406.9891,801661317.84387,1,1761138000000
2025-10-22 13:00:00+00:00,107981.2,109000,107550.6,108721,740698.91,7406.9891,801661317.84387,1,1761138000000
2025-10-22 13:00:00+00:00,107981.2,109000,107550.6,108721,740698.91,7406.9891,801661317.84387,1,1761138000000
2025-10-22 13:00:00+00:00,107981.2,109000,107550.6,108721,740698.91,7406.9891,801661317.84387,1,1761138000000
2025-10-22 13:00:00+00:00,107981.2,109000,107550.6,108721,740698.91,7406.9891,801661317.84387,1,1761138000000
2025-10-22 13:00:00+00:00,107981.2,109000,107550.6,108721,740698.91,7406.9891,801661317.84387,1,1761138000000
2025-10-22 13:00:00+00:00,107981.2,109000,107550.6,108721,740698.91,7406.9891,801661317.84387,1,1761138000000
2025-10-22 13:00:00+00:00,107981.2,109000,107550.6,108721,740698.91,7406.9891,801661317.84387,1,1761138000000
2025-10-22 13:00:00+00:00,107981.2,109000,107550.6,108721,740698.91,7406.9891,801661317.84387,1,1761138000000
2025-10-22 14:00:00+00:00,108720.9,108971,107397.3,108900.3,1174263.6,11742.636,1269338703.7488,1,1761141600000
2025-10-22 14:00:00+00:00,108720.9,108971,107397.3,108900.3,1174263.6,11742.636,1269338703.7488,1,1761141600000
2025-10-22 14:00:00+00:00,108720.9,108971,107397.3,108900.3,1174263.6,11742.636,1269338703.7488,1,1761141600000
2025-10-22 14:00:00+00:00,108720.9,108971,107397.3,108900.3,1174263.6,11742.636,1269338703.7488,1,1761141600000
2025-10-22 14:00:00+00:00,108720.9,108971,107397.3,108900.3,1174263.6,11742.636,1269338703.7488,1,1761141600000
2025-10-22 14:00:00+00:00,108720.9,108971,107397.3,108900.3,1174263.6,11742.636,1269338703.7488,1,1761141600000
2025-10-22 14:00:00+00:00,108720.9,108971,107397.3,108900.3,1174263.6,11742.636,1269338703.7488,1,1761141600000
2025-10-22 14:00:00+00:00,108720.9,108971,107397.3,108900.3,1174263.6,11742.636,1269338703.7488,1,1761141600000
2025-10-22 14:00:00+00:00,108720.9,108971,107397.3,108900.3,1174263.6,11742.636,1269338703.7488,1,1761141600000
2025-10-22 14:00:00+00:00,108720.9,108971,107397.3,108900.3,1174263.6,11742.636,1269338703.7488,1,1761141600000
2025-10-22 14:00:00+00:00,108720.9,108971,107397.3,108900.3,1174263.6,11742.636,1269338703.7488,1,1761141600000
2025-10-22 14:00:00+00:00,108720.9,108971,107397.3,108900.3,1174263.6,11742.636,1269338703.7488,1,1761141600000
2025-10-22 14:00:00+00:00,108720.9,108971,107397.3,108900.3,1174263.6,11742.636,1269338703.7488,1,1761141600000
2025-10-22 14:00:00+00:00,108720.9,108971,107397.3,108900.3,1174263.6,11742.636,1269338703.7488,1,1761141600000
2025-10-22 14:00:00+00:00,108720.9,108971,107397.3,108900.3,1174263.6,11742.636,1269338703.7488,1,1761141600000
2025-10-22 14:00:00+00:00,108720.9,108971,107397.3,108900.3,1174263.6,11742.636,1269338703.7488,1,1761141600000
2025-10-22 14:00:00+00:00,108720.9,108971,107397.3,108900.3,1174263.6,11742.636,1269338703.7488,1,1761141600000
2025-10-22 14:00:00+00:00,108720.9,108971,107397.3,108900.3,1174263.6,11742.636,1269338703.7488,1,1761141600000
2025-10-22 14:00:00+00:00,108720.9,108971,107397.3,108900.3,1174263.6,11742.636,1269338703.7488,1,1761141600000
2025-10-22 14:00:00+00:00,108720.9,108971,107397.3,108900.3,1174263.6,11742.636,1269338703.7488,1,1761141600000
2025-10-22 14:00:00+00:00,108720.9,108971,107397.3,108900.3,1174263.6,11742.636,1269338703.7488,1,1761141600000
2025-10-22 14:00:00+00:00,108720.9,108971,107397.3,108900.3,1174263.6,11742.636,1269338703.7488,1,1761141600000
2025-10-22 14:00:00+00:00,108720.9,108971,107397.3,108900.3,1174263.6,11742.636,1269338703.7488,1,1761141600000
2025-10-22 14:00:00+00:00,108720.9,108971,107397.3,108900.3,1174263.6,11742.636,1269338703.7488,1,1761141600000
2025-10-22 14:00:00+00:00,108720.9,108971,107397.3,108900.3,1174263.6,11742.636,1269338703.7488,1,1761141600000
2025-10-22 14:00:00+00:00,108720.9,108971,107397.3,108900.3,1174263.6,11742.636,1269338703.7488,1,1761141600000
2025-10-22 14:00:00+00:00,108720.9,108971,107397.3,108900.3,1174263.6,11742.636,1269338703.7488,1,1761141600000
2025-10-22 14:00:00+00:00,108720.9,108971,107397.3,108900.3,1174263.6,11742.636,1269338703.7488,1,1761141600000
2025-10-22 14:00:00+00:00,108720.9,108971,107397.3,108900.3,1174263.6,11742.636,1269338703.7488,1,1761141600000
2025-10-22 14:00:00+00:00,108720.9,108971,107397.3,108900.3,1174263.6,11742.636,1269338703.7488,1,1761141600000
2025-10-22 14:00:00+00:00,108720.9,108971,107397.3,108900.3,1174263.6,11742.636,1269338703.7488,1,1761141600000
2025-10-22 14:00:00+00:00,108720.9,108971,107397.3,108900.3,1174263.6,11742.636,1269338703.7488,1,1761141600000
2025-10-22 14:00:00+00:00,108720.9,108971,107397.3,108900.3,1174263.6,11742.636,1269338703.7488,1,1761141600000
2025-10-22 14:00:00+00:00,108720.9,108971,107397.3,108900.3,1174263.6,11742.636,1269338703.7488,1,1761141600000
2025-10-22 14:00:00+00:00,108720.9,108971,107397.3,108900.3,1174263.6,11742.636,1269338703.7488,1,1761141600000
2025-10-22 14:00:00+00:00,108720.9,108971,107397.3,108900.3,1174263.6,11742.636,1269338703.7488,1,1761141600000
2025-10-22 14:00:00+00:00,108720.9,108971,107397.3,108900.3,1174263.6,11742.636,1269338703.7488,1,1761141600000
2025-10-22 14:00:00+00:00,108720.9,108971,107397.3,108900.3,1174263.6,11742.636,1269338703.7488,1,1761141600000
2025-10-22 14:00:00+00:00,108720.9,108971,107397.3,108900.3,1174263.6,11742.636,1269338703.7488,1,1761141600000
2025-10-22 14:00:00+00:00,108720.9,108971,107397.3,108900.3,1174263.6,11742.636,1269338703.7488,1,1761141600000
2025-10-22 14:00:00+00:00,108720.9,108971,107397.3,108900.3,1174263.6,11742.636,1269338703.7488,1,1761141600000
2025-10-22 14:00:00+00:00,108720.9,108971,107397.3,108900.3,1174263.6,11742.636,1269338703.7488,1,1761141600000
2025-10-22 14:00:00+00:00,108720.9,108971,107397.3,108900.3,1174263.6,11742.636,1269338703.7488,1,1761141600000
2025-10-22 14:00:00+00:00,108720.9,108971,107397.3,108900.3,1174263.6,11742.636,1269338703.7488,1,1761141600000
2025-10-22 14:00:00+00:00,108720.9,108971,107397.3,108900.3,1174263.6,11742.636,1269338703.7488,1,1761141600000
2025-10-22 14:00:00+00:00,108720.9,108971,107397.3,108900.3,1174263.6,11742.636,1269338703.7488,1,1761141600000
2025-10-22 14:00:00+00:00,108720.9,108971,107397.3,108900.3,1174263.6,11742.636,1269338703.7488,1,1761141600000
2025-10-22 14:00:00+00:00,108720.9,108971,107397.3,108900.3,1174263.6,11742.636,1269338703.7488,1,1761141600000
2025-10-22 14:00:00+00:00,108720.9,108971,107397.3,108900.3,1174263.6,11742.636,1269338703.7488,1,1761141600000
2025-10-22 14:00:00+00:00,108720.9,108971,107397.3,108900.3,1174263.6,11742.636,1269338703.7488,1,1761141600000
2025-10-22 14:00:00+00:00,108720.9,108971,107397.3,108900.3,1174263.6,11742.636,1269338703.7488,1,1761141600000
2025-10-22 15:00:00+00:00,108900.2,109144,107688,108364.9,745816.54,7458.1654,808580054.3247,1,1761145200000
2025-10-22 15:00:00+00:00,108900.2,109144,107688,108364.9,745816.54,7458.1654,808580054.3247,1,1761145200000
2025-10-22 15:00:00+00:00,108900.2,109144,107688,108364.9,745816.54,7458.1654,808580054.3247,1,1761145200000
2025-10-22 15:00:00+00:00,108900.2,109144,107688,108364.9,745816.54,7458.1654,808580054.3247,1,1761145200000
2025-10-22 15:00:00+00:00,108900.2,109144,107688,108364.9,745816.54,7458.1654,808580054.3247,1,1761145200000
2025-10-22 15:00:00+00:00,108900.2,109144,107688,108364.9,745816.54,7458.1654,808580054.3247,1,1761145200000
2025-10-22 15:00:00+00:00,108900.2,109144,107688,108364.9,745816.54,7458.1654,808580054.3247,1,1761145200000
2025-10-22 15:00:00+00:00,108900.2,109144,107688,108364.9,745816.54,7458.1654,808580054.3247,1,1761145200000
2025-10-22 15:00:00+00:00,108900.2,109144,107688,108364.9,745816.54,7458.1654,808580054.3247,1,1761145200000
2025-10-22 15:00:00+00:00,108900.2,109144,107688,108364.9,745816.54,7458.1654,808580054.3247,1,1761145200000
2025-10-22 15:00:00+00:00,108900.2,109144,107688,108364.9,745816.54,7458.1654,808580054.3247,1,1761145200000
2025-10-22 15:00:00+00:00,108900.2,109144,107688,108364.9,745816.54,7458.1654,808580054.3247,1,1761145200000
2025-10-22 15:00:00+00:00,108900.2,109144,107688,108364.9,745816.54,7458.1654,808580054.3247,1,1761145200000
2025-10-22 15:00:00+00:00,108900.2,109144,107688,108364.9,745816.54,7458.1654,808580054.3247,1,1761145200000
2025-10-22 15:00:00+00:00,108900.2,109144,107688,108364.9,745816.54,7458.1654,808580054.3247,1,1761145200000
2025-10-22 15:00:00+00:00,108900.2,109144,107688,108364.9,745816.54,7458.1654,808580054.3247,1,1761145200000
2025-10-22 15:00:00+00:00,108900.2,109144,107688,108364.9,745816.54,7458.1654,808580054.3247,1,1761145200000
2025-10-22 15:00:00+00:00,108900.2,109144,107688,108364.9,745816.54,7458.1654,808580054.3247,1,1761145200000
2025-10-22 15:00:00+00:00,108900.2,109144,107688,108364.9,745816.54,7458.1654,808580054.3247,1,1761145200000
2025-10-22 15:00:00+00:00,108900.2,109144,107688,108364.9,745816.54,7458.1654,808580054.3247,1,1761145200000
2025-10-22 15:00:00+00:00,108900.2,109144,107688,108364.9,745816.54,7458.1654,808580054.3247,1,1761145200000
2025-10-22 15:00:00+00:00,108900.2,109144,107688,108364.9,745816.54,7458.1654,808580054.3247,1,1761145200000
2025-10-22 15:00:00+00:00,108900.2,109144,107688,108364.9,745816.54,7458.1654,808580054.3247,1,1761145200000
2025-10-22 15:00:00+00:00,108900.2,109144,107688,108364.9,745816.54,7458.1654,808580054.3247,1,1761145200000
2025-10-22 15:00:00+00:00,108900.2,109144,107688,108364.9,745816.54,7458.1654,808580054.3247,1,1761145200000
2025-10-22 15:00:00+00:00,108900.2,109144,107688,108364.9,745816.54,7458.1654,808580054.3247,1,1761145200000
2025-10-22 15:00:00+00:00,108900.2,109144,107688,108364.9,745816.54,7458.1654,808580054.3247,1,1761145200000
2025-10-22 15:00:00+00:00,108900.2,109144,107688,108364.9,745816.54,7458.1654,808580054.3247,1,1761145200000
2025-10-22 15:00:00+00:00,108900.2,109144,107688,108364.9,745816.54,7458.1654,808580054.3247,1,1761145200000
2025-10-22 15:00:00+00:00,108900.2,109144,107688,108364.9,745816.54,7458.1654,808580054.3247,1,1761145200000
2025-10-22 15:00:00+00:00,108900.2,109144,107688,108364.9,745816.54,7458.1654,808580054.3247,1,1761145200000
2025-10-22 15:00:00+00:00,108900.2,109144,107688,108364.9,745816.54,7458.1654,808580054.3247,1,1761145200000
2025-10-22 15:00:00+00:00,108900.2,109144,107688,108364.9,745816.54,7458.1654,808580054.3247,1,1761145200000
2025-10-22 15:00:00+00:00,108900.2,109144,107688,108364.9,745816.54,7458.1654,808580054.3247,1,1761145200000
2025-10-22 15:00:00+00:00,108900.2,109144,107688,108364.9,745816.54,7458.1654,808580054.3247,1,1761145200000
2025-10-22 15:00:00+00:00,108900.2,109144,107688,108364.9,745816.54,7458.1654,808580054.3247,1,1761145200000
2025-10-22 15:00:00+00:00,108900.2,109144,107688,108364.9,745816.54,7458.1654,808580054.3247,1,1761145200000
2025-10-22 15:00:00+00:00,108900.2,109144,107688,108364.9,745816.54,7458.1654,808580054.3247,1,1761145200000
2025-10-22 15:00:00+00:00,108900.2,109144,107688,108364.9,745816.54,7458.1654,808580054.3247,1,1761145200000
2025-10-22 15:00:00+00:00,108900.2,109144,107688,108364.9,745816.54,7458.1654,808580054.3247,1,1761145200000
2025-10-22 15:00:00+00:00,108900.2,109144,107688,108364.9,745816.54,7458.1654,808580054.3247,1,1761145200000
2025-10-22 15:00:00+00:00,108900.2,109144,107688,108364.9,745816.54,7458.1654,808580054.3247,1,1761145200000
2025-10-22 15:00:00+00:00,108900.2,109144,107688,108364.9,745816.54,7458.1654,808580054.3247,1,1761145200000
2025-10-22 15:00:00+00:00,108900.2,109144,107688,108364.9,745816.54,7458.1654,808580054.3247,1,1761145200000
2025-10-22 15:00:00+00:00,108900.2,109144,107688,108364.9,745816.54,7458.1654,808580054.3247,1,1761145200000
2025-10-22 15:00:00+00:00,108900.2,109144,107688,108364.9,745816.54,7458.1654,808580054.3247,1,1761145200000
2025-10-22 15:00:00+00:00,108900.2,109144,107688,108364.9,745816.54,7458.1654,808580054.3247,1,1761145200000
2025-10-22 15:00:00+00:00,108900.2,109144,107688,108364.9,745816.54,7458.1654,808580054.3247,1,1761145200000
2025-10-22 15:00:00+00:00,108900.2,109144,107688,108364.9,745816.54,7458.1654,808580054.3247,1,1761145200000
2025-10-22 15:00:00+00:00,108900.2,109144,107688,108364.9,745816.54,7458.1654,808580054.3247,1,1761145200000
2025-10-22 15:00:00+00:00,108900.2,109144,107688,108364.9,745816.54,7458.1654,808580054.3247,1,1761145200000
2025-10-22 15:00:00+00:00,108900.2,109144,107688,108364.9,745816.54,7458.1654,808580054.3247,1,1761145200000
2025-10-22 16:00:00+00:00,108364.9,108766,107800.2,108171.7,570726.63,5707.2663,618157590.95491,1,1761148800000
2025-10-22 16:00:00+00:00,108364.9,108766,107800.2,108171.7,570726.63,5707.2663,618157590.95491,1,1761148800000
2025-10-22 16:00:00+00:00,108364.9,108766,107800.2,108171.7,570726.63,5707.2663,618157590.95491,1,1761148800000
2025-10-22 16:00:00+00:00,108364.9,108766,107800.2,108171.7,570726.63,5707.2663,618157590.95491,1,1761148800000
2025-10-22 16:00:00+00:00,108364.9,108766,107800.2,108171.7,570726.63,5707.2663,618157590.95491,1,1761148800000
2025-10-22 16:00:00+00:00,108364.9,108766,107800.2,108171.7,570726.63,5707.2663,618157590.95491,1,1761148800000
2025-10-22 16:00:00+00:00,108364.9,108766,107800.2,108171.7,570726.63,5707.2663,618157590.95491,1,1761148800000
2025-10-22 16:00:00+00:00,108364.9,108766,107800.2,108171.7,570726.63,5707.2663,618157590.95491,1,1761148800000
2025-10-22 16:00:00+00:00,108364.9,108766,107800.2,108171.7,570726.63,5707.2663,618157590.95491,1,1761148800000
2025-10-22 16:00:00+00:00,108364.9,108766,107800.2,108171.7,570726.63,5707.2663,618157590.95491,1,1761148800000
2025-10-22 16:00:00+00:00,108364.9,108766,107800.2,108171.7,570726.63,5707.2663,618157590.95491,1,1761148800000
2025-10-22 16:00:00+00:00,108364.9,108766,107800.2,108171.7,570726.63,5707.2663,618157590.95491,1,1761148800000
2025-10-22 16:00:00+00:00,108364.9,108766,107800.2,108171.7,570726.63,5707.2663,618157590.95491,1,1761148800000
2025-10-22 16:00:00+00:00,108364.9,108766,107800.2,108171.7,570726.63,5707.2663,618157590.95491,1,1761148800000
2025-10-22 16:00:00+00:00,108364.9,108766,107800.2,108171.7,570726.63,5707.2663,618157590.95491,1,1761148800000
2025-10-22 16:00:00+00:00,108364.9,108766,107800.2,108171.7,570726.63,5707.2663,618157590.95491,1,1761148800000
2025-10-22 16:00:00+00:00,108364.9,108766,107800.2,108171.7,570726.63,5707.2663,618157590.95491,1,1761148800000
2025-10-22 16:00:00+00:00,108364.9,108766,107800.2,108171.7,570726.63,5707.2663,618157590.95491,1,1761148800000
2025-10-22 16:00:00+00:00,108364.9,108766,107800.2,108171.7,570726.63,5707.2663,618157590.95491,1,1761148800000
2025-10-22 16:00:00+00:00,108364.9,108766,107800.2,108171.7,570726.63,5707.2663,618157590.95491,1,1761148800000
2025-10-22 16:00:00+00:00,108364.9,108766,107800.2,108171.7,570726.63,5707.2663,618157590.95491,1,1761148800000
2025-10-22 16:00:00+00:00,108364.9,108766,107800.2,108171.7,570726.63,5707.2663,618157590.95491,1,1761148800000
2025-10-22 16:00:00+00:00,108364.9,108766,107800.2,108171.7,570726.63,5707.2663,618157590.95491,1,1761148800000
2025-10-22 16:00:00+00:00,108364.9,108766,107800.2,108171.7,570726.63,5707.2663,618157590.95491,1,1761148800000
2025-10-22 16:00:00+00:00,108364.9,108766,107800.2,108171.7,570726.63,5707.2663,618157590.95491,1,1761148800000
2025-10-22 16:00:00+00:00,108364.9,108766,107800.2,108171.7,570726.63,5707.2663,618157590.95491,1,1761148800000
2025-10-22 16:00:00+00:00,108364.9,108766,107800.2,108171.7,570726.63,5707.2663,618157590.95491,1,1761148800000
2025-10-22 16:00:00+00:00,108364.9,108766,107800.2,108171.7,570726.63,5707.2663,618157590.95491,1,1761148800000
2025-10-22 16:00:00+00:00,108364.9,108766,107800.2,108171.7,570726.63,5707.2663,618157590.95491,1,1761148800000
2025-10-22 16:00:00+00:00,108364.9,108766,107800.2,108171.7,570726.63,5707.2663,618157590.95491,1,1761148800000
2025-10-22 16:00:00+00:00,108364.9,108766,107800.2,108171.7,570726.63,5707.2663,618157590.95491,1,1761148800000
2025-10-22 16:00:00+00:00,108364.9,108766,107800.2,108171.7,570726.63,5707.2663,618157590.95491,1,1761148800000
2025-10-22 16:00:00+00:00,108364.9,108766,107800.2,108171.7,570726.63,5707.2663,618157590.95491,1,1761148800000
2025-10-22 16:00:00+00:00,108364.9,108766,107800.2,108171.7,570726.63,5707.2663,618157590.95491,1,1761148800000
2025-10-22 16:00:00+00:00,108364.9,108766,107800.2,108171.7,570726.63,5707.2663,618157590.95491,1,1761148800000
2025-10-22 16:00:00+00:00,108364.9,108766,107800.2,108171.7,570726.63,5707.2663,618157590.95491,1,1761148800000
2025-10-22 16:00:00+00:00,108364.9,108766,107800.2,108171.7,570726.63,5707.2663,618157590.95491,1,1761148800000
2025-10-22 16:00:00+00:00,108364.9,108766,107800.2,108171.7,570726.63,5707.2663,618157590.95491,1,1761148800000
2025-10-22 16:00:00+00:00,108364.9,108766,107800.2,108171.7,570726.63,5707.2663,618157590.95491,1,1761148800000
2025-10-22 16:00:00+00:00,108364.9,108766,107800.2,108171.7,570726.63,5707.2663,618157590.95491,1,1761148800000
2025-10-22 16:00:00+00:00,108364.9,108766,107800.2,108171.7,570726.63,5707.2663,618157590.95491,1,1761148800000
2025-10-22 16:00:00+00:00,108364.9,108766,107800.2,108171.7,570726.63,5707.2663,618157590.95491,1,1761148800000
2025-10-22 16:00:00+00:00,108364.9,108766,107800.2,108171.7,570726.63,5707.2663,618157590.95491,1,1761148800000
2025-10-22 16:00:00+00:00,108364.9,108766,107800.2,108171.7,570726.63,5707.2663,618157590.95491,1,1761148800000
2025-10-22 16:00:00+00:00,108364.9,108766,107800.2,108171.7,570726.63,5707.2663,618157590.95491,1,1761148800000
2025-10-22 16:00:00+00:00,108364.9,108766,107800.2,108171.7,570726.63,5707.2663,618157590.95491,1,1761148800000
2025-10-22 16:00:00+00:00,108364.9,108766,107800.2,108171.7,570726.63,5707.2663,618157590.95491,1,1761148800000
2025-10-22 16:00:00+00:00,108364.9,108766,107800.2,108171.7,570726.63,5707.2663,618157590.95491,1,1761148800000
2025-10-22 16:00:00+00:00,108364.9,108766,107800.2,108171.7,570726.63,5707.2663,618157590.95491,1,1761148800000
2025-10-22 16:00:00+00:00,108364.9,108766,107800.2,108171.7,570726.63,5707.2663,618157590.95491,1,1761148800000
2025-10-22 16:00:00+00:00,108364.9,108766,107800.2,108171.7,570726.63,5707.2663,618157590.95491,1,1761148800000
2025-10-22 16:00:00+00:00,108364.9,108766,107800.2,108171.7,570726.63,5707.2663,618157590.95491,1,1761148800000
2025-10-22 16:00:00+00:00,108364.9,108766,107800.2,108171.7,570726.63,5707.2663,618157590.95491,1,1761148800000
2025-10-22 17:00:00+00:00,108171.7,108292.8,107518.6,107741.7,296043.46,2960.4346,319471416.90781,1,1761152400000
2025-10-22 17:00:00+00:00,108171.7,108292.8,107518.6,107741.7,296043.46,2960.4346,319471416.90781,1,1761152400000
2025-10-22 17:00:00+00:00,108171.7,108292.8,107518.6,107741.7,296043.46,2960.4346,319471416.90781,1,1761152400000
2025-10-22 17:00:00+00:00,108171.7,108292.8,107518.6,107741.7,296043.46,2960.4346,319471416.90781,1,1761152400000
2025-10-22 17:00:00+00:00,108171.7,108292.8,107518.6,107741.7,296043.46,2960.4346,319471416.90781,1,1761152400000
2025-10-22 17:00:00+00:00,108171.7,108292.8,107518.6,107741.7,296043.46,2960.4346,319471416.90781,1,1761152400000
2025-10-22 17:00:00+00:00,108171.7,108292.8,107518.6,107741.7,296043.46,2960.4346,319471416.90781,1,1761152400000
2025-10-22 17:00:00+00:00,108171.7,108292.8,107518.6,107741.7,296043.46,2960.4346,319471416.90781,1,1761152400000
2025-10-22 17:00:00+00:00,108171.7,108292.8,107518.6,107741.7,296043.46,2960.4346,319471416.90781,1,1761152400000
2025-10-22 17:00:00+00:00,108171.7,108292.8,107518.6,107741.7,296043.46,2960.4346,319471416.90781,1,1761152400000
2025-10-22 17:00:00+00:00,108171.7,108292.8,107518.6,107741.7,296043.46,2960.4346,319471416.90781,1,1761152400000
2025-10-22 17:00:00+00:00,108171.7,108292.8,107518.6,107741.7,296043.46,2960.4346,319471416.90781,1,1761152400000
2025-10-22 17:00:00+00:00,108171.7,108292.8,107518.6,107741.7,296043.46,2960.4346,319471416.90781,1,1761152400000
2025-10-22 17:00:00+00:00,108171.7,108292.8,107518.6,107741.7,296043.46,2960.4346,319471416.90781,1,1761152400000
2025-10-22 17:00:00+00:00,108171.7,108292.8,107518.6,107741.7,296043.46,2960.4346,319471416.90781,1,1761152400000
2025-10-22 17:00:00+00:00,108171.7,108292.8,107518.6,107741.7,296043.46,2960.4346,319471416.90781,1,1761152400000
2025-10-22 17:00:00+00:00,108171.7,108292.8,107518.6,107741.7,296043.46,2960.4346,319471416.90781,1,1761152400000
2025-10-22 17:00:00+00:00,108171.7,108292.8,107518.6,107741.7,296043.46,2960.4346,319471416.90781,1,1761152400000
2025-10-22 17:00:00+00:00,108171.7,108292.8,107518.6,107741.7,296043.46,2960.4346,319471416.90781,1,1761152400000
2025-10-22 17:00:00+00:00,108171.7,108292.8,107518.6,107741.7,296043.46,2960.4346,319471416.90781,1,1761152400000
2025-10-22 17:00:00+00:00,108171.7,108292.8,107518.6,107741.7,296043.46,2960.4346,319471416.90781,1,1761152400000
2025-10-22 17:00:00+00:00,108171.7,108292.8,107518.6,107741.7,296043.46,2960.4346,319471416.90781,1,1761152400000
2025-10-22 17:00:00+00:00,108171.7,108292.8,107518.6,107741.7,296043.46,2960.4346,319471416.90781,1,1761152400000
2025-10-22 17:00:00+00:00,108171.7,108292.8,107518.6,107741.7,296043.46,2960.4346,319471416.90781,1,1761152400000
2025-10-22 17:00:00+00:00,108171.7,108292.8,107518.6,107741.7,296043.46,2960.4346,319471416.90781,1,1761152400000
2025-10-22 17:00:00+00:00,108171.7,108292.8,107518.6,107741.7,296043.46,2960.4346,319471416.90781,1,1761152400000
2025-10-22 17:00:00+00:00,108171.7,108292.8,107518.6,107741.7,296043.46,2960.4346,319471416.90781,1,1761152400000
2025-10-22 17:00:00+00:00,108171.7,108292.8,107518.6,107741.7,296043.46,2960.4346,319471416.90781,1,1761152400000
2025-10-22 17:00:00+00:00,108171.7,108292.8,107518.6,107741.7,296043.46,2960.4346,319471416.90781,1,1761152400000
2025-10-22 17:00:00+00:00,108171.7,108292.8,107518.6,107741.7,296043.46,2960.4346,319471416.90781,1,1761152400000
2025-10-22 17:00:00+00:00,108171.7,108292.8,107518.6,107741.7,296043.46,2960.4346,319471416.90781,1,1761152400000
2025-10-22 17:00:00+00:00,108171.7,108292.8,107518.6,107741.7,296043.46,2960.4346,319471416.90781,1,1761152400000
2025-10-22 17:00:00+00:00,108171.7,108292.8,107518.6,107741.7,296043.46,2960.4346,319471416.90781,1,1761152400000
2025-10-22 17:00:00+00:00,108171.7,108292.8,107518.6,107741.7,296043.46,2960.4346,319471416.90781,1,1761152400000
2025-10-22 17:00:00+00:00,108171.7,108292.8,107518.6,107741.7,296043.46,2960.4346,319471416.90781,1,1761152400000
2025-10-22 17:00:00+00:00,108171.7,108292.8,107518.6,107741.7,296043.46,2960.4346,319471416.90781,1,1761152400000
2025-10-22 17:00:00+00:00,108171.7,108292.8,107518.6,107741.7,296043.46,2960.4346,319471416.90781,1,1761152400000
2025-10-22 17:00:00+00:00,108171.7,108292.8,107518.6,107741.7,296043.46,2960.4346,319471416.90781,1,1761152400000
2025-10-22 17:00:00+00:00,108171.7,108292.8,107518.6,107741.7,296043.46,2960.4346,319471416.90781,1,1761152400000
2025-10-22 17:00:00+00:00,108171.7,108292.8,107518.6,107741.7,296043.46,2960.4346,319471416.90781,1,1761152400000
2025-10-22 17:00:00+00:00,108171.7,108292.8,107518.6,107741.7,296043.46,2960.4346,319471416.90781,1,1761152400000
2025-10-22 17:00:00+00:00,108171.7,108292.8,107518.6,107741.7,296043.46,2960.4346,319471416.90781,1,1761152400000
2025-10-22 17:00:00+00:00,108171.7,108292.8,107518.6,107741.7,296043.46,2960.4346,319471416.90781,1,1761152400000
2025-10-22 17:00:00+00:00,108171.7,108292.8,107518.6,107741.7,296043.46,2960.4346,319471416.90781,1,1761152400000
2025-10-22 17:00:00+00:00,108171.7,108292.8,107518.6,107741.7,296043.46,2960.4346,319471416.90781,1,1761152400000
2025-10-22 17:00:00+00:00,108171.7,108292.8,107518.6,107741.7,296043.46,2960.4346,319471416.90781,1,1761152400000
2025-10-22 17:00:00+00:00,108171.7,108292.8,107518.6,107741.7,296043.46,2960.4346,319471416.90781,1,1761152400000
2025-10-22 17:00:00+00:00,108171.7,108292.8,107518.6,107741.7,296043.46,2960.4346,319471416.90781,1,1761152400000
2025-10-22 17:00:00+00:00,108171.7,108292.8,107518.6,107741.7,296043.46,2960.4346,319471416.90781,1,1761152400000
2025-10-22 17:00:00+00:00,108171.7,108292.8,107518.6,107741.7,296043.46,2960.4346,319471416.90781,1,1761152400000
2025-10-22 17:00:00+00:00,108171.7,108292.8,107518.6,107741.7,296043.46,2960.4346,319471416.90781,1,1761152400000
2025-10-22 17:00:00+00:00,108171.7,108292.8,107518.6,107741.7,296043.46,2960.4346,319471416.90781,1,1761152400000
2025-10-22 17:00:00+00:00,108171.7,108292.8,107518.6,107741.7,296043.46,2960.4346,319471416.90781,1,1761152400000
2025-10-22 17:00:00+00:00,108171.7,108292.8,107518.6,107741.7,296043.46,2960.4346,319471416.90781,1,1761152400000
2025-10-22 18:00:00+00:00,107741.6,108173.5,107411,107984.5,246003.85,2460.0385,265263131.77175,1,1761156000000
2025-10-22 18:00:00+00:00,107741.6,108173.5,107411,107984.5,246003.85,2460.0385,265263131.77175,1,1761156000000
2025-10-22 18:00:00+00:00,107741.6,108173.5,107411,107984.5,246003.85,2460.0385,265263131.77175,1,1761156000000
2025-10-22 18:00:00+00:00,107741.6,108173.5,107411,107984.5,246003.85,2460.0385,265263131.77175,1,1761156000000
2025-10-22 18:00:00+00:00,107741.6,108173.5,107411,107984.5,246003.85,2460.0385,265263131.77175,1,1761156000000
2025-10-22 18:00:00+00:00,107741.6,108173.5,107411,107984.5,246003.85,2460.0385,265263131.77175,1,1761156000000
2025-10-22 18:00:00+00:00,107741.6,108173.5,107411,107984.5,246003.85,2460.0385,265263131.77175,1,1761156000000
2025-10-22 18:00:00+00:00,107741.6,108173.5,107411,107984.5,246003.85,2460.0385,265263131.77175,1,1761156000000
2025-10-22 18:00:00+00:00,107741.6,108173.5,107411,107984.5,246003.85,2460.0385,265263131.77175,1,1761156000000
2025-10-22 18:00:00+00:00,107741.6,108173.5,107411,107984.5,246003.85,2460.0385,265263131.77175,1,1761156000000
2025-10-22 18:00:00+00:00,107741.6,108173.5,107411,107984.5,246003.85,2460.0385,265263131.77175,1,1761156000000
2025-10-22 18:00:00+00:00,107741.6,108173.5,107411,107984.5,246003.85,2460.0385,265263131.77175,1,1761156000000
2025-10-22 18:00:00+00:00,107741.6,108173.5,107411,107984.5,246003.85,2460.0385,265263131.77175,1,1761156000000
2025-10-22 18:00:00+00:00,107741.6,108173.5,107411,107984.5,246003.85,2460.0385,265263131.77175,1,1761156000000
2025-10-22 18:00:00+00:00,107741.6,108173.5,107411,107984.5,246003.85,2460.0385,265263131.77175,1,1761156000000
2025-10-22 18:00:00+00:00,107741.6,108173.5,107411,107984.5,246003.85,2460.0385,265263131.77175,1,1761156000000
2025-10-22 18:00:00+00:00,107741.6,108173.5,107411,107984.5,246003.85,2460.0385,265263131.77175,1,1761156000000
2025-10-22 18:00:00+00:00,107741.6,108173.5,107411,107984.5,246003.85,2460.0385,265263131.77175,1,1761156000000
2025-10-22 18:00:00+00:00,107741.6,108173.5,107411,107984.5,246003.85,2460.0385,265263131.77175,1,1761156000000
2025-10-22 18:00:00+00:00,107741.6,108173.5,107411,107984.5,246003.85,2460.0385,265263131.77175,1,1761156000000
2025-10-22 18:00:00+00:00,107741.6,108173.5,107411,107984.5,246003.85,2460.0385,265263131.77175,1,1761156000000
2025-10-22 18:00:00+00:00,107741.6,108173.5,107411,107984.5,246003.85,2460.0385,265263131.77175,1,1761156000000
2025-10-22 18:00:00+00:00,107741.6,108173.5,107411,107984.5,246003.85,2460.0385,265263131.77175,1,1761156000000
2025-10-22 18:00:00+00:00,107741.6,108173.5,107411,107984.5,246003.85,2460.0385,265263131.77175,1,1761156000000
2025-10-22 18:00:00+00:00,107741.6,108173.5,107411,107984.5,246003.85,2460.0385,265263131.77175,1,1761156000000
2025-10-22 18:00:00+00:00,107741.6,108173.5,107411,107984.5,246003.85,2460.0385,265263131.77175,1,1761156000000
2025-10-22 18:00:00+00:00,107741.6,108173.5,107411,107984.5,246003.85,2460.0385,265263131.77175,1,1761156000000
2025-10-22 18:00:00+00:00,107741.6,108173.5,107411,107984.5,246003.85,2460.0385,265263131.77175,1,1761156000000
2025-10-22 18:00:00+00:00,107741.6,108173.5,107411,107984.5,246003.85,2460.0385,265263131.77175,1,1761156000000
2025-10-22 18:00:00+00:00,107741.6,108173.5,107411,107984.5,246003.85,2460.0385,265263131.77175,1,1761156000000
2025-10-22 18:00:00+00:00,107741.6,108173.5,107411,107984.5,246003.85,2460.0385,265263131.77175,1,1761156000000
2025-10-22 18:00:00+00:00,107741.6,108173.5,107411,107984.5,246003.85,2460.0385,265263131.77175,1,1761156000000
2025-10-22 18:00:00+00:00,107741.6,108173.5,107411,107984.5,246003.85,2460.0385,265263131.77175,1,1761156000000
2025-10-22 18:00:00+00:00,107741.6,108173.5,107411,107984.5,246003.85,2460.0385,265263131.77175,1,1761156000000
2025-10-22 18:00:00+00:00,107741.6,108173.5,107411,107984.5,246003.85,2460.0385,265263131.77175,1,1761156000000
2025-10-22 18:00:00+00:00,107741.6,108173.5,107411,107984.5,246003.85,2460.0385,265263131.77175,1,1761156000000
2025-10-22 18:00:00+00:00,107741.6,108173.5,107411,107984.5,246003.85,2460.0385,265263131.77175,1,1761156000000
2025-10-22 18:00:00+00:00,107741.6,108173.5,107411,107984.5,246003.85,2460.0385,265263131.77175,1,1761156000000
2025-10-22 18:00:00+00:00,107741.6,108173.5,107411,107984.5,246003.85,2460.0385,265263131.77175,1,1761156000000
2025-10-22 18:00:00+00:00,107741.6,108173.5,107411,107984.5,246003.85,2460.0385,265263131.77175,1,1761156000000
2025-10-22 18:00:00+00:00,107741.6,108173.5,107411,107984.5,246003.85,2460.0385,265263131.77175,1,1761156000000
2025-10-22 18:00:00+00:00,107741.6,108173.5,107411,107984.5,246003.85,2460.0385,265263131.77175,1,1761156000000
2025-10-22 18:00:00+00:00,107741.6,108173.5,107411,107984.5,246003.85,2460.0385,265263131.77175,1,1761156000000
2025-10-22 18:00:00+00:00,107741.6,108173.5,107411,107984.5,246003.85,2460.0385,265263131.77175,1,1761156000000
2025-10-22 18:00:00+00:00,107741.6,108173.5,107411,107984.5,246003.85,2460.0385,265263131.77175,1,1761156000000
2025-10-22 18:00:00+00:00,107741.6,108173.5,107411,107984.5,246003.85,2460.0385,265263131.77175,1,1761156000000
2025-10-22 18:00:00+00:00,107741.6,108173.5,107411,107984.5,246003.85,2460.0385,265263131.77175,1,1761156000000
2025-10-22 18:00:00+00:00,107741.6,108173.5,107411,107984.5,246003.85,2460.0385,265263131.77175,1,1761156000000
2025-10-22 18:00:00+00:00,107741.6,108173.5,107411,107984.5,246003.85,2460.0385,265263131.77175,1,1761156000000
2025-10-22 18:00:00+00:00,107741.6,108173.5,107411,107984.5,246003.85,2460.0385,265263131.77175,1,1761156000000
2025-10-22 18:00:00+00:00,107741.6,108173.5,107411,107984.5,246003.85,2460.0385,265263131.77175,1,1761156000000
2025-10-22 18:00:00+00:00,107741.6,108173.5,107411,107984.5,246003.85,2460.0385,265263131.77175,1,1761156000000
2025-10-22 18:00:00+00:00,107741.6,108173.5,107411,107984.5,246003.85,2460.0385,265263131.77175,1,1761156000000
2025-10-22 18:00:00+00:00,107741.6,108173.5,107411,107984.5,246003.85,2460.0385,265263131.77175,1,1761156000000
2025-10-22 18:00:00+00:00,107741.6,108173.5,107411,107984.5,246003.85,2460.0385,265263131.77175,1,1761156000000
2025-10-22 19:00:00+00:00,107984.5,108385.8,107624.6,107820.3,253394.6,2533.946,273719120.54343,1,1761159600000
2025-10-22 19:00:00+00:00,107984.5,108385.8,107624.6,107820.3,253394.6,2533.946,273719120.54343,1,1761159600000
2025-10-22 19:00:00+00:00,107984.5,108385.8,107624.6,107820.3,253394.6,2533.946,273719120.54343,1,1761159600000
2025-10-22 19:00:00+00:00,107984.5,108385.8,107624.6,107820.3,253394.6,2533.946,273719120.54343,1,1761159600000
2025-10-22 19:00:00+00:00,107984.5,108385.8,107624.6,107820.3,253394.6,2533.946,273719120.54343,1,1761159600000
2025-10-22 19:00:00+00:00,107984.5,108385.8,107624.6,107820.3,253394.6,2533.946,273719120.54343,1,1761159600000
2025-10-22 19:00:00+00:00,107984.5,108385.8,107624.6,107820.3,253394.6,2533.946,273719120.54343,1,1761159600000
2025-10-22 19:00:00+00:00,107984.5,108385.8,107624.6,107820.3,253394.6,2533.946,273719120.54343,1,1761159600000
2025-10-22 19:00:00+00:00,107984.5,108385.8,107624.6,107820.3,253394.6,2533.946,273719120.54343,1,1761159600000
2025-10-22 19:00:00+00:00,107984.5,108385.8,107624.6,107820.3,253394.6,2533.946,273719120.54343,1,1761159600000
2025-10-22 19:00:00+00:00,107984.5,108385.8,107624.6,107820.3,253394.6,2533.946,273719120.54343,1,1761159600000
2025-10-22 19:00:00+00:00,107984.5,108385.8,107624.6,107820.3,253394.6,2533.946,273719120.54343,1,1761159600000
2025-10-22 19:00:00+00:00,107984.5,108385.8,107624.6,107820.3,253394.6,2533.946,273719120.54343,1,1761159600000
2025-10-22 19:00:00+00:00,107984.5,108385.8,107624.6,107820.3,253394.6,2533.946,273719120.54343,1,1761159600000
2025-10-22 19:00:00+00:00,107984.5,108385.8,107624.6,107820.3,253394.6,2533.946,273719120.54343,1,1761159600000
2025-10-22 19:00:00+00:00,107984.5,108385.8,107624.6,107820.3,253394.6,2533.946,273719120.54343,1,1761159600000
2025-10-22 19:00:00+00:00,107984.5,108385.8,107624.6,107820.3,253394.6,2533.946,273719120.54343,1,1761159600000
2025-10-22 19:00:00+00:00,107984.5,108385.8,107624.6,107820.3,253394.6,2533.946,273719120.54343,1,1761159600000
2025-10-22 19:00:00+00:00,107984.5,108385.8,107624.6,107820.3,253394.6,2533.946,273719120.54343,1,1761159600000
2025-10-22 19:00:00+00:00,107984.5,108385.8,107624.6,107820.3,253394.6,2533.946,273719120.54343,1,1761159600000
2025-10-22 19:00:00+00:00,107984.5,108385.8,107624.6,107820.3,253394.6,2533.946,273719120.54343,1,1761159600000
2025-10-22 19:00:00+00:00,107984.5,108385.8,107624.6,107820.3,253394.6,2533.946,273719120.54343,1,1761159600000
2025-10-22 19:00:00+00:00,107984.5,108385.8,107624.6,107820.3,253394.6,2533.946,273719120.54343,1,1761159600000
2025-10-22 19:00:00+00:00,107984.5,108385.8,107624.6,107820.3,253394.6,2533.946,273719120.54343,1,1761159600000
2025-10-22 19:00:00+00:00,107984.5,108385.8,107624.6,107820.3,253394.6,2533.946,273719120.54343,1,1761159600000
2025-10-22 19:00:00+00:00,107984.5,108385.8,107624.6,107820.3,253394.6,2533.946,273719120.54343,1,1761159600000
2025-10-22 19:00:00+00:00,107984.5,108385.8,107624.6,107820.3,253394.6,2533.946,273719120.54343,1,1761159600000
2025-10-22 19:00:00+00:00,107984.5,108385.8,107624.6,107820.3,253394.6,2533.946,273719120.54343,1,1761159600000
2025-10-22 19:00:00+00:00,107984.5,108385.8,107624.6,107820.3,253394.6,2533.946,273719120.54343,1,1761159600000
2025-10-22 19:00:00+00:00,107984.5,108385.8,107624.6,107820.3,253394.6,2533.946,273719120.54343,1,1761159600000
2025-10-22 19:00:00+00:00,107984.5,108385.8,107624.6,107820.3,253394.6,2533.946,273719120.54343,1,1761159600000
2025-10-22 19:00:00+00:00,107984.5,108385.8,107624.6,107820.3,253394.6,2533.946,273719120.54343,1,1761159600000
2025-10-22 19:00:00+00:00,107984.5,108385.8,107624.6,107820.3,253394.6,2533.946,273719120.54343,1,1761159600000
2025-10-22 19:00:00+00:00,107984.5,108385.8,107624.6,107820.3,253394.6,2533.946,273719120.54343,1,1761159600000
2025-10-22 19:00:00+00:00,107984.5,108385.8,107624.6,107820.3,253394.6,2533.946,273719120.54343,1,1761159600000
2025-10-22 19:00:00+00:00,107984.5,108385.8,107624.6,107820.3,253394.6,2533.946,273719120.54343,1,1761159600000
2025-10-22 19:00:00+00:00,107984.5,108385.8,107624.6,107820.3,253394.6,2533.946,273719120.54343,1,1761159600000
2025-10-22 19:00:00+00:00,107984.5,108385.8,107624.6,107820.3,253394.6,2533.946,273719120.54343,1,1761159600000
2025-10-22 19:00:00+00:00,107984.5,108385.8,107624.6,107820.3,253394.6,2533.946,273719120.54343,1,1761159600000
2025-10-22 19:00:00+00:00,107984.5,108385.8,107624.6,107820.3,253394.6,2533.946,273719120.54343,1,1761159600000
2025-10-22 19:00:00+00:00,107984.5,108385.8,107624.6,107820.3,253394.6,2533.946,273719120.54343,1,1761159600000
2025-10-22 19:00:00+00:00,107984.5,108385.8,107624.6,107820.3,253394.6,2533.946,273719120.54343,1,1761159600000
2025-10-22 19:00:00+00:00,107984.5,108385.8,107624.6,107820.3,253394.6,2533.946,273719120.54343,1,1761159600000
2025-10-22 19:00:00+00:00,107984.5,108385.8,107624.6,107820.3,253394.6,2533.946,273719120.54343,1,1761159600000
2025-10-22 19:00:00+00:00,107984.5,108385.8,107624.6,107820.3,253394.6,2533.946,273719120.54343,1,1761159600000
2025-10-22 19:00:00+00:00,107984.5,108385.8,107624.6,107820.3,253394.6,2533.946,273719120.54343,1,1761159600000
2025-10-22 19:00:00+00:00,107984.5,108385.8,107624.6,107820.3,253394.6,2533.946,273719120.54343,1,1761159600000
2025-10-22 19:00:00+00:00,107984.5,108385.8,107624.6,107820.3,253394.6,2533.946,273719120.54343,1,1761159600000
2025-10-22 19:00:00+00:00,107984.5,108385.8,107624.6,107820.3,253394.6,2533.946,273719120.54343,1,1761159600000
2025-10-22 19:00:00+00:00,107984.5,108385.8,107624.6,107820.3,253394.6,2533.946,273719120.54343,1,1761159600000
2025-10-22 19:00:00+00:00,107984.5,108385.8,107624.6,107820.3,253394.6,2533.946,273719120.54343,1,1761159600000
2025-10-22 19:00:00+00:00,107984.5,108385.8,107624.6,107820.3,253394.6,2533.946,273719120.54343,1,1761159600000
2025-10-22 19:00:00+00:00,107984.5,108385.8,107624.6,107820.3,253394.6,2533.946,273719120.54343,1,1761159600000
2025-10-22 19:00:00+00:00,107984.5,108385.8,107624.6,107820.3,253394.6,2533.946,273719120.54343,1,1761159600000
2025-10-22 19:00:00+00:00,107984.5,108385.8,107624.6,107820.3,253394.6,2533.946,273719120.54343,1,1761159600000
2025-10-22 19:00:00+00:00,107984.5,108385.8,107624.6,107820.3,253394.6,2533.946,273719120.54343,1,1761159600000
2025-10-22 20:00:00+00:00,107820.1,108023.3,107444,107644.4,165416.87,1654.1687,178120309.17477,1,1761163200000
2025-10-22 20:00:00+00:00,107820.1,108023.3,107444,107644.4,165416.87,1654.1687,178120309.17477,1,1761163200000
2025-10-22 20:00:00+00:00,107820.1,108023.3,107444,107644.4,165416.87,1654.1687,178120309.17477,1,1761163200000
2025-10-22 20:00:00+00:00,107820.1,108023.3,107444,107644.4,165416.87,1654.1687,178120309.17477,1,1761163200000
2025-10-22 20:00:00+00:00,107820.1,108023.3,107444,107644.4,165416.87,1654.1687,178120309.17477,1,1761163200000
2025-10-22 20:00:00+00:00,107820.1,108023.3,107444,107644.4,165416.87,1654.1687,178120309.17477,1,1761163200000
2025-10-22 20:00:00+00:00,107820.1,108023.3,107444,107644.4,165416.87,1654.1687,178120309.17477,1,1761163200000
2025-10-22 20:00:00+00:00,107820.1,108023.3,107444,107644.4,165416.87,1654.1687,178120309.17477,1,1761163200000
2025-10-22 20:00:00+00:00,107820.1,108023.3,107444,107644.4,165416.87,1654.1687,178120309.17477,1,1761163200000
2025-10-22 20:00:00+00:00,107820.1,108023.3,107444,107644.4,165416.87,1654.1687,178120309.17477,1,1761163200000
2025-10-22 20:00:00+00:00,107820.1,108023.3,107444,107644.4,165416.87,1654.1687,178120309.17477,1,1761163200000
2025-10-22 20:00:00+00:00,107820.1,108023.3,107444,107644.4,165416.87,1654.1687,178120309.17477,1,1761163200000
2025-10-22 20:00:00+00:00,107820.1,108023.3,107444,107644.4,165416.87,1654.1687,178120309.17477,1,1761163200000
2025-10-22 20:00:00+00:00,107820.1,108023.3,107444,107644.4,165416.87,1654.1687,178120309.17477,1,1761163200000
2025-10-22 20:00:00+00:00,107820.1,108023.3,107444,107644.4,165416.87,1654.1687,178120309.17477,1,1761163200000
2025-10-22 20:00:00+00:00,107820.1,108023.3,107444,107644.4,165416.87,1654.1687,178120309.17477,1,1761163200000
2025-10-22 20:00:00+00:00,107820.1,108023.3,107444,107644.4,165416.87,1654.1687,178120309.17477,1,1761163200000
2025-10-22 20:00:00+00:00,107820.1,108023.3,107444,107644.4,165416.87,1654.1687,178120309.17477,1,1761163200000
2025-10-22 20:00:00+00:00,107820.1,108023.3,107444,107644.4,165416.87,1654.1687,178120309.17477,1,1761163200000
2025-10-22 20:00:00+00:00,107820.1,108023.3,107444,107644.4,165416.87,1654.1687,178120309.17477,1,1761163200000
2025-10-22 20:00:00+00:00,107820.1,108023.3,107444,107644.4,165416.87,1654.1687,178120309.17477,1,1761163200000
2025-10-22 20:00:00+00:00,107820.1,108023.3,107444,107644.4,165416.87,1654.1687,178120309.17477,1,1761163200000
2025-10-22 20:00:00+00:00,107820.1,108023.3,107444,107644.4,165416.87,1654.1687,178120309.17477,1,1761163200000
2025-10-22 20:00:00+00:00,107820.1,108023.3,107444,107644.4,165416.87,1654.1687,178120309.17477,1,1761163200000
2025-10-22 20:00:00+00:00,107820.1,108023.3,107444,107644.4,165416.87,1654.1687,178120309.17477,1,1761163200000
2025-10-22 20:00:00+00:00,107820.1,108023.3,107444,107644.4,165416.87,1654.1687,178120309.17477,1,1761163200000
2025-10-22 20:00:00+00:00,107820.1,108023.3,107444,107644.4,165416.87,1654.1687,178120309.17477,1,1761163200000
2025-10-22 20:00:00+00:00,107820.1,108023.3,107444,107644.4,165416.87,1654.1687,178120309.17477,1,1761163200000
2025-10-22 20:00:00+00:00,107820.1,108023.3,107444,107644.4,165416.87,1654.1687,178120309.17477,1,1761163200000
2025-10-22 20:00:00+00:00,107820.1,108023.3,107444,107644.4,165416.87,1654.1687,178120309.17477,1,1761163200000
2025-10-22 20:00:00+00:00,107820.1,108023.3,107444,107644.4,165416.87,1654.1687,178120309.17477,1,1761163200000
2025-10-22 20:00:00+00:00,107820.1,108023.3,107444,107644.4,165416.87,1654.1687,178120309.17477,1,1761163200000
2025-10-22 20:00:00+00:00,107820.1,108023.3,107444,107644.4,165416.87,1654.1687,178120309.17477,1,1761163200000
2025-10-22 20:00:00+00:00,107820.1,108023.3,107444,107644.4,165416.87,1654.1687,178120309.17477,1,1761163200000
2025-10-22 20:00:00+00:00,107820.1,108023.3,107444,107644.4,165416.87,1654.1687,178120309.17477,1,1761163200000
2025-10-22 20:00:00+00:00,107820.1,108023.3,107444,107644.4,165416.87,1654.1687,178120309.17477,1,1761163200000
2025-10-22 20:00:00+00:00,107820.1,108023.3,107444,107644.4,165416.87,1654.1687,178120309.17477,1,1761163200000
2025-10-22 20:00:00+00:00,107820.1,108023.3,107444,107644.4,165416.87,1654.1687,178120309.17477,1,1761163200000
2025-10-22 20:00:00+00:00,107820.1,108023.3,107444,107644.4,165416.87,1654.1687,178120309.17477,1,1761163200000
2025-10-22 20:00:00+00:00,107820.1,108023.3,107444,107644.4,165416.87,1654.1687,178120309.17477,1,1761163200000
2025-10-22 20:00:00+00:00,107820.1,108023.3,107444,107644.4,165416.87,1654.1687,178120309.17477,1,1761163200000
2025-10-22 20:00:00+00:00,107820.1,108023.3,107444,107644.4,165416.87,1654.1687,178120309.17477,1,1761163200000
2025-10-22 20:00:00+00:00,107820.1,108023.3,107444,107644.4,165416.87,1654.1687,178120309.17477,1,1761163200000
2025-10-22 20:00:00+00:00,107820.1,108023.3,107444,107644.4,165416.87,1654.1687,178120309.17477,1,1761163200000
2025-10-22 20:00:00+00:00,107820.1,108023.3,107444,107644.4,165416.87,1654.1687,178120309.17477,1,1761163200000
2025-10-22 20:00:00+00:00,107820.1,108023.3,107444,107644.4,165416.87,1654.1687,178120309.17477,1,1761163200000
2025-10-22 20:00:00+00:00,107820.1,108023.3,107444,107644.4,165416.87,1654.1687,178120309.17477,1,1761163200000
2025-10-22 20:00:00+00:00,107820.1,108023.3,107444,107644.4,165416.87,1654.1687,178120309.17477,1,1761163200000
2025-10-22 20:00:00+00:00,107820.1,108023.3,107444,107644.4,165416.87,1654.1687,178120309.17477,1,1761163200000
2025-10-22 20:00:00+00:00,107820.1,108023.3,107444,107644.4,165416.87,1654.1687,178120309.17477,1,1761163200000
2025-10-22 20:00:00+00:00,107820.1,108023.3,107444,107644.4,165416.87,1654.1687,178120309.17477,1,1761163200000
2025-10-22 20:00:00+00:00,107820.1,108023.3,107444,107644.4,165416.87,1654.1687,178120309.17477,1,1761163200000
2025-10-22 20:00:00+00:00,107820.1,108023.3,107444,107644.4,165416.87,1654.1687,178120309.17477,1,1761163200000
2025-10-22 20:00:00+00:00,107820.1,108023.3,107444,107644.4,165416.87,1654.1687,178120309.17477,1,1761163200000
2025-10-22 20:00:00+00:00,107820.1,108023.3,107444,107644.4,165416.87,1654.1687,178120309.17477,1,1761163200000
2025-10-22 20:00:00+00:00,107820.1,108023.3,107444,107644.4,165416.87,1654.1687,178120309.17477,1,1761163200000
2025-10-22 20:00:00+00:00,107820.1,108023.3,107444,107644.4,165416.87,1654.1687,178120309.17477,1,1761163200000
2025-10-22 21:00:00+00:00,107644.9,107706.6,106606.3,107164.5,549395.18,5493.9518,587918911.31847,1,1761166800000
2025-10-22 21:00:00+00:00,107644.9,107706.6,106606.3,107164.5,549395.18,5493.9518,587918911.31847,1,1761166800000
2025-10-22 21:00:00+00:00,107644.9,107706.6,106606.3,107164.5,549395.18,5493.9518,587918911.31847,1,1761166800000
2025-10-22 21:00:00+00:00,107644.9,107706.6,106606.3,107164.5,549395.18,5493.9518,587918911.31847,1,1761166800000
2025-10-22 21:00:00+00:00,107644.9,107706.6,106606.3,107164.5,549395.18,5493.9518,587918911.31847,1,1761166800000
2025-10-22 21:00:00+00:00,107644.9,107706.6,106606.3,107164.5,549395.18,5493.9518,587918911.31847,1,1761166800000
2025-10-22 21:00:00+00:00,107644.9,107706.6,106606.3,107164.5,549395.18,5493.9518,587918911.31847,1,1761166800000
2025-10-22 21:00:00+00:00,107644.9,107706.6,106606.3,107164.5,549395.18,5493.9518,587918911.31847,1,1761166800000
2025-10-22 21:00:00+00:00,107644.9,107706.6,106606.3,107164.5,549395.18,5493.9518,587918911.31847,1,1761166800000
2025-10-22 21:00:00+00:00,107644.9,107706.6,106606.3,107164.5,549395.18,5493.9518,587918911.31847,1,1761166800000
2025-10-22 21:00:00+00:00,107644.9,107706.6,106606.3,107164.5,549395.18,5493.9518,587918911.31847,1,1761166800000
2025-10-22 21:00:00+00:00,107644.9,107706.6,106606.3,107164.5,549395.18,5493.9518,587918911.31847,1,1761166800000
2025-10-22 21:00:00+00:00,107644.9,107706.6,106606.3,107164.5,549395.18,5493.9518,587918911.31847,1,1761166800000
2025-10-22 21:00:00+00:00,107644.9,107706.6,106606.3,107164.5,549395.18,5493.9518,587918911.31847,1,1761166800000
2025-10-22 21:00:00+00:00,107644.9,107706.6,106606.3,107164.5,549395.18,5493.9518,587918911.31847,1,1761166800000
2025-10-22 21:00:00+00:00,107644.9,107706.6,106606.3,107164.5,549395.18,5493.9518,587918911.31847,1,1761166800000
2025-10-22 21:00:00+00:00,107644.9,107706.6,106606.3,107164.5,549395.18,5493.9518,587918911.31847,1,1761166800000
2025-10-22 21:00:00+00:00,107644.9,107706.6,106606.3,107164.5,549395.18,5493.9518,587918911.31847,1,1761166800000
2025-10-22 21:00:00+00:00,107644.9,107706.6,106606.3,107164.5,549395.18,5493.9518,587918911.31847,1,1761166800000
2025-10-22 21:00:00+00:00,107644.9,107706.6,106606.3,107164.5,549395.18,5493.9518,587918911.31847,1,1761166800000
2025-10-22 21:00:00+00:00,107644.9,107706.6,106606.3,107164.5,549395.18,5493.9518,587918911.31847,1,1761166800000
2025-10-22 21:00:00+00:00,107644.9,107706.6,106606.3,107164.5,549395.18,5493.9518,587918911.31847,1,1761166800000
2025-10-22 21:00:00+00:00,107644.9,107706.6,106606.3,107164.5,549395.18,5493.9518,587918911.31847,1,1761166800000
2025-10-22 21:00:00+00:00,107644.9,107706.6,106606.3,107164.5,549395.18,5493.9518,587918911.31847,1,1761166800000
2025-10-22 21:00:00+00:00,107644.9,107706.6,106606.3,107164.5,549395.18,5493.9518,587918911.31847,1,1761166800000
2025-10-22 21:00:00+00:00,107644.9,107706.6,106606.3,107164.5,549395.18,5493.9518,587918911.31847,1,1761166800000
2025-10-22 21:00:00+00:00,107644.9,107706.6,106606.3,107164.5,549395.18,5493.9518,587918911.31847,1,1761166800000
2025-10-22 21:00:00+00:00,107644.9,107706.6,106606.3,107164.5,549395.18,5493.9518,587918911.31847,1,1761166800000
2025-10-22 21:00:00+00:00,107644.9,107706.6,106606.3,107164.5,549395.18,5493.9518,587918911.31847,1,1761166800000
2025-10-22 21:00:00+00:00,107644.9,107706.6,106606.3,107164.5,549395.18,5493.9518,587918911.31847,1,1761166800000
2025-10-22 21:00:00+00:00,107644.9,107706.6,106606.3,107164.5,549395.18,5493.9518,587918911.31847,1,1761166800000
2025-10-22 21:00:00+00:00,107644.9,107706.6,106606.3,107164.5,549395.18,5493.9518,587918911.31847,1,1761166800000
2025-10-22 21:00:00+00:00,107644.9,107706.6,106606.3,107164.5,549395.18,5493.9518,587918911.31847,1,1761166800000
2025-10-22 21:00:00+00:00,107644.9,107706.6,106606.3,107164.5,549395.18,5493.9518,587918911.31847,1,1761166800000
2025-10-22 21:00:00+00:00,107644.9,107706.6,106606.3,107164.5,549395.18,5493.9518,587918911.31847,1,1761166800000
2025-10-22 21:00:00+00:00,107644.9,107706.6,106606.3,107164.5,549395.18,5493.9518,587918911.31847,1,1761166800000
2025-10-22 21:00:00+00:00,107644.9,107706.6,106606.3,107164.5,549395.18,5493.9518,587918911.31847,1,1761166800000
2025-10-22 21:00:00+00:00,107644.9,107706.6,106606.3,107164.5,549395.18,5493.9518,587918911.31847,1,1761166800000
2025-10-22 21:00:00+00:00,107644.9,107706.6,106606.3,107164.5,549395.18,5493.9518,587918911.31847,1,1761166800000
2025-10-22 21:00:00+00:00,107644.9,107706.6,106606.3,107164.5,549395.18,5493.9518,587918911.31847,1,1761166800000
2025-10-22 21:00:00+00:00,107644.9,107706.6,106606.3,107164.5,549395.18,5493.9518,587918911.31847,1,1761166800000
2025-10-22 21:00:00+00:00,107644.9,107706.6,106606.3,107164.5,549395.18,5493.9518,587918911.31847,1,1761166800000
2025-10-22 21:00:00+00:00,107644.9,107706.6,106606.3,107164.5,549395.18,5493.9518,587918911.31847,1,1761166800000
2025-10-22 21:00:00+00:00,107644.9,107706.6,106606.3,107164.5,549395.18,5493.9518,587918911.31847,1,1761166800000
2025-10-22 21:00:00+00:00,107644.9,107706.6,106606.3,107164.5,549395.18,5493.9518,587918911.31847,1,1761166800000
2025-10-22 21:00:00+00:00,107644.9,107706.6,106606.3,107164.5,549395.18,5493.9518,587918911.31847,1,1761166800000
2025-10-22 21:00:00+00:00,107644.9,107706.6,106606.3,107164.5,549395.18,5493.9518,587918911.31847,1,1761166800000
2025-10-22 21:00:00+00:00,107644.9,107706.6,106606.3,107164.5,549395.18,5493.9518,587918911.31847,1,1761166800000
2025-10-22 21:00:00+00:00,107644.9,107706.6,106606.3,107164.5,549395.18,5493.9518,587918911.31847,1,1761166800000
2025-10-22 21:00:00+00:00,107644.9,107706.6,106606.3,107164.5,549395.18,5493.9518,587918911.31847,1,1761166800000
2025-10-22 21:00:00+00:00,107644.9,107706.6,106606.3,107164.5,549395.18,5493.9518,587918911.31847,1,1761166800000
2025-10-22 21:00:00+00:00,107644.9,107706.6,106606.3,107164.5,549395.18,5493.9518,587918911.31847,1,1761166800000
2025-10-22 21:00:00+00:00,107644.9,107706.6,106606.3,107164.5,549395.18,5493.9518,587918911.31847,1,1761166800000
2025-10-22 21:00:00+00:00,107644.9,107706.6,106606.3,107164.5,549395.18,5493.9518,587918911.31847,1,1761166800000
2025-10-22 21:00:00+00:00,107644.9,107706.6,106606.3,107164.5,549395.18,5493.9518,587918911.31847,1,1761166800000
2025-10-22 21:00:00+00:00,107644.9,107706.6,106606.3,107164.5,549395.18,5493.9518,587918911.31847,1,1761166800000
2025-10-22 21:00:00+00:00,107644.9,107706.6,106606.3,107164.5,549395.18,5493.9518,587918911.31847,1,1761166800000
2025-10-22 21:00:00+00:00,107644.9,107706.6,106606.3,107164.5,549395.18,5493.9518,587918911.31847,1,1761166800000
2025-10-22 22:00:00+00:00,107164.5,107640,106861.3,107151.4,238203.96,2382.0396,255405164.48012,1,1761170400000
2025-10-22 22:00:00+00:00,107164.5,107640,106861.3,107151.4,238203.96,2382.0396,255405164.48012,1,1761170400000
2025-10-22 22:00:00+00:00,107164.5,107640,106861.3,107151.4,238203.96,2382.0396,255405164.48012,1,1761170400000
2025-10-22 22:00:00+00:00,107164.5,107640,106861.3,107151.4,238203.96,2382.0396,255405164.48012,1,1761170400000
2025-10-22 22:00:00+00:00,107164.5,107640,106861.3,107151.4,238203.96,2382.0396,255405164.48012,1,1761170400000
2025-10-22 22:00:00+00:00,107164.5,107640,106861.3,107151.4,238203.96,2382.0396,255405164.48012,1,1761170400000
2025-10-22 22:00:00+00:00,107164.5,107640,106861.3,107151.4,238203.96,2382.0396,255405164.48012,1,1761170400000
2025-10-22 22:00:00+00:00,107164.5,107640,106861.3,107151.4,238203.96,2382.0396,255405164.48012,1,1761170400000
2025-10-22 22:00:00+00:00,107164.5,107640,106861.3,107151.4,238203.96,2382.0396,255405164.48012,1,1761170400000
2025-10-22 22:00:00+00:00,107164.5,107640,106861.3,107151.4,238203.96,2382.0396,255405164.48012,1,1761170400000
2025-10-22 22:00:00+00:00,107164.5,107640,106861.3,107151.4,238203.96,2382.0396,255405164.48012,1,1761170400000
2025-10-22 22:00:00+00:00,107164.5,107640,106861.3,107151.4,238203.96,2382.0396,255405164.48012,1,1761170400000
2025-10-22 22:00:00+00:00,107164.5,107640,106861.3,107151.4,238203.96,2382.0396,255405164.48012,1,1761170400000
2025-10-22 22:00:00+00:00,107164.5,107640,106861.3,107151.4,238203.96,2382.0396,255405164.48012,1,1761170400000
2025-10-22 22:00:00+00:00,107164.5,107640,106861.3,107151.4,238203.96,2382.0396,255405164.48012,1,1761170400000
2025-10-22 22:00:00+00:00,107164.5,107640,106861.3,107151.4,238203.96,2382.0396,255405164.48012,1,1761170400000
2025-10-22 22:00:00+00:00,107164.5,107640,106861.3,107151.4,238203.96,2382.0396,255405164.48012,1,1761170400000
2025-10-22 22:00:00+00:00,107164.5,107640,106861.3,107151.4,238203.96,2382.0396,255405164.48012,1,1761170400000
2025-10-22 22:00:00+00:00,107164.5,107640,106861.3,107151.4,238203.96,2382.0396,255405164.48012,1,1761170400000
2025-10-22 22:00:00+00:00,107164.5,107640,106861.3,107151.4,238203.96,2382.0396,255405164.48012,1,1761170400000
2025-10-22 22:00:00+00:00,107164.5,107640,106861.3,107151.4,238203.96,2382.0396,255405164.48012,1,1761170400000
2025-10-22 22:00:00+00:00,107164.5,107640,106861.3,107151.4,238203.96,2382.0396,255405164.48012,1,1761170400000
2025-10-22 22:00:00+00:00,107164.5,107640,106861.3,107151.4,238203.96,2382.0396,255405164.48012,1,1761170400000
2025-10-22 22:00:00+00:00,107164.5,107640,106861.3,107151.4,238203.96,2382.0396,255405164.48012,1,1761170400000
2025-10-22 22:00:00+00:00,107164.5,107640,106861.3,107151.4,238203.96,2382.0396,255405164.48012,1,1761170400000
2025-10-22 22:00:00+00:00,107164.5,107640,106861.3,107151.4,238203.96,2382.0396,255405164.48012,1,1761170400000
2025-10-22 22:00:00+00:00,107164.5,107640,106861.3,107151.4,238203.96,2382.0396,255405164.48012,1,1761170400000
2025-10-22 22:00:00+00:00,107164.5,107640,106861.3,107151.4,238203.96,2382.0396,255405164.48012,1,1761170400000
2025-10-22 22:00:00+00:00,107164.5,107640,106861.3,107151.4,238203.96,2382.0396,255405164.48012,1,1761170400000
2025-10-22 22:00:00+00:00,107164.5,107640,106861.3,107151.4,238203.96,2382.0396,255405164.48012,1,1761170400000
2025-10-22 22:00:00+00:00,107164.5,107640,106861.3,107151.4,238203.96,2382.0396,255405164.48012,1,1761170400000
2025-10-22 22:00:00+00:00,107164.5,107640,106861.3,107151.4,238203.96,2382.0396,255405164.48012,1,1761170400000
2025-10-22 22:00:00+00:00,107164.5,107640,106861.3,107151.4,238203.96,2382.0396,255405164.48012,1,1761170400000
2025-10-22 22:00:00+00:00,107164.5,107640,106861.3,107151.4,238203.96,2382.0396,255405164.48012,1,1761170400000
2025-10-22 22:00:00+00:00,107164.5,107640,106861.3,107151.4,238203.96,2382.0396,255405164.48012,1,1761170400000
2025-10-22 22:00:00+00:00,107164.5,107640,106861.3,107151.4,238203.96,2382.0396,255405164.48012,1,1761170400000
2025-10-22 22:00:00+00:00,107164.5,107640,106861.3,107151.4,238203.96,2382.0396,255405164.48012,1,1761170400000
2025-10-22 22:00:00+00:00,107164.5,107640,106861.3,107151.4,238203.96,2382.0396,255405164.48012,1,1761170400000
2025-10-22 22:00:00+00:00,107164.5,107640,106861.3,107151.4,238203.96,2382.0396,255405164.48012,1,1761170400000
2025-10-22 22:00:00+00:00,107164.5,107640,106861.3,107151.4,238203.96,2382.0396,255405164.48012,1,1761170400000
2025-10-22 22:00:00+00:00,107164.5,107640,106861.3,107151.4,238203.96,2382.0396,255405164.48012,1,1761170400000
2025-10-22 22:00:00+00:00,107164.5,107640,106861.3,107151.4,238203.96,2382.0396,255405164.48012,1,1761170400000
2025-10-22 22:00:00+00:00,107164.5,107640,106861.3,107151.4,238203.96,2382.0396,255405164.48012,1,1761170400000
2025-10-22 22:00:00+00:00,107164.5,107640,106861.3,107151.4,238203.96,2382.0396,255405164.48012,1,1761170400000
2025-10-22 22:00:00+00:00,107164.5,107640,106861.3,107151.4,238203.96,2382.0396,255405164.48012,1,1761170400000
2025-10-22 22:00:00+00:00,107164.5,107640,106861.3,107151.4,238203.96,2382.0396,255405164.48012,1,1761170400000
2025-10-22 22:00:00+00:00,107164.5,107640,106861.3,107151.4,238203.96,2382.0396,255405164.48012,1,1761170400000
2025-10-22 22:00:00+00:00,107164.5,107640,106861.3,107151.4,238203.96,2382.0396,255405164.48012,1,1761170400000
2025-10-22 22:00:00+00:00,107164.5,107640,106861.3,107151.4,238203.96,2382.0396,255405164.48012,1,1761170400000
2025-10-22 22:00:00+00:00,107164.5,107640,106861.3,107151.4,238203.96,2382.0396,255405164.48012,1,1761170400000
2025-10-22 22:00:00+00:00,107164.5,107640,106861.3,107151.4,238203.96,2382.0396,255405164.48012,1,1761170400000
2025-10-22 22:00:00+00:00,107164.5,107640,106861.3,107151.4,238203.96,2382.0396,255405164.48012,1,1761170400000
2025-10-22 22:00:00+00:00,107164.5,107640,106861.3,107151.4,238203.96,2382.0396,255405164.48012,1,1761170400000
2025-10-22 22:00:00+00:00,107164.5,107640,106861.3,107151.4,238203.96,2382.0396,255405164.48012,1,1761170400000
2025-10-22 22:00:00+00:00,107164.5,107640,106861.3,107151.4,238203.96,2382.0396,255405164.48012,1,1761170400000
2025-10-22 22:00:00+00:00,107164.5,107640,106861.3,107151.4,238203.96,2382.0396,255405164.48012,1,1761170400000
2025-10-22 22:00:00+00:00,107164.5,107640,106861.3,107151.4,238203.96,2382.0396,255405164.48012,1,1761170400000
2025-10-22 22:00:00+00:00,107164.5,107640,106861.3,107151.4,238203.96,2382.0396,255405164.48012,1,1761170400000
2025-10-22 22:00:00+00:00,107164.5,107640,106861.3,107151.4,238203.96,2382.0396,255405164.48012,1,1761170400000
2025-10-22 23:00:00+00:00,107151.5,107920,107122.6,107530.5,228219.98,2282.1998,245565539.69229,1,1761174000000
2025-10-22 23:00:00+00:00,107151.5,107920,107122.6,107530.5,228219.98,2282.1998,245565539.69229,1,1761174000000
2025-10-22 23:00:00+00:00,107151.5,107920,107122.6,107530.5,228219.98,2282.1998,245565539.69229,1,1761174000000
2025-10-22 23:00:00+00:00,107151.5,107920,107122.6,107530.5,228219.98,2282.1998,245565539.69229,1,1761174000000
2025-10-22 23:00:00+00:00,107151.5,107920,107122.6,107530.5,228219.98,2282.1998,245565539.69229,1,1761174000000
2025-10-22 23:00:00+00:00,107151.5,107920,107122.6,107530.5,228219.98,2282.1998,245565539.69229,1,1761174000000
2025-10-22 23:00:00+00:00,107151.5,107920,107122.6,107530.5,228219.98,2282.1998,245565539.69229,1,1761174000000
2025-10-22 23:00:00+00:00,107151.5,107920,107122.6,107530.5,228219.98,2282.1998,245565539.69229,1,1761174000000
2025-10-22 23:00:00+00:00,107151.5,107920,107122.6,107530.5,228219.98,2282.1998,245565539.69229,1,1761174000000
2025-10-22 23:00:00+00:00,107151.5,107920,107122.6,107530.5,228219.98,2282.1998,245565539.69229,1,1761174000000
2025-10-22 23:00:00+00:00,107151.5,107920,107122.6,107530.5,228219.98,2282.1998,245565539.69229,1,1761174000000
2025-10-22 23:00:00+00:00,107151.5,107920,107122.6,107530.5,228219.98,2282.1998,245565539.69229,1,1761174000000
2025-10-22 23:00:00+00:00,107151.5,107920,107122.6,107530.5,228219.98,2282.1998,245565539.69229,1,1761174000000
2025-10-22 23:00:00+00:00,107151.5,107920,107122.6,107530.5,228219.98,2282.1998,245565539.69229,1,1761174000000
2025-10-22 23:00:00+00:00,107151.5,107920,107122.6,107530.5,228219.98,2282.1998,245565539.69229,1,1761174000000
2025-10-22 23:00:00+00:00,107151.5,107920,107122.6,107530.5,228219.98,2282.1998,245565539.69229,1,1761174000000
2025-10-22 23:00:00+00:00,107151.5,107920,107122.6,107530.5,228219.98,2282.1998,245565539.69229,1,1761174000000
2025-10-22 23:00:00+00:00,107151.5,107920,107122.6,107530.5,228219.98,2282.1998,245565539.69229,1,1761174000000
2025-10-22 23:00:00+00:00,107151.5,107920,107122.6,107530.5,228219.98,2282.1998,245565539.69229,1,1761174000000
2025-10-22 23:00:00+00:00,107151.5,107920,107122.6,107530.5,228219.98,2282.1998,245565539.69229,1,1761174000000
2025-10-22 23:00:00+00:00,107151.5,107920,107122.6,107530.5,228219.98,2282.1998,245565539.69229,1,1761174000000
2025-10-22 23:00:00+00:00,107151.5,107920,107122.6,107530.5,228219.98,2282.1998,245565539.69229,1,1761174000000
2025-10-22 23:00:00+00:00,107151.5,107920,107122.6,107530.5,228219.98,2282.1998,245565539.69229,1,1761174000000
2025-10-22 23:00:00+00:00,107151.5,107920,107122.6,107530.5,228219.98,2282.1998,245565539.69229,1,1761174000000
2025-10-22 23:00:00+00:00,107151.5,107920,107122.6,107530.5,228219.98,2282.1998,245565539.69229,1,1761174000000
2025-10-22 23:00:00+00:00,107151.5,107920,107122.6,107530.5,228219.98,2282.1998,245565539.69229,1,1761174000000
2025-10-22 23:00:00+00:00,107151.5,107920,107122.6,107530.5,228219.98,2282.1998,245565539.69229,1,1761174000000
2025-10-22 23:00:00+00:00,107151.5,107920,107122.6,107530.5,228219.98,2282.1998,245565539.69229,1,1761174000000
2025-10-22 23:00:00+00:00,107151.5,107920,107122.6,107530.5,228219.98,2282.1998,245565539.69229,1,1761174000000
2025-10-22 23:00:00+00:00,107151.5,107920,107122.6,107530.5,228219.98,2282.1998,245565539.69229,1,1761174000000
2025-10-22 23:00:00+00:00,107151.5,107920,107122.6,107530.5,228219.98,2282.1998,245565539.69229,1,1761174000000
2025-10-22 23:00:00+00:00,107151.5,107920,107122.6,107530.5,228219.98,2282.1998,245565539.69229,1,1761174000000
2025-10-22 23:00:00+00:00,107151.5,107920,107122.6,107530.5,228219.98,2282.1998,245565539.69229,1,1761174000000
2025-10-22 23:00:00+00:00,107151.5,107920,107122.6,107530.5,228219.98,2282.1998,245565539.69229,1,1761174000000
2025-10-22 23:00:00+00:00,107151.5,107920,107122.6,107530.5,228219.98,2282.1998,245565539.69229,1,1761174000000
2025-10-22 23:00:00+00:00,107151.5,107920,107122.6,107530.5,228219.98,2282.1998,245565539.69229,1,1761174000000
2025-10-22 23:00:00+00:00,107151.5,107920,107122.6,107530.5,228219.98,2282.1998,245565539.69229,1,1761174000000
2025-10-22 23:00:00+00:00,107151.5,107920,107122.6,107530.5,228219.98,2282.1998,245565539.69229,1,1761174000000
2025-10-22 23:00:00+00:00,107151.5,107920,107122.6,107530.5,228219.98,2282.1998,245565539.69229,1,1761174000000
2025-10-22 23:00:00+00:00,107151.5,107920,107122.6,107530.5,228219.98,2282.1998,245565539.69229,1,1761174000000
2025-10-22 23:00:00+00:00,107151.5,107920,107122.6,107530.5,228219.98,2282.1998,245565539.69229,1,1761174000000
2025-10-22 23:00:00+00:00,107151.5,107920,107122.6,107530.5,228219.98,2282.1998,245565539.69229,1,1761174000000
2025-10-22 23:00:00+00:00,107151.5,107920,107122.6,107530.5,228219.98,2282.1998,245565539.69229,1,1761174000000
2025-10-22 23:00:00+00:00,107151.5,107920,107122.6,107530.5,228219.98,2282.1998,245565539.69229,1,1761174000000
2025-10-22 23:00:00+00:00,107151.5,107920,107122.6,107530.5,228219.98,2282.1998,245565539.69229,1,1761174000000
2025-10-22 23:00:00+00:00,107151.5,107920,107122.6,107530.5,228219.98,2282.1998,245565539.69229,1,1761174000000
2025-10-22 23:00:00+00:00,107151.5,107920,107122.6,107530.5,228219.98,2282.1998,245565539.69229,1,1761174000000
2025-10-22 23:00:00+00:00,107151.5,107920,107122.6,107530.5,228219.98,2282.1998,245565539.69229,1,1761174000000
2025-10-22 23:00:00+00:00,107151.5,107920,107122.6,107530.5,228219.98,2282.1998,245565539.69229,1,1761174000000
2025-10-22 23:00:00+00:00,107151.5,107920,107122.6,107530.5,228219.98,2282.1998,245565539.69229,1,1761174000000
2025-10-22 23:00:00+00:00,107151.5,107920,107122.6,107530.5,228219.98,2282.1998,245565539.69229,1,1761174000000
2025-10-22 23:00:00+00:00,107151.5,107920,107122.6,107530.5,228219.98,2282.1998,245565539.69229,1,1761174000000
2025-10-22 23:00:00+00:00,107151.5,107920,107122.6,107530.5,228219.98,2282.1998,245565539.69229,1,1761174000000
2025-10-22 23:00:00+00:00,107151.5,107920,107122.6,107530.5,228219.98,2282.1998,245565539.69229,1,1761174000000
2025-10-22 23:00:00+00:00,107151.5,107920,107122.6,107530.5,228219.98,2282.1998,245565539.69229,1,1761174000000
2025-10-22 23:00:00+00:00,107151.5,107920,107122.6,107530.5,228219.98,2282.1998,245565539.69229,1,1761174000000
2025-10-22 23:00:00+00:00,107151.5,107920,107122.6,107530.5,228219.98,2282.1998,245565539.69229,1,1761174000000
2025-10-22 23:00:00+00:00,107151.5,107920,107122.6,107530.5,228219.98,2282.1998,245565539.69229,1,1761174000000
2025-10-22 23:00:00+00:00,107151.5,107920,107122.6,107530.5,228219.98,2282.1998,245565539.69229,1,1761174000000
2025-10-22 23:00:00+00:00,107151.5,107920,107122.6,107530.5,228219.98,2282.1998,245565539.69229,1,1761174000000
2025-10-23 00:00:00+00:00,107530.5,107955.2,107456,107814.1,122279.71,1222.7971,131656408.13706,1,1761177600000
2025-10-23 00:00:00+00:00,107530.5,107955.2,107456,107814.1,122279.71,1222.7971,131656408.13706,1,1761177600000
2025-10-23 00:00:00+00:00,107530.5,107955.2,107456,107814.1,122279.71,1222.7971,131656408.13706,1,1761177600000
2025-10-23 00:00:00+00:00,107530.5,107955.2,107456,107814.1,122279.71,1222.7971,131656408.13706,1,1761177600000
2025-10-23 00:00:00+00:00,107530.5,107955.2,107456,107814.1,122279.71,1222.7971,131656408.13706,1,1761177600000
2025-10-23 00:00:00+00:00,107530.5,107955.2,107456,107814.1,122279.71,1222.7971,131656408.13706,1,1761177600000
2025-10-23 00:00:00+00:00,107530.5,107955.2,107456,107814.1,122279.71,1222.7971,131656408.13706,1,1761177600000
2025-10-23 00:00:00+00:00,107530.5,107955.2,107456,107814.1,122279.71,1222.7971,131656408.13706,1,1761177600000
2025-10-23 00:00:00+00:00,107530.5,107955.2,107456,107814.1,122279.71,1222.7971,131656408.13706,1,1761177600000
2025-10-23 00:00:00+00:00,107530.5,107955.2,107456,107814.1,122279.71,1222.7971,131656408.13706,1,1761177600000
2025-10-23 00:00:00+00:00,107530.5,107955.2,107456,107814.1,122279.71,1222.7971,131656408.13706,1,1761177600000
2025-10-23 00:00:00+00:00,107530.5,107955.2,107456,107814.1,122279.71,1222.7971,131656408.13706,1,1761177600000
2025-10-23 00:00:00+00:00,107530.5,107955.2,107456,107814.1,122279.71,1222.7971,131656408.13706,1,1761177600000
2025-10-23 00:00:00+00:00,107530.5,107955.2,107456,107814.1,122279.71,1222.7971,131656408.13706,1,1761177600000
2025-10-23 00:00:00+00:00,107530.5,107955.2,107456,107814.1,122279.71,1222.7971,131656408.13706,1,1761177600000
2025-10-23 00:00:00+00:00,107530.5,107955.2,107456,107814.1,122279.71,1222.7971,131656408.13706,1,1761177600000
2025-10-23 00:00:00+00:00,107530.5,107955.2,107456,107814.1,122279.71,1222.7971,131656408.13706,1,1761177600000
2025-10-23 00:00:00+00:00,107530.5,107955.2,107456,107814.1,122279.71,1222.7971,131656408.13706,1,1761177600000
2025-10-23 00:00:00+00:00,107530.5,107955.2,107456,107814.1,122279.71,1222.7971,131656408.13706,1,1761177600000
2025-10-23 00:00:00+00:00,107530.5,107955.2,107456,107814.1,122279.71,1222.7971,131656408.13706,1,1761177600000
2025-10-23 00:00:00+00:00,107530.5,107955.2,107456,107814.1,122279.71,1222.7971,131656408.13706,1,1761177600000
2025-10-23 00:00:00+00:00,107530.5,107955.2,107456,107814.1,122279.71,1222.7971,131656408.13706,1,1761177600000
2025-10-23 00:00:00+00:00,107530.5,107955.2,107456,107814.1,122279.71,1222.7971,131656408.13706,1,1761177600000
2025-10-23 00:00:00+00:00,107530.5,107955.2,107456,107814.1,122279.71,1222.7971,131656408.13706,1,1761177600000
2025-10-23 00:00:00+00:00,107530.5,107955.2,107456,107814.1,122279.71,1222.7971,131656408.13706,1,1761177600000
2025-10-23 00:00:00+00:00,107530.5,107955.2,107456,107814.1,122279.71,1222.7971,131656408.13706,1,1761177600000
2025-10-23 00:00:00+00:00,107530.5,107955.2,107456,107814.1,122279.71,1222.7971,131656408.13706,1,1761177600000
2025-10-23 00:00:00+00:00,107530.5,107955.2,107456,107814.1,122279.71,1222.7971,131656408.13706,1,1761177600000
2025-10-23 00:00:00+00:00,107530.5,107955.2,107456,107814.1,122279.71,1222.7971,131656408.13706,1,1761177600000
2025-10-23 00:00:00+00:00,107530.5,107955.2,107456,107814.1,122279.71,1222.7971,131656408.13706,1,1761177600000
2025-10-23 00:00:00+00:00,107530.5,107955.2,107456,107814.1,122279.71,1222.7971,131656408.13706,1,1761177600000
2025-10-23 00:00:00+00:00,107530.5,107955.2,107456,107814.1,122279.71,1222.7971,131656408.13706,1,1761177600000
2025-10-23 00:00:00+00:00,107530.5,107955.2,107456,107814.1,122279.71,1222.7971,131656408.13706,1,1761177600000
2025-10-23 00:00:00+00:00,107530.5,107955.2,107456,107814.1,122279.71,1222.7971,131656408.13706,1,1761177600000
2025-10-23 00:00:00+00:00,107530.5,107955.2,107456,107814.1,122279.71,1222.7971,131656408.13706,1,1761177600000
2025-10-23 00:00:00+00:00,107530.5,107955.2,107456,107814.1,122279.71,1222.7971,131656408.13706,1,1761177600000
2025-10-23 00:00:00+00:00,107530.5,107955.2,107456,107814.1,122279.71,1222.7971,131656408.13706,1,1761177600000
2025-10-23 00:00:00+00:00,107530.5,107955.2,107456,107814.1,122279.71,1222.7971,131656408.13706,1,1761177600000
2025-10-23 00:00:00+00:00,107530.5,107955.2,107456,107814.1,122279.71,1222.7971,131656408.13706,1,1761177600000
2025-10-23 00:00:00+00:00,107530.5,107955.2,107456,107814.1,122279.71,1222.7971,131656408.13706,1,1761177600000
2025-10-23 00:00:00+00:00,107530.5,107955.2,107456,107814.1,122279.71,1222.7971,131656408.13706,1,1761177600000
2025-10-23 00:00:00+00:00,107530.5,107955.2,107456,107814.1,122279.71,1222.7971,131656408.13706,1,1761177600000
2025-10-23 00:00:00+00:00,107530.5,107955.2,107456,107814.1,122279.71,1222.7971,131656408.13706,1,1761177600000
2025-10-23 00:00:00+00:00,107530.5,107955.2,107456,107814.1,122279.71,1222.7971,131656408.13706,1,1761177600000
2025-10-23 00:00:00+00:00,107530.5,107955.2,107456,107814.1,122279.71,1222.7971,131656408.13706,1,1761177600000
2025-10-23 00:00:00+00:00,107530.5,107955.2,107456,107814.1,122279.71,1222.7971,131656408.13706,1,1761177600000
2025-10-23 00:00:00+00:00,107530.5,107955.2,107456,107814.1,122279.71,1222.7971,131656408.13706,1,1761177600000
2025-10-23 00:00:00+00:00,107530.5,107955.2,107456,107814.1,122279.71,1222.7971,131656408.13706,1,1761177600000
2025-10-23 00:00:00+00:00,107530.5,107955.2,107456,107814.1,122279.71,1222.7971,131656408.13706,1,1761177600000
2025-10-23 00:00:00+00:00,107530.5,107955.2,107456,107814.1,122279.71,1222.7971,131656408.13706,1,1761177600000
2025-10-23 00:00:00+00:00,107530.5,107955.2,107456,107814.1,122279.71,1222.7971,131656408.13706,1,1761177600000
2025-10-23 00:00:00+00:00,107530.5,107955.2,107456,107814.1,122279.71,1222.7971,131656408.13706,1,1761177600000
2025-10-23 00:00:00+00:00,107530.5,107955.2,107456,107814.1,122279.71,1222.7971,131656408.13706,1,1761177600000
2025-10-23 00:00:00+00:00,107530.5,107955.2,107456,107814.1,122279.71,1222.7971,131656408.13706,1,1761177600000
2025-10-23 00:00:00+00:00,107530.5,107955.2,107456,107814.1,122279.71,1222.7971,131656408.13706,1,1761177600000
2025-10-23 00:00:00+00:00,107530.5,107955.2,107456,107814.1,122279.71,1222.7971,131656408.13706,1,1761177600000
2025-10-23 00:00:00+00:00,107530.5,107955.2,107456,107814.1,122279.71,1222.7971,131656408.13706,1,1761177600000
2025-10-23 00:00:00+00:00,107530.5,107955.2,107456,107814.1,122279.71,1222.7971,131656408.13706,1,1761177600000
2025-10-23 00:00:00+00:00,107530.5,107955.2,107456,107814.1,122279.71,1222.7971,131656408.13706,1,1761177600000
2025-10-23 00:00:00+00:00,107530.5,107955.2,107456,107814.1,122279.71,1222.7971,131656408.13706,1,1761177600000
2025-10-23 00:00:00+00:00,107530.5,107955.2,107456,107814.1,122279.71,1222.7971,131656408.13706,1,1761177600000
2025-10-23 01:00:00+00:00,107814.1,108510,107749,108106.2,340754.3,3407.543,368738269.32926,1,1761181200000
2025-10-23 01:00:00+00:00,107814.1,108510,107749,108106.2,340754.3,3407.543,368738269.32926,1,1761181200000
2025-10-23 01:00:00+00:00,107814.1,108510,107749,108106.2,340754.3,3407.543,368738269.32926,1,1761181200000
2025-10-23 01:00:00+00:00,107814.1,108510,107749,108106.2,340754.3,3407.543,368738269.32926,1,1761181200000
2025-10-23 01:00:00+00:00,107814.1,108510,107749,108106.2,340754.3,3407.543,368738269.32926,1,1761181200000
2025-10-23 01:00:00+00:00,107814.1,108510,107749,108106.2,340754.3,3407.543,368738269.32926,1,1761181200000
2025-10-23 01:00:00+00:00,107814.1,108510,107749,108106.2,340754.3,3407.543,368738269.32926,1,1761181200000
2025-10-23 01:00:00+00:00,107814.1,108510,107749,108106.2,340754.3,3407.543,368738269.32926,1,1761181200000
2025-10-23 01:00:00+00:00,107814.1,108510,107749,108106.2,340754.3,3407.543,368738269.32926,1,1761181200000
2025-10-23 01:00:00+00:00,107814.1,108510,107749,108106.2,340754.3,3407.543,368738269.32926,1,1761181200000
2025-10-23 01:00:00+00:00,107814.1,108510,107749,108106.2,340754.3,3407.543,368738269.32926,1,1761181200000
2025-10-23 01:00:00+00:00,107814.1,108510,107749,108106.2,340754.3,3407.543,368738269.32926,1,1761181200000
2025-10-23 01:00:00+00:00,107814.1,108510,107749,108106.2,340754.3,3407.543,368738269.32926,1,1761181200000
2025-10-23 01:00:00+00:00,107814.1,108510,107749,108106.2,340754.3,3407.543,368738269.32926,1,1761181200000
2025-10-23 01:00:00+00:00,107814.1,108510,107749,108106.2,340754.3,3407.543,368738269.32926,1,1761181200000
2025-10-23 01:00:00+00:00,107814.1,108510,107749,108106.2,340754.3,3407.543,368738269.32926,1,1761181200000
2025-10-23 01:00:00+00:00,107814.1,108510,107749,108106.2,340754.3,3407.543,368738269.32926,1,1761181200000
2025-10-23 01:00:00+00:00,107814.1,108510,107749,108106.2,340754.3,3407.543,368738269.32926,1,1761181200000
2025-10-23 01:00:00+00:00,107814.1,108510,107749,108106.2,340754.3,3407.543,368738269.32926,1,1761181200000
2025-10-23 01:00:00+00:00,107814.1,108510,107749,108106.2,340754.3,3407.543,368738269.32926,1,1761181200000
2025-10-23 01:00:00+00:00,107814.1,108510,107749,108106.2,340754.3,3407.543,368738269.32926,1,1761181200000
2025-10-23 01:00:00+00:00,107814.1,108510,107749,108106.2,340754.3,3407.543,368738269.32926,1,1761181200000
2025-10-23 01:00:00+00:00,107814.1,108510,107749,108106.2,340754.3,3407.543,368738269.32926,1,1761181200000
2025-10-23 01:00:00+00:00,107814.1,108510,107749,108106.2,340754.3,3407.543,368738269.32926,1,1761181200000
2025-10-23 01:00:00+00:00,107814.1,108510,107749,108106.2,340754.3,3407.543,368738269.32926,1,1761181200000
2025-10-23 01:00:00+00:00,107814.1,108510,107749,108106.2,340754.3,3407.543,368738269.32926,1,1761181200000
2025-10-23 01:00:00+00:00,107814.1,108510,107749,108106.2,340754.3,3407.543,368738269.32926,1,1761181200000
2025-10-23 01:00:00+00:00,107814.1,108510,107749,108106.2,340754.3,3407.543,368738269.32926,1,1761181200000
2025-10-23 01:00:00+00:00,107814.1,108510,107749,108106.2,340754.3,3407.543,368738269.32926,1,1761181200000
2025-10-23 01:00:00+00:00,107814.1,108510,107749,108106.2,340754.3,3407.543,368738269.32926,1,1761181200000
2025-10-23 01:00:00+00:00,107814.1,108510,107749,108106.2,340754.3,3407.543,368738269.32926,1,1761181200000
2025-10-23 01:00:00+00:00,107814.1,108510,107749,108106.2,340754.3,3407.543,368738269.32926,1,1761181200000
2025-10-23 01:00:00+00:00,107814.1,108510,107749,108106.2,340754.3,3407.543,368738269.32926,1,1761181200000
2025-10-23 01:00:00+00:00,107814.1,108510,107749,108106.2,340754.3,3407.543,368738269.32926,1,1761181200000
2025-10-23 01:00:00+00:00,107814.1,108510,107749,108106.2,340754.3,3407.543,368738269.32926,1,1761181200000
2025-10-23 01:00:00+00:00,107814.1,108510,107749,108106.2,340754.3,3407.543,368738269.32926,1,1761181200000
2025-10-23 01:00:00+00:00,107814.1,108510,107749,108106.2,340754.3,3407.543,368738269.32926,1,1761181200000
2025-10-23 01:00:00+00:00,107814.1,108510,107749,108106.2,340754.3,3407.543,368738269.32926,1,1761181200000
2025-10-23 01:00:00+00:00,107814.1,108510,107749,108106.2,340754.3,3407.543,368738269.32926,1,1761181200000
2025-10-23 01:00:00+00:00,107814.1,108510,107749,108106.2,340754.3,3407.543,368738269.32926,1,1761181200000
2025-10-23 01:00:00+00:00,107814.1,108510,107749,108106.2,340754.3,3407.543,368738269.32926,1,1761181200000
2025-10-23 01:00:00+00:00,107814.1,108510,107749,108106.2,340754.3,3407.543,368738269.32926,1,1761181200000
2025-10-23 01:00:00+00:00,107814.1,108510,107749,108106.2,340754.3,3407.543,368738269.32926,1,1761181200000
2025-10-23 01:00:00+00:00,107814.1,108510,107749,108106.2,340754.3,3407.543,368738269.32926,1,1761181200000
2025-10-23 01:00:00+00:00,107814.1,108510,107749,108106.2,340754.3,3407.543,368738269.32926,1,1761181200000
2025-10-23 01:00:00+00:00,107814.1,108510,107749,108106.2,340754.3,3407.543,368738269.32926,1,1761181200000
2025-10-23 01:00:00+00:00,107814.1,108510,107749,108106.2,340754.3,3407.543,368738269.32926,1,1761181200000
2025-10-23 01:00:00+00:00,107814.1,108510,107749,108106.2,340754.3,3407.543,368738269.32926,1,1761181200000
2025-10-23 01:00:00+00:00,107814.1,108510,107749,108106.2,340754.3,3407.543,368738269.32926,1,1761181200000
2025-10-23 01:00:00+00:00,107814.1,108510,107749,108106.2,340754.3,3407.543,368738269.32926,1,1761181200000
2025-10-23 01:00:00+00:00,107814.1,108510,107749,108106.2,340754.3,3407.543,368738269.32926,1,1761181200000
2025-10-23 01:00:00+00:00,107814.1,108510,107749,108106.2,340754.3,3407.543,368738269.32926,1,1761181200000
2025-10-23 01:00:00+00:00,107814.1,108510,107749,108106.2,340754.3,3407.543,368738269.32926,1,1761181200000
2025-10-23 01:00:00+00:00,107814.1,108510,107749,108106.2,340754.3,3407.543,368738269.32926,1,1761181200000
2025-10-23 01:00:00+00:00,107814.1,108510,107749,108106.2,340754.3,3407.543,368738269.32926,1,1761181200000
2025-10-23 01:00:00+00:00,107814.1,108510,107749,108106.2,340754.3,3407.543,368738269.32926,1,1761181200000
2025-10-23 01:00:00+00:00,107814.1,108510,107749,108106.2,340754.3,3407.543,368738269.32926,1,1761181200000
2025-10-23 01:00:00+00:00,107814.1,108510,107749,108106.2,340754.3,3407.543,368738269.32926,1,1761181200000
2025-10-23 01:00:00+00:00,107814.1,108510,107749,108106.2,340754.3,3407.543,368738269.32926,1,1761181200000
2025-10-23 01:00:00+00:00,107814.1,108510,107749,108106.2,340754.3,3407.543,368738269.32926,1,1761181200000
2025-10-23 01:00:00+00:00,107814.1,108510,107749,108106.2,340754.3,3407.543,368738269.32926,1,1761181200000
2025-10-23 01:00:00+00:00,107814.1,108510,107749,108106.2,340754.3,3407.543,368738269.32926,1,1761181200000
2025-10-23 02:00:00+00:00,108106.1,108386,107999.9,108374,137300.66,1373.0066,148560064.06268,1,1761184800000
2025-10-23 02:00:00+00:00,108106.1,108386,107999.9,108374,137300.66,1373.0066,148560064.06268,1,1761184800000
2025-10-23 02:00:00+00:00,108106.1,108386,107999.9,108374,137300.66,1373.0066,148560064.06268,1,1761184800000
2025-10-23 02:00:00+00:00,108106.1,108386,107999.9,108374,137300.66,1373.0066,148560064.06268,1,1761184800000
2025-10-23 02:00:00+00:00,108106.1,108386,107999.9,108374,137300.66,1373.0066,148560064.06268,1,1761184800000
2025-10-23 02:00:00+00:00,108106.1,108386,107999.9,108374,137300.66,1373.0066,148560064.06268,1,1761184800000
2025-10-23 02:00:00+00:00,108106.1,108386,107999.9,108374,137300.66,1373.0066,148560064.06268,1,1761184800000
2025-10-23 02:00:00+00:00,108106.1,108386,107999.9,108374,137300.66,1373.0066,148560064.06268,1,1761184800000
2025-10-23 02:00:00+00:00,108106.1,108386,107999.9,108374,137300.66,1373.0066,148560064.06268,1,1761184800000
2025-10-23 02:00:00+00:00,108106.1,108386,107999.9,108374,137300.66,1373.0066,148560064.06268,1,1761184800000
2025-10-23 02:00:00+00:00,108106.1,108386,107999.9,108374,137300.66,1373.0066,148560064.06268,1,1761184800000
2025-10-23 02:00:00+00:00,108106.1,108386,107999.9,108374,137300.66,1373.0066,148560064.06268,1,1761184800000
2025-10-23 02:00:00+00:00,108106.1,108386,107999.9,108374,137300.66,1373.0066,148560064.06268,1,1761184800000
2025-10-23 02:00:00+00:00,108106.1,108386,107999.9,108374,137300.66,1373.0066,148560064.06268,1,1761184800000
2025-10-23 02:00:00+00:00,108106.1,108386,107999.9,108374,137300.66,1373.0066,148560064.06268,1,1761184800000
2025-10-23 02:00:00+00:00,108106.1,108386,107999.9,108374,137300.66,1373.0066,148560064.06268,1,1761184800000
2025-10-23 02:00:00+00:00,108106.1,108386,107999.9,108374,137300.66,1373.0066,148560064.06268,1,1761184800000
2025-10-23 02:00:00+00:00,108106.1,108386,107999.9,108374,137300.66,1373.0066,148560064.06268,1,1761184800000
2025-10-23 02:00:00+00:00,108106.1,108386,107999.9,108374,137300.66,1373.0066,148560064.06268,1,1761184800000
2025-10-23 02:00:00+00:00,108106.1,108386,107999.9,108374,137300.66,1373.0066,148560064.06268,1,1761184800000
2025-10-23 02:00:00+00:00,108106.1,108386,107999.9,108374,137300.66,1373.0066,148560064.06268,1,1761184800000
2025-10-23 02:00:00+00:00,108106.1,108386,107999.9,108374,137300.66,1373.0066,148560064.06268,1,1761184800000
2025-10-23 02:00:00+00:00,108106.1,108386,107999.9,108374,137300.66,1373.0066,148560064.06268,1,1761184800000
2025-10-23 02:00:00+00:00,108106.1,108386,107999.9,108374,137300.66,1373.0066,148560064.06268,1,1761184800000
2025-10-23 02:00:00+00:00,108106.1,108386,107999.9,108374,137300.66,1373.0066,148560064.06268,1,1761184800000
2025-10-23 02:00:00+00:00,108106.1,108386,107999.9,108374,137300.66,1373.0066,148560064.06268,1,1761184800000
2025-10-23 02:00:00+00:00,108106.1,108386,107999.9,108374,137300.66,1373.0066,148560064.06268,1,1761184800000
2025-10-23 02:00:00+00:00,108106.1,108386,107999.9,108374,137300.66,1373.0066,148560064.06268,1,1761184800000
2025-10-23 02:00:00+00:00,108106.1,108386,107999.9,108374,137300.66,1373.0066,148560064.06268,1,1761184800000
2025-10-23 02:00:00+00:00,108106.1,108386,107999.9,108374,137300.66,1373.0066,148560064.06268,1,1761184800000
2025-10-23 02:00:00+00:00,108106.1,108386,107999.9,108374,137300.66,1373.0066,148560064.06268,1,1761184800000
2025-10-23 02:00:00+00:00,108106.1,108386,107999.9,108374,137300.66,1373.0066,148560064.06268,1,1761184800000
2025-10-23 02:00:00+00:00,108106.1,108386,107999.9,108374,137300.66,1373.0066,148560064.06268,1,1761184800000
2025-10-23 02:00:00+00:00,108106.1,108386,107999.9,108374,137300.66,1373.0066,148560064.06268,1,1761184800000
2025-10-23 02:00:00+00:00,108106.1,108386,107999.9,108374,137300.66,1373.0066,148560064.06268,1,1761184800000
2025-10-23 02:00:00+00:00,108106.1,108386,107999.9,108374,137300.66,1373.0066,148560064.06268,1,1761184800000
2025-10-23 02:00:00+00:00,108106.1,108386,107999.9,108374,137300.66,1373.0066,148560064.06268,1,1761184800000
2025-10-23 02:00:00+00:00,108106.1,108386,107999.9,108374,137300.66,1373.0066,148560064.06268,1,1761184800000
2025-10-23 02:00:00+00:00,108106.1,108386,107999.9,108374,137300.66,1373.0066,148560064.06268,1,1761184800000
2025-10-23 02:00:00+00:00,108106.1,108386,107999.9,108374,137300.66,1373.0066,148560064.06268,1,1761184800000
2025-10-23 02:00:00+00:00,108106.1,108386,107999.9,108374,137300.66,1373.0066,148560064.06268,1,1761184800000
2025-10-23 02:00:00+00:00,108106.1,108386,107999.9,108374,137300.66,1373.0066,148560064.06268,1,1761184800000
2025-10-23 02:00:00+00:00,108106.1,108386,107999.9,108374,137300.66,1373.0066,148560064.06268,1,1761184800000
2025-10-23 02:00:00+00:00,108106.1,108386,107999.9,108374,137300.66,1373.0066,148560064.06268,1,1761184800000
2025-10-23 02:00:00+00:00,108106.1,108386,107999.9,108374,137300.66,1373.0066,148560064.06268,1,1761184800000
2025-10-23 02:00:00+00:00,108106.1,108386,107999.9,108374,137300.66,1373.0066,148560064.06268,1,1761184800000
2025-10-23 02:00:00+00:00,108106.1,108386,107999.9,108374,137300.66,1373.0066,148560064.06268,1,1761184800000
2025-10-23 02:00:00+00:00,108106.1,108386,107999.9,108374,137300.66,1373.0066,148560064.06268,1,1761184800000
2025-10-23 02:00:00+00:00,108106.1,108386,107999.9,108374,137300.66,1373.0066,148560064.06268,1,1761184800000
2025-10-23 02:00:00+00:00,108106.1,108386,107999.9,108374,137300.66,1373.0066,148560064.06268,1,1761184800000
2025-10-23 02:00:00+00:00,108106.1,108386,107999.9,108374,137300.66,1373.0066,148560064.06268,1,1761184800000
2025-10-23 02:00:00+00:00,108106.1,108386,107999.9,108374,137300.66,1373.0066,148560064.06268,1,1761184800000
2025-10-23 02:00:00+00:00,108106.1,108386,107999.9,108374,137300.66,1373.0066,148560064.06268,1,1761184800000
2025-10-23 02:00:00+00:00,108106.1,108386,107999.9,108374,137300.66,1373.0066,148560064.06268,1,1761184800000
2025-10-23 02:00:00+00:00,108106.1,108386,107999.9,108374,137300.66,1373.0066,148560064.06268,1,1761184800000
2025-10-23 02:00:00+00:00,108106.1,108386,107999.9,108374,137300.66,1373.0066,148560064.06268,1,1761184800000
2025-10-23 02:00:00+00:00,108106.1,108386,107999.9,108374,137300.66,1373.0066,148560064.06268,1,1761184800000
2025-10-23 02:00:00+00:00,108106.1,108386,107999.9,108374,137300.66,1373.0066,148560064.06268,1,1761184800000
2025-10-23 02:00:00+00:00,108106.1,108386,107999.9,108374,137300.66,1373.0066,148560064.06268,1,1761184800000
2025-10-23 02:00:00+00:00,108106.1,108386,107999.9,108374,137300.66,1373.0066,148560064.06268,1,1761184800000
2025-10-23 02:00:00+00:00,108106.1,108386,107999.9,108374,137300.66,1373.0066,148560064.06268,1,1761184800000
2025-10-23 02:00:00+00:00,108106.1,108386,107999.9,108374,137300.66,1373.0066,148560064.06268,1,1761184800000
2025-10-23 02:00:00+00:00,108106.1,108386,107999.9,108374,137300.66,1373.0066,148560064.06268,1,1761184800000
2025-10-23 03:00:00+00:00,108373.9,108670.7,108267,108309.9,210327.37,2103.2737,228184422.78103,1,1761188400000
2025-10-23 03:00:00+00:00,108373.9,108670.7,108267,108309.9,210327.37,2103.2737,228184422.78103,1,1761188400000
2025-10-23 03:00:00+00:00,108373.9,108670.7,108267,108309.9,210327.37,2103.2737,228184422.78103,1,1761188400000
2025-10-23 03:00:00+00:00,108373.9,108670.7,108267,108309.9,210327.37,2103.2737,228184422.78103,1,1761188400000
2025-10-23 03:00:00+00:00,108373.9,108670.7,108267,108309.9,210327.37,2103.2737,228184422.78103,1,1761188400000
2025-10-23 03:00:00+00:00,108373.9,108670.7,108267,108309.9,210327.37,2103.2737,228184422.78103,1,1761188400000
2025-10-23 03:00:00+00:00,108373.9,108670.7,108267,108309.9,210327.37,2103.2737,228184422.78103,1,1761188400000
2025-10-23 03:00:00+00:00,108373.9,108670.7,108267,108309.9,210327.37,2103.2737,228184422.78103,1,1761188400000
2025-10-23 03:00:00+00:00,108373.9,108670.7,108267,108309.9,210327.37,2103.2737,228184422.78103,1,1761188400000
2025-10-23 03:00:00+00:00,108373.9,108670.7,108267,108309.9,210327.37,2103.2737,228184422.78103,1,1761188400000
2025-10-23 03:00:00+00:00,108373.9,108670.7,108267,108309.9,210327.37,2103.2737,228184422.78103,1,1761188400000
2025-10-23 03:00:00+00:00,108373.9,108670.7,108267,108309.9,210327.37,2103.2737,228184422.78103,1,1761188400000
2025-10-23 03:00:00+00:00,108373.9,108670.7,108267,108309.9,210327.37,2103.2737,228184422.78103,1,1761188400000
2025-10-23 03:00:00+00:00,108373.9,108670.7,108267,108309.9,210327.37,2103.2737,228184422.78103,1,1761188400000
2025-10-23 03:00:00+00:00,108373.9,108670.7,108267,108309.9,210327.37,2103.2737,228184422.78103,1,1761188400000
2025-10-23 03:00:00+00:00,108373.9,108670.7,108267,108309.9,210327.37,2103.2737,228184422.78103,1,1761188400000
2025-10-23 03:00:00+00:00,108373.9,108670.7,108267,108309.9,210327.37,2103.2737,228184422.78103,1,1761188400000
2025-10-23 03:00:00+00:00,108373.9,108670.7,108267,108309.9,210327.37,2103.2737,228184422.78103,1,1761188400000
2025-10-23 03:00:00+00:00,108373.9,108670.7,108267,108309.9,210327.37,2103.2737,228184422.78103,1,1761188400000
2025-10-23 03:00:00+00:00,108373.9,108670.7,108267,108309.9,210327.37,2103.2737,228184422.78103,1,1761188400000
2025-10-23 03:00:00+00:00,108373.9,108670.7,108267,108309.9,210327.37,2103.2737,228184422.78103,1,1761188400000
2025-10-23 03:00:00+00:00,108373.9,108670.7,108267,108309.9,210327.37,2103.2737,228184422.78103,1,1761188400000
2025-10-23 03:00:00+00:00,108373.9,108670.7,108267,108309.9,210327.37,2103.2737,228184422.78103,1,1761188400000
2025-10-23 03:00:00+00:00,108373.9,108670.7,108267,108309.9,210327.37,2103.2737,228184422.78103,1,1761188400000
2025-10-23 03:00:00+00:00,108373.9,108670.7,108267,108309.9,210327.37,2103.2737,228184422.78103,1,1761188400000
2025-10-23 03:00:00+00:00,108373.9,108670.7,108267,108309.9,210327.37,2103.2737,228184422.78103,1,1761188400000
2025-10-23 03:00:00+00:00,108373.9,108670.7,108267,108309.9,210327.37,2103.2737,228184422.78103,1,1761188400000
2025-10-23 03:00:00+00:00,108373.9,108670.7,108267,108309.9,210327.37,2103.2737,228184422.78103,1,1761188400000
2025-10-23 03:00:00+00:00,108373.9,108670.7,108267,108309.9,210327.37,2103.2737,228184422.78103,1,1761188400000
2025-10-23 03:00:00+00:00,108373.9,108670.7,108267,108309.9,210327.37,2103.2737,228184422.78103,1,1761188400000
2025-10-23 03:00:00+00:00,108373.9,108670.7,108267,108309.9,210327.37,2103.2737,228184422.78103,1,1761188400000
2025-10-23 03:00:00+00:00,108373.9,108670.7,108267,108309.9,210327.37,2103.2737,228184422.78103,1,1761188400000
2025-10-23 03:00:00+00:00,108373.9,108670.7,108267,108309.9,210327.37,2103.2737,228184422.78103,1,1761188400000
2025-10-23 03:00:00+00:00,108373.9,108670.7,108267,108309.9,210327.37,2103.2737,228184422.78103,1,1761188400000
2025-10-23 03:00:00+00:00,108373.9,108670.7,108267,108309.9,210327.37,2103.2737,228184422.78103,1,1761188400000
2025-10-23 03:00:00+00:00,108373.9,108670.7,108267,108309.9,210327.37,2103.2737,228184422.78103,1,1761188400000
2025-10-23 03:00:00+00:00,108373.9,108670.7,108267,108309.9,210327.37,2103.2737,228184422.78103,1,1761188400000
2025-10-23 03:00:00+00:00,108373.9,108670.7,108267,108309.9,210327.37,2103.2737,228184422.78103,1,1761188400000
2025-10-23 03:00:00+00:00,108373.9,108670.7,108267,108309.9,210327.37,2103.2737,228184422.78103,1,1761188400000
2025-10-23 03:00:00+00:00,108373.9,108670.7,108267,108309.9,210327.37,2103.2737,228184422.78103,1,1761188400000
2025-10-23 03:00:00+00:00,108373.9,108670.7,108267,108309.9,210327.37,2103.2737,228184422.78103,1,1761188400000
2025-10-23 03:00:00+00:00,108373.9,108670.7,108267,108309.9,210327.37,2103.2737,228184422.78103,1,1761188400000
2025-10-23 03:00:00+00:00,108373.9,108670.7,108267,108309.9,210327.37,2103.2737,228184422.78103,1,1761188400000
2025-10-23 03:00:00+00:00,108373.9,108670.7,108267,108309.9,210327.37,2103.2737,228184422.78103,1,1761188400000
2025-10-23 03:00:00+00:00,108373.9,108670.7,108267,108309.9,210327.37,2103.2737,228184422.78103,1,1761188400000
2025-10-23 03:00:00+00:00,108373.9,108670.7,108267,108309.9,210327.37,2103.2737,228184422.78103,1,1761188400000
2025-10-23 03:00:00+00:00,108373.9,108670.7,108267,108309.9,210327.37,2103.2737,228184422.78103,1,1761188400000
2025-10-23 03:00:00+00:00,108373.9,108670.7,108267,108309.9,210327.37,2103.2737,228184422.78103,1,1761188400000
2025-10-23 03:00:00+00:00,108373.9,108670.7,108267,108309.9,210327.37,2103.2737,228184422.78103,1,1761188400000
2025-10-23 03:00:00+00:00,108373.9,108670.7,108267,108309.9,210327.37,2103.2737,228184422.78103,1,1761188400000
2025-10-23 03:00:00+00:00,108373.9,108670.7,108267,108309.9,210327.37,2103.2737,228184422.78103,1,1761188400000
2025-10-23 03:00:00+00:00,108373.9,108670.7,108267,108309.9,210327.37,2103.2737,228184422.78103,1,1761188400000
2025-10-23 03:00:00+00:00,108373.9,108670.7,108267,108309.9,210327.37,2103.2737,228184422.78103,1,1761188400000
2025-10-23 03:00:00+00:00,108373.9,108670.7,108267,108309.9,210327.37,2103.2737,228184422.78103,1,1761188400000
2025-10-23 03:00:00+00:00,108373.9,108670.7,108267,108309.9,210327.37,2103.2737,228184422.78103,1,1761188400000
2025-10-23 03:00:00+00:00,108373.9,108670.7,108267,108309.9,210327.37,2103.2737,228184422.78103,1,1761188400000
2025-10-23 03:00:00+00:00,108373.9,108670.7,108267,108309.9,210327.37,2103.2737,228184422.78103,1,1761188400000
2025-10-23 03:00:00+00:00,108373.9,108670.7,108267,108309.9,210327.37,2103.2737,228184422.78103,1,1761188400000
2025-10-23 03:00:00+00:00,108373.9,108670.7,108267,108309.9,210327.37,2103.2737,228184422.78103,1,1761188400000
2025-10-23 03:00:00+00:00,108373.9,108670.7,108267,108309.9,210327.37,2103.2737,228184422.78103,1,1761188400000
2025-10-23 03:00:00+00:00,108373.9,108670.7,108267,108309.9,210327.37,2103.2737,228184422.78103,1,1761188400000
2025-10-23 03:00:00+00:00,108373.9,108670.7,108267,108309.9,210327.37,2103.2737,228184422.78103,1,1761188400000
2025-10-23 03:00:00+00:00,108373.9,108670.7,108267,108309.9,210327.37,2103.2737,228184422.78103,1,1761188400000
2025-10-23 03:00:00+00:00,108373.9,108670.7,108267,108309.9,210327.37,2103.2737,228184422.78103,1,1761188400000
2025-10-23 04:00:00+00:00,108310,108881,108298.3,108593.3,170249.93,1702.4993,184920807.54959,1,1761192000000
2025-10-23 04:00:00+00:00,108310,108881,108298.3,108593.3,170249.93,1702.4993,184920807.54959,1,1761192000000
2025-10-23 04:00:00+00:00,108310,108881,108298.3,108593.3,170249.93,1702.4993,184920807.54959,1,1761192000000
2025-10-23 04:00:00+00:00,108310,108881,108298.3,108593.3,170249.93,1702.4993,184920807.54959,1,1761192000000
2025-10-23 04:00:00+00:00,108310,108881,108298.3,108593.3,170249.93,1702.4993,184920807.54959,1,1761192000000
2025-10-23 04:00:00+00:00,108310,108881,108298.3,108593.3,170249.93,1702.4993,184920807.54959,1,1761192000000
2025-10-23 04:00:00+00:00,108310,108881,108298.3,108593.3,170249.93,1702.4993,184920807.54959,1,1761192000000
2025-10-23 04:00:00+00:00,108310,108881,108298.3,108593.3,170249.93,1702.4993,184920807.54959,1,1761192000000
2025-10-23 04:00:00+00:00,108310,108881,108298.3,108593.3,170249.93,1702.4993,184920807.54959,1,1761192000000
2025-10-23 04:00:00+00:00,108310,108881,108298.3,108593.3,170249.93,1702.4993,184920807.54959,1,1761192000000
2025-10-23 04:00:00+00:00,108310,108881,108298.3,108593.3,170249.93,1702.4993,184920807.54959,1,1761192000000
2025-10-23 04:00:00+00:00,108310,108881,108298.3,108593.3,170249.93,1702.4993,184920807.54959,1,1761192000000
2025-10-23 04:00:00+00:00,108310,108881,108298.3,108593.3,170249.93,1702.4993,184920807.54959,1,1761192000000
2025-10-23 04:00:00+00:00,108310,108881,108298.3,108593.3,170249.93,1702.4993,184920807.54959,1,1761192000000
2025-10-23 04:00:00+00:00,108310,108881,108298.3,108593.3,170249.93,1702.4993,184920807.54959,1,1761192000000
2025-10-23 04:00:00+00:00,108310,108881,108298.3,108593.3,170249.93,1702.4993,184920807.54959,1,1761192000000
2025-10-23 04:00:00+00:00,108310,108881,108298.3,108593.3,170249.93,1702.4993,184920807.54959,1,1761192000000
2025-10-23 04:00:00+00:00,108310,108881,108298.3,108593.3,170249.93,1702.4993,184920807.54959,1,1761192000000
2025-10-23 04:00:00+00:00,108310,108881,108298.3,108593.3,170249.93,1702.4993,184920807.54959,1,1761192000000
2025-10-23 04:00:00+00:00,108310,108881,108298.3,108593.3,170249.93,1702.4993,184920807.54959,1,1761192000000
2025-10-23 04:00:00+00:00,108310,108881,108298.3,108593.3,170249.93,1702.4993,184920807.54959,1,1761192000000
2025-10-23 04:00:00+00:00,108310,108881,108298.3,108593.3,170249.93,1702.4993,184920807.54959,1,1761192000000
2025-10-23 04:00:00+00:00,108310,108881,108298.3,108593.3,170249.93,1702.4993,184920807.54959,1,1761192000000
2025-10-23 04:00:00+00:00,108310,108881,108298.3,108593.3,170249.93,1702.4993,184920807.54959,1,1761192000000
2025-10-23 04:00:00+00:00,108310,108881,108298.3,108593.3,170249.93,1702.4993,184920807.54959,1,1761192000000
2025-10-23 04:00:00+00:00,108310,108881,108298.3,108593.3,170249.93,1702.4993,184920807.54959,1,1761192000000
2025-10-23 04:00:00+00:00,108310,108881,108298.3,108593.3,170249.93,1702.4993,184920807.54959,1,1761192000000
2025-10-23 04:00:00+00:00,108310,108881,108298.3,108593.3,170249.93,1702.4993,184920807.54959,1,1761192000000
2025-10-23 04:00:00+00:00,108310,108881,108298.3,108593.3,170249.93,1702.4993,184920807.54959,1,1761192000000
2025-10-23 04:00:00+00:00,108310,108881,108298.3,108593.3,170249.93,1702.4993,184920807.54959,1,1761192000000
2025-10-23 04:00:00+00:00,108310,108881,108298.3,108593.3,170249.93,1702.4993,184920807.54959,1,1761192000000
2025-10-23 04:00:00+00:00,108310,108881,108298.3,108593.3,170249.93,1702.4993,184920807.54959,1,1761192000000
2025-10-23 04:00:00+00:00,108310,108881,108298.3,108593.3,170249.93,1702.4993,184920807.54959,1,1761192000000
2025-10-23 04:00:00+00:00,108310,108881,108298.3,108593.3,170249.93,1702.4993,184920807.54959,1,1761192000000
2025-10-23 04:00:00+00:00,108310,108881,108298.3,108593.3,170249.93,1702.4993,184920807.54959,1,1761192000000
2025-10-23 04:00:00+00:00,108310,108881,108298.3,108593.3,170249.93,1702.4993,184920807.54959,1,1761192000000
2025-10-23 04:00:00+00:00,108310,108881,108298.3,108593.3,170249.93,1702.4993,184920807.54959,1,1761192000000
2025-10-23 04:00:00+00:00,108310,108881,108298.3,108593.3,170249.93,1702.4993,184920807.54959,1,1761192000000
2025-10-23 04:00:00+00:00,108310,108881,108298.3,108593.3,170249.93,1702.4993,184920807.54959,1,1761192000000
2025-10-23 04:00:00+00:00,108310,108881,108298.3,108593.3,170249.93,1702.4993,184920807.54959,1,1761192000000
2025-10-23 04:00:00+00:00,108310,108881,108298.3,108593.3,170249.93,1702.4993,184920807.54959,1,1761192000000
2025-10-23 04:00:00+00:00,108310,108881,108298.3,108593.3,170249.93,1702.4993,184920807.54959,1,1761192000000
2025-10-23 04:00:00+00:00,108310,108881,108298.3,108593.3,170249.93,1702.4993,184920807.54959,1,1761192000000
2025-10-23 04:00:00+00:00,108310,108881,108298.3,108593.3,170249.93,1702.4993,184920807.54959,1,1761192000000
2025-10-23 04:00:00+00:00,108310,108881,108298.3,108593.3,170249.93,1702.4993,184920807.54959,1,1761192000000
2025-10-23 04:00:00+00:00,108310,108881,108298.3,108593.3,170249.93,1702.4993,184920807.54959,1,1761192000000
2025-10-23 04:00:00+00:00,108310,108881,108298.3,108593.3,170249.93,1702.4993,184920807.54959,1,1761192000000
2025-10-23 04:00:00+00:00,108310,108881,108298.3,108593.3,170249.93,1702.4993,184920807.54959,1,1761192000000
2025-10-23 04:00:00+00:00,108310,108881,108298.3,108593.3,170249.93,1702.4993,184920807.54959,1,1761192000000
2025-10-23 04:00:00+00:00,108310,108881,108298.3,108593.3,170249.93,1702.4993,184920807.54959,1,1761192000000
2025-10-23 04:00:00+00:00,108310,108881,108298.3,108593.3,170249.93,1702.4993,184920807.54959,1,1761192000000
2025-10-23 04:00:00+00:00,108310,108881,108298.3,108593.3,170249.93,1702.4993,184920807.54959,1,1761192000000
2025-10-23 04:00:00+00:00,108310,108881,108298.3,108593.3,170249.93,1702.4993,184920807.54959,1,1761192000000
2025-10-23 04:00:00+00:00,108310,108881,108298.3,108593.3,170249.93,1702.4993,184920807.54959,1,1761192000000
2025-10-23 04:00:00+00:00,108310,108881,108298.3,108593.3,170249.93,1702.4993,184920807.54959,1,1761192000000
2025-10-23 04:00:00+00:00,108310,108881,108298.3,108593.3,170249.93,1702.4993,184920807.54959,1,1761192000000
2025-10-23 04:00:00+00:00,108310,108881,108298.3,108593.3,170249.93,1702.4993,184920807.54959,1,1761192000000
2025-10-23 04:00:00+00:00,108310,108881,108298.3,108593.3,170249.93,1702.4993,184920807.54959,1,1761192000000
2025-10-23 04:00:00+00:00,108310,108881,108298.3,108593.3,170249.93,1702.4993,184920807.54959,1,1761192000000
2025-10-23 04:00:00+00:00,108310,108881,108298.3,108593.3,170249.93,1702.4993,184920807.54959,1,1761192000000
2025-10-23 04:00:00+00:00,108310,108881,108298.3,108593.3,170249.93,1702.4993,184920807.54959,1,1761192000000
2025-10-23 04:00:00+00:00,108310,108881,108298.3,108593.3,170249.93,1702.4993,184920807.54959,1,1761192000000
2025-10-23 04:00:00+00:00,108310,108881,108298.3,108593.3,170249.93,1702.4993,184920807.54959,1,1761192000000
2025-10-23 04:00:00+00:00,108310,108881,108298.3,108593.3,170249.93,1702.4993,184920807.54959,1,1761192000000
2025-10-23 04:00:00+00:00,108310,108881,108298.3,108593.3,170249.93,1702.4993,184920807.54959,1,1761192000000
2025-10-23 05:00:00+00:00,108593.3,108940.9,108567,108900,128497.05,1284.9705,139731748.18349,1,1761195600000
2025-10-23 05:00:00+00:00,108593.3,108940.9,108567,108900,128497.05,1284.9705,139731748.18349,1,1761195600000
2025-10-23 05:00:00+00:00,108593.3,108940.9,108567,108900,128497.05,1284.9705,139731748.18349,1,1761195600000
2025-10-23 05:00:00+00:00,108593.3,108940.9,108567,108900,128497.05,1284.9705,139731748.18349,1,1761195600000
2025-10-23 05:00:00+00:00,108593.3,108940.9,108567,108900,128497.05,1284.9705,139731748.18349,1,1761195600000
2025-10-23 05:00:00+00:00,108593.3,108940.9,108567,108900,128497.05,1284.9705,139731748.18349,1,1761195600000
2025-10-23 05:00:00+00:00,108593.3,108940.9,108567,108900,128497.05,1284.9705,139731748.18349,1,1761195600000
2025-10-23 05:00:00+00:00,108593.3,108940.9,108567,108900,128497.05,1284.9705,139731748.18349,1,1761195600000
2025-10-23 05:00:00+00:00,108593.3,108940.9,108567,108900,128497.05,1284.9705,139731748.18349,1,1761195600000
2025-10-23 05:00:00+00:00,108593.3,108940.9,108567,108900,128497.05,1284.9705,139731748.18349,1,1761195600000
2025-10-23 05:00:00+00:00,108593.3,108940.9,108567,108900,128497.05,1284.9705,139731748.18349,1,1761195600000
2025-10-23 05:00:00+00:00,108593.3,108940.9,108567,108900,128497.05,1284.9705,139731748.18349,1,1761195600000
2025-10-23 05:00:00+00:00,108593.3,108940.9,108567,108900,128497.05,1284.9705,139731748.18349,1,1761195600000
2025-10-23 05:00:00+00:00,108593.3,108940.9,108567,108900,128497.05,1284.9705,139731748.18349,1,1761195600000
2025-10-23 05:00:00+00:00,108593.3,108940.9,108567,108900,128497.05,1284.9705,139731748.18349,1,1761195600000
2025-10-23 05:00:00+00:00,108593.3,108940.9,108567,108900,128497.05,1284.9705,139731748.18349,1,1761195600000
2025-10-23 05:00:00+00:00,108593.3,108940.9,108567,108900,128497.05,1284.9705,139731748.18349,1,1761195600000
2025-10-23 05:00:00+00:00,108593.3,108940.9,108567,108900,128497.05,1284.9705,139731748.18349,1,1761195600000
2025-10-23 05:00:00+00:00,108593.3,108940.9,108567,108900,128497.05,1284.9705,139731748.18349,1,1761195600000
2025-10-23 05:00:00+00:00,108593.3,108940.9,108567,108900,128497.05,1284.9705,139731748.18349,1,1761195600000
2025-10-23 05:00:00+00:00,108593.3,108940.9,108567,108900,128497.05,1284.9705,139731748.18349,1,1761195600000
2025-10-23 05:00:00+00:00,108593.3,108940.9,108567,108900,128497.05,1284.9705,139731748.18349,1,1761195600000
2025-10-23 05:00:00+00:00,108593.3,108940.9,108567,108900,128497.05,1284.9705,139731748.18349,1,1761195600000
2025-10-23 05:00:00+00:00,108593.3,108940.9,108567,108900,128497.05,1284.9705,139731748.18349,1,1761195600000
2025-10-23 05:00:00+00:00,108593.3,108940.9,108567,108900,128497.05,1284.9705,139731748.18349,1,1761195600000
2025-10-23 05:00:00+00:00,108593.3,108940.9,108567,108900,128497.05,1284.9705,139731748.18349,1,1761195600000
2025-10-23 05:00:00+00:00,108593.3,108940.9,108567,108900,128497.05,1284.9705,139731748.18349,1,1761195600000
2025-10-23 05:00:00+00:00,108593.3,108940.9,108567,108900,128497.05,1284.9705,139731748.18349,1,1761195600000
2025-10-23 05:00:00+00:00,108593.3,108940.9,108567,108900,128497.05,1284.9705,139731748.18349,1,1761195600000
2025-10-23 05:00:00+00:00,108593.3,108940.9,108567,108900,128497.05,1284.9705,139731748.18349,1,1761195600000
2025-10-23 05:00:00+00:00,108593.3,108940.9,108567,108900,128497.05,1284.9705,139731748.18349,1,1761195600000
2025-10-23 05:00:00+00:00,108593.3,108940.9,108567,108900,128497.05,1284.9705,139731748.18349,1,1761195600000
2025-10-23 05:00:00+00:00,108593.3,108940.9,108567,108900,128497.05,1284.9705,139731748.18349,1,1761195600000
2025-10-23 05:00:00+00:00,108593.3,108940.9,108567,108900,128497.05,1284.9705,139731748.18349,1,1761195600000
2025-10-23 05:00:00+00:00,108593.3,108940.9,108567,108900,128497.05,1284.9705,139731748.18349,1,1761195600000
2025-10-23 05:00:00+00:00,108593.3,108940.9,108567,108900,128497.05,1284.9705,139731748.18349,1,1761195600000
2025-10-23 05:00:00+00:00,108593.3,108940.9,108567,108900,128497.05,1284.9705,139731748.18349,1,1761195600000
2025-10-23 05:00:00+00:00,108593.3,108940.9,108567,108900,128497.05,1284.9705,139731748.18349,1,1761195600000
2025-10-23 05:00:00+00:00,108593.3,108940.9,108567,108900,128497.05,1284.9705,139731748.18349,1,1761195600000
2025-10-23 05:00:00+00:00,108593.3,108940.9,108567,108900,128497.05,1284.9705,139731748.18349,1,1761195600000
2025-10-23 05:00:00+00:00,108593.3,108940.9,108567,108900,128497.05,1284.9705,139731748.18349,1,1761195600000
2025-10-23 05:00:00+00:00,108593.3,108940.9,108567,108900,128497.05,1284.9705,139731748.18349,1,1761195600000
2025-10-23 05:00:00+00:00,108593.3,108940.9,108567,108900,128497.05,1284.9705,139731748.18349,1,1761195600000
2025-10-23 05:00:00+00:00,108593.3,108940.9,108567,108900,128497.05,1284.9705,139731748.18349,1,1761195600000
2025-10-23 05:00:00+00:00,108593.3,108940.9,108567,108900,128497.05,1284.9705,139731748.18349,1,1761195600000
2025-10-23 05:00:00+00:00,108593.3,108940.9,108567,108900,128497.05,1284.9705,139731748.18349,1,1761195600000
2025-10-23 05:00:00+00:00,108593.3,108940.9,108567,108900,128497.05,1284.9705,139731748.18349,1,1761195600000
2025-10-23 05:00:00+00:00,108593.3,108940.9,108567,108900,128497.05,1284.9705,139731748.18349,1,1761195600000
2025-10-23 05:00:00+00:00,108593.3,108940.9,108567,108900,128497.05,1284.9705,139731748.18349,1,1761195600000
2025-10-23 05:00:00+00:00,108593.3,108940.9,108567,108900,128497.05,1284.9705,139731748.18349,1,1761195600000
2025-10-23 05:00:00+00:00,108593.3,108940.9,108567,108900,128497.05,1284.9705,139731748.18349,1,1761195600000
2025-10-23 05:00:00+00:00,108593.3,108940.9,108567,108900,128497.05,1284.9705,139731748.18349,1,1761195600000
2025-10-23 05:00:00+00:00,108593.3,108940.9,108567,108900,128497.05,1284.9705,139731748.18349,1,1761195600000
2025-10-23 05:00:00+00:00,108593.3,108940.9,108567,108900,128497.05,1284.9705,139731748.18349,1,1761195600000
2025-10-23 05:00:00+00:00,108593.3,108940.9,108567,108900,128497.05,1284.9705,139731748.18349,1,1761195600000
2025-10-23 05:00:00+00:00,108593.3,108940.9,108567,108900,128497.05,1284.9705,139731748.18349,1,1761195600000
2025-10-23 05:00:00+00:00,108593.3,108940.9,108567,108900,128497.05,1284.9705,139731748.18349,1,1761195600000
2025-10-23 05:00:00+00:00,108593.3,108940.9,108567,108900,128497.05,1284.9705,139731748.18349,1,1761195600000
2025-10-23 05:00:00+00:00,108593.3,108940.9,108567,108900,128497.05,1284.9705,139731748.18349,1,1761195600000
2025-10-23 05:00:00+00:00,108593.3,108940.9,108567,108900,128497.05,1284.9705,139731748.18349,1,1761195600000
2025-10-23 05:00:00+00:00,108593.3,108940.9,108567,108900,128497.05,1284.9705,139731748.18349,1,1761195600000
2025-10-23 05:00:00+00:00,108593.3,108940.9,108567,108900,128497.05,1284.9705,139731748.18349,1,1761195600000
2025-10-23 05:00:00+00:00,108593.3,108940.9,108567,108900,128497.05,1284.9705,139731748.18349,1,1761195600000
2025-10-23 05:00:00+00:00,108593.3,108940.9,108567,108900,128497.05,1284.9705,139731748.18349,1,1761195600000
2025-10-23 05:00:00+00:00,108593.3,108940.9,108567,108900,128497.05,1284.9705,139731748.18349,1,1761195600000
2025-10-23 05:00:00+00:00,108593.3,108940.9,108567,108900,128497.05,1284.9705,139731748.18349,1,1761195600000
2025-10-23 06:00:00+00:00,108900,110271.1,108807,110181.7,711313.04,7113.1304,780556992.42184,1,1761199200000
2025-10-23 06:00:00+00:00,108900,110271.1,108807,110181.7,711313.04,7113.1304,780556992.42184,1,1761199200000
2025-10-23 06:00:00+00:00,108900,110271.1,108807,110181.7,711313.04,7113.1304,780556992.42184,1,1761199200000
2025-10-23 06:00:00+00:00,108900,110271.1,108807,110181.7,711313.04,7113.1304,780556992.42184,1,1761199200000
2025-10-23 06:00:00+00:00,108900,110271.1,108807,110181.7,711313.04,7113.1304,780556992.42184,1,1761199200000
2025-10-23 06:00:00+00:00,108900,110271.1,108807,110181.7,711313.04,7113.1304,780556992.42184,1,1761199200000
2025-10-23 06:00:00+00:00,108900,110271.1,108807,110181.7,711313.04,7113.1304,780556992.42184,1,1761199200000
2025-10-23 06:00:00+00:00,108900,110271.1,108807,110181.7,711313.04,7113.1304,780556992.42184,1,1761199200000
2025-10-23 06:00:00+00:00,108900,110271.1,108807,110181.7,711313.04,7113.1304,780556992.42184,1,1761199200000
2025-10-23 06:00:00+00:00,108900,110271.1,108807,110181.7,711313.04,7113.1304,780556992.42184,1,1761199200000
2025-10-23 06:00:00+00:00,108900,110271.1,108807,110181.7,711313.04,7113.1304,780556992.42184,1,1761199200000
2025-10-23 06:00:00+00:00,108900,110271.1,108807,110181.7,711313.04,7113.1304,780556992.42184,1,1761199200000
2025-10-23 06:00:00+00:00,108900,110271.1,108807,110181.7,711313.04,7113.1304,780556992.42184,1,1761199200000
2025-10-23 06:00:00+00:00,108900,110271.1,108807,110181.7,711313.04,7113.1304,780556992.42184,1,1761199200000
2025-10-23 06:00:00+00:00,108900,110271.1,108807,110181.7,711313.04,7113.1304,780556992.42184,1,1761199200000
2025-10-23 06:00:00+00:00,108900,110271.1,108807,110181.7,711313.04,7113.1304,780556992.42184,1,1761199200000
2025-10-23 06:00:00+00:00,108900,110271.1,108807,110181.7,711313.04,7113.1304,780556992.42184,1,1761199200000
2025-10-23 06:00:00+00:00,108900,110271.1,108807,110181.7,711313.04,7113.1304,780556992.42184,1,1761199200000
2025-10-23 06:00:00+00:00,108900,110271.1,108807,110181.7,711313.04,7113.1304,780556992.42184,1,1761199200000
2025-10-23 06:00:00+00:00,108900,110271.1,108807,110181.7,711313.04,7113.1304,780556992.42184,1,1761199200000
2025-10-23 06:00:00+00:00,108900,110271.1,108807,110181.7,711313.04,7113.1304,780556992.42184,1,1761199200000
2025-10-23 06:00:00+00:00,108900,110271.1,108807,110181.7,711313.04,7113.1304,780556992.42184,1,1761199200000
2025-10-23 06:00:00+00:00,108900,110271.1,108807,110181.7,711313.04,7113.1304,780556992.42184,1,1761199200000
2025-10-23 06:00:00+00:00,108900,110271.1,108807,110181.7,711313.04,7113.1304,780556992.42184,1,1761199200000
2025-10-23 06:00:00+00:00,108900,110271.1,108807,110181.7,711313.04,7113.1304,780556992.42184,1,1761199200000
2025-10-23 06:00:00+00:00,108900,110271.1,108807,110181.7,711313.04,7113.1304,780556992.42184,1,1761199200000
2025-10-23 06:00:00+00:00,108900,110271.1,108807,110181.7,711313.04,7113.1304,780556992.42184,1,1761199200000
2025-10-23 06:00:00+00:00,108900,110271.1,108807,110181.7,711313.04,7113.1304,780556992.42184,1,1761199200000
2025-10-23 06:00:00+00:00,108900,110271.1,108807,110181.7,711313.04,7113.1304,780556992.42184,1,1761199200000
2025-10-23 06:00:00+00:00,108900,110271.1,108807,110181.7,711313.04,7113.1304,780556992.42184,1,1761199200000
2025-10-23 06:00:00+00:00,108900,110271.1,108807,110181.7,711313.04,7113.1304,780556992.42184,1,1761199200000
2025-10-23 06:00:00+00:00,108900,110271.1,108807,110181.7,711313.04,7113.1304,780556992.42184,1,1761199200000
2025-10-23 06:00:00+00:00,108900,110271.1,108807,110181.7,711313.04,7113.1304,780556992.42184,1,1761199200000
2025-10-23 06:00:00+00:00,108900,110271.1,108807,110181.7,711313.04,7113.1304,780556992.42184,1,1761199200000
2025-10-23 06:00:00+00:00,108900,110271.1,108807,110181.7,711313.04,7113.1304,780556992.42184,1,1761199200000
2025-10-23 06:00:00+00:00,108900,110271.1,108807,110181.7,711313.04,7113.1304,780556992.42184,1,1761199200000
2025-10-23 06:00:00+00:00,108900,110271.1,108807,110181.7,711313.04,7113.1304,780556992.42184,1,1761199200000
2025-10-23 06:00:00+00:00,108900,110271.1,108807,110181.7,711313.04,7113.1304,780556992.42184,1,1761199200000
2025-10-23 06:00:00+00:00,108900,110271.1,108807,110181.7,711313.04,7113.1304,780556992.42184,1,1761199200000
2025-10-23 06:00:00+00:00,108900,110271.1,108807,110181.7,711313.04,7113.1304,780556992.42184,1,1761199200000
2025-10-23 06:00:00+00:00,108900,110271.1,108807,110181.7,711313.04,7113.1304,780556992.42184,1,1761199200000
2025-10-23 06:00:00+00:00,108900,110271.1,108807,110181.7,711313.04,7113.1304,780556992.42184,1,1761199200000
2025-10-23 06:00:00+00:00,108900,110271.1,108807,110181.7,711313.04,7113.1304,780556992.42184,1,1761199200000
2025-10-23 06:00:00+00:00,108900,110271.1,108807,110181.7,711313.04,7113.1304,780556992.42184,1,1761199200000
2025-10-23 06:00:00+00:00,108900,110271.1,108807,110181.7,711313.04,7113.1304,780556992.42184,1,1761199200000
2025-10-23 06:00:00+00:00,108900,110271.1,108807,110181.7,711313.04,7113.1304,780556992.42184,1,1761199200000
2025-10-23 06:00:00+00:00,108900,110271.1,108807,110181.7,711313.04,7113.1304,780556992.42184,1,1761199200000
2025-10-23 06:00:00+00:00,108900,110271.1,108807,110181.7,711313.04,7113.1304,780556992.42184,1,1761199200000
2025-10-23 06:00:00+00:00,108900,110271.1,108807,110181.7,711313.04,7113.1304,780556992.42184,1,1761199200000
2025-10-23 06:00:00+00:00,108900,110271.1,108807,110181.7,711313.04,7113.1304,780556992.42184,1,1761199200000
2025-10-23 06:00:00+00:00,108900,110271.1,108807,110181.7,711313.04,7113.1304,780556992.42184,1,1761199200000
2025-10-23 06:00:00+00:00,108900,110271.1,108807,110181.7,711313.04,7113.1304,780556992.42184,1,1761199200000
2025-10-23 06:00:00+00:00,108900,110271.1,108807,110181.7,711313.04,7113.1304,780556992.42184,1,1761199200000
2025-10-23 06:00:00+00:00,108900,110271.1,108807,110181.7,711313.04,7113.1304,780556992.42184,1,1761199200000
2025-10-23 06:00:00+00:00,108900,110271.1,108807,110181.7,711313.04,7113.1304,780556992.42184,1,1761199200000
2025-10-23 06:00:00+00:00,108900,110271.1,108807,110181.7,711313.04,7113.1304,780556992.42184,1,1761199200000
2025-10-23 06:00:00+00:00,108900,110271.1,108807,110181.7,711313.04,7113.1304,780556992.42184,1,1761199200000
2025-10-23 06:00:00+00:00,108900,110271.1,108807,110181.7,711313.04,7113.1304,780556992.42184,1,1761199200000
2025-10-23 06:00:00+00:00,108900,110271.1,108807,110181.7,711313.04,7113.1304,780556992.42184,1,1761199200000
2025-10-23 06:00:00+00:00,108900,110271.1,108807,110181.7,711313.04,7113.1304,780556992.42184,1,1761199200000
2025-10-23 06:00:00+00:00,108900,110271.1,108807,110181.7,711313.04,7113.1304,780556992.42184,1,1761199200000
2025-10-23 06:00:00+00:00,108900,110271.1,108807,110181.7,711313.04,7113.1304,780556992.42184,1,1761199200000
2025-10-23 06:00:00+00:00,108900,110271.1,108807,110181.7,711313.04,7113.1304,780556992.42184,1,1761199200000
2025-10-23 06:00:00+00:00,108900,110271.1,108807,110181.7,711313.04,7113.1304,780556992.42184,1,1761199200000
2025-10-23 06:00:00+00:00,108900,110271.1,108807,110181.7,711313.04,7113.1304,780556992.42184,1,1761199200000
2025-10-23 06:00:00+00:00,108900,110271.1,108807,110181.7,711313.04,7113.1304,780556992.42184,1,1761199200000
2025-10-23 06:00:00+00:00,108900,110271.1,108807,110181.7,711313.04,7113.1304,780556992.42184,1,1761199200000
2025-10-23 07:00:00+00:00,110181.7,110230.3,109170.7,109230,383166.61,3831.6661,419870055.14212,1,1761202800000
2025-10-23 07:00:00+00:00,110181.7,110230.3,109170.7,109230,383166.61,3831.6661,419870055.14212,1,1761202800000
2025-10-23 07:00:00+00:00,110181.7,110230.3,109170.7,109230,383166.61,3831.6661,419870055.14212,1,1761202800000
2025-10-23 07:00:00+00:00,110181.7,110230.3,109170.7,109230,383166.61,3831.6661,419870055.14212,1,1761202800000
2025-10-23 07:00:00+00:00,110181.7,110230.3,109170.7,109230,383166.61,3831.6661,419870055.14212,1,1761202800000
2025-10-23 07:00:00+00:00,110181.7,110230.3,109170.7,109230,383166.61,3831.6661,419870055.14212,1,1761202800000
2025-10-23 07:00:00+00:00,110181.7,110230.3,109170.7,109230,383166.61,3831.6661,419870055.14212,1,1761202800000
2025-10-23 07:00:00+00:00,110181.7,110230.3,109170.7,109230,383166.61,3831.6661,419870055.14212,1,1761202800000
2025-10-23 07:00:00+00:00,110181.7,110230.3,109170.7,109230,383166.61,3831.6661,419870055.14212,1,1761202800000
2025-10-23 07:00:00+00:00,110181.7,110230.3,109170.7,109230,383166.61,3831.6661,419870055.14212,1,1761202800000
2025-10-23 07:00:00+00:00,110181.7,110230.3,109170.7,109230,383166.61,3831.6661,419870055.14212,1,1761202800000
2025-10-23 07:00:00+00:00,110181.7,110230.3,109170.7,109230,383166.61,3831.6661,419870055.14212,1,1761202800000
2025-10-23 07:00:00+00:00,110181.7,110230.3,109170.7,109230,383166.61,3831.6661,419870055.14212,1,1761202800000
2025-10-23 07:00:00+00:00,110181.7,110230.3,109170.7,109230,383166.61,3831.6661,419870055.14212,1,1761202800000
2025-10-23 07:00:00+00:00,110181.7,110230.3,109170.7,109230,383166.61,3831.6661,419870055.14212,1,1761202800000
2025-10-23 07:00:00+00:00,110181.7,110230.3,109170.7,109230,383166.61,3831.6661,419870055.14212,1,1761202800000
2025-10-23 07:00:00+00:00,110181.7,110230.3,109170.7,109230,383166.61,3831.6661,419870055.14212,1,1761202800000
2025-10-23 07:00:00+00:00,110181.7,110230.3,109170.7,109230,383166.61,3831.6661,419870055.14212,1,1761202800000
2025-10-23 07:00:00+00:00,110181.7,110230.3,109170.7,109230,383166.61,3831.6661,419870055.14212,1,1761202800000
2025-10-23 07:00:00+00:00,110181.7,110230.3,109170.7,109230,383166.61,3831.6661,419870055.14212,1,1761202800000
2025-10-23 07:00:00+00:00,110181.7,110230.3,109170.7,109230,383166.61,3831.6661,419870055.14212,1,1761202800000
2025-10-23 07:00:00+00:00,110181.7,110230.3,109170.7,109230,383166.61,3831.6661,419870055.14212,1,1761202800000
2025-10-23 07:00:00+00:00,110181.7,110230.3,109170.7,109230,383166.61,3831.6661,419870055.14212,1,1761202800000
2025-10-23 07:00:00+00:00,110181.7,110230.3,109170.7,109230,383166.61,3831.6661,419870055.14212,1,1761202800000
2025-10-23 07:00:00+00:00,110181.7,110230.3,109170.7,109230,383166.61,3831.6661,419870055.14212,1,1761202800000
2025-10-23 07:00:00+00:00,110181.7,110230.3,109170.7,109230,383166.61,3831.6661,419870055.14212,1,1761202800000
2025-10-23 07:00:00+00:00,110181.7,110230.3,109170.7,109230,383166.61,3831.6661,419870055.14212,1,1761202800000
2025-10-23 07:00:00+00:00,110181.7,110230.3,109170.7,109230,383166.61,3831.6661,419870055.14212,1,1761202800000
2025-10-23 07:00:00+00:00,110181.7,110230.3,109170.7,109230,383166.61,3831.6661,419870055.14212,1,1761202800000
2025-10-23 07:00:00+00:00,110181.7,110230.3,109170.7,109230,383166.61,3831.6661,419870055.14212,1,1761202800000
2025-10-23 07:00:00+00:00,110181.7,110230.3,109170.7,109230,383166.61,3831.6661,419870055.14212,1,1761202800000
2025-10-23 07:00:00+00:00,110181.7,110230.3,109170.7,109230,383166.61,3831.6661,419870055.14212,1,1761202800000
2025-10-23 07:00:00+00:00,110181.7,110230.3,109170.7,109230,383166.61,3831.6661,419870055.14212,1,1761202800000
2025-10-23 07:00:00+00:00,110181.7,110230.3,109170.7,109230,383166.61,3831.6661,419870055.14212,1,1761202800000
2025-10-23 07:00:00+00:00,110181.7,110230.3,109170.7,109230,383166.61,3831.6661,419870055.14212,1,1761202800000
2025-10-23 07:00:00+00:00,110181.7,110230.3,109170.7,109230,383166.61,3831.6661,419870055.14212,1,1761202800000
2025-10-23 07:00:00+00:00,110181.7,110230.3,109170.7,109230,383166.61,3831.6661,419870055.14212,1,1761202800000
2025-10-23 07:00:00+00:00,110181.7,110230.3,109170.7,109230,383166.61,3831.6661,419870055.14212,1,1761202800000
2025-10-23 07:00:00+00:00,110181.7,110230.3,109170.7,109230,383166.61,3831.6661,419870055.14212,1,1761202800000
2025-10-23 07:00:00+00:00,110181.7,110230.3,109170.7,109230,383166.61,3831.6661,419870055.14212,1,1761202800000
2025-10-23 07:00:00+00:00,110181.7,110230.3,109170.7,109230,383166.61,3831.6661,419870055.14212,1,1761202800000
2025-10-23 07:00:00+00:00,110181.7,110230.3,109170.7,109230,383166.61,3831.6661,419870055.14212,1,1761202800000
2025-10-23 07:00:00+00:00,110181.7,110230.3,109170.7,109230,383166.61,3831.6661,419870055.14212,1,1761202800000
2025-10-23 07:00:00+00:00,110181.7,110230.3,109170.7,109230,383166.61,3831.6661,419870055.14212,1,1761202800000
2025-10-23 07:00:00+00:00,110181.7,110230.3,109170.7,109230,383166.61,3831.6661,419870055.14212,1,1761202800000
2025-10-23 07:00:00+00:00,110181.7,110230.3,109170.7,109230,383166.61,3831.6661,419870055.14212,1,1761202800000
2025-10-23 07:00:00+00:00,110181.7,110230.3,109170.7,109230,383166.61,3831.6661,419870055.14212,1,1761202800000
2025-10-23 07:00:00+00:00,110181.7,110230.3,109170.7,109230,383166.61,3831.6661,419870055.14212,1,1761202800000
2025-10-23 07:00:00+00:00,110181.7,110230.3,109170.7,109230,383166.61,3831.6661,419870055.14212,1,1761202800000
2025-10-23 07:00:00+00:00,110181.7,110230.3,109170.7,109230,383166.61,3831.6661,419870055.14212,1,1761202800000
2025-10-23 07:00:00+00:00,110181.7,110230.3,109170.7,109230,383166.61,3831.6661,419870055.14212,1,1761202800000
2025-10-23 07:00:00+00:00,110181.7,110230.3,109170.7,109230,383166.61,3831.6661,419870055.14212,1,1761202800000
2025-10-23 07:00:00+00:00,110181.7,110230.3,109170.7,109230,383166.61,3831.6661,419870055.14212,1,1761202800000
2025-10-23 07:00:00+00:00,110181.7,110230.3,109170.7,109230,383166.61,3831.6661,419870055.14212,1,1761202800000
2025-10-23 07:00:00+00:00,110181.7,110230.3,109170.7,109230,383166.61,3831.6661,419870055.14212,1,1761202800000
2025-10-23 07:00:00+00:00,110181.7,110230.3,109170.7,109230,383166.61,3831.6661,419870055.14212,1,1761202800000
2025-10-23 07:00:00+00:00,110181.7,110230.3,109170.7,109230,383166.61,3831.6661,419870055.14212,1,1761202800000
2025-10-23 07:00:00+00:00,110181.7,110230.3,109170.7,109230,383166.61,3831.6661,419870055.14212,1,1761202800000
2025-10-23 07:00:00+00:00,110181.7,110230.3,109170.7,109230,383166.61,3831.6661,419870055.14212,1,1761202800000
2025-10-23 07:00:00+00:00,110181.7,110230.3,109170.7,109230,383166.61,3831.6661,419870055.14212,1,1761202800000
2025-10-23 07:00:00+00:00,110181.7,110230.3,109170.7,109230,383166.61,3831.6661,419870055.14212,1,1761202800000
2025-10-23 07:00:00+00:00,110181.7,110230.3,109170.7,109230,383166.61,3831.6661,419870055.14212,1,1761202800000
2025-10-23 07:00:00+00:00,110181.7,110230.3,109170.7,109230,383166.61,3831.6661,419870055.14212,1,1761202800000
2025-10-23 07:00:00+00:00,110181.7,110230.3,109170.7,109230,383166.61,3831.6661,419870055.14212,1,1761202800000
2025-10-23 07:00:00+00:00,110181.7,110230.3,109170.7,109230,383166.61,3831.6661,419870055.14212,1,1761202800000
2025-10-23 07:00:00+00:00,110181.7,110230.3,109170.7,109230,383166.61,3831.6661,419870055.14212,1,1761202800000
2025-10-23 07:00:00+00:00,110181.7,110230.3,109170.7,109230,383166.61,3831.6661,419870055.14212,1,1761202800000
2025-10-23 07:00:00+00:00,110181.7,110230.3,109170.7,109230,383166.61,3831.6661,419870055.14212,1,1761202800000
2025-10-23 08:00:00+00:00,109229.9,109865.3,109200.1,109462,280784.63,2807.8463,307695453.18196,1,1761206400000
2025-10-23 08:00:00+00:00,109229.9,109865.3,109200.1,109462,280784.63,2807.8463,307695453.18196,1,1761206400000
2025-10-23 08:00:00+00:00,109229.9,109865.3,109200.1,109462,280784.63,2807.8463,307695453.18196,1,1761206400000
2025-10-23 08:00:00+00:00,109229.9,109865.3,109200.1,109462,280784.63,2807.8463,307695453.18196,1,1761206400000
2025-10-23 08:00:00+00:00,109229.9,109865.3,109200.1,109462,280784.63,2807.8463,307695453.18196,1,1761206400000
2025-10-23 08:00:00+00:00,109229.9,109865.3,109200.1,109462,280784.63,2807.8463,307695453.18196,1,1761206400000
2025-10-23 08:00:00+00:00,109229.9,109865.3,109200.1,109462,280784.63,2807.8463,307695453.18196,1,1761206400000
2025-10-23 08:00:00+00:00,109229.9,109865.3,109200.1,109462,280784.63,2807.8463,307695453.18196,1,1761206400000
2025-10-23 08:00:00+00:00,109229.9,109865.3,109200.1,109462,280784.63,2807.8463,307695453.18196,1,1761206400000
2025-10-23 08:00:00+00:00,109229.9,109865.3,109200.1,109462,280784.63,2807.8463,307695453.18196,1,1761206400000
2025-10-23 08:00:00+00:00,109229.9,109865.3,109200.1,109462,280784.63,2807.8463,307695453.18196,1,1761206400000
2025-10-23 08:00:00+00:00,109229.9,109865.3,109200.1,109462,280784.63,2807.8463,307695453.18196,1,1761206400000
2025-10-23 08:00:00+00:00,109229.9,109865.3,109200.1,109462,280784.63,2807.8463,307695453.18196,1,1761206400000
2025-10-23 08:00:00+00:00,109229.9,109865.3,109200.1,109462,280784.63,2807.8463,307695453.18196,1,1761206400000
2025-10-23 08:00:00+00:00,109229.9,109865.3,109200.1,109462,280784.63,2807.8463,307695453.18196,1,1761206400000
2025-10-23 08:00:00+00:00,109229.9,109865.3,109200.1,109462,280784.63,2807.8463,307695453.18196,1,1761206400000
2025-10-23 08:00:00+00:00,109229.9,109865.3,109200.1,109462,280784.63,2807.8463,307695453.18196,1,1761206400000
2025-10-23 08:00:00+00:00,109229.9,109865.3,109200.1,109462,280784.63,2807.8463,307695453.18196,1,1761206400000
2025-10-23 08:00:00+00:00,109229.9,109865.3,109200.1,109462,280784.63,2807.8463,307695453.18196,1,1761206400000
2025-10-23 08:00:00+00:00,109229.9,109865.3,109200.1,109462,280784.63,2807.8463,307695453.18196,1,1761206400000
2025-10-23 08:00:00+00:00,109229.9,109865.3,109200.1,109462,280784.63,2807.8463,307695453.18196,1,1761206400000
2025-10-23 08:00:00+00:00,109229.9,109865.3,109200.1,109462,280784.63,2807.8463,307695453.18196,1,1761206400000
2025-10-23 08:00:00+00:00,109229.9,109865.3,109200.1,109462,280784.63,2807.8463,307695453.18196,1,1761206400000
2025-10-23 08:00:00+00:00,109229.9,109865.3,109200.1,109462,280784.63,2807.8463,307695453.18196,1,1761206400000
2025-10-23 08:00:00+00:00,109229.9,109865.3,109200.1,109462,280784.63,2807.8463,307695453.18196,1,1761206400000
2025-10-23 08:00:00+00:00,109229.9,109865.3,109200.1,109462,280784.63,2807.8463,307695453.18196,1,1761206400000
2025-10-23 08:00:00+00:00,109229.9,109865.3,109200.1,109462,280784.63,2807.8463,307695453.18196,1,1761206400000
2025-10-23 08:00:00+00:00,109229.9,109865.3,109200.1,109462,280784.63,2807.8463,307695453.18196,1,1761206400000
2025-10-23 08:00:00+00:00,109229.9,109865.3,109200.1,109462,280784.63,2807.8463,307695453.18196,1,1761206400000
2025-10-23 08:00:00+00:00,109229.9,109865.3,109200.1,109462,280784.63,2807.8463,307695453.18196,1,1761206400000
2025-10-23 08:00:00+00:00,109229.9,109865.3,109200.1,109462,280784.63,2807.8463,307695453.18196,1,1761206400000
2025-10-23 08:00:00+00:00,109229.9,109865.3,109200.1,109462,280784.63,2807.8463,307695453.18196,1,1761206400000
2025-10-23 08:00:00+00:00,109229.9,109865.3,109200.1,109462,280784.63,2807.8463,307695453.18196,1,1761206400000
2025-10-23 08:00:00+00:00,109229.9,109865.3,109200.1,109462,280784.63,2807.8463,307695453.18196,1,1761206400000
2025-10-23 08:00:00+00:00,109229.9,109865.3,109200.1,109462,280784.63,2807.8463,307695453.18196,1,1761206400000
2025-10-23 08:00:00+00:00,109229.9,109865.3,109200.1,109462,280784.63,2807.8463,307695453.18196,1,1761206400000
2025-10-23 08:00:00+00:00,109229.9,109865.3,109200.1,109462,280784.63,2807.8463,307695453.18196,1,1761206400000
2025-10-23 08:00:00+00:00,109229.9,109865.3,109200.1,109462,280784.63,2807.8463,307695453.18196,1,1761206400000
2025-10-23 08:00:00+00:00,109229.9,109865.3,109200.1,109462,280784.63,2807.8463,307695453.18196,1,1761206400000
2025-10-23 08:00:00+00:00,109229.9,109865.3,109200.1,109462,280784.63,2807.8463,307695453.18196,1,1761206400000
2025-10-23 08:00:00+00:00,109229.9,109865.3,109200.1,109462,280784.63,2807.8463,307695453.18196,1,1761206400000
2025-10-23 08:00:00+00:00,109229.9,109865.3,109200.1,109462,280784.63,2807.8463,307695453.18196,1,1761206400000
2025-10-23 08:00:00+00:00,109229.9,109865.3,109200.1,109462,280784.63,2807.8463,307695453.18196,1,1761206400000
2025-10-23 08:00:00+00:00,109229.9,109865.3,109200.1,109462,280784.63,2807.8463,307695453.18196,1,1761206400000
2025-10-23 08:00:00+00:00,109229.9,109865.3,109200.1,109462,280784.63,2807.8463,307695453.18196,1,1761206400000
2025-10-23 08:00:00+00:00,109229.9,109865.3,109200.1,109462,280784.63,2807.8463,307695453.18196,1,1761206400000
2025-10-23 08:00:00+00:00,109229.9,109865.3,109200.1,109462,280784.63,2807.8463,307695453.18196,1,1761206400000
2025-10-23 08:00:00+00:00,109229.9,109865.3,109200.1,109462,280784.63,2807.8463,307695453.18196,1,1761206400000
2025-10-23 08:00:00+00:00,109229.9,109865.3,109200.1,109462,280784.63,2807.8463,307695453.18196,1,1761206400000
2025-10-23 08:00:00+00:00,109229.9,109865.3,109200.1,109462,280784.63,2807.8463,307695453.18196,1,1761206400000
2025-10-23 08:00:00+00:00,109229.9,109865.3,109200.1,109462,280784.63,2807.8463,307695453.18196,1,1761206400000
2025-10-23 08:00:00+00:00,109229.9,109865.3,109200.1,109462,280784.63,2807.8463,307695453.18196,1,1761206400000
2025-10-23 08:00:00+00:00,109229.9,109865.3,109200.1,109462,280784.63,2807.8463,307695453.18196,1,1761206400000
2025-10-23 08:00:00+00:00,109229.9,109865.3,109200.1,109462,280784.63,2807.8463,307695453.18196,1,1761206400000
2025-10-23 08:00:00+00:00,109229.9,109865.3,109200.1,109462,280784.63,2807.8463,307695453.18196,1,1761206400000
2025-10-23 08:00:00+00:00,109229.9,109865.3,109200.1,109462,280784.63,2807.8463,307695453.18196,1,1761206400000
2025-10-23 08:00:00+00:00,109229.9,109865.3,109200.1,109462,280784.63,2807.8463,307695453.18196,1,1761206400000
2025-10-23 08:00:00+00:00,109229.9,109865.3,109200.1,109462,280784.63,2807.8463,307695453.18196,1,1761206400000
2025-10-23 08:00:00+00:00,109229.9,109865.3,109200.1,109462,280784.63,2807.8463,307695453.18196,1,1761206400000
2025-10-23 08:00:00+00:00,109229.9,109865.3,109200.1,109462,280784.63,2807.8463,307695453.18196,1,1761206400000
2025-10-23 08:00:00+00:00,109229.9,109865.3,109200.1,109462,280784.63,2807.8463,307695453.18196,1,1761206400000
2025-10-23 08:00:00+00:00,109229.9,109865.3,109200.1,109462,280784.63,2807.8463,307695453.18196,1,1761206400000
2025-10-23 08:00:00+00:00,109229.9,109865.3,109200.1,109462,280784.63,2807.8463,307695453.18196,1,1761206400000
2025-10-23 08:00:00+00:00,109229.9,109865.3,109200.1,109462,280784.63,2807.8463,307695453.18196,1,1761206400000
2025-10-23 08:00:00+00:00,109229.9,109865.3,109200.1,109462,280784.63,2807.8463,307695453.18196,1,1761206400000
2025-10-23 08:00:00+00:00,109229.9,109865.3,109200.1,109462,280784.63,2807.8463,307695453.18196,1,1761206400000
2025-10-23 08:00:00+00:00,109229.9,109865.3,109200.1,109462,280784.63,2807.8463,307695453.18196,1,1761206400000
2025-10-23 08:00:00+00:00,109229.9,109865.3,109200.1,109462,280784.63,2807.8463,307695453.18196,1,1761206400000
2025-10-23 08:00:00+00:00,109229.9,109865.3,109200.1,109462,280784.63,2807.8463,307695453.18196,1,1761206400000
2025-10-23 09:00:00+00:00,109462,109500,109088.1,109394.3,179469.36,1794.6936,196125573.68801,1,1761210000000
2025-10-23 09:00:00+00:00,109462,109500,109088.1,109394.3,179469.36,1794.6936,196125573.68801,1,1761210000000
2025-10-23 09:00:00+00:00,109462,109500,109088.1,109394.3,179469.36,1794.6936,196125573.68801,1,1761210000000
2025-10-23 09:00:00+00:00,109462,109500,109088.1,109394.3,179469.36,1794.6936,196125573.68801,1,1761210000000
2025-10-23 09:00:00+00:00,109462,109500,109088.1,109394.3,179469.36,1794.6936,196125573.68801,1,1761210000000
2025-10-23 09:00:00+00:00,109462,109500,109088.1,109394.3,179469.36,1794.6936,196125573.68801,1,1761210000000
2025-10-23 09:00:00+00:00,109462,109500,109088.1,109394.3,179469.36,1794.6936,196125573.68801,1,1761210000000
2025-10-23 09:00:00+00:00,109462,109500,109088.1,109394.3,179469.36,1794.6936,196125573.68801,1,1761210000000
2025-10-23 09:00:00+00:00,109462,109500,109088.1,109394.3,179469.36,1794.6936,196125573.68801,1,1761210000000
2025-10-23 09:00:00+00:00,109462,109500,109088.1,109394.3,179469.36,1794.6936,196125573.68801,1,1761210000000
2025-10-23 09:00:00+00:00,109462,109500,109088.1,109394.3,179469.36,1794.6936,196125573.68801,1,1761210000000
2025-10-23 09:00:00+00:00,109462,109500,109088.1,109394.3,179469.36,1794.6936,196125573.68801,1,1761210000000
2025-10-23 09:00:00+00:00,109462,109500,109088.1,109394.3,179469.36,1794.6936,196125573.68801,1,1761210000000
2025-10-23 09:00:00+00:00,109462,109500,109088.1,109394.3,179469.36,1794.6936,196125573.68801,1,1761210000000
2025-10-23 09:00:00+00:00,109462,109500,109088.1,109394.3,179469.36,1794.6936,196125573.68801,1,1761210000000
2025-10-23 09:00:00+00:00,109462,109500,109088.1,109394.3,179469.36,1794.6936,196125573.68801,1,1761210000000
2025-10-23 09:00:00+00:00,109462,109500,109088.1,109394.3,179469.36,1794.6936,196125573.68801,1,1761210000000
2025-10-23 09:00:00+00:00,109462,109500,109088.1,109394.3,179469.36,1794.6936,196125573.68801,1,1761210000000
2025-10-23 09:00:00+00:00,109462,109500,109088.1,109394.3,179469.36,1794.6936,196125573.68801,1,1761210000000
2025-10-23 09:00:00+00:00,109462,109500,109088.1,109394.3,179469.36,1794.6936,196125573.68801,1,1761210000000
2025-10-23 09:00:00+00:00,109462,109500,109088.1,109394.3,179469.36,1794.6936,196125573.68801,1,1761210000000
2025-10-23 09:00:00+00:00,109462,109500,109088.1,109394.3,179469.36,1794.6936,196125573.68801,1,1761210000000
2025-10-23 09:00:00+00:00,109462,109500,109088.1,109394.3,179469.36,1794.6936,196125573.68801,1,1761210000000
2025-10-23 09:00:00+00:00,109462,109500,109088.1,109394.3,179469.36,1794.6936,196125573.68801,1,1761210000000
2025-10-23 09:00:00+00:00,109462,109500,109088.1,109394.3,179469.36,1794.6936,196125573.68801,1,1761210000000
2025-10-23 09:00:00+00:00,109462,109500,109088.1,109394.3,179469.36,1794.6936,196125573.68801,1,1761210000000
2025-10-23 09:00:00+00:00,109462,109500,109088.1,109394.3,179469.36,1794.6936,196125573.68801,1,1761210000000
2025-10-23 09:00:00+00:00,109462,109500,109088.1,109394.3,179469.36,1794.6936,196125573.68801,1,1761210000000
2025-10-23 09:00:00+00:00,109462,109500,109088.1,109394.3,179469.36,1794.6936,196125573.68801,1,1761210000000
2025-10-23 09:00:00+00:00,109462,109500,109088.1,109394.3,179469.36,1794.6936,196125573.68801,1,1761210000000
2025-10-23 09:00:00+00:00,109462,109500,109088.1,109394.3,179469.36,1794.6936,196125573.68801,1,1761210000000
2025-10-23 09:00:00+00:00,109462,109500,109088.1,109394.3,179469.36,1794.6936,196125573.68801,1,1761210000000
2025-10-23 09:00:00+00:00,109462,109500,109088.1,109394.3,179469.36,1794.6936,196125573.68801,1,1761210000000
2025-10-23 09:00:00+00:00,109462,109500,109088.1,109394.3,179469.36,1794.6936,196125573.68801,1,1761210000000
2025-10-23 09:00:00+00:00,109462,109500,109088.1,109394.3,179469.36,1794.6936,196125573.68801,1,1761210000000
2025-10-23 09:00:00+00:00,109462,109500,109088.1,109394.3,179469.36,1794.6936,196125573.68801,1,1761210000000
2025-10-23 09:00:00+00:00,109462,109500,109088.1,109394.3,179469.36,1794.6936,196125573.68801,1,1761210000000
2025-10-23 09:00:00+00:00,109462,109500,109088.1,109394.3,179469.36,1794.6936,196125573.68801,1,1761210000000
2025-10-23 09:00:00+00:00,109462,109500,109088.1,109394.3,179469.36,1794.6936,196125573.68801,1,1761210000000
2025-10-23 09:00:00+00:00,109462,109500,109088.1,109394.3,179469.36,1794.6936,196125573.68801,1,1761210000000
2025-10-23 09:00:00+00:00,109462,109500,109088.1,109394.3,179469.36,1794.6936,196125573.68801,1,1761210000000
2025-10-23 09:00:00+00:00,109462,109500,109088.1,109394.3,179469.36,1794.6936,196125573.68801,1,1761210000000
2025-10-23 09:00:00+00:00,109462,109500,109088.1,109394.3,179469.36,1794.6936,196125573.68801,1,1761210000000
2025-10-23 09:00:00+00:00,109462,109500,109088.1,109394.3,179469.36,1794.6936,196125573.68801,1,1761210000000
2025-10-23 09:00:00+00:00,109462,109500,109088.1,109394.3,179469.36,1794.6936,196125573.68801,1,1761210000000
2025-10-23 09:00:00+00:00,109462,109500,109088.1,109394.3,179469.36,1794.6936,196125573.68801,1,1761210000000
2025-10-23 09:00:00+00:00,109462,109500,109088.1,109394.3,179469.36,1794.6936,196125573.68801,1,1761210000000
2025-10-23 09:00:00+00:00,109462,109500,109088.1,109394.3,179469.36,1794.6936,196125573.68801,1,1761210000000
2025-10-23 09:00:00+00:00,109462,109500,109088.1,109394.3,179469.36,1794.6936,196125573.68801,1,1761210000000
2025-10-23 09:00:00+00:00,109462,109500,109088.1,109394.3,179469.36,1794.6936,196125573.68801,1,1761210000000
2025-10-23 09:00:00+00:00,109462,109500,109088.1,109394.3,179469.36,1794.6936,196125573.68801,1,1761210000000
2025-10-23 09:00:00+00:00,109462,109500,109088.1,109394.3,179469.36,1794.6936,196125573.68801,1,1761210000000
2025-10-23 09:00:00+00:00,109462,109500,109088.1,109394.3,179469.36,1794.6936,196125573.68801,1,1761210000000
2025-10-23 09:00:00+00:00,109462,109500,109088.1,109394.3,179469.36,1794.6936,196125573.68801,1,1761210000000
2025-10-23 09:00:00+00:00,109462,109500,109088.1,109394.3,179469.36,1794.6936,196125573.68801,1,1761210000000
2025-10-23 09:00:00+00:00,109462,109500,109088.1,109394.3,179469.36,1794.6936,196125573.68801,1,1761210000000
2025-10-23 09:00:00+00:00,109462,109500,109088.1,109394.3,179469.36,1794.6936,196125573.68801,1,1761210000000
2025-10-23 09:00:00+00:00,109462,109500,109088.1,109394.3,179469.36,1794.6936,196125573.68801,1,1761210000000
2025-10-23 09:00:00+00:00,109462,109500,109088.1,109394.3,179469.36,1794.6936,196125573.68801,1,1761210000000
2025-10-23 09:00:00+00:00,109462,109500,109088.1,109394.3,179469.36,1794.6936,196125573.68801,1,1761210000000
2025-10-23 09:00:00+00:00,109462,109500,109088.1,109394.3,179469.36,1794.6936,196125573.68801,1,1761210000000
2025-10-23 09:00:00+00:00,109462,109500,109088.1,109394.3,179469.36,1794.6936,196125573.68801,1,1761210000000
2025-10-23 09:00:00+00:00,109462,109500,109088.1,109394.3,179469.36,1794.6936,196125573.68801,1,1761210000000
2025-10-23 09:00:00+00:00,109462,109500,109088.1,109394.3,179469.36,1794.6936,196125573.68801,1,1761210000000
2025-10-23 09:00:00+00:00,109462,109500,109088.1,109394.3,179469.36,1794.6936,196125573.68801,1,1761210000000
2025-10-23 09:00:00+00:00,109462,109500,109088.1,109394.3,179469.36,1794.6936,196125573.68801,1,1761210000000
2025-10-23 09:00:00+00:00,109462,109500,109088.1,109394.3,179469.36,1794.6936,196125573.68801,1,1761210000000
2025-10-23 09:00:00+00:00,109462,109500,109088.1,109394.3,179469.36,1794.6936,196125573.68801,1,1761210000000
2025-10-23 09:00:00+00:00,109462,109500,109088.1,109394.3,179469.36,1794.6936,196125573.68801,1,1761210000000
2025-10-23 09:00:00+00:00,109462,109500,109088.1,109394.3,179469.36,1794.6936,196125573.68801,1,1761210000000
2025-10-23 10:00:00+00:00,109394.3,109668.5,109316.1,109383.9,125251.77,1252.5177,137143953.75151,1,1761213600000
2025-10-23 10:00:00+00:00,109394.3,109668.5,109316.1,109383.9,125251.77,1252.5177,137143953.75151,1,1761213600000
2025-10-23 10:00:00+00:00,109394.3,109668.5,109316.1,109383.9,125251.77,1252.5177,137143953.75151,1,1761213600000
2025-10-23 10:00:00+00:00,109394.3,109668.5,109316.1,109383.9,125251.77,1252.5177,137143953.75151,1,1761213600000
2025-10-23 10:00:00+00:00,109394.3,109668.5,109316.1,109383.9,125251.77,1252.5177,137143953.75151,1,1761213600000
2025-10-23 10:00:00+00:00,109394.3,109668.5,109316.1,109383.9,125251.77,1252.5177,137143953.75151,1,1761213600000
2025-10-23 10:00:00+00:00,109394.3,109668.5,109316.1,109383.9,125251.77,1252.5177,137143953.75151,1,1761213600000
2025-10-23 10:00:00+00:00,109394.3,109668.5,109316.1,109383.9,125251.77,1252.5177,137143953.75151,1,1761213600000
2025-10-23 10:00:00+00:00,109394.3,109668.5,109316.1,109383.9,125251.77,1252.5177,137143953.75151,1,1761213600000
2025-10-23 10:00:00+00:00,109394.3,109668.5,109316.1,109383.9,125251.77,1252.5177,137143953.75151,1,1761213600000
2025-10-23 10:00:00+00:00,109394.3,109668.5,109316.1,109383.9,125251.77,1252.5177,137143953.75151,1,1761213600000
2025-10-23 10:00:00+00:00,109394.3,109668.5,109316.1,109383.9,125251.77,1252.5177,137143953.75151,1,1761213600000
2025-10-23 10:00:00+00:00,109394.3,109668.5,109316.1,109383.9,125251.77,1252.5177,137143953.75151,1,1761213600000
2025-10-23 10:00:00+00:00,109394.3,109668.5,109316.1,109383.9,125251.77,1252.5177,137143953.75151,1,1761213600000
2025-10-23 10:00:00+00:00,109394.3,109668.5,109316.1,109383.9,125251.77,1252.5177,137143953.75151,1,1761213600000
2025-10-23 10:00:00+00:00,109394.3,109668.5,109316.1,109383.9,125251.77,1252.5177,137143953.75151,1,1761213600000
2025-10-23 10:00:00+00:00,109394.3,109668.5,109316.1,109383.9,125251.77,1252.5177,137143953.75151,1,1761213600000
2025-10-23 10:00:00+00:00,109394.3,109668.5,109316.1,109383.9,125251.77,1252.5177,137143953.75151,1,1761213600000
2025-10-23 10:00:00+00:00,109394.3,109668.5,109316.1,109383.9,125251.77,1252.5177,137143953.75151,1,1761213600000
2025-10-23 10:00:00+00:00,109394.3,109668.5,109316.1,109383.9,125251.77,1252.5177,137143953.75151,1,1761213600000
2025-10-23 10:00:00+00:00,109394.3,109668.5,109316.1,109383.9,125251.77,1252.5177,137143953.75151,1,1761213600000
2025-10-23 10:00:00+00:00,109394.3,109668.5,109316.1,109383.9,125251.77,1252.5177,137143953.75151,1,1761213600000
2025-10-23 10:00:00+00:00,109394.3,109668.5,109316.1,109383.9,125251.77,1252.5177,137143953.75151,1,1761213600000
2025-10-23 10:00:00+00:00,109394.3,109668.5,109316.1,109383.9,125251.77,1252.5177,137143953.75151,1,1761213600000
2025-10-23 10:00:00+00:00,109394.3,109668.5,109316.1,109383.9,125251.77,1252.5177,137143953.75151,1,1761213600000
2025-10-23 10:00:00+00:00,109394.3,109668.5,109316.1,109383.9,125251.77,1252.5177,137143953.75151,1,1761213600000
2025-10-23 10:00:00+00:00,109394.3,109668.5,109316.1,109383.9,125251.77,1252.5177,137143953.75151,1,1761213600000
2025-10-23 10:00:00+00:00,109394.3,109668.5,109316.1,109383.9,125251.77,1252.5177,137143953.75151,1,1761213600000
2025-10-23 10:00:00+00:00,109394.3,109668.5,109316.1,109383.9,125251.77,1252.5177,137143953.75151,1,1761213600000
2025-10-23 10:00:00+00:00,109394.3,109668.5,109316.1,109383.9,125251.77,1252.5177,137143953.75151,1,1761213600000
2025-10-23 10:00:00+00:00,109394.3,109668.5,109316.1,109383.9,125251.77,1252.5177,137143953.75151,1,1761213600000
2025-10-23 10:00:00+00:00,109394.3,109668.5,109316.1,109383.9,125251.77,1252.5177,137143953.75151,1,1761213600000
2025-10-23 10:00:00+00:00,109394.3,109668.5,109316.1,109383.9,125251.77,1252.5177,137143953.75151,1,1761213600000
2025-10-23 10:00:00+00:00,109394.3,109668.5,109316.1,109383.9,125251.77,1252.5177,137143953.75151,1,1761213600000
2025-10-23 10:00:00+00:00,109394.3,109668.5,109316.1,109383.9,125251.77,1252.5177,137143953.75151,1,1761213600000
2025-10-23 10:00:00+00:00,109394.3,109668.5,109316.1,109383.9,125251.77,1252.5177,137143953.75151,1,1761213600000
2025-10-23 10:00:00+00:00,109394.3,109668.5,109316.1,109383.9,125251.77,1252.5177,137143953.75151,1,1761213600000
2025-10-23 10:00:00+00:00,109394.3,109668.5,109316.1,109383.9,125251.77,1252.5177,137143953.75151,1,1761213600000
2025-10-23 10:00:00+00:00,109394.3,109668.5,109316.1,109383.9,125251.77,1252.5177,137143953.75151,1,1761213600000
2025-10-23 10:00:00+00:00,109394.3,109668.5,109316.1,109383.9,125251.77,1252.5177,137143953.75151,1,1761213600000
2025-10-23 10:00:00+00:00,109394.3,109668.5,109316.1,109383.9,125251.77,1252.5177,137143953.75151,1,1761213600000
2025-10-23 10:00:00+00:00,109394.3,109668.5,109316.1,109383.9,125251.77,1252.5177,137143953.75151,1,1761213600000
2025-10-23 10:00:00+00:00,109394.3,109668.5,109316.1,109383.9,125251.77,1252.5177,137143953.75151,1,1761213600000
2025-10-23 10:00:00+00:00,109394.3,109668.5,109316.1,109383.9,125251.77,1252.5177,137143953.75151,1,1761213600000
2025-10-23 10:00:00+00:00,109394.3,109668.5,109316.1,109383.9,125251.77,1252.5177,137143953.75151,1,1761213600000
2025-10-23 10:00:00+00:00,109394.3,109668.5,109316.1,109383.9,125251.77,1252.5177,137143953.75151,1,1761213600000
2025-10-23 10:00:00+00:00,109394.3,109668.5,109316.1,109383.9,125251.77,1252.5177,137143953.75151,1,1761213600000
2025-10-23 10:00:00+00:00,109394.3,109668.5,109316.1,109383.9,125251.77,1252.5177,137143953.75151,1,1761213600000
2025-10-23 10:00:00+00:00,109394.3,109668.5,109316.1,109383.9,125251.77,1252.5177,137143953.75151,1,1761213600000
2025-10-23 10:00:00+00:00,109394.3,109668.5,109316.1,109383.9,125251.77,1252.5177,137143953.75151,1,1761213600000
2025-10-23 10:00:00+00:00,109394.3,109668.5,109316.1,109383.9,125251.77,1252.5177,137143953.75151,1,1761213600000
2025-10-23 10:00:00+00:00,109394.3,109668.5,109316.1,109383.9,125251.77,1252.5177,137143953.75151,1,1761213600000
2025-10-23 10:00:00+00:00,109394.3,109668.5,109316.1,109383.9,125251.77,1252.5177,137143953.75151,1,1761213600000
2025-10-23 10:00:00+00:00,109394.3,109668.5,109316.1,109383.9,125251.77,1252.5177,137143953.75151,1,1761213600000
2025-10-23 10:00:00+00:00,109394.3,109668.5,109316.1,109383.9,125251.77,1252.5177,137143953.75151,1,1761213600000
2025-10-23 10:00:00+00:00,109394.3,109668.5,109316.1,109383.9,125251.77,1252.5177,137143953.75151,1,1761213600000
2025-10-23 10:00:00+00:00,109394.3,109668.5,109316.1,109383.9,125251.77,1252.5177,137143953.75151,1,1761213600000
2025-10-23 10:00:00+00:00,109394.3,109668.5,109316.1,109383.9,125251.77,1252.5177,137143953.75151,1,1761213600000
2025-10-23 10:00:00+00:00,109394.3,109668.5,109316.1,109383.9,125251.77,1252.5177,137143953.75151,1,1761213600000
2025-10-23 10:00:00+00:00,109394.3,109668.5,109316.1,109383.9,125251.77,1252.5177,137143953.75151,1,1761213600000
2025-10-23 10:00:00+00:00,109394.3,109668.5,109316.1,109383.9,125251.77,1252.5177,137143953.75151,1,1761213600000
2025-10-23 10:00:00+00:00,109394.3,109668.5,109316.1,109383.9,125251.77,1252.5177,137143953.75151,1,1761213600000
2025-10-23 10:00:00+00:00,109394.3,109668.5,109316.1,109383.9,125251.77,1252.5177,137143953.75151,1,1761213600000
2025-10-23 10:00:00+00:00,109394.3,109668.5,109316.1,109383.9,125251.77,1252.5177,137143953.75151,1,1761213600000
2025-10-23 10:00:00+00:00,109394.3,109668.5,109316.1,109383.9,125251.77,1252.5177,137143953.75151,1,1761213600000
2025-10-23 10:00:00+00:00,109394.3,109668.5,109316.1,109383.9,125251.77,1252.5177,137143953.75151,1,1761213600000
2025-10-23 10:00:00+00:00,109394.3,109668.5,109316.1,109383.9,125251.77,1252.5177,137143953.75151,1,1761213600000
2025-10-23 10:00:00+00:00,109394.3,109668.5,109316.1,109383.9,125251.77,1252.5177,137143953.75151,1,1761213600000
2025-10-23 10:00:00+00:00,109394.3,109668.5,109316.1,109383.9,125251.77,1252.5177,137143953.75151,1,1761213600000
2025-10-23 10:00:00+00:00,109394.3,109668.5,109316.1,109383.9,125251.77,1252.5177,137143953.75151,1,1761213600000
2025-10-23 10:00:00+00:00,109394.3,109668.5,109316.1,109383.9,125251.77,1252.5177,137143953.75151,1,1761213600000
2025-10-23 11:00:00+00:00,109383.9,109612,109027.1,109221,192721.63,1927.2163,210659302.05842,1,1761217200000
2025-10-23 11:00:00+00:00,109383.9,109612,109027.1,109221,192721.63,1927.2163,210659302.05842,1,1761217200000
2025-10-23 11:00:00+00:00,109383.9,109612,109027.1,109221,192721.63,1927.2163,210659302.05842,1,1761217200000
2025-10-23 11:00:00+00:00,109383.9,109612,109027.1,109221,192721.63,1927.2163,210659302.05842,1,1761217200000
2025-10-23 11:00:00+00:00,109383.9,109612,109027.1,109221,192721.63,1927.2163,210659302.05842,1,1761217200000
2025-10-23 11:00:00+00:00,109383.9,109612,109027.1,109221,192721.63,1927.2163,210659302.05842,1,1761217200000
2025-10-23 11:00:00+00:00,109383.9,109612,109027.1,109221,192721.63,1927.2163,210659302.05842,1,1761217200000
2025-10-23 11:00:00+00:00,109383.9,109612,109027.1,109221,192721.63,1927.2163,210659302.05842,1,1761217200000
2025-10-23 11:00:00+00:00,109383.9,109612,109027.1,109221,192721.63,1927.2163,210659302.05842,1,1761217200000
2025-10-23 11:00:00+00:00,109383.9,109612,109027.1,109221,192721.63,1927.2163,210659302.05842,1,1761217200000
2025-10-23 11:00:00+00:00,109383.9,109612,109027.1,109221,192721.63,1927.2163,210659302.05842,1,1761217200000
2025-10-23 11:00:00+00:00,109383.9,109612,109027.1,109221,192721.63,1927.2163,210659302.05842,1,1761217200000
2025-10-23 11:00:00+00:00,109383.9,109612,109027.1,109221,192721.63,1927.2163,210659302.05842,1,1761217200000
2025-10-23 11:00:00+00:00,109383.9,109612,109027.1,109221,192721.63,1927.2163,210659302.05842,1,1761217200000
2025-10-23 11:00:00+00:00,109383.9,109612,109027.1,109221,192721.63,1927.2163,210659302.05842,1,1761217200000
2025-10-23 11:00:00+00:00,109383.9,109612,109027.1,109221,192721.63,1927.2163,210659302.05842,1,1761217200000
2025-10-23 11:00:00+00:00,109383.9,109612,109027.1,109221,192721.63,1927.2163,210659302.05842,1,1761217200000
2025-10-23 11:00:00+00:00,109383.9,109612,109027.1,109221,192721.63,1927.2163,210659302.05842,1,1761217200000
2025-10-23 11:00:00+00:00,109383.9,109612,109027.1,109221,192721.63,1927.2163,210659302.05842,1,1761217200000
2025-10-23 11:00:00+00:00,109383.9,109612,109027.1,109221,192721.63,1927.2163,210659302.05842,1,1761217200000
2025-10-23 11:00:00+00:00,109383.9,109612,109027.1,109221,192721.63,1927.2163,210659302.05842,1,1761217200000
2025-10-23 11:00:00+00:00,109383.9,109612,109027.1,109221,192721.63,1927.2163,210659302.05842,1,1761217200000
2025-10-23 11:00:00+00:00,109383.9,109612,109027.1,109221,192721.63,1927.2163,210659302.05842,1,1761217200000
2025-10-23 11:00:00+00:00,109383.9,109612,109027.1,109221,192721.63,1927.2163,210659302.05842,1,1761217200000
2025-10-23 11:00:00+00:00,109383.9,109612,109027.1,109221,192721.63,1927.2163,210659302.05842,1,1761217200000
2025-10-23 11:00:00+00:00,109383.9,109612,109027.1,109221,192721.63,1927.2163,210659302.05842,1,1761217200000
2025-10-23 11:00:00+00:00,109383.9,109612,109027.1,109221,192721.63,1927.2163,210659302.05842,1,1761217200000
2025-10-23 11:00:00+00:00,109383.9,109612,109027.1,109221,192721.63,1927.2163,210659302.05842,1,1761217200000
2025-10-23 11:00:00+00:00,109383.9,109612,109027.1,109221,192721.63,1927.2163,210659302.05842,1,1761217200000
2025-10-23 11:00:00+00:00,109383.9,109612,109027.1,109221,192721.63,1927.2163,210659302.05842,1,1761217200000
2025-10-23 11:00:00+00:00,109383.9,109612,109027.1,109221,192721.63,1927.2163,210659302.05842,1,1761217200000
2025-10-23 11:00:00+00:00,109383.9,109612,109027.1,109221,192721.63,1927.2163,210659302.05842,1,1761217200000
2025-10-23 11:00:00+00:00,109383.9,109612,109027.1,109221,192721.63,1927.2163,210659302.05842,1,1761217200000
2025-10-23 11:00:00+00:00,109383.9,109612,109027.1,109221,192721.63,1927.2163,210659302.05842,1,1761217200000
2025-10-23 11:00:00+00:00,109383.9,109612,109027.1,109221,192721.63,1927.2163,210659302.05842,1,1761217200000
2025-10-23 11:00:00+00:00,109383.9,109612,109027.1,109221,192721.63,1927.2163,210659302.05842,1,1761217200000
2025-10-23 11:00:00+00:00,109383.9,109612,109027.1,109221,192721.63,1927.2163,210659302.05842,1,1761217200000
2025-10-23 11:00:00+00:00,109383.9,109612,109027.1,109221,192721.63,1927.2163,210659302.05842,1,1761217200000
2025-10-23 11:00:00+00:00,109383.9,109612,109027.1,109221,192721.63,1927.2163,210659302.05842,1,1761217200000
2025-10-23 11:00:00+00:00,109383.9,109612,109027.1,109221,192721.63,1927.2163,210659302.05842,1,1761217200000
2025-10-23 11:00:00+00:00,109383.9,109612,109027.1,109221,192721.63,1927.2163,210659302.05842,1,1761217200000
2025-10-23 11:00:00+00:00,109383.9,109612,109027.1,109221,192721.63,1927.2163,210659302.05842,1,1761217200000
2025-10-23 11:00:00+00:00,109383.9,109612,109027.1,109221,192721.63,1927.2163,210659302.05842,1,1761217200000
2025-10-23 11:00:00+00:00,109383.9,109612,109027.1,109221,192721.63,1927.2163,210659302.05842,1,1761217200000
2025-10-23 11:00:00+00:00,109383.9,109612,109027.1,109221,192721.63,1927.2163,210659302.05842,1,1761217200000
2025-10-23 11:00:00+00:00,109383.9,109612,109027.1,109221,192721.63,1927.2163,210659302.05842,1,1761217200000
2025-10-23 11:00:00+00:00,109383.9,109612,109027.1,109221,192721.63,1927.2163,210659302.05842,1,1761217200000
2025-10-23 11:00:00+00:00,109383.9,109612,109027.1,109221,192721.63,1927.2163,210659302.05842,1,1761217200000
2025-10-23 11:00:00+00:00,109383.9,109612,109027.1,109221,192721.63,1927.2163,210659302.05842,1,1761217200000
2025-10-23 11:00:00+00:00,109383.9,109612,109027.1,109221,192721.63,1927.2163,210659302.05842,1,1761217200000
2025-10-23 11:00:00+00:00,109383.9,109612,109027.1,109221,192721.63,1927.2163,210659302.05842,1,1761217200000
2025-10-23 11:00:00+00:00,109383.9,109612,109027.1,109221,192721.63,1927.2163,210659302.05842,1,1761217200000
2025-10-23 11:00:00+00:00,109383.9,109612,109027.1,109221,192721.63,1927.2163,210659302.05842,1,1761217200000
2025-10-23 11:00:00+00:00,109383.9,109612,109027.1,109221,192721.63,1927.2163,210659302.05842,1,1761217200000
2025-10-23 11:00:00+00:00,109383.9,109612,109027.1,109221,192721.63,1927.2163,210659302.05842,1,1761217200000
2025-10-23 11:00:00+00:00,109383.9,109612,109027.1,109221,192721.63,1927.2163,210659302.05842,1,1761217200000
2025-10-23 11:00:00+00:00,109383.9,109612,109027.1,109221,192721.63,1927.2163,210659302.05842,1,1761217200000
2025-10-23 11:00:00+00:00,109383.9,109612,109027.1,109221,192721.63,1927.2163,210659302.05842,1,1761217200000
2025-10-23 11:00:00+00:00,109383.9,109612,109027.1,109221,192721.63,1927.2163,210659302.05842,1,1761217200000
2025-10-23 11:00:00+00:00,109383.9,109612,109027.1,109221,192721.63,1927.2163,210659302.05842,1,1761217200000
2025-10-23 11:00:00+00:00,109383.9,109612,109027.1,109221,192721.63,1927.2163,210659302.05842,1,1761217200000
2025-10-23 11:00:00+00:00,109383.9,109612,109027.1,109221,192721.63,1927.2163,210659302.05842,1,1761217200000
2025-10-23 11:00:00+00:00,109383.9,109612,109027.1,109221,192721.63,1927.2163,210659302.05842,1,1761217200000
2025-10-23 11:00:00+00:00,109383.9,109612,109027.1,109221,192721.63,1927.2163,210659302.05842,1,1761217200000
2025-10-23 11:00:00+00:00,109383.9,109612,109027.1,109221,192721.63,1927.2163,210659302.05842,1,1761217200000
2025-10-23 11:00:00+00:00,109383.9,109612,109027.1,109221,192721.63,1927.2163,210659302.05842,1,1761217200000
2025-10-23 11:00:00+00:00,109383.9,109612,109027.1,109221,192721.63,1927.2163,210659302.05842,1,1761217200000
2025-10-23 11:00:00+00:00,109383.9,109612,109027.1,109221,192721.63,1927.2163,210659302.05842,1,1761217200000
2025-10-23 11:00:00+00:00,109383.9,109612,109027.1,109221,192721.63,1927.2163,210659302.05842,1,1761217200000
2025-10-23 11:00:00+00:00,109383.9,109612,109027.1,109221,192721.63,1927.2163,210659302.05842,1,1761217200000
2025-10-23 11:00:00+00:00,109383.9,109612,109027.1,109221,192721.63,1927.2163,210659302.05842,1,1761217200000
2025-10-23 11:00:00+00:00,109383.9,109612,109027.1,109221,192721.63,1927.2163,210659302.05842,1,1761217200000
2025-10-23 12:00:00+00:00,109220.9,109220.9,108624,109127.8,330372.33,3303.7233,359877917.35135,1,1761220800000
2025-10-23 12:00:00+00:00,109220.9,109220.9,108624,109127.8,330372.33,3303.7233,359877917.35135,1,1761220800000
2025-10-23 12:00:00+00:00,109220.9,109220.9,108624,109127.8,330372.33,3303.7233,359877917.35135,1,1761220800000
2025-10-23 12:00:00+00:00,109220.9,109220.9,108624,109127.8,330372.33,3303.7233,359877917.35135,1,1761220800000
2025-10-23 12:00:00+00:00,109220.9,109220.9,108624,109127.8,330372.33,3303.7233,359877917.35135,1,1761220800000
2025-10-23 12:00:00+00:00,109220.9,109220.9,108624,109127.8,330372.33,3303.7233,359877917.35135,1,1761220800000
2025-10-23 12:00:00+00:00,109220.9,109220.9,108624,109127.8,330372.33,3303.7233,359877917.35135,1,1761220800000
2025-10-23 12:00:00+00:00,109220.9,109220.9,108624,109127.8,330372.33,3303.7233,359877917.35135,1,1761220800000
2025-10-23 12:00:00+00:00,109220.9,109220.9,108624,109127.8,330372.33,3303.7233,359877917.35135,1,1761220800000
2025-10-23 12:00:00+00:00,109220.9,109220.9,108624,109127.8,330372.33,3303.7233,359877917.35135,1,1761220800000
2025-10-23 12:00:00+00:00,109220.9,109220.9,108624,109127.8,330372.33,3303.7233,359877917.35135,1,1761220800000
2025-10-23 12:00:00+00:00,109220.9,109220.9,108624,109127.8,330372.33,3303.7233,359877917.35135,1,1761220800000
2025-10-23 12:00:00+00:00,109220.9,109220.9,108624,109127.8,330372.33,3303.7233,359877917.35135,1,1761220800000
2025-10-23 12:00:00+00:00,109220.9,109220.9,108624,109127.8,330372.33,3303.7233,359877917.35135,1,1761220800000
2025-10-23 12:00:00+00:00,109220.9,109220.9,108624,109127.8,330372.33,3303.7233,359877917.35135,1,1761220800000
2025-10-23 12:00:00+00:00,109220.9,109220.9,108624,109127.8,330372.33,3303.7233,359877917.35135,1,1761220800000
2025-10-23 12:00:00+00:00,109220.9,109220.9,108624,109127.8,330372.33,3303.7233,359877917.35135,1,1761220800000
2025-10-23 12:00:00+00:00,109220.9,109220.9,108624,109127.8,330372.33,3303.7233,359877917.35135,1,1761220800000
2025-10-23 12:00:00+00:00,109220.9,109220.9,108624,109127.8,330372.33,3303.7233,359877917.35135,1,1761220800000
2025-10-23 12:00:00+00:00,109220.9,109220.9,108624,109127.8,330372.33,3303.7233,359877917.35135,1,1761220800000
2025-10-23 12:00:00+00:00,109220.9,109220.9,108624,109127.8,330372.33,3303.7233,359877917.35135,1,1761220800000
2025-10-23 12:00:00+00:00,109220.9,109220.9,108624,109127.8,330372.33,3303.7233,359877917.35135,1,1761220800000
2025-10-23 12:00:00+00:00,109220.9,109220.9,108624,109127.8,330372.33,3303.7233,359877917.35135,1,1761220800000
2025-10-23 12:00:00+00:00,109220.9,109220.9,108624,109127.8,330372.33,3303.7233,359877917.35135,1,1761220800000
2025-10-23 12:00:00+00:00,109220.9,109220.9,108624,109127.8,330372.33,3303.7233,359877917.35135,1,1761220800000
2025-10-23 12:00:00+00:00,109220.9,109220.9,108624,109127.8,330372.33,3303.7233,359877917.35135,1,1761220800000
2025-10-23 12:00:00+00:00,109220.9,109220.9,108624,109127.8,330372.33,3303.7233,359877917.35135,1,1761220800000
2025-10-23 12:00:00+00:00,109220.9,109220.9,108624,109127.8,330372.33,3303.7233,359877917.35135,1,1761220800000
2025-10-23 12:00:00+00:00,109220.9,109220.9,108624,109127.8,330372.33,3303.7233,359877917.35135,1,1761220800000
2025-10-23 12:00:00+00:00,109220.9,109220.9,108624,109127.8,330372.33,3303.7233,359877917.35135,1,1761220800000
2025-10-23 12:00:00+00:00,109220.9,109220.9,108624,109127.8,330372.33,3303.7233,359877917.35135,1,1761220800000
2025-10-23 12:00:00+00:00,109220.9,109220.9,108624,109127.8,330372.33,3303.7233,359877917.35135,1,1761220800000
2025-10-23 12:00:00+00:00,109220.9,109220.9,108624,109127.8,330372.33,3303.7233,359877917.35135,1,1761220800000
2025-10-23 12:00:00+00:00,109220.9,109220.9,108624,109127.8,330372.33,3303.7233,359877917.35135,1,1761220800000
2025-10-23 12:00:00+00:00,109220.9,109220.9,108624,109127.8,330372.33,3303.7233,359877917.35135,1,1761220800000
2025-10-23 12:00:00+00:00,109220.9,109220.9,108624,109127.8,330372.33,3303.7233,359877917.35135,1,1761220800000
2025-10-23 12:00:00+00:00,109220.9,109220.9,108624,109127.8,330372.33,3303.7233,359877917.35135,1,1761220800000
2025-10-23 12:00:00+00:00,109220.9,109220.9,108624,109127.8,330372.33,3303.7233,359877917.35135,1,1761220800000
2025-10-23 12:00:00+00:00,109220.9,109220.9,108624,109127.8,330372.33,3303.7233,359877917.35135,1,1761220800000
2025-10-23 12:00:00+00:00,109220.9,109220.9,108624,109127.8,330372.33,3303.7233,359877917.35135,1,1761220800000
2025-10-23 12:00:00+00:00,109220.9,109220.9,108624,109127.8,330372.33,3303.7233,359877917.35135,1,1761220800000
2025-10-23 12:00:00+00:00,109220.9,109220.9,108624,109127.8,330372.33,3303.7233,359877917.35135,1,1761220800000
2025-10-23 12:00:00+00:00,109220.9,109220.9,108624,109127.8,330372.33,3303.7233,359877917.35135,1,1761220800000
2025-10-23 12:00:00+00:00,109220.9,109220.9,108624,109127.8,330372.33,3303.7233,359877917.35135,1,1761220800000
2025-10-23 12:00:00+00:00,109220.9,109220.9,108624,109127.8,330372.33,3303.7233,359877917.35135,1,1761220800000
2025-10-23 12:00:00+00:00,109220.9,109220.9,108624,109127.8,330372.33,3303.7233,359877917.35135,1,1761220800000
2025-10-23 12:00:00+00:00,109220.9,109220.9,108624,109127.8,330372.33,3303.7233,359877917.35135,1,1761220800000
2025-10-23 12:00:00+00:00,109220.9,109220.9,108624,109127.8,330372.33,3303.7233,359877917.35135,1,1761220800000
2025-10-23 12:00:00+00:00,109220.9,109220.9,108624,109127.8,330372.33,3303.7233,359877917.35135,1,1761220800000
2025-10-23 12:00:00+00:00,109220.9,109220.9,108624,109127.8,330372.33,3303.7233,359877917.35135,1,1761220800000
2025-10-23 12:00:00+00:00,109220.9,109220.9,108624,109127.8,330372.33,3303.7233,359877917.35135,1,1761220800000
2025-10-23 12:00:00+00:00,109220.9,109220.9,108624,109127.8,330372.33,3303.7233,359877917.35135,1,1761220800000
2025-10-23 12:00:00+00:00,109220.9,109220.9,108624,109127.8,330372.33,3303.7233,359877917.35135,1,1761220800000
2025-10-23 12:00:00+00:00,109220.9,109220.9,108624,109127.8,330372.33,3303.7233,359877917.35135,1,1761220800000
2025-10-23 12:00:00+00:00,109220.9,109220.9,108624,109127.8,330372.33,3303.7233,359877917.35135,1,1761220800000
2025-10-23 12:00:00+00:00,109220.9,109220.9,108624,109127.8,330372.33,3303.7233,359877917.35135,1,1761220800000
2025-10-23 12:00:00+00:00,109220.9,109220.9,108624,109127.8,330372.33,3303.7233,359877917.35135,1,1761220800000
2025-10-23 12:00:00+00:00,109220.9,109220.9,108624,109127.8,330372.33,3303.7233,359877917.35135,1,1761220800000
2025-10-23 12:00:00+00:00,109220.9,109220.9,108624,109127.8,330372.33,3303.7233,359877917.35135,1,1761220800000
2025-10-23 12:00:00+00:00,109220.9,109220.9,108624,109127.8,330372.33,3303.7233,359877917.35135,1,1761220800000
2025-10-23 12:00:00+00:00,109220.9,109220.9,108624,109127.8,330372.33,3303.7233,359877917.35135,1,1761220800000
2025-10-23 12:00:00+00:00,109220.9,109220.9,108624,109127.8,330372.33,3303.7233,359877917.35135,1,1761220800000
2025-10-23 12:00:00+00:00,109220.9,109220.9,108624,109127.8,330372.33,3303.7233,359877917.35135,1,1761220800000
2025-10-23 12:00:00+00:00,109220.9,109220.9,108624,109127.8,330372.33,3303.7233,359877917.35135,1,1761220800000
2025-10-23 12:00:00+00:00,109220.9,109220.9,108624,109127.8,330372.33,3303.7233,359877917.35135,1,1761220800000
2025-10-23 12:00:00+00:00,109220.9,109220.9,108624,109127.8,330372.33,3303.7233,359877917.35135,1,1761220800000
2025-10-23 12:00:00+00:00,109220.9,109220.9,108624,109127.8,330372.33,3303.7233,359877917.35135,1,1761220800000
2025-10-23 12:00:00+00:00,109220.9,109220.9,108624,109127.8,330372.33,3303.7233,359877917.35135,1,1761220800000
2025-10-23 12:00:00+00:00,109220.9,109220.9,108624,109127.8,330372.33,3303.7233,359877917.35135,1,1761220800000
2025-10-23 12:00:00+00:00,109220.9,109220.9,108624,109127.8,330372.33,3303.7233,359877917.35135,1,1761220800000
2025-10-23 12:00:00+00:00,109220.9,109220.9,108624,109127.8,330372.33,3303.7233,359877917.35135,1,1761220800000
2025-10-23 12:00:00+00:00,109220.9,109220.9,108624,109127.8,330372.33,3303.7233,359877917.35135,1,1761220800000
2025-10-23 12:00:00+00:00,109220.9,109220.9,108624,109127.8,330372.33,3303.7233,359877917.35135,1,1761220800000
2025-10-23 13:00:00+00:00,109127.8,109585,108748.8,109453,341798.52,3417.9852,373425290.9106,1,1761224400000
2025-10-23 13:00:00+00:00,109127.8,109585,108748.8,109453,341798.52,3417.9852,373425290.9106,1,1761224400000
2025-10-23 13:00:00+00:00,109127.8,109585,108748.8,109453,341798.52,3417.9852,373425290.9106,1,1761224400000
2025-10-23 13:00:00+00:00,109127.8,109585,108748.8,109453,341798.52,3417.9852,373425290.9106,1,1761224400000
2025-10-23 13:00:00+00:00,109127.8,109585,108748.8,109453,341798.52,3417.9852,373425290.9106,1,1761224400000
2025-10-23 13:00:00+00:00,109127.8,109585,108748.8,109453,341798.52,3417.9852,373425290.9106,1,1761224400000
2025-10-23 13:00:00+00:00,109127.8,109585,108748.8,109453,341798.52,3417.9852,373425290.9106,1,1761224400000
2025-10-23 13:00:00+00:00,109127.8,109585,108748.8,109453,341798.52,3417.9852,373425290.9106,1,1761224400000
2025-10-23 13:00:00+00:00,109127.8,109585,108748.8,109453,341798.52,3417.9852,373425290.9106,1,1761224400000
2025-10-23 13:00:00+00:00,109127.8,109585,108748.8,109453,341798.52,3417.9852,373425290.9106,1,1761224400000
2025-10-23 13:00:00+00:00,109127.8,109585,108748.8,109453,341798.52,3417.9852,373425290.9106,1,1761224400000
2025-10-23 13:00:00+00:00,109127.8,109585,108748.8,109453,341798.52,3417.9852,373425290.9106,1,1761224400000
2025-10-23 13:00:00+00:00,109127.8,109585,108748.8,109453,341798.52,3417.9852,373425290.9106,1,1761224400000
2025-10-23 13:00:00+00:00,109127.8,109585,108748.8,109453,341798.52,3417.9852,373425290.9106,1,1761224400000
2025-10-23 13:00:00+00:00,109127.8,109585,108748.8,109453,341798.52,3417.9852,373425290.9106,1,1761224400000
2025-10-23 13:00:00+00:00,109127.8,109585,108748.8,109453,341798.52,3417.9852,373425290.9106,1,1761224400000
2025-10-23 13:00:00+00:00,109127.8,109585,108748.8,109453,341798.52,3417.9852,373425290.9106,1,1761224400000
2025-10-23 13:00:00+00:00,109127.8,109585,108748.8,109453,341798.52,3417.9852,373425290.9106,1,1761224400000
2025-10-23 13:00:00+00:00,109127.8,109585,108748.8,109453,341798.52,3417.9852,373425290.9106,1,1761224400000
2025-10-23 13:00:00+00:00,109127.8,109585,108748.8,109453,341798.52,3417.9852,373425290.9106,1,1761224400000
2025-10-23 13:00:00+00:00,109127.8,109585,108748.8,109453,341798.52,3417.9852,373425290.9106,1,1761224400000
2025-10-23 13:00:00+00:00,109127.8,109585,108748.8,109453,341798.52,3417.9852,373425290.9106,1,1761224400000
2025-10-23 13:00:00+00:00,109127.8,109585,108748.8,109453,341798.52,3417.9852,373425290.9106,1,1761224400000
2025-10-23 13:00:00+00:00,109127.8,109585,108748.8,109453,341798.52,3417.9852,373425290.9106,1,1761224400000
2025-10-23 13:00:00+00:00,109127.8,109585,108748.8,109453,341798.52,3417.9852,373425290.9106,1,1761224400000
2025-10-23 13:00:00+00:00,109127.8,109585,108748.8,109453,341798.52,3417.9852,373425290.9106,1,1761224400000
2025-10-23 13:00:00+00:00,109127.8,109585,108748.8,109453,341798.52,3417.9852,373425290.9106,1,1761224400000
2025-10-23 13:00:00+00:00,109127.8,109585,108748.8,109453,341798.52,3417.9852,373425290.9106,1,1761224400000
2025-10-23 13:00:00+00:00,109127.8,109585,108748.8,109453,341798.52,3417.9852,373425290.9106,1,1761224400000
2025-10-23 13:00:00+00:00,109127.8,109585,108748.8,109453,341798.52,3417.9852,373425290.9106,1,1761224400000
2025-10-23 13:00:00+00:00,109127.8,109585,108748.8,109453,341798.52,3417.9852,373425290.9106,1,1761224400000
2025-10-23 13:00:00+00:00,109127.8,109585,108748.8,109453,341798.52,3417.9852,373425290.9106,1,1761224400000
2025-10-23 13:00:00+00:00,109127.8,109585,108748.8,109453,341798.52,3417.9852,373425290.9106,1,1761224400000
2025-10-23 13:00:00+00:00,109127.8,109585,108748.8,109453,341798.52,3417.9852,373425290.9106,1,1761224400000
2025-10-23 13:00:00+00:00,109127.8,109585,108748.8,109453,341798.52,3417.9852,373425290.9106,1,1761224400000
2025-10-23 13:00:00+00:00,109127.8,109585,108748.8,109453,341798.52,3417.9852,373425290.9106,1,1761224400000
2025-10-23 13:00:00+00:00,109127.8,109585,108748.8,109453,341798.52,3417.9852,373425290.9106,1,1761224400000
2025-10-23 13:00:00+00:00,109127.8,109585,108748.8,109453,341798.52,3417.9852,373425290.9106,1,1761224400000
2025-10-23 13:00:00+00:00,109127.8,109585,108748.8,109453,341798.52,3417.9852,373425290.9106,1,1761224400000
2025-10-23 13:00:00+00:00,109127.8,109585,108748.8,109453,341798.52,3417.9852,373425290.9106,1,1761224400000
2025-10-23 13:00:00+00:00,109127.8,109585,108748.8,109453,341798.52,3417.9852,373425290.9106,1,1761224400000
2025-10-23 13:00:00+00:00,109127.8,109585,108748.8,109453,341798.52,3417.9852,373425290.9106,1,1761224400000
2025-10-23 13:00:00+00:00,109127.8,109585,108748.8,109453,341798.52,3417.9852,373425290.9106,1,1761224400000
2025-10-23 13:00:00+00:00,109127.8,109585,108748.8,109453,341798.52,3417.9852,373425290.9106,1,1761224400000
2025-10-23 13:00:00+00:00,109127.8,109585,108748.8,109453,341798.52,3417.9852,373425290.9106,1,1761224400000
2025-10-23 13:00:00+00:00,109127.8,109585,108748.8,109453,341798.52,3417.9852,373425290.9106,1,1761224400000
2025-10-23 13:00:00+00:00,109127.8,109585,108748.8,109453,341798.52,3417.9852,373425290.9106,1,1761224400000
2025-10-23 13:00:00+00:00,109127.8,109585,108748.8,109453,341798.52,3417.9852,373425290.9106,1,1761224400000
2025-10-23 13:00:00+00:00,109127.8,109585,108748.8,109453,341798.52,3417.9852,373425290.9106,1,1761224400000
2025-10-23 13:00:00+00:00,109127.8,109585,108748.8,109453,341798.52,3417.9852,373425290.9106,1,1761224400000
2025-10-23 13:00:00+00:00,109127.8,109585,108748.8,109453,341798.52,3417.9852,373425290.9106,1,1761224400000
2025-10-23 13:00:00+00:00,109127.8,109585,108748.8,109453,341798.52,3417.9852,373425290.9106,1,1761224400000
2025-10-23 13:00:00+00:00,109127.8,109585,108748.8,109453,341798.52,3417.9852,373425290.9106,1,1761224400000
2025-10-23 13:00:00+00:00,109127.8,109585,108748.8,109453,341798.52,3417.9852,373425290.9106,1,1761224400000
2025-10-23 13:00:00+00:00,109127.8,109585,108748.8,109453,341798.52,3417.9852,373425290.9106,1,1761224400000
2025-10-23 13:00:00+00:00,109127.8,109585,108748.8,109453,341798.52,3417.9852,373425290.9106,1,1761224400000
2025-10-23 13:00:00+00:00,109127.8,109585,108748.8,109453,341798.52,3417.9852,373425290.9106,1,1761224400000
2025-10-23 13:00:00+00:00,109127.8,109585,108748.8,109453,341798.52,3417.9852,373425290.9106,1,1761224400000
2025-10-23 13:00:00+00:00,109127.8,109585,108748.8,109453,341798.52,3417.9852,373425290.9106,1,1761224400000
2025-10-23 13:00:00+00:00,109127.8,109585,108748.8,109453,341798.52,3417.9852,373425290.9106,1,1761224400000
2025-10-23 13:00:00+00:00,109127.8,109585,108748.8,109453,341798.52,3417.9852,373425290.9106,1,1761224400000
2025-10-23 13:00:00+00:00,109127.8,109585,108748.8,109453,341798.52,3417.9852,373425290.9106,1,1761224400000
2025-10-23 13:00:00+00:00,109127.8,109585,108748.8,109453,341798.52,3417.9852,373425290.9106,1,1761224400000
2025-10-23 13:00:00+00:00,109127.8,109585,108748.8,109453,341798.52,3417.9852,373425290.9106,1,1761224400000
2025-10-23 13:00:00+00:00,109127.8,109585,108748.8,109453,341798.52,3417.9852,373425290.9106,1,1761224400000
2025-10-23 13:00:00+00:00,109127.8,109585,108748.8,109453,341798.52,3417.9852,373425290.9106,1,1761224400000
2025-10-23 13:00:00+00:00,109127.8,109585,108748.8,109453,341798.52,3417.9852,373425290.9106,1,1761224400000
2025-10-23 13:00:00+00:00,109127.8,109585,108748.8,109453,341798.52,3417.9852,373425290.9106,1,1761224400000
2025-10-23 13:00:00+00:00,109127.8,109585,108748.8,109453,341798.52,3417.9852,373425290.9106,1,1761224400000
2025-10-23 13:00:00+00:00,109127.8,109585,108748.8,109453,341798.52,3417.9852,373425290.9106,1,1761224400000
2025-10-23 13:00:00+00:00,109127.8,109585,108748.8,109453,341798.52,3417.9852,373425290.9106,1,1761224400000
2025-10-23 13:00:00+00:00,109127.8,109585,108748.8,109453,341798.52,3417.9852,373425290.9106,1,1761224400000
2025-10-23 13:00:00+00:00,109127.8,109585,108748.8,109453,341798.52,3417.9852,373425290.9106,1,1761224400000
2025-10-23 13:00:00+00:00,109127.8,109585,108748.8,109453,341798.52,3417.9852,373425290.9106,1,1761224400000
2025-10-23 14:00:00+00:00,109453,109807.1,108656.4,109532,523253.04,5232.5304,571792089.22719,1,1761228000000
2025-10-23 14:00:00+00:00,109453,109807.1,108656.4,109532,523253.04,5232.5304,571792089.22719,1,1761228000000
2025-10-23 14:00:00+00:00,109453,109807.1,108656.4,109532,523253.04,5232.5304,571792089.22719,1,1761228000000
2025-10-23 14:00:00+00:00,109453,109807.1,108656.4,109532,523253.04,5232.5304,571792089.22719,1,1761228000000
2025-10-23 14:00:00+00:00,109453,109807.1,108656.4,109532,523253.04,5232.5304,571792089.22719,1,1761228000000
2025-10-23 14:00:00+00:00,109453,109807.1,108656.4,109532,523253.04,5232.5304,571792089.22719,1,1761228000000
2025-10-23 14:00:00+00:00,109453,109807.1,108656.4,109532,523253.04,5232.5304,571792089.22719,1,1761228000000
2025-10-23 14:00:00+00:00,109453,109807.1,108656.4,109532,523253.04,5232.5304,571792089.22719,1,1761228000000
2025-10-23 14:00:00+00:00,109453,109807.1,108656.4,109532,523253.04,5232.5304,571792089.22719,1,1761228000000
2025-10-23 14:00:00+00:00,109453,109807.1,108656.4,109532,523253.04,5232.5304,571792089.22719,1,1761228000000
2025-10-23 14:00:00+00:00,109453,109807.1,108656.4,109532,523253.04,5232.5304,571792089.22719,1,1761228000000
2025-10-23 14:00:00+00:00,109453,109807.1,108656.4,109532,523253.04,5232.5304,571792089.22719,1,1761228000000
2025-10-23 14:00:00+00:00,109453,109807.1,108656.4,109532,523253.04,5232.5304,571792089.22719,1,1761228000000
2025-10-23 14:00:00+00:00,109453,109807.1,108656.4,109532,523253.04,5232.5304,571792089.22719,1,1761228000000
2025-10-23 14:00:00+00:00,109453,109807.1,108656.4,109532,523253.04,5232.5304,571792089.22719,1,1761228000000
2025-10-23 14:00:00+00:00,109453,109807.1,108656.4,109532,523253.04,5232.5304,571792089.22719,1,1761228000000
2025-10-23 14:00:00+00:00,109453,109807.1,108656.4,109532,523253.04,5232.5304,571792089.22719,1,1761228000000
2025-10-23 14:00:00+00:00,109453,109807.1,108656.4,109532,523253.04,5232.5304,571792089.22719,1,1761228000000
2025-10-23 14:00:00+00:00,109453,109807.1,108656.4,109532,523253.04,5232.5304,571792089.22719,1,1761228000000
2025-10-23 14:00:00+00:00,109453,109807.1,108656.4,109532,523253.04,5232.5304,571792089.22719,1,1761228000000
2025-10-23 14:00:00+00:00,109453,109807.1,108656.4,109532,523253.04,5232.5304,571792089.22719,1,1761228000000
2025-10-23 14:00:00+00:00,109453,109807.1,108656.4,109532,523253.04,5232.5304,571792089.22719,1,1761228000000
2025-10-23 14:00:00+00:00,109453,109807.1,108656.4,109532,523253.04,5232.5304,571792089.22719,1,1761228000000
2025-10-23 14:00:00+00:00,109453,109807.1,108656.4,109532,523253.04,5232.5304,571792089.22719,1,1761228000000
2025-10-23 14:00:00+00:00,109453,109807.1,108656.4,109532,523253.04,5232.5304,571792089.22719,1,1761228000000
2025-10-23 14:00:00+00:00,109453,109807.1,108656.4,109532,523253.04,5232.5304,571792089.22719,1,1761228000000
2025-10-23 14:00:00+00:00,109453,109807.1,108656.4,109532,523253.04,5232.5304,571792089.22719,1,1761228000000
2025-10-23 14:00:00+00:00,109453,109807.1,108656.4,109532,523253.04,5232.5304,571792089.22719,1,1761228000000
2025-10-23 14:00:00+00:00,109453,109807.1,108656.4,109532,523253.04,5232.5304,571792089.22719,1,1761228000000
2025-10-23 14:00:00+00:00,109453,109807.1,108656.4,109532,523253.04,5232.5304,571792089.22719,1,1761228000000
2025-10-23 14:00:00+00:00,109453,109807.1,108656.4,109532,523253.04,5232.5304,571792089.22719,1,1761228000000
2025-10-23 14:00:00+00:00,109453,109807.1,108656.4,109532,523253.04,5232.5304,571792089.22719,1,1761228000000
2025-10-23 14:00:00+00:00,109453,109807.1,108656.4,109532,523253.04,5232.5304,571792089.22719,1,1761228000000
2025-10-23 14:00:00+00:00,109453,109807.1,108656.4,109532,523253.04,5232.5304,571792089.22719,1,1761228000000
2025-10-23 14:00:00+00:00,109453,109807.1,108656.4,109532,523253.04,5232.5304,571792089.22719,1,1761228000000
2025-10-23 14:00:00+00:00,109453,109807.1,108656.4,109532,523253.04,5232.5304,571792089.22719,1,1761228000000
2025-10-23 14:00:00+00:00,109453,109807.1,108656.4,109532,523253.04,5232.5304,571792089.22719,1,1761228000000
2025-10-23 14:00:00+00:00,109453,109807.1,108656.4,109532,523253.04,5232.5304,571792089.22719,1,1761228000000
2025-10-23 14:00:00+00:00,109453,109807.1,108656.4,109532,523253.04,5232.5304,571792089.22719,1,1761228000000
2025-10-23 14:00:00+00:00,109453,109807.1,108656.4,109532,523253.04,5232.5304,571792089.22719,1,1761228000000
2025-10-23 14:00:00+00:00,109453,109807.1,108656.4,109532,523253.04,5232.5304,571792089.22719,1,1761228000000
2025-10-23 14:00:00+00:00,109453,109807.1,108656.4,109532,523253.04,5232.5304,571792089.22719,1,1761228000000
2025-10-23 14:00:00+00:00,109453,109807.1,108656.4,109532,523253.04,5232.5304,571792089.22719,1,1761228000000
2025-10-23 14:00:00+00:00,109453,109807.1,108656.4,109532,523253.04,5232.5304,571792089.22719,1,1761228000000
2025-10-23 14:00:00+00:00,109453,109807.1,108656.4,109532,523253.04,5232.5304,571792089.22719,1,1761228000000
2025-10-23 14:00:00+00:00,109453,109807.1,108656.4,109532,523253.04,5232.5304,571792089.22719,1,1761228000000
2025-10-23 14:00:00+00:00,109453,109807.1,108656.4,109532,523253.04,5232.5304,571792089.22719,1,1761228000000
2025-10-23 14:00:00+00:00,109453,109807.1,108656.4,109532,523253.04,5232.5304,571792089.22719,1,1761228000000
2025-10-23 14:00:00+00:00,109453,109807.1,108656.4,109532,523253.04,5232.5304,571792089.22719,1,1761228000000
2025-10-23 14:00:00+00:00,109453,109807.1,108656.4,109532,523253.04,5232.5304,571792089.22719,1,1761228000000
2025-10-23 14:00:00+00:00,109453,109807.1,108656.4,109532,523253.04,5232.5304,571792089.22719,1,1761228000000
2025-10-23 14:00:00+00:00,109453,109807.1,108656.4,109532,523253.04,5232.5304,571792089.22719,1,1761228000000
2025-10-23 14:00:00+00:00,109453,109807.1,108656.4,109532,523253.04,5232.5304,571792089.22719,1,1761228000000
2025-10-23 14:00:00+00:00,109453,109807.1,108656.4,109532,523253.04,5232.5304,571792089.22719,1,1761228000000
2025-10-23 14:00:00+00:00,109453,109807.1,108656.4,109532,523253.04,5232.5304,571792089.22719,1,1761228000000
2025-10-23 14:00:00+00:00,109453,109807.1,108656.4,109532,523253.04,5232.5304,571792089.22719,1,1761228000000
2025-10-23 14:00:00+00:00,109453,109807.1,108656.4,109532,523253.04,5232.5304,571792089.22719,1,1761228000000
2025-10-23 14:00:00+00:00,109453,109807.1,108656.4,109532,523253.04,5232.5304,571792089.22719,1,1761228000000
2025-10-23 14:00:00+00:00,109453,109807.1,108656.4,109532,523253.04,5232.5304,571792089.22719,1,1761228000000
2025-10-23 14:00:00+00:00,109453,109807.1,108656.4,109532,523253.04,5232.5304,571792089.22719,1,1761228000000
2025-10-23 14:00:00+00:00,109453,109807.1,108656.4,109532,523253.04,5232.5304,571792089.22719,1,1761228000000
2025-10-23 14:00:00+00:00,109453,109807.1,108656.4,109532,523253.04,5232.5304,571792089.22719,1,1761228000000
2025-10-23 14:00:00+00:00,109453,109807.1,108656.4,109532,523253.04,5232.5304,571792089.22719,1,1761228000000
2025-10-23 14:00:00+00:00,109453,109807.1,108656.4,109532,523253.04,5232.5304,571792089.22719,1,1761228000000
2025-10-23 14:00:00+00:00,109453,109807.1,108656.4,109532,523253.04,5232.5304,571792089.22719,1,1761228000000
2025-10-23 14:00:00+00:00,109453,109807.1,108656.4,109532,523253.04,5232.5304,571792089.22719,1,1761228000000
2025-10-23 14:00:00+00:00,109453,109807.1,108656.4,109532,523253.04,5232.5304,571792089.22719,1,1761228000000
2025-10-23 14:00:00+00:00,109453,109807.1,108656.4,109532,523253.04,5232.5304,571792089.22719,1,1761228000000
2025-10-23 14:00:00+00:00,109453,109807.1,108656.4,109532,523253.04,5232.5304,571792089.22719,1,1761228000000
2025-10-23 14:00:00+00:00,109453,109807.1,108656.4,109532,523253.04,5232.5304,571792089.22719,1,1761228000000
2025-10-23 14:00:00+00:00,109453,109807.1,108656.4,109532,523253.04,5232.5304,571792089.22719,1,1761228000000
2025-10-23 14:00:00+00:00,109453,109807.1,108656.4,109532,523253.04,5232.5304,571792089.22719,1,1761228000000
2025-10-23 14:00:00+00:00,109453,109807.1,108656.4,109532,523253.04,5232.5304,571792089.22719,1,1761228000000
2025-10-23 14:00:00+00:00,109453,109807.1,108656.4,109532,523253.04,5232.5304,571792089.22719,1,1761228000000
2025-10-23 14:00:00+00:00,109453,109807.1,108656.4,109532,523253.04,5232.5304,571792089.22719,1,1761228000000
2025-10-23 15:00:00+00:00,109532,110071.4,109425.3,109841,354881.55,3548.8155,389611500.827,1,1761231600000
2025-10-23 15:00:00+00:00,109532,110071.4,109425.3,109841,354881.55,3548.8155,389611500.827,1,1761231600000
2025-10-23 15:00:00+00:00,109532,110071.4,109425.3,109841,354881.55,3548.8155,389611500.827,1,1761231600000
2025-10-23 15:00:00+00:00,109532,110071.4,109425.3,109841,354881.55,3548.8155,389611500.827,1,1761231600000
2025-10-23 15:00:00+00:00,109532,110071.4,109425.3,109841,354881.55,3548.8155,389611500.827,1,1761231600000
2025-10-23 15:00:00+00:00,109532,110071.4,109425.3,109841,354881.55,3548.8155,389611500.827,1,1761231600000
2025-10-23 15:00:00+00:00,109532,110071.4,109425.3,109841,354881.55,3548.8155,389611500.827,1,1761231600000
2025-10-23 15:00:00+00:00,109532,110071.4,109425.3,109841,354881.55,3548.8155,389611500.827,1,1761231600000
2025-10-23 15:00:00+00:00,109532,110071.4,109425.3,109841,354881.55,3548.8155,389611500.827,1,1761231600000
2025-10-23 15:00:00+00:00,109532,110071.4,109425.3,109841,354881.55,3548.8155,389611500.827,1,1761231600000
2025-10-23 15:00:00+00:00,109532,110071.4,109425.3,109841,354881.55,3548.8155,389611500.827,1,1761231600000
2025-10-23 15:00:00+00:00,109532,110071.4,109425.3,109841,354881.55,3548.8155,389611500.827,1,1761231600000
2025-10-23 15:00:00+00:00,109532,110071.4,109425.3,109841,354881.55,3548.8155,389611500.827,1,1761231600000
2025-10-23 15:00:00+00:00,109532,110071.4,109425.3,109841,354881.55,3548.8155,389611500.827,1,1761231600000
2025-10-23 15:00:00+00:00,109532,110071.4,109425.3,109841,354881.55,3548.8155,389611500.827,1,1761231600000
2025-10-23 15:00:00+00:00,109532,110071.4,109425.3,109841,354881.55,3548.8155,389611500.827,1,1761231600000
2025-10-23 15:00:00+00:00,109532,110071.4,109425.3,109841,354881.55,3548.8155,389611500.827,1,1761231600000
2025-10-23 15:00:00+00:00,109532,110071.4,109425.3,109841,354881.55,3548.8155,389611500.827,1,1761231600000
2025-10-23 15:00:00+00:00,109532,110071.4,109425.3,109841,354881.55,3548.8155,389611500.827,1,1761231600000
2025-10-23 15:00:00+00:00,109532,110071.4,109425.3,109841,354881.55,3548.8155,389611500.827,1,1761231600000
2025-10-23 15:00:00+00:00,109532,110071.4,109425.3,109841,354881.55,3548.8155,389611500.827,1,1761231600000
2025-10-23 15:00:00+00:00,109532,110071.4,109425.3,109841,354881.55,3548.8155,389611500.827,1,1761231600000
2025-10-23 15:00:00+00:00,109532,110071.4,109425.3,109841,354881.55,3548.8155,389611500.827,1,1761231600000
2025-10-23 15:00:00+00:00,109532,110071.4,109425.3,109841,354881.55,3548.8155,389611500.827,1,1761231600000
2025-10-23 15:00:00+00:00,109532,110071.4,109425.3,109841,354881.55,3548.8155,389611500.827,1,1761231600000
2025-10-23 15:00:00+00:00,109532,110071.4,109425.3,109841,354881.55,3548.8155,389611500.827,1,1761231600000
2025-10-23 15:00:00+00:00,109532,110071.4,109425.3,109841,354881.55,3548.8155,389611500.827,1,1761231600000
2025-10-23 15:00:00+00:00,109532,110071.4,109425.3,109841,354881.55,3548.8155,389611500.827,1,1761231600000
2025-10-23 15:00:00+00:00,109532,110071.4,109425.3,109841,354881.55,3548.8155,389611500.827,1,1761231600000
2025-10-23 15:00:00+00:00,109532,110071.4,109425.3,109841,354881.55,3548.8155,389611500.827,1,1761231600000
2025-10-23 15:00:00+00:00,109532,110071.4,109425.3,109841,354881.55,3548.8155,389611500.827,1,1761231600000
2025-10-23 15:00:00+00:00,109532,110071.4,109425.3,109841,354881.55,3548.8155,389611500.827,1,1761231600000
2025-10-23 15:00:00+00:00,109532,110071.4,109425.3,109841,354881.55,3548.8155,389611500.827,1,1761231600000
2025-10-23 15:00:00+00:00,109532,110071.4,109425.3,109841,354881.55,3548.8155,389611500.827,1,1761231600000
2025-10-23 15:00:00+00:00,109532,110071.4,109425.3,109841,354881.55,3548.8155,389611500.827,1,1761231600000
2025-10-23 15:00:00+00:00,109532,110071.4,109425.3,109841,354881.55,3548.8155,389611500.827,1,1761231600000
2025-10-23 15:00:00+00:00,109532,110071.4,109425.3,109841,354881.55,3548.8155,389611500.827,1,1761231600000
2025-10-23 15:00:00+00:00,109532,110071.4,109425.3,109841,354881.55,3548.8155,389611500.827,1,1761231600000
2025-10-23 15:00:00+00:00,109532,110071.4,109425.3,109841,354881.55,3548.8155,389611500.827,1,1761231600000
2025-10-23 15:00:00+00:00,109532,110071.4,109425.3,109841,354881.55,3548.8155,389611500.827,1,1761231600000
2025-10-23 15:00:00+00:00,109532,110071.4,109425.3,109841,354881.55,3548.8155,389611500.827,1,1761231600000
2025-10-23 15:00:00+00:00,109532,110071.4,109425.3,109841,354881.55,3548.8155,389611500.827,1,1761231600000
2025-10-23 15:00:00+00:00,109532,110071.4,109425.3,109841,354881.55,3548.8155,389611500.827,1,1761231600000
2025-10-23 15:00:00+00:00,109532,110071.4,109425.3,109841,354881.55,3548.8155,389611500.827,1,1761231600000
2025-10-23 15:00:00+00:00,109532,110071.4,109425.3,109841,354881.55,3548.8155,389611500.827,1,1761231600000
2025-10-23 15:00:00+00:00,109532,110071.4,109425.3,109841,354881.55,3548.8155,389611500.827,1,1761231600000
2025-10-23 15:00:00+00:00,109532,110071.4,109425.3,109841,354881.55,3548.8155,389611500.827,1,1761231600000
2025-10-23 15:00:00+00:00,109532,110071.4,109425.3,109841,354881.55,3548.8155,389611500.827,1,1761231600000
2025-10-23 15:00:00+00:00,109532,110071.4,109425.3,109841,354881.55,3548.8155,389611500.827,1,1761231600000
2025-10-23 15:00:00+00:00,109532,110071.4,109425.3,109841,354881.55,3548.8155,389611500.827,1,1761231600000
2025-10-23 15:00:00+00:00,109532,110071.4,109425.3,109841,354881.55,3548.8155,389611500.827,1,1761231600000
2025-10-23 15:00:00+00:00,109532,110071.4,109425.3,109841,354881.55,3548.8155,389611500.827,1,1761231600000
2025-10-23 15:00:00+00:00,109532,110071.4,109425.3,109841,354881.55,3548.8155,389611500.827,1,1761231600000
2025-10-23 15:00:00+00:00,109532,110071.4,109425.3,109841,354881.55,3548.8155,389611500.827,1,1761231600000
2025-10-23 15:00:00+00:00,109532,110071.4,109425.3,109841,354881.55,3548.8155,389611500.827,1,1761231600000
2025-10-23 15:00:00+00:00,109532,110071.4,109425.3,109841,354881.55,3548.8155,389611500.827,1,1761231600000
2025-10-23 15:00:00+00:00,109532,110071.4,109425.3,109841,354881.55,3548.8155,389611500.827,1,1761231600000
2025-10-23 15:00:00+00:00,109532,110071.4,109425.3,109841,354881.55,3548.8155,389611500.827,1,1761231600000
2025-10-23 15:00:00+00:00,109532,110071.4,109425.3,109841,354881.55,3548.8155,389611500.827,1,1761231600000
2025-10-23 15:00:00+00:00,109532,110071.4,109425.3,109841,354881.55,3548.8155,389611500.827,1,1761231600000
2025-10-23 15:00:00+00:00,109532,110071.4,109425.3,109841,354881.55,3548.8155,389611500.827,1,1761231600000
2025-10-23 15:00:00+00:00,109532,110071.4,109425.3,109841,354881.55,3548.8155,389611500.827,1,1761231600000
2025-10-23 15:00:00+00:00,109532,110071.4,109425.3,109841,354881.55,3548.8155,389611500.827,1,1761231600000
2025-10-23 15:00:00+00:00,109532,110071.4,109425.3,109841,354881.55,3548.8155,389611500.827,1,1761231600000
2025-10-23 15:00:00+00:00,109532,110071.4,109425.3,109841,354881.55,3548.8155,389611500.827,1,1761231600000
2025-10-23 15:00:00+00:00,109532,110071.4,109425.3,109841,354881.55,3548.8155,389611500.827,1,1761231600000
2025-10-23 15:00:00+00:00,109532,110071.4,109425.3,109841,354881.55,3548.8155,389611500.827,1,1761231600000
2025-10-23 15:00:00+00:00,109532,110071.4,109425.3,109841,354881.55,3548.8155,389611500.827,1,1761231600000
2025-10-23 15:00:00+00:00,109532,110071.4,109425.3,109841,354881.55,3548.8155,389611500.827,1,1761231600000
2025-10-23 15:00:00+00:00,109532,110071.4,109425.3,109841,354881.55,3548.8155,389611500.827,1,1761231600000
2025-10-23 15:00:00+00:00,109532,110071.4,109425.3,109841,354881.55,3548.8155,389611500.827,1,1761231600000
2025-10-23 15:00:00+00:00,109532,110071.4,109425.3,109841,354881.55,3548.8155,389611500.827,1,1761231600000
2025-10-23 15:00:00+00:00,109532,110071.4,109425.3,109841,354881.55,3548.8155,389611500.827,1,1761231600000
2025-10-23 15:00:00+00:00,109532,110071.4,109425.3,109841,354881.55,3548.8155,389611500.827,1,1761231600000
2025-10-23 15:00:00+00:00,109532,110071.4,109425.3,109841,354881.55,3548.8155,389611500.827,1,1761231600000
2025-10-23 15:00:00+00:00,109532,110071.4,109425.3,109841,354881.55,3548.8155,389611500.827,1,1761231600000
2025-10-23 16:00:00+00:00,109840.9,110534.4,109588,110200,342523.13,3425.2313,377001035.47889,1,1761235200000
2025-10-23 16:00:00+00:00,109840.9,110534.4,109588,110200,342523.13,3425.2313,377001035.47889,1,1761235200000
2025-10-23 16:00:00+00:00,109840.9,110534.4,109588,110200,342523.13,3425.2313,377001035.47889,1,1761235200000
2025-10-23 16:00:00+00:00,109840.9,110534.4,109588,110200,342523.13,3425.2313,377001035.47889,1,1761235200000
2025-10-23 16:00:00+00:00,109840.9,110534.4,109588,110200,342523.13,3425.2313,377001035.47889,1,1761235200000
2025-10-23 16:00:00+00:00,109840.9,110534.4,109588,110200,342523.13,3425.2313,377001035.47889,1,1761235200000
2025-10-23 16:00:00+00:00,109840.9,110534.4,109588,110200,342523.13,3425.2313,377001035.47889,1,1761235200000
2025-10-23 16:00:00+00:00,109840.9,110534.4,109588,110200,342523.13,3425.2313,377001035.47889,1,1761235200000
2025-10-23 16:00:00+00:00,109840.9,110534.4,109588,110200,342523.13,3425.2313,377001035.47889,1,1761235200000
2025-10-23 16:00:00+00:00,109840.9,110534.4,109588,110200,342523.13,3425.2313,377001035.47889,1,1761235200000
2025-10-23 16:00:00+00:00,109840.9,110534.4,109588,110200,342523.13,3425.2313,377001035.47889,1,1761235200000
2025-10-23 16:00:00+00:00,109840.9,110534.4,109588,110200,342523.13,3425.2313,377001035.47889,1,1761235200000
2025-10-23 16:00:00+00:00,109840.9,110534.4,109588,110200,342523.13,3425.2313,377001035.47889,1,1761235200000
2025-10-23 16:00:00+00:00,109840.9,110534.4,109588,110200,342523.13,3425.2313,377001035.47889,1,1761235200000
2025-10-23 16:00:00+00:00,109840.9,110534.4,109588,110200,342523.13,3425.2313,377001035.47889,1,1761235200000
2025-10-23 16:00:00+00:00,109840.9,110534.4,109588,110200,342523.13,3425.2313,377001035.47889,1,1761235200000
2025-10-23 16:00:00+00:00,109840.9,110534.4,109588,110200,342523.13,3425.2313,377001035.47889,1,1761235200000
2025-10-23 16:00:00+00:00,109840.9,110534.4,109588,110200,342523.13,3425.2313,377001035.47889,1,1761235200000
2025-10-23 16:00:00+00:00,109840.9,110534.4,109588,110200,342523.13,3425.2313,377001035.47889,1,1761235200000
2025-10-23 16:00:00+00:00,109840.9,110534.4,109588,110200,342523.13,3425.2313,377001035.47889,1,1761235200000
2025-10-23 16:00:00+00:00,109840.9,110534.4,109588,110200,342523.13,3425.2313,377001035.47889,1,1761235200000
2025-10-23 16:00:00+00:00,109840.9,110534.4,109588,110200,342523.13,3425.2313,377001035.47889,1,1761235200000
2025-10-23 16:00:00+00:00,109840.9,110534.4,109588,110200,342523.13,3425.2313,377001035.47889,1,1761235200000
2025-10-23 16:00:00+00:00,109840.9,110534.4,109588,110200,342523.13,3425.2313,377001035.47889,1,1761235200000
2025-10-23 16:00:00+00:00,109840.9,110534.4,109588,110200,342523.13,3425.2313,377001035.47889,1,1761235200000
2025-10-23 16:00:00+00:00,109840.9,110534.4,109588,110200,342523.13,3425.2313,377001035.47889,1,1761235200000
2025-10-23 16:00:00+00:00,109840.9,110534.4,109588,110200,342523.13,3425.2313,377001035.47889,1,1761235200000
2025-10-23 16:00:00+00:00,109840.9,110534.4,109588,110200,342523.13,3425.2313,377001035.47889,1,1761235200000
2025-10-23 16:00:00+00:00,109840.9,110534.4,109588,110200,342523.13,3425.2313,377001035.47889,1,1761235200000
2025-10-23 16:00:00+00:00,109840.9,110534.4,109588,110200,342523.13,3425.2313,377001035.47889,1,1761235200000
2025-10-23 16:00:00+00:00,109840.9,110534.4,109588,110200,342523.13,3425.2313,377001035.47889,1,1761235200000
2025-10-23 16:00:00+00:00,109840.9,110534.4,109588,110200,342523.13,3425.2313,377001035.47889,1,1761235200000
2025-10-23 16:00:00+00:00,109840.9,110534.4,109588,110200,342523.13,3425.2313,377001035.47889,1,1761235200000
2025-10-23 16:00:00+00:00,109840.9,110534.4,109588,110200,342523.13,3425.2313,377001035.47889,1,1761235200000
2025-10-23 16:00:00+00:00,109840.9,110534.4,109588,110200,342523.13,3425.2313,377001035.47889,1,1761235200000
2025-10-23 16:00:00+00:00,109840.9,110534.4,109588,110200,342523.13,3425.2313,377001035.47889,1,1761235200000
2025-10-23 16:00:00+00:00,109840.9,110534.4,109588,110200,342523.13,3425.2313,377001035.47889,1,1761235200000
2025-10-23 16:00:00+00:00,109840.9,110534.4,109588,110200,342523.13,3425.2313,377001035.47889,1,1761235200000
2025-10-23 16:00:00+00:00,109840.9,110534.4,109588,110200,342523.13,3425.2313,377001035.47889,1,1761235200000
2025-10-23 16:00:00+00:00,109840.9,110534.4,109588,110200,342523.13,3425.2313,377001035.47889,1,1761235200000
2025-10-23 16:00:00+00:00,109840.9,110534.4,109588,110200,342523.13,3425.2313,377001035.47889,1,1761235200000
2025-10-23 16:00:00+00:00,109840.9,110534.4,109588,110200,342523.13,3425.2313,377001035.47889,1,1761235200000
2025-10-23 16:00:00+00:00,109840.9,110534.4,109588,110200,342523.13,3425.2313,377001035.47889,1,1761235200000
2025-10-23 16:00:00+00:00,109840.9,110534.4,109588,110200,342523.13,3425.2313,377001035.47889,1,1761235200000
2025-10-23 16:00:00+00:00,109840.9,110534.4,109588,110200,342523.13,3425.2313,377001035.47889,1,1761235200000
2025-10-23 16:00:00+00:00,109840.9,110534.4,109588,110200,342523.13,3425.2313,377001035.47889,1,1761235200000
2025-10-23 16:00:00+00:00,109840.9,110534.4,109588,110200,342523.13,3425.2313,377001035.47889,1,1761235200000
2025-10-23 16:00:00+00:00,109840.9,110534.4,109588,110200,342523.13,3425.2313,377001035.47889,1,1761235200000
2025-10-23 16:00:00+00:00,109840.9,110534.4,109588,110200,342523.13,3425.2313,377001035.47889,1,1761235200000
2025-10-23 16:00:00+00:00,109840.9,110534.4,109588,110200,342523.13,3425.2313,377001035.47889,1,1761235200000
2025-10-23 16:00:00+00:00,109840.9,110534.4,109588,110200,342523.13,3425.2313,377001035.47889,1,1761235200000
2025-10-23 16:00:00+00:00,109840.9,110534.4,109588,110200,342523.13,3425.2313,377001035.47889,1,1761235200000
2025-10-23 16:00:00+00:00,109840.9,110534.4,109588,110200,342523.13,3425.2313,377001035.47889,1,1761235200000
2025-10-23 16:00:00+00:00,109840.9,110534.4,109588,110200,342523.13,3425.2313,377001035.47889,1,1761235200000
2025-10-23 16:00:00+00:00,109840.9,110534.4,109588,110200,342523.13,3425.2313,377001035.47889,1,1761235200000
2025-10-23 16:00:00+00:00,109840.9,110534.4,109588,110200,342523.13,3425.2313,377001035.47889,1,1761235200000
2025-10-23 16:00:00+00:00,109840.9,110534.4,109588,110200,342523.13,3425.2313,377001035.47889,1,1761235200000
2025-10-23 16:00:00+00:00,109840.9,110534.4,109588,110200,342523.13,3425.2313,377001035.47889,1,1761235200000
2025-10-23 16:00:00+00:00,109840.9,110534.4,109588,110200,342523.13,3425.2313,377001035.47889,1,1761235200000
2025-10-23 16:00:00+00:00,109840.9,110534.4,109588,110200,342523.13,3425.2313,377001035.47889,1,1761235200000
2025-10-23 16:00:00+00:00,109840.9,110534.4,109588,110200,342523.13,3425.2313,377001035.47889,1,1761235200000
2025-10-23 16:00:00+00:00,109840.9,110534.4,109588,110200,342523.13,3425.2313,377001035.47889,1,1761235200000
2025-10-23 16:00:00+00:00,109840.9,110534.4,109588,110200,342523.13,3425.2313,377001035.47889,1,1761235200000
2025-10-23 16:00:00+00:00,109840.9,110534.4,109588,110200,342523.13,3425.2313,377001035.47889,1,1761235200000
2025-10-23 16:00:00+00:00,109840.9,110534.4,109588,110200,342523.13,3425.2313,377001035.47889,1,1761235200000
2025-10-23 16:00:00+00:00,109840.9,110534.4,109588,110200,342523.13,3425.2313,377001035.47889,1,1761235200000
2025-10-23 16:00:00+00:00,109840.9,110534.4,109588,110200,342523.13,3425.2313,377001035.47889,1,1761235200000
2025-10-23 16:00:00+00:00,109840.9,110534.4,109588,110200,342523.13,3425.2313,377001035.47889,1,1761235200000
2025-10-23 16:00:00+00:00,109840.9,110534.4,109588,110200,342523.13,3425.2313,377001035.47889,1,1761235200000
2025-10-23 16:00:00+00:00,109840.9,110534.4,109588,110200,342523.13,3425.2313,377001035.47889,1,1761235200000
2025-10-23 16:00:00+00:00,109840.9,110534.4,109588,110200,342523.13,3425.2313,377001035.47889,1,1761235200000
2025-10-23 16:00:00+00:00,109840.9,110534.4,109588,110200,342523.13,3425.2313,377001035.47889,1,1761235200000
2025-10-23 16:00:00+00:00,109840.9,110534.4,109588,110200,342523.13,3425.2313,377001035.47889,1,1761235200000
2025-10-23 16:00:00+00:00,109840.9,110534.4,109588,110200,342523.13,3425.2313,377001035.47889,1,1761235200000
2025-10-23 16:00:00+00:00,109840.9,110534.4,109588,110200,342523.13,3425.2313,377001035.47889,1,1761235200000
2025-10-23 16:00:00+00:00,109840.9,110534.4,109588,110200,342523.13,3425.2313,377001035.47889,1,1761235200000
2025-10-23 16:00:00+00:00,109840.9,110534.4,109588,110200,342523.13,3425.2313,377001035.47889,1,1761235200000
2025-10-23 17:00:00+00:00,110200,111234,109571,111171.3,678425.78,6784.2578,749974487.71605,1,1761238800000
2025-10-23 17:00:00+00:00,110200,111234,109571,111171.3,678425.78,6784.2578,749974487.71605,1,1761238800000
2025-10-23 17:00:00+00:00,110200,111234,109571,111171.3,678425.78,6784.2578,749974487.71605,1,1761238800000
2025-10-23 17:00:00+00:00,110200,111234,109571,111171.3,678425.78,6784.2578,749974487.71605,1,1761238800000
2025-10-23 17:00:00+00:00,110200,111234,109571,111171.3,678425.78,6784.2578,749974487.71605,1,1761238800000
2025-10-23 17:00:00+00:00,110200,111234,109571,111171.3,678425.78,6784.2578,749974487.71605,1,1761238800000
2025-10-23 17:00:00+00:00,110200,111234,109571,111171.3,678425.78,6784.2578,749974487.71605,1,1761238800000
2025-10-23 17:00:00+00:00,110200,111234,109571,111171.3,678425.78,6784.2578,749974487.71605,1,1761238800000
2025-10-23 17:00:00+00:00,110200,111234,109571,111171.3,678425.78,6784.2578,749974487.71605,1,1761238800000
2025-10-23 17:00:00+00:00,110200,111234,109571,111171.3,678425.78,6784.2578,749974487.71605,1,1761238800000
2025-10-23 17:00:00+00:00,110200,111234,109571,111171.3,678425.78,6784.2578,749974487.71605,1,1761238800000
2025-10-23 17:00:00+00:00,110200,111234,109571,111171.3,678425.78,6784.2578,749974487.71605,1,1761238800000
2025-10-23 17:00:00+00:00,110200,111234,109571,111171.3,678425.78,6784.2578,749974487.71605,1,1761238800000
2025-10-23 17:00:00+00:00,110200,111234,109571,111171.3,678425.78,6784.2578,749974487.71605,1,1761238800000
2025-10-23 17:00:00+00:00,110200,111234,109571,111171.3,678425.78,6784.2578,749974487.71605,1,1761238800000
2025-10-23 17:00:00+00:00,110200,111234,109571,111171.3,678425.78,6784.2578,749974487.71605,1,1761238800000
2025-10-23 17:00:00+00:00,110200,111234,109571,111171.3,678425.78,6784.2578,749974487.71605,1,1761238800000
2025-10-23 17:00:00+00:00,110200,111234,109571,111171.3,678425.78,6784.2578,749974487.71605,1,1761238800000
2025-10-23 17:00:00+00:00,110200,111234,109571,111171.3,678425.78,6784.2578,749974487.71605,1,1761238800000
2025-10-23 17:00:00+00:00,110200,111234,109571,111171.3,678425.78,6784.2578,749974487.71605,1,1761238800000
2025-10-23 17:00:00+00:00,110200,111234,109571,111171.3,678425.78,6784.2578,749974487.71605,1,1761238800000
2025-10-23 17:00:00+00:00,110200,111234,109571,111171.3,678425.78,6784.2578,749974487.71605,1,1761238800000
2025-10-23 17:00:00+00:00,110200,111234,109571,111171.3,678425.78,6784.2578,749974487.71605,1,1761238800000
2025-10-23 17:00:00+00:00,110200,111234,109571,111171.3,678425.78,6784.2578,749974487.71605,1,1761238800000
2025-10-23 17:00:00+00:00,110200,111234,109571,111171.3,678425.78,6784.2578,749974487.71605,1,1761238800000
2025-10-23 17:00:00+00:00,110200,111234,109571,111171.3,678425.78,6784.2578,749974487.71605,1,1761238800000
2025-10-23 17:00:00+00:00,110200,111234,109571,111171.3,678425.78,6784.2578,749974487.71605,1,1761238800000
2025-10-23 17:00:00+00:00,110200,111234,109571,111171.3,678425.78,6784.2578,749974487.71605,1,1761238800000
2025-10-23 17:00:00+00:00,110200,111234,109571,111171.3,678425.78,6784.2578,749974487.71605,1,1761238800000
2025-10-23 17:00:00+00:00,110200,111234,109571,111171.3,678425.78,6784.2578,749974487.71605,1,1761238800000
2025-10-23 17:00:00+00:00,110200,111234,109571,111171.3,678425.78,6784.2578,749974487.71605,1,1761238800000
2025-10-23 17:00:00+00:00,110200,111234,109571,111171.3,678425.78,6784.2578,749974487.71605,1,1761238800000
2025-10-23 17:00:00+00:00,110200,111234,109571,111171.3,678425.78,6784.2578,749974487.71605,1,1761238800000
2025-10-23 17:00:00+00:00,110200,111234,109571,111171.3,678425.78,6784.2578,749974487.71605,1,1761238800000
2025-10-23 17:00:00+00:00,110200,111234,109571,111171.3,678425.78,6784.2578,749974487.71605,1,1761238800000
2025-10-23 17:00:00+00:00,110200,111234,109571,111171.3,678425.78,6784.2578,749974487.71605,1,1761238800000
2025-10-23 17:00:00+00:00,110200,111234,109571,111171.3,678425.78,6784.2578,749974487.71605,1,1761238800000
2025-10-23 17:00:00+00:00,110200,111234,109571,111171.3,678425.78,6784.2578,749974487.71605,1,1761238800000
2025-10-23 17:00:00+00:00,110200,111234,109571,111171.3,678425.78,6784.2578,749974487.71605,1,1761238800000
2025-10-23 17:00:00+00:00,110200,111234,109571,111171.3,678425.78,6784.2578,749974487.71605,1,1761238800000
2025-10-23 17:00:00+00:00,110200,111234,109571,111171.3,678425.78,6784.2578,749974487.71605,1,1761238800000
2025-10-23 17:00:00+00:00,110200,111234,109571,111171.3,678425.78,6784.2578,749974487.71605,1,1761238800000
2025-10-23 17:00:00+00:00,110200,111234,109571,111171.3,678425.78,6784.2578,749974487.71605,1,1761238800000
2025-10-23 17:00:00+00:00,110200,111234,109571,111171.3,678425.78,6784.2578,749974487.71605,1,1761238800000
2025-10-23 17:00:00+00:00,110200,111234,109571,111171.3,678425.78,6784.2578,749974487.71605,1,1761238800000
2025-10-23 17:00:00+00:00,110200,111234,109571,111171.3,678425.78,6784.2578,749974487.71605,1,1761238800000
2025-10-23 17:00:00+00:00,110200,111234,109571,111171.3,678425.78,6784.2578,749974487.71605,1,1761238800000
2025-10-23 17:00:00+00:00,110200,111234,109571,111171.3,678425.78,6784.2578,749974487.71605,1,1761238800000
2025-10-23 17:00:00+00:00,110200,111234,109571,111171.3,678425.78,6784.2578,749974487.71605,1,1761238800000
2025-10-23 17:00:00+00:00,110200,111234,109571,111171.3,678425.78,6784.2578,749974487.71605,1,1761238800000
2025-10-23 17:00:00+00:00,110200,111234,109571,111171.3,678425.78,6784.2578,749974487.71605,1,1761238800000
2025-10-23 17:00:00+00:00,110200,111234,109571,111171.3,678425.78,6784.2578,749974487.71605,1,1761238800000
2025-10-23 17:00:00+00:00,110200,111234,109571,111171.3,678425.78,6784.2578,749974487.71605,1,1761238800000
2025-10-23 17:00:00+00:00,110200,111234,109571,111171.3,678425.78,6784.2578,749974487.71605,1,1761238800000
2025-10-23 17:00:00+00:00,110200,111234,109571,111171.3,678425.78,6784.2578,749974487.71605,1,1761238800000
2025-10-23 17:00:00+00:00,110200,111234,109571,111171.3,678425.78,6784.2578,749974487.71605,1,1761238800000
2025-10-23 17:00:00+00:00,110200,111234,109571,111171.3,678425.78,6784.2578,749974487.71605,1,1761238800000
2025-10-23 17:00:00+00:00,110200,111234,109571,111171.3,678425.78,6784.2578,749974487.71605,1,1761238800000
2025-10-23 17:00:00+00:00,110200,111234,109571,111171.3,678425.78,6784.2578,749974487.71605,1,1761238800000
2025-10-23 17:00:00+00:00,110200,111234,109571,111171.3,678425.78,6784.2578,749974487.71605,1,1761238800000
2025-10-23 17:00:00+00:00,110200,111234,109571,111171.3,678425.78,6784.2578,749974487.71605,1,1761238800000
2025-10-23 17:00:00+00:00,110200,111234,109571,111171.3,678425.78,6784.2578,749974487.71605,1,1761238800000
2025-10-23 17:00:00+00:00,110200,111234,109571,111171.3,678425.78,6784.2578,749974487.71605,1,1761238800000
2025-10-23 17:00:00+00:00,110200,111234,109571,111171.3,678425.78,6784.2578,749974487.71605,1,1761238800000
2025-10-23 17:00:00+00:00,110200,111234,109571,111171.3,678425.78,6784.2578,749974487.71605,1,1761238800000
2025-10-23 17:00:00+00:00,110200,111234,109571,111171.3,678425.78,6784.2578,749974487.71605,1,1761238800000
2025-10-23 17:00:00+00:00,110200,111234,109571,111171.3,678425.78,6784.2578,749974487.71605,1,1761238800000
2025-10-23 17:00:00+00:00,110200,111234,109571,111171.3,678425.78,6784.2578,749974487.71605,1,1761238800000
2025-10-23 17:00:00+00:00,110200,111234,109571,111171.3,678425.78,6784.2578,749974487.71605,1,1761238800000
2025-10-23 17:00:00+00:00,110200,111234,109571,111171.3,678425.78,6784.2578,749974487.71605,1,1761238800000
2025-10-23 17:00:00+00:00,110200,111234,109571,111171.3,678425.78,6784.2578,749974487.71605,1,1761238800000
2025-10-23 17:00:00+00:00,110200,111234,109571,111171.3,678425.78,6784.2578,749974487.71605,1,1761238800000
2025-10-23 17:00:00+00:00,110200,111234,109571,111171.3,678425.78,6784.2578,749974487.71605,1,1761238800000
2025-10-23 17:00:00+00:00,110200,111234,109571,111171.3,678425.78,6784.2578,749974487.71605,1,1761238800000
2025-10-23 17:00:00+00:00,110200,111234,109571,111171.3,678425.78,6784.2578,749974487.71605,1,1761238800000
2025-10-23 17:00:00+00:00,110200,111234,109571,111171.3,678425.78,6784.2578,749974487.71605,1,1761238800000
2025-10-23 17:00:00+00:00,110200,111234,109571,111171.3,678425.78,6784.2578,749974487.71605,1,1761238800000
2025-10-23 17:00:00+00:00,110200,111234,109571,111171.3,678425.78,6784.2578,749974487.71605,1,1761238800000
2025-10-23 18:00:00+00:00,111171.4,111235.3,110201,110521,345774.4,3457.744,382689345.97735,1,1761242400000
2025-10-23 18:00:00+00:00,111171.4,111235.3,110201,110521,345774.4,3457.744,382689345.97735,1,1761242400000
2025-10-23 18:00:00+00:00,111171.4,111235.3,110201,110521,345774.4,3457.744,382689345.97735,1,1761242400000
2025-10-23 18:00:00+00:00,111171.4,111235.3,110201,110521,345774.4,3457.744,382689345.97735,1,1761242400000
2025-10-23 18:00:00+00:00,111171.4,111235.3,110201,110521,345774.4,3457.744,382689345.97735,1,1761242400000
2025-10-23 18:00:00+00:00,111171.4,111235.3,110201,110521,345774.4,3457.744,382689345.97735,1,1761242400000
2025-10-23 18:00:00+00:00,111171.4,111235.3,110201,110521,345774.4,3457.744,382689345.97735,1,1761242400000
2025-10-23 18:00:00+00:00,111171.4,111235.3,110201,110521,345774.4,3457.744,382689345.97735,1,1761242400000
2025-10-23 18:00:00+00:00,111171.4,111235.3,110201,110521,345774.4,3457.744,382689345.97735,1,1761242400000
2025-10-23 18:00:00+00:00,111171.4,111235.3,110201,110521,345774.4,3457.744,382689345.97735,1,1761242400000
2025-10-23 18:00:00+00:00,111171.4,111235.3,110201,110521,345774.4,3457.744,382689345.97735,1,1761242400000
2025-10-23 18:00:00+00:00,111171.4,111235.3,110201,110521,345774.4,3457.744,382689345.97735,1,1761242400000
2025-10-23 18:00:00+00:00,111171.4,111235.3,110201,110521,345774.4,3457.744,382689345.97735,1,1761242400000
2025-10-23 18:00:00+00:00,111171.4,111235.3,110201,110521,345774.4,3457.744,382689345.97735,1,1761242400000
2025-10-23 18:00:00+00:00,111171.4,111235.3,110201,110521,345774.4,3457.744,382689345.97735,1,1761242400000
2025-10-23 18:00:00+00:00,111171.4,111235.3,110201,110521,345774.4,3457.744,382689345.97735,1,1761242400000
2025-10-23 18:00:00+00:00,111171.4,111235.3,110201,110521,345774.4,3457.744,382689345.97735,1,1761242400000
2025-10-23 18:00:00+00:00,111171.4,111235.3,110201,110521,345774.4,3457.744,382689345.97735,1,1761242400000
2025-10-23 18:00:00+00:00,111171.4,111235.3,110201,110521,345774.4,3457.744,382689345.97735,1,1761242400000
2025-10-23 18:00:00+00:00,111171.4,111235.3,110201,110521,345774.4,3457.744,382689345.97735,1,1761242400000
2025-10-23 18:00:00+00:00,111171.4,111235.3,110201,110521,345774.4,3457.744,382689345.97735,1,1761242400000
2025-10-23 18:00:00+00:00,111171.4,111235.3,110201,110521,345774.4,3457.744,382689345.97735,1,1761242400000
2025-10-23 18:00:00+00:00,111171.4,111235.3,110201,110521,345774.4,3457.744,382689345.97735,1,1761242400000
2025-10-23 18:00:00+00:00,111171.4,111235.3,110201,110521,345774.4,3457.744,382689345.97735,1,1761242400000
2025-10-23 18:00:00+00:00,111171.4,111235.3,110201,110521,345774.4,3457.744,382689345.97735,1,1761242400000
2025-10-23 18:00:00+00:00,111171.4,111235.3,110201,110521,345774.4,3457.744,382689345.97735,1,1761242400000
2025-10-23 18:00:00+00:00,111171.4,111235.3,110201,110521,345774.4,3457.744,382689345.97735,1,1761242400000
2025-10-23 18:00:00+00:00,111171.4,111235.3,110201,110521,345774.4,3457.744,382689345.97735,1,1761242400000
2025-10-23 18:00:00+00:00,111171.4,111235.3,110201,110521,345774.4,3457.744,382689345.97735,1,1761242400000
2025-10-23 18:00:00+00:00,111171.4,111235.3,110201,110521,345774.4,3457.744,382689345.97735,1,1761242400000
2025-10-23 18:00:00+00:00,111171.4,111235.3,110201,110521,345774.4,3457.744,382689345.97735,1,1761242400000
2025-10-23 18:00:00+00:00,111171.4,111235.3,110201,110521,345774.4,3457.744,382689345.97735,1,1761242400000
2025-10-23 18:00:00+00:00,111171.4,111235.3,110201,110521,345774.4,3457.744,382689345.97735,1,1761242400000
2025-10-23 18:00:00+00:00,111171.4,111235.3,110201,110521,345774.4,3457.744,382689345.97735,1,1761242400000
2025-10-23 18:00:00+00:00,111171.4,111235.3,110201,110521,345774.4,3457.744,382689345.97735,1,1761242400000
2025-10-23 18:00:00+00:00,111171.4,111235.3,110201,110521,345774.4,3457.744,382689345.97735,1,1761242400000
2025-10-23 18:00:00+00:00,111171.4,111235.3,110201,110521,345774.4,3457.744,382689345.97735,1,1761242400000
2025-10-23 18:00:00+00:00,111171.4,111235.3,110201,110521,345774.4,3457.744,382689345.97735,1,1761242400000
2025-10-23 18:00:00+00:00,111171.4,111235.3,110201,110521,345774.4,3457.744,382689345.97735,1,1761242400000
2025-10-23 18:00:00+00:00,111171.4,111235.3,110201,110521,345774.4,3457.744,382689345.97735,1,1761242400000
2025-10-23 18:00:00+00:00,111171.4,111235.3,110201,110521,345774.4,3457.744,382689345.97735,1,1761242400000
2025-10-23 18:00:00+00:00,111171.4,111235.3,110201,110521,345774.4,3457.744,382689345.97735,1,1761242400000
2025-10-23 18:00:00+00:00,111171.4,111235.3,110201,110521,345774.4,3457.744,382689345.97735,1,1761242400000
2025-10-23 18:00:00+00:00,111171.4,111235.3,110201,110521,345774.4,3457.744,382689345.97735,1,1761242400000
2025-10-23 18:00:00+00:00,111171.4,111235.3,110201,110521,345774.4,3457.744,382689345.97735,1,1761242400000
2025-10-23 18:00:00+00:00,111171.4,111235.3,110201,110521,345774.4,3457.744,382689345.97735,1,1761242400000
2025-10-23 18:00:00+00:00,111171.4,111235.3,110201,110521,345774.4,3457.744,382689345.97735,1,1761242400000
2025-10-23 18:00:00+00:00,111171.4,111235.3,110201,110521,345774.4,3457.744,382689345.97735,1,1761242400000
2025-10-23 18:00:00+00:00,111171.4,111235.3,110201,110521,345774.4,3457.744,382689345.97735,1,1761242400000
2025-10-23 18:00:00+00:00,111171.4,111235.3,110201,110521,345774.4,3457.744,382689345.97735,1,1761242400000
2025-10-23 18:00:00+00:00,111171.4,111235.3,110201,110521,345774.4,3457.744,382689345.97735,1,1761242400000
2025-10-23 18:00:00+00:00,111171.4,111235.3,110201,110521,345774.4,3457.744,382689345.97735,1,1761242400000
2025-10-23 18:00:00+00:00,111171.4,111235.3,110201,110521,345774.4,3457.744,382689345.97735,1,1761242400000
2025-10-23 18:00:00+00:00,111171.4,111235.3,110201,110521,345774.4,3457.744,382689345.97735,1,1761242400000
2025-10-23 18:00:00+00:00,111171.4,111235.3,110201,110521,345774.4,3457.744,382689345.97735,1,1761242400000
2025-10-23 18:00:00+00:00,111171.4,111235.3,110201,110521,345774.4,3457.744,382689345.97735,1,1761242400000
2025-10-23 18:00:00+00:00,111171.4,111235.3,110201,110521,345774.4,3457.744,382689345.97735,1,1761242400000
2025-10-23 18:00:00+00:00,111171.4,111235.3,110201,110521,345774.4,3457.744,382689345.97735,1,1761242400000
2025-10-23 18:00:00+00:00,111171.4,111235.3,110201,110521,345774.4,3457.744,382689345.97735,1,1761242400000
2025-10-23 18:00:00+00:00,111171.4,111235.3,110201,110521,345774.4,3457.744,382689345.97735,1,1761242400000
2025-10-23 18:00:00+00:00,111171.4,111235.3,110201,110521,345774.4,3457.744,382689345.97735,1,1761242400000
2025-10-23 18:00:00+00:00,111171.4,111235.3,110201,110521,345774.4,3457.744,382689345.97735,1,1761242400000
2025-10-23 18:00:00+00:00,111171.4,111235.3,110201,110521,345774.4,3457.744,382689345.97735,1,1761242400000
2025-10-23 18:00:00+00:00,111171.4,111235.3,110201,110521,345774.4,3457.744,382689345.97735,1,1761242400000
2025-10-23 18:00:00+00:00,111171.4,111235.3,110201,110521,345774.4,3457.744,382689345.97735,1,1761242400000
2025-10-23 18:00:00+00:00,111171.4,111235.3,110201,110521,345774.4,3457.744,382689345.97735,1,1761242400000
2025-10-23 18:00:00+00:00,111171.4,111235.3,110201,110521,345774.4,3457.744,382689345.97735,1,1761242400000
2025-10-23 18:00:00+00:00,111171.4,111235.3,110201,110521,345774.4,3457.744,382689345.97735,1,1761242400000
2025-10-23 18:00:00+00:00,111171.4,111235.3,110201,110521,345774.4,3457.744,382689345.97735,1,1761242400000
2025-10-23 18:00:00+00:00,111171.4,111235.3,110201,110521,345774.4,3457.744,382689345.97735,1,1761242400000
2025-10-23 18:00:00+00:00,111171.4,111235.3,110201,110521,345774.4,3457.744,382689345.97735,1,1761242400000
2025-10-23 18:00:00+00:00,111171.4,111235.3,110201,110521,345774.4,3457.744,382689345.97735,1,1761242400000
2025-10-23 18:00:00+00:00,111171.4,111235.3,110201,110521,345774.4,3457.744,382689345.97735,1,1761242400000
2025-10-23 18:00:00+00:00,111171.4,111235.3,110201,110521,345774.4,3457.744,382689345.97735,1,1761242400000
2025-10-23 18:00:00+00:00,111171.4,111235.3,110201,110521,345774.4,3457.744,382689345.97735,1,1761242400000
2025-10-23 18:00:00+00:00,111171.4,111235.3,110201,110521,345774.4,3457.744,382689345.97735,1,1761242400000
2025-10-23 18:00:00+00:00,111171.4,111235.3,110201,110521,345774.4,3457.744,382689345.97735,1,1761242400000
2025-10-23 18:00:00+00:00,111171.4,111235.3,110201,110521,345774.4,3457.744,382689345.97735,1,1761242400000
2025-10-23 18:00:00+00:00,111171.4,111235.3,110201,110521,345774.4,3457.744,382689345.97735,1,1761242400000
2025-10-23 19:00:00+00:00,110521,110574.9,110038,110143,157739.84,1577.3984,173984248.42182,1,1761246000000
2025-10-23 19:00:00+00:00,110521,110574.9,110038,110143,157739.84,1577.3984,173984248.42182,1,1761246000000
2025-10-23 19:00:00+00:00,110521,110574.9,110038,110143,157739.84,1577.3984,173984248.42182,1,1761246000000
2025-10-23 19:00:00+00:00,110521,110574.9,110038,110143,157739.84,1577.3984,173984248.42182,1,1761246000000
2025-10-23 19:00:00+00:00,110521,110574.9,110038,110143,157739.84,1577.3984,173984248.42182,1,1761246000000
2025-10-23 19:00:00+00:00,110521,110574.9,110038,110143,157739.84,1577.3984,173984248.42182,1,1761246000000
2025-10-23 19:00:00+00:00,110521,110574.9,110038,110143,157739.84,1577.3984,173984248.42182,1,1761246000000
2025-10-23 19:00:00+00:00,110521,110574.9,110038,110143,157739.84,1577.3984,173984248.42182,1,1761246000000
2025-10-23 19:00:00+00:00,110521,110574.9,110038,110143,157739.84,1577.3984,173984248.42182,1,1761246000000
2025-10-23 19:00:00+00:00,110521,110574.9,110038,110143,157739.84,1577.3984,173984248.42182,1,1761246000000
2025-10-23 19:00:00+00:00,110521,110574.9,110038,110143,157739.84,1577.3984,173984248.42182,1,1761246000000
2025-10-23 19:00:00+00:00,110521,110574.9,110038,110143,157739.84,1577.3984,173984248.42182,1,1761246000000
2025-10-23 19:00:00+00:00,110521,110574.9,110038,110143,157739.84,1577.3984,173984248.42182,1,1761246000000
2025-10-23 19:00:00+00:00,110521,110574.9,110038,110143,157739.84,1577.3984,173984248.42182,1,1761246000000
2025-10-23 19:00:00+00:00,110521,110574.9,110038,110143,157739.84,1577.3984,173984248.42182,1,1761246000000
2025-10-23 19:00:00+00:00,110521,110574.9,110038,110143,157739.84,1577.3984,173984248.42182,1,1761246000000
2025-10-23 19:00:00+00:00,110521,110574.9,110038,110143,157739.84,1577.3984,173984248.42182,1,1761246000000
2025-10-23 19:00:00+00:00,110521,110574.9,110038,110143,157739.84,1577.3984,173984248.42182,1,1761246000000
2025-10-23 19:00:00+00:00,110521,110574.9,110038,110143,157739.84,1577.3984,173984248.42182,1,1761246000000
2025-10-23 19:00:00+00:00,110521,110574.9,110038,110143,157739.84,1577.3984,173984248.42182,1,1761246000000
2025-10-23 19:00:00+00:00,110521,110574.9,110038,110143,157739.84,1577.3984,173984248.42182,1,1761246000000
2025-10-23 19:00:00+00:00,110521,110574.9,110038,110143,157739.84,1577.3984,173984248.42182,1,1761246000000
2025-10-23 19:00:00+00:00,110521,110574.9,110038,110143,157739.84,1577.3984,173984248.42182,1,1761246000000
2025-10-23 19:00:00+00:00,110521,110574.9,110038,110143,157739.84,1577.3984,173984248.42182,1,1761246000000
2025-10-23 19:00:00+00:00,110521,110574.9,110038,110143,157739.84,1577.3984,173984248.42182,1,1761246000000
2025-10-23 19:00:00+00:00,110521,110574.9,110038,110143,157739.84,1577.3984,173984248.42182,1,1761246000000
2025-10-23 19:00:00+00:00,110521,110574.9,110038,110143,157739.84,1577.3984,173984248.42182,1,1761246000000
2025-10-23 19:00:00+00:00,110521,110574.9,110038,110143,157739.84,1577.3984,173984248.42182,1,1761246000000
2025-10-23 19:00:00+00:00,110521,110574.9,110038,110143,157739.84,1577.3984,173984248.42182,1,1761246000000
2025-10-23 19:00:00+00:00,110521,110574.9,110038,110143,157739.84,1577.3984,173984248.42182,1,1761246000000
2025-10-23 19:00:00+00:00,110521,110574.9,110038,110143,157739.84,1577.3984,173984248.42182,1,1761246000000
2025-10-23 19:00:00+00:00,110521,110574.9,110038,110143,157739.84,1577.3984,173984248.42182,1,1761246000000
2025-10-23 19:00:00+00:00,110521,110574.9,110038,110143,157739.84,1577.3984,173984248.42182,1,1761246000000
2025-10-23 19:00:00+00:00,110521,110574.9,110038,110143,157739.84,1577.3984,173984248.42182,1,1761246000000
2025-10-23 19:00:00+00:00,110521,110574.9,110038,110143,157739.84,1577.3984,173984248.42182,1,1761246000000
2025-10-23 19:00:00+00:00,110521,110574.9,110038,110143,157739.84,1577.3984,173984248.42182,1,1761246000000
2025-10-23 19:00:00+00:00,110521,110574.9,110038,110143,157739.84,1577.3984,173984248.42182,1,1761246000000
2025-10-23 19:00:00+00:00,110521,110574.9,110038,110143,157739.84,1577.3984,173984248.42182,1,1761246000000
2025-10-23 19:00:00+00:00,110521,110574.9,110038,110143,157739.84,1577.3984,173984248.42182,1,1761246000000
2025-10-23 19:00:00+00:00,110521,110574.9,110038,110143,157739.84,1577.3984,173984248.42182,1,1761246000000
2025-10-23 19:00:00+00:00,110521,110574.9,110038,110143,157739.84,1577.3984,173984248.42182,1,1761246000000
2025-10-23 19:00:00+00:00,110521,110574.9,110038,110143,157739.84,1577.3984,173984248.42182,1,1761246000000
2025-10-23 19:00:00+00:00,110521,110574.9,110038,110143,157739.84,1577.3984,173984248.42182,1,1761246000000
2025-10-23 19:00:00+00:00,110521,110574.9,110038,110143,157739.84,1577.3984,173984248.42182,1,1761246000000
2025-10-23 19:00:00+00:00,110521,110574.9,110038,110143,157739.84,1577.3984,173984248.42182,1,1761246000000
2025-10-23 19:00:00+00:00,110521,110574.9,110038,110143,157739.84,1577.3984,173984248.42182,1,1761246000000
2025-10-23 19:00:00+00:00,110521,110574.9,110038,110143,157739.84,1577.3984,173984248.42182,1,1761246000000
2025-10-23 19:00:00+00:00,110521,110574.9,110038,110143,157739.84,1577.3984,173984248.42182,1,1761246000000
2025-10-23 19:00:00+00:00,110521,110574.9,110038,110143,157739.84,1577.3984,173984248.42182,1,1761246000000
2025-10-23 19:00:00+00:00,110521,110574.9,110038,110143,157739.84,1577.3984,173984248.42182,1,1761246000000
2025-10-23 19:00:00+00:00,110521,110574.9,110038,110143,157739.84,1577.3984,173984248.42182,1,1761246000000
2025-10-23 19:00:00+00:00,110521,110574.9,110038,110143,157739.84,1577.3984,173984248.42182,1,1761246000000
2025-10-23 19:00:00+00:00,110521,110574.9,110038,110143,157739.84,1577.3984,173984248.42182,1,1761246000000
2025-10-23 19:00:00+00:00,110521,110574.9,110038,110143,157739.84,1577.3984,173984248.42182,1,1761246000000
2025-10-23 19:00:00+00:00,110521,110574.9,110038,110143,157739.84,1577.3984,173984248.42182,1,1761246000000
2025-10-23 19:00:00+00:00,110521,110574.9,110038,110143,157739.84,1577.3984,173984248.42182,1,1761246000000
2025-10-23 19:00:00+00:00,110521,110574.9,110038,110143,157739.84,1577.3984,173984248.42182,1,1761246000000
2025-10-23 19:00:00+00:00,110521,110574.9,110038,110143,157739.84,1577.3984,173984248.42182,1,1761246000000
2025-10-23 19:00:00+00:00,110521,110574.9,110038,110143,157739.84,1577.3984,173984248.42182,1,1761246000000
2025-10-23 19:00:00+00:00,110521,110574.9,110038,110143,157739.84,1577.3984,173984248.42182,1,1761246000000
2025-10-23 19:00:00+00:00,110521,110574.9,110038,110143,157739.84,1577.3984,173984248.42182,1,1761246000000
2025-10-23 19:00:00+00:00,110521,110574.9,110038,110143,157739.84,1577.3984,173984248.42182,1,1761246000000
2025-10-23 19:00:00+00:00,110521,110574.9,110038,110143,157739.84,1577.3984,173984248.42182,1,1761246000000
2025-10-23 19:00:00+00:00,110521,110574.9,110038,110143,157739.84,1577.3984,173984248.42182,1,1761246000000
2025-10-23 19:00:00+00:00,110521,110574.9,110038,110143,157739.84,1577.3984,173984248.42182,1,1761246000000
2025-10-23 19:00:00+00:00,110521,110574.9,110038,110143,157739.84,1577.3984,173984248.42182,1,1761246000000
2025-10-23 19:00:00+00:00,110521,110574.9,110038,110143,157739.84,1577.3984,173984248.42182,1,1761246000000
2025-10-23 19:00:00+00:00,110521,110574.9,110038,110143,157739.84,1577.3984,173984248.42182,1,1761246000000
2025-10-23 19:00:00+00:00,110521,110574.9,110038,110143,157739.84,1577.3984,173984248.42182,1,1761246000000
2025-10-23 19:00:00+00:00,110521,110574.9,110038,110143,157739.84,1577.3984,173984248.42182,1,1761246000000
2025-10-23 19:00:00+00:00,110521,110574.9,110038,110143,157739.84,1577.3984,173984248.42182,1,1761246000000
2025-10-23 19:00:00+00:00,110521,110574.9,110038,110143,157739.84,1577.3984,173984248.42182,1,1761246000000
2025-10-23 19:00:00+00:00,110521,110574.9,110038,110143,157739.84,1577.3984,173984248.42182,1,1761246000000
2025-10-23 19:00:00+00:00,110521,110574.9,110038,110143,157739.84,1577.3984,173984248.42182,1,1761246000000
2025-10-23 19:00:00+00:00,110521,110574.9,110038,110143,157739.84,1577.3984,173984248.42182,1,1761246000000
2025-10-23 19:00:00+00:00,110521,110574.9,110038,110143,157739.84,1577.3984,173984248.42182,1,1761246000000
2025-10-23 19:00:00+00:00,110521,110574.9,110038,110143,157739.84,1577.3984,173984248.42182,1,1761246000000
2025-10-23 19:00:00+00:00,110521,110574.9,110038,110143,157739.84,1577.3984,173984248.42182,1,1761246000000
2025-10-23 19:00:00+00:00,110521,110574.9,110038,110143,157739.84,1577.3984,173984248.42182,1,1761246000000
2025-10-23 19:00:00+00:00,110521,110574.9,110038,110143,157739.84,1577.3984,173984248.42182,1,1761246000000
2025-10-23 20:00:00+00:00,110143,110143.7,109270.1,109467.3,285799.49,2857.9949,313757404.91483,1,1761249600000
2025-10-23 20:00:00+00:00,110143,110143.7,109270.1,109467.3,285799.49,2857.9949,313757404.91483,1,1761249600000
2025-10-23 20:00:00+00:00,110143,110143.7,109270.1,109467.3,285799.49,2857.9949,313757404.91483,1,1761249600000
2025-10-23 20:00:00+00:00,110143,110143.7,109270.1,109467.3,285799.49,2857.9949,313757404.91483,1,1761249600000
2025-10-23 20:00:00+00:00,110143,110143.7,109270.1,109467.3,285799.49,2857.9949,313757404.91483,1,1761249600000
2025-10-23 20:00:00+00:00,110143,110143.7,109270.1,109467.3,285799.49,2857.9949,313757404.91483,1,1761249600000
2025-10-23 20:00:00+00:00,110143,110143.7,109270.1,109467.3,285799.49,2857.9949,313757404.91483,1,1761249600000
2025-10-23 20:00:00+00:00,110143,110143.7,109270.1,109467.3,285799.49,2857.9949,313757404.91483,1,1761249600000
2025-10-23 20:00:00+00:00,110143,110143.7,109270.1,109467.3,285799.49,2857.9949,313757404.91483,1,1761249600000
2025-10-23 20:00:00+00:00,110143,110143.7,109270.1,109467.3,285799.49,2857.9949,313757404.91483,1,1761249600000
2025-10-23 20:00:00+00:00,110143,110143.7,109270.1,109467.3,285799.49,2857.9949,313757404.91483,1,1761249600000
2025-10-23 20:00:00+00:00,110143,110143.7,109270.1,109467.3,285799.49,2857.9949,313757404.91483,1,1761249600000
2025-10-23 20:00:00+00:00,110143,110143.7,109270.1,109467.3,285799.49,2857.9949,313757404.91483,1,1761249600000
2025-10-23 20:00:00+00:00,110143,110143.7,109270.1,109467.3,285799.49,2857.9949,313757404.91483,1,1761249600000
2025-10-23 20:00:00+00:00,110143,110143.7,109270.1,109467.3,285799.49,2857.9949,313757404.91483,1,1761249600000
2025-10-23 20:00:00+00:00,110143,110143.7,109270.1,109467.3,285799.49,2857.9949,313757404.91483,1,1761249600000
2025-10-23 20:00:00+00:00,110143,110143.7,109270.1,109467.3,285799.49,2857.9949,313757404.91483,1,1761249600000
2025-10-23 20:00:00+00:00,110143,110143.7,109270.1,109467.3,285799.49,2857.9949,313757404.91483,1,1761249600000
2025-10-23 20:00:00+00:00,110143,110143.7,109270.1,109467.3,285799.49,2857.9949,313757404.91483,1,1761249600000
2025-10-23 20:00:00+00:00,110143,110143.7,109270.1,109467.3,285799.49,2857.9949,313757404.91483,1,1761249600000
2025-10-23 20:00:00+00:00,110143,110143.7,109270.1,109467.3,285799.49,2857.9949,313757404.91483,1,1761249600000
2025-10-23 20:00:00+00:00,110143,110143.7,109270.1,109467.3,285799.49,2857.9949,313757404.91483,1,1761249600000
2025-10-23 20:00:00+00:00,110143,110143.7,109270.1,109467.3,285799.49,2857.9949,313757404.91483,1,1761249600000
2025-10-23 20:00:00+00:00,110143,110143.7,109270.1,109467.3,285799.49,2857.9949,313757404.91483,1,1761249600000
2025-10-23 20:00:00+00:00,110143,110143.7,109270.1,109467.3,285799.49,2857.9949,313757404.91483,1,1761249600000
2025-10-23 20:00:00+00:00,110143,110143.7,109270.1,109467.3,285799.49,2857.9949,313757404.91483,1,1761249600000
2025-10-23 20:00:00+00:00,110143,110143.7,109270.1,109467.3,285799.49,2857.9949,313757404.91483,1,1761249600000
2025-10-23 20:00:00+00:00,110143,110143.7,109270.1,109467.3,285799.49,2857.9949,313757404.91483,1,1761249600000
2025-10-23 20:00:00+00:00,110143,110143.7,109270.1,109467.3,285799.49,2857.9949,313757404.91483,1,1761249600000
2025-10-23 20:00:00+00:00,110143,110143.7,109270.1,109467.3,285799.49,2857.9949,313757404.91483,1,1761249600000
2025-10-23 20:00:00+00:00,110143,110143.7,109270.1,109467.3,285799.49,2857.9949,313757404.91483,1,1761249600000
2025-10-23 20:00:00+00:00,110143,110143.7,109270.1,109467.3,285799.49,2857.9949,313757404.91483,1,1761249600000
2025-10-23 20:00:00+00:00,110143,110143.7,109270.1,109467.3,285799.49,2857.9949,313757404.91483,1,1761249600000
2025-10-23 20:00:00+00:00,110143,110143.7,109270.1,109467.3,285799.49,2857.9949,313757404.91483,1,1761249600000
2025-10-23 20:00:00+00:00,110143,110143.7,109270.1,109467.3,285799.49,2857.9949,313757404.91483,1,1761249600000
2025-10-23 20:00:00+00:00,110143,110143.7,109270.1,109467.3,285799.49,2857.9949,313757404.91483,1,1761249600000
2025-10-23 20:00:00+00:00,110143,110143.7,109270.1,109467.3,285799.49,2857.9949,313757404.91483,1,1761249600000
2025-10-23 20:00:00+00:00,110143,110143.7,109270.1,109467.3,285799.49,2857.9949,313757404.91483,1,1761249600000
2025-10-23 20:00:00+00:00,110143,110143.7,109270.1,109467.3,285799.49,2857.9949,313757404.91483,1,1761249600000
2025-10-23 20:00:00+00:00,110143,110143.7,109270.1,109467.3,285799.49,2857.9949,313757404.91483,1,1761249600000
2025-10-23 20:00:00+00:00,110143,110143.7,109270.1,109467.3,285799.49,2857.9949,313757404.91483,1,1761249600000
2025-10-23 20:00:00+00:00,110143,110143.7,109270.1,109467.3,285799.49,2857.9949,313757404.91483,1,1761249600000
2025-10-23 20:00:00+00:00,110143,110143.7,109270.1,109467.3,285799.49,2857.9949,313757404.91483,1,1761249600000
2025-10-23 20:00:00+00:00,110143,110143.7,109270.1,109467.3,285799.49,2857.9949,313757404.91483,1,1761249600000
2025-10-23 20:00:00+00:00,110143,110143.7,109270.1,109467.3,285799.49,2857.9949,313757404.91483,1,1761249600000
2025-10-23 20:00:00+00:00,110143,110143.7,109270.1,109467.3,285799.49,2857.9949,313757404.91483,1,1761249600000
2025-10-23 20:00:00+00:00,110143,110143.7,109270.1,109467.3,285799.49,2857.9949,313757404.91483,1,1761249600000
2025-10-23 20:00:00+00:00,110143,110143.7,109270.1,109467.3,285799.49,2857.9949,313757404.91483,1,1761249600000
2025-10-23 20:00:00+00:00,110143,110143.7,109270.1,109467.3,285799.49,2857.9949,313757404.91483,1,1761249600000
2025-10-23 20:00:00+00:00,110143,110143.7,109270.1,109467.3,285799.49,2857.9949,313757404.91483,1,1761249600000
2025-10-23 20:00:00+00:00,110143,110143.7,109270.1,109467.3,285799.49,2857.9949,313757404.91483,1,1761249600000
2025-10-23 20:00:00+00:00,110143,110143.7,109270.1,109467.3,285799.49,2857.9949,313757404.91483,1,1761249600000
2025-10-23 20:00:00+00:00,110143,110143.7,109270.1,109467.3,285799.49,2857.9949,313757404.91483,1,1761249600000
2025-10-23 20:00:00+00:00,110143,110143.7,109270.1,109467.3,285799.49,2857.9949,313757404.91483,1,1761249600000
2025-10-23 20:00:00+00:00,110143,110143.7,109270.1,109467.3,285799.49,2857.9949,313757404.91483,1,1761249600000
2025-10-23 20:00:00+00:00,110143,110143.7,109270.1,109467.3,285799.49,2857.9949,313757404.91483,1,1761249600000
2025-10-23 20:00:00+00:00,110143,110143.7,109270.1,109467.3,285799.49,2857.9949,313757404.91483,1,1761249600000
2025-10-23 20:00:00+00:00,110143,110143.7,109270.1,109467.3,285799.49,2857.9949,313757404.91483,1,1761249600000
2025-10-23 20:00:00+00:00,110143,110143.7,109270.1,109467.3,285799.49,2857.9949,313757404.91483,1,1761249600000
2025-10-23 20:00:00+00:00,110143,110143.7,109270.1,109467.3,285799.49,2857.9949,313757404.91483,1,1761249600000
2025-10-23 20:00:00+00:00,110143,110143.7,109270.1,109467.3,285799.49,2857.9949,313757404.91483,1,1761249600000
2025-10-23 20:00:00+00:00,110143,110143.7,109270.1,109467.3,285799.49,2857.9949,313757404.91483,1,1761249600000
2025-10-23 20:00:00+00:00,110143,110143.7,109270.1,109467.3,285799.49,2857.9949,313757404.91483,1,1761249600000
2025-10-23 20:00:00+00:00,110143,110143.7,109270.1,109467.3,285799.49,2857.9949,313757404.91483,1,1761249600000
2025-10-23 20:00:00+00:00,110143,110143.7,109270.1,109467.3,285799.49,2857.9949,313757404.91483,1,1761249600000
2025-10-23 20:00:00+00:00,110143,110143.7,109270.1,109467.3,285799.49,2857.9949,313757404.91483,1,1761249600000
2025-10-23 20:00:00+00:00,110143,110143.7,109270.1,109467.3,285799.49,2857.9949,313757404.91483,1,1761249600000
2025-10-23 20:00:00+00:00,110143,110143.7,109270.1,109467.3,285799.49,2857.9949,313757404.91483,1,1761249600000
2025-10-23 20:00:00+00:00,110143,110143.7,109270.1,109467.3,285799.49,2857.9949,313757404.91483,1,1761249600000
2025-10-23 20:00:00+00:00,110143,110143.7,109270.1,109467.3,285799.49,2857.9949,313757404.91483,1,1761249600000
2025-10-23 20:00:00+00:00,110143,110143.7,109270.1,109467.3,285799.49,2857.9949,313757404.91483,1,1761249600000
2025-10-23 20:00:00+00:00,110143,110143.7,109270.1,109467.3,285799.49,2857.9949,313757404.91483,1,1761249600000
2025-10-23 20:00:00+00:00,110143,110143.7,109270.1,109467.3,285799.49,2857.9949,313757404.91483,1,1761249600000
2025-10-23 20:00:00+00:00,110143,110143.7,109270.1,109467.3,285799.49,2857.9949,313757404.91483,1,1761249600000
2025-10-23 20:00:00+00:00,110143,110143.7,109270.1,109467.3,285799.49,2857.9949,313757404.91483,1,1761249600000
2025-10-23 20:00:00+00:00,110143,110143.7,109270.1,109467.3,285799.49,2857.9949,313757404.91483,1,1761249600000
2025-10-23 20:00:00+00:00,110143,110143.7,109270.1,109467.3,285799.49,2857.9949,313757404.91483,1,1761249600000
2025-10-23 20:00:00+00:00,110143,110143.7,109270.1,109467.3,285799.49,2857.9949,313757404.91483,1,1761249600000
2025-10-23 20:00:00+00:00,110143,110143.7,109270.1,109467.3,285799.49,2857.9949,313757404.91483,1,1761249600000
2025-10-23 20:00:00+00:00,110143,110143.7,109270.1,109467.3,285799.49,2857.9949,313757404.91483,1,1761249600000
2025-10-23 20:00:00+00:00,110143,110143.7,109270.1,109467.3,285799.49,2857.9949,313757404.91483,1,1761249600000
2025-10-23 21:00:00+00:00,109467.3,109670.9,109317.7,109490.6,131968.54,1319.6854,144523656.91253,1,1761253200000
2025-10-23 21:00:00+00:00,109467.3,109670.9,109317.7,109490.6,131968.54,1319.6854,144523656.91253,1,1761253200000
2025-10-23 21:00:00+00:00,109467.3,109670.9,109317.7,109490.6,131968.54,1319.6854,144523656.91253,1,1761253200000
2025-10-23 21:00:00+00:00,109467.3,109670.9,109317.7,109490.6,131968.54,1319.6854,144523656.91253,1,1761253200000
2025-10-23 21:00:00+00:00,109467.3,109670.9,109317.7,109490.6,131968.54,1319.6854,144523656.91253,1,1761253200000
2025-10-23 21:00:00+00:00,109467.3,109670.9,109317.7,109490.6,131968.54,1319.6854,144523656.91253,1,1761253200000
2025-10-23 21:00:00+00:00,109467.3,109670.9,109317.7,109490.6,131968.54,1319.6854,144523656.91253,1,1761253200000
2025-10-23 21:00:00+00:00,109467.3,109670.9,109317.7,109490.6,131968.54,1319.6854,144523656.91253,1,1761253200000
2025-10-23 21:00:00+00:00,109467.3,109670.9,109317.7,109490.6,131968.54,1319.6854,144523656.91253,1,1761253200000
2025-10-23 21:00:00+00:00,109467.3,109670.9,109317.7,109490.6,131968.54,1319.6854,144523656.91253,1,1761253200000
2025-10-23 21:00:00+00:00,109467.3,109670.9,109317.7,109490.6,131968.54,1319.6854,144523656.91253,1,1761253200000
2025-10-23 21:00:00+00:00,109467.3,109670.9,109317.7,109490.6,131968.54,1319.6854,144523656.91253,1,1761253200000
2025-10-23 21:00:00+00:00,109467.3,109670.9,109317.7,109490.6,131968.54,1319.6854,144523656.91253,1,1761253200000
2025-10-23 21:00:00+00:00,109467.3,109670.9,109317.7,109490.6,131968.54,1319.6854,144523656.91253,1,1761253200000
2025-10-23 21:00:00+00:00,109467.3,109670.9,109317.7,109490.6,131968.54,1319.6854,144523656.91253,1,1761253200000
2025-10-23 21:00:00+00:00,109467.3,109670.9,109317.7,109490.6,131968.54,1319.6854,144523656.91253,1,1761253200000
2025-10-23 21:00:00+00:00,109467.3,109670.9,109317.7,109490.6,131968.54,1319.6854,144523656.91253,1,1761253200000
2025-10-23 21:00:00+00:00,109467.3,109670.9,109317.7,109490.6,131968.54,1319.6854,144523656.91253,1,1761253200000
2025-10-23 21:00:00+00:00,109467.3,109670.9,109317.7,109490.6,131968.54,1319.6854,144523656.91253,1,1761253200000
2025-10-23 21:00:00+00:00,109467.3,109670.9,109317.7,109490.6,131968.54,1319.6854,144523656.91253,1,1761253200000
2025-10-23 21:00:00+00:00,109467.3,109670.9,109317.7,109490.6,131968.54,1319.6854,144523656.91253,1,1761253200000
2025-10-23 21:00:00+00:00,109467.3,109670.9,109317.7,109490.6,131968.54,1319.6854,144523656.91253,1,1761253200000
2025-10-23 21:00:00+00:00,109467.3,109670.9,109317.7,109490.6,131968.54,1319.6854,144523656.91253,1,1761253200000
2025-10-23 21:00:00+00:00,109467.3,109670.9,109317.7,109490.6,131968.54,1319.6854,144523656.91253,1,1761253200000
2025-10-23 21:00:00+00:00,109467.3,109670.9,109317.7,109490.6,131968.54,1319.6854,144523656.91253,1,1761253200000
2025-10-23 21:00:00+00:00,109467.3,109670.9,109317.7,109490.6,131968.54,1319.6854,144523656.91253,1,1761253200000
2025-10-23 21:00:00+00:00,109467.3,109670.9,109317.7,109490.6,131968.54,1319.6854,144523656.91253,1,1761253200000
2025-10-23 21:00:00+00:00,109467.3,109670.9,109317.7,109490.6,131968.54,1319.6854,144523656.91253,1,1761253200000
2025-10-23 21:00:00+00:00,109467.3,109670.9,109317.7,109490.6,131968.54,1319.6854,144523656.91253,1,1761253200000
2025-10-23 21:00:00+00:00,109467.3,109670.9,109317.7,109490.6,131968.54,1319.6854,144523656.91253,1,1761253200000
2025-10-23 21:00:00+00:00,109467.3,109670.9,109317.7,109490.6,131968.54,1319.6854,144523656.91253,1,1761253200000
2025-10-23 21:00:00+00:00,109467.3,109670.9,109317.7,109490.6,131968.54,1319.6854,144523656.91253,1,1761253200000
2025-10-23 21:00:00+00:00,109467.3,109670.9,109317.7,109490.6,131968.54,1319.6854,144523656.91253,1,1761253200000
2025-10-23 21:00:00+00:00,109467.3,109670.9,109317.7,109490.6,131968.54,1319.6854,144523656.91253,1,1761253200000
2025-10-23 21:00:00+00:00,109467.3,109670.9,109317.7,109490.6,131968.54,1319.6854,144523656.91253,1,1761253200000
2025-10-23 21:00:00+00:00,109467.3,109670.9,109317.7,109490.6,131968.54,1319.6854,144523656.91253,1,1761253200000
2025-10-23 21:00:00+00:00,109467.3,109670.9,109317.7,109490.6,131968.54,1319.6854,144523656.91253,1,1761253200000
2025-10-23 21:00:00+00:00,109467.3,109670.9,109317.7,109490.6,131968.54,1319.6854,144523656.91253,1,1761253200000
2025-10-23 21:00:00+00:00,109467.3,109670.9,109317.7,109490.6,131968.54,1319.6854,144523656.91253,1,1761253200000
2025-10-23 21:00:00+00:00,109467.3,109670.9,109317.7,109490.6,131968.54,1319.6854,144523656.91253,1,1761253200000
2025-10-23 21:00:00+00:00,109467.3,109670.9,109317.7,109490.6,131968.54,1319.6854,144523656.91253,1,1761253200000
2025-10-23 21:00:00+00:00,109467.3,109670.9,109317.7,109490.6,131968.54,1319.6854,144523656.91253,1,1761253200000
2025-10-23 21:00:00+00:00,109467.3,109670.9,109317.7,109490.6,131968.54,1319.6854,144523656.91253,1,1761253200000
2025-10-23 21:00:00+00:00,109467.3,109670.9,109317.7,109490.6,131968.54,1319.6854,144523656.91253,1,1761253200000
2025-10-23 21:00:00+00:00,109467.3,109670.9,109317.7,109490.6,131968.54,1319.6854,144523656.91253,1,1761253200000
2025-10-23 21:00:00+00:00,109467.3,109670.9,109317.7,109490.6,131968.54,1319.6854,144523656.91253,1,1761253200000
2025-10-23 21:00:00+00:00,109467.3,109670.9,109317.7,109490.6,131968.54,1319.6854,144523656.91253,1,1761253200000
2025-10-23 21:00:00+00:00,109467.3,109670.9,109317.7,109490.6,131968.54,1319.6854,144523656.91253,1,1761253200000
2025-10-23 21:00:00+00:00,109467.3,109670.9,109317.7,109490.6,131968.54,1319.6854,144523656.91253,1,1761253200000
2025-10-23 21:00:00+00:00,109467.3,109670.9,109317.7,109490.6,131968.54,1319.6854,144523656.91253,1,1761253200000
2025-10-23 21:00:00+00:00,109467.3,109670.9,109317.7,109490.6,131968.54,1319.6854,144523656.91253,1,1761253200000
2025-10-23 21:00:00+00:00,109467.3,109670.9,109317.7,109490.6,131968.54,1319.6854,144523656.91253,1,1761253200000
2025-10-23 21:00:00+00:00,109467.3,109670.9,109317.7,109490.6,131968.54,1319.6854,144523656.91253,1,1761253200000
2025-10-23 21:00:00+00:00,109467.3,109670.9,109317.7,109490.6,131968.54,1319.6854,144523656.91253,1,1761253200000
2025-10-23 21:00:00+00:00,109467.3,109670.9,109317.7,109490.6,131968.54,1319.6854,144523656.91253,1,1761253200000
2025-10-23 21:00:00+00:00,109467.3,109670.9,109317.7,109490.6,131968.54,1319.6854,144523656.91253,1,1761253200000
2025-10-23 21:00:00+00:00,109467.3,109670.9,109317.7,109490.6,131968.54,1319.6854,144523656.91253,1,1761253200000
2025-10-23 21:00:00+00:00,109467.3,109670.9,109317.7,109490.6,131968.54,1319.6854,144523656.91253,1,1761253200000
2025-10-23 21:00:00+00:00,109467.3,109670.9,109317.7,109490.6,131968.54,1319.6854,144523656.91253,1,1761253200000
2025-10-23 21:00:00+00:00,109467.3,109670.9,109317.7,109490.6,131968.54,1319.6854,144523656.91253,1,1761253200000
2025-10-23 21:00:00+00:00,109467.3,109670.9,109317.7,109490.6,131968.54,1319.6854,144523656.91253,1,1761253200000
2025-10-23 21:00:00+00:00,109467.3,109670.9,109317.7,109490.6,131968.54,1319.6854,144523656.91253,1,1761253200000
2025-10-23 21:00:00+00:00,109467.3,109670.9,109317.7,109490.6,131968.54,1319.6854,144523656.91253,1,1761253200000
2025-10-23 21:00:00+00:00,109467.3,109670.9,109317.7,109490.6,131968.54,1319.6854,144523656.91253,1,1761253200000
2025-10-23 21:00:00+00:00,109467.3,109670.9,109317.7,109490.6,131968.54,1319.6854,144523656.91253,1,1761253200000
2025-10-23 21:00:00+00:00,109467.3,109670.9,109317.7,109490.6,131968.54,1319.6854,144523656.91253,1,1761253200000
2025-10-23 21:00:00+00:00,109467.3,109670.9,109317.7,109490.6,131968.54,1319.6854,144523656.91253,1,1761253200000
2025-10-23 21:00:00+00:00,109467.3,109670.9,109317.7,109490.6,131968.54,1319.6854,144523656.91253,1,1761253200000
2025-10-23 21:00:00+00:00,109467.3,109670.9,109317.7,109490.6,131968.54,1319.6854,144523656.91253,1,1761253200000
2025-10-23 21:00:00+00:00,109467.3,109670.9,109317.7,109490.6,131968.54,1319.6854,144523656.91253,1,1761253200000
2025-10-23 21:00:00+00:00,109467.3,109670.9,109317.7,109490.6,131968.54,1319.6854,144523656.91253,1,1761253200000
2025-10-23 21:00:00+00:00,109467.3,109670.9,109317.7,109490.6,131968.54,1319.6854,144523656.91253,1,1761253200000
2025-10-23 21:00:00+00:00,109467.3,109670.9,109317.7,109490.6,131968.54,1319.6854,144523656.91253,1,1761253200000
2025-10-23 21:00:00+00:00,109467.3,109670.9,109317.7,109490.6,131968.54,1319.6854,144523656.91253,1,1761253200000
2025-10-23 21:00:00+00:00,109467.3,109670.9,109317.7,109490.6,131968.54,1319.6854,144523656.91253,1,1761253200000
2025-10-23 21:00:00+00:00,109467.3,109670.9,109317.7,109490.6,131968.54,1319.6854,144523656.91253,1,1761253200000
2025-10-23 21:00:00+00:00,109467.3,109670.9,109317.7,109490.6,131968.54,1319.6854,144523656.91253,1,1761253200000
2025-10-23 21:00:00+00:00,109467.3,109670.9,109317.7,109490.6,131968.54,1319.6854,144523656.91253,1,1761253200000
2025-10-23 21:00:00+00:00,109467.3,109670.9,109317.7,109490.6,131968.54,1319.6854,144523656.91253,1,1761253200000
2025-10-23 21:00:00+00:00,109467.3,109670.9,109317.7,109490.6,131968.54,1319.6854,144523656.91253,1,1761253200000
2025-10-23 21:00:00+00:00,109467.3,109670.9,109317.7,109490.6,131968.54,1319.6854,144523656.91253,1,1761253200000
2025-10-23 21:00:00+00:00,109467.3,109670.9,109317.7,109490.6,131968.54,1319.6854,144523656.91253,1,1761253200000
2025-10-23 22:00:00+00:00,109490.5,110117.3,109449.7,109871.5,136810.96,1368.1096,150319276.60142,1,1761256800000
2025-10-23 22:00:00+00:00,109490.5,110117.3,109449.7,109871.5,136810.96,1368.1096,150319276.60142,1,1761256800000
2025-10-23 22:00:00+00:00,109490.5,110117.3,109449.7,109871.5,136810.96,1368.1096,150319276.60142,1,1761256800000
2025-10-23 22:00:00+00:00,109490.5,110117.3,109449.7,109871.5,136810.96,1368.1096,150319276.60142,1,1761256800000
2025-10-23 22:00:00+00:00,109490.5,110117.3,109449.7,109871.5,136810.96,1368.1096,150319276.60142,1,1761256800000
2025-10-23 22:00:00+00:00,109490.5,110117.3,109449.7,109871.5,136810.96,1368.1096,150319276.60142,1,1761256800000
2025-10-23 22:00:00+00:00,109490.5,110117.3,109449.7,109871.5,136810.96,1368.1096,150319276.60142,1,1761256800000
2025-10-23 22:00:00+00:00,109490.5,110117.3,109449.7,109871.5,136810.96,1368.1096,150319276.60142,1,1761256800000
2025-10-23 22:00:00+00:00,109490.5,110117.3,109449.7,109871.5,136810.96,1368.1096,150319276.60142,1,1761256800000
2025-10-23 22:00:00+00:00,109490.5,110117.3,109449.7,109871.5,136810.96,1368.1096,150319276.60142,1,1761256800000
2025-10-23 22:00:00+00:00,109490.5,110117.3,109449.7,109871.5,136810.96,1368.1096,150319276.60142,1,1761256800000
2025-10-23 22:00:00+00:00,109490.5,110117.3,109449.7,109871.5,136810.96,1368.1096,150319276.60142,1,1761256800000
2025-10-23 22:00:00+00:00,109490.5,110117.3,109449.7,109871.5,136810.96,1368.1096,150319276.60142,1,1761256800000
2025-10-23 22:00:00+00:00,109490.5,110117.3,109449.7,109871.5,136810.96,1368.1096,150319276.60142,1,1761256800000
2025-10-23 22:00:00+00:00,109490.5,110117.3,109449.7,109871.5,136810.96,1368.1096,150319276.60142,1,1761256800000
2025-10-23 22:00:00+00:00,109490.5,110117.3,109449.7,109871.5,136810.96,1368.1096,150319276.60142,1,1761256800000
2025-10-23 22:00:00+00:00,109490.5,110117.3,109449.7,109871.5,136810.96,1368.1096,150319276.60142,1,1761256800000
2025-10-23 22:00:00+00:00,109490.5,110117.3,109449.7,109871.5,136810.96,1368.1096,150319276.60142,1,1761256800000
2025-10-23 22:00:00+00:00,109490.5,110117.3,109449.7,109871.5,136810.96,1368.1096,150319276.60142,1,1761256800000
2025-10-23 22:00:00+00:00,109490.5,110117.3,109449.7,109871.5,136810.96,1368.1096,150319276.60142,1,1761256800000
2025-10-23 22:00:00+00:00,109490.5,110117.3,109449.7,109871.5,136810.96,1368.1096,150319276.60142,1,1761256800000
2025-10-23 22:00:00+00:00,109490.5,110117.3,109449.7,109871.5,136810.96,1368.1096,150319276.60142,1,1761256800000
2025-10-23 22:00:00+00:00,109490.5,110117.3,109449.7,109871.5,136810.96,1368.1096,150319276.60142,1,1761256800000
2025-10-23 22:00:00+00:00,109490.5,110117.3,109449.7,109871.5,136810.96,1368.1096,150319276.60142,1,1761256800000
2025-10-23 22:00:00+00:00,109490.5,110117.3,109449.7,109871.5,136810.96,1368.1096,150319276.60142,1,1761256800000
2025-10-23 22:00:00+00:00,109490.5,110117.3,109449.7,109871.5,136810.96,1368.1096,150319276.60142,1,1761256800000
2025-10-23 22:00:00+00:00,109490.5,110117.3,109449.7,109871.5,136810.96,1368.1096,150319276.60142,1,1761256800000
2025-10-23 22:00:00+00:00,109490.5,110117.3,109449.7,109871.5,136810.96,1368.1096,150319276.60142,1,1761256800000
2025-10-23 22:00:00+00:00,109490.5,110117.3,109449.7,109871.5,136810.96,1368.1096,150319276.60142,1,1761256800000
2025-10-23 22:00:00+00:00,109490.5,110117.3,109449.7,109871.5,136810.96,1368.1096,150319276.60142,1,1761256800000
2025-10-23 22:00:00+00:00,109490.5,110117.3,109449.7,109871.5,136810.96,1368.1096,150319276.60142,1,1761256800000
2025-10-23 22:00:00+00:00,109490.5,110117.3,109449.7,109871.5,136810.96,1368.1096,150319276.60142,1,1761256800000
2025-10-23 22:00:00+00:00,109490.5,110117.3,109449.7,109871.5,136810.96,1368.1096,150319276.60142,1,1761256800000
2025-10-23 22:00:00+00:00,109490.5,110117.3,109449.7,109871.5,136810.96,1368.1096,150319276.60142,1,1761256800000
2025-10-23 22:00:00+00:00,109490.5,110117.3,109449.7,109871.5,136810.96,1368.1096,150319276.60142,1,1761256800000
2025-10-23 22:00:00+00:00,109490.5,110117.3,109449.7,109871.5,136810.96,1368.1096,150319276.60142,1,1761256800000
2025-10-23 22:00:00+00:00,109490.5,110117.3,109449.7,109871.5,136810.96,1368.1096,150319276.60142,1,1761256800000
2025-10-23 22:00:00+00:00,109490.5,110117.3,109449.7,109871.5,136810.96,1368.1096,150319276.60142,1,1761256800000
2025-10-23 22:00:00+00:00,109490.5,110117.3,109449.7,109871.5,136810.96,1368.1096,150319276.60142,1,1761256800000
2025-10-23 22:00:00+00:00,109490.5,110117.3,109449.7,109871.5,136810.96,1368.1096,150319276.60142,1,1761256800000
2025-10-23 22:00:00+00:00,109490.5,110117.3,109449.7,109871.5,136810.96,1368.1096,150319276.60142,1,1761256800000
2025-10-23 22:00:00+00:00,109490.5,110117.3,109449.7,109871.5,136810.96,1368.1096,150319276.60142,1,1761256800000
2025-10-23 22:00:00+00:00,109490.5,110117.3,109449.7,109871.5,136810.96,1368.1096,150319276.60142,1,1761256800000
2025-10-23 22:00:00+00:00,109490.5,110117.3,109449.7,109871.5,136810.96,1368.1096,150319276.60142,1,1761256800000
2025-10-23 22:00:00+00:00,109490.5,110117.3,109449.7,109871.5,136810.96,1368.1096,150319276.60142,1,1761256800000
2025-10-23 22:00:00+00:00,109490.5,110117.3,109449.7,109871.5,136810.96,1368.1096,150319276.60142,1,1761256800000
2025-10-23 22:00:00+00:00,109490.5,110117.3,109449.7,109871.5,136810.96,1368.1096,150319276.60142,1,1761256800000
2025-10-23 22:00:00+00:00,109490.5,110117.3,109449.7,109871.5,136810.96,1368.1096,150319276.60142,1,1761256800000
2025-10-23 22:00:00+00:00,109490.5,110117.3,109449.7,109871.5,136810.96,1368.1096,150319276.60142,1,1761256800000
2025-10-23 22:00:00+00:00,109490.5,110117.3,109449.7,109871.5,136810.96,1368.1096,150319276.60142,1,1761256800000
2025-10-23 22:00:00+00:00,109490.5,110117.3,109449.7,109871.5,136810.96,1368.1096,150319276.60142,1,1761256800000
2025-10-23 22:00:00+00:00,109490.5,110117.3,109449.7,109871.5,136810.96,1368.1096,150319276.60142,1,1761256800000
2025-10-23 22:00:00+00:00,109490.5,110117.3,109449.7,109871.5,136810.96,1368.1096,150319276.60142,1,1761256800000
2025-10-23 22:00:00+00:00,109490.5,110117.3,109449.7,109871.5,136810.96,1368.1096,150319276.60142,1,1761256800000
2025-10-23 22:00:00+00:00,109490.5,110117.3,109449.7,109871.5,136810.96,1368.1096,150319276.60142,1,1761256800000
2025-10-23 22:00:00+00:00,109490.5,110117.3,109449.7,109871.5,136810.96,1368.1096,150319276.60142,1,1761256800000
2025-10-23 22:00:00+00:00,109490.5,110117.3,109449.7,109871.5,136810.96,1368.1096,150319276.60142,1,1761256800000
2025-10-23 22:00:00+00:00,109490.5,110117.3,109449.7,109871.5,136810.96,1368.1096,150319276.60142,1,1761256800000
2025-10-23 22:00:00+00:00,109490.5,110117.3,109449.7,109871.5,136810.96,1368.1096,150319276.60142,1,1761256800000
2025-10-23 22:00:00+00:00,109490.5,110117.3,109449.7,109871.5,136810.96,1368.1096,150319276.60142,1,1761256800000
2025-10-23 22:00:00+00:00,109490.5,110117.3,109449.7,109871.5,136810.96,1368.1096,150319276.60142,1,1761256800000
2025-10-23 22:00:00+00:00,109490.5,110117.3,109449.7,109871.5,136810.96,1368.1096,150319276.60142,1,1761256800000
2025-10-23 22:00:00+00:00,109490.5,110117.3,109449.7,109871.5,136810.96,1368.1096,150319276.60142,1,1761256800000
2025-10-23 22:00:00+00:00,109490.5,110117.3,109449.7,109871.5,136810.96,1368.1096,150319276.60142,1,1761256800000
2025-10-23 22:00:00+00:00,109490.5,110117.3,109449.7,109871.5,136810.96,1368.1096,150319276.60142,1,1761256800000
2025-10-23 22:00:00+00:00,109490.5,110117.3,109449.7,109871.5,136810.96,1368.1096,150319276.60142,1,1761256800000
2025-10-23 22:00:00+00:00,109490.5,110117.3,109449.7,109871.5,136810.96,1368.1096,150319276.60142,1,1761256800000
2025-10-23 22:00:00+00:00,109490.5,110117.3,109449.7,109871.5,136810.96,1368.1096,150319276.60142,1,1761256800000
2025-10-23 22:00:00+00:00,109490.5,110117.3,109449.7,109871.5,136810.96,1368.1096,150319276.60142,1,1761256800000
2025-10-23 22:00:00+00:00,109490.5,110117.3,109449.7,109871.5,136810.96,1368.1096,150319276.60142,1,1761256800000
2025-10-23 22:00:00+00:00,109490.5,110117.3,109449.7,109871.5,136810.96,1368.1096,150319276.60142,1,1761256800000
2025-10-23 22:00:00+00:00,109490.5,110117.3,109449.7,109871.5,136810.96,1368.1096,150319276.60142,1,1761256800000
2025-10-23 22:00:00+00:00,109490.5,110117.3,109449.7,109871.5,136810.96,1368.1096,150319276.60142,1,1761256800000
2025-10-23 22:00:00+00:00,109490.5,110117.3,109449.7,109871.5,136810.96,1368.1096,150319276.60142,1,1761256800000
2025-10-23 22:00:00+00:00,109490.5,110117.3,109449.7,109871.5,136810.96,1368.1096,150319276.60142,1,1761256800000
2025-10-23 22:00:00+00:00,109490.5,110117.3,109449.7,109871.5,136810.96,1368.1096,150319276.60142,1,1761256800000
2025-10-23 22:00:00+00:00,109490.5,110117.3,109449.7,109871.5,136810.96,1368.1096,150319276.60142,1,1761256800000
2025-10-23 22:00:00+00:00,109490.5,110117.3,109449.7,109871.5,136810.96,1368.1096,150319276.60142,1,1761256800000
2025-10-23 22:00:00+00:00,109490.5,110117.3,109449.7,109871.5,136810.96,1368.1096,150319276.60142,1,1761256800000
2025-10-23 22:00:00+00:00,109490.5,110117.3,109449.7,109871.5,136810.96,1368.1096,150319276.60142,1,1761256800000
2025-10-23 22:00:00+00:00,109490.5,110117.3,109449.7,109871.5,136810.96,1368.1096,150319276.60142,1,1761256800000
2025-10-23 22:00:00+00:00,109490.5,110117.3,109449.7,109871.5,136810.96,1368.1096,150319276.60142,1,1761256800000
2025-10-23 22:00:00+00:00,109490.5,110117.3,109449.7,109871.5,136810.96,1368.1096,150319276.60142,1,1761256800000
2025-10-23 23:00:00+00:00,109871.5,110043.2,109770,110009.7,80279.37,802.7937,88256973.40952,1,1761260400000
2025-10-23 23:00:00+00:00,109871.5,110043.2,109770,110009.7,80279.37,802.7937,88256973.40952,1,1761260400000
2025-10-23 23:00:00+00:00,109871.5,110043.2,109770,110009.7,80279.37,802.7937,88256973.40952,1,1761260400000
2025-10-23 23:00:00+00:00,109871.5,110043.2,109770,110009.7,80279.37,802.7937,88256973.40952,1,1761260400000
2025-10-23 23:00:00+00:00,109871.5,110043.2,109770,110009.7,80279.37,802.7937,88256973.40952,1,1761260400000
2025-10-23 23:00:00+00:00,109871.5,110043.2,109770,110009.7,80279.37,802.7937,88256973.40952,1,1761260400000
2025-10-23 23:00:00+00:00,109871.5,110043.2,109770,110009.7,80279.37,802.7937,88256973.40952,1,1761260400000
2025-10-23 23:00:00+00:00,109871.5,110043.2,109770,110009.7,80279.37,802.7937,88256973.40952,1,1761260400000
2025-10-23 23:00:00+00:00,109871.5,110043.2,109770,110009.7,80279.37,802.7937,88256973.40952,1,1761260400000
2025-10-23 23:00:00+00:00,109871.5,110043.2,109770,110009.7,80279.37,802.7937,88256973.40952,1,1761260400000
2025-10-23 23:00:00+00:00,109871.5,110043.2,109770,110009.7,80279.37,802.7937,88256973.40952,1,1761260400000
2025-10-23 23:00:00+00:00,109871.5,110043.2,109770,110009.7,80279.37,802.7937,88256973.40952,1,1761260400000
2025-10-23 23:00:00+00:00,109871.5,110043.2,109770,110009.7,80279.37,802.7937,88256973.40952,1,1761260400000
2025-10-23 23:00:00+00:00,109871.5,110043.2,109770,110009.7,80279.37,802.7937,88256973.40952,1,1761260400000
2025-10-23 23:00:00+00:00,109871.5,110043.2,109770,110009.7,80279.37,802.7937,88256973.40952,1,1761260400000
2025-10-23 23:00:00+00:00,109871.5,110043.2,109770,110009.7,80279.37,802.7937,88256973.40952,1,1761260400000
2025-10-23 23:00:00+00:00,109871.5,110043.2,109770,110009.7,80279.37,802.7937,88256973.40952,1,1761260400000
2025-10-23 23:00:00+00:00,109871.5,110043.2,109770,110009.7,80279.37,802.7937,88256973.40952,1,1761260400000
2025-10-23 23:00:00+00:00,109871.5,110043.2,109770,110009.7,80279.37,802.7937,88256973.40952,1,1761260400000
2025-10-23 23:00:00+00:00,109871.5,110043.2,109770,110009.7,80279.37,802.7937,88256973.40952,1,1761260400000
2025-10-23 23:00:00+00:00,109871.5,110043.2,109770,110009.7,80279.37,802.7937,88256973.40952,1,1761260400000
2025-10-23 23:00:00+00:00,109871.5,110043.2,109770,110009.7,80279.37,802.7937,88256973.40952,1,1761260400000
2025-10-23 23:00:00+00:00,109871.5,110043.2,109770,110009.7,80279.37,802.7937,88256973.40952,1,1761260400000
2025-10-23 23:00:00+00:00,109871.5,110043.2,109770,110009.7,80279.37,802.7937,88256973.40952,1,1761260400000
2025-10-23 23:00:00+00:00,109871.5,110043.2,109770,110009.7,80279.37,802.7937,88256973.40952,1,1761260400000
2025-10-23 23:00:00+00:00,109871.5,110043.2,109770,110009.7,80279.37,802.7937,88256973.40952,1,1761260400000
2025-10-23 23:00:00+00:00,109871.5,110043.2,109770,110009.7,80279.37,802.7937,88256973.40952,1,1761260400000
2025-10-23 23:00:00+00:00,109871.5,110043.2,109770,110009.7,80279.37,802.7937,88256973.40952,1,1761260400000
2025-10-23 23:00:00+00:00,109871.5,110043.2,109770,110009.7,80279.37,802.7937,88256973.40952,1,1761260400000
2025-10-23 23:00:00+00:00,109871.5,110043.2,109770,110009.7,80279.37,802.7937,88256973.40952,1,1761260400000
2025-10-23 23:00:00+00:00,109871.5,110043.2,109770,110009.7,80279.37,802.7937,88256973.40952,1,1761260400000
2025-10-23 23:00:00+00:00,109871.5,110043.2,109770,110009.7,80279.37,802.7937,88256973.40952,1,1761260400000
2025-10-23 23:00:00+00:00,109871.5,110043.2,109770,110009.7,80279.37,802.7937,88256973.40952,1,1761260400000
2025-10-23 23:00:00+00:00,109871.5,110043.2,109770,110009.7,80279.37,802.7937,88256973.40952,1,1761260400000
2025-10-23 23:00:00+00:00,109871.5,110043.2,109770,110009.7,80279.37,802.7937,88256973.40952,1,1761260400000
2025-10-23 23:00:00+00:00,109871.5,110043.2,109770,110009.7,80279.37,802.7937,88256973.40952,1,1761260400000
2025-10-23 23:00:00+00:00,109871.5,110043.2,109770,110009.7,80279.37,802.7937,88256973.40952,1,1761260400000
2025-10-23 23:00:00+00:00,109871.5,110043.2,109770,110009.7,80279.37,802.7937,88256973.40952,1,1761260400000
2025-10-23 23:00:00+00:00,109871.5,110043.2,109770,110009.7,80279.37,802.7937,88256973.40952,1,1761260400000
2025-10-23 23:00:00+00:00,109871.5,110043.2,109770,110009.7,80279.37,802.7937,88256973.40952,1,1761260400000
2025-10-23 23:00:00+00:00,109871.5,110043.2,109770,110009.7,80279.37,802.7937,88256973.40952,1,1761260400000
2025-10-23 23:00:00+00:00,109871.5,110043.2,109770,110009.7,80279.37,802.7937,88256973.40952,1,1761260400000
2025-10-23 23:00:00+00:00,109871.5,110043.2,109770,110009.7,80279.37,802.7937,88256973.40952,1,1761260400000
2025-10-23 23:00:00+00:00,109871.5,110043.2,109770,110009.7,80279.37,802.7937,88256973.40952,1,1761260400000
2025-10-23 23:00:00+00:00,109871.5,110043.2,109770,110009.7,80279.37,802.7937,88256973.40952,1,1761260400000
2025-10-23 23:00:00+00:00,109871.5,110043.2,109770,110009.7,80279.37,802.7937,88256973.40952,1,1761260400000
2025-10-23 23:00:00+00:00,109871.5,110043.2,109770,110009.7,80279.37,802.7937,88256973.40952,1,1761260400000
2025-10-23 23:00:00+00:00,109871.5,110043.2,109770,110009.7,80279.37,802.7937,88256973.40952,1,1761260400000
2025-10-23 23:00:00+00:00,109871.5,110043.2,109770,110009.7,80279.37,802.7937,88256973.40952,1,1761260400000
2025-10-23 23:00:00+00:00,109871.5,110043.2,109770,110009.7,80279.37,802.7937,88256973.40952,1,1761260400000
2025-10-23 23:00:00+00:00,109871.5,110043.2,109770,110009.7,80279.37,802.7937,88256973.40952,1,1761260400000
2025-10-23 23:00:00+00:00,109871.5,110043.2,109770,110009.7,80279.37,802.7937,88256973.40952,1,1761260400000
2025-10-23 23:00:00+00:00,109871.5,110043.2,109770,110009.7,80279.37,802.7937,88256973.40952,1,1761260400000
2025-10-23 23:00:00+00:00,109871.5,110043.2,109770,110009.7,80279.37,802.7937,88256973.40952,1,1761260400000
2025-10-23 23:00:00+00:00,109871.5,110043.2,109770,110009.7,80279.37,802.7937,88256973.40952,1,1761260400000
2025-10-23 23:00:00+00:00,109871.5,110043.2,109770,110009.7,80279.37,802.7937,88256973.40952,1,1761260400000
2025-10-23 23:00:00+00:00,109871.5,110043.2,109770,110009.7,80279.37,802.7937,88256973.40952,1,1761260400000
2025-10-23 23:00:00+00:00,109871.5,110043.2,109770,110009.7,80279.37,802.7937,88256973.40952,1,1761260400000
2025-10-23 23:00:00+00:00,109871.5,110043.2,109770,110009.7,80279.37,802.7937,88256973.40952,1,1761260400000
2025-10-23 23:00:00+00:00,109871.5,110043.2,109770,110009.7,80279.37,802.7937,88256973.40952,1,1761260400000
2025-10-23 23:00:00+00:00,109871.5,110043.2,109770,110009.7,80279.37,802.7937,88256973.40952,1,1761260400000
2025-10-23 23:00:00+00:00,109871.5,110043.2,109770,110009.7,80279.37,802.7937,88256973.40952,1,1761260400000
2025-10-23 23:00:00+00:00,109871.5,110043.2,109770,110009.7,80279.37,802.7937,88256973.40952,1,1761260400000
2025-10-23 23:00:00+00:00,109871.5,110043.2,109770,110009.7,80279.37,802.7937,88256973.40952,1,1761260400000
2025-10-23 23:00:00+00:00,109871.5,110043.2,109770,110009.7,80279.37,802.7937,88256973.40952,1,1761260400000
2025-10-23 23:00:00+00:00,109871.5,110043.2,109770,110009.7,80279.37,802.7937,88256973.40952,1,1761260400000
2025-10-23 23:00:00+00:00,109871.5,110043.2,109770,110009.7,80279.37,802.7937,88256973.40952,1,1761260400000
2025-10-23 23:00:00+00:00,109871.5,110043.2,109770,110009.7,80279.37,802.7937,88256973.40952,1,1761260400000
2025-10-23 23:00:00+00:00,109871.5,110043.2,109770,110009.7,80279.37,802.7937,88256973.40952,1,1761260400000
2025-10-23 23:00:00+00:00,109871.5,110043.2,109770,110009.7,80279.37,802.7937,88256973.40952,1,1761260400000
2025-10-23 23:00:00+00:00,109871.5,110043.2,109770,110009.7,80279.37,802.7937,88256973.40952,1,1761260400000
2025-10-23 23:00:00+00:00,109871.5,110043.2,109770,110009.7,80279.37,802.7937,88256973.40952,1,1761260400000
2025-10-23 23:00:00+00:00,109871.5,110043.2,109770,110009.7,80279.37,802.7937,88256973.40952,1,1761260400000
2025-10-23 23:00:00+00:00,109871.5,110043.2,109770,110009.7,80279.37,802.7937,88256973.40952,1,1761260400000
2025-10-23 23:00:00+00:00,109871.5,110043.2,109770,110009.7,80279.37,802.7937,88256973.40952,1,1761260400000
2025-10-23 23:00:00+00:00,109871.5,110043.2,109770,110009.7,80279.37,802.7937,88256973.40952,1,1761260400000
2025-10-23 23:00:00+00:00,109871.5,110043.2,109770,110009.7,80279.37,802.7937,88256973.40952,1,1761260400000
2025-10-23 23:00:00+00:00,109871.5,110043.2,109770,110009.7,80279.37,802.7937,88256973.40952,1,1761260400000
2025-10-23 23:00:00+00:00,109871.5,110043.2,109770,110009.7,80279.37,802.7937,88256973.40952,1,1761260400000
2025-10-23 23:00:00+00:00,109871.5,110043.2,109770,110009.7,80279.37,802.7937,88256973.40952,1,1761260400000
2025-10-23 23:00:00+00:00,109871.5,110043.2,109770,110009.7,80279.37,802.7937,88256973.40952,1,1761260400000
2025-10-23 23:00:00+00:00,109871.5,110043.2,109770,110009.7,80279.37,802.7937,88256973.40952,1,1761260400000
2025-10-23 23:00:00+00:00,109871.5,110043.2,109770,110009.7,80279.37,802.7937,88256973.40952,1,1761260400000
2025-10-23 23:00:00+00:00,109871.5,110043.2,109770,110009.7,80279.37,802.7937,88256973.40952,1,1761260400000
2025-10-24 00:00:00+00:00,110009.8,110650,109928,110438.2,251588.06,2515.8806,277501818.68972,1,1761264000000
2025-10-24 00:00:00+00:00,110009.8,110650,109928,110438.2,251588.06,2515.8806,277501818.68972,1,1761264000000
2025-10-24 00:00:00+00:00,110009.8,110650,109928,110438.2,251588.06,2515.8806,277501818.68972,1,1761264000000
2025-10-24 00:00:00+00:00,110009.8,110650,109928,110438.2,251588.06,2515.8806,277501818.68972,1,1761264000000
2025-10-24 00:00:00+00:00,110009.8,110650,109928,110438.2,251588.06,2515.8806,277501818.68972,1,1761264000000
2025-10-24 00:00:00+00:00,110009.8,110650,109928,110438.2,251588.06,2515.8806,277501818.68972,1,1761264000000
2025-10-24 00:00:00+00:00,110009.8,110650,109928,110438.2,251588.06,2515.8806,277501818.68972,1,1761264000000
2025-10-24 00:00:00+00:00,110009.8,110650,109928,110438.2,251588.06,2515.8806,277501818.68972,1,1761264000000
2025-10-24 00:00:00+00:00,110009.8,110650,109928,110438.2,251588.06,2515.8806,277501818.68972,1,1761264000000
2025-10-24 00:00:00+00:00,110009.8,110650,109928,110438.2,251588.06,2515.8806,277501818.68972,1,1761264000000
2025-10-24 00:00:00+00:00,110009.8,110650,109928,110438.2,251588.06,2515.8806,277501818.68972,1,1761264000000
2025-10-24 00:00:00+00:00,110009.8,110650,109928,110438.2,251588.06,2515.8806,277501818.68972,1,1761264000000
2025-10-24 00:00:00+00:00,110009.8,110650,109928,110438.2,251588.06,2515.8806,277501818.68972,1,1761264000000
2025-10-24 00:00:00+00:00,110009.8,110650,109928,110438.2,251588.06,2515.8806,277501818.68972,1,1761264000000
2025-10-24 00:00:00+00:00,110009.8,110650,109928,110438.2,251588.06,2515.8806,277501818.68972,1,1761264000000
2025-10-24 00:00:00+00:00,110009.8,110650,109928,110438.2,251588.06,2515.8806,277501818.68972,1,1761264000000
2025-10-24 00:00:00+00:00,110009.8,110650,109928,110438.2,251588.06,2515.8806,277501818.68972,1,1761264000000
2025-10-24 00:00:00+00:00,110009.8,110650,109928,110438.2,251588.06,2515.8806,277501818.68972,1,1761264000000
2025-10-24 00:00:00+00:00,110009.8,110650,109928,110438.2,251588.06,2515.8806,277501818.68972,1,1761264000000
2025-10-24 00:00:00+00:00,110009.8,110650,109928,110438.2,251588.06,2515.8806,277501818.68972,1,1761264000000
2025-10-24 00:00:00+00:00,110009.8,110650,109928,110438.2,251588.06,2515.8806,277501818.68972,1,1761264000000
2025-10-24 00:00:00+00:00,110009.8,110650,109928,110438.2,251588.06,2515.8806,277501818.68972,1,1761264000000
2025-10-24 00:00:00+00:00,110009.8,110650,109928,110438.2,251588.06,2515.8806,277501818.68972,1,1761264000000
2025-10-24 00:00:00+00:00,110009.8,110650,109928,110438.2,251588.06,2515.8806,277501818.68972,1,1761264000000
2025-10-24 00:00:00+00:00,110009.8,110650,109928,110438.2,251588.06,2515.8806,277501818.68972,1,1761264000000
2025-10-24 00:00:00+00:00,110009.8,110650,109928,110438.2,251588.06,2515.8806,277501818.68972,1,1761264000000
2025-10-24 00:00:00+00:00,110009.8,110650,109928,110438.2,251588.06,2515.8806,277501818.68972,1,1761264000000
2025-10-24 00:00:00+00:00,110009.8,110650,109928,110438.2,251588.06,2515.8806,277501818.68972,1,1761264000000
2025-10-24 00:00:00+00:00,110009.8,110650,109928,110438.2,251588.06,2515.8806,277501818.68972,1,1761264000000
2025-10-24 00:00:00+00:00,110009.8,110650,109928,110438.2,251588.06,2515.8806,277501818.68972,1,1761264000000
2025-10-24 00:00:00+00:00,110009.8,110650,109928,110438.2,251588.06,2515.8806,277501818.68972,1,1761264000000
2025-10-24 00:00:00+00:00,110009.8,110650,109928,110438.2,251588.06,2515.8806,277501818.68972,1,1761264000000
2025-10-24 00:00:00+00:00,110009.8,110650,109928,110438.2,251588.06,2515.8806,277501818.68972,1,1761264000000
2025-10-24 00:00:00+00:00,110009.8,110650,109928,110438.2,251588.06,2515.8806,277501818.68972,1,1761264000000
2025-10-24 00:00:00+00:00,110009.8,110650,109928,110438.2,251588.06,2515.8806,277501818.68972,1,1761264000000
2025-10-24 00:00:00+00:00,110009.8,110650,109928,110438.2,251588.06,2515.8806,277501818.68972,1,1761264000000
2025-10-24 00:00:00+00:00,110009.8,110650,109928,110438.2,251588.06,2515.8806,277501818.68972,1,1761264000000
2025-10-24 00:00:00+00:00,110009.8,110650,109928,110438.2,251588.06,2515.8806,277501818.68972,1,1761264000000
2025-10-24 00:00:00+00:00,110009.8,110650,109928,110438.2,251588.06,2515.8806,277501818.68972,1,1761264000000
2025-10-24 00:00:00+00:00,110009.8,110650,109928,110438.2,251588.06,2515.8806,277501818.68972,1,1761264000000
2025-10-24 00:00:00+00:00,110009.8,110650,109928,110438.2,251588.06,2515.8806,277501818.68972,1,1761264000000
2025-10-24 00:00:00+00:00,110009.8,110650,109928,110438.2,251588.06,2515.8806,277501818.68972,1,1761264000000
2025-10-24 00:00:00+00:00,110009.8,110650,109928,110438.2,251588.06,2515.8806,277501818.68972,1,1761264000000
2025-10-24 00:00:00+00:00,110009.8,110650,109928,110438.2,251588.06,2515.8806,277501818.68972,1,1761264000000
2025-10-24 00:00:00+00:00,110009.8,110650,109928,110438.2,251588.06,2515.8806,277501818.68972,1,1761264000000
2025-10-24 00:00:00+00:00,110009.8,110650,109928,110438.2,251588.06,2515.8806,277501818.68972,1,1761264000000
2025-10-24 00:00:00+00:00,110009.8,110650,109928,110438.2,251588.06,2515.8806,277501818.68972,1,1761264000000
2025-10-24 00:00:00+00:00,110009.8,110650,109928,110438.2,251588.06,2515.8806,277501818.68972,1,1761264000000
2025-10-24 00:00:00+00:00,110009.8,110650,109928,110438.2,251588.06,2515.8806,277501818.68972,1,1761264000000
2025-10-24 00:00:00+00:00,110009.8,110650,109928,110438.2,251588.06,2515.8806,277501818.68972,1,1761264000000
2025-10-24 00:00:00+00:00,110009.8,110650,109928,110438.2,251588.06,2515.8806,277501818.68972,1,1761264000000
2025-10-24 00:00:00+00:00,110009.8,110650,109928,110438.2,251588.06,2515.8806,277501818.68972,1,1761264000000
2025-10-24 00:00:00+00:00,110009.8,110650,109928,110438.2,251588.06,2515.8806,277501818.68972,1,1761264000000
2025-10-24 00:00:00+00:00,110009.8,110650,109928,110438.2,251588.06,2515.8806,277501818.68972,1,1761264000000
2025-10-24 00:00:00+00:00,110009.8,110650,109928,110438.2,251588.06,2515.8806,277501818.68972,1,1761264000000
2025-10-24 00:00:00+00:00,110009.8,110650,109928,110438.2,251588.06,2515.8806,277501818.68972,1,1761264000000
2025-10-24 00:00:00+00:00,110009.8,110650,109928,110438.2,251588.06,2515.8806,277501818.68972,1,1761264000000
2025-10-24 00:00:00+00:00,110009.8,110650,109928,110438.2,251588.06,2515.8806,277501818.68972,1,1761264000000
2025-10-24 00:00:00+00:00,110009.8,110650,109928,110438.2,251588.06,2515.8806,277501818.68972,1,1761264000000
2025-10-24 00:00:00+00:00,110009.8,110650,109928,110438.2,251588.06,2515.8806,277501818.68972,1,1761264000000
2025-10-24 00:00:00+00:00,110009.8,110650,109928,110438.2,251588.06,2515.8806,277501818.68972,1,1761264000000
2025-10-24 00:00:00+00:00,110009.8,110650,109928,110438.2,251588.06,2515.8806,277501818.68972,1,1761264000000
2025-10-24 00:00:00+00:00,110009.8,110650,109928,110438.2,251588.06,2515.8806,277501818.68972,1,1761264000000
2025-10-24 00:00:00+00:00,110009.8,110650,109928,110438.2,251588.06,2515.8806,277501818.68972,1,1761264000000
2025-10-24 00:00:00+00:00,110009.8,110650,109928,110438.2,251588.06,2515.8806,277501818.68972,1,1761264000000
2025-10-24 00:00:00+00:00,110009.8,110650,109928,110438.2,251588.06,2515.8806,277501818.68972,1,1761264000000
2025-10-24 00:00:00+00:00,110009.8,110650,109928,110438.2,251588.06,2515.8806,277501818.68972,1,1761264000000
2025-10-24 00:00:00+00:00,110009.8,110650,109928,110438.2,251588.06,2515.8806,277501818.68972,1,1761264000000
2025-10-24 00:00:00+00:00,110009.8,110650,109928,110438.2,251588.06,2515.8806,277501818.68972,1,1761264000000
2025-10-24 00:00:00+00:00,110009.8,110650,109928,110438.2,251588.06,2515.8806,277501818.68972,1,1761264000000
2025-10-24 00:00:00+00:00,110009.8,110650,109928,110438.2,251588.06,2515.8806,277501818.68972,1,1761264000000
2025-10-24 00:00:00+00:00,110009.8,110650,109928,110438.2,251588.06,2515.8806,277501818.68972,1,1761264000000
2025-10-24 00:00:00+00:00,110009.8,110650,109928,110438.2,251588.06,2515.8806,277501818.68972,1,1761264000000
2025-10-24 00:00:00+00:00,110009.8,110650,109928,110438.2,251588.06,2515.8806,277501818.68972,1,1761264000000
2025-10-24 00:00:00+00:00,110009.8,110650,109928,110438.2,251588.06,2515.8806,277501818.68972,1,1761264000000
2025-10-24 00:00:00+00:00,110009.8,110650,109928,110438.2,251588.06,2515.8806,277501818.68972,1,1761264000000
2025-10-24 00:00:00+00:00,110009.8,110650,109928,110438.2,251588.06,2515.8806,277501818.68972,1,1761264000000
2025-10-24 00:00:00+00:00,110009.8,110650,109928,110438.2,251588.06,2515.8806,277501818.68972,1,1761264000000
2025-10-24 00:00:00+00:00,110009.8,110650,109928,110438.2,251588.06,2515.8806,277501818.68972,1,1761264000000
2025-10-24 00:00:00+00:00,110009.8,110650,109928,110438.2,251588.06,2515.8806,277501818.68972,1,1761264000000
2025-10-24 00:00:00+00:00,110009.8,110650,109928,110438.2,251588.06,2515.8806,277501818.68972,1,1761264000000
2025-10-24 00:00:00+00:00,110009.8,110650,109928,110438.2,251588.06,2515.8806,277501818.68972,1,1761264000000
2025-10-24 00:00:00+00:00,110009.8,110650,109928,110438.2,251588.06,2515.8806,277501818.68972,1,1761264000000
2025-10-24 00:00:00+00:00,110009.8,110650,109928,110438.2,251588.06,2515.8806,277501818.68972,1,1761264000000
2025-10-24 00:00:00+00:00,110009.8,110650,109928,110438.2,251588.06,2515.8806,277501818.68972,1,1761264000000
2025-10-24 01:00:00+00:00,110438.1,110617.3,110085.5,110525.4,150803.9,1508.039,166457074.11188,1,1761267600000
2025-10-24 01:00:00+00:00,110438.1,110617.3,110085.5,110525.4,150803.9,1508.039,166457074.11188,1,1761267600000
2025-10-24 01:00:00+00:00,110438.1,110617.3,110085.5,110525.4,150803.9,1508.039,166457074.11188,1,1761267600000
2025-10-24 01:00:00+00:00,110438.1,110617.3,110085.5,110525.4,150803.9,1508.039,166457074.11188,1,1761267600000
2025-10-24 01:00:00+00:00,110438.1,110617.3,110085.5,110525.4,150803.9,1508.039,166457074.11188,1,1761267600000
2025-10-24 01:00:00+00:00,110438.1,110617.3,110085.5,110525.4,150803.9,1508.039,166457074.11188,1,1761267600000
2025-10-24 01:00:00+00:00,110438.1,110617.3,110085.5,110525.4,150803.9,1508.039,166457074.11188,1,1761267600000
2025-10-24 01:00:00+00:00,110438.1,110617.3,110085.5,110525.4,150803.9,1508.039,166457074.11188,1,1761267600000
2025-10-24 01:00:00+00:00,110438.1,110617.3,110085.5,110525.4,150803.9,1508.039,166457074.11188,1,1761267600000
2025-10-24 01:00:00+00:00,110438.1,110617.3,110085.5,110525.4,150803.9,1508.039,166457074.11188,1,1761267600000
2025-10-24 01:00:00+00:00,110438.1,110617.3,110085.5,110525.4,150803.9,1508.039,166457074.11188,1,1761267600000
2025-10-24 01:00:00+00:00,110438.1,110617.3,110085.5,110525.4,150803.9,1508.039,166457074.11188,1,1761267600000
2025-10-24 01:00:00+00:00,110438.1,110617.3,110085.5,110525.4,150803.9,1508.039,166457074.11188,1,1761267600000
2025-10-24 01:00:00+00:00,110438.1,110617.3,110085.5,110525.4,150803.9,1508.039,166457074.11188,1,1761267600000
2025-10-24 01:00:00+00:00,110438.1,110617.3,110085.5,110525.4,150803.9,1508.039,166457074.11188,1,1761267600000
2025-10-24 01:00:00+00:00,110438.1,110617.3,110085.5,110525.4,150803.9,1508.039,166457074.11188,1,1761267600000
2025-10-24 01:00:00+00:00,110438.1,110617.3,110085.5,110525.4,150803.9,1508.039,166457074.11188,1,1761267600000
2025-10-24 01:00:00+00:00,110438.1,110617.3,110085.5,110525.4,150803.9,1508.039,166457074.11188,1,1761267600000
2025-10-24 01:00:00+00:00,110438.1,110617.3,110085.5,110525.4,150803.9,1508.039,166457074.11188,1,1761267600000
2025-10-24 01:00:00+00:00,110438.1,110617.3,110085.5,110525.4,150803.9,1508.039,166457074.11188,1,1761267600000
2025-10-24 01:00:00+00:00,110438.1,110617.3,110085.5,110525.4,150803.9,1508.039,166457074.11188,1,1761267600000
2025-10-24 01:00:00+00:00,110438.1,110617.3,110085.5,110525.4,150803.9,1508.039,166457074.11188,1,1761267600000
2025-10-24 01:00:00+00:00,110438.1,110617.3,110085.5,110525.4,150803.9,1508.039,166457074.11188,1,1761267600000
2025-10-24 01:00:00+00:00,110438.1,110617.3,110085.5,110525.4,150803.9,1508.039,166457074.11188,1,1761267600000
2025-10-24 01:00:00+00:00,110438.1,110617.3,110085.5,110525.4,150803.9,1508.039,166457074.11188,1,1761267600000
2025-10-24 01:00:00+00:00,110438.1,110617.3,110085.5,110525.4,150803.9,1508.039,166457074.11188,1,1761267600000
2025-10-24 01:00:00+00:00,110438.1,110617.3,110085.5,110525.4,150803.9,1508.039,166457074.11188,1,1761267600000
2025-10-24 01:00:00+00:00,110438.1,110617.3,110085.5,110525.4,150803.9,1508.039,166457074.11188,1,1761267600000
2025-10-24 01:00:00+00:00,110438.1,110617.3,110085.5,110525.4,150803.9,1508.039,166457074.11188,1,1761267600000
2025-10-24 01:00:00+00:00,110438.1,110617.3,110085.5,110525.4,150803.9,1508.039,166457074.11188,1,1761267600000
2025-10-24 01:00:00+00:00,110438.1,110617.3,110085.5,110525.4,150803.9,1508.039,166457074.11188,1,1761267600000
2025-10-24 01:00:00+00:00,110438.1,110617.3,110085.5,110525.4,150803.9,1508.039,166457074.11188,1,1761267600000
2025-10-24 01:00:00+00:00,110438.1,110617.3,110085.5,110525.4,150803.9,1508.039,166457074.11188,1,1761267600000
2025-10-24 01:00:00+00:00,110438.1,110617.3,110085.5,110525.4,150803.9,1508.039,166457074.11188,1,1761267600000
2025-10-24 01:00:00+00:00,110438.1,110617.3,110085.5,110525.4,150803.9,1508.039,166457074.11188,1,1761267600000
2025-10-24 01:00:00+00:00,110438.1,110617.3,110085.5,110525.4,150803.9,1508.039,166457074.11188,1,1761267600000
2025-10-24 01:00:00+00:00,110438.1,110617.3,110085.5,110525.4,150803.9,1508.039,166457074.11188,1,1761267600000
2025-10-24 01:00:00+00:00,110438.1,110617.3,110085.5,110525.4,150803.9,1508.039,166457074.11188,1,1761267600000
2025-10-24 01:00:00+00:00,110438.1,110617.3,110085.5,110525.4,150803.9,1508.039,166457074.11188,1,1761267600000
2025-10-24 01:00:00+00:00,110438.1,110617.3,110085.5,110525.4,150803.9,1508.039,166457074.11188,1,1761267600000
2025-10-24 01:00:00+00:00,110438.1,110617.3,110085.5,110525.4,150803.9,1508.039,166457074.11188,1,1761267600000
2025-10-24 01:00:00+00:00,110438.1,110617.3,110085.5,110525.4,150803.9,1508.039,166457074.11188,1,1761267600000
2025-10-24 01:00:00+00:00,110438.1,110617.3,110085.5,110525.4,150803.9,1508.039,166457074.11188,1,1761267600000
2025-10-24 01:00:00+00:00,110438.1,110617.3,110085.5,110525.4,150803.9,1508.039,166457074.11188,1,1761267600000
2025-10-24 01:00:00+00:00,110438.1,110617.3,110085.5,110525.4,150803.9,1508.039,166457074.11188,1,1761267600000
2025-10-24 01:00:00+00:00,110438.1,110617.3,110085.5,110525.4,150803.9,1508.039,166457074.11188,1,1761267600000
2025-10-24 01:00:00+00:00,110438.1,110617.3,110085.5,110525.4,150803.9,1508.039,166457074.11188,1,1761267600000
2025-10-24 01:00:00+00:00,110438.1,110617.3,110085.5,110525.4,150803.9,1508.039,166457074.11188,1,1761267600000
2025-10-24 01:00:00+00:00,110438.1,110617.3,110085.5,110525.4,150803.9,1508.039,166457074.11188,1,1761267600000
2025-10-24 01:00:00+00:00,110438.1,110617.3,110085.5,110525.4,150803.9,1508.039,166457074.11188,1,1761267600000
2025-10-24 01:00:00+00:00,110438.1,110617.3,110085.5,110525.4,150803.9,1508.039,166457074.11188,1,1761267600000
2025-10-24 01:00:00+00:00,110438.1,110617.3,110085.5,110525.4,150803.9,1508.039,166457074.11188,1,1761267600000
2025-10-24 01:00:00+00:00,110438.1,110617.3,110085.5,110525.4,150803.9,1508.039,166457074.11188,1,1761267600000
2025-10-24 01:00:00+00:00,110438.1,110617.3,110085.5,110525.4,150803.9,1508.039,166457074.11188,1,1761267600000
2025-10-24 01:00:00+00:00,110438.1,110617.3,110085.5,110525.4,150803.9,1508.039,166457074.11188,1,1761267600000
2025-10-24 01:00:00+00:00,110438.1,110617.3,110085.5,110525.4,150803.9,1508.039,166457074.11188,1,1761267600000
2025-10-24 01:00:00+00:00,110438.1,110617.3,110085.5,110525.4,150803.9,1508.039,166457074.11188,1,1761267600000
2025-10-24 01:00:00+00:00,110438.1,110617.3,110085.5,110525.4,150803.9,1508.039,166457074.11188,1,1761267600000
2025-10-24 01:00:00+00:00,110438.1,110617.3,110085.5,110525.4,150803.9,1508.039,166457074.11188,1,1761267600000
2025-10-24 01:00:00+00:00,110438.1,110617.3,110085.5,110525.4,150803.9,1508.039,166457074.11188,1,1761267600000
2025-10-24 01:00:00+00:00,110438.1,110617.3,110085.5,110525.4,150803.9,1508.039,166457074.11188,1,1761267600000
2025-10-24 01:00:00+00:00,110438.1,110617.3,110085.5,110525.4,150803.9,1508.039,166457074.11188,1,1761267600000
2025-10-24 01:00:00+00:00,110438.1,110617.3,110085.5,110525.4,150803.9,1508.039,166457074.11188,1,1761267600000
2025-10-24 01:00:00+00:00,110438.1,110617.3,110085.5,110525.4,150803.9,1508.039,166457074.11188,1,1761267600000
2025-10-24 01:00:00+00:00,110438.1,110617.3,110085.5,110525.4,150803.9,1508.039,166457074.11188,1,1761267600000
2025-10-24 01:00:00+00:00,110438.1,110617.3,110085.5,110525.4,150803.9,1508.039,166457074.11188,1,1761267600000
2025-10-24 01:00:00+00:00,110438.1,110617.3,110085.5,110525.4,150803.9,1508.039,166457074.11188,1,1761267600000
2025-10-24 01:00:00+00:00,110438.1,110617.3,110085.5,110525.4,150803.9,1508.039,166457074.11188,1,1761267600000
2025-10-24 01:00:00+00:00,110438.1,110617.3,110085.5,110525.4,150803.9,1508.039,166457074.11188,1,1761267600000
2025-10-24 01:00:00+00:00,110438.1,110617.3,110085.5,110525.4,150803.9,1508.039,166457074.11188,1,1761267600000
2025-10-24 01:00:00+00:00,110438.1,110617.3,110085.5,110525.4,150803.9,1508.039,166457074.11188,1,1761267600000
2025-10-24 01:00:00+00:00,110438.1,110617.3,110085.5,110525.4,150803.9,1508.039,166457074.11188,1,1761267600000
2025-10-24 01:00:00+00:00,110438.1,110617.3,110085.5,110525.4,150803.9,1508.039,166457074.11188,1,1761267600000
2025-10-24 01:00:00+00:00,110438.1,110617.3,110085.5,110525.4,150803.9,1508.039,166457074.11188,1,1761267600000
2025-10-24 01:00:00+00:00,110438.1,110617.3,110085.5,110525.4,150803.9,1508.039,166457074.11188,1,1761267600000
2025-10-24 01:00:00+00:00,110438.1,110617.3,110085.5,110525.4,150803.9,1508.039,166457074.11188,1,1761267600000
2025-10-24 01:00:00+00:00,110438.1,110617.3,110085.5,110525.4,150803.9,1508.039,166457074.11188,1,1761267600000
2025-10-24 01:00:00+00:00,110438.1,110617.3,110085.5,110525.4,150803.9,1508.039,166457074.11188,1,1761267600000
2025-10-24 01:00:00+00:00,110438.1,110617.3,110085.5,110525.4,150803.9,1508.039,166457074.11188,1,1761267600000
2025-10-24 01:00:00+00:00,110438.1,110617.3,110085.5,110525.4,150803.9,1508.039,166457074.11188,1,1761267600000
2025-10-24 01:00:00+00:00,110438.1,110617.3,110085.5,110525.4,150803.9,1508.039,166457074.11188,1,1761267600000
2025-10-24 01:00:00+00:00,110438.1,110617.3,110085.5,110525.4,150803.9,1508.039,166457074.11188,1,1761267600000
2025-10-24 01:00:00+00:00,110438.1,110617.3,110085.5,110525.4,150803.9,1508.039,166457074.11188,1,1761267600000
2025-10-24 01:00:00+00:00,110438.1,110617.3,110085.5,110525.4,150803.9,1508.039,166457074.11188,1,1761267600000
2025-10-24 01:00:00+00:00,110438.1,110617.3,110085.5,110525.4,150803.9,1508.039,166457074.11188,1,1761267600000
2025-10-24 01:00:00+00:00,110438.1,110617.3,110085.5,110525.4,150803.9,1508.039,166457074.11188,1,1761267600000
2025-10-24 02:00:00+00:00,110525.4,110785.2,110300,110520.3,137887.21,1378.8721,152371493.64237,1,1761271200000
2025-10-24 02:00:00+00:00,110525.4,110785.2,110300,110520.3,137887.21,1378.8721,152371493.64237,1,1761271200000
2025-10-24 02:00:00+00:00,110525.4,110785.2,110300,110520.3,137887.21,1378.8721,152371493.64237,1,1761271200000
2025-10-24 02:00:00+00:00,110525.4,110785.2,110300,110520.3,137887.21,1378.8721,152371493.64237,1,1761271200000
2025-10-24 02:00:00+00:00,110525.4,110785.2,110300,110520.3,137887.21,1378.8721,152371493.64237,1,1761271200000
2025-10-24 02:00:00+00:00,110525.4,110785.2,110300,110520.3,137887.21,1378.8721,152371493.64237,1,1761271200000
2025-10-24 02:00:00+00:00,110525.4,110785.2,110300,110520.3,137887.21,1378.8721,152371493.64237,1,1761271200000
2025-10-24 02:00:00+00:00,110525.4,110785.2,110300,110520.3,137887.21,1378.8721,152371493.64237,1,1761271200000
2025-10-24 02:00:00+00:00,110525.4,110785.2,110300,110520.3,137887.21,1378.8721,152371493.64237,1,1761271200000
2025-10-24 02:00:00+00:00,110525.4,110785.2,110300,110520.3,137887.21,1378.8721,152371493.64237,1,1761271200000
2025-10-24 02:00:00+00:00,110525.4,110785.2,110300,110520.3,137887.21,1378.8721,152371493.64237,1,1761271200000
2025-10-24 02:00:00+00:00,110525.4,110785.2,110300,110520.3,137887.21,1378.8721,152371493.64237,1,1761271200000
2025-10-24 02:00:00+00:00,110525.4,110785.2,110300,110520.3,137887.21,1378.8721,152371493.64237,1,1761271200000
2025-10-24 02:00:00+00:00,110525.4,110785.2,110300,110520.3,137887.21,1378.8721,152371493.64237,1,1761271200000
2025-10-24 02:00:00+00:00,110525.4,110785.2,110300,110520.3,137887.21,1378.8721,152371493.64237,1,1761271200000
2025-10-24 02:00:00+00:00,110525.4,110785.2,110300,110520.3,137887.21,1378.8721,152371493.64237,1,1761271200000
2025-10-24 02:00:00+00:00,110525.4,110785.2,110300,110520.3,137887.21,1378.8721,152371493.64237,1,1761271200000
2025-10-24 02:00:00+00:00,110525.4,110785.2,110300,110520.3,137887.21,1378.8721,152371493.64237,1,1761271200000
2025-10-24 02:00:00+00:00,110525.4,110785.2,110300,110520.3,137887.21,1378.8721,152371493.64237,1,1761271200000
2025-10-24 02:00:00+00:00,110525.4,110785.2,110300,110520.3,137887.21,1378.8721,152371493.64237,1,1761271200000
2025-10-24 02:00:00+00:00,110525.4,110785.2,110300,110520.3,137887.21,1378.8721,152371493.64237,1,1761271200000
2025-10-24 02:00:00+00:00,110525.4,110785.2,110300,110520.3,137887.21,1378.8721,152371493.64237,1,1761271200000
2025-10-24 02:00:00+00:00,110525.4,110785.2,110300,110520.3,137887.21,1378.8721,152371493.64237,1,1761271200000
2025-10-24 02:00:00+00:00,110525.4,110785.2,110300,110520.3,137887.21,1378.8721,152371493.64237,1,1761271200000
2025-10-24 02:00:00+00:00,110525.4,110785.2,110300,110520.3,137887.21,1378.8721,152371493.64237,1,1761271200000
2025-10-24 02:00:00+00:00,110525.4,110785.2,110300,110520.3,137887.21,1378.8721,152371493.64237,1,1761271200000
2025-10-24 02:00:00+00:00,110525.4,110785.2,110300,110520.3,137887.21,1378.8721,152371493.64237,1,1761271200000
2025-10-24 02:00:00+00:00,110525.4,110785.2,110300,110520.3,137887.21,1378.8721,152371493.64237,1,1761271200000
2025-10-24 02:00:00+00:00,110525.4,110785.2,110300,110520.3,137887.21,1378.8721,152371493.64237,1,1761271200000
2025-10-24 02:00:00+00:00,110525.4,110785.2,110300,110520.3,137887.21,1378.8721,152371493.64237,1,1761271200000
2025-10-24 02:00:00+00:00,110525.4,110785.2,110300,110520.3,137887.21,1378.8721,152371493.64237,1,1761271200000
2025-10-24 02:00:00+00:00,110525.4,110785.2,110300,110520.3,137887.21,1378.8721,152371493.64237,1,1761271200000
2025-10-24 02:00:00+00:00,110525.4,110785.2,110300,110520.3,137887.21,1378.8721,152371493.64237,1,1761271200000
2025-10-24 02:00:00+00:00,110525.4,110785.2,110300,110520.3,137887.21,1378.8721,152371493.64237,1,1761271200000
2025-10-24 02:00:00+00:00,110525.4,110785.2,110300,110520.3,137887.21,1378.8721,152371493.64237,1,1761271200000
2025-10-24 02:00:00+00:00,110525.4,110785.2,110300,110520.3,137887.21,1378.8721,152371493.64237,1,1761271200000
2025-10-24 02:00:00+00:00,110525.4,110785.2,110300,110520.3,137887.21,1378.8721,152371493.64237,1,1761271200000
2025-10-24 02:00:00+00:00,110525.4,110785.2,110300,110520.3,137887.21,1378.8721,152371493.64237,1,1761271200000
2025-10-24 02:00:00+00:00,110525.4,110785.2,110300,110520.3,137887.21,1378.8721,152371493.64237,1,1761271200000
2025-10-24 02:00:00+00:00,110525.4,110785.2,110300,110520.3,137887.21,1378.8721,152371493.64237,1,1761271200000
2025-10-24 02:00:00+00:00,110525.4,110785.2,110300,110520.3,137887.21,1378.8721,152371493.64237,1,1761271200000
2025-10-24 02:00:00+00:00,110525.4,110785.2,110300,110520.3,137887.21,1378.8721,152371493.64237,1,1761271200000
2025-10-24 02:00:00+00:00,110525.4,110785.2,110300,110520.3,137887.21,1378.8721,152371493.64237,1,1761271200000
2025-10-24 02:00:00+00:00,110525.4,110785.2,110300,110520.3,137887.21,1378.8721,152371493.64237,1,1761271200000
2025-10-24 02:00:00+00:00,110525.4,110785.2,110300,110520.3,137887.21,1378.8721,152371493.64237,1,1761271200000
2025-10-24 02:00:00+00:00,110525.4,110785.2,110300,110520.3,137887.21,1378.8721,152371493.64237,1,1761271200000
2025-10-24 02:00:00+00:00,110525.4,110785.2,110300,110520.3,137887.21,1378.8721,152371493.64237,1,1761271200000
2025-10-24 02:00:00+00:00,110525.4,110785.2,110300,110520.3,137887.21,1378.8721,152371493.64237,1,1761271200000
2025-10-24 02:00:00+00:00,110525.4,110785.2,110300,110520.3,137887.21,1378.8721,152371493.64237,1,1761271200000
2025-10-24 02:00:00+00:00,110525.4,110785.2,110300,110520.3,137887.21,1378.8721,152371493.64237,1,1761271200000
2025-10-24 02:00:00+00:00,110525.4,110785.2,110300,110520.3,137887.21,1378.8721,152371493.64237,1,1761271200000
2025-10-24 02:00:00+00:00,110525.4,110785.2,110300,110520.3,137887.21,1378.8721,152371493.64237,1,1761271200000
2025-10-24 02:00:00+00:00,110525.4,110785.2,110300,110520.3,137887.21,1378.8721,152371493.64237,1,1761271200000
2025-10-24 02:00:00+00:00,110525.4,110785.2,110300,110520.3,137887.21,1378.8721,152371493.64237,1,1761271200000
2025-10-24 02:00:00+00:00,110525.4,110785.2,110300,110520.3,137887.21,1378.8721,152371493.64237,1,1761271200000
2025-10-24 02:00:00+00:00,110525.4,110785.2,110300,110520.3,137887.21,1378.8721,152371493.64237,1,1761271200000
2025-10-24 02:00:00+00:00,110525.4,110785.2,110300,110520.3,137887.21,1378.8721,152371493.64237,1,1761271200000
2025-10-24 02:00:00+00:00,110525.4,110785.2,110300,110520.3,137887.21,1378.8721,152371493.64237,1,1761271200000
2025-10-24 02:00:00+00:00,110525.4,110785.2,110300,110520.3,137887.21,1378.8721,152371493.64237,1,1761271200000
2025-10-24 02:00:00+00:00,110525.4,110785.2,110300,110520.3,137887.21,1378.8721,152371493.64237,1,1761271200000
2025-10-24 02:00:00+00:00,110525.4,110785.2,110300,110520.3,137887.21,1378.8721,152371493.64237,1,1761271200000
2025-10-24 02:00:00+00:00,110525.4,110785.2,110300,110520.3,137887.21,1378.8721,152371493.64237,1,1761271200000
2025-10-24 02:00:00+00:00,110525.4,110785.2,110300,110520.3,137887.21,1378.8721,152371493.64237,1,1761271200000
2025-10-24 02:00:00+00:00,110525.4,110785.2,110300,110520.3,137887.21,1378.8721,152371493.64237,1,1761271200000
2025-10-24 02:00:00+00:00,110525.4,110785.2,110300,110520.3,137887.21,1378.8721,152371493.64237,1,1761271200000
2025-10-24 02:00:00+00:00,110525.4,110785.2,110300,110520.3,137887.21,1378.8721,152371493.64237,1,1761271200000
2025-10-24 02:00:00+00:00,110525.4,110785.2,110300,110520.3,137887.21,1378.8721,152371493.64237,1,1761271200000
2025-10-24 02:00:00+00:00,110525.4,110785.2,110300,110520.3,137887.21,1378.8721,152371493.64237,1,1761271200000
2025-10-24 02:00:00+00:00,110525.4,110785.2,110300,110520.3,137887.21,1378.8721,152371493.64237,1,1761271200000
2025-10-24 02:00:00+00:00,110525.4,110785.2,110300,110520.3,137887.21,1378.8721,152371493.64237,1,1761271200000
2025-10-24 02:00:00+00:00,110525.4,110785.2,110300,110520.3,137887.21,1378.8721,152371493.64237,1,1761271200000
2025-10-24 02:00:00+00:00,110525.4,110785.2,110300,110520.3,137887.21,1378.8721,152371493.64237,1,1761271200000
2025-10-24 02:00:00+00:00,110525.4,110785.2,110300,110520.3,137887.21,1378.8721,152371493.64237,1,1761271200000
2025-10-24 02:00:00+00:00,110525.4,110785.2,110300,110520.3,137887.21,1378.8721,152371493.64237,1,1761271200000
2025-10-24 02:00:00+00:00,110525.4,110785.2,110300,110520.3,137887.21,1378.8721,152371493.64237,1,1761271200000
2025-10-24 02:00:00+00:00,110525.4,110785.2,110300,110520.3,137887.21,1378.8721,152371493.64237,1,1761271200000
2025-10-24 02:00:00+00:00,110525.4,110785.2,110300,110520.3,137887.21,1378.8721,152371493.64237,1,1761271200000
2025-10-24 02:00:00+00:00,110525.4,110785.2,110300,110520.3,137887.21,1378.8721,152371493.64237,1,1761271200000
2025-10-24 02:00:00+00:00,110525.4,110785.2,110300,110520.3,137887.21,1378.8721,152371493.64237,1,1761271200000
2025-10-24 02:00:00+00:00,110525.4,110785.2,110300,110520.3,137887.21,1378.8721,152371493.64237,1,1761271200000
2025-10-24 02:00:00+00:00,110525.4,110785.2,110300,110520.3,137887.21,1378.8721,152371493.64237,1,1761271200000
2025-10-24 02:00:00+00:00,110525.4,110785.2,110300,110520.3,137887.21,1378.8721,152371493.64237,1,1761271200000
2025-10-24 02:00:00+00:00,110525.4,110785.2,110300,110520.3,137887.21,1378.8721,152371493.64237,1,1761271200000
2025-10-24 02:00:00+00:00,110525.4,110785.2,110300,110520.3,137887.21,1378.8721,152371493.64237,1,1761271200000
2025-10-24 02:00:00+00:00,110525.4,110785.2,110300,110520.3,137887.21,1378.8721,152371493.64237,1,1761271200000
2025-10-24 02:00:00+00:00,110525.4,110785.2,110300,110520.3,137887.21,1378.8721,152371493.64237,1,1761271200000
2025-10-24 02:00:00+00:00,110525.4,110785.2,110300,110520.3,137887.21,1378.8721,152371493.64237,1,1761271200000
2025-10-24 03:00:00+00:00,110520.3,110588.4,110222.8,110398.2,126132.29,1261.3229,139233941.83855,1,1761274800000
2025-10-24 03:00:00+00:00,110520.3,110588.4,110222.8,110398.2,126132.29,1261.3229,139233941.83855,1,1761274800000
2025-10-24 03:00:00+00:00,110520.3,110588.4,110222.8,110398.2,126132.29,1261.3229,139233941.83855,1,1761274800000
2025-10-24 03:00:00+00:00,110520.3,110588.4,110222.8,110398.2,126132.29,1261.3229,139233941.83855,1,1761274800000
2025-10-24 03:00:00+00:00,110520.3,110588.4,110222.8,110398.2,126132.29,1261.3229,139233941.83855,1,1761274800000
2025-10-24 03:00:00+00:00,110520.3,110588.4,110222.8,110398.2,126132.29,1261.3229,139233941.83855,1,1761274800000
2025-10-24 03:00:00+00:00,110520.3,110588.4,110222.8,110398.2,126132.29,1261.3229,139233941.83855,1,1761274800000
2025-10-24 03:00:00+00:00,110520.3,110588.4,110222.8,110398.2,126132.29,1261.3229,139233941.83855,1,1761274800000
2025-10-24 03:00:00+00:00,110520.3,110588.4,110222.8,110398.2,126132.29,1261.3229,139233941.83855,1,1761274800000
2025-10-24 03:00:00+00:00,110520.3,110588.4,110222.8,110398.2,126132.29,1261.3229,139233941.83855,1,1761274800000
2025-10-24 03:00:00+00:00,110520.3,110588.4,110222.8,110398.2,126132.29,1261.3229,139233941.83855,1,1761274800000
2025-10-24 03:00:00+00:00,110520.3,110588.4,110222.8,110398.2,126132.29,1261.3229,139233941.83855,1,1761274800000
2025-10-24 03:00:00+00:00,110520.3,110588.4,110222.8,110398.2,126132.29,1261.3229,139233941.83855,1,1761274800000
2025-10-24 03:00:00+00:00,110520.3,110588.4,110222.8,110398.2,126132.29,1261.3229,139233941.83855,1,1761274800000
2025-10-24 03:00:00+00:00,110520.3,110588.4,110222.8,110398.2,126132.29,1261.3229,139233941.83855,1,1761274800000
2025-10-24 03:00:00+00:00,110520.3,110588.4,110222.8,110398.2,126132.29,1261.3229,139233941.83855,1,1761274800000
2025-10-24 03:00:00+00:00,110520.3,110588.4,110222.8,110398.2,126132.29,1261.3229,139233941.83855,1,1761274800000
2025-10-24 03:00:00+00:00,110520.3,110588.4,110222.8,110398.2,126132.29,1261.3229,139233941.83855,1,1761274800000
2025-10-24 03:00:00+00:00,110520.3,110588.4,110222.8,110398.2,126132.29,1261.3229,139233941.83855,1,1761274800000
2025-10-24 03:00:00+00:00,110520.3,110588.4,110222.8,110398.2,126132.29,1261.3229,139233941.83855,1,1761274800000
2025-10-24 03:00:00+00:00,110520.3,110588.4,110222.8,110398.2,126132.29,1261.3229,139233941.83855,1,1761274800000
2025-10-24 03:00:00+00:00,110520.3,110588.4,110222.8,110398.2,126132.29,1261.3229,139233941.83855,1,1761274800000
2025-10-24 03:00:00+00:00,110520.3,110588.4,110222.8,110398.2,126132.29,1261.3229,139233941.83855,1,1761274800000
2025-10-24 03:00:00+00:00,110520.3,110588.4,110222.8,110398.2,126132.29,1261.3229,139233941.83855,1,1761274800000
2025-10-24 03:00:00+00:00,110520.3,110588.4,110222.8,110398.2,126132.29,1261.3229,139233941.83855,1,1761274800000
2025-10-24 03:00:00+00:00,110520.3,110588.4,110222.8,110398.2,126132.29,1261.3229,139233941.83855,1,1761274800000
2025-10-24 03:00:00+00:00,110520.3,110588.4,110222.8,110398.2,126132.29,1261.3229,139233941.83855,1,1761274800000
2025-10-24 03:00:00+00:00,110520.3,110588.4,110222.8,110398.2,126132.29,1261.3229,139233941.83855,1,1761274800000
2025-10-24 03:00:00+00:00,110520.3,110588.4,110222.8,110398.2,126132.29,1261.3229,139233941.83855,1,1761274800000
2025-10-24 03:00:00+00:00,110520.3,110588.4,110222.8,110398.2,126132.29,1261.3229,139233941.83855,1,1761274800000
2025-10-24 03:00:00+00:00,110520.3,110588.4,110222.8,110398.2,126132.29,1261.3229,139233941.83855,1,1761274800000
2025-10-24 03:00:00+00:00,110520.3,110588.4,110222.8,110398.2,126132.29,1261.3229,139233941.83855,1,1761274800000
2025-10-24 03:00:00+00:00,110520.3,110588.4,110222.8,110398.2,126132.29,1261.3229,139233941.83855,1,1761274800000
2025-10-24 03:00:00+00:00,110520.3,110588.4,110222.8,110398.2,126132.29,1261.3229,139233941.83855,1,1761274800000
2025-10-24 03:00:00+00:00,110520.3,110588.4,110222.8,110398.2,126132.29,1261.3229,139233941.83855,1,1761274800000
2025-10-24 03:00:00+00:00,110520.3,110588.4,110222.8,110398.2,126132.29,1261.3229,139233941.83855,1,1761274800000
2025-10-24 03:00:00+00:00,110520.3,110588.4,110222.8,110398.2,126132.29,1261.3229,139233941.83855,1,1761274800000
2025-10-24 03:00:00+00:00,110520.3,110588.4,110222.8,110398.2,126132.29,1261.3229,139233941.83855,1,1761274800000
2025-10-24 03:00:00+00:00,110520.3,110588.4,110222.8,110398.2,126132.29,1261.3229,139233941.83855,1,1761274800000
2025-10-24 03:00:00+00:00,110520.3,110588.4,110222.8,110398.2,126132.29,1261.3229,139233941.83855,1,1761274800000
2025-10-24 03:00:00+00:00,110520.3,110588.4,110222.8,110398.2,126132.29,1261.3229,139233941.83855,1,1761274800000
2025-10-24 03:00:00+00:00,110520.3,110588.4,110222.8,110398.2,126132.29,1261.3229,139233941.83855,1,1761274800000
2025-10-24 03:00:00+00:00,110520.3,110588.4,110222.8,110398.2,126132.29,1261.3229,139233941.83855,1,1761274800000
2025-10-24 03:00:00+00:00,110520.3,110588.4,110222.8,110398.2,126132.29,1261.3229,139233941.83855,1,1761274800000
2025-10-24 03:00:00+00:00,110520.3,110588.4,110222.8,110398.2,126132.29,1261.3229,139233941.83855,1,1761274800000
2025-10-24 03:00:00+00:00,110520.3,110588.4,110222.8,110398.2,126132.29,1261.3229,139233941.83855,1,1761274800000
2025-10-24 03:00:00+00:00,110520.3,110588.4,110222.8,110398.2,126132.29,1261.3229,139233941.83855,1,1761274800000
2025-10-24 03:00:00+00:00,110520.3,110588.4,110222.8,110398.2,126132.29,1261.3229,139233941.83855,1,1761274800000
2025-10-24 03:00:00+00:00,110520.3,110588.4,110222.8,110398.2,126132.29,1261.3229,139233941.83855,1,1761274800000
2025-10-24 03:00:00+00:00,110520.3,110588.4,110222.8,110398.2,126132.29,1261.3229,139233941.83855,1,1761274800000
2025-10-24 03:00:00+00:00,110520.3,110588.4,110222.8,110398.2,126132.29,1261.3229,139233941.83855,1,1761274800000
2025-10-24 03:00:00+00:00,110520.3,110588.4,110222.8,110398.2,126132.29,1261.3229,139233941.83855,1,1761274800000
2025-10-24 03:00:00+00:00,110520.3,110588.4,110222.8,110398.2,126132.29,1261.3229,139233941.83855,1,1761274800000
2025-10-24 03:00:00+00:00,110520.3,110588.4,110222.8,110398.2,126132.29,1261.3229,139233941.83855,1,1761274800000
2025-10-24 03:00:00+00:00,110520.3,110588.4,110222.8,110398.2,126132.29,1261.3229,139233941.83855,1,1761274800000
2025-10-24 03:00:00+00:00,110520.3,110588.4,110222.8,110398.2,126132.29,1261.3229,139233941.83855,1,1761274800000
2025-10-24 03:00:00+00:00,110520.3,110588.4,110222.8,110398.2,126132.29,1261.3229,139233941.83855,1,1761274800000
2025-10-24 03:00:00+00:00,110520.3,110588.4,110222.8,110398.2,126132.29,1261.3229,139233941.83855,1,1761274800000
2025-10-24 03:00:00+00:00,110520.3,110588.4,110222.8,110398.2,126132.29,1261.3229,139233941.83855,1,1761274800000
2025-10-24 03:00:00+00:00,110520.3,110588.4,110222.8,110398.2,126132.29,1261.3229,139233941.83855,1,1761274800000
2025-10-24 03:00:00+00:00,110520.3,110588.4,110222.8,110398.2,126132.29,1261.3229,139233941.83855,1,1761274800000
2025-10-24 03:00:00+00:00,110520.3,110588.4,110222.8,110398.2,126132.29,1261.3229,139233941.83855,1,1761274800000
2025-10-24 03:00:00+00:00,110520.3,110588.4,110222.8,110398.2,126132.29,1261.3229,139233941.83855,1,1761274800000
2025-10-24 03:00:00+00:00,110520.3,110588.4,110222.8,110398.2,126132.29,1261.3229,139233941.83855,1,1761274800000
2025-10-24 03:00:00+00:00,110520.3,110588.4,110222.8,110398.2,126132.29,1261.3229,139233941.83855,1,1761274800000
2025-10-24 03:00:00+00:00,110520.3,110588.4,110222.8,110398.2,126132.29,1261.3229,139233941.83855,1,1761274800000
2025-10-24 03:00:00+00:00,110520.3,110588.4,110222.8,110398.2,126132.29,1261.3229,139233941.83855,1,1761274800000
2025-10-24 03:00:00+00:00,110520.3,110588.4,110222.8,110398.2,126132.29,1261.3229,139233941.83855,1,1761274800000
2025-10-24 03:00:00+00:00,110520.3,110588.4,110222.8,110398.2,126132.29,1261.3229,139233941.83855,1,1761274800000
2025-10-24 03:00:00+00:00,110520.3,110588.4,110222.8,110398.2,126132.29,1261.3229,139233941.83855,1,1761274800000
2025-10-24 03:00:00+00:00,110520.3,110588.4,110222.8,110398.2,126132.29,1261.3229,139233941.83855,1,1761274800000
2025-10-24 03:00:00+00:00,110520.3,110588.4,110222.8,110398.2,126132.29,1261.3229,139233941.83855,1,1761274800000
2025-10-24 03:00:00+00:00,110520.3,110588.4,110222.8,110398.2,126132.29,1261.3229,139233941.83855,1,1761274800000
2025-10-24 03:00:00+00:00,110520.3,110588.4,110222.8,110398.2,126132.29,1261.3229,139233941.83855,1,1761274800000
2025-10-24 03:00:00+00:00,110520.3,110588.4,110222.8,110398.2,126132.29,1261.3229,139233941.83855,1,1761274800000
2025-10-24 03:00:00+00:00,110520.3,110588.4,110222.8,110398.2,126132.29,1261.3229,139233941.83855,1,1761274800000
2025-10-24 03:00:00+00:00,110520.3,110588.4,110222.8,110398.2,126132.29,1261.3229,139233941.83855,1,1761274800000
2025-10-24 03:00:00+00:00,110520.3,110588.4,110222.8,110398.2,126132.29,1261.3229,139233941.83855,1,1761274800000
2025-10-24 03:00:00+00:00,110520.3,110588.4,110222.8,110398.2,126132.29,1261.3229,139233941.83855,1,1761274800000
2025-10-24 03:00:00+00:00,110520.3,110588.4,110222.8,110398.2,126132.29,1261.3229,139233941.83855,1,1761274800000
2025-10-24 03:00:00+00:00,110520.3,110588.4,110222.8,110398.2,126132.29,1261.3229,139233941.83855,1,1761274800000
2025-10-24 03:00:00+00:00,110520.3,110588.4,110222.8,110398.2,126132.29,1261.3229,139233941.83855,1,1761274800000
2025-10-24 03:00:00+00:00,110520.3,110588.4,110222.8,110398.2,126132.29,1261.3229,139233941.83855,1,1761274800000
2025-10-24 03:00:00+00:00,110520.3,110588.4,110222.8,110398.2,126132.29,1261.3229,139233941.83855,1,1761274800000
2025-10-24 03:00:00+00:00,110520.3,110588.4,110222.8,110398.2,126132.29,1261.3229,139233941.83855,1,1761274800000
2025-10-24 03:00:00+00:00,110520.3,110588.4,110222.8,110398.2,126132.29,1261.3229,139233941.83855,1,1761274800000
2025-10-24 03:00:00+00:00,110520.3,110588.4,110222.8,110398.2,126132.29,1261.3229,139233941.83855,1,1761274800000
2025-10-24 03:00:00+00:00,110520.3,110588.4,110222.8,110398.2,126132.29,1261.3229,139233941.83855,1,1761274800000
2025-10-24 04:00:00+00:00,110398.2,111501.8,110289.2,111119.7,466127.92,4661.2792,517671635.83309,1,1761278400000
2025-10-24 04:00:00+00:00,110398.2,111501.8,110289.2,111119.7,466127.92,4661.2792,517671635.83309,1,1761278400000
2025-10-24 04:00:00+00:00,110398.2,111501.8,110289.2,111119.7,466127.92,4661.2792,517671635.83309,1,1761278400000
2025-10-24 04:00:00+00:00,110398.2,111501.8,110289.2,111119.7,466127.92,4661.2792,517671635.83309,1,1761278400000
2025-10-24 04:00:00+00:00,110398.2,111501.8,110289.2,111119.7,466127.92,4661.2792,517671635.83309,1,1761278400000
2025-10-24 04:00:00+00:00,110398.2,111501.8,110289.2,111119.7,466127.92,4661.2792,517671635.83309,1,1761278400000
2025-10-24 04:00:00+00:00,110398.2,111501.8,110289.2,111119.7,466127.92,4661.2792,517671635.83309,1,1761278400000
2025-10-24 04:00:00+00:00,110398.2,111501.8,110289.2,111119.7,466127.92,4661.2792,517671635.83309,1,1761278400000
2025-10-24 04:00:00+00:00,110398.2,111501.8,110289.2,111119.7,466127.92,4661.2792,517671635.83309,1,1761278400000
2025-10-24 04:00:00+00:00,110398.2,111501.8,110289.2,111119.7,466127.92,4661.2792,517671635.83309,1,1761278400000
2025-10-24 04:00:00+00:00,110398.2,111501.8,110289.2,111119.7,466127.92,4661.2792,517671635.83309,1,1761278400000
2025-10-24 04:00:00+00:00,110398.2,111501.8,110289.2,111119.7,466127.92,4661.2792,517671635.83309,1,1761278400000
2025-10-24 04:00:00+00:00,110398.2,111501.8,110289.2,111119.7,466127.92,4661.2792,517671635.83309,1,1761278400000
2025-10-24 04:00:00+00:00,110398.2,111501.8,110289.2,111119.7,466127.92,4661.2792,517671635.83309,1,1761278400000
2025-10-24 04:00:00+00:00,110398.2,111501.8,110289.2,111119.7,466127.92,4661.2792,517671635.83309,1,1761278400000
2025-10-24 04:00:00+00:00,110398.2,111501.8,110289.2,111119.7,466127.92,4661.2792,517671635.83309,1,1761278400000
2025-10-24 04:00:00+00:00,110398.2,111501.8,110289.2,111119.7,466127.92,4661.2792,517671635.83309,1,1761278400000
2025-10-24 04:00:00+00:00,110398.2,111501.8,110289.2,111119.7,466127.92,4661.2792,517671635.83309,1,1761278400000
2025-10-24 04:00:00+00:00,110398.2,111501.8,110289.2,111119.7,466127.92,4661.2792,517671635.83309,1,1761278400000
2025-10-24 04:00:00+00:00,110398.2,111501.8,110289.2,111119.7,466127.92,4661.2792,517671635.83309,1,1761278400000
2025-10-24 04:00:00+00:00,110398.2,111501.8,110289.2,111119.7,466127.92,4661.2792,517671635.83309,1,1761278400000
2025-10-24 04:00:00+00:00,110398.2,111501.8,110289.2,111119.7,466127.92,4661.2792,517671635.83309,1,1761278400000
2025-10-24 04:00:00+00:00,110398.2,111501.8,110289.2,111119.7,466127.92,4661.2792,517671635.83309,1,1761278400000
2025-10-24 04:00:00+00:00,110398.2,111501.8,110289.2,111119.7,466127.92,4661.2792,517671635.83309,1,1761278400000
2025-10-24 04:00:00+00:00,110398.2,111501.8,110289.2,111119.7,466127.92,4661.2792,517671635.83309,1,1761278400000
2025-10-24 04:00:00+00:00,110398.2,111501.8,110289.2,111119.7,466127.92,4661.2792,517671635.83309,1,1761278400000
2025-10-24 04:00:00+00:00,110398.2,111501.8,110289.2,111119.7,466127.92,4661.2792,517671635.83309,1,1761278400000
2025-10-24 04:00:00+00:00,110398.2,111501.8,110289.2,111119.7,466127.92,4661.2792,517671635.83309,1,1761278400000
2025-10-24 04:00:00+00:00,110398.2,111501.8,110289.2,111119.7,466127.92,4661.2792,517671635.83309,1,1761278400000
2025-10-24 04:00:00+00:00,110398.2,111501.8,110289.2,111119.7,466127.92,4661.2792,517671635.83309,1,1761278400000
2025-10-24 04:00:00+00:00,110398.2,111501.8,110289.2,111119.7,466127.92,4661.2792,517671635.83309,1,1761278400000
2025-10-24 04:00:00+00:00,110398.2,111501.8,110289.2,111119.7,466127.92,4661.2792,517671635.83309,1,1761278400000
2025-10-24 04:00:00+00:00,110398.2,111501.8,110289.2,111119.7,466127.92,4661.2792,517671635.83309,1,1761278400000
2025-10-24 04:00:00+00:00,110398.2,111501.8,110289.2,111119.7,466127.92,4661.2792,517671635.83309,1,1761278400000
2025-10-24 04:00:00+00:00,110398.2,111501.8,110289.2,111119.7,466127.92,4661.2792,517671635.83309,1,1761278400000
2025-10-24 04:00:00+00:00,110398.2,111501.8,110289.2,111119.7,466127.92,4661.2792,517671635.83309,1,1761278400000
2025-10-24 04:00:00+00:00,110398.2,111501.8,110289.2,111119.7,466127.92,4661.2792,517671635.83309,1,1761278400000
2025-10-24 04:00:00+00:00,110398.2,111501.8,110289.2,111119.7,466127.92,4661.2792,517671635.83309,1,1761278400000
2025-10-24 04:00:00+00:00,110398.2,111501.8,110289.2,111119.7,466127.92,4661.2792,517671635.83309,1,1761278400000
2025-10-24 04:00:00+00:00,110398.2,111501.8,110289.2,111119.7,466127.92,4661.2792,517671635.83309,1,1761278400000
2025-10-24 04:00:00+00:00,110398.2,111501.8,110289.2,111119.7,466127.92,4661.2792,517671635.83309,1,1761278400000
2025-10-24 04:00:00+00:00,110398.2,111501.8,110289.2,111119.7,466127.92,4661.2792,517671635.83309,1,1761278400000
2025-10-24 04:00:00+00:00,110398.2,111501.8,110289.2,111119.7,466127.92,4661.2792,517671635.83309,1,1761278400000
2025-10-24 04:00:00+00:00,110398.2,111501.8,110289.2,111119.7,466127.92,4661.2792,517671635.83309,1,1761278400000
2025-10-24 04:00:00+00:00,110398.2,111501.8,110289.2,111119.7,466127.92,4661.2792,517671635.83309,1,1761278400000
2025-10-24 04:00:00+00:00,110398.2,111501.8,110289.2,111119.7,466127.92,4661.2792,517671635.83309,1,1761278400000
2025-10-24 04:00:00+00:00,110398.2,111501.8,110289.2,111119.7,466127.92,4661.2792,517671635.83309,1,1761278400000
2025-10-24 04:00:00+00:00,110398.2,111501.8,110289.2,111119.7,466127.92,4661.2792,517671635.83309,1,1761278400000
2025-10-24 04:00:00+00:00,110398.2,111501.8,110289.2,111119.7,466127.92,4661.2792,517671635.83309,1,1761278400000
2025-10-24 04:00:00+00:00,110398.2,111501.8,110289.2,111119.7,466127.92,4661.2792,517671635.83309,1,1761278400000
2025-10-24 04:00:00+00:00,110398.2,111501.8,110289.2,111119.7,466127.92,4661.2792,517671635.83309,1,1761278400000
2025-10-24 04:00:00+00:00,110398.2,111501.8,110289.2,111119.7,466127.92,4661.2792,517671635.83309,1,1761278400000
2025-10-24 04:00:00+00:00,110398.2,111501.8,110289.2,111119.7,466127.92,4661.2792,517671635.83309,1,1761278400000
2025-10-24 04:00:00+00:00,110398.2,111501.8,110289.2,111119.7,466127.92,4661.2792,517671635.83309,1,1761278400000
2025-10-24 04:00:00+00:00,110398.2,111501.8,110289.2,111119.7,466127.92,4661.2792,517671635.83309,1,1761278400000
2025-10-24 04:00:00+00:00,110398.2,111501.8,110289.2,111119.7,466127.92,4661.2792,517671635.83309,1,1761278400000
2025-10-24 04:00:00+00:00,110398.2,111501.8,110289.2,111119.7,466127.92,4661.2792,517671635.83309,1,1761278400000
2025-10-24 04:00:00+00:00,110398.2,111501.8,110289.2,111119.7,466127.92,4661.2792,517671635.83309,1,1761278400000
2025-10-24 04:00:00+00:00,110398.2,111501.8,110289.2,111119.7,466127.92,4661.2792,517671635.83309,1,1761278400000
2025-10-24 04:00:00+00:00,110398.2,111501.8,110289.2,111119.7,466127.92,4661.2792,517671635.83309,1,1761278400000
2025-10-24 04:00:00+00:00,110398.2,111501.8,110289.2,111119.7,466127.92,4661.2792,517671635.83309,1,1761278400000
2025-10-24 04:00:00+00:00,110398.2,111501.8,110289.2,111119.7,466127.92,4661.2792,517671635.83309,1,1761278400000
2025-10-24 04:00:00+00:00,110398.2,111501.8,110289.2,111119.7,466127.92,4661.2792,517671635.83309,1,1761278400000
2025-10-24 04:00:00+00:00,110398.2,111501.8,110289.2,111119.7,466127.92,4661.2792,517671635.83309,1,1761278400000
2025-10-24 04:00:00+00:00,110398.2,111501.8,110289.2,111119.7,466127.92,4661.2792,517671635.83309,1,1761278400000
2025-10-24 04:00:00+00:00,110398.2,111501.8,110289.2,111119.7,466127.92,4661.2792,517671635.83309,1,1761278400000
2025-10-24 04:00:00+00:00,110398.2,111501.8,110289.2,111119.7,466127.92,4661.2792,517671635.83309,1,1761278400000
2025-10-24 04:00:00+00:00,110398.2,111501.8,110289.2,111119.7,466127.92,4661.2792,517671635.83309,1,1761278400000
2025-10-24 04:00:00+00:00,110398.2,111501.8,110289.2,111119.7,466127.92,4661.2792,517671635.83309,1,1761278400000
2025-10-24 04:00:00+00:00,110398.2,111501.8,110289.2,111119.7,466127.92,4661.2792,517671635.83309,1,1761278400000
2025-10-24 04:00:00+00:00,110398.2,111501.8,110289.2,111119.7,466127.92,4661.2792,517671635.83309,1,1761278400000
2025-10-24 04:00:00+00:00,110398.2,111501.8,110289.2,111119.7,466127.92,4661.2792,517671635.83309,1,1761278400000
2025-10-24 04:00:00+00:00,110398.2,111501.8,110289.2,111119.7,466127.92,4661.2792,517671635.83309,1,1761278400000
2025-10-24 04:00:00+00:00,110398.2,111501.8,110289.2,111119.7,466127.92,4661.2792,517671635.83309,1,1761278400000
2025-10-24 04:00:00+00:00,110398.2,111501.8,110289.2,111119.7,466127.92,4661.2792,517671635.83309,1,1761278400000
2025-10-24 04:00:00+00:00,110398.2,111501.8,110289.2,111119.7,466127.92,4661.2792,517671635.83309,1,1761278400000
2025-10-24 04:00:00+00:00,110398.2,111501.8,110289.2,111119.7,466127.92,4661.2792,517671635.83309,1,1761278400000
2025-10-24 04:00:00+00:00,110398.2,111501.8,110289.2,111119.7,466127.92,4661.2792,517671635.83309,1,1761278400000
2025-10-24 04:00:00+00:00,110398.2,111501.8,110289.2,111119.7,466127.92,4661.2792,517671635.83309,1,1761278400000
2025-10-24 04:00:00+00:00,110398.2,111501.8,110289.2,111119.7,466127.92,4661.2792,517671635.83309,1,1761278400000
2025-10-24 04:00:00+00:00,110398.2,111501.8,110289.2,111119.7,466127.92,4661.2792,517671635.83309,1,1761278400000
2025-10-24 04:00:00+00:00,110398.2,111501.8,110289.2,111119.7,466127.92,4661.2792,517671635.83309,1,1761278400000
2025-10-24 04:00:00+00:00,110398.2,111501.8,110289.2,111119.7,466127.92,4661.2792,517671635.83309,1,1761278400000
2025-10-24 04:00:00+00:00,110398.2,111501.8,110289.2,111119.7,466127.92,4661.2792,517671635.83309,1,1761278400000
2025-10-24 04:00:00+00:00,110398.2,111501.8,110289.2,111119.7,466127.92,4661.2792,517671635.83309,1,1761278400000
2025-10-24 04:00:00+00:00,110398.2,111501.8,110289.2,111119.7,466127.92,4661.2792,517671635.83309,1,1761278400000
2025-10-24 04:00:00+00:00,110398.2,111501.8,110289.2,111119.7,466127.92,4661.2792,517671635.83309,1,1761278400000
2025-10-24 04:00:00+00:00,110398.2,111501.8,110289.2,111119.7,466127.92,4661.2792,517671635.83309,1,1761278400000
2025-10-24 04:00:00+00:00,110398.2,111501.8,110289.2,111119.7,466127.92,4661.2792,517671635.83309,1,1761278400000
2025-10-24 05:00:00+00:00,111119.7,111279.5,110885.7,111205.8,191512.81,1915.1281,212715482.30393,1,1761282000000
2025-10-24 05:00:00+00:00,111119.7,111279.5,110885.7,111205.8,191512.81,1915.1281,212715482.30393,1,1761282000000
2025-10-24 05:00:00+00:00,111119.7,111279.5,110885.7,111205.8,191512.81,1915.1281,212715482.30393,1,1761282000000
2025-10-24 05:00:00+00:00,111119.7,111279.5,110885.7,111205.8,191512.81,1915.1281,212715482.30393,1,1761282000000
2025-10-24 05:00:00+00:00,111119.7,111279.5,110885.7,111205.8,191512.81,1915.1281,212715482.30393,1,1761282000000
2025-10-24 05:00:00+00:00,111119.7,111279.5,110885.7,111205.8,191512.81,1915.1281,212715482.30393,1,1761282000000
2025-10-24 05:00:00+00:00,111119.7,111279.5,110885.7,111205.8,191512.81,1915.1281,212715482.30393,1,1761282000000
2025-10-24 05:00:00+00:00,111119.7,111279.5,110885.7,111205.8,191512.81,1915.1281,212715482.30393,1,1761282000000
2025-10-24 05:00:00+00:00,111119.7,111279.5,110885.7,111205.8,191512.81,1915.1281,212715482.30393,1,1761282000000
2025-10-24 05:00:00+00:00,111119.7,111279.5,110885.7,111205.8,191512.81,1915.1281,212715482.30393,1,1761282000000
2025-10-24 05:00:00+00:00,111119.7,111279.5,110885.7,111205.8,191512.81,1915.1281,212715482.30393,1,1761282000000
2025-10-24 05:00:00+00:00,111119.7,111279.5,110885.7,111205.8,191512.81,1915.1281,212715482.30393,1,1761282000000
2025-10-24 05:00:00+00:00,111119.7,111279.5,110885.7,111205.8,191512.81,1915.1281,212715482.30393,1,1761282000000
2025-10-24 05:00:00+00:00,111119.7,111279.5,110885.7,111205.8,191512.81,1915.1281,212715482.30393,1,1761282000000
2025-10-24 05:00:00+00:00,111119.7,111279.5,110885.7,111205.8,191512.81,1915.1281,212715482.30393,1,1761282000000
2025-10-24 05:00:00+00:00,111119.7,111279.5,110885.7,111205.8,191512.81,1915.1281,212715482.30393,1,1761282000000
2025-10-24 05:00:00+00:00,111119.7,111279.5,110885.7,111205.8,191512.81,1915.1281,212715482.30393,1,1761282000000
2025-10-24 05:00:00+00:00,111119.7,111279.5,110885.7,111205.8,191512.81,1915.1281,212715482.30393,1,1761282000000
2025-10-24 05:00:00+00:00,111119.7,111279.5,110885.7,111205.8,191512.81,1915.1281,212715482.30393,1,1761282000000
2025-10-24 05:00:00+00:00,111119.7,111279.5,110885.7,111205.8,191512.81,1915.1281,212715482.30393,1,1761282000000
2025-10-24 05:00:00+00:00,111119.7,111279.5,110885.7,111205.8,191512.81,1915.1281,212715482.30393,1,1761282000000
2025-10-24 05:00:00+00:00,111119.7,111279.5,110885.7,111205.8,191512.81,1915.1281,212715482.30393,1,1761282000000
2025-10-24 05:00:00+00:00,111119.7,111279.5,110885.7,111205.8,191512.81,1915.1281,212715482.30393,1,1761282000000
2025-10-24 05:00:00+00:00,111119.7,111279.5,110885.7,111205.8,191512.81,1915.1281,212715482.30393,1,1761282000000
2025-10-24 05:00:00+00:00,111119.7,111279.5,110885.7,111205.8,191512.81,1915.1281,212715482.30393,1,1761282000000
2025-10-24 05:00:00+00:00,111119.7,111279.5,110885.7,111205.8,191512.81,1915.1281,212715482.30393,1,1761282000000
2025-10-24 05:00:00+00:00,111119.7,111279.5,110885.7,111205.8,191512.81,1915.1281,212715482.30393,1,1761282000000
2025-10-24 05:00:00+00:00,111119.7,111279.5,110885.7,111205.8,191512.81,1915.1281,212715482.30393,1,1761282000000
2025-10-24 05:00:00+00:00,111119.7,111279.5,110885.7,111205.8,191512.81,1915.1281,212715482.30393,1,1761282000000
2025-10-24 05:00:00+00:00,111119.7,111279.5,110885.7,111205.8,191512.81,1915.1281,212715482.30393,1,1761282000000
2025-10-24 05:00:00+00:00,111119.7,111279.5,110885.7,111205.8,191512.81,1915.1281,212715482.30393,1,1761282000000
2025-10-24 05:00:00+00:00,111119.7,111279.5,110885.7,111205.8,191512.81,1915.1281,212715482.30393,1,1761282000000
2025-10-24 05:00:00+00:00,111119.7,111279.5,110885.7,111205.8,191512.81,1915.1281,212715482.30393,1,1761282000000
2025-10-24 05:00:00+00:00,111119.7,111279.5,110885.7,111205.8,191512.81,1915.1281,212715482.30393,1,1761282000000
2025-10-24 05:00:00+00:00,111119.7,111279.5,110885.7,111205.8,191512.81,1915.1281,212715482.30393,1,1761282000000
2025-10-24 05:00:00+00:00,111119.7,111279.5,110885.7,111205.8,191512.81,1915.1281,212715482.30393,1,1761282000000
2025-10-24 05:00:00+00:00,111119.7,111279.5,110885.7,111205.8,191512.81,1915.1281,212715482.30393,1,1761282000000
2025-10-24 05:00:00+00:00,111119.7,111279.5,110885.7,111205.8,191512.81,1915.1281,212715482.30393,1,1761282000000
2025-10-24 05:00:00+00:00,111119.7,111279.5,110885.7,111205.8,191512.81,1915.1281,212715482.30393,1,1761282000000
2025-10-24 05:00:00+00:00,111119.7,111279.5,110885.7,111205.8,191512.81,1915.1281,212715482.30393,1,1761282000000
2025-10-24 05:00:00+00:00,111119.7,111279.5,110885.7,111205.8,191512.81,1915.1281,212715482.30393,1,1761282000000
2025-10-24 05:00:00+00:00,111119.7,111279.5,110885.7,111205.8,191512.81,1915.1281,212715482.30393,1,1761282000000
2025-10-24 05:00:00+00:00,111119.7,111279.5,110885.7,111205.8,191512.81,1915.1281,212715482.30393,1,1761282000000
2025-10-24 05:00:00+00:00,111119.7,111279.5,110885.7,111205.8,191512.81,1915.1281,212715482.30393,1,1761282000000
2025-10-24 05:00:00+00:00,111119.7,111279.5,110885.7,111205.8,191512.81,1915.1281,212715482.30393,1,1761282000000
2025-10-24 05:00:00+00:00,111119.7,111279.5,110885.7,111205.8,191512.81,1915.1281,212715482.30393,1,1761282000000
2025-10-24 05:00:00+00:00,111119.7,111279.5,110885.7,111205.8,191512.81,1915.1281,212715482.30393,1,1761282000000
2025-10-24 05:00:00+00:00,111119.7,111279.5,110885.7,111205.8,191512.81,1915.1281,212715482.30393,1,1761282000000
2025-10-24 05:00:00+00:00,111119.7,111279.5,110885.7,111205.8,191512.81,1915.1281,212715482.30393,1,1761282000000
2025-10-24 05:00:00+00:00,111119.7,111279.5,110885.7,111205.8,191512.81,1915.1281,212715482.30393,1,1761282000000
2025-10-24 05:00:00+00:00,111119.7,111279.5,110885.7,111205.8,191512.81,1915.1281,212715482.30393,1,1761282000000
2025-10-24 05:00:00+00:00,111119.7,111279.5,110885.7,111205.8,191512.81,1915.1281,212715482.30393,1,1761282000000
2025-10-24 05:00:00+00:00,111119.7,111279.5,110885.7,111205.8,191512.81,1915.1281,212715482.30393,1,1761282000000
2025-10-24 05:00:00+00:00,111119.7,111279.5,110885.7,111205.8,191512.81,1915.1281,212715482.30393,1,1761282000000
2025-10-24 05:00:00+00:00,111119.7,111279.5,110885.7,111205.8,191512.81,1915.1281,212715482.30393,1,1761282000000
2025-10-24 05:00:00+00:00,111119.7,111279.5,110885.7,111205.8,191512.81,1915.1281,212715482.30393,1,1761282000000
2025-10-24 05:00:00+00:00,111119.7,111279.5,110885.7,111205.8,191512.81,1915.1281,212715482.30393,1,1761282000000
2025-10-24 05:00:00+00:00,111119.7,111279.5,110885.7,111205.8,191512.81,1915.1281,212715482.30393,1,1761282000000
2025-10-24 05:00:00+00:00,111119.7,111279.5,110885.7,111205.8,191512.81,1915.1281,212715482.30393,1,1761282000000
2025-10-24 05:00:00+00:00,111119.7,111279.5,110885.7,111205.8,191512.81,1915.1281,212715482.30393,1,1761282000000
2025-10-24 05:00:00+00:00,111119.7,111279.5,110885.7,111205.8,191512.81,1915.1281,212715482.30393,1,1761282000000
2025-10-24 05:00:00+00:00,111119.7,111279.5,110885.7,111205.8,191512.81,1915.1281,212715482.30393,1,1761282000000
2025-10-24 05:00:00+00:00,111119.7,111279.5,110885.7,111205.8,191512.81,1915.1281,212715482.30393,1,1761282000000
2025-10-24 05:00:00+00:00,111119.7,111279.5,110885.7,111205.8,191512.81,1915.1281,212715482.30393,1,1761282000000
2025-10-24 05:00:00+00:00,111119.7,111279.5,110885.7,111205.8,191512.81,1915.1281,212715482.30393,1,1761282000000
2025-10-24 05:00:00+00:00,111119.7,111279.5,110885.7,111205.8,191512.81,1915.1281,212715482.30393,1,1761282000000
2025-10-24 05:00:00+00:00,111119.7,111279.5,110885.7,111205.8,191512.81,1915.1281,212715482.30393,1,1761282000000
2025-10-24 05:00:00+00:00,111119.7,111279.5,110885.7,111205.8,191512.81,1915.1281,212715482.30393,1,1761282000000
2025-10-24 05:00:00+00:00,111119.7,111279.5,110885.7,111205.8,191512.81,1915.1281,212715482.30393,1,1761282000000
2025-10-24 05:00:00+00:00,111119.7,111279.5,110885.7,111205.8,191512.81,1915.1281,212715482.30393,1,1761282000000
2025-10-24 05:00:00+00:00,111119.7,111279.5,110885.7,111205.8,191512.81,1915.1281,212715482.30393,1,1761282000000
2025-10-24 05:00:00+00:00,111119.7,111279.5,110885.7,111205.8,191512.81,1915.1281,212715482.30393,1,1761282000000
2025-10-24 05:00:00+00:00,111119.7,111279.5,110885.7,111205.8,191512.81,1915.1281,212715482.30393,1,1761282000000
2025-10-24 05:00:00+00:00,111119.7,111279.5,110885.7,111205.8,191512.81,1915.1281,212715482.30393,1,1761282000000
2025-10-24 05:00:00+00:00,111119.7,111279.5,110885.7,111205.8,191512.81,1915.1281,212715482.30393,1,1761282000000
2025-10-24 05:00:00+00:00,111119.7,111279.5,110885.7,111205.8,191512.81,1915.1281,212715482.30393,1,1761282000000
2025-10-24 05:00:00+00:00,111119.7,111279.5,110885.7,111205.8,191512.81,1915.1281,212715482.30393,1,1761282000000
2025-10-24 05:00:00+00:00,111119.7,111279.5,110885.7,111205.8,191512.81,1915.1281,212715482.30393,1,1761282000000
2025-10-24 05:00:00+00:00,111119.7,111279.5,110885.7,111205.8,191512.81,1915.1281,212715482.30393,1,1761282000000
2025-10-24 05:00:00+00:00,111119.7,111279.5,110885.7,111205.8,191512.81,1915.1281,212715482.30393,1,1761282000000
2025-10-24 05:00:00+00:00,111119.7,111279.5,110885.7,111205.8,191512.81,1915.1281,212715482.30393,1,1761282000000
2025-10-24 05:00:00+00:00,111119.7,111279.5,110885.7,111205.8,191512.81,1915.1281,212715482.30393,1,1761282000000
2025-10-24 05:00:00+00:00,111119.7,111279.5,110885.7,111205.8,191512.81,1915.1281,212715482.30393,1,1761282000000
2025-10-24 05:00:00+00:00,111119.7,111279.5,110885.7,111205.8,191512.81,1915.1281,212715482.30393,1,1761282000000
2025-10-24 05:00:00+00:00,111119.7,111279.5,110885.7,111205.8,191512.81,1915.1281,212715482.30393,1,1761282000000
2025-10-24 05:00:00+00:00,111119.7,111279.5,110885.7,111205.8,191512.81,1915.1281,212715482.30393,1,1761282000000
2025-10-24 05:00:00+00:00,111119.7,111279.5,110885.7,111205.8,191512.81,1915.1281,212715482.30393,1,1761282000000
2025-10-24 05:00:00+00:00,111119.7,111279.5,110885.7,111205.8,191512.81,1915.1281,212715482.30393,1,1761282000000
2025-10-24 05:00:00+00:00,111119.7,111279.5,110885.7,111205.8,191512.81,1915.1281,212715482.30393,1,1761282000000
2025-10-24 05:00:00+00:00,111119.7,111279.5,110885.7,111205.8,191512.81,1915.1281,212715482.30393,1,1761282000000
2025-10-24 06:00:00+00:00,111205.9,111454.6,111071.8,111409.9,136725.92,1367.2592,152151712.36446,1,1761285600000
2025-10-24 06:00:00+00:00,111205.9,111454.6,111071.8,111409.9,136725.92,1367.2592,152151712.36446,1,1761285600000
2025-10-24 06:00:00+00:00,111205.9,111454.6,111071.8,111409.9,136725.92,1367.2592,152151712.36446,1,1761285600000
2025-10-24 06:00:00+00:00,111205.9,111454.6,111071.8,111409.9,136725.92,1367.2592,152151712.36446,1,1761285600000
2025-10-24 06:00:00+00:00,111205.9,111454.6,111071.8,111409.9,136725.92,1367.2592,152151712.36446,1,1761285600000
2025-10-24 06:00:00+00:00,111205.9,111454.6,111071.8,111409.9,136725.92,1367.2592,152151712.36446,1,1761285600000
2025-10-24 06:00:00+00:00,111205.9,111454.6,111071.8,111409.9,136725.92,1367.2592,152151712.36446,1,1761285600000
2025-10-24 06:00:00+00:00,111205.9,111454.6,111071.8,111409.9,136725.92,1367.2592,152151712.36446,1,1761285600000
2025-10-24 06:00:00+00:00,111205.9,111454.6,111071.8,111409.9,136725.92,1367.2592,152151712.36446,1,1761285600000
2025-10-24 06:00:00+00:00,111205.9,111454.6,111071.8,111409.9,136725.92,1367.2592,152151712.36446,1,1761285600000
2025-10-24 06:00:00+00:00,111205.9,111454.6,111071.8,111409.9,136725.92,1367.2592,152151712.36446,1,1761285600000
2025-10-24 06:00:00+00:00,111205.9,111454.6,111071.8,111409.9,136725.92,1367.2592,152151712.36446,1,1761285600000
2025-10-24 06:00:00+00:00,111205.9,111454.6,111071.8,111409.9,136725.92,1367.2592,152151712.36446,1,1761285600000
2025-10-24 06:00:00+00:00,111205.9,111454.6,111071.8,111409.9,136725.92,1367.2592,152151712.36446,1,1761285600000
2025-10-24 06:00:00+00:00,111205.9,111454.6,111071.8,111409.9,136725.92,1367.2592,152151712.36446,1,1761285600000
2025-10-24 06:00:00+00:00,111205.9,111454.6,111071.8,111409.9,136725.92,1367.2592,152151712.36446,1,1761285600000
2025-10-24 06:00:00+00:00,111205.9,111454.6,111071.8,111409.9,136725.92,1367.2592,152151712.36446,1,1761285600000
2025-10-24 06:00:00+00:00,111205.9,111454.6,111071.8,111409.9,136725.92,1367.2592,152151712.36446,1,1761285600000
2025-10-24 06:00:00+00:00,111205.9,111454.6,111071.8,111409.9,136725.92,1367.2592,152151712.36446,1,1761285600000
2025-10-24 06:00:00+00:00,111205.9,111454.6,111071.8,111409.9,136725.92,1367.2592,152151712.36446,1,1761285600000
2025-10-24 06:00:00+00:00,111205.9,111454.6,111071.8,111409.9,136725.92,1367.2592,152151712.36446,1,1761285600000
2025-10-24 06:00:00+00:00,111205.9,111454.6,111071.8,111409.9,136725.92,1367.2592,152151712.36446,1,1761285600000
2025-10-24 06:00:00+00:00,111205.9,111454.6,111071.8,111409.9,136725.92,1367.2592,152151712.36446,1,1761285600000
2025-10-24 06:00:00+00:00,111205.9,111454.6,111071.8,111409.9,136725.92,1367.2592,152151712.36446,1,1761285600000
2025-10-24 06:00:00+00:00,111205.9,111454.6,111071.8,111409.9,136725.92,1367.2592,152151712.36446,1,1761285600000
2025-10-24 06:00:00+00:00,111205.9,111454.6,111071.8,111409.9,136725.92,1367.2592,152151712.36446,1,1761285600000
2025-10-24 06:00:00+00:00,111205.9,111454.6,111071.8,111409.9,136725.92,1367.2592,152151712.36446,1,1761285600000
2025-10-24 06:00:00+00:00,111205.9,111454.6,111071.8,111409.9,136725.92,1367.2592,152151712.36446,1,1761285600000
2025-10-24 06:00:00+00:00,111205.9,111454.6,111071.8,111409.9,136725.92,1367.2592,152151712.36446,1,1761285600000
2025-10-24 06:00:00+00:00,111205.9,111454.6,111071.8,111409.9,136725.92,1367.2592,152151712.36446,1,1761285600000
2025-10-24 06:00:00+00:00,111205.9,111454.6,111071.8,111409.9,136725.92,1367.2592,152151712.36446,1,1761285600000
2025-10-24 06:00:00+00:00,111205.9,111454.6,111071.8,111409.9,136725.92,1367.2592,152151712.36446,1,1761285600000
2025-10-24 06:00:00+00:00,111205.9,111454.6,111071.8,111409.9,136725.92,1367.2592,152151712.36446,1,1761285600000
2025-10-24 06:00:00+00:00,111205.9,111454.6,111071.8,111409.9,136725.92,1367.2592,152151712.36446,1,1761285600000
2025-10-24 06:00:00+00:00,111205.9,111454.6,111071.8,111409.9,136725.92,1367.2592,152151712.36446,1,1761285600000
2025-10-24 06:00:00+00:00,111205.9,111454.6,111071.8,111409.9,136725.92,1367.2592,152151712.36446,1,1761285600000
2025-10-24 06:00:00+00:00,111205.9,111454.6,111071.8,111409.9,136725.92,1367.2592,152151712.36446,1,1761285600000
2025-10-24 06:00:00+00:00,111205.9,111454.6,111071.8,111409.9,136725.92,1367.2592,152151712.36446,1,1761285600000
2025-10-24 06:00:00+00:00,111205.9,111454.6,111071.8,111409.9,136725.92,1367.2592,152151712.36446,1,1761285600000
2025-10-24 06:00:00+00:00,111205.9,111454.6,111071.8,111409.9,136725.92,1367.2592,152151712.36446,1,1761285600000
2025-10-24 06:00:00+00:00,111205.9,111454.6,111071.8,111409.9,136725.92,1367.2592,152151712.36446,1,1761285600000
2025-10-24 06:00:00+00:00,111205.9,111454.6,111071.8,111409.9,136725.92,1367.2592,152151712.36446,1,1761285600000
2025-10-24 06:00:00+00:00,111205.9,111454.6,111071.8,111409.9,136725.92,1367.2592,152151712.36446,1,1761285600000
2025-10-24 06:00:00+00:00,111205.9,111454.6,111071.8,111409.9,136725.92,1367.2592,152151712.36446,1,1761285600000
2025-10-24 06:00:00+00:00,111205.9,111454.6,111071.8,111409.9,136725.92,1367.2592,152151712.36446,1,1761285600000
2025-10-24 06:00:00+00:00,111205.9,111454.6,111071.8,111409.9,136725.92,1367.2592,152151712.36446,1,1761285600000
2025-10-24 06:00:00+00:00,111205.9,111454.6,111071.8,111409.9,136725.92,1367.2592,152151712.36446,1,1761285600000
2025-10-24 06:00:00+00:00,111205.9,111454.6,111071.8,111409.9,136725.92,1367.2592,152151712.36446,1,1761285600000
2025-10-24 06:00:00+00:00,111205.9,111454.6,111071.8,111409.9,136725.92,1367.2592,152151712.36446,1,1761285600000
2025-10-24 06:00:00+00:00,111205.9,111454.6,111071.8,111409.9,136725.92,1367.2592,152151712.36446,1,1761285600000
2025-10-24 06:00:00+00:00,111205.9,111454.6,111071.8,111409.9,136725.92,1367.2592,152151712.36446,1,1761285600000
2025-10-24 06:00:00+00:00,111205.9,111454.6,111071.8,111409.9,136725.92,1367.2592,152151712.36446,1,1761285600000
2025-10-24 06:00:00+00:00,111205.9,111454.6,111071.8,111409.9,136725.92,1367.2592,152151712.36446,1,1761285600000
2025-10-24 06:00:00+00:00,111205.9,111454.6,111071.8,111409.9,136725.92,1367.2592,152151712.36446,1,1761285600000
2025-10-24 06:00:00+00:00,111205.9,111454.6,111071.8,111409.9,136725.92,1367.2592,152151712.36446,1,1761285600000
2025-10-24 06:00:00+00:00,111205.9,111454.6,111071.8,111409.9,136725.92,1367.2592,152151712.36446,1,1761285600000
2025-10-24 06:00:00+00:00,111205.9,111454.6,111071.8,111409.9,136725.92,1367.2592,152151712.36446,1,1761285600000
2025-10-24 06:00:00+00:00,111205.9,111454.6,111071.8,111409.9,136725.92,1367.2592,152151712.36446,1,1761285600000
2025-10-24 06:00:00+00:00,111205.9,111454.6,111071.8,111409.9,136725.92,1367.2592,152151712.36446,1,1761285600000
2025-10-24 06:00:00+00:00,111205.9,111454.6,111071.8,111409.9,136725.92,1367.2592,152151712.36446,1,1761285600000
2025-10-24 06:00:00+00:00,111205.9,111454.6,111071.8,111409.9,136725.92,1367.2592,152151712.36446,1,1761285600000
2025-10-24 06:00:00+00:00,111205.9,111454.6,111071.8,111409.9,136725.92,1367.2592,152151712.36446,1,1761285600000
2025-10-24 06:00:00+00:00,111205.9,111454.6,111071.8,111409.9,136725.92,1367.2592,152151712.36446,1,1761285600000
2025-10-24 06:00:00+00:00,111205.9,111454.6,111071.8,111409.9,136725.92,1367.2592,152151712.36446,1,1761285600000
2025-10-24 06:00:00+00:00,111205.9,111454.6,111071.8,111409.9,136725.92,1367.2592,152151712.36446,1,1761285600000
2025-10-24 06:00:00+00:00,111205.9,111454.6,111071.8,111409.9,136725.92,1367.2592,152151712.36446,1,1761285600000
2025-10-24 06:00:00+00:00,111205.9,111454.6,111071.8,111409.9,136725.92,1367.2592,152151712.36446,1,1761285600000
2025-10-24 06:00:00+00:00,111205.9,111454.6,111071.8,111409.9,136725.92,1367.2592,152151712.36446,1,1761285600000
2025-10-24 06:00:00+00:00,111205.9,111454.6,111071.8,111409.9,136725.92,1367.2592,152151712.36446,1,1761285600000
2025-10-24 06:00:00+00:00,111205.9,111454.6,111071.8,111409.9,136725.92,1367.2592,152151712.36446,1,1761285600000
2025-10-24 06:00:00+00:00,111205.9,111454.6,111071.8,111409.9,136725.92,1367.2592,152151712.36446,1,1761285600000
2025-10-24 06:00:00+00:00,111205.9,111454.6,111071.8,111409.9,136725.92,1367.2592,152151712.36446,1,1761285600000
2025-10-24 06:00:00+00:00,111205.9,111454.6,111071.8,111409.9,136725.92,1367.2592,152151712.36446,1,1761285600000
2025-10-24 06:00:00+00:00,111205.9,111454.6,111071.8,111409.9,136725.92,1367.2592,152151712.36446,1,1761285600000
2025-10-24 06:00:00+00:00,111205.9,111454.6,111071.8,111409.9,136725.92,1367.2592,152151712.36446,1,1761285600000
2025-10-24 06:00:00+00:00,111205.9,111454.6,111071.8,111409.9,136725.92,1367.2592,152151712.36446,1,1761285600000
2025-10-24 06:00:00+00:00,111205.9,111454.6,111071.8,111409.9,136725.92,1367.2592,152151712.36446,1,1761285600000
2025-10-24 06:00:00+00:00,111205.9,111454.6,111071.8,111409.9,136725.92,1367.2592,152151712.36446,1,1761285600000
2025-10-24 06:00:00+00:00,111205.9,111454.6,111071.8,111409.9,136725.92,1367.2592,152151712.36446,1,1761285600000
2025-10-24 06:00:00+00:00,111205.9,111454.6,111071.8,111409.9,136725.92,1367.2592,152151712.36446,1,1761285600000
2025-10-24 06:00:00+00:00,111205.9,111454.6,111071.8,111409.9,136725.92,1367.2592,152151712.36446,1,1761285600000
2025-10-24 06:00:00+00:00,111205.9,111454.6,111071.8,111409.9,136725.92,1367.2592,152151712.36446,1,1761285600000
2025-10-24 06:00:00+00:00,111205.9,111454.6,111071.8,111409.9,136725.92,1367.2592,152151712.36446,1,1761285600000
2025-10-24 06:00:00+00:00,111205.9,111454.6,111071.8,111409.9,136725.92,1367.2592,152151712.36446,1,1761285600000
2025-10-24 06:00:00+00:00,111205.9,111454.6,111071.8,111409.9,136725.92,1367.2592,152151712.36446,1,1761285600000
2025-10-24 06:00:00+00:00,111205.9,111454.6,111071.8,111409.9,136725.92,1367.2592,152151712.36446,1,1761285600000
2025-10-24 06:00:00+00:00,111205.9,111454.6,111071.8,111409.9,136725.92,1367.2592,152151712.36446,1,1761285600000
2025-10-24 06:00:00+00:00,111205.9,111454.6,111071.8,111409.9,136725.92,1367.2592,152151712.36446,1,1761285600000
2025-10-24 06:00:00+00:00,111205.9,111454.6,111071.8,111409.9,136725.92,1367.2592,152151712.36446,1,1761285600000
2025-10-24 06:00:00+00:00,111205.9,111454.6,111071.8,111409.9,136725.92,1367.2592,152151712.36446,1,1761285600000
2025-10-24 06:00:00+00:00,111205.9,111454.6,111071.8,111409.9,136725.92,1367.2592,152151712.36446,1,1761285600000
2025-10-24 07:00:00+00:00,111410,111495,110710.1,111006,287699.19,2876.9919,319459053.18623,1,1761289200000
2025-10-24 07:00:00+00:00,111410,111495,110710.1,111006,287699.19,2876.9919,319459053.18623,1,1761289200000
2025-10-24 07:00:00+00:00,111410,111495,110710.1,111006,287699.19,2876.9919,319459053.18623,1,1761289200000
2025-10-24 07:00:00+00:00,111410,111495,110710.1,111006,287699.19,2876.9919,319459053.18623,1,1761289200000
2025-10-24 07:00:00+00:00,111410,111495,110710.1,111006,287699.19,2876.9919,319459053.18623,1,1761289200000
2025-10-24 07:00:00+00:00,111410,111495,110710.1,111006,287699.19,2876.9919,319459053.18623,1,1761289200000
2025-10-24 07:00:00+00:00,111410,111495,110710.1,111006,287699.19,2876.9919,319459053.18623,1,1761289200000
2025-10-24 07:00:00+00:00,111410,111495,110710.1,111006,287699.19,2876.9919,319459053.18623,1,1761289200000
2025-10-24 07:00:00+00:00,111410,111495,110710.1,111006,287699.19,2876.9919,319459053.18623,1,1761289200000
2025-10-24 07:00:00+00:00,111410,111495,110710.1,111006,287699.19,2876.9919,319459053.18623,1,1761289200000
2025-10-24 07:00:00+00:00,111410,111495,110710.1,111006,287699.19,2876.9919,319459053.18623,1,1761289200000
2025-10-24 07:00:00+00:00,111410,111495,110710.1,111006,287699.19,2876.9919,319459053.18623,1,1761289200000
2025-10-24 07:00:00+00:00,111410,111495,110710.1,111006,287699.19,2876.9919,319459053.18623,1,1761289200000
2025-10-24 07:00:00+00:00,111410,111495,110710.1,111006,287699.19,2876.9919,319459053.18623,1,1761289200000
2025-10-24 07:00:00+00:00,111410,111495,110710.1,111006,287699.19,2876.9919,319459053.18623,1,1761289200000
2025-10-24 07:00:00+00:00,111410,111495,110710.1,111006,287699.19,2876.9919,319459053.18623,1,1761289200000
2025-10-24 07:00:00+00:00,111410,111495,110710.1,111006,287699.19,2876.9919,319459053.18623,1,1761289200000
2025-10-24 07:00:00+00:00,111410,111495,110710.1,111006,287699.19,2876.9919,319459053.18623,1,1761289200000
2025-10-24 07:00:00+00:00,111410,111495,110710.1,111006,287699.19,2876.9919,319459053.18623,1,1761289200000
2025-10-24 07:00:00+00:00,111410,111495,110710.1,111006,287699.19,2876.9919,319459053.18623,1,1761289200000
2025-10-24 07:00:00+00:00,111410,111495,110710.1,111006,287699.19,2876.9919,319459053.18623,1,1761289200000
2025-10-24 07:00:00+00:00,111410,111495,110710.1,111006,287699.19,2876.9919,319459053.18623,1,1761289200000
2025-10-24 07:00:00+00:00,111410,111495,110710.1,111006,287699.19,2876.9919,319459053.18623,1,1761289200000
2025-10-24 07:00:00+00:00,111410,111495,110710.1,111006,287699.19,2876.9919,319459053.18623,1,1761289200000
2025-10-24 07:00:00+00:00,111410,111495,110710.1,111006,287699.19,2876.9919,319459053.18623,1,1761289200000
2025-10-24 07:00:00+00:00,111410,111495,110710.1,111006,287699.19,2876.9919,319459053.18623,1,1761289200000
2025-10-24 07:00:00+00:00,111410,111495,110710.1,111006,287699.19,2876.9919,319459053.18623,1,1761289200000
2025-10-24 07:00:00+00:00,111410,111495,110710.1,111006,287699.19,2876.9919,319459053.18623,1,1761289200000
2025-10-24 07:00:00+00:00,111410,111495,110710.1,111006,287699.19,2876.9919,319459053.18623,1,1761289200000
2025-10-24 07:00:00+00:00,111410,111495,110710.1,111006,287699.19,2876.9919,319459053.18623,1,1761289200000
2025-10-24 07:00:00+00:00,111410,111495,110710.1,111006,287699.19,2876.9919,319459053.18623,1,1761289200000
2025-10-24 07:00:00+00:00,111410,111495,110710.1,111006,287699.19,2876.9919,319459053.18623,1,1761289200000
2025-10-24 07:00:00+00:00,111410,111495,110710.1,111006,287699.19,2876.9919,319459053.18623,1,1761289200000
2025-10-24 07:00:00+00:00,111410,111495,110710.1,111006,287699.19,2876.9919,319459053.18623,1,1761289200000
2025-10-24 07:00:00+00:00,111410,111495,110710.1,111006,287699.19,2876.9919,319459053.18623,1,1761289200000
2025-10-24 07:00:00+00:00,111410,111495,110710.1,111006,287699.19,2876.9919,319459053.18623,1,1761289200000
2025-10-24 07:00:00+00:00,111410,111495,110710.1,111006,287699.19,2876.9919,319459053.18623,1,1761289200000
2025-10-24 07:00:00+00:00,111410,111495,110710.1,111006,287699.19,2876.9919,319459053.18623,1,1761289200000
2025-10-24 07:00:00+00:00,111410,111495,110710.1,111006,287699.19,2876.9919,319459053.18623,1,1761289200000
2025-10-24 07:00:00+00:00,111410,111495,110710.1,111006,287699.19,2876.9919,319459053.18623,1,1761289200000
2025-10-24 07:00:00+00:00,111410,111495,110710.1,111006,287699.19,2876.9919,319459053.18623,1,1761289200000
2025-10-24 07:00:00+00:00,111410,111495,110710.1,111006,287699.19,2876.9919,319459053.18623,1,1761289200000
2025-10-24 07:00:00+00:00,111410,111495,110710.1,111006,287699.19,2876.9919,319459053.18623,1,1761289200000
2025-10-24 07:00:00+00:00,111410,111495,110710.1,111006,287699.19,2876.9919,319459053.18623,1,1761289200000
2025-10-24 07:00:00+00:00,111410,111495,110710.1,111006,287699.19,2876.9919,319459053.18623,1,1761289200000
2025-10-24 07:00:00+00:00,111410,111495,110710.1,111006,287699.19,2876.9919,319459053.18623,1,1761289200000
2025-10-24 07:00:00+00:00,111410,111495,110710.1,111006,287699.19,2876.9919,319459053.18623,1,1761289200000
2025-10-24 07:00:00+00:00,111410,111495,110710.1,111006,287699.19,2876.9919,319459053.18623,1,1761289200000
2025-10-24 07:00:00+00:00,111410,111495,110710.1,111006,287699.19,2876.9919,319459053.18623,1,1761289200000
2025-10-24 07:00:00+00:00,111410,111495,110710.1,111006,287699.19,2876.9919,319459053.18623,1,1761289200000
2025-10-24 07:00:00+00:00,111410,111495,110710.1,111006,287699.19,2876.9919,319459053.18623,1,1761289200000
2025-10-24 07:00:00+00:00,111410,111495,110710.1,111006,287699.19,2876.9919,319459053.18623,1,1761289200000
2025-10-24 07:00:00+00:00,111410,111495,110710.1,111006,287699.19,2876.9919,319459053.18623,1,1761289200000
2025-10-24 07:00:00+00:00,111410,111495,110710.1,111006,287699.19,2876.9919,319459053.18623,1,1761289200000
2025-10-24 07:00:00+00:00,111410,111495,110710.1,111006,287699.19,2876.9919,319459053.18623,1,1761289200000
2025-10-24 07:00:00+00:00,111410,111495,110710.1,111006,287699.19,2876.9919,319459053.18623,1,1761289200000
2025-10-24 07:00:00+00:00,111410,111495,110710.1,111006,287699.19,2876.9919,319459053.18623,1,1761289200000
2025-10-24 07:00:00+00:00,111410,111495,110710.1,111006,287699.19,2876.9919,319459053.18623,1,1761289200000
2025-10-24 07:00:00+00:00,111410,111495,110710.1,111006,287699.19,2876.9919,319459053.18623,1,1761289200000
2025-10-24 07:00:00+00:00,111410,111495,110710.1,111006,287699.19,2876.9919,319459053.18623,1,1761289200000
2025-10-24 07:00:00+00:00,111410,111495,110710.1,111006,287699.19,2876.9919,319459053.18623,1,1761289200000
2025-10-24 07:00:00+00:00,111410,111495,110710.1,111006,287699.19,2876.9919,319459053.18623,1,1761289200000
2025-10-24 07:00:00+00:00,111410,111495,110710.1,111006,287699.19,2876.9919,319459053.18623,1,1761289200000
2025-10-24 07:00:00+00:00,111410,111495,110710.1,111006,287699.19,2876.9919,319459053.18623,1,1761289200000
2025-10-24 07:00:00+00:00,111410,111495,110710.1,111006,287699.19,2876.9919,319459053.18623,1,1761289200000
2025-10-24 07:00:00+00:00,111410,111495,110710.1,111006,287699.19,2876.9919,319459053.18623,1,1761289200000
2025-10-24 07:00:00+00:00,111410,111495,110710.1,111006,287699.19,2876.9919,319459053.18623,1,1761289200000
2025-10-24 07:00:00+00:00,111410,111495,110710.1,111006,287699.19,2876.9919,319459053.18623,1,1761289200000
2025-10-24 07:00:00+00:00,111410,111495,110710.1,111006,287699.19,2876.9919,319459053.18623,1,1761289200000
2025-10-24 07:00:00+00:00,111410,111495,110710.1,111006,287699.19,2876.9919,319459053.18623,1,1761289200000
2025-10-24 07:00:00+00:00,111410,111495,110710.1,111006,287699.19,2876.9919,319459053.18623,1,1761289200000
2025-10-24 07:00:00+00:00,111410,111495,110710.1,111006,287699.19,2876.9919,319459053.18623,1,1761289200000
2025-10-24 07:00:00+00:00,111410,111495,110710.1,111006,287699.19,2876.9919,319459053.18623,1,1761289200000
2025-10-24 07:00:00+00:00,111410,111495,110710.1,111006,287699.19,2876.9919,319459053.18623,1,1761289200000
2025-10-24 07:00:00+00:00,111410,111495,110710.1,111006,287699.19,2876.9919,319459053.18623,1,1761289200000
2025-10-24 07:00:00+00:00,111410,111495,110710.1,111006,287699.19,2876.9919,319459053.18623,1,1761289200000
2025-10-24 07:00:00+00:00,111410,111495,110710.1,111006,287699.19,2876.9919,319459053.18623,1,1761289200000
2025-10-24 07:00:00+00:00,111410,111495,110710.1,111006,287699.19,2876.9919,319459053.18623,1,1761289200000
2025-10-24 07:00:00+00:00,111410,111495,110710.1,111006,287699.19,2876.9919,319459053.18623,1,1761289200000
2025-10-24 07:00:00+00:00,111410,111495,110710.1,111006,287699.19,2876.9919,319459053.18623,1,1761289200000
2025-10-24 07:00:00+00:00,111410,111495,110710.1,111006,287699.19,2876.9919,319459053.18623,1,1761289200000
2025-10-24 07:00:00+00:00,111410,111495,110710.1,111006,287699.19,2876.9919,319459053.18623,1,1761289200000
2025-10-24 07:00:00+00:00,111410,111495,110710.1,111006,287699.19,2876.9919,319459053.18623,1,1761289200000
2025-10-24 07:00:00+00:00,111410,111495,110710.1,111006,287699.19,2876.9919,319459053.18623,1,1761289200000
2025-10-24 07:00:00+00:00,111410,111495,110710.1,111006,287699.19,2876.9919,319459053.18623,1,1761289200000
2025-10-24 07:00:00+00:00,111410,111495,110710.1,111006,287699.19,2876.9919,319459053.18623,1,1761289200000
2025-10-24 07:00:00+00:00,111410,111495,110710.1,111006,287699.19,2876.9919,319459053.18623,1,1761289200000
2025-10-24 07:00:00+00:00,111410,111495,110710.1,111006,287699.19,2876.9919,319459053.18623,1,1761289200000
2025-10-24 07:00:00+00:00,111410,111495,110710.1,111006,287699.19,2876.9919,319459053.18623,1,1761289200000
2025-10-24 07:00:00+00:00,111410,111495,110710.1,111006,287699.19,2876.9919,319459053.18623,1,1761289200000
2025-10-24 07:00:00+00:00,111410,111495,110710.1,111006,287699.19,2876.9919,319459053.18623,1,1761289200000
2025-10-24 07:00:00+00:00,111410,111495,110710.1,111006,287699.19,2876.9919,319459053.18623,1,1761289200000
2025-10-24 08:00:00+00:00,111006,111203,110650,111062,276968.7,2769.687,307304591.00203,1,1761292800000
2025-10-24 08:00:00+00:00,111006,111203,110650,111062,276968.7,2769.687,307304591.00203,1,1761292800000
2025-10-24 08:00:00+00:00,111006,111203,110650,111062,276968.7,2769.687,307304591.00203,1,1761292800000
2025-10-24 08:00:00+00:00,111006,111203,110650,111062,276968.7,2769.687,307304591.00203,1,1761292800000
2025-10-24 08:00:00+00:00,111006,111203,110650,111062,276968.7,2769.687,307304591.00203,1,1761292800000
2025-10-24 08:00:00+00:00,111006,111203,110650,111062,276968.7,2769.687,307304591.00203,1,1761292800000
2025-10-24 08:00:00+00:00,111006,111203,110650,111062,276968.7,2769.687,307304591.00203,1,1761292800000
2025-10-24 08:00:00+00:00,111006,111203,110650,111062,276968.7,2769.687,307304591.00203,1,1761292800000
2025-10-24 08:00:00+00:00,111006,111203,110650,111062,276968.7,2769.687,307304591.00203,1,1761292800000
2025-10-24 08:00:00+00:00,111006,111203,110650,111062,276968.7,2769.687,307304591.00203,1,1761292800000
2025-10-24 08:00:00+00:00,111006,111203,110650,111062,276968.7,2769.687,307304591.00203,1,1761292800000
2025-10-24 08:00:00+00:00,111006,111203,110650,111062,276968.7,2769.687,307304591.00203,1,1761292800000
2025-10-24 08:00:00+00:00,111006,111203,110650,111062,276968.7,2769.687,307304591.00203,1,1761292800000
2025-10-24 08:00:00+00:00,111006,111203,110650,111062,276968.7,2769.687,307304591.00203,1,1761292800000
2025-10-24 08:00:00+00:00,111006,111203,110650,111062,276968.7,2769.687,307304591.00203,1,1761292800000
2025-10-24 08:00:00+00:00,111006,111203,110650,111062,276968.7,2769.687,307304591.00203,1,1761292800000
2025-10-24 08:00:00+00:00,111006,111203,110650,111062,276968.7,2769.687,307304591.00203,1,1761292800000
2025-10-24 08:00:00+00:00,111006,111203,110650,111062,276968.7,2769.687,307304591.00203,1,1761292800000
2025-10-24 08:00:00+00:00,111006,111203,110650,111062,276968.7,2769.687,307304591.00203,1,1761292800000
2025-10-24 08:00:00+00:00,111006,111203,110650,111062,276968.7,2769.687,307304591.00203,1,1761292800000
2025-10-24 08:00:00+00:00,111006,111203,110650,111062,276968.7,2769.687,307304591.00203,1,1761292800000
2025-10-24 08:00:00+00:00,111006,111203,110650,111062,276968.7,2769.687,307304591.00203,1,1761292800000
2025-10-24 08:00:00+00:00,111006,111203,110650,111062,276968.7,2769.687,307304591.00203,1,1761292800000
2025-10-24 08:00:00+00:00,111006,111203,110650,111062,276968.7,2769.687,307304591.00203,1,1761292800000
2025-10-24 08:00:00+00:00,111006,111203,110650,111062,276968.7,2769.687,307304591.00203,1,1761292800000
2025-10-24 08:00:00+00:00,111006,111203,110650,111062,276968.7,2769.687,307304591.00203,1,1761292800000
2025-10-24 08:00:00+00:00,111006,111203,110650,111062,276968.7,2769.687,307304591.00203,1,1761292800000
2025-10-24 08:00:00+00:00,111006,111203,110650,111062,276968.7,2769.687,307304591.00203,1,1761292800000
2025-10-24 08:00:00+00:00,111006,111203,110650,111062,276968.7,2769.687,307304591.00203,1,1761292800000
2025-10-24 08:00:00+00:00,111006,111203,110650,111062,276968.7,2769.687,307304591.00203,1,1761292800000
2025-10-24 08:00:00+00:00,111006,111203,110650,111062,276968.7,2769.687,307304591.00203,1,1761292800000
2025-10-24 08:00:00+00:00,111006,111203,110650,111062,276968.7,2769.687,307304591.00203,1,1761292800000
2025-10-24 08:00:00+00:00,111006,111203,110650,111062,276968.7,2769.687,307304591.00203,1,1761292800000
2025-10-24 08:00:00+00:00,111006,111203,110650,111062,276968.7,2769.687,307304591.00203,1,1761292800000
2025-10-24 08:00:00+00:00,111006,111203,110650,111062,276968.7,2769.687,307304591.00203,1,1761292800000
2025-10-24 08:00:00+00:00,111006,111203,110650,111062,276968.7,2769.687,307304591.00203,1,1761292800000
2025-10-24 08:00:00+00:00,111006,111203,110650,111062,276968.7,2769.687,307304591.00203,1,1761292800000
2025-10-24 08:00:00+00:00,111006,111203,110650,111062,276968.7,2769.687,307304591.00203,1,1761292800000
2025-10-24 08:00:00+00:00,111006,111203,110650,111062,276968.7,2769.687,307304591.00203,1,1761292800000
2025-10-24 08:00:00+00:00,111006,111203,110650,111062,276968.7,2769.687,307304591.00203,1,1761292800000
2025-10-24 08:00:00+00:00,111006,111203,110650,111062,276968.7,2769.687,307304591.00203,1,1761292800000
2025-10-24 08:00:00+00:00,111006,111203,110650,111062,276968.7,2769.687,307304591.00203,1,1761292800000
2025-10-24 08:00:00+00:00,111006,111203,110650,111062,276968.7,2769.687,307304591.00203,1,1761292800000
2025-10-24 08:00:00+00:00,111006,111203,110650,111062,276968.7,2769.687,307304591.00203,1,1761292800000
2025-10-24 08:00:00+00:00,111006,111203,110650,111062,276968.7,2769.687,307304591.00203,1,1761292800000
2025-10-24 08:00:00+00:00,111006,111203,110650,111062,276968.7,2769.687,307304591.00203,1,1761292800000
2025-10-24 08:00:00+00:00,111006,111203,110650,111062,276968.7,2769.687,307304591.00203,1,1761292800000
2025-10-24 08:00:00+00:00,111006,111203,110650,111062,276968.7,2769.687,307304591.00203,1,1761292800000
2025-10-24 08:00:00+00:00,111006,111203,110650,111062,276968.7,2769.687,307304591.00203,1,1761292800000
2025-10-24 08:00:00+00:00,111006,111203,110650,111062,276968.7,2769.687,307304591.00203,1,1761292800000
2025-10-24 08:00:00+00:00,111006,111203,110650,111062,276968.7,2769.687,307304591.00203,1,1761292800000
2025-10-24 08:00:00+00:00,111006,111203,110650,111062,276968.7,2769.687,307304591.00203,1,1761292800000
2025-10-24 08:00:00+00:00,111006,111203,110650,111062,276968.7,2769.687,307304591.00203,1,1761292800000
2025-10-24 08:00:00+00:00,111006,111203,110650,111062,276968.7,2769.687,307304591.00203,1,1761292800000
2025-10-24 08:00:00+00:00,111006,111203,110650,111062,276968.7,2769.687,307304591.00203,1,1761292800000
2025-10-24 08:00:00+00:00,111006,111203,110650,111062,276968.7,2769.687,307304591.00203,1,1761292800000
2025-10-24 08:00:00+00:00,111006,111203,110650,111062,276968.7,2769.687,307304591.00203,1,1761292800000
2025-10-24 08:00:00+00:00,111006,111203,110650,111062,276968.7,2769.687,307304591.00203,1,1761292800000
2025-10-24 08:00:00+00:00,111006,111203,110650,111062,276968.7,2769.687,307304591.00203,1,1761292800000
2025-10-24 08:00:00+00:00,111006,111203,110650,111062,276968.7,2769.687,307304591.00203,1,1761292800000
2025-10-24 08:00:00+00:00,111006,111203,110650,111062,276968.7,2769.687,307304591.00203,1,1761292800000
2025-10-24 08:00:00+00:00,111006,111203,110650,111062,276968.7,2769.687,307304591.00203,1,1761292800000
2025-10-24 08:00:00+00:00,111006,111203,110650,111062,276968.7,2769.687,307304591.00203,1,1761292800000
2025-10-24 08:00:00+00:00,111006,111203,110650,111062,276968.7,2769.687,307304591.00203,1,1761292800000
2025-10-24 08:00:00+00:00,111006,111203,110650,111062,276968.7,2769.687,307304591.00203,1,1761292800000
2025-10-24 08:00:00+00:00,111006,111203,110650,111062,276968.7,2769.687,307304591.00203,1,1761292800000
2025-10-24 08:00:00+00:00,111006,111203,110650,111062,276968.7,2769.687,307304591.00203,1,1761292800000
2025-10-24 08:00:00+00:00,111006,111203,110650,111062,276968.7,2769.687,307304591.00203,1,1761292800000
2025-10-24 08:00:00+00:00,111006,111203,110650,111062,276968.7,2769.687,307304591.00203,1,1761292800000
2025-10-24 08:00:00+00:00,111006,111203,110650,111062,276968.7,2769.687,307304591.00203,1,1761292800000
2025-10-24 08:00:00+00:00,111006,111203,110650,111062,276968.7,2769.687,307304591.00203,1,1761292800000
2025-10-24 08:00:00+00:00,111006,111203,110650,111062,276968.7,2769.687,307304591.00203,1,1761292800000
2025-10-24 08:00:00+00:00,111006,111203,110650,111062,276968.7,2769.687,307304591.00203,1,1761292800000
2025-10-24 08:00:00+00:00,111006,111203,110650,111062,276968.7,2769.687,307304591.00203,1,1761292800000
2025-10-24 08:00:00+00:00,111006,111203,110650,111062,276968.7,2769.687,307304591.00203,1,1761292800000
2025-10-24 08:00:00+00:00,111006,111203,110650,111062,276968.7,2769.687,307304591.00203,1,1761292800000
2025-10-24 08:00:00+00:00,111006,111203,110650,111062,276968.7,2769.687,307304591.00203,1,1761292800000
2025-10-24 08:00:00+00:00,111006,111203,110650,111062,276968.7,2769.687,307304591.00203,1,1761292800000
2025-10-24 08:00:00+00:00,111006,111203,110650,111062,276968.7,2769.687,307304591.00203,1,1761292800000
2025-10-24 08:00:00+00:00,111006,111203,110650,111062,276968.7,2769.687,307304591.00203,1,1761292800000
2025-10-24 08:00:00+00:00,111006,111203,110650,111062,276968.7,2769.687,307304591.00203,1,1761292800000
2025-10-24 08:00:00+00:00,111006,111203,110650,111062,276968.7,2769.687,307304591.00203,1,1761292800000
2025-10-24 08:00:00+00:00,111006,111203,110650,111062,276968.7,2769.687,307304591.00203,1,1761292800000
2025-10-24 08:00:00+00:00,111006,111203,110650,111062,276968.7,2769.687,307304591.00203,1,1761292800000
2025-10-24 08:00:00+00:00,111006,111203,110650,111062,276968.7,2769.687,307304591.00203,1,1761292800000
2025-10-24 08:00:00+00:00,111006,111203,110650,111062,276968.7,2769.687,307304591.00203,1,1761292800000
2025-10-24 08:00:00+00:00,111006,111203,110650,111062,276968.7,2769.687,307304591.00203,1,1761292800000
2025-10-24 08:00:00+00:00,111006,111203,110650,111062,276968.7,2769.687,307304591.00203,1,1761292800000
2025-10-24 08:00:00+00:00,111006,111203,110650,111062,276968.7,2769.687,307304591.00203,1,1761292800000
2025-10-24 08:00:00+00:00,111006,111203,110650,111062,276968.7,2769.687,307304591.00203,1,1761292800000
2025-10-24 08:00:00+00:00,111006,111203,110650,111062,276968.7,2769.687,307304591.00203,1,1761292800000
2025-10-24 08:00:00+00:00,111006,111203,110650,111062,276968.7,2769.687,307304591.00203,1,1761292800000
2025-10-24 08:00:00+00:00,111006,111203,110650,111062,276968.7,2769.687,307304591.00203,1,1761292800000
2025-10-24 09:00:00+00:00,111062,111475.4,110952.2,111288.8,216429.29,2164.2929,240840947.97216,1,1761296400000
2025-10-24 09:00:00+00:00,111062,111475.4,110952.2,111288.8,216429.29,2164.2929,240840947.97216,1,1761296400000
2025-10-24 09:00:00+00:00,111062,111475.4,110952.2,111288.8,216429.29,2164.2929,240840947.97216,1,1761296400000
2025-10-24 09:00:00+00:00,111062,111475.4,110952.2,111288.8,216429.29,2164.2929,240840947.97216,1,1761296400000
2025-10-24 09:00:00+00:00,111062,111475.4,110952.2,111288.8,216429.29,2164.2929,240840947.97216,1,1761296400000
2025-10-24 09:00:00+00:00,111062,111475.4,110952.2,111288.8,216429.29,2164.2929,240840947.97216,1,1761296400000
2025-10-24 09:00:00+00:00,111062,111475.4,110952.2,111288.8,216429.29,2164.2929,240840947.97216,1,1761296400000
2025-10-24 09:00:00+00:00,111062,111475.4,110952.2,111288.8,216429.29,2164.2929,240840947.97216,1,1761296400000
2025-10-24 09:00:00+00:00,111062,111475.4,110952.2,111288.8,216429.29,2164.2929,240840947.97216,1,1761296400000
2025-10-24 09:00:00+00:00,111062,111475.4,110952.2,111288.8,216429.29,2164.2929,240840947.97216,1,1761296400000
2025-10-24 09:00:00+00:00,111062,111475.4,110952.2,111288.8,216429.29,2164.2929,240840947.97216,1,1761296400000
2025-10-24 09:00:00+00:00,111062,111475.4,110952.2,111288.8,216429.29,2164.2929,240840947.97216,1,1761296400000
2025-10-24 09:00:00+00:00,111062,111475.4,110952.2,111288.8,216429.29,2164.2929,240840947.97216,1,1761296400000
2025-10-24 09:00:00+00:00,111062,111475.4,110952.2,111288.8,216429.29,2164.2929,240840947.97216,1,1761296400000
2025-10-24 09:00:00+00:00,111062,111475.4,110952.2,111288.8,216429.29,2164.2929,240840947.97216,1,1761296400000
2025-10-24 09:00:00+00:00,111062,111475.4,110952.2,111288.8,216429.29,2164.2929,240840947.97216,1,1761296400000
2025-10-24 09:00:00+00:00,111062,111475.4,110952.2,111288.8,216429.29,2164.2929,240840947.97216,1,1761296400000
2025-10-24 09:00:00+00:00,111062,111475.4,110952.2,111288.8,216429.29,2164.2929,240840947.97216,1,1761296400000
2025-10-24 09:00:00+00:00,111062,111475.4,110952.2,111288.8,216429.29,2164.2929,240840947.97216,1,1761296400000
2025-10-24 09:00:00+00:00,111062,111475.4,110952.2,111288.8,216429.29,2164.2929,240840947.97216,1,1761296400000
2025-10-24 09:00:00+00:00,111062,111475.4,110952.2,111288.8,216429.29,2164.2929,240840947.97216,1,1761296400000
2025-10-24 09:00:00+00:00,111062,111475.4,110952.2,111288.8,216429.29,2164.2929,240840947.97216,1,1761296400000
2025-10-24 09:00:00+00:00,111062,111475.4,110952.2,111288.8,216429.29,2164.2929,240840947.97216,1,1761296400000
2025-10-24 09:00:00+00:00,111062,111475.4,110952.2,111288.8,216429.29,2164.2929,240840947.97216,1,1761296400000
2025-10-24 09:00:00+00:00,111062,111475.4,110952.2,111288.8,216429.29,2164.2929,240840947.97216,1,1761296400000
2025-10-24 09:00:00+00:00,111062,111475.4,110952.2,111288.8,216429.29,2164.2929,240840947.97216,1,1761296400000
2025-10-24 09:00:00+00:00,111062,111475.4,110952.2,111288.8,216429.29,2164.2929,240840947.97216,1,1761296400000
2025-10-24 09:00:00+00:00,111062,111475.4,110952.2,111288.8,216429.29,2164.2929,240840947.97216,1,1761296400000
2025-10-24 09:00:00+00:00,111062,111475.4,110952.2,111288.8,216429.29,2164.2929,240840947.97216,1,1761296400000
2025-10-24 09:00:00+00:00,111062,111475.4,110952.2,111288.8,216429.29,2164.2929,240840947.97216,1,1761296400000
2025-10-24 09:00:00+00:00,111062,111475.4,110952.2,111288.8,216429.29,2164.2929,240840947.97216,1,1761296400000
2025-10-24 09:00:00+00:00,111062,111475.4,110952.2,111288.8,216429.29,2164.2929,240840947.97216,1,1761296400000
2025-10-24 09:00:00+00:00,111062,111475.4,110952.2,111288.8,216429.29,2164.2929,240840947.97216,1,1761296400000
2025-10-24 09:00:00+00:00,111062,111475.4,110952.2,111288.8,216429.29,2164.2929,240840947.97216,1,1761296400000
2025-10-24 09:00:00+00:00,111062,111475.4,110952.2,111288.8,216429.29,2164.2929,240840947.97216,1,1761296400000
2025-10-24 09:00:00+00:00,111062,111475.4,110952.2,111288.8,216429.29,2164.2929,240840947.97216,1,1761296400000
2025-10-24 09:00:00+00:00,111062,111475.4,110952.2,111288.8,216429.29,2164.2929,240840947.97216,1,1761296400000
2025-10-24 09:00:00+00:00,111062,111475.4,110952.2,111288.8,216429.29,2164.2929,240840947.97216,1,1761296400000
2025-10-24 09:00:00+00:00,111062,111475.4,110952.2,111288.8,216429.29,2164.2929,240840947.97216,1,1761296400000
2025-10-24 09:00:00+00:00,111062,111475.4,110952.2,111288.8,216429.29,2164.2929,240840947.97216,1,1761296400000
2025-10-24 09:00:00+00:00,111062,111475.4,110952.2,111288.8,216429.29,2164.2929,240840947.97216,1,1761296400000
2025-10-24 09:00:00+00:00,111062,111475.4,110952.2,111288.8,216429.29,2164.2929,240840947.97216,1,1761296400000
2025-10-24 09:00:00+00:00,111062,111475.4,110952.2,111288.8,216429.29,2164.2929,240840947.97216,1,1761296400000
2025-10-24 09:00:00+00:00,111062,111475.4,110952.2,111288.8,216429.29,2164.2929,240840947.97216,1,1761296400000
2025-10-24 09:00:00+00:00,111062,111475.4,110952.2,111288.8,216429.29,2164.2929,240840947.97216,1,1761296400000
2025-10-24 09:00:00+00:00,111062,111475.4,110952.2,111288.8,216429.29,2164.2929,240840947.97216,1,1761296400000
2025-10-24 09:00:00+00:00,111062,111475.4,110952.2,111288.8,216429.29,2164.2929,240840947.97216,1,1761296400000
2025-10-24 09:00:00+00:00,111062,111475.4,110952.2,111288.8,216429.29,2164.2929,240840947.97216,1,1761296400000
2025-10-24 09:00:00+00:00,111062,111475.4,110952.2,111288.8,216429.29,2164.2929,240840947.97216,1,1761296400000
2025-10-24 09:00:00+00:00,111062,111475.4,110952.2,111288.8,216429.29,2164.2929,240840947.97216,1,1761296400000
2025-10-24 09:00:00+00:00,111062,111475.4,110952.2,111288.8,216429.29,2164.2929,240840947.97216,1,1761296400000
2025-10-24 09:00:00+00:00,111062,111475.4,110952.2,111288.8,216429.29,2164.2929,240840947.97216,1,1761296400000
2025-10-24 09:00:00+00:00,111062,111475.4,110952.2,111288.8,216429.29,2164.2929,240840947.97216,1,1761296400000
2025-10-24 09:00:00+00:00,111062,111475.4,110952.2,111288.8,216429.29,2164.2929,240840947.97216,1,1761296400000
2025-10-24 09:00:00+00:00,111062,111475.4,110952.2,111288.8,216429.29,2164.2929,240840947.97216,1,1761296400000
2025-10-24 09:00:00+00:00,111062,111475.4,110952.2,111288.8,216429.29,2164.2929,240840947.97216,1,1761296400000
2025-10-24 09:00:00+00:00,111062,111475.4,110952.2,111288.8,216429.29,2164.2929,240840947.97216,1,1761296400000
2025-10-24 09:00:00+00:00,111062,111475.4,110952.2,111288.8,216429.29,2164.2929,240840947.97216,1,1761296400000
2025-10-24 09:00:00+00:00,111062,111475.4,110952.2,111288.8,216429.29,2164.2929,240840947.97216,1,1761296400000
2025-10-24 09:00:00+00:00,111062,111475.4,110952.2,111288.8,216429.29,2164.2929,240840947.97216,1,1761296400000
2025-10-24 09:00:00+00:00,111062,111475.4,110952.2,111288.8,216429.29,2164.2929,240840947.97216,1,1761296400000
2025-10-24 09:00:00+00:00,111062,111475.4,110952.2,111288.8,216429.29,2164.2929,240840947.97216,1,1761296400000
2025-10-24 09:00:00+00:00,111062,111475.4,110952.2,111288.8,216429.29,2164.2929,240840947.97216,1,1761296400000
2025-10-24 09:00:00+00:00,111062,111475.4,110952.2,111288.8,216429.29,2164.2929,240840947.97216,1,1761296400000
2025-10-24 09:00:00+00:00,111062,111475.4,110952.2,111288.8,216429.29,2164.2929,240840947.97216,1,1761296400000
2025-10-24 09:00:00+00:00,111062,111475.4,110952.2,111288.8,216429.29,2164.2929,240840947.97216,1,1761296400000
2025-10-24 09:00:00+00:00,111062,111475.4,110952.2,111288.8,216429.29,2164.2929,240840947.97216,1,1761296400000
2025-10-24 09:00:00+00:00,111062,111475.4,110952.2,111288.8,216429.29,2164.2929,240840947.97216,1,1761296400000
2025-10-24 09:00:00+00:00,111062,111475.4,110952.2,111288.8,216429.29,2164.2929,240840947.97216,1,1761296400000
2025-10-24 09:00:00+00:00,111062,111475.4,110952.2,111288.8,216429.29,2164.2929,240840947.97216,1,1761296400000
2025-10-24 09:00:00+00:00,111062,111475.4,110952.2,111288.8,216429.29,2164.2929,240840947.97216,1,1761296400000
2025-10-24 09:00:00+00:00,111062,111475.4,110952.2,111288.8,216429.29,2164.2929,240840947.97216,1,1761296400000
2025-10-24 09:00:00+00:00,111062,111475.4,110952.2,111288.8,216429.29,2164.2929,240840947.97216,1,1761296400000
2025-10-24 09:00:00+00:00,111062,111475.4,110952.2,111288.8,216429.29,2164.2929,240840947.97216,1,1761296400000
2025-10-24 09:00:00+00:00,111062,111475.4,110952.2,111288.8,216429.29,2164.2929,240840947.97216,1,1761296400000
2025-10-24 09:00:00+00:00,111062,111475.4,110952.2,111288.8,216429.29,2164.2929,240840947.97216,1,1761296400000
2025-10-24 09:00:00+00:00,111062,111475.4,110952.2,111288.8,216429.29,2164.2929,240840947.97216,1,1761296400000
2025-10-24 09:00:00+00:00,111062,111475.4,110952.2,111288.8,216429.29,2164.2929,240840947.97216,1,1761296400000
2025-10-24 09:00:00+00:00,111062,111475.4,110952.2,111288.8,216429.29,2164.2929,240840947.97216,1,1761296400000
2025-10-24 09:00:00+00:00,111062,111475.4,110952.2,111288.8,216429.29,2164.2929,240840947.97216,1,1761296400000
2025-10-24 09:00:00+00:00,111062,111475.4,110952.2,111288.8,216429.29,2164.2929,240840947.97216,1,1761296400000
2025-10-24 09:00:00+00:00,111062,111475.4,110952.2,111288.8,216429.29,2164.2929,240840947.97216,1,1761296400000
2025-10-24 09:00:00+00:00,111062,111475.4,110952.2,111288.8,216429.29,2164.2929,240840947.97216,1,1761296400000
2025-10-24 09:00:00+00:00,111062,111475.4,110952.2,111288.8,216429.29,2164.2929,240840947.97216,1,1761296400000
2025-10-24 09:00:00+00:00,111062,111475.4,110952.2,111288.8,216429.29,2164.2929,240840947.97216,1,1761296400000
2025-10-24 09:00:00+00:00,111062,111475.4,110952.2,111288.8,216429.29,2164.2929,240840947.97216,1,1761296400000
2025-10-24 09:00:00+00:00,111062,111475.4,110952.2,111288.8,216429.29,2164.2929,240840947.97216,1,1761296400000
2025-10-24 09:00:00+00:00,111062,111475.4,110952.2,111288.8,216429.29,2164.2929,240840947.97216,1,1761296400000
2025-10-24 09:00:00+00:00,111062,111475.4,110952.2,111288.8,216429.29,2164.2929,240840947.97216,1,1761296400000
2025-10-24 09:00:00+00:00,111062,111475.4,110952.2,111288.8,216429.29,2164.2929,240840947.97216,1,1761296400000
2025-10-24 09:00:00+00:00,111062,111475.4,110952.2,111288.8,216429.29,2164.2929,240840947.97216,1,1761296400000
2025-10-24 09:00:00+00:00,111062,111475.4,110952.2,111288.8,216429.29,2164.2929,240840947.97216,1,1761296400000
2025-10-24 09:00:00+00:00,111062,111475.4,110952.2,111288.8,216429.29,2164.2929,240840947.97216,1,1761296400000
2025-10-24 09:00:00+00:00,111062,111475.4,110952.2,111288.8,216429.29,2164.2929,240840947.97216,1,1761296400000
2025-10-24 10:00:00+00:00,111288.4,111288.5,111022,111078.6,127176.53,1271.7653,141341133.14945,1,1761300000000
2025-10-24 10:00:00+00:00,111288.4,111288.5,111022,111078.6,127176.53,1271.7653,141341133.14945,1,1761300000000
2025-10-24 10:00:00+00:00,111288.4,111288.5,111022,111078.6,127176.53,1271.7653,141341133.14945,1,1761300000000
2025-10-24 10:00:00+00:00,111288.4,111288.5,111022,111078.6,127176.53,1271.7653,141341133.14945,1,1761300000000
2025-10-24 10:00:00+00:00,111288.4,111288.5,111022,111078.6,127176.53,1271.7653,141341133.14945,1,1761300000000
2025-10-24 10:00:00+00:00,111288.4,111288.5,111022,111078.6,127176.53,1271.7653,141341133.14945,1,1761300000000
2025-10-24 10:00:00+00:00,111288.4,111288.5,111022,111078.6,127176.53,1271.7653,141341133.14945,1,1761300000000
2025-10-24 10:00:00+00:00,111288.4,111288.5,111022,111078.6,127176.53,1271.7653,141341133.14945,1,1761300000000
2025-10-24 10:00:00+00:00,111288.4,111288.5,111022,111078.6,127176.53,1271.7653,141341133.14945,1,1761300000000
2025-10-24 10:00:00+00:00,111288.4,111288.5,111022,111078.6,127176.53,1271.7653,141341133.14945,1,1761300000000
2025-10-24 10:00:00+00:00,111288.4,111288.5,111022,111078.6,127176.53,1271.7653,141341133.14945,1,1761300000000
2025-10-24 10:00:00+00:00,111288.4,111288.5,111022,111078.6,127176.53,1271.7653,141341133.14945,1,1761300000000
2025-10-24 10:00:00+00:00,111288.4,111288.5,111022,111078.6,127176.53,1271.7653,141341133.14945,1,1761300000000
2025-10-24 10:00:00+00:00,111288.4,111288.5,111022,111078.6,127176.53,1271.7653,141341133.14945,1,1761300000000
2025-10-24 10:00:00+00:00,111288.4,111288.5,111022,111078.6,127176.53,1271.7653,141341133.14945,1,1761300000000
2025-10-24 10:00:00+00:00,111288.4,111288.5,111022,111078.6,127176.53,1271.7653,141341133.14945,1,1761300000000
2025-10-24 10:00:00+00:00,111288.4,111288.5,111022,111078.6,127176.53,1271.7653,141341133.14945,1,1761300000000
2025-10-24 10:00:00+00:00,111288.4,111288.5,111022,111078.6,127176.53,1271.7653,141341133.14945,1,1761300000000
2025-10-24 10:00:00+00:00,111288.4,111288.5,111022,111078.6,127176.53,1271.7653,141341133.14945,1,1761300000000
2025-10-24 10:00:00+00:00,111288.4,111288.5,111022,111078.6,127176.53,1271.7653,141341133.14945,1,1761300000000
2025-10-24 10:00:00+00:00,111288.4,111288.5,111022,111078.6,127176.53,1271.7653,141341133.14945,1,1761300000000
2025-10-24 10:00:00+00:00,111288.4,111288.5,111022,111078.6,127176.53,1271.7653,141341133.14945,1,1761300000000
2025-10-24 10:00:00+00:00,111288.4,111288.5,111022,111078.6,127176.53,1271.7653,141341133.14945,1,1761300000000
2025-10-24 10:00:00+00:00,111288.4,111288.5,111022,111078.6,127176.53,1271.7653,141341133.14945,1,1761300000000
2025-10-24 10:00:00+00:00,111288.4,111288.5,111022,111078.6,127176.53,1271.7653,141341133.14945,1,1761300000000
2025-10-24 10:00:00+00:00,111288.4,111288.5,111022,111078.6,127176.53,1271.7653,141341133.14945,1,1761300000000
2025-10-24 10:00:00+00:00,111288.4,111288.5,111022,111078.6,127176.53,1271.7653,141341133.14945,1,1761300000000
2025-10-24 10:00:00+00:00,111288.4,111288.5,111022,111078.6,127176.53,1271.7653,141341133.14945,1,1761300000000
2025-10-24 10:00:00+00:00,111288.4,111288.5,111022,111078.6,127176.53,1271.7653,141341133.14945,1,1761300000000
2025-10-24 10:00:00+00:00,111288.4,111288.5,111022,111078.6,127176.53,1271.7653,141341133.14945,1,1761300000000
2025-10-24 10:00:00+00:00,111288.4,111288.5,111022,111078.6,127176.53,1271.7653,141341133.14945,1,1761300000000
2025-10-24 10:00:00+00:00,111288.4,111288.5,111022,111078.6,127176.53,1271.7653,141341133.14945,1,1761300000000
2025-10-24 10:00:00+00:00,111288.4,111288.5,111022,111078.6,127176.53,1271.7653,141341133.14945,1,1761300000000
2025-10-24 10:00:00+00:00,111288.4,111288.5,111022,111078.6,127176.53,1271.7653,141341133.14945,1,1761300000000
2025-10-24 10:00:00+00:00,111288.4,111288.5,111022,111078.6,127176.53,1271.7653,141341133.14945,1,1761300000000
2025-10-24 10:00:00+00:00,111288.4,111288.5,111022,111078.6,127176.53,1271.7653,141341133.14945,1,1761300000000
2025-10-24 10:00:00+00:00,111288.4,111288.5,111022,111078.6,127176.53,1271.7653,141341133.14945,1,1761300000000
2025-10-24 10:00:00+00:00,111288.4,111288.5,111022,111078.6,127176.53,1271.7653,141341133.14945,1,1761300000000
2025-10-24 10:00:00+00:00,111288.4,111288.5,111022,111078.6,127176.53,1271.7653,141341133.14945,1,1761300000000
2025-10-24 10:00:00+00:00,111288.4,111288.5,111022,111078.6,127176.53,1271.7653,141341133.14945,1,1761300000000
2025-10-24 10:00:00+00:00,111288.4,111288.5,111022,111078.6,127176.53,1271.7653,141341133.14945,1,1761300000000
2025-10-24 10:00:00+00:00,111288.4,111288.5,111022,111078.6,127176.53,1271.7653,141341133.14945,1,1761300000000
2025-10-24 10:00:00+00:00,111288.4,111288.5,111022,111078.6,127176.53,1271.7653,141341133.14945,1,1761300000000
2025-10-24 10:00:00+00:00,111288.4,111288.5,111022,111078.6,127176.53,1271.7653,141341133.14945,1,1761300000000
2025-10-24 10:00:00+00:00,111288.4,111288.5,111022,111078.6,127176.53,1271.7653,141341133.14945,1,1761300000000
2025-10-24 10:00:00+00:00,111288.4,111288.5,111022,111078.6,127176.53,1271.7653,141341133.14945,1,1761300000000
2025-10-24 10:00:00+00:00,111288.4,111288.5,111022,111078.6,127176.53,1271.7653,141341133.14945,1,1761300000000
2025-10-24 10:00:00+00:00,111288.4,111288.5,111022,111078.6,127176.53,1271.7653,141341133.14945,1,1761300000000
2025-10-24 10:00:00+00:00,111288.4,111288.5,111022,111078.6,127176.53,1271.7653,141341133.14945,1,1761300000000
2025-10-24 10:00:00+00:00,111288.4,111288.5,111022,111078.6,127176.53,1271.7653,141341133.14945,1,1761300000000
2025-10-24 10:00:00+00:00,111288.4,111288.5,111022,111078.6,127176.53,1271.7653,141341133.14945,1,1761300000000
2025-10-24 10:00:00+00:00,111288.4,111288.5,111022,111078.6,127176.53,1271.7653,141341133.14945,1,1761300000000
2025-10-24 10:00:00+00:00,111288.4,111288.5,111022,111078.6,127176.53,1271.7653,141341133.14945,1,1761300000000
2025-10-24 10:00:00+00:00,111288.4,111288.5,111022,111078.6,127176.53,1271.7653,141341133.14945,1,1761300000000
2025-10-24 10:00:00+00:00,111288.4,111288.5,111022,111078.6,127176.53,1271.7653,141341133.14945,1,1761300000000
2025-10-24 10:00:00+00:00,111288.4,111288.5,111022,111078.6,127176.53,1271.7653,141341133.14945,1,1761300000000
2025-10-24 10:00:00+00:00,111288.4,111288.5,111022,111078.6,127176.53,1271.7653,141341133.14945,1,1761300000000
2025-10-24 10:00:00+00:00,111288.4,111288.5,111022,111078.6,127176.53,1271.7653,141341133.14945,1,1761300000000
2025-10-24 10:00:00+00:00,111288.4,111288.5,111022,111078.6,127176.53,1271.7653,141341133.14945,1,1761300000000
2025-10-24 10:00:00+00:00,111288.4,111288.5,111022,111078.6,127176.53,1271.7653,141341133.14945,1,1761300000000
2025-10-24 10:00:00+00:00,111288.4,111288.5,111022,111078.6,127176.53,1271.7653,141341133.14945,1,1761300000000
2025-10-24 10:00:00+00:00,111288.4,111288.5,111022,111078.6,127176.53,1271.7653,141341133.14945,1,1761300000000
2025-10-24 10:00:00+00:00,111288.4,111288.5,111022,111078.6,127176.53,1271.7653,141341133.14945,1,1761300000000
2025-10-24 10:00:00+00:00,111288.4,111288.5,111022,111078.6,127176.53,1271.7653,141341133.14945,1,1761300000000
2025-10-24 10:00:00+00:00,111288.4,111288.5,111022,111078.6,127176.53,1271.7653,141341133.14945,1,1761300000000
2025-10-24 10:00:00+00:00,111288.4,111288.5,111022,111078.6,127176.53,1271.7653,141341133.14945,1,1761300000000
2025-10-24 10:00:00+00:00,111288.4,111288.5,111022,111078.6,127176.53,1271.7653,141341133.14945,1,1761300000000
2025-10-24 10:00:00+00:00,111288.4,111288.5,111022,111078.6,127176.53,1271.7653,141341133.14945,1,1761300000000
2025-10-24 10:00:00+00:00,111288.4,111288.5,111022,111078.6,127176.53,1271.7653,141341133.14945,1,1761300000000
2025-10-24 10:00:00+00:00,111288.4,111288.5,111022,111078.6,127176.53,1271.7653,141341133.14945,1,1761300000000
2025-10-24 10:00:00+00:00,111288.4,111288.5,111022,111078.6,127176.53,1271.7653,141341133.14945,1,1761300000000
2025-10-24 10:00:00+00:00,111288.4,111288.5,111022,111078.6,127176.53,1271.7653,141341133.14945,1,1761300000000
2025-10-24 10:00:00+00:00,111288.4,111288.5,111022,111078.6,127176.53,1271.7653,141341133.14945,1,1761300000000
2025-10-24 10:00:00+00:00,111288.4,111288.5,111022,111078.6,127176.53,1271.7653,141341133.14945,1,1761300000000
2025-10-24 10:00:00+00:00,111288.4,111288.5,111022,111078.6,127176.53,1271.7653,141341133.14945,1,1761300000000
2025-10-24 10:00:00+00:00,111288.4,111288.5,111022,111078.6,127176.53,1271.7653,141341133.14945,1,1761300000000
2025-10-24 10:00:00+00:00,111288.4,111288.5,111022,111078.6,127176.53,1271.7653,141341133.14945,1,1761300000000
2025-10-24 10:00:00+00:00,111288.4,111288.5,111022,111078.6,127176.53,1271.7653,141341133.14945,1,1761300000000
2025-10-24 10:00:00+00:00,111288.4,111288.5,111022,111078.6,127176.53,1271.7653,141341133.14945,1,1761300000000
2025-10-24 10:00:00+00:00,111288.4,111288.5,111022,111078.6,127176.53,1271.7653,141341133.14945,1,1761300000000
2025-10-24 10:00:00+00:00,111288.4,111288.5,111022,111078.6,127176.53,1271.7653,141341133.14945,1,1761300000000
2025-10-24 10:00:00+00:00,111288.4,111288.5,111022,111078.6,127176.53,1271.7653,141341133.14945,1,1761300000000
2025-10-24 10:00:00+00:00,111288.4,111288.5,111022,111078.6,127176.53,1271.7653,141341133.14945,1,1761300000000
2025-10-24 10:00:00+00:00,111288.4,111288.5,111022,111078.6,127176.53,1271.7653,141341133.14945,1,1761300000000
2025-10-24 10:00:00+00:00,111288.4,111288.5,111022,111078.6,127176.53,1271.7653,141341133.14945,1,1761300000000
2025-10-24 10:00:00+00:00,111288.4,111288.5,111022,111078.6,127176.53,1271.7653,141341133.14945,1,1761300000000
2025-10-24 10:00:00+00:00,111288.4,111288.5,111022,111078.6,127176.53,1271.7653,141341133.14945,1,1761300000000
2025-10-24 10:00:00+00:00,111288.4,111288.5,111022,111078.6,127176.53,1271.7653,141341133.14945,1,1761300000000
2025-10-24 10:00:00+00:00,111288.4,111288.5,111022,111078.6,127176.53,1271.7653,141341133.14945,1,1761300000000
2025-10-24 10:00:00+00:00,111288.4,111288.5,111022,111078.6,127176.53,1271.7653,141341133.14945,1,1761300000000
2025-10-24 10:00:00+00:00,111288.4,111288.5,111022,111078.6,127176.53,1271.7653,141341133.14945,1,1761300000000
2025-10-24 10:00:00+00:00,111288.4,111288.5,111022,111078.6,127176.53,1271.7653,141341133.14945,1,1761300000000
2025-10-24 10:00:00+00:00,111288.4,111288.5,111022,111078.6,127176.53,1271.7653,141341133.14945,1,1761300000000
2025-10-24 10:00:00+00:00,111288.4,111288.5,111022,111078.6,127176.53,1271.7653,141341133.14945,1,1761300000000
2025-10-24 10:00:00+00:00,111288.4,111288.5,111022,111078.6,127176.53,1271.7653,141341133.14945,1,1761300000000
2025-10-24 11:00:00+00:00,111078.7,111240,110534.2,111023.9,252517.14,2525.1714,280067075.37626,1,1761303600000
2025-10-24 11:00:00+00:00,111078.7,111240,110534.2,111023.9,252517.14,2525.1714,280067075.37626,1,1761303600000
2025-10-24 11:00:00+00:00,111078.7,111240,110534.2,111023.9,252517.14,2525.1714,280067075.37626,1,1761303600000
2025-10-24 11:00:00+00:00,111078.7,111240,110534.2,111023.9,252517.14,2525.1714,280067075.37626,1,1761303600000
2025-10-24 11:00:00+00:00,111078.7,111240,110534.2,111023.9,252517.14,2525.1714,280067075.37626,1,1761303600000
2025-10-24 11:00:00+00:00,111078.7,111240,110534.2,111023.9,252517.14,2525.1714,280067075.37626,1,1761303600000
2025-10-24 11:00:00+00:00,111078.7,111240,110534.2,111023.9,252517.14,2525.1714,280067075.37626,1,1761303600000
2025-10-24 11:00:00+00:00,111078.7,111240,110534.2,111023.9,252517.14,2525.1714,280067075.37626,1,1761303600000
2025-10-24 11:00:00+00:00,111078.7,111240,110534.2,111023.9,252517.14,2525.1714,280067075.37626,1,1761303600000
2025-10-24 11:00:00+00:00,111078.7,111240,110534.2,111023.9,252517.14,2525.1714,280067075.37626,1,1761303600000
2025-10-24 11:00:00+00:00,111078.7,111240,110534.2,111023.9,252517.14,2525.1714,280067075.37626,1,1761303600000
2025-10-24 11:00:00+00:00,111078.7,111240,110534.2,111023.9,252517.14,2525.1714,280067075.37626,1,1761303600000
2025-10-24 11:00:00+00:00,111078.7,111240,110534.2,111023.9,252517.14,2525.1714,280067075.37626,1,1761303600000
2025-10-24 11:00:00+00:00,111078.7,111240,110534.2,111023.9,252517.14,2525.1714,280067075.37626,1,1761303600000
2025-10-24 11:00:00+00:00,111078.7,111240,110534.2,111023.9,252517.14,2525.1714,280067075.37626,1,1761303600000
2025-10-24 11:00:00+00:00,111078.7,111240,110534.2,111023.9,252517.14,2525.1714,280067075.37626,1,1761303600000
2025-10-24 11:00:00+00:00,111078.7,111240,110534.2,111023.9,252517.14,2525.1714,280067075.37626,1,1761303600000
2025-10-24 11:00:00+00:00,111078.7,111240,110534.2,111023.9,252517.14,2525.1714,280067075.37626,1,1761303600000
2025-10-24 11:00:00+00:00,111078.7,111240,110534.2,111023.9,252517.14,2525.1714,280067075.37626,1,1761303600000
2025-10-24 11:00:00+00:00,111078.7,111240,110534.2,111023.9,252517.14,2525.1714,280067075.37626,1,1761303600000
2025-10-24 11:00:00+00:00,111078.7,111240,110534.2,111023.9,252517.14,2525.1714,280067075.37626,1,1761303600000
2025-10-24 11:00:00+00:00,111078.7,111240,110534.2,111023.9,252517.14,2525.1714,280067075.37626,1,1761303600000
2025-10-24 11:00:00+00:00,111078.7,111240,110534.2,111023.9,252517.14,2525.1714,280067075.37626,1,1761303600000
2025-10-24 11:00:00+00:00,111078.7,111240,110534.2,111023.9,252517.14,2525.1714,280067075.37626,1,1761303600000
2025-10-24 11:00:00+00:00,111078.7,111240,110534.2,111023.9,252517.14,2525.1714,280067075.37626,1,1761303600000
2025-10-24 11:00:00+00:00,111078.7,111240,110534.2,111023.9,252517.14,2525.1714,280067075.37626,1,1761303600000
2025-10-24 11:00:00+00:00,111078.7,111240,110534.2,111023.9,252517.14,2525.1714,280067075.37626,1,1761303600000
2025-10-24 11:00:00+00:00,111078.7,111240,110534.2,111023.9,252517.14,2525.1714,280067075.37626,1,1761303600000
2025-10-24 11:00:00+00:00,111078.7,111240,110534.2,111023.9,252517.14,2525.1714,280067075.37626,1,1761303600000
2025-10-24 11:00:00+00:00,111078.7,111240,110534.2,111023.9,252517.14,2525.1714,280067075.37626,1,1761303600000
2025-10-24 11:00:00+00:00,111078.7,111240,110534.2,111023.9,252517.14,2525.1714,280067075.37626,1,1761303600000
2025-10-24 11:00:00+00:00,111078.7,111240,110534.2,111023.9,252517.14,2525.1714,280067075.37626,1,1761303600000
2025-10-24 11:00:00+00:00,111078.7,111240,110534.2,111023.9,252517.14,2525.1714,280067075.37626,1,1761303600000
2025-10-24 11:00:00+00:00,111078.7,111240,110534.2,111023.9,252517.14,2525.1714,280067075.37626,1,1761303600000
2025-10-24 11:00:00+00:00,111078.7,111240,110534.2,111023.9,252517.14,2525.1714,280067075.37626,1,1761303600000
2025-10-24 11:00:00+00:00,111078.7,111240,110534.2,111023.9,252517.14,2525.1714,280067075.37626,1,1761303600000
2025-10-24 11:00:00+00:00,111078.7,111240,110534.2,111023.9,252517.14,2525.1714,280067075.37626,1,1761303600000
2025-10-24 11:00:00+00:00,111078.7,111240,110534.2,111023.9,252517.14,2525.1714,280067075.37626,1,1761303600000
2025-10-24 11:00:00+00:00,111078.7,111240,110534.2,111023.9,252517.14,2525.1714,280067075.37626,1,1761303600000
2025-10-24 11:00:00+00:00,111078.7,111240,110534.2,111023.9,252517.14,2525.1714,280067075.37626,1,1761303600000
2025-10-24 11:00:00+00:00,111078.7,111240,110534.2,111023.9,252517.14,2525.1714,280067075.37626,1,1761303600000
2025-10-24 11:00:00+00:00,111078.7,111240,110534.2,111023.9,252517.14,2525.1714,280067075.37626,1,1761303600000
2025-10-24 11:00:00+00:00,111078.7,111240,110534.2,111023.9,252517.14,2525.1714,280067075.37626,1,1761303600000
2025-10-24 11:00:00+00:00,111078.7,111240,110534.2,111023.9,252517.14,2525.1714,280067075.37626,1,1761303600000
2025-10-24 11:00:00+00:00,111078.7,111240,110534.2,111023.9,252517.14,2525.1714,280067075.37626,1,1761303600000
2025-10-24 11:00:00+00:00,111078.7,111240,110534.2,111023.9,252517.14,2525.1714,280067075.37626,1,1761303600000
2025-10-24 11:00:00+00:00,111078.7,111240,110534.2,111023.9,252517.14,2525.1714,280067075.37626,1,1761303600000
2025-10-24 11:00:00+00:00,111078.7,111240,110534.2,111023.9,252517.14,2525.1714,280067075.37626,1,1761303600000
2025-10-24 11:00:00+00:00,111078.7,111240,110534.2,111023.9,252517.14,2525.1714,280067075.37626,1,1761303600000
2025-10-24 11:00:00+00:00,111078.7,111240,110534.2,111023.9,252517.14,2525.1714,280067075.37626,1,1761303600000
2025-10-24 11:00:00+00:00,111078.7,111240,110534.2,111023.9,252517.14,2525.1714,280067075.37626,1,1761303600000
2025-10-24 11:00:00+00:00,111078.7,111240,110534.2,111023.9,252517.14,2525.1714,280067075.37626,1,1761303600000
2025-10-24 11:00:00+00:00,111078.7,111240,110534.2,111023.9,252517.14,2525.1714,280067075.37626,1,1761303600000
2025-10-24 11:00:00+00:00,111078.7,111240,110534.2,111023.9,252517.14,2525.1714,280067075.37626,1,1761303600000
2025-10-24 11:00:00+00:00,111078.7,111240,110534.2,111023.9,252517.14,2525.1714,280067075.37626,1,1761303600000
2025-10-24 11:00:00+00:00,111078.7,111240,110534.2,111023.9,252517.14,2525.1714,280067075.37626,1,1761303600000
2025-10-24 11:00:00+00:00,111078.7,111240,110534.2,111023.9,252517.14,2525.1714,280067075.37626,1,1761303600000
2025-10-24 11:00:00+00:00,111078.7,111240,110534.2,111023.9,252517.14,2525.1714,280067075.37626,1,1761303600000
2025-10-24 11:00:00+00:00,111078.7,111240,110534.2,111023.9,252517.14,2525.1714,280067075.37626,1,1761303600000
2025-10-24 11:00:00+00:00,111078.7,111240,110534.2,111023.9,252517.14,2525.1714,280067075.37626,1,1761303600000
2025-10-24 11:00:00+00:00,111078.7,111240,110534.2,111023.9,252517.14,2525.1714,280067075.37626,1,1761303600000
2025-10-24 11:00:00+00:00,111078.7,111240,110534.2,111023.9,252517.14,2525.1714,280067075.37626,1,1761303600000
2025-10-24 11:00:00+00:00,111078.7,111240,110534.2,111023.9,252517.14,2525.1714,280067075.37626,1,1761303600000
2025-10-24 11:00:00+00:00,111078.7,111240,110534.2,111023.9,252517.14,2525.1714,280067075.37626,1,1761303600000
2025-10-24 11:00:00+00:00,111078.7,111240,110534.2,111023.9,252517.14,2525.1714,280067075.37626,1,1761303600000
2025-10-24 11:00:00+00:00,111078.7,111240,110534.2,111023.9,252517.14,2525.1714,280067075.37626,1,1761303600000
2025-10-24 11:00:00+00:00,111078.7,111240,110534.2,111023.9,252517.14,2525.1714,280067075.37626,1,1761303600000
2025-10-24 11:00:00+00:00,111078.7,111240,110534.2,111023.9,252517.14,2525.1714,280067075.37626,1,1761303600000
2025-10-24 11:00:00+00:00,111078.7,111240,110534.2,111023.9,252517.14,2525.1714,280067075.37626,1,1761303600000
2025-10-24 11:00:00+00:00,111078.7,111240,110534.2,111023.9,252517.14,2525.1714,280067075.37626,1,1761303600000
2025-10-24 11:00:00+00:00,111078.7,111240,110534.2,111023.9,252517.14,2525.1714,280067075.37626,1,1761303600000
2025-10-24 11:00:00+00:00,111078.7,111240,110534.2,111023.9,252517.14,2525.1714,280067075.37626,1,1761303600000
2025-10-24 11:00:00+00:00,111078.7,111240,110534.2,111023.9,252517.14,2525.1714,280067075.37626,1,1761303600000
2025-10-24 11:00:00+00:00,111078.7,111240,110534.2,111023.9,252517.14,2525.1714,280067075.37626,1,1761303600000
2025-10-24 11:00:00+00:00,111078.7,111240,110534.2,111023.9,252517.14,2525.1714,280067075.37626,1,1761303600000
2025-10-24 11:00:00+00:00,111078.7,111240,110534.2,111023.9,252517.14,2525.1714,280067075.37626,1,1761303600000
2025-10-24 11:00:00+00:00,111078.7,111240,110534.2,111023.9,252517.14,2525.1714,280067075.37626,1,1761303600000
2025-10-24 11:00:00+00:00,111078.7,111240,110534.2,111023.9,252517.14,2525.1714,280067075.37626,1,1761303600000
2025-10-24 11:00:00+00:00,111078.7,111240,110534.2,111023.9,252517.14,2525.1714,280067075.37626,1,1761303600000
2025-10-24 11:00:00+00:00,111078.7,111240,110534.2,111023.9,252517.14,2525.1714,280067075.37626,1,1761303600000
2025-10-24 11:00:00+00:00,111078.7,111240,110534.2,111023.9,252517.14,2525.1714,280067075.37626,1,1761303600000
2025-10-24 11:00:00+00:00,111078.7,111240,110534.2,111023.9,252517.14,2525.1714,280067075.37626,1,1761303600000
2025-10-24 11:00:00+00:00,111078.7,111240,110534.2,111023.9,252517.14,2525.1714,280067075.37626,1,1761303600000
2025-10-24 11:00:00+00:00,111078.7,111240,110534.2,111023.9,252517.14,2525.1714,280067075.37626,1,1761303600000
2025-10-24 11:00:00+00:00,111078.7,111240,110534.2,111023.9,252517.14,2525.1714,280067075.37626,1,1761303600000
2025-10-24 11:00:00+00:00,111078.7,111240,110534.2,111023.9,252517.14,2525.1714,280067075.37626,1,1761303600000
2025-10-24 11:00:00+00:00,111078.7,111240,110534.2,111023.9,252517.14,2525.1714,280067075.37626,1,1761303600000
2025-10-24 11:00:00+00:00,111078.7,111240,110534.2,111023.9,252517.14,2525.1714,280067075.37626,1,1761303600000
2025-10-24 11:00:00+00:00,111078.7,111240,110534.2,111023.9,252517.14,2525.1714,280067075.37626,1,1761303600000
2025-10-24 11:00:00+00:00,111078.7,111240,110534.2,111023.9,252517.14,2525.1714,280067075.37626,1,1761303600000
2025-10-24 11:00:00+00:00,111078.7,111240,110534.2,111023.9,252517.14,2525.1714,280067075.37626,1,1761303600000
2025-10-24 11:00:00+00:00,111078.7,111240,110534.2,111023.9,252517.14,2525.1714,280067075.37626,1,1761303600000
2025-10-24 11:00:00+00:00,111078.7,111240,110534.2,111023.9,252517.14,2525.1714,280067075.37626,1,1761303600000
2025-10-24 11:00:00+00:00,111078.7,111240,110534.2,111023.9,252517.14,2525.1714,280067075.37626,1,1761303600000
2025-10-24 11:00:00+00:00,111078.7,111240,110534.2,111023.9,252517.14,2525.1714,280067075.37626,1,1761303600000
2025-10-24 11:00:00+00:00,111078.7,111240,110534.2,111023.9,252517.14,2525.1714,280067075.37626,1,1761303600000
2025-10-24 12:00:00+00:00,111023.9,112178.3,110812.8,111256.8,852492.49,8524.9249,950433560.09557,1,1761307200000
2025-10-24 12:00:00+00:00,111023.9,112178.3,110812.8,111256.8,852492.49,8524.9249,950433560.09557,1,1761307200000
2025-10-24 12:00:00+00:00,111023.9,112178.3,110812.8,111256.8,852492.49,8524.9249,950433560.09557,1,1761307200000
2025-10-24 12:00:00+00:00,111023.9,112178.3,110812.8,111256.8,852492.49,8524.9249,950433560.09557,1,1761307200000
2025-10-24 12:00:00+00:00,111023.9,112178.3,110812.8,111256.8,852492.49,8524.9249,950433560.09557,1,1761307200000
2025-10-24 12:00:00+00:00,111023.9,112178.3,110812.8,111256.8,852492.49,8524.9249,950433560.09557,1,1761307200000
2025-10-24 12:00:00+00:00,111023.9,112178.3,110812.8,111256.8,852492.49,8524.9249,950433560.09557,1,1761307200000
2025-10-24 12:00:00+00:00,111023.9,112178.3,110812.8,111256.8,852492.49,8524.9249,950433560.09557,1,1761307200000
2025-10-24 12:00:00+00:00,111023.9,112178.3,110812.8,111256.8,852492.49,8524.9249,950433560.09557,1,1761307200000
2025-10-24 12:00:00+00:00,111023.9,112178.3,110812.8,111256.8,852492.49,8524.9249,950433560.09557,1,1761307200000
2025-10-24 12:00:00+00:00,111023.9,112178.3,110812.8,111256.8,852492.49,8524.9249,950433560.09557,1,1761307200000
2025-10-24 12:00:00+00:00,111023.9,112178.3,110812.8,111256.8,852492.49,8524.9249,950433560.09557,1,1761307200000
2025-10-24 12:00:00+00:00,111023.9,112178.3,110812.8,111256.8,852492.49,8524.9249,950433560.09557,1,1761307200000
2025-10-24 12:00:00+00:00,111023.9,112178.3,110812.8,111256.8,852492.49,8524.9249,950433560.09557,1,1761307200000
2025-10-24 12:00:00+00:00,111023.9,112178.3,110812.8,111256.8,852492.49,8524.9249,950433560.09557,1,1761307200000
2025-10-24 12:00:00+00:00,111023.9,112178.3,110812.8,111256.8,852492.49,8524.9249,950433560.09557,1,1761307200000
2025-10-24 12:00:00+00:00,111023.9,112178.3,110812.8,111256.8,852492.49,8524.9249,950433560.09557,1,1761307200000
2025-10-24 12:00:00+00:00,111023.9,112178.3,110812.8,111256.8,852492.49,8524.9249,950433560.09557,1,1761307200000
2025-10-24 12:00:00+00:00,111023.9,112178.3,110812.8,111256.8,852492.49,8524.9249,950433560.09557,1,1761307200000
2025-10-24 12:00:00+00:00,111023.9,112178.3,110812.8,111256.8,852492.49,8524.9249,950433560.09557,1,1761307200000
2025-10-24 12:00:00+00:00,111023.9,112178.3,110812.8,111256.8,852492.49,8524.9249,950433560.09557,1,1761307200000
2025-10-24 12:00:00+00:00,111023.9,112178.3,110812.8,111256.8,852492.49,8524.9249,950433560.09557,1,1761307200000
2025-10-24 12:00:00+00:00,111023.9,112178.3,110812.8,111256.8,852492.49,8524.9249,950433560.09557,1,1761307200000
2025-10-24 12:00:00+00:00,111023.9,112178.3,110812.8,111256.8,852492.49,8524.9249,950433560.09557,1,1761307200000
2025-10-24 12:00:00+00:00,111023.9,112178.3,110812.8,111256.8,852492.49,8524.9249,950433560.09557,1,1761307200000
2025-10-24 12:00:00+00:00,111023.9,112178.3,110812.8,111256.8,852492.49,8524.9249,950433560.09557,1,1761307200000
2025-10-24 12:00:00+00:00,111023.9,112178.3,110812.8,111256.8,852492.49,8524.9249,950433560.09557,1,1761307200000
2025-10-24 12:00:00+00:00,111023.9,112178.3,110812.8,111256.8,852492.49,8524.9249,950433560.09557,1,1761307200000
2025-10-24 12:00:00+00:00,111023.9,112178.3,110812.8,111256.8,852492.49,8524.9249,950433560.09557,1,1761307200000
2025-10-24 12:00:00+00:00,111023.9,112178.3,110812.8,111256.8,852492.49,8524.9249,950433560.09557,1,1761307200000
2025-10-24 12:00:00+00:00,111023.9,112178.3,110812.8,111256.8,852492.49,8524.9249,950433560.09557,1,1761307200000
2025-10-24 12:00:00+00:00,111023.9,112178.3,110812.8,111256.8,852492.49,8524.9249,950433560.09557,1,1761307200000
2025-10-24 12:00:00+00:00,111023.9,112178.3,110812.8,111256.8,852492.49,8524.9249,950433560.09557,1,1761307200000
2025-10-24 12:00:00+00:00,111023.9,112178.3,110812.8,111256.8,852492.49,8524.9249,950433560.09557,1,1761307200000
2025-10-24 12:00:00+00:00,111023.9,112178.3,110812.8,111256.8,852492.49,8524.9249,950433560.09557,1,1761307200000
2025-10-24 12:00:00+00:00,111023.9,112178.3,110812.8,111256.8,852492.49,8524.9249,950433560.09557,1,1761307200000
2025-10-24 12:00:00+00:00,111023.9,112178.3,110812.8,111256.8,852492.49,8524.9249,950433560.09557,1,1761307200000
2025-10-24 12:00:00+00:00,111023.9,112178.3,110812.8,111256.8,852492.49,8524.9249,950433560.09557,1,1761307200000
2025-10-24 12:00:00+00:00,111023.9,112178.3,110812.8,111256.8,852492.49,8524.9249,950433560.09557,1,1761307200000
2025-10-24 12:00:00+00:00,111023.9,112178.3,110812.8,111256.8,852492.49,8524.9249,950433560.09557,1,1761307200000
2025-10-24 12:00:00+00:00,111023.9,112178.3,110812.8,111256.8,852492.49,8524.9249,950433560.09557,1,1761307200000
2025-10-24 12:00:00+00:00,111023.9,112178.3,110812.8,111256.8,852492.49,8524.9249,950433560.09557,1,1761307200000
2025-10-24 12:00:00+00:00,111023.9,112178.3,110812.8,111256.8,852492.49,8524.9249,950433560.09557,1,1761307200000
2025-10-24 12:00:00+00:00,111023.9,112178.3,110812.8,111256.8,852492.49,8524.9249,950433560.09557,1,1761307200000
2025-10-24 12:00:00+00:00,111023.9,112178.3,110812.8,111256.8,852492.49,8524.9249,950433560.09557,1,1761307200000
2025-10-24 12:00:00+00:00,111023.9,112178.3,110812.8,111256.8,852492.49,8524.9249,950433560.09557,1,1761307200000
2025-10-24 12:00:00+00:00,111023.9,112178.3,110812.8,111256.8,852492.49,8524.9249,950433560.09557,1,1761307200000
2025-10-24 12:00:00+00:00,111023.9,112178.3,110812.8,111256.8,852492.49,8524.9249,950433560.09557,1,1761307200000
2025-10-24 12:00:00+00:00,111023.9,112178.3,110812.8,111256.8,852492.49,8524.9249,950433560.09557,1,1761307200000
2025-10-24 12:00:00+00:00,111023.9,112178.3,110812.8,111256.8,852492.49,8524.9249,950433560.09557,1,1761307200000
2025-10-24 12:00:00+00:00,111023.9,112178.3,110812.8,111256.8,852492.49,8524.9249,950433560.09557,1,1761307200000
2025-10-24 12:00:00+00:00,111023.9,112178.3,110812.8,111256.8,852492.49,8524.9249,950433560.09557,1,1761307200000
2025-10-24 12:00:00+00:00,111023.9,112178.3,110812.8,111256.8,852492.49,8524.9249,950433560.09557,1,1761307200000
2025-10-24 12:00:00+00:00,111023.9,112178.3,110812.8,111256.8,852492.49,8524.9249,950433560.09557,1,1761307200000
2025-10-24 12:00:00+00:00,111023.9,112178.3,110812.8,111256.8,852492.49,8524.9249,950433560.09557,1,1761307200000
2025-10-24 12:00:00+00:00,111023.9,112178.3,110812.8,111256.8,852492.49,8524.9249,950433560.09557,1,1761307200000
2025-10-24 12:00:00+00:00,111023.9,112178.3,110812.8,111256.8,852492.49,8524.9249,950433560.09557,1,1761307200000
2025-10-24 12:00:00+00:00,111023.9,112178.3,110812.8,111256.8,852492.49,8524.9249,950433560.09557,1,1761307200000
2025-10-24 12:00:00+00:00,111023.9,112178.3,110812.8,111256.8,852492.49,8524.9249,950433560.09557,1,1761307200000
2025-10-24 12:00:00+00:00,111023.9,112178.3,110812.8,111256.8,852492.49,8524.9249,950433560.09557,1,1761307200000
2025-10-24 12:00:00+00:00,111023.9,112178.3,110812.8,111256.8,852492.49,8524.9249,950433560.09557,1,1761307200000
2025-10-24 12:00:00+00:00,111023.9,112178.3,110812.8,111256.8,852492.49,8524.9249,950433560.09557,1,1761307200000
2025-10-24 12:00:00+00:00,111023.9,112178.3,110812.8,111256.8,852492.49,8524.9249,950433560.09557,1,1761307200000
2025-10-24 12:00:00+00:00,111023.9,112178.3,110812.8,111256.8,852492.49,8524.9249,950433560.09557,1,1761307200000
2025-10-24 12:00:00+00:00,111023.9,112178.3,110812.8,111256.8,852492.49,8524.9249,950433560.09557,1,1761307200000
2025-10-24 12:00:00+00:00,111023.9,112178.3,110812.8,111256.8,852492.49,8524.9249,950433560.09557,1,1761307200000
2025-10-24 12:00:00+00:00,111023.9,112178.3,110812.8,111256.8,852492.49,8524.9249,950433560.09557,1,1761307200000
2025-10-24 12:00:00+00:00,111023.9,112178.3,110812.8,111256.8,852492.49,8524.9249,950433560.09557,1,1761307200000
2025-10-24 12:00:00+00:00,111023.9,112178.3,110812.8,111256.8,852492.49,8524.9249,950433560.09557,1,1761307200000
2025-10-24 12:00:00+00:00,111023.9,112178.3,110812.8,111256.8,852492.49,8524.9249,950433560.09557,1,1761307200000
2025-10-24 12:00:00+00:00,111023.9,112178.3,110812.8,111256.8,852492.49,8524.9249,950433560.09557,1,1761307200000
2025-10-24 12:00:00+00:00,111023.9,112178.3,110812.8,111256.8,852492.49,8524.9249,950433560.09557,1,1761307200000
2025-10-24 12:00:00+00:00,111023.9,112178.3,110812.8,111256.8,852492.49,8524.9249,950433560.09557,1,1761307200000
2025-10-24 12:00:00+00:00,111023.9,112178.3,110812.8,111256.8,852492.49,8524.9249,950433560.09557,1,1761307200000
2025-10-24 12:00:00+00:00,111023.9,112178.3,110812.8,111256.8,852492.49,8524.9249,950433560.09557,1,1761307200000
2025-10-24 12:00:00+00:00,111023.9,112178.3,110812.8,111256.8,852492.49,8524.9249,950433560.09557,1,1761307200000
2025-10-24 12:00:00+00:00,111023.9,112178.3,110812.8,111256.8,852492.49,8524.9249,950433560.09557,1,1761307200000
2025-10-24 12:00:00+00:00,111023.9,112178.3,110812.8,111256.8,852492.49,8524.9249,950433560.09557,1,1761307200000
2025-10-24 12:00:00+00:00,111023.9,112178.3,110812.8,111256.8,852492.49,8524.9249,950433560.09557,1,1761307200000
2025-10-24 12:00:00+00:00,111023.9,112178.3,110812.8,111256.8,852492.49,8524.9249,950433560.09557,1,1761307200000
2025-10-24 12:00:00+00:00,111023.9,112178.3,110812.8,111256.8,852492.49,8524.9249,950433560.09557,1,1761307200000
2025-10-24 12:00:00+00:00,111023.9,112178.3,110812.8,111256.8,852492.49,8524.9249,950433560.09557,1,1761307200000
2025-10-24 12:00:00+00:00,111023.9,112178.3,110812.8,111256.8,852492.49,8524.9249,950433560.09557,1,1761307200000
2025-10-24 12:00:00+00:00,111023.9,112178.3,110812.8,111256.8,852492.49,8524.9249,950433560.09557,1,1761307200000
2025-10-24 12:00:00+00:00,111023.9,112178.3,110812.8,111256.8,852492.49,8524.9249,950433560.09557,1,1761307200000
2025-10-24 12:00:00+00:00,111023.9,112178.3,110812.8,111256.8,852492.49,8524.9249,950433560.09557,1,1761307200000
2025-10-24 12:00:00+00:00,111023.9,112178.3,110812.8,111256.8,852492.49,8524.9249,950433560.09557,1,1761307200000
2025-10-24 12:00:00+00:00,111023.9,112178.3,110812.8,111256.8,852492.49,8524.9249,950433560.09557,1,1761307200000
2025-10-24 12:00:00+00:00,111023.9,112178.3,110812.8,111256.8,852492.49,8524.9249,950433560.09557,1,1761307200000
2025-10-24 12:00:00+00:00,111023.9,112178.3,110812.8,111256.8,852492.49,8524.9249,950433560.09557,1,1761307200000
2025-10-24 12:00:00+00:00,111023.9,112178.3,110812.8,111256.8,852492.49,8524.9249,950433560.09557,1,1761307200000
2025-10-24 12:00:00+00:00,111023.9,112178.3,110812.8,111256.8,852492.49,8524.9249,950433560.09557,1,1761307200000
2025-10-24 12:00:00+00:00,111023.9,112178.3,110812.8,111256.8,852492.49,8524.9249,950433560.09557,1,1761307200000
2025-10-24 12:00:00+00:00,111023.9,112178.3,110812.8,111256.8,852492.49,8524.9249,950433560.09557,1,1761307200000
2025-10-24 12:00:00+00:00,111023.9,112178.3,110812.8,111256.8,852492.49,8524.9249,950433560.09557,1,1761307200000
2025-10-24 12:00:00+00:00,111023.9,112178.3,110812.8,111256.8,852492.49,8524.9249,950433560.09557,1,1761307200000
2025-10-24 12:00:00+00:00,111023.9,112178.3,110812.8,111256.8,852492.49,8524.9249,950433560.09557,1,1761307200000
2025-10-24 13:00:00+00:00,111256.8,111400,110322.3,110883.8,540335.87,5403.3587,599112588.53168,1,1761310800000
2025-10-24 13:00:00+00:00,111256.8,111400,110322.3,110883.8,540335.87,5403.3587,599112588.53168,1,1761310800000
2025-10-24 13:00:00+00:00,111256.8,111400,110322.3,110883.8,540335.87,5403.3587,599112588.53168,1,1761310800000
2025-10-24 13:00:00+00:00,111256.8,111400,110322.3,110883.8,540335.87,5403.3587,599112588.53168,1,1761310800000
2025-10-24 13:00:00+00:00,111256.8,111400,110322.3,110883.8,540335.87,5403.3587,599112588.53168,1,1761310800000
2025-10-24 13:00:00+00:00,111256.8,111400,110322.3,110883.8,540335.87,5403.3587,599112588.53168,1,1761310800000
2025-10-24 13:00:00+00:00,111256.8,111400,110322.3,110883.8,540335.87,5403.3587,599112588.53168,1,1761310800000
2025-10-24 13:00:00+00:00,111256.8,111400,110322.3,110883.8,540335.87,5403.3587,599112588.53168,1,1761310800000
2025-10-24 13:00:00+00:00,111256.8,111400,110322.3,110883.8,540335.87,5403.3587,599112588.53168,1,1761310800000
2025-10-24 13:00:00+00:00,111256.8,111400,110322.3,110883.8,540335.87,5403.3587,599112588.53168,1,1761310800000
2025-10-24 13:00:00+00:00,111256.8,111400,110322.3,110883.8,540335.87,5403.3587,599112588.53168,1,1761310800000
2025-10-24 13:00:00+00:00,111256.8,111400,110322.3,110883.8,540335.87,5403.3587,599112588.53168,1,1761310800000
2025-10-24 13:00:00+00:00,111256.8,111400,110322.3,110883.8,540335.87,5403.3587,599112588.53168,1,1761310800000
2025-10-24 13:00:00+00:00,111256.8,111400,110322.3,110883.8,540335.87,5403.3587,599112588.53168,1,1761310800000
2025-10-24 13:00:00+00:00,111256.8,111400,110322.3,110883.8,540335.87,5403.3587,599112588.53168,1,1761310800000
2025-10-24 13:00:00+00:00,111256.8,111400,110322.3,110883.8,540335.87,5403.3587,599112588.53168,1,1761310800000
2025-10-24 13:00:00+00:00,111256.8,111400,110322.3,110883.8,540335.87,5403.3587,599112588.53168,1,1761310800000
2025-10-24 13:00:00+00:00,111256.8,111400,110322.3,110883.8,540335.87,5403.3587,599112588.53168,1,1761310800000
2025-10-24 13:00:00+00:00,111256.8,111400,110322.3,110883.8,540335.87,5403.3587,599112588.53168,1,1761310800000
2025-10-24 13:00:00+00:00,111256.8,111400,110322.3,110883.8,540335.87,5403.3587,599112588.53168,1,1761310800000
2025-10-24 13:00:00+00:00,111256.8,111400,110322.3,110883.8,540335.87,5403.3587,599112588.53168,1,1761310800000
2025-10-24 13:00:00+00:00,111256.8,111400,110322.3,110883.8,540335.87,5403.3587,599112588.53168,1,1761310800000
2025-10-24 13:00:00+00:00,111256.8,111400,110322.3,110883.8,540335.87,5403.3587,599112588.53168,1,1761310800000
2025-10-24 13:00:00+00:00,111256.8,111400,110322.3,110883.8,540335.87,5403.3587,599112588.53168,1,1761310800000
2025-10-24 13:00:00+00:00,111256.8,111400,110322.3,110883.8,540335.87,5403.3587,599112588.53168,1,1761310800000
2025-10-24 13:00:00+00:00,111256.8,111400,110322.3,110883.8,540335.87,5403.3587,599112588.53168,1,1761310800000
2025-10-24 13:00:00+00:00,111256.8,111400,110322.3,110883.8,540335.87,5403.3587,599112588.53168,1,1761310800000
2025-10-24 13:00:00+00:00,111256.8,111400,110322.3,110883.8,540335.87,5403.3587,599112588.53168,1,1761310800000
2025-10-24 13:00:00+00:00,111256.8,111400,110322.3,110883.8,540335.87,5403.3587,599112588.53168,1,1761310800000
2025-10-24 13:00:00+00:00,111256.8,111400,110322.3,110883.8,540335.87,5403.3587,599112588.53168,1,1761310800000
2025-10-24 13:00:00+00:00,111256.8,111400,110322.3,110883.8,540335.87,5403.3587,599112588.53168,1,1761310800000
2025-10-24 13:00:00+00:00,111256.8,111400,110322.3,110883.8,540335.87,5403.3587,599112588.53168,1,1761310800000
2025-10-24 13:00:00+00:00,111256.8,111400,110322.3,110883.8,540335.87,5403.3587,599112588.53168,1,1761310800000
2025-10-24 13:00:00+00:00,111256.8,111400,110322.3,110883.8,540335.87,5403.3587,599112588.53168,1,1761310800000
2025-10-24 13:00:00+00:00,111256.8,111400,110322.3,110883.8,540335.87,5403.3587,599112588.53168,1,1761310800000
2025-10-24 13:00:00+00:00,111256.8,111400,110322.3,110883.8,540335.87,5403.3587,599112588.53168,1,1761310800000
2025-10-24 13:00:00+00:00,111256.8,111400,110322.3,110883.8,540335.87,5403.3587,599112588.53168,1,1761310800000
2025-10-24 13:00:00+00:00,111256.8,111400,110322.3,110883.8,540335.87,5403.3587,599112588.53168,1,1761310800000
2025-10-24 13:00:00+00:00,111256.8,111400,110322.3,110883.8,540335.87,5403.3587,599112588.53168,1,1761310800000
2025-10-24 13:00:00+00:00,111256.8,111400,110322.3,110883.8,540335.87,5403.3587,599112588.53168,1,1761310800000
2025-10-24 13:00:00+00:00,111256.8,111400,110322.3,110883.8,540335.87,5403.3587,599112588.53168,1,1761310800000
2025-10-24 13:00:00+00:00,111256.8,111400,110322.3,110883.8,540335.87,5403.3587,599112588.53168,1,1761310800000
2025-10-24 13:00:00+00:00,111256.8,111400,110322.3,110883.8,540335.87,5403.3587,599112588.53168,1,1761310800000
2025-10-24 13:00:00+00:00,111256.8,111400,110322.3,110883.8,540335.87,5403.3587,599112588.53168,1,1761310800000
2025-10-24 13:00:00+00:00,111256.8,111400,110322.3,110883.8,540335.87,5403.3587,599112588.53168,1,1761310800000
2025-10-24 13:00:00+00:00,111256.8,111400,110322.3,110883.8,540335.87,5403.3587,599112588.53168,1,1761310800000
2025-10-24 13:00:00+00:00,111256.8,111400,110322.3,110883.8,540335.87,5403.3587,599112588.53168,1,1761310800000
2025-10-24 13:00:00+00:00,111256.8,111400,110322.3,110883.8,540335.87,5403.3587,599112588.53168,1,1761310800000
2025-10-24 13:00:00+00:00,111256.8,111400,110322.3,110883.8,540335.87,5403.3587,599112588.53168,1,1761310800000
2025-10-24 13:00:00+00:00,111256.8,111400,110322.3,110883.8,540335.87,5403.3587,599112588.53168,1,1761310800000
2025-10-24 13:00:00+00:00,111256.8,111400,110322.3,110883.8,540335.87,5403.3587,599112588.53168,1,1761310800000
2025-10-24 13:00:00+00:00,111256.8,111400,110322.3,110883.8,540335.87,5403.3587,599112588.53168,1,1761310800000
2025-10-24 13:00:00+00:00,111256.8,111400,110322.3,110883.8,540335.87,5403.3587,599112588.53168,1,1761310800000
2025-10-24 13:00:00+00:00,111256.8,111400,110322.3,110883.8,540335.87,5403.3587,599112588.53168,1,1761310800000
2025-10-24 13:00:00+00:00,111256.8,111400,110322.3,110883.8,540335.87,5403.3587,599112588.53168,1,1761310800000
2025-10-24 13:00:00+00:00,111256.8,111400,110322.3,110883.8,540335.87,5403.3587,599112588.53168,1,1761310800000
2025-10-24 13:00:00+00:00,111256.8,111400,110322.3,110883.8,540335.87,5403.3587,599112588.53168,1,1761310800000
2025-10-24 13:00:00+00:00,111256.8,111400,110322.3,110883.8,540335.87,5403.3587,599112588.53168,1,1761310800000
2025-10-24 13:00:00+00:00,111256.8,111400,110322.3,110883.8,540335.87,5403.3587,599112588.53168,1,1761310800000
2025-10-24 13:00:00+00:00,111256.8,111400,110322.3,110883.8,540335.87,5403.3587,599112588.53168,1,1761310800000
2025-10-24 13:00:00+00:00,111256.8,111400,110322.3,110883.8,540335.87,5403.3587,599112588.53168,1,1761310800000
2025-10-24 13:00:00+00:00,111256.8,111400,110322.3,110883.8,540335.87,5403.3587,599112588.53168,1,1761310800000
2025-10-24 13:00:00+00:00,111256.8,111400,110322.3,110883.8,540335.87,5403.3587,599112588.53168,1,1761310800000
2025-10-24 13:00:00+00:00,111256.8,111400,110322.3,110883.8,540335.87,5403.3587,599112588.53168,1,1761310800000
2025-10-24 13:00:00+00:00,111256.8,111400,110322.3,110883.8,540335.87,5403.3587,599112588.53168,1,1761310800000
2025-10-24 13:00:00+00:00,111256.8,111400,110322.3,110883.8,540335.87,5403.3587,599112588.53168,1,1761310800000
2025-10-24 13:00:00+00:00,111256.8,111400,110322.3,110883.8,540335.87,5403.3587,599112588.53168,1,1761310800000
2025-10-24 13:00:00+00:00,111256.8,111400,110322.3,110883.8,540335.87,5403.3587,599112588.53168,1,1761310800000
2025-10-24 13:00:00+00:00,111256.8,111400,110322.3,110883.8,540335.87,5403.3587,599112588.53168,1,1761310800000
2025-10-24 13:00:00+00:00,111256.8,111400,110322.3,110883.8,540335.87,5403.3587,599112588.53168,1,1761310800000
2025-10-24 13:00:00+00:00,111256.8,111400,110322.3,110883.8,540335.87,5403.3587,599112588.53168,1,1761310800000
2025-10-24 13:00:00+00:00,111256.8,111400,110322.3,110883.8,540335.87,5403.3587,599112588.53168,1,1761310800000
2025-10-24 13:00:00+00:00,111256.8,111400,110322.3,110883.8,540335.87,5403.3587,599112588.53168,1,1761310800000
2025-10-24 13:00:00+00:00,111256.8,111400,110322.3,110883.8,540335.87,5403.3587,599112588.53168,1,1761310800000
2025-10-24 13:00:00+00:00,111256.8,111400,110322.3,110883.8,540335.87,5403.3587,599112588.53168,1,1761310800000
2025-10-24 13:00:00+00:00,111256.8,111400,110322.3,110883.8,540335.87,5403.3587,599112588.53168,1,1761310800000
2025-10-24 13:00:00+00:00,111256.8,111400,110322.3,110883.8,540335.87,5403.3587,599112588.53168,1,1761310800000
2025-10-24 13:00:00+00:00,111256.8,111400,110322.3,110883.8,540335.87,5403.3587,599112588.53168,1,1761310800000
2025-10-24 13:00:00+00:00,111256.8,111400,110322.3,110883.8,540335.87,5403.3587,599112588.53168,1,1761310800000
2025-10-24 13:00:00+00:00,111256.8,111400,110322.3,110883.8,540335.87,5403.3587,599112588.53168,1,1761310800000
2025-10-24 13:00:00+00:00,111256.8,111400,110322.3,110883.8,540335.87,5403.3587,599112588.53168,1,1761310800000
2025-10-24 13:00:00+00:00,111256.8,111400,110322.3,110883.8,540335.87,5403.3587,599112588.53168,1,1761310800000
2025-10-24 13:00:00+00:00,111256.8,111400,110322.3,110883.8,540335.87,5403.3587,599112588.53168,1,1761310800000
2025-10-24 13:00:00+00:00,111256.8,111400,110322.3,110883.8,540335.87,5403.3587,599112588.53168,1,1761310800000
2025-10-24 13:00:00+00:00,111256.8,111400,110322.3,110883.8,540335.87,5403.3587,599112588.53168,1,1761310800000
2025-10-24 13:00:00+00:00,111256.8,111400,110322.3,110883.8,540335.87,5403.3587,599112588.53168,1,1761310800000
2025-10-24 13:00:00+00:00,111256.8,111400,110322.3,110883.8,540335.87,5403.3587,599112588.53168,1,1761310800000
2025-10-24 13:00:00+00:00,111256.8,111400,110322.3,110883.8,540335.87,5403.3587,599112588.53168,1,1761310800000
2025-10-24 13:00:00+00:00,111256.8,111400,110322.3,110883.8,540335.87,5403.3587,599112588.53168,1,1761310800000
2025-10-24 13:00:00+00:00,111256.8,111400,110322.3,110883.8,540335.87,5403.3587,599112588.53168,1,1761310800000
2025-10-24 13:00:00+00:00,111256.8,111400,110322.3,110883.8,540335.87,5403.3587,599112588.53168,1,1761310800000
2025-10-24 13:00:00+00:00,111256.8,111400,110322.3,110883.8,540335.87,5403.3587,599112588.53168,1,1761310800000
2025-10-24 13:00:00+00:00,111256.8,111400,110322.3,110883.8,540335.87,5403.3587,599112588.53168,1,1761310800000
2025-10-24 13:00:00+00:00,111256.8,111400,110322.3,110883.8,540335.87,5403.3587,599112588.53168,1,1761310800000
2025-10-24 13:00:00+00:00,111256.8,111400,110322.3,110883.8,540335.87,5403.3587,599112588.53168,1,1761310800000
2025-10-24 13:00:00+00:00,111256.8,111400,110322.3,110883.8,540335.87,5403.3587,599112588.53168,1,1761310800000
2025-10-24 13:00:00+00:00,111256.8,111400,110322.3,110883.8,540335.87,5403.3587,599112588.53168,1,1761310800000
2025-10-24 13:00:00+00:00,111256.8,111400,110322.3,110883.8,540335.87,5403.3587,599112588.53168,1,1761310800000
2025-10-24 14:00:00+00:00,110883.8,110883.8,109641.7,110168.7,681573.66,6815.7366,750242512.74191,1,1761314400000
2025-10-24 14:00:00+00:00,110883.8,110883.8,109641.7,110168.7,681573.66,6815.7366,750242512.74191,1,1761314400000
2025-10-24 14:00:00+00:00,110883.8,110883.8,109641.7,110168.7,681573.66,6815.7366,750242512.74191,1,1761314400000
2025-10-24 14:00:00+00:00,110883.8,110883.8,109641.7,110168.7,681573.66,6815.7366,750242512.74191,1,1761314400000
2025-10-24 14:00:00+00:00,110883.8,110883.8,109641.7,110168.7,681573.66,6815.7366,750242512.74191,1,1761314400000
2025-10-24 14:00:00+00:00,110883.8,110883.8,109641.7,110168.7,681573.66,6815.7366,750242512.74191,1,1761314400000
2025-10-24 14:00:00+00:00,110883.8,110883.8,109641.7,110168.7,681573.66,6815.7366,750242512.74191,1,1761314400000
2025-10-24 14:00:00+00:00,110883.8,110883.8,109641.7,110168.7,681573.66,6815.7366,750242512.74191,1,1761314400000
2025-10-24 14:00:00+00:00,110883.8,110883.8,109641.7,110168.7,681573.66,6815.7366,750242512.74191,1,1761314400000
2025-10-24 14:00:00+00:00,110883.8,110883.8,109641.7,110168.7,681573.66,6815.7366,750242512.74191,1,1761314400000
2025-10-24 14:00:00+00:00,110883.8,110883.8,109641.7,110168.7,681573.66,6815.7366,750242512.74191,1,1761314400000
2025-10-24 14:00:00+00:00,110883.8,110883.8,109641.7,110168.7,681573.66,6815.7366,750242512.74191,1,1761314400000
2025-10-24 14:00:00+00:00,110883.8,110883.8,109641.7,110168.7,681573.66,6815.7366,750242512.74191,1,1761314400000
2025-10-24 14:00:00+00:00,110883.8,110883.8,109641.7,110168.7,681573.66,6815.7366,750242512.74191,1,1761314400000
2025-10-24 14:00:00+00:00,110883.8,110883.8,109641.7,110168.7,681573.66,6815.7366,750242512.74191,1,1761314400000
2025-10-24 14:00:00+00:00,110883.8,110883.8,109641.7,110168.7,681573.66,6815.7366,750242512.74191,1,1761314400000
2025-10-24 14:00:00+00:00,110883.8,110883.8,109641.7,110168.7,681573.66,6815.7366,750242512.74191,1,1761314400000
2025-10-24 14:00:00+00:00,110883.8,110883.8,109641.7,110168.7,681573.66,6815.7366,750242512.74191,1,1761314400000
2025-10-24 14:00:00+00:00,110883.8,110883.8,109641.7,110168.7,681573.66,6815.7366,750242512.74191,1,1761314400000
2025-10-24 14:00:00+00:00,110883.8,110883.8,109641.7,110168.7,681573.66,6815.7366,750242512.74191,1,1761314400000
2025-10-24 14:00:00+00:00,110883.8,110883.8,109641.7,110168.7,681573.66,6815.7366,750242512.74191,1,1761314400000
2025-10-24 14:00:00+00:00,110883.8,110883.8,109641.7,110168.7,681573.66,6815.7366,750242512.74191,1,1761314400000
2025-10-24 14:00:00+00:00,110883.8,110883.8,109641.7,110168.7,681573.66,6815.7366,750242512.74191,1,1761314400000
2025-10-24 14:00:00+00:00,110883.8,110883.8,109641.7,110168.7,681573.66,6815.7366,750242512.74191,1,1761314400000
2025-10-24 14:00:00+00:00,110883.8,110883.8,109641.7,110168.7,681573.66,6815.7366,750242512.74191,1,1761314400000
2025-10-24 14:00:00+00:00,110883.8,110883.8,109641.7,110168.7,681573.66,6815.7366,750242512.74191,1,1761314400000
2025-10-24 14:00:00+00:00,110883.8,110883.8,109641.7,110168.7,681573.66,6815.7366,750242512.74191,1,1761314400000
2025-10-24 14:00:00+00:00,110883.8,110883.8,109641.7,110168.7,681573.66,6815.7366,750242512.74191,1,1761314400000
2025-10-24 14:00:00+00:00,110883.8,110883.8,109641.7,110168.7,681573.66,6815.7366,750242512.74191,1,1761314400000
2025-10-24 14:00:00+00:00,110883.8,110883.8,109641.7,110168.7,681573.66,6815.7366,750242512.74191,1,1761314400000
2025-10-24 14:00:00+00:00,110883.8,110883.8,109641.7,110168.7,681573.66,6815.7366,750242512.74191,1,1761314400000
2025-10-24 14:00:00+00:00,110883.8,110883.8,109641.7,110168.7,681573.66,6815.7366,750242512.74191,1,1761314400000
2025-10-24 14:00:00+00:00,110883.8,110883.8,109641.7,110168.7,681573.66,6815.7366,750242512.74191,1,1761314400000
2025-10-24 14:00:00+00:00,110883.8,110883.8,109641.7,110168.7,681573.66,6815.7366,750242512.74191,1,1761314400000
2025-10-24 14:00:00+00:00,110883.8,110883.8,109641.7,110168.7,681573.66,6815.7366,750242512.74191,1,1761314400000
2025-10-24 14:00:00+00:00,110883.8,110883.8,109641.7,110168.7,681573.66,6815.7366,750242512.74191,1,1761314400000
2025-10-24 14:00:00+00:00,110883.8,110883.8,109641.7,110168.7,681573.66,6815.7366,750242512.74191,1,1761314400000
2025-10-24 14:00:00+00:00,110883.8,110883.8,109641.7,110168.7,681573.66,6815.7366,750242512.74191,1,1761314400000
2025-10-24 14:00:00+00:00,110883.8,110883.8,109641.7,110168.7,681573.66,6815.7366,750242512.74191,1,1761314400000
2025-10-24 14:00:00+00:00,110883.8,110883.8,109641.7,110168.7,681573.66,6815.7366,750242512.74191,1,1761314400000
2025-10-24 14:00:00+00:00,110883.8,110883.8,109641.7,110168.7,681573.66,6815.7366,750242512.74191,1,1761314400000
2025-10-24 14:00:00+00:00,110883.8,110883.8,109641.7,110168.7,681573.66,6815.7366,750242512.74191,1,1761314400000
2025-10-24 14:00:00+00:00,110883.8,110883.8,109641.7,110168.7,681573.66,6815.7366,750242512.74191,1,1761314400000
2025-10-24 14:00:00+00:00,110883.8,110883.8,109641.7,110168.7,681573.66,6815.7366,750242512.74191,1,1761314400000
2025-10-24 14:00:00+00:00,110883.8,110883.8,109641.7,110168.7,681573.66,6815.7366,750242512.74191,1,1761314400000
2025-10-24 14:00:00+00:00,110883.8,110883.8,109641.7,110168.7,681573.66,6815.7366,750242512.74191,1,1761314400000
2025-10-24 14:00:00+00:00,110883.8,110883.8,109641.7,110168.7,681573.66,6815.7366,750242512.74191,1,1761314400000
2025-10-24 14:00:00+00:00,110883.8,110883.8,109641.7,110168.7,681573.66,6815.7366,750242512.74191,1,1761314400000
2025-10-24 14:00:00+00:00,110883.8,110883.8,109641.7,110168.7,681573.66,6815.7366,750242512.74191,1,1761314400000
2025-10-24 14:00:00+00:00,110883.8,110883.8,109641.7,110168.7,681573.66,6815.7366,750242512.74191,1,1761314400000
2025-10-24 14:00:00+00:00,110883.8,110883.8,109641.7,110168.7,681573.66,6815.7366,750242512.74191,1,1761314400000
2025-10-24 14:00:00+00:00,110883.8,110883.8,109641.7,110168.7,681573.66,6815.7366,750242512.74191,1,1761314400000
2025-10-24 14:00:00+00:00,110883.8,110883.8,109641.7,110168.7,681573.66,6815.7366,750242512.74191,1,1761314400000
2025-10-24 14:00:00+00:00,110883.8,110883.8,109641.7,110168.7,681573.66,6815.7366,750242512.74191,1,1761314400000
2025-10-24 14:00:00+00:00,110883.8,110883.8,109641.7,110168.7,681573.66,6815.7366,750242512.74191,1,1761314400000
2025-10-24 14:00:00+00:00,110883.8,110883.8,109641.7,110168.7,681573.66,6815.7366,750242512.74191,1,1761314400000
2025-10-24 14:00:00+00:00,110883.8,110883.8,109641.7,110168.7,681573.66,6815.7366,750242512.74191,1,1761314400000
2025-10-24 14:00:00+00:00,110883.8,110883.8,109641.7,110168.7,681573.66,6815.7366,750242512.74191,1,1761314400000
2025-10-24 14:00:00+00:00,110883.8,110883.8,109641.7,110168.7,681573.66,6815.7366,750242512.74191,1,1761314400000
2025-10-24 14:00:00+00:00,110883.8,110883.8,109641.7,110168.7,681573.66,6815.7366,750242512.74191,1,1761314400000
2025-10-24 14:00:00+00:00,110883.8,110883.8,109641.7,110168.7,681573.66,6815.7366,750242512.74191,1,1761314400000
2025-10-24 14:00:00+00:00,110883.8,110883.8,109641.7,110168.7,681573.66,6815.7366,750242512.74191,1,1761314400000
2025-10-24 14:00:00+00:00,110883.8,110883.8,109641.7,110168.7,681573.66,6815.7366,750242512.74191,1,1761314400000
2025-10-24 14:00:00+00:00,110883.8,110883.8,109641.7,110168.7,681573.66,6815.7366,750242512.74191,1,1761314400000
2025-10-24 14:00:00+00:00,110883.8,110883.8,109641.7,110168.7,681573.66,6815.7366,750242512.74191,1,1761314400000
2025-10-24 14:00:00+00:00,110883.8,110883.8,109641.7,110168.7,681573.66,6815.7366,750242512.74191,1,1761314400000
2025-10-24 14:00:00+00:00,110883.8,110883.8,109641.7,110168.7,681573.66,6815.7366,750242512.74191,1,1761314400000
2025-10-24 14:00:00+00:00,110883.8,110883.8,109641.7,110168.7,681573.66,6815.7366,750242512.74191,1,1761314400000
2025-10-24 14:00:00+00:00,110883.8,110883.8,109641.7,110168.7,681573.66,6815.7366,750242512.74191,1,1761314400000
2025-10-24 14:00:00+00:00,110883.8,110883.8,109641.7,110168.7,681573.66,6815.7366,750242512.74191,1,1761314400000
2025-10-24 14:00:00+00:00,110883.8,110883.8,109641.7,110168.7,681573.66,6815.7366,750242512.74191,1,1761314400000
2025-10-24 14:00:00+00:00,110883.8,110883.8,109641.7,110168.7,681573.66,6815.7366,750242512.74191,1,1761314400000
2025-10-24 14:00:00+00:00,110883.8,110883.8,109641.7,110168.7,681573.66,6815.7366,750242512.74191,1,1761314400000
2025-10-24 14:00:00+00:00,110883.8,110883.8,109641.7,110168.7,681573.66,6815.7366,750242512.74191,1,1761314400000
2025-10-24 14:00:00+00:00,110883.8,110883.8,109641.7,110168.7,681573.66,6815.7366,750242512.74191,1,1761314400000
2025-10-24 14:00:00+00:00,110883.8,110883.8,109641.7,110168.7,681573.66,6815.7366,750242512.74191,1,1761314400000
2025-10-24 14:00:00+00:00,110883.8,110883.8,109641.7,110168.7,681573.66,6815.7366,750242512.74191,1,1761314400000
2025-10-24 14:00:00+00:00,110883.8,110883.8,109641.7,110168.7,681573.66,6815.7366,750242512.74191,1,1761314400000
2025-10-24 14:00:00+00:00,110883.8,110883.8,109641.7,110168.7,681573.66,6815.7366,750242512.74191,1,1761314400000
2025-10-24 14:00:00+00:00,110883.8,110883.8,109641.7,110168.7,681573.66,6815.7366,750242512.74191,1,1761314400000
2025-10-24 14:00:00+00:00,110883.8,110883.8,109641.7,110168.7,681573.66,6815.7366,750242512.74191,1,1761314400000
2025-10-24 14:00:00+00:00,110883.8,110883.8,109641.7,110168.7,681573.66,6815.7366,750242512.74191,1,1761314400000
2025-10-24 14:00:00+00:00,110883.8,110883.8,109641.7,110168.7,681573.66,6815.7366,750242512.74191,1,1761314400000
2025-10-24 14:00:00+00:00,110883.8,110883.8,109641.7,110168.7,681573.66,6815.7366,750242512.74191,1,1761314400000
2025-10-24 14:00:00+00:00,110883.8,110883.8,109641.7,110168.7,681573.66,6815.7366,750242512.74191,1,1761314400000
2025-10-24 14:00:00+00:00,110883.8,110883.8,109641.7,110168.7,681573.66,6815.7366,750242512.74191,1,1761314400000
2025-10-24 14:00:00+00:00,110883.8,110883.8,109641.7,110168.7,681573.66,6815.7366,750242512.74191,1,1761314400000
2025-10-24 14:00:00+00:00,110883.8,110883.8,109641.7,110168.7,681573.66,6815.7366,750242512.74191,1,1761314400000
2025-10-24 14:00:00+00:00,110883.8,110883.8,109641.7,110168.7,681573.66,6815.7366,750242512.74191,1,1761314400000
2025-10-24 14:00:00+00:00,110883.8,110883.8,109641.7,110168.7,681573.66,6815.7366,750242512.74191,1,1761314400000
2025-10-24 14:00:00+00:00,110883.8,110883.8,109641.7,110168.7,681573.66,6815.7366,750242512.74191,1,1761314400000
2025-10-24 14:00:00+00:00,110883.8,110883.8,109641.7,110168.7,681573.66,6815.7366,750242512.74191,1,1761314400000
2025-10-24 14:00:00+00:00,110883.8,110883.8,109641.7,110168.7,681573.66,6815.7366,750242512.74191,1,1761314400000
2025-10-24 14:00:00+00:00,110883.8,110883.8,109641.7,110168.7,681573.66,6815.7366,750242512.74191,1,1761314400000
2025-10-24 14:00:00+00:00,110883.8,110883.8,109641.7,110168.7,681573.66,6815.7366,750242512.74191,1,1761314400000
2025-10-24 14:00:00+00:00,110883.8,110883.8,109641.7,110168.7,681573.66,6815.7366,750242512.74191,1,1761314400000
2025-10-24 14:00:00+00:00,110883.8,110883.8,109641.7,110168.7,681573.66,6815.7366,750242512.74191,1,1761314400000
2025-10-24 14:00:00+00:00,110883.8,110883.8,109641.7,110168.7,681573.66,6815.7366,750242512.74191,1,1761314400000
2025-10-24 14:00:00+00:00,110883.8,110883.8,109641.7,110168.7,681573.66,6815.7366,750242512.74191,1,1761314400000
2025-10-24 15:00:00+00:00,110168.8,110562.7,109825.3,110003.6,352976.7,3529.767,389139628.89076,1,1761318000000
2025-10-24 15:00:00+00:00,110168.8,110562.7,109825.3,110003.6,352976.7,3529.767,389139628.89076,1,1761318000000
2025-10-24 15:00:00+00:00,110168.8,110562.7,109825.3,110003.6,352976.7,3529.767,389139628.89076,1,1761318000000
2025-10-24 15:00:00+00:00,110168.8,110562.7,109825.3,110003.6,352976.7,3529.767,389139628.89076,1,1761318000000
2025-10-24 15:00:00+00:00,110168.8,110562.7,109825.3,110003.6,352976.7,3529.767,389139628.89076,1,1761318000000
2025-10-24 15:00:00+00:00,110168.8,110562.7,109825.3,110003.6,352976.7,3529.767,389139628.89076,1,1761318000000
2025-10-24 15:00:00+00:00,110168.8,110562.7,109825.3,110003.6,352976.7,3529.767,389139628.89076,1,1761318000000
2025-10-24 15:00:00+00:00,110168.8,110562.7,109825.3,110003.6,352976.7,3529.767,389139628.89076,1,1761318000000
2025-10-24 15:00:00+00:00,110168.8,110562.7,109825.3,110003.6,352976.7,3529.767,389139628.89076,1,1761318000000
2025-10-24 15:00:00+00:00,110168.8,110562.7,109825.3,110003.6,352976.7,3529.767,389139628.89076,1,1761318000000
2025-10-24 15:00:00+00:00,110168.8,110562.7,109825.3,110003.6,352976.7,3529.767,389139628.89076,1,1761318000000
2025-10-24 15:00:00+00:00,110168.8,110562.7,109825.3,110003.6,352976.7,3529.767,389139628.89076,1,1761318000000
2025-10-24 15:00:00+00:00,110168.8,110562.7,109825.3,110003.6,352976.7,3529.767,389139628.89076,1,1761318000000
2025-10-24 15:00:00+00:00,110168.8,110562.7,109825.3,110003.6,352976.7,3529.767,389139628.89076,1,1761318000000
2025-10-24 15:00:00+00:00,110168.8,110562.7,109825.3,110003.6,352976.7,3529.767,389139628.89076,1,1761318000000
2025-10-24 15:00:00+00:00,110168.8,110562.7,109825.3,110003.6,352976.7,3529.767,389139628.89076,1,1761318000000
2025-10-24 15:00:00+00:00,110168.8,110562.7,109825.3,110003.6,352976.7,3529.767,389139628.89076,1,1761318000000
2025-10-24 15:00:00+00:00,110168.8,110562.7,109825.3,110003.6,352976.7,3529.767,389139628.89076,1,1761318000000
2025-10-24 15:00:00+00:00,110168.8,110562.7,109825.3,110003.6,352976.7,3529.767,389139628.89076,1,1761318000000
2025-10-24 15:00:00+00:00,110168.8,110562.7,109825.3,110003.6,352976.7,3529.767,389139628.89076,1,1761318000000
2025-10-24 15:00:00+00:00,110168.8,110562.7,109825.3,110003.6,352976.7,3529.767,389139628.89076,1,1761318000000
2025-10-24 15:00:00+00:00,110168.8,110562.7,109825.3,110003.6,352976.7,3529.767,389139628.89076,1,1761318000000
2025-10-24 15:00:00+00:00,110168.8,110562.7,109825.3,110003.6,352976.7,3529.767,389139628.89076,1,1761318000000
2025-10-24 15:00:00+00:00,110168.8,110562.7,109825.3,110003.6,352976.7,3529.767,389139628.89076,1,1761318000000
2025-10-24 15:00:00+00:00,110168.8,110562.7,109825.3,110003.6,352976.7,3529.767,389139628.89076,1,1761318000000
2025-10-24 15:00:00+00:00,110168.8,110562.7,109825.3,110003.6,352976.7,3529.767,389139628.89076,1,1761318000000
2025-10-24 15:00:00+00:00,110168.8,110562.7,109825.3,110003.6,352976.7,3529.767,389139628.89076,1,1761318000000
2025-10-24 15:00:00+00:00,110168.8,110562.7,109825.3,110003.6,352976.7,3529.767,389139628.89076,1,1761318000000
2025-10-24 15:00:00+00:00,110168.8,110562.7,109825.3,110003.6,352976.7,3529.767,389139628.89076,1,1761318000000
2025-10-24 15:00:00+00:00,110168.8,110562.7,109825.3,110003.6,352976.7,3529.767,389139628.89076,1,1761318000000
2025-10-24 15:00:00+00:00,110168.8,110562.7,109825.3,110003.6,352976.7,3529.767,389139628.89076,1,1761318000000
2025-10-24 15:00:00+00:00,110168.8,110562.7,109825.3,110003.6,352976.7,3529.767,389139628.89076,1,1761318000000
2025-10-24 15:00:00+00:00,110168.8,110562.7,109825.3,110003.6,352976.7,3529.767,389139628.89076,1,1761318000000
2025-10-24 15:00:00+00:00,110168.8,110562.7,109825.3,110003.6,352976.7,3529.767,389139628.89076,1,1761318000000
2025-10-24 15:00:00+00:00,110168.8,110562.7,109825.3,110003.6,352976.7,3529.767,389139628.89076,1,1761318000000
2025-10-24 15:00:00+00:00,110168.8,110562.7,109825.3,110003.6,352976.7,3529.767,389139628.89076,1,1761318000000
2025-10-24 15:00:00+00:00,110168.8,110562.7,109825.3,110003.6,352976.7,3529.767,389139628.89076,1,1761318000000
2025-10-24 15:00:00+00:00,110168.8,110562.7,109825.3,110003.6,352976.7,3529.767,389139628.89076,1,1761318000000
2025-10-24 15:00:00+00:00,110168.8,110562.7,109825.3,110003.6,352976.7,3529.767,389139628.89076,1,1761318000000
2025-10-24 15:00:00+00:00,110168.8,110562.7,109825.3,110003.6,352976.7,3529.767,389139628.89076,1,1761318000000
2025-10-24 15:00:00+00:00,110168.8,110562.7,109825.3,110003.6,352976.7,3529.767,389139628.89076,1,1761318000000
2025-10-24 15:00:00+00:00,110168.8,110562.7,109825.3,110003.6,352976.7,3529.767,389139628.89076,1,1761318000000
2025-10-24 15:00:00+00:00,110168.8,110562.7,109825.3,110003.6,352976.7,3529.767,389139628.89076,1,1761318000000
2025-10-24 15:00:00+00:00,110168.8,110562.7,109825.3,110003.6,352976.7,3529.767,389139628.89076,1,1761318000000
2025-10-24 15:00:00+00:00,110168.8,110562.7,109825.3,110003.6,352976.7,3529.767,389139628.89076,1,1761318000000
2025-10-24 15:00:00+00:00,110168.8,110562.7,109825.3,110003.6,352976.7,3529.767,389139628.89076,1,1761318000000
2025-10-24 15:00:00+00:00,110168.8,110562.7,109825.3,110003.6,352976.7,3529.767,389139628.89076,1,1761318000000
2025-10-24 15:00:00+00:00,110168.8,110562.7,109825.3,110003.6,352976.7,3529.767,389139628.89076,1,1761318000000
2025-10-24 15:00:00+00:00,110168.8,110562.7,109825.3,110003.6,352976.7,3529.767,389139628.89076,1,1761318000000
2025-10-24 15:00:00+00:00,110168.8,110562.7,109825.3,110003.6,352976.7,3529.767,389139628.89076,1,1761318000000
2025-10-24 15:00:00+00:00,110168.8,110562.7,109825.3,110003.6,352976.7,3529.767,389139628.89076,1,1761318000000
2025-10-24 15:00:00+00:00,110168.8,110562.7,109825.3,110003.6,352976.7,3529.767,389139628.89076,1,1761318000000
2025-10-24 15:00:00+00:00,110168.8,110562.7,109825.3,110003.6,352976.7,3529.767,389139628.89076,1,1761318000000
2025-10-24 15:00:00+00:00,110168.8,110562.7,109825.3,110003.6,352976.7,3529.767,389139628.89076,1,1761318000000
2025-10-24 15:00:00+00:00,110168.8,110562.7,109825.3,110003.6,352976.7,3529.767,389139628.89076,1,1761318000000
2025-10-24 15:00:00+00:00,110168.8,110562.7,109825.3,110003.6,352976.7,3529.767,389139628.89076,1,1761318000000
2025-10-24 15:00:00+00:00,110168.8,110562.7,109825.3,110003.6,352976.7,3529.767,389139628.89076,1,1761318000000
2025-10-24 15:00:00+00:00,110168.8,110562.7,109825.3,110003.6,352976.7,3529.767,389139628.89076,1,1761318000000
2025-10-24 15:00:00+00:00,110168.8,110562.7,109825.3,110003.6,352976.7,3529.767,389139628.89076,1,1761318000000
2025-10-24 15:00:00+00:00,110168.8,110562.7,109825.3,110003.6,352976.7,3529.767,389139628.89076,1,1761318000000
2025-10-24 15:00:00+00:00,110168.8,110562.7,109825.3,110003.6,352976.7,3529.767,389139628.89076,1,1761318000000
2025-10-24 15:00:00+00:00,110168.8,110562.7,109825.3,110003.6,352976.7,3529.767,389139628.89076,1,1761318000000
2025-10-24 15:00:00+00:00,110168.8,110562.7,109825.3,110003.6,352976.7,3529.767,389139628.89076,1,1761318000000
2025-10-24 15:00:00+00:00,110168.8,110562.7,109825.3,110003.6,352976.7,3529.767,389139628.89076,1,1761318000000
2025-10-24 15:00:00+00:00,110168.8,110562.7,109825.3,110003.6,352976.7,3529.767,389139628.89076,1,1761318000000
2025-10-24 15:00:00+00:00,110168.8,110562.7,109825.3,110003.6,352976.7,3529.767,389139628.89076,1,1761318000000
2025-10-24 15:00:00+00:00,110168.8,110562.7,109825.3,110003.6,352976.7,3529.767,389139628.89076,1,1761318000000
2025-10-24 15:00:00+00:00,110168.8,110562.7,109825.3,110003.6,352976.7,3529.767,389139628.89076,1,1761318000000
2025-10-24 15:00:00+00:00,110168.8,110562.7,109825.3,110003.6,352976.7,3529.767,389139628.89076,1,1761318000000
2025-10-24 15:00:00+00:00,110168.8,110562.7,109825.3,110003.6,352976.7,3529.767,389139628.89076,1,1761318000000
2025-10-24 15:00:00+00:00,110168.8,110562.7,109825.3,110003.6,352976.7,3529.767,389139628.89076,1,1761318000000
2025-10-24 15:00:00+00:00,110168.8,110562.7,109825.3,110003.6,352976.7,3529.767,389139628.89076,1,1761318000000
2025-10-24 15:00:00+00:00,110168.8,110562.7,109825.3,110003.6,352976.7,3529.767,389139628.89076,1,1761318000000
2025-10-24 15:00:00+00:00,110168.8,110562.7,109825.3,110003.6,352976.7,3529.767,389139628.89076,1,1761318000000
2025-10-24 15:00:00+00:00,110168.8,110562.7,109825.3,110003.6,352976.7,3529.767,389139628.89076,1,1761318000000
2025-10-24 15:00:00+00:00,110168.8,110562.7,109825.3,110003.6,352976.7,3529.767,389139628.89076,1,1761318000000
2025-10-24 15:00:00+00:00,110168.8,110562.7,109825.3,110003.6,352976.7,3529.767,389139628.89076,1,1761318000000
2025-10-24 15:00:00+00:00,110168.8,110562.7,109825.3,110003.6,352976.7,3529.767,389139628.89076,1,1761318000000
2025-10-24 15:00:00+00:00,110168.8,110562.7,109825.3,110003.6,352976.7,3529.767,389139628.89076,1,1761318000000
2025-10-24 15:00:00+00:00,110168.8,110562.7,109825.3,110003.6,352976.7,3529.767,389139628.89076,1,1761318000000
2025-10-24 15:00:00+00:00,110168.8,110562.7,109825.3,110003.6,352976.7,3529.767,389139628.89076,1,1761318000000
2025-10-24 15:00:00+00:00,110168.8,110562.7,109825.3,110003.6,352976.7,3529.767,389139628.89076,1,1761318000000
2025-10-24 15:00:00+00:00,110168.8,110562.7,109825.3,110003.6,352976.7,3529.767,389139628.89076,1,1761318000000
2025-10-24 15:00:00+00:00,110168.8,110562.7,109825.3,110003.6,352976.7,3529.767,389139628.89076,1,1761318000000
2025-10-24 15:00:00+00:00,110168.8,110562.7,109825.3,110003.6,352976.7,3529.767,389139628.89076,1,1761318000000
2025-10-24 15:00:00+00:00,110168.8,110562.7,109825.3,110003.6,352976.7,3529.767,389139628.89076,1,1761318000000
2025-10-24 15:00:00+00:00,110168.8,110562.7,109825.3,110003.6,352976.7,3529.767,389139628.89076,1,1761318000000
2025-10-24 15:00:00+00:00,110168.8,110562.7,109825.3,110003.6,352976.7,3529.767,389139628.89076,1,1761318000000
2025-10-24 15:00:00+00:00,110168.8,110562.7,109825.3,110003.6,352976.7,3529.767,389139628.89076,1,1761318000000
2025-10-24 15:00:00+00:00,110168.8,110562.7,109825.3,110003.6,352976.7,3529.767,389139628.89076,1,1761318000000
2025-10-24 15:00:00+00:00,110168.8,110562.7,109825.3,110003.6,352976.7,3529.767,389139628.89076,1,1761318000000
2025-10-24 15:00:00+00:00,110168.8,110562.7,109825.3,110003.6,352976.7,3529.767,389139628.89076,1,1761318000000
2025-10-24 15:00:00+00:00,110168.8,110562.7,109825.3,110003.6,352976.7,3529.767,389139628.89076,1,1761318000000
2025-10-24 15:00:00+00:00,110168.8,110562.7,109825.3,110003.6,352976.7,3529.767,389139628.89076,1,1761318000000
2025-10-24 15:00:00+00:00,110168.8,110562.7,109825.3,110003.6,352976.7,3529.767,389139628.89076,1,1761318000000
2025-10-24 15:00:00+00:00,110168.8,110562.7,109825.3,110003.6,352976.7,3529.767,389139628.89076,1,1761318000000
2025-10-24 15:00:00+00:00,110168.8,110562.7,109825.3,110003.6,352976.7,3529.767,389139628.89076,1,1761318000000
2025-10-24 15:00:00+00:00,110168.8,110562.7,109825.3,110003.6,352976.7,3529.767,389139628.89076,1,1761318000000
2025-10-24 15:00:00+00:00,110168.8,110562.7,109825.3,110003.6,352976.7,3529.767,389139628.89076,1,1761318000000
2025-10-24 15:00:00+00:00,110168.8,110562.7,109825.3,110003.6,352976.7,3529.767,389139628.89076,1,1761318000000
