UID:548615070318948634,Account Type:Main
id,Order id,Time,Trade Type,Symbol,Action,Amount,Trading Unit,Filled Price,PnL,Fee,Fee Unit,Position Change,Position Balance,Balance Change,Balance,Balance Unit
3157093415232987137,3157093415199432704,2025-12-24 18:45:15,Swap,ETH-USDT-SWAP,Sell,0.36,cont,2923.90000000,0.00000000,-0.05263020,USDT,0.00000000,0.00000000,-0.05263020,344.33767955,USDT
3157070653516931074,3157070653449822208,2025-12-24 18:33:57,Swap,ETH-USDT-SWAP,Buy,0.13,cont,2925.28000000,-0.24999000,-0.01901432,USDT,0.00000000,0.00000000,-0.26900432,344.39030975,USDT
3157070653516931072,3157070653449822208,2025-12-24 18:33:57,Swap,ETH-USDT-SWAP,Buy,0.07,cont,2925.28000000,-0.13461000,-0.01023848,USDT,0.00000000,0.00000000,-0.14484848,345.23870799,USDT
3157070653516931073,3157070653449822208,2025-12-24 18:33:57,Swap,ETH-USDT-SWAP,Buy,0.28,cont,2925.28000000,-0.53844000,-0.04095392,USDT,0.00000000,0.00000000,-0.57939392,344.65931407,USDT
3156972640349970433,3156972640316416000,2025-12-24 17:45:16,Swap,ETH-USDT-SWAP,Sell,0.03,cont,2906.05000000,0.00000000,-0.00435908,USDT,0.00000000,0.00000000,-0.00435908,345.44894260,USDT
3156972640349970435,3156972640316416000,2025-12-24 17:45:16,Swap,ETH-USDT-SWAP,Sell,0.42,cont,2906.05000000,0.00000000,-0.06102705,USDT,0.00000000,0.00000000,-0.06102705,345.38355647,USDT
3156972640349970434,3156972640316416000,2025-12-24 17:45:16,Swap,ETH-USDT-SWAP,Sell,0.03,cont,2906.05000000,0.00000000,-0.00435908,USDT,0.00000000,0.00000000,-0.00435908,345.44458352,USDT
3156957668765065217,3156957668731510787,2025-12-24 17:37:50,Swap,SOL-USDT-SWAP,Buy,0.85,cont,120.98000000,0.90100000,-0.05141650,USDT,0.00000000,0.00000000,0.84958350,345.45330167,USDT
3156639904368156692,0,2025-12-24 15:00:00,Swap,MINA-USDT-SWAP,Funding fee expense,10617,cont,0.07479000,-0.03970228,0.00000000,USDT,-0.03970227,132.90547432,0.00000000,344.60371817,USDT
3156610441228050433,3156610441160941568,2025-12-24 14:45:22,Swap,SOL-USDT-SWAP,Sell,0.85,cont,122.04000000,0.00000000,-0.05186700,USDT,0.00000000,0.00000000,-0.05186700,344.60371817,USDT
3156446880518365184,3156446880484810752,2025-12-24 13:24:07,Swap,ETH-USDT-SWAP,Buy,0.29,cont,2928.38000000,-0.05713000,-0.04246151,USDT,0.00000000,0.00000000,-0.09959151,344.65558517,USDT
3156446788948320256,3156446788914765824,2025-12-24 13:24:04,Swap,SUI-USDT-SWAP,Buy,57,cont,1.40760000,-0.35340000,-0.04011660,USDT,0.00000000,0.00000000,-0.39351660,344.75517668,USDT
3156446721235476480,3156446721201922048,2025-12-24 13:24:02,Swap,SOL-USDT-SWAP,Buy,0.69,cont,121.84000000,-0.44850000,-0.04203480,USDT,0.00000000,0.00000000,-0.49053480,345.14869328,USDT
3156446638624464896,3156446638590910464,2025-12-24 13:24:00,Swap,DOGE-USDT-SWAP,Buy,0.73,cont,0.12747000,0.00730000,-0.04652655,USDT,0.00000000,0.00000000,-0.03922655,345.63922808,USDT
3156446556449660934,3156446556416106496,2025-12-24 13:23:57,Swap,BTC-USDT-SWAP,Buy,0.1,cont,87063.10000000,-0.04320000,-0.04353155,USDT,0.00000000,0.00000000,-0.08673155,345.67845463,USDT
3156446005552996352,3156446005485887488,2025-12-24 13:23:41,Swap,XRP-USDT-SWAP,Buy,0.52,cont,1.86350000,-0.67080000,-0.04845100,USDT,0.00000000,0.00000000,-0.71925100,345.76518618,USDT
3156429274038132737,3156429274004578304,2025-12-24 13:15:22,Swap,ETH-USDT-SWAP,Sell,0.29,cont,2926.41000000,0.00000000,-0.04243295,USDT,0.00000000,0.00000000,-0.04243295,346.48443718,USDT
3156425655159087104,3156425655125532672,2025-12-24 13:13:34,Swap,UNI-USDT-SWAP,Buy,1,cont,5.70600000,-0.06300000,-0.00285300,USDT,0.00000000,0.00000000,-0.06585300,347.38295913,USDT
3156425655159087105,3156425655125532672,2025-12-24 13:13:34,Swap,UNI-USDT-SWAP,Buy,2,cont,5.70600000,-0.12600000,-0.00570600,USDT,0.00000000,0.00000000,-0.13170600,347.25125313,USDT
3156425655159087106,3156425655125532672,2025-12-24 13:13:34,Swap,UNI-USDT-SWAP,Buy,11,cont,5.70600000,-0.69300000,-0.03138300,USDT,0.00000000,0.00000000,-0.72438300,346.52687013,USDT
3156420439793721344,3156420439726612480,2025-12-24 13:10:59,Swap,ETH-USDT-SWAP,Buy,0.26,cont,2927.43000000,0.38844000,-0.03805659,USDT,0.00000000,0.00000000,0.35038341,347.44881213,USDT
3156220228383268864,3156220228349714432,2025-12-24 11:31:32,Swap,OP-USDT-SWAP,Buy,2,cont,0.26200000,0.00540000,-0.00026200,USDT,0.00000000,0.00000000,0.00513800,346.38938472,USDT
3156220228383268870,3156220228349714432,2025-12-24 11:31:32,Swap,OP-USDT-SWAP,Buy,1,cont,0.26200000,0.00270000,-0.00013100,USDT,0.00000000,0.00000000,0.00256900,346.51526572,USDT
3156220228383268871,3156220228349714432,2025-12-24 11:31:32,Swap,OP-USDT-SWAP,Buy,5,cont,0.26200000,0.01350000,-0.00065500,USDT,0.00000000,0.00000000,0.01284500,346.52811072,USDT
3156220228383268876,3156220228349714432,2025-12-24 11:31:32,Swap,OP-USDT-SWAP,Buy,1,cont,0.26200000,0.00270000,-0.00013100,USDT,0.00000000,0.00000000,0.00256900,346.65142272,USDT
3156220228383268875,3156220228349714432,2025-12-24 11:31:32,Swap,OP-USDT-SWAP,Buy,11,cont,0.26200000,0.02970000,-0.00144100,USDT,0.00000000,0.00000000,0.02825900,346.64885372,USDT
3156220228383268867,3156220228349714432,2025-12-24 11:31:32,Swap,OP-USDT-SWAP,Buy,6,cont,0.26200000,0.01620000,-0.00078600,USDT,0.00000000,0.00000000,0.01541400,346.50755872,USDT
3156220228383268865,3156220228349714432,2025-12-24 11:31:32,Swap,OP-USDT-SWAP,Buy,2,cont,0.26200000,0.00540000,-0.00026200,USDT,0.00000000,0.00000000,0.00513800,346.39452272,USDT
3156220228383268868,3156220228349714432,2025-12-24 11:31:32,Swap,OP-USDT-SWAP,Buy,1,cont,0.26200000,0.00270000,-0.00013100,USDT,0.00000000,0.00000000,0.00256900,346.51012772,USDT
3156220228383268874,3156220228349714432,2025-12-24 11:31:32,Swap,OP-USDT-SWAP,Buy,16,cont,0.26200000,0.04320000,-0.00209600,USDT,0.00000000,0.00000000,0.04110400,346.62059472,USDT
3156220228383268872,3156220228349714432,2025-12-24 11:31:32,Swap,OP-USDT-SWAP,Buy,8,cont,0.26200000,0.02160000,-0.00104800,USDT,0.00000000,0.00000000,0.02055200,346.54866272,USDT
3156220228383268866,3156220228349714432,2025-12-24 11:31:32,Swap,OP-USDT-SWAP,Buy,38,cont,0.26200000,0.10260000,-0.00497800,USDT,0.00000000,0.00000000,0.09762200,346.49214472,USDT
3156220228383268877,3156220228349714432,2025-12-24 11:31:32,Swap,OP-USDT-SWAP,Buy,174,cont,0.26200000,0.46980000,-0.02279400,USDT,0.00000000,0.00000000,0.44700600,347.09842872,USDT
3156220228383268869,3156220228349714432,2025-12-24 11:31:32,Swap,OP-USDT-SWAP,Buy,1,cont,0.26200000,0.00270000,-0.00013100,USDT,0.00000000,0.00000000,0.00256900,346.51269672,USDT
3156220228383268873,3156220228349714432,2025-12-24 11:31:32,Swap,OP-USDT-SWAP,Buy,12,cont,0.26200000,0.03240000,-0.00157200,USDT,0.00000000,0.00000000,0.03082800,346.57949072,USDT
3156187948784803841,3156187948717694976,2025-12-24 11:15:30,Swap,SUI-USDT-SWAP,Sell,57,cont,1.40140000,0.00000000,-0.03993990,USDT,0.00000000,0.00000000,-0.03993990,346.38424672,USDT
3156157816300888065,3156157816267333632,2025-12-24 11:00:32,Swap,SOL-USDT-SWAP,Sell,0.69,cont,121.19000000,0.00000000,-0.04181055,USDT,0.00000000,0.00000000,-0.04181055,346.42418662,USDT
3156156772321845332,0,2025-12-24 11:00:01,Swap,OP-USDT-SWAP,Funding fee income,278,cont,0.26170000,0.00338059,0.00000000,USDT,0.00000000,0.00000000,0.00338059,346.46599717,USDT
3156156769369055312,0,2025-12-24 11:00:01,Swap,DOGE-USDT-SWAP,Funding fee income,0.73,cont,0.12702000,0.00093458,0.00000000,USDT,0.00000000,0.00000000,0.00093459,346.46261658,USDT
3156156769369055310,0,2025-12-24 11:00:01,Swap,XRP-USDT-SWAP,Funding fee expense,0.52,cont,1.85340000,-0.00466838,0.00000000,USDT,0.00000000,0.00000000,-0.00466838,346.46168199,USDT
3156156739170066534,0,2025-12-24 11:00:00,Swap,ETH-USDT-SWAP,Funding fee income,0.26,cont,2930.89000000,0.00179503,0.00000000,USDT,0.00000000,0.00000000,0.00179503,346.46635036,USDT
3156156728197767196,0,2025-12-24 11:00:00,Swap,UNI-USDT-SWAP,Funding fee income,14,cont,5.59800000,0.00686768,0.00000000,USDT,0.00000000,0.00000000,0.00686769,346.46455533,USDT
3156156723097493530,0,2025-12-24 11:00:00,Swap,MINA-USDT-SWAP,Funding fee expense,10617,cont,0.07437000,-0.03947932,0.00000000,USDT,-0.03947931,132.94517659,0.00000000,346.45768765,USDT
3156156721788870714,0,2025-12-24 11:00:00,Swap,BTC-USDT-SWAP,Funding fee income,0.1,cont,86865.40000000,0.00256174,0.00000000,USDT,0.00000000,0.00000000,0.00256175,346.45768765,USDT
3156135895760887809,3156135895727333376,2025-12-24 10:49:39,Swap,SOL-USDT-SWAP,Buy,0.57,cont,121.72000000,-0.57570000,-0.03469020,USDT,0.00000000,0.00000000,-0.61039020,346.45512590,USDT
3156135895760887808,3156135895727333376,2025-12-24 10:49:39,Swap,SOL-USDT-SWAP,Buy,0.17,cont,121.72000000,-0.17170000,-0.01034620,USDT,0.00000000,0.00000000,-0.18204620,347.06551610,USDT
3156067434217070593,3156067434183516160,2025-12-24 10:15:39,Swap,DOGE-USDT-SWAP,Sell,0.73,cont,0.12748000,0.00000000,-0.04653020,USDT,0.00000000,0.00000000,-0.04653020,347.24756230,USDT
3156066769671544833,3156066769637990400,2025-12-24 10:15:19,Swap,BTC-USDT-SWAP,Sell,0.03,cont,87019.90000000,0.00000000,-0.01305299,USDT,0.00000000,0.00000000,-0.01305299,347.32454946,USDT
3156066769671544835,3156066769637990400,2025-12-24 10:15:19,Swap,BTC-USDT-SWAP,Sell,0.06,cont,87019.90000000,0.00000000,-0.02610597,USDT,0.00000000,0.00000000,-0.02610597,347.29409250,USDT
3156066769671544834,3156066769637990400,2025-12-24 10:15:19,Swap,BTC-USDT-SWAP,Sell,0.01,cont,87019.90000000,0.00000000,-0.00435100,USDT,0.00000000,0.00000000,-0.00435100,347.32019847,USDT
3156043217446625280,3156043217413070848,2025-12-24 10:03:37,Swap,DOGE-USDT-SWAP,Buy,0.75,cont,0.12735000,1.20750000,-0.04775625,USDT,0.00000000,0.00000000,1.15974375,347.33760245,USDT
3156037134833410049,3156037134799855616,2025-12-24 10:00:36,Swap,XRP-USDT-SWAP,Sell,0.52,cont,1.85060000,0.00000000,-0.04811560,USDT,0.00000000,0.00000000,-0.04811560,346.17785870,USDT
3156036613833744384,3156036613800189952,2025-12-24 10:00:20,Swap,BTC-USDT-SWAP,Buy,0.13,cont,86993.40000000,0.50245000,-0.05654571,USDT,0.00000000,0.00000000,0.44590429,346.22597430,USDT
3156016296826494976,3156016296792940544,2025-12-24 09:50:15,Swap,XRP-USDT-SWAP,Buy,0.46,cont,1.85030000,-0.61180000,-0.04255690,USDT,0.00000000,0.00000000,-0.65435690,345.78007001,USDT
3155977065185927170,3155977065152372736,2025-12-24 09:30:45,Swap,UNI-USDT-SWAP,Sell,3,cont,5.64300000,0.00000000,-0.00846450,USDT,0.00000000,0.00000000,-0.00846450,346.43442691,USDT
3155977065185927169,3155977065152372736,2025-12-24 09:30:45,Swap,UNI-USDT-SWAP,Sell,11,cont,5.64300000,0.00000000,-0.03103650,USDT,0.00000000,0.00000000,-0.03103650,346.44289141,USDT
3155960421483012096,3155960421415903232,2025-12-24 09:22:29,Swap,UNI-USDT-SWAP,Buy,4,cont,5.65000000,0.18000000,-0.01130000,USDT,0.00000000,0.00000000,0.16870000,346.47392791,USDT
3155960421449457664,3155960421415903232,2025-12-24 09:22:29,Swap,UNI-USDT-SWAP,Buy,3,cont,5.65000000,0.13500000,-0.00847500,USDT,0.00000000,0.00000000,0.12652500,346.05217791,USDT
3155960421449457667,3155960421415903232,2025-12-24 09:22:29,Swap,UNI-USDT-SWAP,Buy,2,cont,5.65000000,0.09000000,-0.00565000,USDT,0.00000000,0.00000000,0.08435000,346.22087791,USDT
3155960421449457669,3155960421415903232,2025-12-24 09:22:29,Swap,UNI-USDT-SWAP,Buy,1,cont,5.65000000,0.04500000,-0.00282500,USDT,0.00000000,0.00000000,0.04217500,346.30522791,USDT
3155960421449457668,3155960421415903232,2025-12-24 09:22:29,Swap,UNI-USDT-SWAP,Buy,1,cont,5.65000000,0.04500000,-0.00282500,USDT,0.00000000,0.00000000,0.04217500,346.26305291,USDT
3155960421449457666,3155960421415903232,2025-12-24 09:22:29,Swap,UNI-USDT-SWAP,Buy,1,cont,5.65000000,0.04500000,-0.00282500,USDT,0.00000000,0.00000000,0.04217500,346.13652791,USDT
3155960421449457665,3155960421415903232,2025-12-24 09:22:29,Swap,UNI-USDT-SWAP,Buy,1,cont,5.65000000,0.04500000,-0.00282500,USDT,0.00000000,0.00000000,0.04217500,346.09435291,USDT
3155959213456351233,3155959213389242368,2025-12-24 09:21:53,Swap,SUI-USDT-SWAP,Buy,1,cont,1.40200000,0.01060000,-0.00070100,USDT,0.00000000,0.00000000,0.00989900,345.45050091,USDT
3155959213456351234,3155959213389242368,2025-12-24 09:21:53,Swap,SUI-USDT-SWAP,Buy,48,cont,1.40200000,0.50880000,-0.03364800,USDT,0.00000000,0.00000000,0.47515200,345.92565291,USDT
3155959213456351232,3155959213389242368,2025-12-24 09:21:53,Swap,SUI-USDT-SWAP,Buy,9,cont,1.40200000,0.09540000,-0.00630900,USDT,0.00000000,0.00000000,0.08909100,345.44060191,USDT
3155946644771430401,3155946644737875968,2025-12-24 09:15:39,Swap,XRP-USDT-SWAP,Sell,0.46,cont,1.83700000,0.00000000,-0.04225100,USDT,0.00000000,0.00000000,-0.04225100,345.35151091,USDT
3155946278055043073,3155946278021488640,2025-12-24 09:15:28,Swap,SOL-USDT-SWAP,Sell,0.74,cont,120.71000000,0.00000000,-0.04466270,USDT,0.00000000,0.00000000,-0.04466270,345.39376191,USDT
3155945005167665152,3155945005134110720,2025-12-24 09:14:50,Swap,XRP-USDT-SWAP,Buy,0.52,cont,1.83690000,0.98800000,-0.04775940,USDT,0.00000000,0.00000000,0.94024060,345.43842461,USDT
3155929814270992384,3155929814036111360,2025-12-24 09:07:17,Swap,SOL-USDT-SWAP,Buy,0.83,cont,120.76000000,1.23670000,-0.05011540,USDT,0.00000000,0.00000000,1.18658460,344.49818401,USDT
3155916558760402945,3155916558693294080,2025-12-24 09:00:42,Swap,OP-USDT-SWAP,Sell,278,cont,0.26470000,0.00000000,-0.03679330,USDT,0.00000000,0.00000000,-0.03679330,343.31159941,USDT
3155887603667951616,3155887603600842752,2025-12-24 08:46:19,Swap,OP-USDT-SWAP,Buy,293,cont,0.26300000,1.25990000,-0.03852950,USDT,0.00000000,0.00000000,1.22137050,343.34839271,USDT
3155856224066461698,3155856224032907264,2025-12-24 08:30:44,Swap,UNI-USDT-SWAP,Sell,13,cont,5.69500000,0.00000000,-0.03701750,USDT,0.00000000,0.00000000,-0.03701750,342.12702221,USDT
3155764871286480897,3155764871219372032,2025-12-24 07:45:22,Swap,ETH-USDT-SWAP,Sell,0.26,cont,2942.37000000,0.00000000,-0.03825081,USDT,0.00000000,0.00000000,-0.03825081,342.16403971,USDT
3155673546625114132,0,2025-12-24 07:00:00,Swap,MINA-USDT-SWAP,Funding fee expense,10617,cont,0.07510000,-0.03986684,0.00000000,USDT,-0.03986684,132.98465590,0.00000000,342.20229052,USDT
3155644737796431874,3155644737762877440,2025-12-24 06:45:41,Swap,OP-USDT-SWAP,Sell,293,cont,0.26730000,0.00000000,-0.03915945,USDT,0.00000000,0.00000000,-0.03915945,342.20229052,USDT
3155644323432751106,3155644323399196672,2025-12-24 06:45:29,Swap,SUI-USDT-SWAP,Sell,1,cont,1.41260000,0.00000000,-0.00070630,USDT,0.00000000,0.00000000,-0.00070630,342.28100277,USDT
3155644323432751107,3155644323399196672,2025-12-24 06:45:29,Swap,SUI-USDT-SWAP,Sell,56,cont,1.41260000,0.00000000,-0.03955280,USDT,0.00000000,0.00000000,-0.03955280,342.24144997,USDT
3155644323432751105,3155644323399196672,2025-12-24 06:45:29,Swap,SUI-USDT-SWAP,Sell,1,cont,1.41260000,0.00000000,-0.00070630,USDT,0.00000000,0.00000000,-0.00070630,342.28170907,USDT
3155614328857550849,3155614328823996416,2025-12-24 06:30:35,Swap,XRP-USDT-SWAP,Sell,0.52,cont,1.85590000,0.00000000,-0.04825340,USDT,0.00000000,0.00000000,-0.04825340,342.28241537,USDT
3155613979690131457,3155613979656577024,2025-12-24 06:30:25,Swap,SOL-USDT-SWAP,Sell,0.83,cont,122.25000000,0.00000000,-0.05073375,USDT,0.00000000,0.00000000,-0.05073375,342.33066877,USDT
3155595533745119232,3155595533711564800,2025-12-24 06:21:15,Swap,XRP-USDT-SWAP,Buy,0.01,cont,1.85190000,0.03220000,-0.00092595,USDT,0.00000000,0.00000000,0.03127405,340.81770002,USDT
3155595533745119234,3155595533711564800,2025-12-24 06:21:15,Swap,XRP-USDT-SWAP,Buy,0.49,cont,1.85190000,1.57780000,-0.04537155,USDT,0.00000000,0.00000000,1.53242845,342.38140252,USDT
3155595533745119233,3155595533711564800,2025-12-24 06:21:15,Swap,XRP-USDT-SWAP,Buy,0.01,cont,1.85190000,0.03220000,-0.00092595,USDT,0.00000000,0.00000000,0.03127405,340.84897407,USDT
3155594412691546112,3155594412657991680,2025-12-24 06:20:42,Swap,SOL-USDT-SWAP,Buy,0.72,cont,122.14000000,0.43920000,-0.04397040,USDT,0.00000000,0.00000000,0.39522960,340.78642597,USDT
3155565601212063745,3155565601178509312,2025-12-24 06:06:23,Swap,SUI-USDT-SWAP,Buy,38,cont,1.40010000,0.82840000,-0.02660190,USDT,0.00000000,0.00000000,0.80179810,340.39119637,USDT
3155565601212063744,3155565601178509312,2025-12-24 06:06:23,Swap,SUI-USDT-SWAP,Buy,17,cont,1.40010000,0.37060000,-0.01190085,USDT,0.00000000,0.00000000,0.35869915,339.58939827,USDT
3155493339528159233,3155493339494604800,2025-12-24 05:30:29,Swap,SOL-USDT-SWAP,Sell,0.72,cont,122.75000000,0.00000000,-0.04419000,USDT,0.00000000,0.00000000,-0.04419000,339.23069912,USDT
3155484994104713219,3155484994037604352,2025-12-24 05:26:21,Swap,SOL-USDT-SWAP,Buy,0.05,cont,122.84000000,0.06500000,-0.00307100,USDT,0.00000000,0.00000000,0.06192900,339.27488912,USDT
3155484994104713217,3155484994037604352,2025-12-24 05:26:21,Swap,SOL-USDT-SWAP,Buy,0.01,cont,122.84000000,0.01300000,-0.00061420,USDT,0.00000000,0.00000000,0.01238580,338.89092932,USDT
3155484994104713216,3155484994037604352,2025-12-24 05:26:21,Swap,SOL-USDT-SWAP,Buy,0.25,cont,122.84000000,0.32500000,-0.01535500,USDT,0.00000000,0.00000000,0.30964500,338.87854352,USDT
3155484994104713218,3155484994037604352,2025-12-24 05:26:21,Swap,SOL-USDT-SWAP,Buy,0.26,cont,122.84000000,0.33800000,-0.01596920,USDT,0.00000000,0.00000000,0.32203080,339.21296012,USDT
3155484994071158784,3155484994037604352,2025-12-24 05:26:21,Swap,SOL-USDT-SWAP,Buy,0.06,cont,122.84000000,0.07800000,-0.00368520,USDT,0.00000000,0.00000000,0.07431480,338.56889852,USDT
3155190403539394646,0,2025-12-24 03:00:01,Swap,SUI-USDT-SWAP,Funding fee income,55,cont,1.43480000,0.00020371,0.00000000,USDT,0.00000000,0.00000000,0.00020371,338.49458372,USDT
3155190400620159044,0,2025-12-24 03:00:01,Swap,XRP-USDT-SWAP,Funding fee income,0.51,cont,1.87200000,0.00099327,0.00000000,USDT,0.00000000,0.00000000,0.00099327,338.49117047,USDT
3155190400620159046,0,2025-12-24 03:00:01,Swap,DOGE-USDT-SWAP,Funding fee income,0.75,cont,0.12920000,0.00320953,0.00000000,USDT,0.00000000,0.00000000,0.00320953,338.49438001,USDT
3155190375320117328,0,2025-12-24 03:00:00,Swap,SOL-USDT-SWAP,Funding fee income,0.63,cont,123.93000000,0.00032835,0.00000000,USDT,0.00000000,0.00000000,0.00032835,338.49017720,USDT
3155190354516369434,0,2025-12-24 03:00:00,Swap,MINA-USDT-SWAP,Funding fee expense,10617,cont,0.07542000,-0.04003671,0.00000000,USDT,-0.04003671,133.02452274,0.00000000,338.48984885,USDT
3155190353174192172,0,2025-12-24 03:00:00,Swap,BTC-USDT-SWAP,Funding fee income,0.13,cont,87437.70000000,0.00504320,0.00000000,USDT,0.00000000,0.00000000,0.00504320,338.48984885,USDT
3154949791787507713,3154949791753953280,2025-12-24 01:00:30,Swap,SOL-USDT-SWAP,Sell,0.63,cont,124.14000000,0.00000000,-0.03910410,USDT,0.00000000,0.00000000,-0.03910410,338.48480565,USDT
3154799486957510656,3154799486890401792,2025-12-23 23:45:51,Swap,SOL-USDT-SWAP,Buy,0.88,cont,125.55000000,-1.86560000,-0.05524200,USDT,0.00000000,0.00000000,-1.92084200,338.52390975,USDT
3154790467022872576,3154790466989318144,2025-12-23 23:41:22,Swap,ETH-USDT-SWAP,Buy,0.37,cont,2978.56000000,-2.24331000,-0.05510336,USDT,0.00000000,0.00000000,-2.29841336,340.44475175,USDT
3154707169118511124,0,2025-12-23 23:00:00,Swap,MINA-USDT-SWAP,Funding fee expense,10617,cont,0.07567000,-0.04016942,0.00000000,USDT,-0.04016942,133.06455945,0.00000000,342.74316511,USDT
3154497219339476993,3154497219305922560,2025-12-23 21:15:43,Swap,DOGE-USDT-SWAP,Sell,0.75,cont,0.12896000,0.00000000,-0.04836000,USDT,0.00000000,0.00000000,-0.04836000,342.74316511,USDT
3154468821317705731,3154468820680171521,2025-12-23 21:01:36,Swap,DOGE-USDT-SWAP,Buy,0.01,cont,0.12864000,0.01470000,-0.00064320,USDT,0.00000000,0.00000000,0.01405680,341.86377631,USDT
3154468821317705739,3154468820680171521,2025-12-23 21:01:36,Swap,DOGE-USDT-SWAP,Buy,0.02,cont,0.12864000,0.02940000,-0.00128640,USDT,0.00000000,0.00000000,0.02811360,342.04651471,USDT
3154468821317705730,3154468820680171521,2025-12-23 21:01:36,Swap,DOGE-USDT-SWAP,Buy,0.07,cont,0.12864000,0.10290000,-0.00450240,USDT,0.00000000,0.00000000,0.09839760,341.84971951,USDT
3154468821317705735,3154468820680171521,2025-12-23 21:01:36,Swap,DOGE-USDT-SWAP,Buy,0.01,cont,0.12864000,0.01470000,-0.00064320,USDT,0.00000000,0.00000000,0.01405680,341.94811711,USDT
3154468821317705732,3154468820680171521,2025-12-23 21:01:36,Swap,DOGE-USDT-SWAP,Buy,0.01,cont,0.12864000,0.01470000,-0.00064320,USDT,0.00000000,0.00000000,0.01405680,341.87783311,USDT
3154468821317705741,3154468820680171521,2025-12-23 21:01:36,Swap,DOGE-USDT-SWAP,Buy,0.01,cont,0.12864000,0.01470000,-0.00064320,USDT,0.00000000,0.00000000,0.01405680,342.08868511,USDT
3154468821317705743,3154468820680171521,2025-12-23 21:01:36,Swap,DOGE-USDT-SWAP,Buy,0.02,cont,0.12864000,0.02940000,-0.00128640,USDT,0.00000000,0.00000000,0.02811360,342.14491231,USDT
3154468821317705744,3154468820680171521,2025-12-23 21:01:36,Swap,DOGE-USDT-SWAP,Buy,0.46,cont,0.12864000,0.67620000,-0.02958720,USDT,0.00000000,0.00000000,0.64661280,342.79152511,USDT
3154468821317705737,3154468820680171521,2025-12-23 21:01:36,Swap,DOGE-USDT-SWAP,Buy,0.02,cont,0.12864000,0.02940000,-0.00128640,USDT,0.00000000,0.00000000,0.02811360,342.00434431,USDT
3154468821317705733,3154468820680171521,2025-12-23 21:01:36,Swap,DOGE-USDT-SWAP,Buy,0.02,cont,0.12864000,0.02940000,-0.00128640,USDT,0.00000000,0.00000000,0.02811360,341.90594671,USDT
3154468821317705734,3154468820680171521,2025-12-23 21:01:36,Swap,DOGE-USDT-SWAP,Buy,0.02,cont,0.12864000,0.02940000,-0.00128640,USDT,0.00000000,0.00000000,0.02811360,341.93406031,USDT
3154468821317705729,3154468820680171521,2025-12-23 21:01:36,Swap,DOGE-USDT-SWAP,Buy,0.01,cont,0.12864000,0.01470000,-0.00064320,USDT,0.00000000,0.00000000,0.01405680,341.75132191,USDT
3154468821317705736,3154468820680171521,2025-12-23 21:01:36,Swap,DOGE-USDT-SWAP,Buy,0.02,cont,0.12864000,0.02940000,-0.00128640,USDT,0.00000000,0.00000000,0.02811360,341.97623071,USDT
3154468821317705740,3154468820680171521,2025-12-23 21:01:36,Swap,DOGE-USDT-SWAP,Buy,0.02,cont,0.12864000,0.02940000,-0.00128640,USDT,0.00000000,0.00000000,0.02811360,342.07462831,USDT
3154468821317705742,3154468820680171521,2025-12-23 21:01:36,Swap,DOGE-USDT-SWAP,Buy,0.02,cont,0.12864000,0.02940000,-0.00128640,USDT,0.00000000,0.00000000,0.02811360,342.11679871,USDT
3154468821317705728,3154468820680171521,2025-12-23 21:01:36,Swap,DOGE-USDT-SWAP,Buy,0.01,cont,0.12864000,0.01470000,-0.00064320,USDT,0.00000000,0.00000000,0.01405680,341.73726511,USDT
3154468821317705738,3154468820680171521,2025-12-23 21:01:36,Swap,DOGE-USDT-SWAP,Buy,0.01,cont,0.12864000,0.01470000,-0.00064320,USDT,0.00000000,0.00000000,0.01405680,342.01840111,USDT
3154376074250412033,3154376074183303168,2025-12-23 20:15:32,Swap,XRP-USDT-SWAP,Sell,0.09,cont,1.88410000,0.00000000,-0.00847845,USDT,0.00000000,0.00000000,-0.00847845,341.76277441,USDT
3154376074250412034,3154376074183303168,2025-12-23 20:15:32,Swap,XRP-USDT-SWAP,Sell,0.42,cont,1.88410000,0.00000000,-0.03956610,USDT,0.00000000,0.00000000,-0.03956610,341.72320831,USDT
3154224042944225352,0,2025-12-23 19:00:01,Swap,DOGE-USDT-SWAP,Funding fee income,0.76,cont,0.12939000,0.00484820,0.00000000,USDT,0.00000000,0.00000000,0.00484821,341.77125286,USDT
3154224016771768398,0,2025-12-23 19:00:01,Swap,SOL-USDT-SWAP,Funding fee expense,0.88,cont,123.29000000,-0.00199980,0.00000000,USDT,0.00000000,0.00000000,-0.00199979,341.76640465,USDT
3154224011872821306,0,2025-12-23 19:00:00,Swap,ETH-USDT-SWAP,Funding fee income,0.37,cont,2926.84000000,0.00148320,0.00000000,USDT,0.00000000,0.00000000,0.00148320,341.76840444,USDT
3154223995867357210,0,2025-12-23 19:00:00,Swap,MINA-USDT-SWAP,Funding fee income,10617,cont,0.07443000,0.17104798,0.00000000,USDT,0.17104798,133.10472887,0.00000000,341.76692124,USDT
3154223995028496494,0,2025-12-23 19:00:00,Swap,BTC-USDT-SWAP,Funding fee expense,0.13,cont,87398.80000000,-0.00157664,0.00000000,USDT,0.00000000,0.00000000,-0.00157663,341.76692124,USDT
3154223988854480980,0,2025-12-23 19:00:00,Swap,SUI-USDT-SWAP,Funding fee income,55,cont,1.43090000,0.00010937,0.00000000,USDT,0.00000000,0.00000000,0.00010938,341.76849787,USDT
3154134338290835457,3154134338223726592,2025-12-23 18:15:28,Swap,SUI-USDT-SWAP,Sell,55,cont,1.42190000,0.00000000,-0.03910225,USDT,0.00000000,0.00000000,-0.03910225,341.76838849,USDT
3154113143935852544,3154113143902298112,2025-12-23 18:04:56,Swap,SUI-USDT-SWAP,Buy,3,cont,1.42200000,0.03570000,-0.00213300,USDT,0.00000000,0.00000000,0.03356700,341.29279674,USDT
3154113143935852546,3154113143902298112,2025-12-23 18:04:56,Swap,SUI-USDT-SWAP,Buy,1,cont,1.42200000,0.01190000,-0.00071100,USDT,0.00000000,0.00000000,0.01118900,341.31517474,USDT
3154113143935852547,3154113143902298112,2025-12-23 18:04:56,Swap,SUI-USDT-SWAP,Buy,44,cont,1.42200000,0.52360000,-0.03128400,USDT,0.00000000,0.00000000,0.49231600,341.80749074,USDT
3154113143935852545,3154113143902298112,2025-12-23 18:04:56,Swap,SUI-USDT-SWAP,Buy,1,cont,1.42200000,0.01190000,-0.00071100,USDT,0.00000000,0.00000000,0.01118900,341.30398574,USDT
3154104038437412865,3154104038403858432,2025-12-23 18:00:25,Swap,ETH-USDT-SWAP,Sell,0.37,cont,2917.93000000,0.00000000,-0.05398171,USDT,0.00000000,0.00000000,-0.05398171,341.25922974,USDT
3154093767224451073,3154093766553362432,2025-12-23 17:55:19,Swap,ETH-USDT-SWAP,Buy,0.33,cont,2897.99000000,1.94733000,-0.04781684,USDT,0.00000000,0.00000000,1.89951317,341.31321145,USDT
3154017747813261312,3154017747746152449,2025-12-23 17:17:33,Swap,XRP-USDT-SWAP,Buy,0.39,cont,1.87430000,1.03740000,-0.03654885,USDT,0.00000000,0.00000000,1.00085115,339.41369828,USDT
3154013841305624577,3154013841272070144,2025-12-23 17:15:37,Swap,DOGE-USDT-SWAP,Sell,0.76,cont,0.13011000,0.00000000,-0.04944180,USDT,0.00000000,0.00000000,-0.04944180,338.41284713,USDT
3154013420935700482,3154013420902146048,2025-12-23 17:15:24,Swap,SOL-USDT-SWAP,Sell,0.39,cont,123.43000000,0.00000000,-0.02406885,USDT,0.00000000,0.00000000,-0.02406885,338.46228893,USDT
3154013420935700481,3154013420902146048,2025-12-23 17:15:24,Swap,SOL-USDT-SWAP,Sell,0.49,cont,123.43000000,0.00000000,-0.03024035,USDT,0.00000000,0.00000000,-0.03024035,338.48635778,USDT
3154005427666018304,3154005427598909441,2025-12-23 17:11:26,Swap,SOL-USDT-SWAP,Buy,0.87,cont,123.63000000,1.01790000,-0.05377905,USDT,0.00000000,0.00000000,0.96412095,338.51659813,USDT
3153991303833837568,3153991303800283136,2025-12-23 17:04:25,Swap,DOGE-USDT-SWAP,Buy,0.57,cont,0.12988000,0.92340000,-0.03701580,USDT,0.00000000,0.00000000,0.88638420,337.55247718,USDT
3153740802215108628,0,2025-12-23 15:00:00,Swap,MINA-USDT-SWAP,Funding fee expense,10617,cont,0.07515000,-0.02230333,0.00000000,USDT,-0.02230332,132.93368088,0.00000000,336.66609298,USDT
3153681474858770433,3153681474825216000,2025-12-23 14:30:32,Swap,XRP-USDT-SWAP,Sell,0.39,cont,1.90090000,0.00000000,-0.03706755,USDT,0.00000000,0.00000000,-0.03706755,336.66609298,USDT
3153667672209612800,3153667672176058368,2025-12-23 14:23:40,Swap,XRP-USDT-SWAP,Buy,0.53,cont,1.90300000,-1.11830000,-0.05042950,USDT,0.00000000,0.00000000,-1.16872950,336.70316053,USDT
3153257652787601490,0,2025-12-23 11:00:01,Swap,SOL-USDT-SWAP,Funding fee income,0.87,cont,124.13000000,0.00451175,0.00000000,USDT,0.00000000,0.00000000,0.00451175,337.87189003,USDT
3153257648123535474,0,2025-12-23 11:00:01,Swap,ETH-USDT-SWAP,Funding fee income,0.33,cont,2963.46000000,0.00603444,0.00000000,USDT,0.00000000,0.00000000,0.00603445,337.86737828,USDT
3153257632520724506,0,2025-12-23 11:00:00,Swap,MINA-USDT-SWAP,Funding fee expense,10617,cont,0.07443000,-0.03951117,0.00000000,USDT,-0.03951117,132.95598420,0.00000000,337.86134383,USDT
3153257631748972609,0,2025-12-23 11:00:00,Swap,BTC-USDT-SWAP,Funding fee expense,0.13,cont,87531.40000000,-0.00047998,0.00000000,USDT,0.00000000,0.00000000,-0.00047998,337.86134383,USDT
3153257625843392594,0,2025-12-23 11:00:00,Swap,SUI-USDT-SWAP,Funding fee income,49,cont,1.42660000,0.00699034,0.00000000,USDT,0.00000000,0.00000000,0.00699034,337.86182381,USDT
3153257622957711434,0,2025-12-23 11:00:00,Swap,XRP-USDT-SWAP,Funding fee income,0.53,cont,1.88010000,0.00417980,0.00000000,USDT,0.00000000,0.00000000,0.00417980,337.84739953,USDT
3153257622957711436,0,2025-12-23 11:00:00,Swap,DOGE-USDT-SWAP,Funding fee income,0.57,cont,0.13042000,0.00743394,0.00000000,USDT,0.00000000,0.00000000,0.00743394,337.85483347,USDT
3153138032646807553,3153138032613253120,2025-12-23 10:00:36,Swap,XRP-USDT-SWAP,Sell,0.53,cont,1.88190000,0.00000000,-0.04987035,USDT,0.00000000,0.00000000,-0.04987035,337.84321973,USDT
3153137437424738305,3153137437357629440,2025-12-23 10:00:18,Swap,BTC-USDT-SWAP,Sell,0.13,cont,87379.90000000,0.00000000,-0.05679694,USDT,0.00000000,0.00000000,-0.05679694,337.89309008,USDT
3153117411267297281,3153117411200188416,2025-12-23 09:50:21,Swap,XRP-USDT-SWAP,Buy,0.02,cont,1.87960000,0.03660000,-0.00187960,USDT,0.00000000,0.00000000,0.03472040,336.99507602,USDT
3153117411267297292,3153117411200188416,2025-12-23 09:50:21,Swap,XRP-USDT-SWAP,Buy,0.02,cont,1.87960000,0.03660000,-0.00187960,USDT,0.00000000,0.00000000,0.03472040,337.94988702,USDT
3153117411267297282,3153117411200188416,2025-12-23 09:50:21,Swap,XRP-USDT-SWAP,Buy,0.02,cont,1.87960000,0.03660000,-0.00187960,USDT,0.00000000,0.00000000,0.03472040,337.02979642,USDT
3153117411267297284,3153117411200188416,2025-12-23 09:50:21,Swap,XRP-USDT-SWAP,Buy,0.09,cont,1.87960000,0.16470000,-0.00845820,USDT,0.00000000,0.00000000,0.15624180,337.20339842,USDT
3153117411267297291,3153117411200188416,2025-12-23 09:50:21,Swap,XRP-USDT-SWAP,Buy,0.01,cont,1.87960000,0.01830000,-0.00093980,USDT,0.00000000,0.00000000,0.01736020,337.91516662,USDT
3153117411267297289,3153117411200188416,2025-12-23 09:50:21,Swap,XRP-USDT-SWAP,Buy,0.01,cont,1.87960000,0.01830000,-0.00093980,USDT,0.00000000,0.00000000,0.01736020,337.82836562,USDT
3153117411267297290,3153117411200188416,2025-12-23 09:50:21,Swap,XRP-USDT-SWAP,Buy,0.04,cont,1.87960000,0.07320000,-0.00375920,USDT,0.00000000,0.00000000,0.06944080,337.89780642,USDT
3153117411267297285,3153117411200188416,2025-12-23 09:50:21,Swap,XRP-USDT-SWAP,Buy,0.13,cont,1.87960000,0.23790000,-0.01221740,USDT,0.00000000,0.00000000,0.22568260,337.42908102,USDT
3153117411267297287,3153117411200188416,2025-12-23 09:50:21,Swap,XRP-USDT-SWAP,Buy,0.2,cont,1.87960000,0.36600000,-0.01879600,USDT,0.00000000,0.00000000,0.34720400,337.79364522,USDT
3153117411267297280,3153117411200188416,2025-12-23 09:50:21,Swap,XRP-USDT-SWAP,Buy,0.05,cont,1.87960000,0.09150000,-0.00469900,USDT,0.00000000,0.00000000,0.08680100,336.96035562,USDT
3153117411267297286,3153117411200188416,2025-12-23 09:50:21,Swap,XRP-USDT-SWAP,Buy,0.01,cont,1.87960000,0.01830000,-0.00093980,USDT,0.00000000,0.00000000,0.01736020,337.44644122,USDT
3153117411267297288,3153117411200188416,2025-12-23 09:50:21,Swap,XRP-USDT-SWAP,Buy,0.01,cont,1.87960000,0.01830000,-0.00093980,USDT,0.00000000,0.00000000,0.01736020,337.81100542,USDT
3153117411267297283,3153117411200188416,2025-12-23 09:50:21,Swap,XRP-USDT-SWAP,Buy,0.01,cont,1.87960000,0.01830000,-0.00093980,USDT,0.00000000,0.00000000,0.01736020,337.04715662,USDT
3153117378920824832,3153117378853715968,2025-12-23 09:50:20,Swap,BTC-USDT-SWAP,Buy,0.06,cont,87330.00000000,0.46278000,-0.02619900,USDT,0.00000000,0.00000000,0.43658100,336.29144662,USDT
3153117378920824833,3153117378853715968,2025-12-23 09:50:20,Swap,BTC-USDT-SWAP,Buy,0.02,cont,87330.00000000,0.15426000,-0.00873300,USDT,0.00000000,0.00000000,0.14552700,336.43697362,USDT
3153117378920824834,3153117378853715968,2025-12-23 09:50:20,Swap,BTC-USDT-SWAP,Buy,0.06,cont,87330.00000000,0.46278000,-0.02619900,USDT,0.00000000,0.00000000,0.43658100,336.87355462,USDT
3153107365204574209,3153107365137465344,2025-12-23 09:45:22,Swap,ETH-USDT-SWAP,Sell,0.33,cont,2957.00000000,0.00000000,-0.04879050,USDT,0.00000000,0.00000000,-0.04879050,335.85486562,USDT
3153084065946525696,3153084065879416832,2025-12-23 09:33:47,Swap,ETH-USDT-SWAP,Buy,0.32,cont,2955.00000000,1.10912000,-0.04728000,USDT,0.00000000,0.00000000,1.06184000,335.90365612,USDT
3153017019091116033,3153017019057561600,2025-12-23 09:00:29,Swap,SUI-USDT-SWAP,Sell,6,cont,1.43390000,0.00000000,-0.00430170,USDT,0.00000000,0.00000000,-0.00430170,334.87264497,USDT
3153017019091116034,3153017019057561600,2025-12-23 09:00:29,Swap,SUI-USDT-SWAP,Sell,3,cont,1.43390000,0.00000000,-0.00215085,USDT,0.00000000,0.00000000,-0.00215085,334.87049412,USDT
3153017019091116035,3153017019057561600,2025-12-23 09:00:29,Swap,SUI-USDT-SWAP,Sell,40,cont,1.43390000,0.00000000,-0.02867800,USDT,0.00000000,0.00000000,-0.02867800,334.84181612,USDT
3152998629483995137,3152998629450440704,2025-12-23 08:51:21,Swap,SUI-USDT-SWAP,Buy,48,cont,1.43590000,0.61920000,-0.03446160,USDT,0.00000000,0.00000000,0.58473840,334.87694667,USDT
3152774435479478292,0,2025-12-23 07:00:00,Swap,MINA-USDT-SWAP,Funding fee expense,10617,cont,0.07548000,-0.04006856,0.00000000,USDT,-0.04006856,132.99549537,0.00000000,334.29220827,USDT
3152745208394801153,3152745208361246720,2025-12-23 06:45:29,Swap,SUI-USDT-SWAP,Sell,1,cont,1.44880000,0.00000000,-0.00072440,USDT,0.00000000,0.00000000,-0.00072440,334.32625507,USDT
3152745208394801154,3152745208361246720,2025-12-23 06:45:29,Swap,SUI-USDT-SWAP,Sell,2,cont,1.44880000,0.00000000,-0.00144880,USDT,0.00000000,0.00000000,-0.00144880,334.32480627,USDT
3152745208394801156,3152745208361246720,2025-12-23 06:45:29,Swap,SUI-USDT-SWAP,Sell,1,cont,1.44880000,0.00000000,-0.00072440,USDT,0.00000000,0.00000000,-0.00072440,334.31973547,USDT
3152745208394801155,3152745208361246720,2025-12-23 06:45:29,Swap,SUI-USDT-SWAP,Sell,6,cont,1.44880000,0.00000000,-0.00434640,USDT,0.00000000,0.00000000,-0.00434640,334.32045987,USDT
3152745208394801157,3152745208361246720,2025-12-23 06:45:29,Swap,SUI-USDT-SWAP,Sell,38,cont,1.44880000,0.00000000,-0.02752720,USDT,0.00000000,0.00000000,-0.02752720,334.29220827,USDT
3152687777870503936,3152687777803395072,2025-12-23 06:16:57,Swap,SUI-USDT-SWAP,Buy,51,cont,1.44760000,0.42570000,-0.03691380,USDT,0.00000000,0.00000000,0.38878620,334.32697947,USDT
3152654428992954369,3152654428959399936,2025-12-23 06:00:23,Swap,ETH-USDT-SWAP,Sell,0.32,cont,2989.66000000,0.00000000,-0.04783456,USDT,0.00000000,0.00000000,-0.04783456,333.93819327,USDT
3152503587560480771,3152503587526926336,2025-12-23 04:45:28,Swap,SUI-USDT-SWAP,Sell,2,cont,1.45610000,0.00000000,-0.00145610,USDT,0.00000000,0.00000000,-0.00145610,334.01805813,USDT
3152503587560480774,3152503587526926336,2025-12-23 04:45:28,Swap,SUI-USDT-SWAP,Sell,1,cont,1.45600000,0.00000000,-0.00072800,USDT,0.00000000,0.00000000,-0.00072800,334.01150613,USDT
3152503587560480773,3152503587526926336,2025-12-23 04:45:28,Swap,SUI-USDT-SWAP,Sell,6,cont,1.45600000,0.00000000,-0.00436800,USDT,0.00000000,0.00000000,-0.00436800,334.01223413,USDT
3152503587560480776,3152503587526926336,2025-12-23 04:45:28,Swap,SUI-USDT-SWAP,Sell,34,cont,1.45590000,0.00000000,-0.02475030,USDT,0.00000000,0.00000000,-0.02475030,333.98602783,USDT
3152503587560480770,3152503587526926336,2025-12-23 04:45:28,Swap,SUI-USDT-SWAP,Sell,1,cont,1.45610000,0.00000000,-0.00072805,USDT,0.00000000,0.00000000,-0.00072805,334.01951423,USDT
3152503587560480775,3152503587526926336,2025-12-23 04:45:28,Swap,SUI-USDT-SWAP,Sell,1,cont,1.45600000,0.00000000,-0.00072800,USDT,0.00000000,0.00000000,-0.00072800,334.01077813,USDT
3152503587560480769,3152503587526926336,2025-12-23 04:45:28,Swap,SUI-USDT-SWAP,Sell,4,cont,1.45610000,0.00000000,-0.00291220,USDT,0.00000000,0.00000000,-0.00291220,334.02024228,USDT
3152503587560480772,3152503587526926336,2025-12-23 04:45:28,Swap,SUI-USDT-SWAP,Sell,2,cont,1.45600000,0.00000000,-0.00145600,USDT,0.00000000,0.00000000,-0.00145600,334.01660213,USDT
3152369386475479041,3152369386408370176,2025-12-23 03:38:48,Swap,ETH-USDT-SWAP,Buy,0.1,cont,3032.20000000,-0.55410000,-0.01516100,USDT,0.00000000,0.00000000,-0.56926100,334.02315448,USDT
3152369386475479040,3152369386408370176,2025-12-23 03:38:48,Swap,ETH-USDT-SWAP,Buy,0.17,cont,3032.20000000,-0.94197000,-0.02577370,USDT,0.00000000,0.00000000,-0.96774370,334.59241548,USDT
3152291303433166920,0,2025-12-23 03:00:01,Swap,DOGE-USDT-SWAP,Funding fee income,0.57,cont,0.13247000,0.00189460,0.00000000,USDT,0.00000000,0.00000000,0.00189460,335.56015918,USDT
3152291303433166918,0,2025-12-23 03:00:01,Swap,XRP-USDT-SWAP,Funding fee expense,0.62,cont,1.90280000,-0.01256732,0.00000000,USDT,0.00000000,0.00000000,-0.01256731,335.55826457,USDT
3152291278300897360,0,2025-12-23 03:00:00,Swap,SOL-USDT-SWAP,Funding fee expense,0.87,cont,125.84000000,-0.01047991,0.00000000,USDT,0.00000000,0.00000000,-0.01047991,335.57083188,USDT
3152291273569722466,0,2025-12-23 03:00:00,Swap,ETH-USDT-SWAP,Funding fee income,0.27,cont,3007.44000000,0.00255653,0.00000000,USDT,0.00000000,0.00000000,0.00255654,335.58131179,USDT
3152291258067574810,0,2025-12-23 03:00:00,Swap,MINA-USDT-SWAP,Funding fee income,10617,cont,0.07665000,0.06515581,0.00000000,USDT,0.06515581,133.03556393,0.00000000,335.57875525,USDT
3152291257228714088,0,2025-12-23 03:00:00,Swap,BTC-USDT-SWAP,Funding fee income,0.14,cont,88558.70000000,0.00054664,0.00000000,USDT,0.00000000,0.00000000,0.00054664,335.57875525,USDT
3151990750882816001,3151990750849261568,2025-12-23 00:30:44,Swap,DOGE-USDT-SWAP,Sell,0.57,cont,0.13150000,0.00000000,-0.03747750,USDT,0.00000000,0.00000000,-0.03747750,335.57820861,USDT
3151929630981611521,3151929630948057088,2025-12-23 00:00:23,Swap,ETH-USDT-SWAP,Sell,0.27,cont,2976.79000000,0.00000000,-0.04018667,USDT,0.00000000,0.00000000,-0.04018667,335.61568611,USDT
3151900727697203202,3151900727596539904,2025-12-22 23:46:01,Swap,ETH-USDT-SWAP,Buy,0.03,cont,2981.27000000,0.05526000,-0.00447191,USDT,0.00000000,0.00000000,0.05078810,335.21570928,USDT
3151900727697203203,3151900727596539904,2025-12-22 23:46:01,Swap,ETH-USDT-SWAP,Buy,0.01,cont,2981.27000000,0.01842000,-0.00149064,USDT,0.00000000,0.00000000,0.01692937,335.23263865,USDT
3151900727697203206,3151900727596539904,2025-12-22 23:46:01,Swap,ETH-USDT-SWAP,Buy,0.21,cont,2981.27000000,0.38682000,-0.03130334,USDT,0.00000000,0.00000000,0.35551667,335.65587277,USDT
3151900727697203201,3151900727596539904,2025-12-22 23:46:01,Swap,ETH-USDT-SWAP,Buy,0.01,cont,2981.27000000,0.01842000,-0.00149064,USDT,0.00000000,0.00000000,0.01692937,335.16492119,USDT
3151900727697203200,3151900727596539904,2025-12-22 23:46:01,Swap,ETH-USDT-SWAP,Buy,0.01,cont,2981.27000000,0.01842000,-0.00149064,USDT,0.00000000,0.00000000,0.01692937,335.14799182,USDT
3151900727697203205,3151900727596539904,2025-12-22 23:46:01,Swap,ETH-USDT-SWAP,Buy,0.03,cont,2981.27000000,0.05526000,-0.00447191,USDT,0.00000000,0.00000000,0.05078810,335.30035611,USDT
3151900727697203204,3151900727596539904,2025-12-22 23:46:01,Swap,ETH-USDT-SWAP,Buy,0.01,cont,2981.27000000,0.01842000,-0.00149064,USDT,0.00000000,0.00000000,0.01692937,335.24956801,USDT
3151839157898174465,3151839157831065600,2025-12-22 23:15:26,Swap,SOL-USDT-SWAP,Sell,0.87,cont,124.80000000,0.00000000,-0.05428800,USDT,0.00000000,0.00000000,-0.05428800,335.13106246,USDT
3151838778363994113,3151838778296885248,2025-12-22 23:15:15,Swap,BTC-USDT-SWAP,Sell,0.14,cont,88101.30000000,0.00000000,-0.06167091,USDT,0.00000000,0.00000000,-0.06167091,335.18535046,USDT
3151825019335598080,3151825019302043648,2025-12-22 23:08:25,Swap,BTC-USDT-SWAP,Buy,0.16,cont,88219.80000000,1.34976000,-0.07057584,USDT,0.00000000,0.00000000,1.27918416,335.24702137,USDT
3151809212547325953,3151809212513771520,2025-12-22 23:00:34,Swap,XRP-USDT-SWAP,Sell,0.62,cont,1.89790000,0.00000000,-0.05883490,USDT,0.00000000,0.00000000,-0.05883490,333.96783721,USDT
3151808066831245332,0,2025-12-22 23:00:00,Swap,MINA-USDT-SWAP,Funding fee income,10617,cont,0.07609000,0.05661107,0.00000000,USDT,0.05661108,132.97040811,0.00000000,334.02667211,USDT
3151718145986650113,3151718145953095680,2025-12-22 22:15:20,Swap,ETH-USDT-SWAP,Sell,0.31,cont,2999.69000000,0.00000000,-0.04649520,USDT,0.00000000,0.00000000,-0.04649520,334.02667211,USDT
3151687941864022019,3151687941830467584,2025-12-22 22:00:20,Swap,BTC-USDT-SWAP,Sell,0.02,cont,89063.40000000,0.00000000,-0.00890634,USDT,0.00000000,0.00000000,-0.00890634,334.10879266,USDT
3151687941864022018,3151687941830467584,2025-12-22 22:00:20,Swap,BTC-USDT-SWAP,Sell,0.03,cont,89063.40000000,0.00000000,-0.01335951,USDT,0.00000000,0.00000000,-0.01335951,334.11769900,USDT
3151687941864022017,3151687941830467584,2025-12-22 22:00:20,Swap,BTC-USDT-SWAP,Sell,0.03,cont,89063.40000000,0.00000000,-0.01335951,USDT,0.00000000,0.00000000,-0.01335951,334.13105851,USDT
3151687941864022020,3151687941830467584,2025-12-22 22:00:20,Swap,BTC-USDT-SWAP,Sell,0.08,cont,89063.40000000,0.00000000,-0.03562536,USDT,0.00000000,0.00000000,-0.03562536,334.07316730,USDT
3151324885392810008,0,2025-12-22 19:00:00,Swap,MINA-USDT-SWAP,Funding fee expense,10617,cont,0.07723000,-0.01637311,0.00000000,USDT,-0.01637310,132.91379704,0.00000000,334.14441802,USDT
3150845313069080576,3150845313035526144,2025-12-22 15:01:47,Swap,XRP-USDT-SWAP,Buy,0.7,cont,1.93620000,-1.11300000,-0.06776700,USDT,0.00000000,0.00000000,-1.18076700,334.14441802,USDT
3150841699189645332,0,2025-12-22 15:00:00,Swap,MINA-USDT-SWAP,Funding fee expense,10617,cont,0.07739000,-0.04108249,0.00000000,USDT,-0.04108248,132.93017014,0.00000000,335.32518502,USDT
3150601330136965121,3150601330103410688,2025-12-22 13:00:36,Swap,XRP-USDT-SWAP,Sell,0.7,cont,1.92030000,0.00000000,-0.06721050,USDT,0.00000000,0.00000000,-0.06721050,335.32518502,USDT
3150358516778131480,0,2025-12-22 11:00:00,Swap,MINA-USDT-SWAP,Funding fee income,10617,cont,0.07705000,0.12009654,0.00000000,USDT,0.12009655,132.97125262,0.00000000,335.39239552,USDT
3149875331682263064,0,2025-12-22 07:00:00,Swap,MINA-USDT-SWAP,Funding fee income,10617,cont,0.07674000,0.07806244,0.00000000,USDT,0.07806244,132.85115607,0.00000000,335.39239552,USDT
3149420013709942790,3149420012166438913,2025-12-22 03:13:50,Swap,ETH-USDT-SWAP,Buy,0.33,cont,3019.24000000,-1.76847000,-0.04981746,USDT,0.00000000,0.00000000,-1.81828746,335.39239552,USDT
3149419987738812416,3149419987705257984,2025-12-22 03:13:49,Swap,SUI-USDT-SWAP,Buy,3,cont,1.45960000,-0.06780000,-0.00218940,USDT,0.00000000,0.00000000,-0.06998940,338.28385378,USDT
3149419987738812417,3149419987705257984,2025-12-22 03:13:49,Swap,SUI-USDT-SWAP,Buy,6,cont,1.45960000,-0.13560000,-0.00437880,USDT,0.00000000,0.00000000,-0.13997880,338.14387498,USDT
3149419987738812419,3149419987705257984,2025-12-22 03:13:49,Swap,SUI-USDT-SWAP,Buy,39,cont,1.45960000,-0.88140000,-0.02846220,USDT,0.00000000,0.00000000,-0.90986220,337.21068298,USDT
3149419987738812418,3149419987705257984,2025-12-22 03:13:49,Swap,SUI-USDT-SWAP,Buy,1,cont,1.45960000,-0.02260000,-0.00072980,USDT,0.00000000,0.00000000,-0.02332980,338.12054518,USDT
3149413025429053440,3149413025395499008,2025-12-22 03:10:22,Swap,SOL-USDT-SWAP,Buy,0.12,cont,126.76000000,-0.32760000,-0.00760560,USDT,0.00000000,0.00000000,-0.33520560,338.35384318,USDT
3149412739276857344,3149412739243302912,2025-12-22 03:10:13,Swap,BTC-USDT-SWAP,Buy,0.14,cont,89005.50000000,-1.49044000,-0.06230385,USDT,0.00000000,0.00000000,-1.55274385,338.68904878,USDT
3149412511173828610,3149412510402076676,2025-12-22 03:10:06,Swap,SOL-USDT-SWAP,Buy,1,cont,126.48000000,-2.45000000,-0.06324000,USDT,0.00000000,0.00000000,-2.51324000,340.24179263,USDT
3149405281770790913,3149405281703682048,2025-12-22 03:06:31,Swap,XRP-USDT-SWAP,Buy,0.16,cont,1.92680000,-0.38400000,-0.01541440,USDT,0.00000000,0.00000000,-0.39941440,343.72860523,USDT
3149405281770790912,3149405281703682048,2025-12-22 03:06:31,Swap,XRP-USDT-SWAP,Buy,0.02,cont,1.92680000,-0.04800000,-0.00192680,USDT,0.00000000,0.00000000,-0.04992680,344.12801963,USDT
3149405281770790914,3149405281703682048,2025-12-22 03:06:31,Swap,XRP-USDT-SWAP,Buy,0.39,cont,1.92680000,-0.93600000,-0.03757260,USDT,0.00000000,0.00000000,-0.97357260,342.75503263,USDT
3149405281737236480,3149405281703682048,2025-12-22 03:06:31,Swap,XRP-USDT-SWAP,Buy,0.01,cont,1.92680000,-0.02400000,-0.00096340,USDT,0.00000000,0.00000000,-0.02496340,344.17794643,USDT
3149392197454913628,0,2025-12-22 03:00:01,Swap,SUI-USDT-SWAP,Funding fee income,49,cont,1.44450000,0.00632675,0.00000000,USDT,0.00000000,0.00000000,0.00632675,344.20290983,USDT
3149392194569232452,0,2025-12-22 03:00:01,Swap,XRP-USDT-SWAP,Funding fee expense,0.58,cont,1.92100000,-0.00414933,0.00000000,USDT,0.00000000,0.00000000,-0.00414933,344.19658308,USDT
3149392169504071762,0,2025-12-22 03:00:00,Swap,SOL-USDT-SWAP,Funding fee income,1.12,cont,125.97000000,0.00196941,0.00000000,USDT,0.00000000,0.00000000,0.00196942,344.20073241,USDT
3149392164772896868,0,2025-12-22 03:00:00,Swap,ETH-USDT-SWAP,Funding fee expense,0.33,cont,3000.64000000,-0.00360423,0.00000000,USDT,0.00000000,0.00000000,-0.00360423,344.19876299,USDT
3149392149069422616,0,2025-12-22 03:00:00,Swap,MINA-USDT-SWAP,Funding fee expense,10617,cont,0.07596000,-0.04032337,0.00000000,USDT,-0.04032337,132.77309363,0.00000000,344.20236722,USDT
3149392147861463138,0,2025-12-22 03:00:00,Swap,BTC-USDT-SWAP,Funding fee income,0.14,cont,88624.10000000,0.01083531,0.00000000,USDT,0.00000000,0.00000000,0.01083531,344.20236722,USDT
3149275624022990848,3149275623989436416,2025-12-22 02:02:07,Swap,DOGE-USDT-SWAP,Buy,0.59,cont,0.13114000,-1.17410000,-0.03868630,USDT,0.00000000,0.00000000,-1.21278630,344.19153190,USDT
3149000536065302529,3149000536031748096,2025-12-21 23:45:29,Swap,SUI-USDT-SWAP,Sell,49,cont,1.43700000,0.00000000,-0.03520650,USDT,0.00000000,0.00000000,-0.03520650,345.40431820,USDT
3148908998131965978,0,2025-12-21 23:00:01,Swap,MINA-USDT-SWAP,Funding fee income,10617,cont,0.07593000,0.04153060,0.00000000,USDT,0.04153061,132.81341699,0.00000000,345.43952470,USDT
3148698822732931073,3148698822699376640,2025-12-21 21:15:37,Swap,DOGE-USDT-SWAP,Sell,0.59,cont,0.12915000,0.00000000,-0.03809925,USDT,0.00000000,0.00000000,-0.03809925,345.43952470,USDT
3148698591106686977,3148698591039578112,2025-12-21 21:15:30,Swap,XRP-USDT-SWAP,Sell,0.58,cont,1.90280000,0.00000000,-0.05518120,USDT,0.00000000,0.00000000,-0.05518120,345.47762395,USDT
3148425802634223702,0,2025-12-21 19:00:00,Swap,SOL-USDT-SWAP,Funding fee income,1.12,cont,124.99000000,0.00617872,0.00000000,USDT,0.00000000,0.00000000,0.00617873,345.53280515,USDT
3148425797903048804,0,2025-12-21 19:00:00,Swap,ETH-USDT-SWAP,Funding fee income,0.33,cont,2973.17000000,0.00276939,0.00000000,USDT,0.00000000,0.00000000,0.00276940,345.52662643,USDT
3148425782132465688,0,2025-12-21 19:00:00,Swap,MINA-USDT-SWAP,Funding fee income,10617,cont,0.07485000,0.17159543,0.00000000,USDT,0.17159544,132.77188638,0.00000000,345.52385703,USDT
3148425780958060614,0,2025-12-21 19:00:00,Swap,BTC-USDT-SWAP,Funding fee income,0.14,cont,88027.70000000,0.00857949,0.00000000,USDT,0.00000000,0.00000000,0.00857950,345.52385703,USDT
3148396063810904065,3148396063777349632,2025-12-21 18:45:14,Swap,BTC-USDT-SWAP,Sell,0.14,cont,87940.90000000,0.00000000,-0.06155863,USDT,0.00000000,0.00000000,-0.06155863,345.51527753,USDT
3148366067289546753,3148366067255992320,2025-12-21 18:30:20,Swap,ETH-USDT-SWAP,Sell,0.33,cont,2965.65000000,0.00000000,-0.04893323,USDT,0.00000000,0.00000000,-0.04893323,345.57683616,USDT
3148245320961351681,3148245320927797248,2025-12-21 17:30:22,Swap,SOL-USDT-SWAP,Sell,1.12,cont,124.03000000,0.00000000,-0.06945680,USDT,0.00000000,0.00000000,-0.06945680,345.62576939,USDT
3148128659482599424,3148128659046391808,2025-12-21 16:32:25,Swap,SOL-USDT-SWAP,Buy,0.68,cont,123.43000000,1.30560000,-0.04196620,USDT,0.00000000,0.00000000,1.26363380,345.69522619,USDT
3147942623712370708,0,2025-12-21 15:00:00,Swap,MINA-USDT-SWAP,Funding fee expense,10617,cont,0.07704000,-0.04089669,0.00000000,USDT,-0.04089668,132.60029095,0.00000000,344.43159239,USDT
3147650519362691076,3147650519295582208,2025-12-21 12:34:55,Swap,XRP-USDT-SWAP,Buy,0.01,cont,1.94640000,-0.02400000,-0.00097320,USDT,0.00000000,0.00000000,-0.02497320,345.03094919,USDT
3147650519362691075,3147650519295582208,2025-12-21 12:34:55,Swap,XRP-USDT-SWAP,Buy,0.01,cont,1.94640000,-0.02400000,-0.00097320,USDT,0.00000000,0.00000000,-0.02497320,345.05592239,USDT
3147650519362691072,3147650519295582208,2025-12-21 12:34:55,Swap,XRP-USDT-SWAP,Buy,0.21,cont,1.94640000,-0.50400000,-0.02043720,USDT,0.00000000,0.00000000,-0.52443720,345.38057399,USDT
3147650519362691074,3147650519295582208,2025-12-21 12:34:55,Swap,XRP-USDT-SWAP,Buy,0.05,cont,1.94640000,-0.12000000,-0.00486600,USDT,0.00000000,0.00000000,-0.12486600,345.08089559,USDT
3147650519362691077,3147650519295582208,2025-12-21 12:34:55,Swap,XRP-USDT-SWAP,Buy,0.24,cont,1.94640000,-0.57600000,-0.02335680,USDT,0.00000000,0.00000000,-0.59935680,344.43159239,USDT
3147650519362691073,3147650519295582208,2025-12-21 12:34:55,Swap,XRP-USDT-SWAP,Buy,0.07,cont,1.94640000,-0.16800000,-0.00681240,USDT,0.00000000,0.00000000,-0.17481240,345.20576159,USDT
3147540449014571008,3147540448846798848,2025-12-21 11:40:15,Swap,BTC-USDT-SWAP,Buy,0.1,cont,88420.00000000,-0.49480000,-0.04421000,USDT,0.00000000,0.00000000,-0.53901000,345.90501119,USDT
3147525366431604736,3147525366398050304,2025-12-21 11:32:45,Swap,DOGE-USDT-SWAP,Buy,0.82,cont,0.13222000,-0.77900000,-0.05421020,USDT,0.00000000,0.00000000,-0.83321020,346.44402119,USDT
3147523268977614848,3147523268340080640,2025-12-21 11:31:43,Swap,ETH-USDT-SWAP,Buy,0.39,cont,2986.23000000,-0.48750000,-0.05823149,USDT,0.00000000,0.00000000,-0.54573149,347.27723139,USDT
3147460478065696769,3147460477998587904,2025-12-21 11:00:31,Swap,DOGE-USDT-SWAP,Sell,0.82,cont,0.13127000,0.00000000,-0.05382070,USDT,0.00000000,0.00000000,-0.05382070,347.82296287,USDT
3147459459420250186,0,2025-12-21 11:00:01,Swap,XRP-USDT-SWAP,Funding fee income,0.59,cont,1.92420000,0.00228637,0.00000000,USDT,0.00000000,0.00000000,0.00228638,347.87678357,USDT
3147459434489307188,0,2025-12-21 11:00:00,Swap,SOL-USDT-SWAP,Funding fee income,0.68,cont,125.25000000,0.00851700,0.00000000,USDT,0.00000000,0.00000000,0.00851700,347.87449720,USDT
3147459429791686716,0,2025-12-21 11:00:00,Swap,ETH-USDT-SWAP,Funding fee income,0.39,cont,2979.50000000,0.00111171,0.00000000,USDT,0.00000000,0.00000000,0.00111172,347.86598020,USDT
3147459413987549208,0,2025-12-21 11:00:00,Swap,MINA-USDT-SWAP,Funding fee expense,10617,cont,0.07768000,-0.01593936,0.00000000,USDT,-0.01593935,132.64118763,0.00000000,347.86486848,USDT
3147459412813144147,0,2025-12-21 11:00:00,Swap,BTC-USDT-SWAP,Funding fee income,0.1,cont,88141.00000000,0.00836404,0.00000000,USDT,0.00000000,0.00000000,0.00836404,347.86486848,USDT
3147037265745666049,3147037265712111616,2025-12-21 07:30:19,Swap,SOL-USDT-SWAP,Sell,0.68,cont,125.35000000,0.00000000,-0.04261900,USDT,0.00000000,0.00000000,-0.04261900,347.85650443,USDT
3146976250366517268,0,2025-12-21 07:00:00,Swap,MINA-USDT-SWAP,Funding fee income,10617,cont,0.07741000,0.32276593,0.00000000,USDT,0.32276593,132.65712698,0.00000000,347.89912343,USDT
3146864088201551872,3146864088134443008,2025-12-21 06:04:18,Swap,SUI-USDT-SWAP,Buy,31,cont,1.44180000,0.42470000,-0.02234790,USDT,0.00000000,0.00000000,0.40235210,347.89912343,USDT
3146864088167997447,3146864088134443008,2025-12-21 06:04:18,Swap,SUI-USDT-SWAP,Buy,1,cont,1.44180000,0.01370000,-0.00072090,USDT,0.00000000,0.00000000,0.01297910,347.41889673,USDT
3146864088167997441,3146864088134443008,2025-12-21 06:04:18,Swap,SUI-USDT-SWAP,Buy,1,cont,1.44170000,0.01380000,-0.00072085,USDT,0.00000000,0.00000000,0.01307915,347.18427243,USDT
3146864088167997449,3146864088134443008,2025-12-21 06:04:18,Swap,SUI-USDT-SWAP,Buy,1,cont,1.44180000,0.01370000,-0.00072090,USDT,0.00000000,0.00000000,0.01297910,347.45783403,USDT
3146864088167997442,3146864088134443008,2025-12-21 06:04:18,Swap,SUI-USDT-SWAP,Buy,2,cont,1.44170000,0.02760000,-0.00144170,USDT,0.00000000,0.00000000,0.02615830,347.21043073,USDT
3146864088167997444,3146864088134443008,2025-12-21 06:04:18,Swap,SUI-USDT-SWAP,Buy,7,cont,1.44170000,0.09660000,-0.00504595,USDT,0.00000000,0.00000000,0.09155405,347.31506393,USDT
3146864088167997450,3146864088134443008,2025-12-21 06:04:18,Swap,SUI-USDT-SWAP,Buy,1,cont,1.44180000,0.01370000,-0.00072090,USDT,0.00000000,0.00000000,0.01297910,347.47081313,USDT
3146864088167997446,3146864088134443008,2025-12-21 06:04:18,Swap,SUI-USDT-SWAP,Buy,1,cont,1.44180000,0.01370000,-0.00072090,USDT,0.00000000,0.00000000,0.01297910,347.40591763,USDT
3146864088167997443,3146864088134443008,2025-12-21 06:04:18,Swap,SUI-USDT-SWAP,Buy,1,cont,1.44170000,0.01380000,-0.00072085,USDT,0.00000000,0.00000000,0.01307915,347.22350988,USDT
3146864088167997440,3146864088134443008,2025-12-21 06:04:18,Swap,SUI-USDT-SWAP,Buy,6,cont,1.44170000,0.08280000,-0.00432510,USDT,0.00000000,0.00000000,0.07847490,347.17119328,USDT
3146864088167997451,3146864088134443008,2025-12-21 06:04:18,Swap,SUI-USDT-SWAP,Buy,2,cont,1.44180000,0.02740000,-0.00144180,USDT,0.00000000,0.00000000,0.02595820,347.49677133,USDT
3146864088167997448,3146864088134443008,2025-12-21 06:04:18,Swap,SUI-USDT-SWAP,Buy,2,cont,1.44180000,0.02740000,-0.00144180,USDT,0.00000000,0.00000000,0.02595820,347.44485493,USDT
3146864088167997445,3146864088134443008,2025-12-21 06:04:18,Swap,SUI-USDT-SWAP,Buy,6,cont,1.44180000,0.08220000,-0.00432540,USDT,0.00000000,0.00000000,0.07787460,347.39293853,USDT
3146860082809004032,3146860082741895168,2025-12-21 06:02:18,Swap,SOL-USDT-SWAP,Buy,0.7,cont,125.08000000,0.60900000,-0.04377800,USDT,0.00000000,0.00000000,0.56522200,347.09271838,USDT
3146855962995843073,3146855962962288640,2025-12-21 06:00:15,Swap,BTC-USDT-SWAP,Sell,0.1,cont,87925.20000000,0.00000000,-0.04396260,USDT,0.00000000,0.00000000,-0.04396260,346.52749638,USDT
3146493095268311130,0,2025-12-21 03:00:01,Swap,SUI-USDT-SWAP,Funding fee income,62,cont,1.45310000,0.00257558,0.00000000,USDT,0.00000000,0.00000000,0.00257558,346.57145898,USDT
3146493092382629966,0,2025-12-21 03:00:01,Swap,XRP-USDT-SWAP,Funding fee income,0.59,cont,1.93230000,0.00562075,0.00000000,USDT,0.00000000,0.00000000,0.00562076,346.56888340,USDT
3146493067451687001,0,2025-12-21 03:00:00,Swap,SOL-USDT-SWAP,Funding fee income,0.7,cont,125.74000000,0.00880180,0.00000000,USDT,0.00000000,0.00000000,0.00880180,346.56326265,USDT
3146493062720512098,0,2025-12-21 03:00:00,Swap,ETH-USDT-SWAP,Funding fee income,0.39,cont,2976.57000000,0.00191815,0.00000000,USDT,0.00000000,0.00000000,0.00191816,346.55446085,USDT
3146493047050592280,0,2025-12-21 03:00:00,Swap,MINA-USDT-SWAP,Funding fee expense,10617,cont,0.07872000,-0.04178852,0.00000000,USDT,-0.04178851,132.33436105,0.00000000,346.55254269,USDT
3146312480183017473,3146312480115908608,2025-12-21 01:30:18,Swap,ETH-USDT-SWAP,Sell,0.39,cont,2973.73000000,0.00000000,-0.05798774,USDT,0.00000000,0.00000000,-0.05798774,346.55254269,USDT
3146020168668274688,3146020168634720256,2025-12-20 23:05:07,Swap,ETH-USDT-SWAP,Sell,0.11,cont,2976.87000000,-0.06644000,-0.01637279,USDT,0.00000000,0.00000000,-0.08281279,346.61053042,USDT
3146009874906734612,0,2025-12-20 23:00:00,Swap,MINA-USDT-SWAP,Funding fee income,10617,cont,0.07840000,0.04325055,0.00000000,USDT,0.04325055,132.37614956,0.00000000,346.69334321,USDT
3145869230129274880,3145869230062166016,2025-12-20 21:50:08,Swap,BTC-USDT-SWAP,Buy,0.13,cont,88158.50000000,-1.51788000,-0.05730303,USDT,0.00000000,0.00000000,-1.57518303,346.69334321,USDT
3145708826556096513,3145708826522542080,2025-12-20 20:30:28,Swap,XRP-USDT-SWAP,Sell,0.59,cont,1.92240000,0.00000000,-0.05671080,USDT,0.00000000,0.00000000,-0.05671080,348.26852623,USDT
3145526727156949084,0,2025-12-20 19:00:01,Swap,SUI-USDT-SWAP,Funding fee income,62,cont,1.46150000,0.00642328,0.00000000,USDT,0.00000000,0.00000000,0.00642329,348.32523703,USDT
3145526699105443936,0,2025-12-20 19:00:00,Swap,SOL-USDT-SWAP,Funding fee income,0.7,cont,126.50000000,0.00885500,0.00000000,USDT,0.00000000,0.00000000,0.00885500,348.31881374,USDT
3145526694374269028,0,2025-12-20 19:00:00,Swap,ETH-USDT-SWAP,Funding fee income,0.11,cont,2975.89000000,0.00034137,0.00000000,USDT,0.00000000,0.00000000,0.00034138,348.30995874,USDT
3145526678570131480,0,2025-12-20 19:00:00,Swap,MINA-USDT-SWAP,Funding fee income,10617,cont,0.07803000,0.09362518,0.00000000,USDT,0.09362518,132.33289901,0.00000000,348.30961737,USDT
3145526677395726436,0,2025-12-20 19:00:00,Swap,BTC-USDT-SWAP,Funding fee income,0.13,cont,88130.70000000,0.00559584,0.00000000,USDT,0.00000000,0.00000000,0.00559584,348.30961737,USDT
3145316152158183425,3145316152124628992,2025-12-20 17:15:25,Swap,SUI-USDT-SWAP,Sell,1,cont,1.45550000,0.00000000,-0.00072775,USDT,0.00000000,0.00000000,-0.00072775,348.34841427,USDT
3145316152158183426,3145316152124628992,2025-12-20 17:15:25,Swap,SUI-USDT-SWAP,Sell,2,cont,1.45550000,0.00000000,-0.00145550,USDT,0.00000000,0.00000000,-0.00145550,348.34695877,USDT
3145316152158183435,3145316152124628992,2025-12-20 17:15:25,Swap,SUI-USDT-SWAP,Sell,1,cont,1.45550000,0.00000000,-0.00072775,USDT,0.00000000,0.00000000,-0.00072775,348.33531477,USDT
3145316152158183436,3145316152124628992,2025-12-20 17:15:25,Swap,SUI-USDT-SWAP,Sell,2,cont,1.45550000,0.00000000,-0.00145550,USDT,0.00000000,0.00000000,-0.00145550,348.33385927,USDT
3145316152158183430,3145316152124628992,2025-12-20 17:15:25,Swap,SUI-USDT-SWAP,Sell,1,cont,1.45550000,0.00000000,-0.00072775,USDT,0.00000000,0.00000000,-0.00072775,348.33968127,USDT
3145316152158183431,3145316152124628992,2025-12-20 17:15:25,Swap,SUI-USDT-SWAP,Sell,1,cont,1.45550000,0.00000000,-0.00072775,USDT,0.00000000,0.00000000,-0.00072775,348.33895352,USDT
3145316152158183437,3145316152124628992,2025-12-20 17:15:25,Swap,SUI-USDT-SWAP,Sell,41,cont,1.45550000,0.00000000,-0.02983775,USDT,0.00000000,0.00000000,-0.02983775,348.30402152,USDT
3145316152158183427,3145316152124628992,2025-12-20 17:15:25,Swap,SUI-USDT-SWAP,Sell,4,cont,1.45550000,0.00000000,-0.00291100,USDT,0.00000000,0.00000000,-0.00291100,348.34404777,USDT
3145316152158183434,3145316152124628992,2025-12-20 17:15:25,Swap,SUI-USDT-SWAP,Sell,2,cont,1.45550000,0.00000000,-0.00145550,USDT,0.00000000,0.00000000,-0.00145550,348.33604252,USDT
3145316152158183432,3145316152124628992,2025-12-20 17:15:25,Swap,SUI-USDT-SWAP,Sell,1,cont,1.45550000,0.00000000,-0.00072775,USDT,0.00000000,0.00000000,-0.00072775,348.33822577,USDT
3145316152158183433,3145316152124628992,2025-12-20 17:15:25,Swap,SUI-USDT-SWAP,Sell,1,cont,1.45550000,0.00000000,-0.00072775,USDT,0.00000000,0.00000000,-0.00072775,348.33749802,USDT
3145316152158183429,3145316152124628992,2025-12-20 17:15:25,Swap,SUI-USDT-SWAP,Sell,2,cont,1.45550000,0.00000000,-0.00145550,USDT,0.00000000,0.00000000,-0.00145550,348.34040902,USDT
3145316152158183428,3145316152124628992,2025-12-20 17:15:25,Swap,SUI-USDT-SWAP,Sell,3,cont,1.45550000,0.00000000,-0.00218325,USDT,0.00000000,0.00000000,-0.00218325,348.34186452,USDT
3145043500722020372,0,2025-12-20 15:00:00,Swap,MINA-USDT-SWAP,Funding fee expense,10617,cont,0.07824000,-0.00100929,0.00000000,USDT,-0.00100929,132.23927383,0.00000000,348.34914202,USDT
3144601833397280768,3144601833330171904,2025-12-20 11:20:37,Swap,DOGE-USDT-SWAP,Buy,0.98,cont,0.13212000,-1.32300000,-0.06473880,USDT,0.00000000,0.00000000,-1.38773880,348.34914202,USDT
3144560356059242574,0,2025-12-20 11:00:01,Swap,DOGE-USDT-SWAP,Funding fee income,0.98,cont,0.13146000,0.00744282,0.00000000,USDT,0.00000000,0.00000000,0.00744282,349.73688082,USDT
3144560331161854046,0,2025-12-20 11:00:00,Swap,SOL-USDT-SWAP,Funding fee income,0.7,cont,126.12000000,0.00109571,0.00000000,USDT,0.00000000,0.00000000,0.00109572,349.72943800,USDT
3144560326464233536,0,2025-12-20 11:00:00,Swap,ETH-USDT-SWAP,Funding fee income,0.11,cont,2980.24000000,0.00067076,0.00000000,USDT,0.00000000,0.00000000,0.00067077,349.72834228,USDT
3144560310794313752,0,2025-12-20 11:00:00,Swap,MINA-USDT-SWAP,Funding fee expense,10617,cont,0.07852000,-0.04168235,0.00000000,USDT,-0.04168234,132.24028311,0.00000000,349.72767151,USDT
3144560309519245416,0,2025-12-20 11:00:00,Swap,BTC-USDT-SWAP,Funding fee income,0.13,cont,88230.60000000,0.00227445,0.00000000,USDT,0.00000000,0.00000000,0.00227446,349.72767151,USDT
3144501084000608258,3144501083967053824,2025-12-20 10:30:35,Swap,SOL-USDT-SWAP,Sell,0.01,cont,125.95000000,0.00000000,-0.00062975,USDT,0.00000000,0.00000000,-0.00062975,349.76444155,USDT
3144501084000608257,3144501083967053824,2025-12-20 10:30:35,Swap,SOL-USDT-SWAP,Sell,0.07,cont,125.95000000,0.00000000,-0.00440825,USDT,0.00000000,0.00000000,-0.00440825,349.76507130,USDT
3144501084000608259,3144501083967053824,2025-12-20 10:30:35,Swap,SOL-USDT-SWAP,Sell,0.62,cont,125.95000000,0.00000000,-0.03904450,USDT,0.00000000,0.00000000,-0.03904450,349.72539705,USDT
3144199651820822529,3144199651787268096,2025-12-20 08:00:51,Swap,DOGE-USDT-SWAP,Sell,0.98,cont,0.13077000,0.00000000,-0.06407730,USDT,0.00000000,0.00000000,-0.06407730,349.76947955,USDT
3144077132140896276,0,2025-12-20 07:00:00,Swap,MINA-USDT-SWAP,Funding fee expense,10617,cont,0.07812000,-0.04147001,0.00000000,USDT,-0.04147000,132.28196545,0.00000000,349.83355685,USDT
3143593959057514600,0,2025-12-20 03:00:00,Swap,ETH-USDT-SWAP,Funding fee income,0.11,cont,2977.97000000,0.00127263,0.00000000,USDT,0.00000000,0.00000000,0.00127263,349.83355685,USDT
3143593943253377046,0,2025-12-20 03:00:00,Swap,MINA-USDT-SWAP,Funding fee expense,10617,cont,0.07887000,-0.04186814,0.00000000,USDT,-0.04186814,132.32343546,0.00000000,349.83228422,USDT
3143593941978308714,0,2025-12-20 03:00:00,Swap,BTC-USDT-SWAP,Funding fee income,0.13,cont,88104.00000000,0.00857080,0.00000000,USDT,0.00000000,0.00000000,0.00857080,349.83228422,USDT
3143111457666752513,3143111457633198080,2025-12-19 23:00:20,Swap,ETH-USDT-SWAP,Buy,0.11,cont,2982.91000000,0.00000000,-0.01640601,USDT,0.00000000,0.00000000,-0.01640601,349.82371342,USDT
3143110763291336724,0,2025-12-19 23:00:00,Swap,MINA-USDT-SWAP,Funding fee expense,10617,cont,0.07881000,-0.04183629,0.00000000,USDT,-0.04183629,132.36530360,0.00000000,349.84011943,USDT
3142960335954108421,3142960335920553984,2025-12-19 21:45:17,Swap,BTC-USDT-SWAP,Sell,0.03,cont,86990.90000000,0.00000000,-0.01304864,USDT,0.00000000,0.00000000,-0.01304864,349.84011943,USDT
3142960335954108417,3142960335920553984,2025-12-19 21:45:17,Swap,BTC-USDT-SWAP,Sell,0.03,cont,86990.90000000,0.00000000,-0.01304864,USDT,0.00000000,0.00000000,-0.01304864,349.88361488,USDT
3142960335954108420,3142960335920553984,2025-12-19 21:45:17,Swap,BTC-USDT-SWAP,Sell,0.03,cont,86990.90000000,0.00000000,-0.01304864,USDT,0.00000000,0.00000000,-0.01304864,349.85316806,USDT
3142960335954108419,3142960335920553984,2025-12-19 21:45:17,Swap,BTC-USDT-SWAP,Sell,0.03,cont,86990.90000000,0.00000000,-0.01304864,USDT,0.00000000,0.00000000,-0.01304864,349.86621670,USDT
3142960335954108418,3142960335920553984,2025-12-19 21:45:17,Swap,BTC-USDT-SWAP,Sell,0.01,cont,86990.90000000,0.00000000,-0.00434955,USDT,0.00000000,0.00000000,-0.00434955,349.87926533,USDT
3142627575712440342,0,2025-12-19 19:00:00,Swap,MINA-USDT-SWAP,Funding fee income,10617,cont,0.07676000,0.06305293,0.00000000,USDT,0.06305293,132.40713988,0.00000000,349.89666351,USDT
3142144394575994900,0,2025-12-19 15:00:00,Swap,MINA-USDT-SWAP,Funding fee income,10617,cont,0.07715000,0.10517444,0.00000000,USDT,0.10517444,132.34408695,0.00000000,349.89666351,USDT
3141661207869513750,0,2025-12-19 11:00:00,Swap,MINA-USDT-SWAP,Funding fee expense,10617,cont,0.07792000,-0.03546938,0.00000000,USDT,-0.03546938,132.23891251,0.00000000,349.89666351,USDT
3141178026129088533,0,2025-12-19 07:00:00,Swap,MINA-USDT-SWAP,Funding fee expense,10617,cont,0.07655000,-0.01098543,0.00000000,USDT,-0.01098542,132.27438188,0.00000000,349.89666351,USDT
3141110479211978753,3141110479178424320,2025-12-19 06:26:27,Swap,SUI-USDT-SWAP,Buy,2,cont,1.38180000,-0.08100000,-0.00138180,USDT,0.00000000,0.00000000,-0.08238180,352.41210981,USDT
3141110479211978759,3141110479178424320,2025-12-19 06:26:27,Swap,SUI-USDT-SWAP,Buy,7,cont,1.38180000,-0.28350000,-0.00483630,USDT,0.00000000,0.00000000,-0.28833630,351.09400101,USDT
3141110479211978756,3141110479178424320,2025-12-19 06:26:27,Swap,SUI-USDT-SWAP,Buy,3,cont,1.38180000,-0.12150000,-0.00207270,USDT,0.00000000,0.00000000,-0.12357270,352.00020081,USDT
3141110479211978760,3141110479178424320,2025-12-19 06:26:27,Swap,SUI-USDT-SWAP,Buy,1,cont,1.38180000,-0.04050000,-0.00069090,USDT,0.00000000,0.00000000,-0.04119090,351.05281011,USDT
3141110479211978763,3141110479178424320,2025-12-19 06:26:27,Swap,SUI-USDT-SWAP,Buy,14,cont,1.38190000,-0.56840000,-0.00967330,USDT,0.00000000,0.00000000,-0.57807330,350.10331836,USDT
3141110479211978762,3141110479178424320,2025-12-19 06:26:27,Swap,SUI-USDT-SWAP,Buy,7,cont,1.38190000,-0.28420000,-0.00483665,USDT,0.00000000,0.00000000,-0.28903665,350.68139166,USDT
3141110479211978755,3141110479178424320,2025-12-19 06:26:27,Swap,SUI-USDT-SWAP,Buy,1,cont,1.38180000,-0.04050000,-0.00069090,USDT,0.00000000,0.00000000,-0.04119090,352.12377351,USDT
3141110479211978757,3141110479178424320,2025-12-19 06:26:27,Swap,SUI-USDT-SWAP,Buy,14,cont,1.38180000,-0.56700000,-0.00967260,USDT,0.00000000,0.00000000,-0.57667260,351.42352821,USDT
3141110479211978764,3141110479178424320,2025-12-19 06:26:27,Swap,SUI-USDT-SWAP,Buy,1,cont,1.38190000,-0.04060000,-0.00069095,USDT,0.00000000,0.00000000,-0.04129095,350.06202741,USDT
3141110479211978766,3141110479178424320,2025-12-19 06:26:27,Swap,SUI-USDT-SWAP,Buy,1,cont,1.38200000,-0.04070000,-0.00069100,USDT,0.00000000,0.00000000,-0.04139100,349.93805451,USDT
3141110479211978758,3141110479178424320,2025-12-19 06:26:27,Swap,SUI-USDT-SWAP,Buy,1,cont,1.38180000,-0.04050000,-0.00069090,USDT,0.00000000,0.00000000,-0.04119090,351.38233731,USDT
3141110479211978761,3141110479178424320,2025-12-19 06:26:27,Swap,SUI-USDT-SWAP,Buy,2,cont,1.38180000,-0.08100000,-0.00138180,USDT,0.00000000,0.00000000,-0.08238180,350.97042831,USDT
3141110479211978765,3141110479178424320,2025-12-19 06:26:27,Swap,SUI-USDT-SWAP,Buy,2,cont,1.38190000,-0.08120000,-0.00138190,USDT,0.00000000,0.00000000,-0.08258190,349.97944551,USDT
3141110479211978767,3141110479178424320,2025-12-19 06:26:27,Swap,SUI-USDT-SWAP,Buy,1,cont,1.38200000,-0.04070000,-0.00069100,USDT,0.00000000,0.00000000,-0.04139100,349.89666351,USDT
3141110479211978754,3141110479178424320,2025-12-19 06:26:27,Swap,SUI-USDT-SWAP,Buy,6,cont,1.38180000,-0.24300000,-0.00414540,USDT,0.00000000,0.00000000,-0.24714540,352.16496441,USDT
3141107600510148608,3141107599738396673,2025-12-19 06:25:01,Swap,SOL-USDT-SWAP,Buy,0.72,cont,120.71000000,-2.18160000,-0.04345560,USDT,0.00000000,0.00000000,-2.22505560,352.49449161,USDT
3141084862248640513,3141084862181531648,2025-12-19 06:13:43,Swap,BTC-USDT-SWAP,Buy,0.1,cont,86435.80000000,-1.46390000,-0.04321790,USDT,0.00000000,0.00000000,-1.50711790,355.32239437,USDT
3141084862248640512,3141084862181531648,2025-12-19 06:13:43,Swap,BTC-USDT-SWAP,Buy,0.02,cont,86435.80000000,-0.29278000,-0.00864358,USDT,0.00000000,0.00000000,-0.30142358,356.82951227,USDT
3141084862248640514,3141084862181531648,2025-12-19 06:13:43,Swap,BTC-USDT-SWAP,Buy,0.04,cont,86435.80000000,-0.58556000,-0.01728716,USDT,0.00000000,0.00000000,-0.60284716,354.71954721,USDT
3141082255102828544,3141082254767284224,2025-12-19 06:12:26,Swap,ETH-USDT-SWAP,Buy,0.32,cont,2868.00000000,-2.19968000,-0.04588800,USDT,0.00000000,0.00000000,-2.24556800,357.13093585,USDT
3141064213555830784,3141064213488721920,2025-12-19 06:03:28,Swap,XRP-USDT-SWAP,Buy,0.45,cont,1.80780000,-0.78300000,-0.04067550,USDT,0.00000000,0.00000000,-0.82367550,359.37650385,USDT
3141063662826938368,3141063662759829504,2025-12-19 06:03:11,Swap,DOGE-USDT-SWAP,Buy,0.12,cont,0.12222000,-0.17520000,-0.00733320,USDT,0.00000000,0.00000000,-0.18253320,360.79341225,USDT
3141063662826938369,3141063662759829504,2025-12-19 06:03:11,Swap,DOGE-USDT-SWAP,Buy,0.04,cont,0.12222000,-0.05840000,-0.00244440,USDT,0.00000000,0.00000000,-0.06084440,360.73256785,USDT
3141063662826938370,3141063662759829504,2025-12-19 06:03:11,Swap,DOGE-USDT-SWAP,Buy,0.35,cont,0.12222000,-0.51100000,-0.02138850,USDT,0.00000000,0.00000000,-0.53238850,360.20017935,USDT
3141063662793383939,3141063662759829504,2025-12-19 06:03:11,Swap,DOGE-USDT-SWAP,Buy,0.01,cont,0.12222000,-0.01460000,-0.00061110,USDT,0.00000000,0.00000000,-0.01521110,361.15847865,USDT
3141063662793383936,3141063662759829504,2025-12-19 06:03:11,Swap,DOGE-USDT-SWAP,Buy,0.01,cont,0.12222000,-0.01460000,-0.00061110,USDT,0.00000000,0.00000000,-0.01521110,361.20411195,USDT
3141063662793383937,3141063662759829504,2025-12-19 06:03:11,Swap,DOGE-USDT-SWAP,Buy,0.01,cont,0.12222000,-0.01460000,-0.00061110,USDT,0.00000000,0.00000000,-0.01521110,361.18890085,USDT
3141063662793383942,3141063662759829504,2025-12-19 06:03:11,Swap,DOGE-USDT-SWAP,Buy,0.1,cont,0.12222000,-0.14600000,-0.00611100,USDT,0.00000000,0.00000000,-0.15211100,360.97594545,USDT
3141063662793383940,3141063662759829504,2025-12-19 06:03:11,Swap,DOGE-USDT-SWAP,Buy,0.01,cont,0.12222000,-0.01460000,-0.00061110,USDT,0.00000000,0.00000000,-0.01521110,361.14326755,USDT
3141063662793383938,3141063662759829504,2025-12-19 06:03:11,Swap,DOGE-USDT-SWAP,Buy,0.01,cont,0.12222000,-0.01460000,-0.00061110,USDT,0.00000000,0.00000000,-0.01521110,361.17368975,USDT
3141063662793383941,3141063662759829504,2025-12-19 06:03:11,Swap,DOGE-USDT-SWAP,Buy,0.01,cont,0.12222000,-0.01460000,-0.00061110,USDT,0.00000000,0.00000000,-0.01521110,361.12805645,USDT
3140967744463167489,3140967744429613056,2025-12-19 05:15:33,Swap,DOGE-USDT-SWAP,Sell,0.67,cont,0.12076000,0.00000000,-0.04045460,USDT,0.00000000,0.00000000,-0.04045460,361.21932305,USDT
3140961116691095552,3140961116623986688,2025-12-19 05:12:15,Swap,DOGE-USDT-SWAP,Buy,0.65,cont,0.12108000,0.65650000,-0.03935100,USDT,0.00000000,0.00000000,0.61714900,361.25977765,USDT
3140816757706448897,3140816757672894464,2025-12-19 04:00:33,Swap,XRP-USDT-SWAP,Sell,0.01,cont,1.79040000,0.00000000,-0.00089520,USDT,0.00000000,0.00000000,-0.00089520,360.68201745,USDT
3140816757706448898,3140816757672894464,2025-12-19 04:00:33,Swap,XRP-USDT-SWAP,Sell,0.44,cont,1.79040000,0.00000000,-0.03938880,USDT,0.00000000,0.00000000,-0.03938880,360.64262865,USDT
3140798657741185025,3140798657674076160,2025-12-19 03:51:34,Swap,XRP-USDT-SWAP,Buy,0.01,cont,1.78760000,0.02990000,-0.00089380,USDT,0.00000000,0.00000000,0.02900620,359.58067705,USDT
3140798657741185029,3140798657674076160,2025-12-19 03:51:34,Swap,XRP-USDT-SWAP,Buy,0.01,cont,1.78760000,0.02990000,-0.00089380,USDT,0.00000000,0.00000000,0.02900620,359.72570805,USDT
3140798657741185024,3140798657674076160,2025-12-19 03:51:34,Swap,XRP-USDT-SWAP,Buy,0.05,cont,1.78760000,0.14950000,-0.00446900,USDT,0.00000000,0.00000000,0.14503100,359.55167085,USDT
3140798657741185032,3140798657674076160,2025-12-19 03:51:34,Swap,XRP-USDT-SWAP,Buy,0.27,cont,1.78760000,0.80730000,-0.02413260,USDT,0.00000000,0.00000000,0.78316740,360.68291265,USDT
3140798657741185026,3140798657674076160,2025-12-19 03:51:34,Swap,XRP-USDT-SWAP,Buy,0.01,cont,1.78760000,0.02990000,-0.00089380,USDT,0.00000000,0.00000000,0.02900620,359.60968325,USDT
3140798657741185028,3140798657674076160,2025-12-19 03:51:34,Swap,XRP-USDT-SWAP,Buy,0.02,cont,1.78760000,0.05980000,-0.00178760,USDT,0.00000000,0.00000000,0.05801240,359.69670185,USDT
3140798657741185027,3140798657674076160,2025-12-19 03:51:34,Swap,XRP-USDT-SWAP,Buy,0.01,cont,1.78760000,0.02990000,-0.00089380,USDT,0.00000000,0.00000000,0.02900620,359.63868945,USDT
3140798657741185030,3140798657674076160,2025-12-19 03:51:34,Swap,XRP-USDT-SWAP,Buy,0.01,cont,1.78760000,0.02990000,-0.00089380,USDT,0.00000000,0.00000000,0.02900620,359.75471425,USDT
3140798657741185031,3140798657674076160,2025-12-19 03:51:34,Swap,XRP-USDT-SWAP,Buy,0.05,cont,1.78760000,0.14950000,-0.00446900,USDT,0.00000000,0.00000000,0.14503100,359.89974525,USDT
3140726262644858881,3140726262611304448,2025-12-19 03:15:36,Swap,DOGE-USDT-SWAP,Sell,0.6,cont,0.12209000,0.00000000,-0.03662700,USDT,0.00000000,0.00000000,-0.03662700,359.40969210,USDT
3140726262644858882,3140726262611304448,2025-12-19 03:15:36,Swap,DOGE-USDT-SWAP,Sell,0.01,cont,0.12209000,0.00000000,-0.00061045,USDT,0.00000000,0.00000000,-0.00061045,359.40908165,USDT
3140726262644858883,3140726262611304448,2025-12-19 03:15:36,Swap,DOGE-USDT-SWAP,Sell,0.03,cont,0.12209000,0.00000000,-0.00183135,USDT,0.00000000,0.00000000,-0.00183135,359.40725030,USDT
3140726262644858884,3140726262611304448,2025-12-19 03:15:36,Swap,DOGE-USDT-SWAP,Sell,0.01,cont,0.12209000,0.00000000,-0.00061045,USDT,0.00000000,0.00000000,-0.00061045,359.40663985,USDT
3140716450322309120,3140716450288754688,2025-12-19 03:10:44,Swap,DOGE-USDT-SWAP,Buy,0.64,cont,0.12238000,0.60160000,-0.03916160,USDT,0.00000000,0.00000000,0.56243840,359.44631910,USDT
3140694889083166808,0,2025-12-19 03:00:01,Swap,SUI-USDT-SWAP,Funding fee income,63,cont,1.34570000,0.00031110,0.00000000,USDT,0.00000000,0.00000000,0.00031110,358.88388070,USDT
3140694886264594508,0,2025-12-19 03:00:01,Swap,DOGE-USDT-SWAP,Funding fee expense,0.64,cont,0.12197000,-0.00051576,0.00000000,USDT,0.00000000,0.00000000,-0.00051575,358.88356960,USDT
3140694886264594506,0,2025-12-19 03:00:01,Swap,XRP-USDT-SWAP,Funding fee expense,0.44,cont,1.80630000,-0.00463897,0.00000000,USDT,0.00000000,0.00000000,-0.00463896,358.88408535,USDT
3140694861367205990,0,2025-12-19 03:00:00,Swap,SOL-USDT-SWAP,Funding fee expense,0.72,cont,119.49000000,-0.01073816,0.00000000,USDT,0.00000000,0.00000000,-0.01073815,358.88872431,USDT
3140694856703139930,0,2025-12-19 03:00:00,Swap,ETH-USDT-SWAP,Funding fee expense,0.32,cont,2827.04000000,-0.00061291,0.00000000,USDT,0.00000000,0.00000000,-0.00061290,358.89946247,USDT
3140694841066774548,0,2025-12-19 03:00:00,Swap,MINA-USDT-SWAP,Funding fee expense,10617,cont,0.07502000,-0.03982437,0.00000000,USDT,-0.03982437,132.28536731,0.00000000,358.90007537,USDT
3140694839892369506,0,2025-12-19 03:00:00,Swap,BTC-USDT-SWAP,Funding fee expense,0.16,cont,85458.40000000,-0.00606047,0.00000000,USDT,0.00000000,0.00000000,-0.00606047,358.90007537,USDT
3140484510478491650,3140484510444937216,2025-12-19 01:15:31,Swap,DOGE-USDT-SWAP,Sell,0.43,cont,0.12332000,0.00000000,-0.02651380,USDT,0.00000000,0.00000000,-0.02651380,358.90613584,USDT
3140484510478491649,3140484510444937216,2025-12-19 01:15:31,Swap,DOGE-USDT-SWAP,Sell,0.21,cont,0.12332000,0.00000000,-0.01294860,USDT,0.00000000,0.00000000,-0.01294860,358.93264964,USDT
3140463599658459142,3140463599591350272,2025-12-19 01:05:08,Swap,DOGE-USDT-SWAP,Buy,0.01,cont,0.12346000,-0.02920000,-0.00061730,USDT,0.00000000,0.00000000,-0.02981730,360.76445354,USDT
3140463599658459140,3140463599591350272,2025-12-19 01:05:08,Swap,DOGE-USDT-SWAP,Buy,0.01,cont,0.12346000,-0.02920000,-0.00061730,USDT,0.00000000,0.00000000,-0.02981730,360.82408814,USDT
3140463599658459151,3140463599591350272,2025-12-19 01:05:08,Swap,DOGE-USDT-SWAP,Buy,0.01,cont,0.12346000,-0.02920000,-0.00061730,USDT,0.00000000,0.00000000,-0.02981730,360.46628054,USDT
3140463599658459137,3140463599591350272,2025-12-19 01:05:08,Swap,DOGE-USDT-SWAP,Buy,0.01,cont,0.12346000,-0.02920000,-0.00061730,USDT,0.00000000,0.00000000,-0.02981730,360.91354004,USDT
3140463599658459156,3140463599591350272,2025-12-19 01:05:08,Swap,DOGE-USDT-SWAP,Buy,0.44,cont,0.12346000,-1.28480000,-0.02716120,USDT,0.00000000,0.00000000,-1.31196120,358.94559824,USDT
3140463599658459153,3140463599591350272,2025-12-19 01:05:08,Swap,DOGE-USDT-SWAP,Buy,0.02,cont,0.12346000,-0.05840000,-0.00123460,USDT,0.00000000,0.00000000,-0.05963460,360.37682864,USDT
3140463599658459154,3140463599591350272,2025-12-19 01:05:08,Swap,DOGE-USDT-SWAP,Buy,0.01,cont,0.12346000,-0.02920000,-0.00061730,USDT,0.00000000,0.00000000,-0.02981730,360.34701134,USDT
3140463599658459136,3140463599591350272,2025-12-19 01:05:08,Swap,DOGE-USDT-SWAP,Buy,0.02,cont,0.12346000,-0.05840000,-0.00123460,USDT,0.00000000,0.00000000,-0.05963460,360.94335734,USDT
3140463599658459150,3140463599591350272,2025-12-19 01:05:08,Swap,DOGE-USDT-SWAP,Buy,0.01,cont,0.12346000,-0.02920000,-0.00061730,USDT,0.00000000,0.00000000,-0.02981730,360.49609784,USDT
3140463599658459152,3140463599591350272,2025-12-19 01:05:08,Swap,DOGE-USDT-SWAP,Buy,0.01,cont,0.12346000,-0.02920000,-0.00061730,USDT,0.00000000,0.00000000,-0.02981730,360.43646324,USDT
3140463599658459149,3140463599591350272,2025-12-19 01:05:08,Swap,DOGE-USDT-SWAP,Buy,0.01,cont,0.12346000,-0.02920000,-0.00061730,USDT,0.00000000,0.00000000,-0.02981730,360.52591514,USDT
3140463599658459143,3140463599591350272,2025-12-19 01:05:08,Swap,DOGE-USDT-SWAP,Buy,0.01,cont,0.12346000,-0.02920000,-0.00061730,USDT,0.00000000,0.00000000,-0.02981730,360.73463624,USDT
3140463599658459155,3140463599591350272,2025-12-19 01:05:08,Swap,DOGE-USDT-SWAP,Buy,0.03,cont,0.12346000,-0.08760000,-0.00185190,USDT,0.00000000,0.00000000,-0.08945190,360.25755944,USDT
3140463599658459144,3140463599591350272,2025-12-19 01:05:08,Swap,DOGE-USDT-SWAP,Buy,0.01,cont,0.12346000,-0.02920000,-0.00061730,USDT,0.00000000,0.00000000,-0.02981730,360.70481894,USDT
3140463599658459148,3140463599591350272,2025-12-19 01:05:08,Swap,DOGE-USDT-SWAP,Buy,0.01,cont,0.12346000,-0.02920000,-0.00061730,USDT,0.00000000,0.00000000,-0.02981730,360.55573244,USDT
3140463599658459141,3140463599591350272,2025-12-19 01:05:08,Swap,DOGE-USDT-SWAP,Buy,0.01,cont,0.12346000,-0.02920000,-0.00061730,USDT,0.00000000,0.00000000,-0.02981730,360.79427084,USDT
3140463599658459147,3140463599591350272,2025-12-19 01:05:08,Swap,DOGE-USDT-SWAP,Buy,0.01,cont,0.12346000,-0.02920000,-0.00061730,USDT,0.00000000,0.00000000,-0.02981730,360.58554974,USDT
3140463599658459146,3140463599591350272,2025-12-19 01:05:08,Swap,DOGE-USDT-SWAP,Buy,0.01,cont,0.12346000,-0.02920000,-0.00061730,USDT,0.00000000,0.00000000,-0.02981730,360.61536704,USDT
3140463599658459145,3140463599591350272,2025-12-19 01:05:08,Swap,DOGE-USDT-SWAP,Buy,0.02,cont,0.12346000,-0.05840000,-0.00123460,USDT,0.00000000,0.00000000,-0.05963460,360.64518434,USDT
3140463599658459138,3140463599591350272,2025-12-19 01:05:08,Swap,DOGE-USDT-SWAP,Buy,0.01,cont,0.12346000,-0.02920000,-0.00061730,USDT,0.00000000,0.00000000,-0.02981730,360.88372274,USDT
3140463599658459139,3140463599591350272,2025-12-19 01:05:08,Swap,DOGE-USDT-SWAP,Buy,0.01,cont,0.12346000,-0.02920000,-0.00061730,USDT,0.00000000,0.00000000,-0.02981730,360.85390544,USDT
3140463599624904706,3140463599591350272,2025-12-19 01:05:08,Swap,DOGE-USDT-SWAP,Buy,0.01,cont,0.12346000,-0.02920000,-0.00061730,USDT,0.00000000,0.00000000,-0.02981730,361.06262654,USDT
3140463599624904707,3140463599591350272,2025-12-19 01:05:08,Swap,DOGE-USDT-SWAP,Buy,0.01,cont,0.12346000,-0.02920000,-0.00061730,USDT,0.00000000,0.00000000,-0.02981730,361.03280924,USDT
3140463599624904705,3140463599591350272,2025-12-19 01:05:08,Swap,DOGE-USDT-SWAP,Buy,0.01,cont,0.12346000,-0.02920000,-0.00061730,USDT,0.00000000,0.00000000,-0.02981730,361.09244384,USDT
3140463599624904708,3140463599591350272,2025-12-19 01:05:08,Swap,DOGE-USDT-SWAP,Buy,0.01,cont,0.12346000,-0.02920000,-0.00061730,USDT,0.00000000,0.00000000,-0.02981730,361.00299194,USDT
3140463599624904704,3140463599591350272,2025-12-19 01:05:08,Swap,DOGE-USDT-SWAP,Buy,0.02,cont,0.12346000,-0.05840000,-0.00123460,USDT,0.00000000,0.00000000,-0.05963460,361.12226114,USDT
3140243194318413825,3140243194251304960,2025-12-18 23:15:40,Swap,XRP-USDT-SWAP,Sell,0.44,cont,1.81750000,0.00000000,-0.03998500,USDT,0.00000000,0.00000000,-0.03998500,361.18189574,USDT
3140242972792053761,3140242972758499328,2025-12-18 23:15:33,Swap,SUI-USDT-SWAP,Sell,63,cont,1.34130000,0.00000000,-0.04225095,USDT,0.00000000,0.00000000,-0.04225095,361.22188074,USDT
3140242624262168577,3140242624228614144,2025-12-18 23:15:23,Swap,ETH-USDT-SWAP,Sell,0.32,cont,2799.26000000,0.00000000,-0.04478816,USDT,0.00000000,0.00000000,-0.04478816,361.26413169,USDT
3140242383207129089,3140242383173574656,2025-12-18 23:15:15,Swap,BTC-USDT-SWAP,Sell,0.16,cont,84971.90000000,0.00000000,-0.06797752,USDT,0.00000000,0.00000000,-0.06797752,361.30891985,USDT
3140215398934241281,3140215398900686848,2025-12-18 23:01:51,Swap,BTC-USDT-SWAP,Buy,0.08,cont,84663.90000000,0.70872000,-0.03386556,USDT,0.00000000,0.00000000,0.67485444,361.37689737,USDT
3140215398934241280,3140215398900686848,2025-12-18 23:01:51,Swap,BTC-USDT-SWAP,Buy,0.08,cont,84663.90000000,0.70872000,-0.03386556,USDT,0.00000000,0.00000000,0.67485444,360.70204293,USDT
3140213182630453252,3140213182563344384,2025-12-18 23:00:45,Swap,SUI-USDT-SWAP,Buy,56,cont,1.33350000,1.69120000,-0.03733800,USDT,0.00000000,0.00000000,1.65386200,360.02718849,USDT
3140213182630453251,3140213182563344384,2025-12-18 23:00:45,Swap,SUI-USDT-SWAP,Buy,2,cont,1.33350000,0.06040000,-0.00133350,USDT,0.00000000,0.00000000,0.05906650,358.37332649,USDT
3140213182630453250,3140213182563344384,2025-12-18 23:00:45,Swap,SUI-USDT-SWAP,Buy,2,cont,1.33350000,0.06040000,-0.00133350,USDT,0.00000000,0.00000000,0.05906650,358.31425999,USDT
3140213182630453248,3140213182563344384,2025-12-18 23:00:45,Swap,SUI-USDT-SWAP,Buy,7,cont,1.33350000,0.21140000,-0.00466725,USDT,0.00000000,0.00000000,0.20673275,358.22566024,USDT
3140213182630453249,3140213182563344384,2025-12-18 23:00:45,Swap,SUI-USDT-SWAP,Buy,1,cont,1.33350000,0.03020000,-0.00066675,USDT,0.00000000,0.00000000,0.02953325,358.25519349,USDT
3140213171725262848,3140213171658153986,2025-12-18 23:00:45,Swap,ETH-USDT-SWAP,Buy,0.34,cont,2786.81000000,1.33688000,-0.04737577,USDT,0.00000000,0.00000000,1.28950423,358.01892749,USDT
3140212529392771073,3140212529359216640,2025-12-18 23:00:26,Swap,SOL-USDT-SWAP,Sell,0.72,cont,117.68000000,0.00000000,-0.04236480,USDT,0.00000000,0.00000000,-0.04236480,356.72942326,USDT
3140211657413746708,0,2025-12-18 23:00:00,Swap,MINA-USDT-SWAP,Funding fee income,10617,cont,0.07282000,0.01870673,0.00000000,USDT,0.01870674,132.32519168,0.00000000,356.77178806,USDT
3140182626890932226,3140182626857377792,2025-12-18 22:45:35,Swap,DOGE-USDT-SWAP,Sell,0.75,cont,0.12054000,0.00000000,-0.04520250,USDT,0.00000000,0.00000000,-0.04520250,356.77178806,USDT
3140181777561149440,3140181777494040576,2025-12-18 22:45:09,Swap,NEAR-USDT-SWAP,Buy,0.5,cont,1.44200000,0.14000000,-0.00360500,USDT,0.00000000,0.00000000,0.13639500,356.81699056,USDT
3140152221844365313,3140152221810810880,2025-12-18 22:30:28,Swap,SUI-USDT-SWAP,Sell,68,cont,1.36370000,0.00000000,-0.04636580,USDT,0.00000000,0.00000000,-0.04636580,356.68059556,USDT
3140151756981264385,3140151756947709952,2025-12-18 22:30:15,Swap,BTC-USDT-SWAP,Sell,0.16,cont,85549.80000000,0.00000000,-0.06843984,USDT,0.00000000,0.00000000,-0.06843984,356.72696136,USDT
3140134967484342272,3140134967450787840,2025-12-18 22:21:54,Swap,BTC-USDT-SWAP,Buy,0.13,cont,85718.10000000,0.93444000,-0.05571677,USDT,0.00000000,0.00000000,0.87872324,356.79540120,USDT
3140134964397334528,3140134964095344640,2025-12-18 22:21:54,Swap,SOL-USDT-SWAP,Buy,0.81,cont,121.12000000,1.15830000,-0.04905360,USDT,0.00000000,0.00000000,1.10924640,355.91667796,USDT
3140091540164042753,3140091540096933888,2025-12-18 22:00:20,Swap,ETH-USDT-SWAP,Sell,0.34,cont,2826.13000000,0.00000000,-0.04804421,USDT,0.00000000,0.00000000,-0.04804421,354.80743156,USDT
3140061629709803521,3140061629676249088,2025-12-18 21:45:29,Swap,SOL-USDT-SWAP,Sell,0.81,cont,122.55000000,0.00000000,-0.04963275,USDT,0.00000000,0.00000000,-0.04963275,354.85547577,USDT
3140061272522874881,3140061272455766016,2025-12-18 21:45:18,Swap,BTC-USDT-SWAP,Sell,0.13,cont,86436.90000000,0.00000000,-0.05618399,USDT,0.00000000,0.00000000,-0.05618399,354.90510852,USDT
3139916414214725632,3139916413785571328,2025-12-18 20:33:21,Transfer,,Transfer out,0,cont,0.00000000,0.00000000,0.00000000,USDT,0.00000000,0.00000000,-100.00000000,354.96129251,USDT
3139886123521662976,3139886123488108544,2025-12-18 20:18:18,Swap,SOL-USDT-SWAP,Buy,0.49,cont,121.98000000,0.93590000,-0.02988510,USDT,0.00000000,0.00000000,0.90601490,454.96129251,USDT
3139728493557833742,0,2025-12-18 19:00:00,Swap,SOL-USDT-SWAP,Funding fee income,0.49,cont,127.35000000,0.00262789,0.00000000,USDT,0.00000000,0.00000000,0.00262789,454.05527761,USDT
3139728489598410772,0,2025-12-18 19:00:00,Swap,NEAR-USDT-SWAP,Funding fee expense,0.5,cont,1.56400000,-0.00001596,0.00000000,USDT,0.00000000,0.00000000,-0.00001595,454.05264972,USDT
3139728472988966938,0,2025-12-18 19:00:00,Swap,MINA-USDT-SWAP,Funding fee expense,10617,cont,0.07887000,-0.00166420,0.00000000,USDT,-0.00166420,132.30648494,0.00000000,454.05266567,USDT
3139427830344966144,3139427830277857280,2025-12-18 16:30:40,Swap,SUI-USDT-SWAP,Buy,93,cont,1.43740000,-1.33920000,-0.06683910,USDT,0.00000000,0.00000000,-1.40603910,454.05266567,USDT
3139397146662395906,3139397146628841472,2025-12-18 16:15:25,Swap,SUI-USDT-SWAP,Sell,50,cont,1.42300000,0.00000000,-0.03557500,USDT,0.00000000,0.00000000,-0.03557500,455.45870477,USDT
3139397146662395905,3139397146628841472,2025-12-18 16:15:25,Swap,SUI-USDT-SWAP,Sell,43,cont,1.42300000,0.00000000,-0.03059450,USDT,0.00000000,0.00000000,-0.03059450,455.49427977,USDT
3139393670893002752,3139393670691676160,2025-12-18 16:13:42,Swap,SOL-USDT-SWAP,Buy,1,cont,124.82000000,-0.93000000,-0.06241000,USDT,0.00000000,0.00000000,-0.99241000,455.52487427,USDT
3139370006025854976,3139370005958746114,2025-12-18 16:01:57,Swap,XRP-USDT-SWAP,Buy,0.23,cont,1.88890000,-0.33810000,-0.02172235,USDT,0.00000000,0.00000000,-0.35982235,457.48724017,USDT
3139370006025854979,3139370005958746114,2025-12-18 16:01:57,Swap,XRP-USDT-SWAP,Buy,0.04,cont,1.88890000,-0.05880000,-0.00377780,USDT,0.00000000,0.00000000,-0.06257780,457.34644012,USDT
3139370006025854981,3139370005958746114,2025-12-18 16:01:57,Swap,XRP-USDT-SWAP,Buy,0.5,cont,1.88890000,-0.73500000,-0.04722250,USDT,0.00000000,0.00000000,-0.78222250,456.51728427,USDT
3139370006025854980,3139370005958746114,2025-12-18 16:01:57,Swap,XRP-USDT-SWAP,Buy,0.03,cont,1.88890000,-0.04410000,-0.00283335,USDT,0.00000000,0.00000000,-0.04693335,457.29950677,USDT
3139370006025854977,3139370005958746114,2025-12-18 16:01:57,Swap,XRP-USDT-SWAP,Buy,0.02,cont,1.88890000,-0.02940000,-0.00188890,USDT,0.00000000,0.00000000,-0.03128890,457.45595127,USDT
3139370006025854978,3139370005958746114,2025-12-18 16:01:57,Swap,XRP-USDT-SWAP,Buy,0.03,cont,1.88890000,-0.04410000,-0.00283335,USDT,0.00000000,0.00000000,-0.04693335,457.40901792,USDT
3139369960995807243,3139369960928698368,2025-12-18 16:01:55,Swap,SUI-USDT-SWAP,Buy,5,cont,1.42210000,-0.06944506,-0.00355525,USDT,0.00000000,0.00000000,-0.07300030,458.62086575,USDT
3139369960995807240,3139369960928698368,2025-12-18 16:01:55,Swap,SUI-USDT-SWAP,Buy,1,cont,1.42200000,-0.01378902,-0.00071100,USDT,0.00000000,0.00000000,-0.01450001,458.75206620,USDT
3139369960995807248,3139369960928698368,2025-12-18 16:01:55,Swap,SUI-USDT-SWAP,Buy,42,cont,1.42210000,-0.58333847,-0.02986410,USDT,0.00000000,0.00000000,-0.61320256,457.84706252,USDT
3139369960995807235,3139369960928698368,2025-12-18 16:01:55,Swap,SUI-USDT-SWAP,Buy,1,cont,1.42200000,-0.01378902,-0.00071100,USDT,0.00000000,0.00000000,-0.01450001,458.91156632,USDT
3139369960995807246,3139369960928698368,2025-12-18 16:01:55,Swap,SUI-USDT-SWAP,Buy,1,cont,1.42210000,-0.01388902,-0.00071105,USDT,0.00000000,0.00000000,-0.01460006,458.48946520,USDT
3139369960995807245,3139369960928698368,2025-12-18 16:01:55,Swap,SUI-USDT-SWAP,Buy,1,cont,1.42210000,-0.01388902,-0.00071105,USDT,0.00000000,0.00000000,-0.01460006,458.50406526,USDT
3139369960995807236,3139369960928698368,2025-12-18 16:01:55,Swap,SUI-USDT-SWAP,Buy,1,cont,1.42200000,-0.01378902,-0.00071100,USDT,0.00000000,0.00000000,-0.01450001,458.89706631,USDT
3139369960995807233,3139369960928698368,2025-12-18 16:01:55,Swap,SUI-USDT-SWAP,Buy,1,cont,1.42200000,-0.01378902,-0.00071100,USDT,0.00000000,0.00000000,-0.01450001,458.94056634,USDT
3139369960995807232,3139369960928698368,2025-12-18 16:01:55,Swap,SUI-USDT-SWAP,Buy,3,cont,1.42200000,-0.04136704,-0.00213300,USDT,0.00000000,0.00000000,-0.04350003,458.95506635,USDT
3139369960995807238,3139369960928698368,2025-12-18 16:01:55,Swap,SUI-USDT-SWAP,Buy,1,cont,1.42200000,-0.01378902,-0.00071100,USDT,0.00000000,0.00000000,-0.01450001,458.86806629,USDT
3139369960995807244,3139369960928698368,2025-12-18 16:01:55,Swap,SUI-USDT-SWAP,Buy,7,cont,1.42210000,-0.09722308,-0.00497735,USDT,0.00000000,0.00000000,-0.10220043,458.51866532,USDT
3139369960995807247,3139369960928698368,2025-12-18 16:01:55,Swap,SUI-USDT-SWAP,Buy,2,cont,1.42210000,-0.02777803,-0.00142210,USDT,0.00000000,0.00000000,-0.02920012,458.46026508,USDT
3139369960995807242,3139369960928698368,2025-12-18 16:01:55,Swap,SUI-USDT-SWAP,Buy,2,cont,1.42210000,-0.02777803,-0.00142210,USDT,0.00000000,0.00000000,-0.02920012,458.69386605,USDT
3139369960995807237,3139369960928698368,2025-12-18 16:01:55,Swap,SUI-USDT-SWAP,Buy,1,cont,1.42200000,-0.01378902,-0.00071100,USDT,0.00000000,0.00000000,-0.01450001,458.88256630,USDT
3139369960995807239,3139369960928698368,2025-12-18 16:01:55,Swap,SUI-USDT-SWAP,Buy,7,cont,1.42200000,-0.09652308,-0.00497700,USDT,0.00000000,0.00000000,-0.10150008,458.76656621,USDT
3139369960995807241,3139369960928698368,2025-12-18 16:01:55,Swap,SUI-USDT-SWAP,Buy,2,cont,1.42200000,-0.02757803,-0.00142200,USDT,0.00000000,0.00000000,-0.02900002,458.72306618,USDT
3139369960995807234,3139369960928698368,2025-12-18 16:01:55,Swap,SUI-USDT-SWAP,Buy,1,cont,1.42200000,-0.01378902,-0.00071100,USDT,0.00000000,0.00000000,-0.01450001,458.92606633,USDT
3139369960962252800,3139369960928698368,2025-12-18 16:01:55,Swap,SUI-USDT-SWAP,Buy,8,cont,1.42200000,-0.11031209,-0.00568800,USDT,0.00000000,0.00000000,-0.11600009,459.05656643,USDT
3139369960962252802,3139369960928698368,2025-12-18 16:01:55,Swap,SUI-USDT-SWAP,Buy,1,cont,1.42200000,-0.01378902,-0.00071100,USDT,0.00000000,0.00000000,-0.01450001,459.01306640,USDT
3139369960962252801,3139369960928698368,2025-12-18 16:01:55,Swap,SUI-USDT-SWAP,Buy,2,cont,1.42200000,-0.02757803,-0.00142200,USDT,0.00000000,0.00000000,-0.02900002,459.02756641,USDT
3139369960962252803,3139369960928698368,2025-12-18 16:01:55,Swap,SUI-USDT-SWAP,Buy,1,cont,1.42200000,-0.01378902,-0.00071100,USDT,0.00000000,0.00000000,-0.01450001,458.99856639,USDT
3139369444727316487,3139369444660207616,2025-12-18 16:01:40,Swap,NEAR-USDT-SWAP,Buy,4.5,cont,1.48500000,-0.67500000,-0.03341250,USDT,0.00000000,0.00000000,-0.70841250,459.17256652,USDT
3139369444727316483,3139369444660207616,2025-12-18 16:01:40,Swap,NEAR-USDT-SWAP,Buy,0.2,cont,1.48500000,-0.03000000,-0.00148500,USDT,0.00000000,0.00000000,-0.03148500,460.06988902,USDT
3139369444727316482,3139369444660207616,2025-12-18 16:01:40,Swap,NEAR-USDT-SWAP,Buy,0.1,cont,1.48500000,-0.01500000,-0.00074250,USDT,0.00000000,0.00000000,-0.01574250,460.10137402,USDT
3139369444727316486,3139369444660207616,2025-12-18 16:01:40,Swap,NEAR-USDT-SWAP,Buy,1,cont,1.48500000,-0.15000000,-0.00742500,USDT,0.00000000,0.00000000,-0.15742500,459.88097902,USDT
3139369444727316481,3139369444660207616,2025-12-18 16:01:40,Swap,NEAR-USDT-SWAP,Buy,0.5,cont,1.48500000,-0.07500000,-0.00371250,USDT,0.00000000,0.00000000,-0.07871250,460.11711652,USDT
3139369444727316485,3139369444660207616,2025-12-18 16:01:40,Swap,NEAR-USDT-SWAP,Buy,0.1,cont,1.48500000,-0.01500000,-0.00074250,USDT,0.00000000,0.00000000,-0.01574250,460.03840402,USDT
3139369444727316484,3139369444660207616,2025-12-18 16:01:40,Swap,NEAR-USDT-SWAP,Buy,0.1,cont,1.48500000,-0.01500000,-0.00074250,USDT,0.00000000,0.00000000,-0.01574250,460.05414652,USDT
3139369444727316480,3139369444660207616,2025-12-18 16:01:40,Swap,NEAR-USDT-SWAP,Buy,0.5,cont,1.48500000,-0.07500000,-0.00371250,USDT,0.00000000,0.00000000,-0.07871250,460.19582902,USDT
3139245288799068180,0,2025-12-18 15:00:00,Swap,MINA-USDT-SWAP,Funding fee expense,10617,cont,0.07755000,-0.04116742,0.00000000,USDT,-0.04116742,132.30814914,0.00000000,460.27454152,USDT
3139095770451402753,3139095770384293888,2025-12-18 13:45:44,Swap,NEAR-USDT-SWAP,Sell,7.5,cont,1.47000000,0.00000000,-0.05512500,USDT,0.00000000,0.00000000,-0.05512500,460.27454152,USDT
3139095560601985025,3139095560534876160,2025-12-18 13:45:37,Swap,XRP-USDT-SWAP,Sell,0.85,cont,1.87420000,0.00000000,-0.07965350,USDT,0.00000000,0.00000000,-0.07965350,460.32966652,USDT
3139095327667118085,3139095327633563648,2025-12-18 13:45:30,Swap,SUI-USDT-SWAP,Sell,80,cont,1.40820000,0.00000000,-0.05632800,USDT,0.00000000,0.00000000,-0.05632800,460.40932002,USDT
3139095327667118084,3139095327633563648,2025-12-18 13:45:30,Swap,SUI-USDT-SWAP,Sell,1,cont,1.40820000,0.00000000,-0.00070410,USDT,0.00000000,0.00000000,-0.00070410,460.46564802,USDT
3139095327667118081,3139095327633563648,2025-12-18 13:45:30,Swap,SUI-USDT-SWAP,Sell,2,cont,1.40830000,0.00000000,-0.00140830,USDT,0.00000000,0.00000000,-0.00140830,460.47198532,USDT
3139095327667118083,3139095327633563648,2025-12-18 13:45:30,Swap,SUI-USDT-SWAP,Sell,1,cont,1.40830000,0.00000000,-0.00070415,USDT,0.00000000,0.00000000,-0.00070415,460.46635212,USDT
3139095327667118082,3139095327633563648,2025-12-18 13:45:30,Swap,SUI-USDT-SWAP,Sell,7,cont,1.40830000,0.00000000,-0.00492905,USDT,0.00000000,0.00000000,-0.00492905,460.46705627,USDT
3139095104161046529,3139095104127492096,2025-12-18 13:45:24,Swap,SOL-USDT-SWAP,Sell,1.49,cont,123.89000000,0.00000000,-0.09229805,USDT,0.00000000,0.00000000,-0.09229805,460.47339362,USDT
3139053536360259584,3139053536326705152,2025-12-18 13:24:45,Swap,NEAR-USDT-SWAP,Buy,7.5,cont,1.47200000,0.00000000,-0.05520000,USDT,0.00000000,0.00000000,-0.05520000,460.56569167,USDT
3139053457540898816,3139053457473789952,2025-12-18 13:24:43,Swap,XRP-USDT-SWAP,Buy,0.86,cont,1.87770000,-0.25800000,-0.08074110,USDT,0.00000000,0.00000000,-0.33874110,460.62089167,USDT
3139053378218221568,3139053378184667136,2025-12-18 13:24:40,Swap,SUI-USDT-SWAP,Buy,7,cont,1.40700000,-0.01517693,-0.00492450,USDT,0.00000000,0.00000000,-0.02010142,461.20084984,USDT
3139053378218221569,3139053378184667136,2025-12-18 13:24:40,Swap,SUI-USDT-SWAP,Buy,84,cont,1.40700000,-0.18212308,-0.05909400,USDT,0.00000000,0.00000000,-0.24121708,460.95963277,USDT
3139053315941195776,3139053315907641344,2025-12-18 13:24:38,Swap,SOL-USDT-SWAP,Buy,1.5,cont,123.65000000,-0.10500000,-0.09273750,USDT,0.00000000,0.00000000,-0.19773750,461.22095127,USDT
3139035203359465473,3139035203325911040,2025-12-18 13:15:39,Swap,NEAR-USDT-SWAP,Sell,7.5,cont,1.47200000,0.00000000,-0.05520000,USDT,0.00000000,0.00000000,-0.05520000,461.41868877,USDT
3139034996026630145,3139034995993075712,2025-12-18 13:15:32,Swap,XRP-USDT-SWAP,Sell,0.86,cont,1.87470000,0.00000000,-0.08061210,USDT,0.00000000,0.00000000,-0.08061210,461.47388877,USDT
3139034777922822146,3139034777855713280,2025-12-18 13:15:26,Swap,SUI-USDT-SWAP,Sell,2,cont,1.40500000,0.00000000,-0.00140500,USDT,0.00000000,0.00000000,-0.00140500,461.61209822,USDT
3139034777922822147,3139034777855713280,2025-12-18 13:15:26,Swap,SUI-USDT-SWAP,Sell,1,cont,1.40490000,0.00000000,-0.00070245,USDT,0.00000000,0.00000000,-0.00070245,461.61139577,USDT
3139034777922822148,3139034777855713280,2025-12-18 13:15:26,Swap,SUI-USDT-SWAP,Sell,7,cont,1.40490000,0.00000000,-0.00491715,USDT,0.00000000,0.00000000,-0.00491715,461.60647862,USDT
3139034777922822145,3139034777855713280,2025-12-18 13:15:26,Swap,SUI-USDT-SWAP,Sell,7,cont,1.40500000,0.00000000,-0.00491750,USDT,0.00000000,0.00000000,-0.00491750,461.61350322,USDT
3139034777922822150,3139034777855713280,2025-12-18 13:15:26,Swap,SUI-USDT-SWAP,Sell,1,cont,1.40490000,0.00000000,-0.00070245,USDT,0.00000000,0.00000000,-0.00070245,461.60437127,USDT
3139034777922822151,3139034777855713280,2025-12-18 13:15:26,Swap,SUI-USDT-SWAP,Sell,71,cont,1.40480000,0.00000000,-0.04987040,USDT,0.00000000,0.00000000,-0.04987040,461.55450087,USDT
3139034777922822149,3139034777855713280,2025-12-18 13:15:26,Swap,SUI-USDT-SWAP,Sell,2,cont,1.40490000,0.00000000,-0.00140490,USDT,0.00000000,0.00000000,-0.00140490,461.60507372,USDT
3139034561899388929,3139034561865834496,2025-12-18 13:15:19,Swap,SOL-USDT-SWAP,Sell,1.5,cont,123.58000000,0.00000000,-0.09268500,USDT,0.00000000,0.00000000,-0.09268500,461.61842072,USDT
3139013858982617088,3139013858949062656,2025-12-18 13:05:03,Swap,ETH-USDT-SWAP,Buy,0.47,cont,2853.26000000,-1.94392000,-0.06705161,USDT,0.00000000,0.00000000,-2.01097161,461.71110572,USDT
3139013782277185536,3139013782210076672,2025-12-18 13:05:00,Swap,SOL-USDT-SWAP,Buy,1.02,cont,123.62000000,-1.60140000,-0.06304620,USDT,0.00000000,0.00000000,-1.66444620,463.72207733,USDT
3139013709262741504,3139013709229187072,2025-12-18 13:04:58,Swap,NEAR-USDT-SWAP,Buy,6,cont,1.47600000,-0.18000000,-0.04428000,USDT,0.00000000,0.00000000,-0.22428000,465.38652353,USDT
3139013617592033280,3139013617524924416,2025-12-18 13:04:55,Swap,SUI-USDT-SWAP,Buy,80,cont,1.40580000,-0.60000000,-0.05623200,USDT,0.00000000,0.00000000,-0.65623200,465.61080353,USDT
3139013537094950912,3139013537061396480,2025-12-18 13:04:53,Swap,XRP-USDT-SWAP,Buy,0.8,cont,1.87280000,-0.40800000,-0.07491200,USDT,0.00000000,0.00000000,-0.48291200,466.26703553,USDT
3138974497486397442,3138974497452843008,2025-12-18 12:45:29,Swap,XRP-USDT-SWAP,Sell,0.57,cont,1.86770000,0.00000000,-0.05322945,USDT,0.00000000,0.00000000,-0.05322945,466.74994753,USDT
3138974497486397441,3138974497452843008,2025-12-18 12:45:29,Swap,XRP-USDT-SWAP,Sell,0.23,cont,1.86770000,0.00000000,-0.02147855,USDT,0.00000000,0.00000000,-0.02147855,466.80317698,USDT
3138968865509203968,3138968865442095104,2025-12-18 12:42:42,Swap,XRP-USDT-SWAP,Buy,0.81,cont,1.86510000,-1.07730000,-0.07553655,USDT,0.00000000,0.00000000,-1.15283655,466.82465553,USDT
3138884025241821185,3138884025174712320,2025-12-18 12:00:33,Swap,XRP-USDT-SWAP,Sell,0.81,cont,1.85180000,0.00000000,-0.07499790,USDT,0.00000000,0.00000000,-0.07499790,467.97749208,USDT
3138875900774309888,3138875900740755456,2025-12-18 11:56:31,Swap,XRP-USDT-SWAP,Buy,0.76,cont,1.84990000,-0.88920000,-0.07029620,USDT,0.00000000,0.00000000,-0.95949620,468.05248998,USDT
3138793164269150210,3138793164235595776,2025-12-18 11:15:25,Swap,SUI-USDT-SWAP,Sell,73,cont,1.39830000,0.00000000,-0.05103795,USDT,0.00000000,0.00000000,-0.05103795,469.01198618,USDT
3138793164269150209,3138793164235595776,2025-12-18 11:15:25,Swap,SUI-USDT-SWAP,Sell,7,cont,1.39830000,0.00000000,-0.00489405,USDT,0.00000000,0.00000000,-0.00489405,469.06302413,USDT
3138764318497038336,3138764318463483904,2025-12-18 11:01:06,Swap,BTC-USDT-SWAP,Buy,0.17,cont,86920.00000000,-2.00311000,-0.07388200,USDT,0.00000000,0.00000000,-2.07699200,469.06791818,USDT
3138764265615253505,3138764265548144640,2025-12-18 11:01:04,Swap,SUI-USDT-SWAP,Buy,1,cont,1.39860000,0.01210000,-0.00069930,USDT,0.00000000,0.00000000,0.01140070,470.43806678,USDT
3138764265615253507,3138764265548144640,2025-12-18 11:01:04,Swap,SUI-USDT-SWAP,Buy,2,cont,1.39860000,0.02420000,-0.00139860,USDT,0.00000000,0.00000000,0.02280140,470.47226888,USDT
3138764265615253504,3138764265548144640,2025-12-18 11:01:04,Swap,SUI-USDT-SWAP,Buy,1,cont,1.39860000,0.01210000,-0.00069930,USDT,0.00000000,0.00000000,0.01140070,470.42666608,USDT
3138764265615253506,3138764265548144640,2025-12-18 11:01:04,Swap,SUI-USDT-SWAP,Buy,1,cont,1.39860000,0.01210000,-0.00069930,USDT,0.00000000,0.00000000,0.01140070,470.44946748,USDT
3138764265615253508,3138764265548144640,2025-12-18 11:01:04,Swap,SUI-USDT-SWAP,Buy,59,cont,1.39860000,0.71390000,-0.04125870,USDT,0.00000000,0.00000000,0.67264130,471.14491018,USDT
3138764265581699073,3138764265548144640,2025-12-18 11:01:04,Swap,SUI-USDT-SWAP,Buy,7,cont,1.39860000,0.08470000,-0.00489510,USDT,0.00000000,0.00000000,0.07980490,470.41526538,USDT
3138764265581699072,3138764265548144640,2025-12-18 11:01:04,Swap,SUI-USDT-SWAP,Buy,12,cont,1.39860000,0.14520000,-0.00839160,USDT,0.00000000,0.00000000,0.13680840,470.33546048,USDT
3138762153296650334,0,2025-12-18 11:00:01,Swap,SUI-USDT-SWAP,Funding fee income,83,cont,1.39690000,0.00005861,0.00000000,USDT,0.00000000,0.00000000,0.00005862,470.19865208,USDT
3138762150444523596,0,2025-12-18 11:00:01,Swap,XRP-USDT-SWAP,Funding fee expense,0.76,cont,1.84020000,-0.01463737,0.00000000,USDT,0.00000000,0.00000000,-0.01463736,470.19859346,USDT
3138762125345808476,0,2025-12-18 11:00:00,Swap,SOL-USDT-SWAP,Funding fee income,1.02,cont,122.75000000,0.00057689,0.00000000,USDT,0.00000000,0.00000000,0.00057689,470.21323083,USDT
3138762121453494292,0,2025-12-18 11:00:00,Swap,NEAR-USDT-SWAP,Funding fee expense,6,cont,1.47400000,-0.02899359,0.00000000,USDT,0.00000000,0.00000000,-0.02899359,470.21265393,USDT
3138762120648187998,0,2025-12-18 11:00:00,Swap,ETH-USDT-SWAP,Funding fee expense,0.47,cont,2834.85000000,-0.00170224,0.00000000,USDT,0.00000000,0.00000000,-0.00170224,470.24164752,USDT
3138762104844050454,0,2025-12-18 11:00:00,Swap,MINA-USDT-SWAP,Funding fee expense,10617,cont,0.07627000,-0.04048793,0.00000000,USDT,-0.04048793,132.34931656,0.00000000,470.24334976,USDT
3138762103602536534,0,2025-12-18 11:00:00,Swap,BTC-USDT-SWAP,Funding fee expense,0.17,cont,86789.40000000,-0.00213670,0.00000000,USDT,0.00000000,0.00000000,-0.00213670,470.24334976,USDT
3138491416543485953,3138491416509931520,2025-12-18 08:45:33,Swap,XRP-USDT-SWAP,Sell,0.76,cont,1.83820000,0.00000000,-0.06985160,USDT,0.00000000,0.00000000,-0.06985160,470.24548646,USDT
3138481583819841536,3138481583786287104,2025-12-18 08:40:39,Swap,XRP-USDT-SWAP,Buy,0.13,cont,1.83750000,0.26130000,-0.01194375,USDT,0.00000000,0.00000000,0.24935625,469.41381931,USDT
3138481583819841538,3138481583786287104,2025-12-18 08:40:39,Swap,XRP-USDT-SWAP,Buy,0.46,cont,1.83750000,0.92460000,-0.04226250,USDT,0.00000000,0.00000000,0.88233750,470.31533806,USDT
3138481583819841537,3138481583786287104,2025-12-18 08:40:39,Swap,XRP-USDT-SWAP,Buy,0.01,cont,1.83750000,0.02010000,-0.00091875,USDT,0.00000000,0.00000000,0.01918125,469.43300056,USDT
3138480039309336576,3138480039242227712,2025-12-18 08:39:53,Swap,NEAR-USDT-SWAP,Buy,1,cont,1.45800000,0.15000000,-0.00729000,USDT,0.00000000,0.00000000,0.14271000,469.16446306,USDT
3138278919546855446,0,2025-12-18 07:00:00,Swap,MINA-USDT-SWAP,Funding fee expense,10617,cont,0.07750000,-0.04114088,0.00000000,USDT,-0.04114088,132.38980449,0.00000000,469.02175306,USDT
3137795785990594650,0,2025-12-18 03:00:01,Swap,SUI-USDT-SWAP,Funding fee income,83,cont,1.42250000,0.00168508,0.00000000,USDT,0.00000000,0.00000000,0.00168508,469.02175306,USDT
3137795783138467912,0,2025-12-18 03:00:01,Swap,XRP-USDT-SWAP,Funding fee expense,0.6,cont,1.86120000,-0.01549244,0.00000000,USDT,0.00000000,0.00000000,-0.01549243,469.02006797,USDT
3137795758241079396,0,2025-12-18 03:00:00,Swap,SOL-USDT-SWAP,Funding fee expense,1.02,cont,123.17000000,-0.01302707,0.00000000,USDT,0.00000000,0.00000000,-0.01302707,469.03556041,USDT
3137795754248101906,0,2025-12-18 03:00:00,Swap,NEAR-USDT-SWAP,Funding fee expense,7,cont,1.47900000,-0.01220234,0.00000000,USDT,0.00000000,0.00000000,-0.01220234,469.04858748,USDT
3137795753442795544,0,2025-12-18 03:00:00,Swap,ETH-USDT-SWAP,Funding fee expense,0.47,cont,2831.76000000,-0.00730812,0.00000000,USDT,0.00000000,0.00000000,-0.00730811,469.06078981,USDT
3137795737672212504,0,2025-12-18 03:00:00,Swap,MINA-USDT-SWAP,Funding fee expense,10617,cont,0.07860000,-0.01914598,0.00000000,USDT,-0.01914597,132.43094536,0.00000000,469.06809793,USDT
3137795736464253022,0,2025-12-18 03:00:00,Swap,BTC-USDT-SWAP,Funding fee expense,0.17,cont,86201.70000000,-0.00049801,0.00000000,USDT,0.00000000,0.00000000,-0.00049800,469.06809793,USDT
3137312552073027586,0,2025-12-17 23:00:00,Swap,MINA-USDT-SWAP,Funding fee expense,10617,cont,0.07890000,-0.04188407,0.00000000,USDT,-0.04188407,132.45009133,0.00000000,469.06859593,USDT
3137193463434436609,3137193463400882176,2025-12-17 22:00:50,Swap,NEAR-USDT-SWAP,Sell,7,cont,1.47300000,0.00000000,-0.05155500,USDT,0.00000000,0.00000000,-0.05155500,469.06859593,USDT
3137193238418415618,3137193238351306752,2025-12-17 22:00:44,Swap,XRP-USDT-SWAP,Sell,0.58,cont,1.85760000,0.00000000,-0.05387040,USDT,0.00000000,0.00000000,-0.05387040,469.12015093,USDT
3137193238418415617,3137193238351306752,2025-12-17 22:00:44,Swap,XRP-USDT-SWAP,Sell,0.02,cont,1.85760000,0.00000000,-0.00185760,USDT,0.00000000,0.00000000,-0.00185760,469.17402133,USDT
3137193013167513602,3137193013100404736,2025-12-17 22:00:37,Swap,SUI-USDT-SWAP,Sell,4,cont,1.41070000,0.00000000,-0.00282140,USDT,0.00000000,0.00000000,-0.00282140,469.22666413,USDT
3137193013167513603,3137193013100404736,2025-12-17 22:00:37,Swap,SUI-USDT-SWAP,Sell,72,cont,1.41070000,0.00000000,-0.05078520,USDT,0.00000000,0.00000000,-0.05078520,469.17587893,USDT
3137193013167513601,3137193013100404736,2025-12-17 22:00:37,Swap,SUI-USDT-SWAP,Sell,7,cont,1.41070000,0.00000000,-0.00493745,USDT,0.00000000,0.00000000,-0.00493745,469.22948553,USDT
3137192761240838145,3137192761173729280,2025-12-17 22:00:30,Swap,SOL-USDT-SWAP,Sell,1.02,cont,122.05000000,0.00000000,-0.06224550,USDT,0.00000000,0.00000000,-0.06224550,469.23442298,USDT
3137192538405855233,3137192538338746368,2025-12-17 22:00:23,Swap,ETH-USDT-SWAP,Sell,0.47,cont,2811.90000000,0.00000000,-0.06607965,USDT,0.00000000,0.00000000,-0.06607965,469.29666848,USDT
3137192306779611137,3137192306746056704,2025-12-17 22:00:16,Swap,BTC-USDT-SWAP,Sell,0.17,cont,85741.70000000,0.00000000,-0.07288045,USDT,0.00000000,0.00000000,-0.07288045,469.36274813,USDT
3137170868249026560,3137170868215472128,2025-12-17 21:49:37,Swap,ETH-USDT-SWAP,Buy,0.49,cont,2815.22000000,2.00263000,-0.06897289,USDT,0.00000000,0.00000000,1.93365711,469.43562857,USDT
3137170814092173313,3137170814058618880,2025-12-17 21:49:35,Swap,NEAR-USDT-SWAP,Buy,0.5,cont,1.48100000,0.12000000,-0.00370250,USDT,0.00000000,0.00000000,0.11629750,465.68773046,USDT
3137170814092173314,3137170814058618880,2025-12-17 21:49:35,Swap,NEAR-USDT-SWAP,Buy,2,cont,1.48100000,0.48000000,-0.01481000,USDT,0.00000000,0.00000000,0.46519000,466.15292046,USDT
3137170814092173312,3137170814058618880,2025-12-17 21:49:35,Swap,NEAR-USDT-SWAP,Buy,0.4,cont,1.48100000,0.09600000,-0.00296200,USDT,0.00000000,0.00000000,0.09303800,465.57143296,USDT
3137170814092173315,3137170814058618880,2025-12-17 21:49:35,Swap,NEAR-USDT-SWAP,Buy,5.8,cont,1.48100000,1.39200000,-0.04294900,USDT,0.00000000,0.00000000,1.34905100,467.50197146,USDT
3137170746211557376,3137170746144448512,2025-12-17 21:49:33,Swap,BTC-USDT-SWAP,Buy,0.15,cont,85785.40000000,1.50690000,-0.06433905,USDT,0.00000000,0.00000000,1.44256095,465.47839496,USDT
3137170677492080640,3137170677458526209,2025-12-17 21:49:31,Swap,SOL-USDT-SWAP,Buy,0.94,cont,122.03000000,1.06220000,-0.05735410,USDT,0.00000000,0.00000000,1.00484590,464.03583401,USDT
3137170614174867456,3137170614107758592,2025-12-17 21:49:30,Swap,SUI-USDT-SWAP,Buy,67,cont,1.41540000,1.06530000,-0.04741590,USDT,0.00000000,0.00000000,1.01788410,463.03098811,USDT
3137170614141313025,3137170614107758592,2025-12-17 21:49:30,Swap,SUI-USDT-SWAP,Buy,2,cont,1.41530000,0.03200000,-0.00141530,USDT,0.00000000,0.00000000,0.03058470,462.01310401,USDT
3137170614141313024,3137170614107758592,2025-12-17 21:49:30,Swap,SUI-USDT-SWAP,Buy,7,cont,1.41530000,0.11200000,-0.00495355,USDT,0.00000000,0.00000000,0.10704645,461.98251931,USDT
3137170561863507971,3137170561829953536,2025-12-17 21:49:28,Swap,XRP-USDT-SWAP,Buy,0.21,cont,1.85640000,0.37800000,-0.01949220,USDT,0.00000000,0.00000000,0.35850780,461.87547286,USDT
3137170561863507970,3137170561829953536,2025-12-17 21:49:28,Swap,XRP-USDT-SWAP,Buy,0.27,cont,1.85640000,0.48600000,-0.02506140,USDT,0.00000000,0.00000000,0.46093860,461.51696506,USDT
3137170561863507969,3137170561829953536,2025-12-17 21:49:28,Swap,XRP-USDT-SWAP,Buy,0.05,cont,1.85640000,0.09000000,-0.00464100,USDT,0.00000000,0.00000000,0.08535900,461.05602646,USDT
3137170561863507968,3137170561829953536,2025-12-17 21:49:28,Swap,XRP-USDT-SWAP,Buy,0.01,cont,1.85640000,0.01800000,-0.00092820,USDT,0.00000000,0.00000000,0.01707180,460.97066746,USDT
3137102240644325377,3137102240577216512,2025-12-17 21:15:32,Swap,XRP-USDT-SWAP,Sell,0.54,cont,1.87440000,0.00000000,-0.05060880,USDT,0.00000000,0.00000000,-0.05060880,460.95359566,USDT
3137072050748776449,3137072050715222016,2025-12-17 21:00:32,Swap,SUI-USDT-SWAP,Sell,76,cont,1.43130000,0.00000000,-0.05438940,USDT,0.00000000,0.00000000,-0.05438940,461.00420446,USDT
3137071822410866689,3137071822377312256,2025-12-17 21:00:25,Swap,SOL-USDT-SWAP,Sell,0.94,cont,123.16000000,0.00000000,-0.05788520,USDT,0.00000000,0.00000000,-0.05788520,461.05859386,USDT
3137011028994285569,3137011028927176704,2025-12-17 20:30:14,Swap,BTC-USDT-SWAP,Sell,0.15,cont,86790.00000000,0.00000000,-0.06509250,USDT,0.00000000,0.00000000,-0.06509250,461.11647906,USDT
3136981712419938305,3136981712386383872,2025-12-17 20:15:40,Swap,NEAR-USDT-SWAP,Sell,8.7,cont,1.50500000,0.00000000,-0.06546750,USDT,0.00000000,0.00000000,-0.06546750,461.18157156,USDT
3136981101628612609,3136981101595058176,2025-12-17 20:15:22,Swap,ETH-USDT-SWAP,Sell,0.01,cont,2856.09000000,0.00000000,-0.00142805,USDT,0.00000000,0.00000000,-0.00142805,461.31558522,USDT
3136981101628612610,3136981101595058176,2025-12-17 20:15:22,Swap,ETH-USDT-SWAP,Sell,0.48,cont,2856.09000000,0.00000000,-0.06854616,USDT,0.00000000,0.00000000,-0.06854616,461.24703906,USDT
3136879241278251008,3136879241117900800,2025-12-17 19:24:46,Transfer,,Transfer in,0,cont,0.00000000,0.00000000,0.00000000,USDT,0.00000000,0.00000000,461.31701327,461.31701327,USDT
3136878567069048832,3136878566707363840,2025-12-17 19:24:26,Transfer,,Transfer out,0,cont,0.00000000,0.00000000,0.00000000,USDT,0.00000000,0.00000000,-461.31701327,0.00000000,USDT
3136877363807117312,3136877363544055808,2025-12-17 19:23:50,Transfer,,Transfer in,0,cont,0.00000000,0.00000000,0.00000000,USDT,0.00000000,0.00000000,365.99275100,461.31701327,USDT
3136829369493741596,0,2025-12-17 19:00:00,Swap,MINA-USDT-SWAP,Funding fee expense,10617,cont,0.08100000,-0.04299885,0.00000000,USDT,-0.04299885,132.49197540,0.00000000,95.32426227,USDT
3136811170207358976,3136811170140250112,2025-12-17 18:50:57,Swap,NEAR-USDT-SWAP,Buy,0.6,cont,1.54300000,0.25800000,-0.00462900,USDT,0.00000000,0.00000000,0.25337100,95.32426227,USDT
3136810555423055872,3136810555389501440,2025-12-17 18:50:39,Swap,XRP-USDT-SWAP,Buy,0.14,cont,1.91710000,0.66360000,-0.01341970,USDT,0.00000000,0.00000000,0.65018030,95.07089127,USDT
3136801018985046017,3136801018917937152,2025-12-17 18:45:55,Swap,ETH-USDT-SWAP,Buy,0.08,cont,2946.67000000,0.42208000,-0.01178668,USDT,0.00000000,0.00000000,0.41029332,94.42071097,USDT
3136801018985046016,3136801018917937152,2025-12-17 18:45:55,Swap,ETH-USDT-SWAP,Buy,0.02,cont,2946.65000000,0.10556000,-0.00294665,USDT,0.00000000,0.00000000,0.10261335,94.01041765,USDT
3136722074701127680,3136722074667573248,2025-12-17 18:06:42,Swap,NEAR-USDT-SWAP,Buy,1,cont,1.61400000,-0.28000000,-0.00807000,USDT,0.00000000,0.00000000,-0.28807000,93.90780430,USDT
3136710081273389057,3136710081239834624,2025-12-17 18:00:45,Swap,NEAR-USDT-SWAP,Sell,1.6,cont,1.58600000,0.00000000,-0.01268800,USDT,0.00000000,0.00000000,-0.01268800,94.19587430,USDT
3136709838741954561,3136709838708400128,2025-12-17 18:00:37,Swap,XRP-USDT-SWAP,Sell,0.14,cont,1.96450000,0.00000000,-0.01375150,USDT,0.00000000,0.00000000,-0.01375150,94.20856230,USDT
3136709282745016321,3136709282711461888,2025-12-17 18:00:21,Swap,ETH-USDT-SWAP,Sell,0.1,cont,2999.43000000,0.00000000,-0.01499715,USDT,0.00000000,0.00000000,-0.01499715,94.22231380,USDT
3136694194357133312,3136694194290024454,2025-12-17 17:52:51,Swap,BTC-USDT-SWAP,Buy,0.05,cont,88322.80000000,-0.33895000,-0.02208070,USDT,0.00000000,0.00000000,-0.36103070,94.23731095,USDT
3136693845458149377,3136693845391040512,2025-12-17 17:52:41,Swap,XRP-USDT-SWAP,Buy,0.1,cont,1.93340000,-0.12300000,-0.00966700,USDT,0.00000000,0.00000000,-0.13266700,94.59834165,USDT
3136693845458149376,3136693845391040512,2025-12-17 17:52:41,Swap,XRP-USDT-SWAP,Buy,0.05,cont,1.93340000,-0.06150000,-0.00483350,USDT,0.00000000,0.00000000,-0.06633350,94.73100865,USDT
3136693769558024192,3136693769490915328,2025-12-17 17:52:38,Swap,SUI-USDT-SWAP,Buy,16,cont,1.48980000,0.02400000,-0.01191840,USDT,0.00000000,0.00000000,0.01208160,94.79734215,USDT
3136682823028563968,3136682822995009540,2025-12-17 17:47:12,Swap,SOL-USDT-SWAP,Buy,0.19,cont,126.96000000,0.42940000,-0.01206120,USDT,0.00000000,0.00000000,0.41733880,94.78526055,USDT
3136681978664837120,3136681978597728256,2025-12-17 17:46:47,Swap,NEAR-USDT-SWAP,Buy,0.1,cont,1.52100000,0.03000000,-0.00076050,USDT,0.00000000,0.00000000,0.02923950,94.30944275,USDT
3136681978664837122,3136681978597728256,2025-12-17 17:46:47,Swap,NEAR-USDT-SWAP,Buy,0.1,cont,1.52100000,0.03000000,-0.00076050,USDT,0.00000000,0.00000000,0.02923950,94.36792175,USDT
3136681978664837121,3136681978597728256,2025-12-17 17:46:47,Swap,NEAR-USDT-SWAP,Buy,0.1,cont,1.52100000,0.03000000,-0.00076050,USDT,0.00000000,0.00000000,0.02923950,94.33868225,USDT
3136680664404844544,3136680664371290112,2025-12-17 17:46:08,Swap,NEAR-USDT-SWAP,Buy,1,cont,1.52000000,0.31000000,-0.00760000,USDT,0.00000000,0.00000000,0.30240000,94.28020325,USDT
3136680571089969152,3136680570855088128,2025-12-17 17:46:05,Swap,ETH-USDT-SWAP,Buy,0.09,cont,2905.02000000,0.37539000,-0.01307259,USDT,0.00000000,0.00000000,0.36231741,93.97780325,USDT
3136590039319830529,3136590039286276096,2025-12-17 17:01:07,Swap,NEAR-USDT-SWAP,Sell,1.3,cont,1.55100000,0.00000000,-0.01008150,USDT,0.00000000,0.00000000,-0.01008150,93.61548584,USDT
3136589818196123649,3136589818162569216,2025-12-17 17:01:00,Swap,XRP-USDT-SWAP,Sell,0.05,cont,1.92110000,0.00000000,-0.00480275,USDT,0.00000000,0.00000000,-0.00480275,93.63517284,USDT
3136589818196123650,3136589818162569216,2025-12-17 17:01:00,Swap,XRP-USDT-SWAP,Sell,0.1,cont,1.92110000,0.00000000,-0.00960550,USDT,0.00000000,0.00000000,-0.00960550,93.62556734,USDT
3136589559927660545,3136589559860551680,2025-12-17 17:00:53,Swap,SUI-USDT-SWAP,Sell,16,cont,1.49130000,0.00000000,-0.01193040,USDT,0.00000000,0.00000000,-0.01193040,93.63997559,USDT
3136589320919441409,3136589320885886976,2025-12-17 17:00:46,Swap,SOL-USDT-SWAP,Sell,0.19,cont,129.22000000,0.00000000,-0.01227590,USDT,0.00000000,0.00000000,-0.01227590,93.65190599,USDT
3136588999434428417,3136588999367319552,2025-12-17 17:00:36,Swap,ETH-USDT-SWAP,Sell,0.09,cont,2946.73000000,0.00000000,-0.01326029,USDT,0.00000000,0.00000000,-0.01326029,93.66418189,USDT
3136588732341149698,3136588732307595264,2025-12-17 17:00:28,Swap,BTC-USDT-SWAP,Sell,0.03,cont,87644.90000000,0.00000000,-0.01314674,USDT,0.00000000,0.00000000,-0.01314674,93.67744217,USDT
3136588732341149697,3136588732307595264,2025-12-17 17:00:28,Swap,BTC-USDT-SWAP,Sell,0.02,cont,87644.90000000,0.00000000,-0.00876449,USDT,0.00000000,0.00000000,-0.00876449,93.69058891,USDT
3136346184263655446,0,2025-12-17 15:00:00,Swap,MINA-USDT-SWAP,Funding fee expense,10617,cont,0.08230000,-0.04368896,0.00000000,USDT,-0.04368896,132.53497425,0.00000000,93.69935340,USDT
3136051829854429184,3136051829820874752,2025-12-17 12:33:47,Swap,SOL-USDT-SWAP,Buy,0.16,cont,125.99000000,0.34560000,-0.01007920,USDT,0.00000000,0.00000000,0.33552080,93.69935340,USDT
3136039448101249024,3136039448034140160,2025-12-17 12:27:38,Swap,NEAR-USDT-SWAP,Buy,0.3,cont,1.52900000,0.09600000,-0.00229350,USDT,0.00000000,0.00000000,0.09370650,93.36383260,USDT
3135863023595413598,0,2025-12-17 11:00:00,Swap,SOL-USDT-SWAP,Funding fee income,0.16,cont,128.21000000,0.00205136,0.00000000,USDT,0.00000000,0.00000000,0.00205136,93.27012610,USDT
3135863019669544976,0,2025-12-17 11:00:00,Swap,NEAR-USDT-SWAP,Funding fee income,0.3,cont,1.54600000,0.00046380,0.00000000,USDT,0.00000000,0.00000000,0.00046380,93.26807474,USDT
3135863003026546720,0,2025-12-17 11:00:00,Swap,MINA-USDT-SWAP,Funding fee expense,10617,cont,0.08320000,-0.04416672,0.00000000,USDT,-0.04416672,132.57866320,0.00000000,93.26761094,USDT
3135598288924827651,3135598288857718784,2025-12-17 08:48:31,Swap,ETH-USDT-SWAP,Buy,0.07,cont,2929.00000000,0.14959000,-0.01025150,USDT,0.00000000,0.00000000,0.13933850,93.26761094,USDT
3135598288924827648,3135598288857718784,2025-12-17 08:48:31,Swap,ETH-USDT-SWAP,Buy,0.01,cont,2929.00000000,0.02137000,-0.00146450,USDT,0.00000000,0.00000000,0.01990550,93.08846144,USDT
3135598288924827650,3135598288857718784,2025-12-17 08:48:31,Swap,ETH-USDT-SWAP,Buy,0.01,cont,2929.00000000,0.02137000,-0.00146450,USDT,0.00000000,0.00000000,0.01990550,93.12827244,USDT
3135598288924827649,3135598288857718784,2025-12-17 08:48:31,Swap,ETH-USDT-SWAP,Buy,0.01,cont,2929.00000000,0.02137000,-0.00146450,USDT,0.00000000,0.00000000,0.01990550,93.10836694,USDT
3135594643537780736,3135594643504226304,2025-12-17 08:46:42,Swap,XRP-USDT-SWAP,Buy,0.13,cont,1.91490000,0.16120000,-0.01244685,USDT,0.00000000,0.00000000,0.14875315,93.06855594,USDT
3135517165582540800,3135517165548986368,2025-12-17 08:08:13,Swap,NEAR-USDT-SWAP,Buy,1,cont,1.54600000,0.15000000,-0.00773000,USDT,0.00000000,0.00000000,0.14227000,92.91980279,USDT
3135502649230614528,3135502649197060096,2025-12-17 08:01:00,Swap,BTC-USDT-SWAP,Buy,0.06,cont,86576.10000000,0.50316000,-0.02597283,USDT,0.00000000,0.00000000,0.47718717,92.77753279,USDT
3135380713196478465,3135380713162924032,2025-12-17 07:00:26,Swap,SOL-USDT-SWAP,Sell,0.16,cont,128.15000000,0.00000000,-0.01025200,USDT,0.00000000,0.00000000,-0.01025200,92.30034562,USDT
3135379816957599766,0,2025-12-17 07:00:00,Swap,MINA-USDT-SWAP,Funding fee income,10617,cont,0.08420000,0.47865335,0.00000000,USDT,0.47865336,132.62282992,0.00000000,92.31059762,USDT
3135340737251500032,3135340737217945600,2025-12-17 06:40:35,Swap,SUI-USDT-SWAP,Buy,16,cont,1.48700000,0.28160000,-0.01189600,USDT,0.00000000,0.00000000,0.26970400,92.31059762,USDT
3135259656825331713,3135259656791777280,2025-12-17 06:00:19,Swap,BTC-USDT-SWAP,Sell,0.06,cont,87414.70000000,0.00000000,-0.02622441,USDT,0.00000000,0.00000000,-0.02622441,92.04089362,USDT
3135240234278576128,3135240234211467264,2025-12-17 05:50:40,Swap,BTC-USDT-SWAP,Buy,0.06,cont,87510.10000000,0.07800000,-0.02625303,USDT,0.00000000,0.00000000,0.05174697,92.06711803,USDT
3135139665102757890,3135139665035649024,2025-12-17 05:00:43,Swap,NEAR-USDT-SWAP,Sell,1.3,cont,1.56100000,0.00000000,-0.01014650,USDT,0.00000000,0.00000000,-0.01014650,92.01537106,USDT
3135054469896593408,3135054469829484544,2025-12-17 04:18:24,Swap,SOL-USDT-SWAP,Buy,0.21,cont,129.52000000,-0.28770000,-0.01359960,USDT,0.00000000,0.00000000,-0.30129960,92.02551756,USDT
3134896683904655450,0,2025-12-17 03:00:01,Swap,SUI-USDT-SWAP,Funding fee income,16,cont,1.51080000,0.00241728,0.00000000,USDT,0.00000000,0.00000000,0.00241728,92.32681716,USDT
3134896680985419852,0,2025-12-17 03:00:01,Swap,XRP-USDT-SWAP,Funding fee income,0.13,cont,1.92840000,0.00000513,0.00000000,USDT,0.00000000,0.00000000,0.00000514,92.32439988,USDT
3134896655886704726,0,2025-12-17 03:00:00,Swap,SOL-USDT-SWAP,Funding fee income,0.21,cont,129.03000000,0.00146053,0.00000000,USDT,0.00000000,0.00000000,0.00146054,92.32439474,USDT
3134896651054866488,0,2025-12-17 03:00:00,Swap,ETH-USDT-SWAP,Funding fee expense,0.1,cont,2960.96000000,-0.00049460,0.00000000,USDT,0.00000000,0.00000000,-0.00049460,92.32293420,USDT
3134896634344759328,0,2025-12-17 03:00:00,Swap,MINA-USDT-SWAP,Funding fee income,10617,cont,0.08490000,0.07238507,0.00000000,USDT,0.07238507,132.14417657,0.00000000,92.32342880,USDT
3134896633103245410,0,2025-12-17 03:00:00,Swap,BTC-USDT-SWAP,Funding fee income,0.06,cont,87824.00000000,0.00147749,0.00000000,USDT,0.00000000,0.00000000,0.00147749,92.32342880,USDT
3134836811557232641,3134836811490123776,2025-12-17 02:30:17,Swap,BTC-USDT-SWAP,Sell,0.06,cont,87640.10000000,0.00000000,-0.02629203,USDT,0.00000000,0.00000000,-0.02629203,92.32195130,USDT
3134807039078817795,3134807039045263360,2025-12-17 02:15:30,Swap,SUI-USDT-SWAP,Sell,1,cont,1.50460000,0.00000000,-0.00075230,USDT,0.00000000,0.00000000,-0.00075230,92.35802323,USDT
3134807039078817794,3134807039045263360,2025-12-17 02:15:30,Swap,SUI-USDT-SWAP,Sell,1,cont,1.50460000,0.00000000,-0.00075230,USDT,0.00000000,0.00000000,-0.00075230,92.35877553,USDT
3134807039078817793,3134807039045263360,2025-12-17 02:15:30,Swap,SUI-USDT-SWAP,Sell,1,cont,1.50460000,0.00000000,-0.00075230,USDT,0.00000000,0.00000000,-0.00075230,92.35952783,USDT
3134807039078817796,3134807039045263360,2025-12-17 02:15:30,Swap,SUI-USDT-SWAP,Sell,1,cont,1.50460000,0.00000000,-0.00075230,USDT,0.00000000,0.00000000,-0.00075230,92.35727093,USDT
3134807039078817800,3134807039045263360,2025-12-17 02:15:30,Swap,SUI-USDT-SWAP,Sell,1,cont,1.50460000,0.00000000,-0.00075230,USDT,0.00000000,0.00000000,-0.00075230,92.35426173,USDT
3134807039078817798,3134807039045263360,2025-12-17 02:15:30,Swap,SUI-USDT-SWAP,Sell,1,cont,1.50460000,0.00000000,-0.00075230,USDT,0.00000000,0.00000000,-0.00075230,92.35576633,USDT
3134807039078817801,3134807039045263360,2025-12-17 02:15:30,Swap,SUI-USDT-SWAP,Sell,8,cont,1.50460000,0.00000000,-0.00601840,USDT,0.00000000,0.00000000,-0.00601840,92.34824333,USDT
3134807039078817799,3134807039045263360,2025-12-17 02:15:30,Swap,SUI-USDT-SWAP,Sell,1,cont,1.50460000,0.00000000,-0.00075230,USDT,0.00000000,0.00000000,-0.00075230,92.35501403,USDT
3134807039078817797,3134807039045263360,2025-12-17 02:15:30,Swap,SUI-USDT-SWAP,Sell,1,cont,1.50460000,0.00000000,-0.00075230,USDT,0.00000000,0.00000000,-0.00075230,92.35651863,USDT
3134595931772542978,3134595931738988544,2025-12-17 00:30:38,Swap,XRP-USDT-SWAP,Sell,0.13,cont,1.92730000,0.00000000,-0.01252745,USDT,0.00000000,0.00000000,-0.01252745,92.36028013,USDT
3134595593845858305,3134595593778749440,2025-12-17 00:30:28,Swap,SOL-USDT-SWAP,Sell,0.21,cont,128.15000000,0.00000000,-0.01345575,USDT,0.00000000,0.00000000,-0.01345575,92.37280758,USDT
3134595369802915841,3134595369769361408,2025-12-17 00:30:21,Swap,ETH-USDT-SWAP,Sell,0.1,cont,2950.37000000,0.00000000,-0.01475185,USDT,0.00000000,0.00000000,-0.01475185,92.38626333,USDT
3134475297885249536,3134475297851695104,2025-12-16 23:30:43,Swap,SOL-USDT-SWAP,Buy,0.22,cont,127.88000000,-0.05280000,-0.01406680,USDT,0.00000000,0.00000000,-0.06686680,92.40101518,USDT
3134444551221010433,3134444551187456000,2025-12-16 23:15:27,Swap,SOL-USDT-SWAP,Sell,0.22,cont,127.64000000,0.00000000,-0.01404040,USDT,0.00000000,0.00000000,-0.01404040,92.46788198,USDT
3134413448913346582,0,2025-12-16 23:00:00,Swap,MINA-USDT-SWAP,Funding fee income,10617,cont,0.08470000,0.13254488,0.00000000,USDT,0.13254488,132.07179149,0.00000000,92.48192238,USDT
3134408897019764736,3134408896986210304,2025-12-16 22:57:44,Swap,SUI-USDT-SWAP,Buy,15,cont,1.50950000,-0.04800000,-0.01132125,USDT,0.00000000,0.00000000,-0.05932125,92.48192238,USDT
3134408831051751424,3134408831018196992,2025-12-16 22:57:42,Swap,SOL-USDT-SWAP,Buy,0.19,cont,127.62000000,-0.11780000,-0.01212390,USDT,0.00000000,0.00000000,-0.12992390,92.54124363,USDT
3134408756024041472,3134408755956932609,2025-12-16 22:57:40,Swap,ETH-USDT-SWAP,Buy,0.09,cont,2944.81000000,-0.12240000,-0.01325165,USDT,0.00000000,0.00000000,-0.13565165,92.67116753,USDT
3134408685257744384,3134408685224189952,2025-12-16 22:57:38,Swap,BTC-USDT-SWAP,Buy,0.05,cont,87603.30000000,-0.10400000,-0.02190083,USDT,0.00000000,0.00000000,-0.12590083,92.80681918,USDT
3134384255617982465,3134384255584428032,2025-12-16 22:45:30,Swap,SUI-USDT-SWAP,Sell,15,cont,1.50630000,0.00000000,-0.01129725,USDT,0.00000000,0.00000000,-0.01129725,92.93272000,USDT
3134354112564420609,3134354112497311744,2025-12-16 22:30:31,Swap,SOL-USDT-SWAP,Sell,0.19,cont,127.00000000,0.00000000,-0.01206500,USDT,0.00000000,0.00000000,-0.01206500,92.94401725,USDT
3134353875435249665,3134353875401695232,2025-12-16 22:30:24,Swap,ETH-USDT-SWAP,Sell,0.09,cont,2931.21000000,0.00000000,-0.01319045,USDT,0.00000000,0.00000000,-0.01319045,92.95608225,USDT
3134353661391527937,3134353661324419072,2025-12-16 22:30:18,Swap,BTC-USDT-SWAP,Sell,0.05,cont,87395.30000000,0.00000000,-0.02184883,USDT,0.00000000,0.00000000,-0.02184883,92.96927270,USDT
3134223540793892864,3134223540760338432,2025-12-16 21:25:40,Swap,BTC-USDT-SWAP,Buy,0.05,cont,87432.00000000,0.05425000,-0.02185800,USDT,0.00000000,0.00000000,0.03239200,92.99112152,USDT
3134223462981165057,3134223462914056192,2025-12-16 21:25:38,Swap,SUI-USDT-SWAP,Buy,1,cont,1.50600000,-0.00050000,-0.00075300,USDT,0.00000000,0.00000000,-0.00125300,92.97752452,USDT
3134223462981165059,3134223462914056192,2025-12-16 21:25:38,Swap,SUI-USDT-SWAP,Buy,1,cont,1.50600000,-0.00050000,-0.00075300,USDT,0.00000000,0.00000000,-0.00125300,92.97501852,USDT
3134223462981165063,3134223462914056192,2025-12-16 21:25:38,Swap,SUI-USDT-SWAP,Buy,10,cont,1.50600000,-0.00500000,-0.00753000,USDT,0.00000000,0.00000000,-0.01253000,92.95872952,USDT
3134223462981165056,3134223462914056192,2025-12-16 21:25:38,Swap,SUI-USDT-SWAP,Buy,1,cont,1.50600000,-0.00050000,-0.00075300,USDT,0.00000000,0.00000000,-0.00125300,92.97877752,USDT
3134223462981165061,3134223462914056192,2025-12-16 21:25:38,Swap,SUI-USDT-SWAP,Buy,1,cont,1.50600000,-0.00050000,-0.00075300,USDT,0.00000000,0.00000000,-0.00125300,92.97251252,USDT
3134223462981165062,3134223462914056192,2025-12-16 21:25:38,Swap,SUI-USDT-SWAP,Buy,1,cont,1.50600000,-0.00050000,-0.00075300,USDT,0.00000000,0.00000000,-0.00125300,92.97125952,USDT
3134223462981165058,3134223462914056192,2025-12-16 21:25:38,Swap,SUI-USDT-SWAP,Buy,1,cont,1.50600000,-0.00050000,-0.00075300,USDT,0.00000000,0.00000000,-0.00125300,92.97627152,USDT
3134223462981165060,3134223462914056192,2025-12-16 21:25:38,Swap,SUI-USDT-SWAP,Buy,1,cont,1.50600000,-0.00050000,-0.00075300,USDT,0.00000000,0.00000000,-0.00125300,92.97376552,USDT
3134223354835230720,3134223354768121856,2025-12-16 21:25:34,Swap,ETH-USDT-SWAP,Buy,0.1,cont,2930.75000000,0.02280000,-0.01465375,USDT,0.00000000,0.00000000,0.00814625,92.98003052,USDT
3134223273734168576,3134223273700614144,2025-12-16 21:25:32,Swap,SOL-USDT-SWAP,Buy,0.21,cont,127.43000000,0.13230000,-0.01338015,USDT,0.00000000,0.00000000,0.11891985,92.97188427,USDT
3134051753644777473,3134051753577668608,2025-12-16 20:00:20,Swap,BTC-USDT-SWAP,Sell,0.05,cont,87540.50000000,0.00000000,-0.02188513,USDT,0.00000000,0.00000000,-0.02188513,92.85296442,USDT
3134022304899522561,3134022304865968128,2025-12-16 19:45:43,Swap,SUI-USDT-SWAP,Sell,17,cont,1.50550000,0.00000000,-0.01279675,USDT,0.00000000,0.00000000,-0.01279675,92.87484955,USDT
3134021907245948929,3134021907178840064,2025-12-16 19:45:31,Swap,SOL-USDT-SWAP,Sell,0.21,cont,128.06000000,0.00000000,-0.01344630,USDT,0.00000000,0.00000000,-0.01344630,92.88764630,USDT
3134021678908039169,3134021678840930304,2025-12-16 19:45:24,Swap,ETH-USDT-SWAP,Sell,0.1,cont,2933.03000000,0.00000000,-0.01466515,USDT,0.00000000,0.00000000,-0.01466515,92.90109260,USDT
3134012242999107584,3134012242965553152,2025-12-16 19:40:43,Swap,SOL-USDT-SWAP,Buy,0.21,cont,127.85000000,0.14280000,-0.01342425,USDT,0.00000000,0.00000000,0.12937575,92.91575775,USDT
3134012184849276928,3134012184782168064,2025-12-16 19:40:41,Swap,ETH-USDT-SWAP,Buy,0.1,cont,2923.90000000,0.22550000,-0.01461950,USDT,0.00000000,0.00000000,0.21088050,92.78638200,USDT
3133995265396039683,3133995265362485248,2025-12-16 19:32:17,Swap,SOL-USDT-SWAP,Sell,0.13,cont,128.53000000,0.00000000,-0.00835445,USDT,0.00000000,0.00000000,-0.00835445,92.57550150,USDT
3133995265396039682,3133995265362485248,2025-12-16 19:32:17,Swap,SOL-USDT-SWAP,Sell,0.01,cont,128.53000000,0.00000000,-0.00064265,USDT,0.00000000,0.00000000,-0.00064265,92.58385595,USDT
3133995265396039681,3133995265362485248,2025-12-16 19:32:17,Swap,SOL-USDT-SWAP,Sell,0.07,cont,128.53000000,0.00000000,-0.00449855,USDT,0.00000000,0.00000000,-0.00449855,92.58449860,USDT
3133995047124459521,3133995047090905088,2025-12-16 19:32:10,Swap,ETH-USDT-SWAP,Sell,0.1,cont,2946.45000000,0.00000000,-0.01473225,USDT,0.00000000,0.00000000,-0.01473225,92.58899715,USDT
3133994285740843008,3133994285707288576,2025-12-16 19:31:48,Swap,SOL-USDT-SWAP,Buy,0.21,cont,128.58000000,0.00000000,-0.01350090,USDT,0.00000000,0.00000000,-0.01350090,92.60372940,USDT
3133994253562142720,3133994253528588288,2025-12-16 19:31:47,Swap,ETH-USDT-SWAP,Buy,0.1,cont,2945.28000000,-0.01380000,-0.01472640,USDT,0.00000000,0.00000000,-0.02852640,92.61723030,USDT
3133991816168202241,3133991816134647808,2025-12-16 19:30:34,Swap,SOL-USDT-SWAP,Sell,0.21,cont,128.58000000,0.00000000,-0.01350090,USDT,0.00000000,0.00000000,-0.01350090,92.64575670,USDT
3133991579810783233,3133991579777228800,2025-12-16 19:30:27,Swap,ETH-USDT-SWAP,Sell,0.1,cont,2943.90000000,0.00000000,-0.01471950,USDT,0.00000000,0.00000000,-0.01471950,92.65925760,USDT
3133979809587126272,3133979809553571840,2025-12-16 19:24:36,Swap,BTC-USDT-SWAP,Buy,0.05,cont,87850.60000000,0.04770000,-0.02196265,USDT,0.00000000,0.00000000,0.02573735,92.67397710,USDT
3133979737411543044,3133979737344434176,2025-12-16 19:24:34,Swap,SOL-USDT-SWAP,Buy,0.01,cont,128.88000000,0.00780000,-0.00064440,USDT,0.00000000,0.00000000,0.00715560,92.61961735,USDT
3133979737411543047,3133979737344434176,2025-12-16 19:24:34,Swap,SOL-USDT-SWAP,Buy,0.02,cont,128.88000000,0.01560000,-0.00128880,USDT,0.00000000,0.00000000,0.01431120,92.64823975,USDT
3133979737411543046,3133979737344434176,2025-12-16 19:24:34,Swap,SOL-USDT-SWAP,Buy,0.01,cont,128.88000000,0.00780000,-0.00064440,USDT,0.00000000,0.00000000,0.00715560,92.63392855,USDT
3133979737411543045,3133979737344434176,2025-12-16 19:24:34,Swap,SOL-USDT-SWAP,Buy,0.01,cont,128.88000000,0.00780000,-0.00064440,USDT,0.00000000,0.00000000,0.00715560,92.62677295,USDT
3133979737411543041,3133979737344434176,2025-12-16 19:24:34,Swap,SOL-USDT-SWAP,Buy,0.06,cont,128.88000000,0.04680000,-0.00386640,USDT,0.00000000,0.00000000,0.04293360,92.59815055,USDT
3133979737411543042,3133979737344434176,2025-12-16 19:24:34,Swap,SOL-USDT-SWAP,Buy,0.01,cont,128.88000000,0.00780000,-0.00064440,USDT,0.00000000,0.00000000,0.00715560,92.60530615,USDT
3133979737411543040,3133979737344434176,2025-12-16 19:24:34,Swap,SOL-USDT-SWAP,Buy,0.07,cont,128.88000000,0.05460000,-0.00451080,USDT,0.00000000,0.00000000,0.05008920,92.55521695,USDT
3133979737411543043,3133979737344434176,2025-12-16 19:24:34,Swap,SOL-USDT-SWAP,Buy,0.01,cont,128.88000000,0.00780000,-0.00064440,USDT,0.00000000,0.00000000,0.00715560,92.61246175,USDT
3133979694797414400,3133979694763859968,2025-12-16 19:24:33,Swap,GRT-USDT-SWAP,Sell,21,cont,0.03893000,-0.02520000,-0.00408765,USDT,0.00000000,0.00000000,-0.02928765,92.50512775,USDT
3133979638761512960,3133979638694404096,2025-12-16 19:24:31,Swap,SUI-USDT-SWAP,Buy,16,cont,1.51850000,0.05600000,-0.01214800,USDT,0.00000000,0.00000000,0.04385200,92.53441540,USDT
3133979572055302144,3133979571988193280,2025-12-16 19:24:29,Swap,ARKM-USDT-SWAP,Sell,37,cont,0.19850000,-0.02960000,-0.00367225,USDT,0.00000000,0.00000000,-0.03327225,92.49056340,USDT
3133979503939805184,3133979503906250753,2025-12-16 19:24:27,Swap,ETH-USDT-SWAP,Buy,0.08,cont,2946.15000000,0.00400000,-0.01178460,USDT,0.00000000,0.00000000,-0.00778460,92.52383565,USDT
3133961129230852097,3133961129197297664,2025-12-16 19:15:19,Swap,ETH-USDT-SWAP,Sell,0.08,cont,2946.65000000,0.00000000,-0.01178660,USDT,0.00000000,0.00000000,-0.01178660,92.53162025,USDT
3133936923097161729,3133936923030052864,2025-12-16 19:03:18,Swap,ARKM-USDT-SWAP,Buy,37,cont,0.19930000,0.00000000,-0.00368705,USDT,0.00000000,0.00000000,-0.00368705,92.54340685,USDT
3133931915534393345,3133931915500838912,2025-12-16 19:00:49,Swap,SUI-USDT-SWAP,Sell,16,cont,1.52200000,0.00000000,-0.01217600,USDT,0.00000000,0.00000000,-0.01217600,92.54709390,USDT
3133931605189451778,3133931605122342912,2025-12-16 19:00:40,Swap,GRT-USDT-SWAP,Buy,19,cont,0.03905000,0.00000000,-0.00370975,USDT,0.00000000,0.00000000,-0.00370975,92.55926990,USDT
3133931605189451777,3133931605122342912,2025-12-16 19:00:40,Swap,GRT-USDT-SWAP,Buy,2,cont,0.03905000,0.00000000,-0.00039050,USDT,0.00000000,0.00000000,-0.00039050,92.56297965,USDT
3133931434498056195,3133931434464501760,2025-12-16 19:00:34,Swap,SOL-USDT-SWAP,Sell,0.01,cont,129.66000000,0.00000000,-0.00064830,USDT,0.00000000,0.00000000,-0.00064830,92.57374295,USDT
3133931434498056194,3133931434464501760,2025-12-16 19:00:34,Swap,SOL-USDT-SWAP,Sell,0.01,cont,129.66000000,0.00000000,-0.00064830,USDT,0.00000000,0.00000000,-0.00064830,92.57439125,USDT
3133931434498056193,3133931434464501760,2025-12-16 19:00:34,Swap,SOL-USDT-SWAP,Sell,0.02,cont,129.66000000,0.00000000,-0.00129660,USDT,0.00000000,0.00000000,-0.00129660,92.57503955,USDT
3133931434498056197,3133931434464501760,2025-12-16 19:00:34,Swap,SOL-USDT-SWAP,Sell,0.05,cont,129.66000000,0.00000000,-0.00324150,USDT,0.00000000,0.00000000,-0.00324150,92.56920485,USDT
3133931434498056199,3133931434464501760,2025-12-16 19:00:34,Swap,SOL-USDT-SWAP,Sell,0.01,cont,129.66000000,0.00000000,-0.00064830,USDT,0.00000000,0.00000000,-0.00064830,92.56725995,USDT
3133931434498056196,3133931434464501760,2025-12-16 19:00:34,Swap,SOL-USDT-SWAP,Sell,0.02,cont,129.66000000,0.00000000,-0.00129660,USDT,0.00000000,0.00000000,-0.00129660,92.57244635,USDT
3133931434498056198,3133931434464501760,2025-12-16 19:00:34,Swap,SOL-USDT-SWAP,Sell,0.02,cont,129.66000000,0.00000000,-0.00129660,USDT,0.00000000,0.00000000,-0.00129660,92.56790825,USDT
3133931434498056200,3133931434464501760,2025-12-16 19:00:34,Swap,SOL-USDT-SWAP,Sell,0.06,cont,129.66000000,0.00000000,-0.00388980,USDT,0.00000000,0.00000000,-0.00388980,92.56337015,USDT
3133931067379015681,3133931067345461248,2025-12-16 19:00:24,Swap,BTC-USDT-SWAP,Sell,0.05,cont,87946.00000000,0.00000000,-0.02198650,USDT,0.00000000,0.00000000,-0.02198650,92.57633615,USDT
3133930266938040346,0,2025-12-16 19:00:00,Swap,MINA-USDT-SWAP,Funding fee expense,10617,cont,0.08360000,-0.04437906,0.00000000,USDT,-0.04437906,131.93924661,0.00000000,92.59832265,USDT
